layer,k,complex_mode,betti_1_fraction_target,random_tangent_reference,token_selector,selector_component,component,baseline_component,family,prompt_id,position_bin,metric,contrast_type,position_bin_center,response_power,response_coefficient,response_rmse,relative_response_rmse,n_alpha_magnitudes,min_alpha_abs,max_alpha_abs,n_tokens,token_set,mean_position_frac,min_null_seeds,max_null_seeds
7,16,matched_betti,0.5,max_full_branch_node_speed,all_interior,coexact,coexact,random_tangent,identity_stress,identity_01,0,next_token_logprob_delta,even,0.041666666666666664,2,-0.16516700015384758,0.006810389787965094,0.06899408285985009,3,0.25,1.0,2,"1,2",0.04411764705882352,8,8
7,16,matched_betti,0.5,max_full_branch_node_speed,all_interior,coexact,coexact,random_tangent,identity_stress,identity_02,0,next_token_logprob_delta,even,0.041666666666666664,2,0.09741793914988713,0.01499969440486696,0.25004770477498633,3,0.25,1.0,2,"1,2",0.04838709677419354,8,8
7,16,matched_betti,0.5,max_full_branch_node_speed,all_interior,coexact,coexact,random_tangent,identity_stress,identity_03,0,next_token_logprob_delta,even,0.041666666666666664,2,0.08843344336056372,0.002294340612254167,0.04347402481509782,3,0.25,1.0,2,"1,2",0.04838709677419354,8,8
7,16,matched_betti,0.5,max_full_branch_node_speed,all_interior,coexact,coexact,random_tangent,identity_stress,identity_04,0,next_token_logprob_delta,even,0.041666666666666664,2,0.0077178780902947925,0.007128535218424231,0.8401658034322562,3,0.25,1.0,2,"1,2",0.05357142857142857,8,8
7,16,matched_betti,0.5,max_full_branch_node_speed,all_interior,coexact,coexact,random_tangent,identity_stress,identity_05,0,next_token_logprob_delta,even,0.041666666666666664,2,0.32128557018102366,0.007819631932870792,0.040788038111710154,3,0.25,1.0,2,"1,2",0.05357142857142857,8,8
7,16,matched_betti,0.5,max_full_branch_node_speed,all_interior,coexact,coexact,random_tangent,literal_stable,literal_01,0,next_token_logprob_delta,even,0.041666666666666664,2,-0.028278346151563962,0.007601272565067775,0.41100858726830647,3,0.25,1.0,2,"1,2",0.04545454545454545,8,8
7,16,matched_betti,0.5,max_full_branch_node_speed,all_interior,coexact,coexact,random_tangent,literal_stable,literal_02,0,next_token_logprob_delta,even,0.041666666666666664,2,0.05344936451180626,0.00614521574938754,0.1893500411616031,3,0.25,1.0,2,"1,2",0.05357142857142857,8,8
7,16,matched_betti,0.5,max_full_branch_node_speed,all_interior,coexact,coexact,random_tangent,literal_stable,literal_03,0,next_token_logprob_delta,even,0.041666666666666664,2,-0.19250621716032987,0.0055076318306310585,0.0479313847294041,3,0.25,1.0,2,"1,2",0.05555555555555555,8,8
7,16,matched_betti,0.5,max_full_branch_node_speed,all_interior,coexact,coexact,random_tangent,literal_stable,literal_04,0,next_token_logprob_delta,even,0.041666666666666664,2,-0.008201963559640724,0.014979712755825856,0.950628405134346,3,0.25,1.0,2,"1,2",0.06,8,8
7,16,matched_betti,0.5,max_full_branch_node_speed,all_interior,coexact,coexact,random_tangent,literal_stable,literal_05,0,next_token_logprob_delta,even,0.041666666666666664,2,-0.16087928446939442,0.028732831253267976,0.28695738683475563,3,0.25,1.0,2,"1,2",0.05769230769230769,8,8
7,16,matched_betti,0.5,max_full_branch_node_speed,all_interior,coexact,coexact,random_tangent,metaphor_shift,metaphor_01,0,next_token_logprob_delta,even,0.041666666666666664,2,-0.3397502181222574,0.016819266082453946,0.08274745246282363,3,0.25,1.0,2,"1,2",0.04411764705882352,8,8
7,16,matched_betti,0.5,max_full_branch_node_speed,all_interior,coexact,coexact,random_tangent,metaphor_shift,metaphor_02,0,next_token_logprob_delta,even,0.041666666666666664,2,-0.5735058646282107,0.02804655270264956,0.08174945225665818,3,0.25,1.0,2,"1,2",0.05172413793103448,8,8
7,16,matched_betti,0.5,max_full_branch_node_speed,all_interior,coexact,coexact,random_tangent,metaphor_shift,metaphor_03,0,next_token_logprob_delta,even,0.041666666666666664,2,0.062296621355129964,0.014875138963983799,0.3717858385832051,3,0.25,1.0,2,"1,2",0.05000000000000001,8,8
7,16,matched_betti,0.5,max_full_branch_node_speed,all_interior,coexact,coexact,random_tangent,metaphor_shift,metaphor_04,0,next_token_logprob_delta,even,0.041666666666666664,2,0.14306657447293028,0.015710398525547262,0.18113574958041337,3,0.25,1.0,2,"1,2",0.05357142857142857,8,8
7,16,matched_betti,0.5,max_full_branch_node_speed,all_interior,coexact,coexact,random_tangent,metaphor_shift,metaphor_05,0,next_token_logprob_delta,even,0.041666666666666664,2,-0.06479452464539068,0.00871069999755021,0.21996075017034153,3,0.25,1.0,2,"1,2",0.05555555555555555,8,8
7,16,matched_betti,0.5,max_full_branch_node_speed,all_interior,coexact,coexact,random_tangent,ontology_collapse,ontology_01,0,next_token_logprob_delta,even,0.041666666666666664,2,0.19486237755117763,0.01884313247100744,0.16009804698395672,3,0.25,1.0,2,"1,2",0.04838709677419354,8,8
7,16,matched_betti,0.5,max_full_branch_node_speed,all_interior,coexact,coexact,random_tangent,ontology_collapse,ontology_02,0,next_token_logprob_delta,even,0.041666666666666664,2,0.40743338835177373,1.9507502838760062e-05,8.030532576613496e-05,3,0.25,1.0,2,"1,2",0.05357142857142857,8,8
7,16,matched_betti,0.5,max_full_branch_node_speed,all_interior,coexact,coexact,random_tangent,ontology_collapse,ontology_03,0,next_token_logprob_delta,even,0.041666666666666664,2,-0.2329343174419747,0.043106873721843526,0.29644144066106193,3,0.25,1.0,2,"1,2",0.05172413793103448,8,8
7,16,matched_betti,0.5,max_full_branch_node_speed,all_interior,coexact,coexact,random_tangent,ontology_collapse,ontology_04,0,next_token_logprob_delta,even,0.041666666666666664,2,0.7732435815672571,0.05041548543364279,0.1087089906675989,3,0.25,1.0,2,"1,2",0.05172413793103448,8,8
7,16,matched_betti,0.5,max_full_branch_node_speed,all_interior,coexact,coexact,random_tangent,ontology_collapse,ontology_05,0,next_token_logprob_delta,even,0.041666666666666664,2,-0.0038577485305719425,0.011486157286297125,0.9805346079296823,3,0.25,1.0,2,"1,2",0.05357142857142857,8,8
7,16,matched_betti,0.5,max_full_branch_node_speed,all_interior,coexact,coexact,random_tangent,identity_stress,identity_01,1,next_token_logprob_delta,even,0.125,2,-0.27851768254199355,0.010641119050667577,0.0639504986148945,3,0.25,1.0,3,"3,4,5",0.11764705882352942,8,8
7,16,matched_betti,0.5,max_full_branch_node_speed,all_interior,coexact,coexact,random_tangent,identity_stress,identity_02,1,next_token_logprob_delta,even,0.125,2,-0.14351303244547964,0.021722019949008204,0.24606266342525868,3,0.25,1.0,3,"3,4,5",0.12903225806451613,8,8
7,16,matched_betti,0.5,max_full_branch_node_speed,all_interior,coexact,coexact,random_tangent,identity_stress,identity_03,1,next_token_logprob_delta,even,0.125,2,0.009057694870222652,0.010372249388273963,0.886980881231909,3,0.25,1.0,3,"3,4,5",0.12903225806451613,8,8
7,16,matched_betti,0.5,max_full_branch_node_speed,all_interior,coexact,coexact,random_tangent,identity_stress,identity_04,1,next_token_logprob_delta,even,0.125,2,-0.07497350563631705,0.005555861173780071,0.1233428295248563,3,0.25,1.0,2,"3,4",0.125,8,8
7,16,matched_betti,0.5,max_full_branch_node_speed,all_interior,coexact,coexact,random_tangent,identity_stress,identity_05,1,next_token_logprob_delta,even,0.125,2,-0.2146067357357721,0.02651363796221804,0.20290644153410733,3,0.25,1.0,2,"3,4",0.125,8,8
7,16,matched_betti,0.5,max_full_branch_node_speed,all_interior,coexact,coexact,random_tangent,literal_stable,literal_01,1,next_token_logprob_delta,even,0.125,2,-0.3565821762026405,0.024762562400583363,0.1156935364542766,3,0.25,1.0,3,"3,4,5",0.12121212121212122,8,8
7,16,matched_betti,0.5,max_full_branch_node_speed,all_interior,coexact,coexact,random_tangent,literal_stable,literal_02,1,next_token_logprob_delta,even,0.125,2,-0.3194886560105846,0.009144191176074191,0.04795007594913042,3,0.25,1.0,2,"3,4",0.125,8,8
7,16,matched_betti,0.5,max_full_branch_node_speed,all_interior,coexact,coexact,random_tangent,literal_stable,literal_03,1,next_token_logprob_delta,even,0.125,2,0.4031795353929502,0.028656449682910843,0.11837469675117111,3,0.25,1.0,2,"3,4",0.12962962962962962,8,8
7,16,matched_betti,0.5,max_full_branch_node_speed,all_interior,coexact,coexact,random_tangent,literal_stable,literal_04,1,next_token_logprob_delta,even,0.125,2,-0.12970130837511376,0.004859016693071047,0.0627115670325579,3,0.25,1.0,2,"3,4",0.14,8,8
7,16,matched_betti,0.5,max_full_branch_node_speed,all_interior,coexact,coexact,random_tangent,literal_stable,literal_05,1,next_token_logprob_delta,even,0.125,2,-0.024640754798281653,0.00710274838386272,0.43527016839996246,3,0.25,1.0,2,"3,4",0.13461538461538464,8,8
7,16,matched_betti,0.5,max_full_branch_node_speed,all_interior,coexact,coexact,random_tangent,metaphor_shift,metaphor_01,1,next_token_logprob_delta,even,0.125,2,-0.07693359872025166,0.02489338706938697,0.4769914679613137,3,0.25,1.0,2,"3,5",0.1176470588235294,8,8
7,16,matched_betti,0.5,max_full_branch_node_speed,all_interior,coexact,coexact,random_tangent,metaphor_shift,metaphor_02,1,next_token_logprob_delta,even,0.125,2,-0.22642881449758528,0.012820033681909784,0.09453819113288393,3,0.25,1.0,2,"3,4",0.12068965517241377,8,8
7,16,matched_betti,0.5,max_full_branch_node_speed,all_interior,coexact,coexact,random_tangent,metaphor_shift,metaphor_03,1,next_token_logprob_delta,even,0.125,2,-0.08564587470164198,0.012297635271413374,0.234137829077299,3,0.25,1.0,2,"3,4",0.11666666666666665,8,8
7,16,matched_betti,0.5,max_full_branch_node_speed,all_interior,coexact,coexact,random_tangent,metaphor_shift,metaphor_04,1,next_token_logprob_delta,even,0.125,2,0.18755253426948837,0.013004197502664757,0.11551617236620083,3,0.25,1.0,2,"3,4",0.125,8,8
7,16,matched_betti,0.5,max_full_branch_node_speed,all_interior,coexact,coexact,random_tangent,metaphor_shift,metaphor_05,1,next_token_logprob_delta,even,0.125,2,0.09966066194766246,0.030476981897356564,0.45638494061521395,3,0.25,1.0,2,"3,4",0.12962962962962962,8,8
7,16,matched_betti,0.5,max_full_branch_node_speed,all_interior,coexact,coexact,random_tangent,ontology_collapse,ontology_01,1,next_token_logprob_delta,even,0.125,2,-0.1209967271044794,0.02456870682189207,0.3223873929240725,3,0.25,1.0,3,"3,4,5",0.12903225806451613,8,8
7,16,matched_betti,0.5,max_full_branch_node_speed,all_interior,coexact,coexact,random_tangent,ontology_collapse,ontology_02,1,next_token_logprob_delta,even,0.125,2,0.08135089552692118,0.02393036036609931,0.4424617016811465,3,0.25,1.0,2,"3,4",0.125,8,8
7,16,matched_betti,0.5,max_full_branch_node_speed,all_interior,coexact,coexact,random_tangent,ontology_collapse,ontology_03,1,next_token_logprob_delta,even,0.125,2,-0.36742503848235836,0.023091228215224986,0.10482820350619844,3,0.25,1.0,2,"3,4",0.12068965517241377,8,8
7,16,matched_betti,0.5,max_full_branch_node_speed,all_interior,coexact,coexact,random_tangent,ontology_collapse,ontology_04,1,next_token_logprob_delta,even,0.125,2,-0.4556880245846746,0.00910530289197121,0.03349517939923698,3,0.25,1.0,2,"3,4",0.12068965517241377,8,8
7,16,matched_betti,0.5,max_full_branch_node_speed,all_interior,coexact,coexact,random_tangent,ontology_collapse,ontology_05,1,next_token_logprob_delta,even,0.125,2,0.046383354606442335,0.006653815725051384,0.23393074789269308,3,0.25,1.0,2,"3,4",0.125,8,8
7,16,matched_betti,0.5,max_full_branch_node_speed,all_interior,coexact,coexact,random_tangent,identity_stress,identity_01,2,next_token_logprob_delta,even,0.20833333333333334,2,-0.04149747391337019,0.008619222578078373,0.3289821484506241,3,0.25,1.0,3,"6,7,8",0.2058823529411765,8,8
7,16,matched_betti,0.5,max_full_branch_node_speed,all_interior,coexact,coexact,random_tangent,identity_stress,identity_02,2,next_token_logprob_delta,even,0.20833333333333334,2,-0.24848180321336444,0.0213550514296454,0.142672278558303,3,0.25,1.0,2,"6,7",0.20967741935483866,8,8
7,16,matched_betti,0.5,max_full_branch_node_speed,all_interior,coexact,coexact,random_tangent,identity_stress,identity_03,2,next_token_logprob_delta,even,0.20833333333333334,2,0.20243589984136315,0.031134946651914883,0.24978718448247944,3,0.25,1.0,2,"6,7",0.20967741935483866,8,8
7,16,matched_betti,0.5,max_full_branch_node_speed,all_interior,coexact,coexact,random_tangent,identity_stress,identity_04,2,next_token_logprob_delta,even,0.20833333333333334,2,-0.2178516910781091,0.0071726506251347955,0.05513873953907167,3,0.25,1.0,2,"5,6",0.19642857142857142,8,8
7,16,matched_betti,0.5,max_full_branch_node_speed,all_interior,coexact,coexact,random_tangent,identity_stress,identity_05,2,next_token_logprob_delta,even,0.20833333333333334,2,-0.032150201310600444,0.010694674196006063,0.4872295725772611,3,0.25,1.0,2,"5,6",0.19642857142857142,8,8
7,16,matched_betti,0.5,max_full_branch_node_speed,all_interior,coexact,coexact,random_tangent,literal_stable,literal_01,2,next_token_logprob_delta,even,0.20833333333333334,2,0.2395696427476233,0.014500815694493204,0.1010027773833537,3,0.25,1.0,3,"6,7,8",0.21212121212121213,8,8
7,16,matched_betti,0.5,max_full_branch_node_speed,all_interior,coexact,coexact,random_tangent,literal_stable,literal_02,2,next_token_logprob_delta,even,0.20833333333333334,2,0.31970886550636735,0.01879526243139418,0.09812777360767455,3,0.25,1.0,2,"5,6",0.19642857142857142,8,8
7,16,matched_betti,0.5,max_full_branch_node_speed,all_interior,coexact,coexact,random_tangent,literal_stable,literal_03,2,next_token_logprob_delta,even,0.20833333333333334,2,0.4249659049953005,0.008434575686715884,0.03327115898167781,3,0.25,1.0,2,"5,6",0.2037037037037037,8,8
7,16,matched_betti,0.5,max_full_branch_node_speed,all_interior,coexact,coexact,random_tangent,literal_stable,literal_04,2,next_token_logprob_delta,even,0.20833333333333334,2,-0.3229778066381267,0.02438811313169377,0.12564620108445598,3,0.25,1.0,2,"5,6",0.22,8,8
7,16,matched_betti,0.5,max_full_branch_node_speed,all_interior,coexact,coexact,random_tangent,literal_stable,literal_05,2,next_token_logprob_delta,even,0.20833333333333334,2,0.03374095284311487,0.010813394827473616,0.4734647113540781,3,0.25,1.0,2,"5,6",0.21153846153846156,8,8
7,16,matched_betti,0.5,max_full_branch_node_speed,all_interior,coexact,coexact,random_tangent,metaphor_shift,metaphor_01,2,next_token_logprob_delta,even,0.20833333333333334,2,0.0006274402495200929,0.01566480517949193,0.9997149766253615,3,0.25,1.0,3,"6,7,8",0.2058823529411765,8,8
7,16,matched_betti,0.5,max_full_branch_node_speed,all_interior,coexact,coexact,random_tangent,metaphor_shift,metaphor_02,2,next_token_logprob_delta,even,0.20833333333333334,2,-0.12989000415578997,0.009377581176774055,0.1202135529833528,3,0.25,1.0,3,"5,6,7",0.20689655172413793,8,8
7,16,matched_betti,0.5,max_full_branch_node_speed,all_interior,coexact,coexact,random_tangent,metaphor_shift,metaphor_03,2,next_token_logprob_delta,even,0.20833333333333334,2,-0.07150564796509128,0.0009949808184880318,0.02333218456913792,3,0.25,1.0,3,"5,6,7",0.19999999999999998,8,8
7,16,matched_betti,0.5,max_full_branch_node_speed,all_interior,coexact,coexact,random_tangent,metaphor_shift,metaphor_04,2,next_token_logprob_delta,even,0.20833333333333334,2,-0.14647546929615543,0.0038482379245058066,0.04402253703582015,3,0.25,1.0,2,"5,6",0.19642857142857142,8,8
7,16,matched_betti,0.5,max_full_branch_node_speed,all_interior,coexact,coexact,random_tangent,metaphor_shift,metaphor_05,2,next_token_logprob_delta,even,0.20833333333333334,2,0.0978668438929207,0.018661462881533076,0.3046226018754524,3,0.25,1.0,2,"5,6",0.2037037037037037,8,8
7,16,matched_betti,0.5,max_full_branch_node_speed,all_interior,coexact,coexact,random_tangent,ontology_collapse,ontology_01,2,next_token_logprob_delta,even,0.20833333333333334,2,-0.31373829963282235,0.03703383048699146,0.19421433877293542,3,0.25,1.0,2,"6,7",0.20967741935483866,8,8
7,16,matched_betti,0.5,max_full_branch_node_speed,all_interior,coexact,coexact,random_tangent,ontology_collapse,ontology_02,2,next_token_logprob_delta,even,0.20833333333333334,2,-0.10308175807881753,0.005006659727139347,0.08119499046975537,3,0.25,1.0,2,"5,6",0.19642857142857142,8,8
7,16,matched_betti,0.5,max_full_branch_node_speed,all_interior,coexact,coexact,random_tangent,ontology_collapse,ontology_03,2,next_token_logprob_delta,even,0.20833333333333334,2,0.07086263802168305,0.014311383433736944,0.3208308789052901,3,0.25,1.0,3,"5,6,7",0.20689655172413793,8,8
7,16,matched_betti,0.5,max_full_branch_node_speed,all_interior,coexact,coexact,random_tangent,ontology_collapse,ontology_04,2,next_token_logprob_delta,even,0.20833333333333334,2,0.166957795778324,0.009315045864533628,0.09317176052130594,3,0.25,1.0,3,"5,6,7",0.20689655172413793,8,8
7,16,matched_betti,0.5,max_full_branch_node_speed,all_interior,coexact,coexact,random_tangent,ontology_collapse,ontology_05,2,next_token_logprob_delta,even,0.20833333333333334,2,0.3436764801130833,0.00611179596612466,0.02981434106599619,3,0.25,1.0,2,"5,6",0.19642857142857142,8,8
7,16,matched_betti,0.5,max_full_branch_node_speed,all_interior,coexact,coexact,random_tangent,identity_stress,identity_01,3,next_token_logprob_delta,even,0.2916666666666667,2,0.14054808885977982,0.013329192866754094,0.15709135030035476,3,0.25,1.0,3,"9,10,11",0.29411764705882354,8,8
7,16,matched_betti,0.5,max_full_branch_node_speed,all_interior,coexact,coexact,random_tangent,identity_stress,identity_02,3,next_token_logprob_delta,even,0.2916666666666667,2,-0.27505906160142196,0.01489645385845384,0.09046318423536413,3,0.25,1.0,3,"8,9,10",0.2903225806451613,8,8
7,16,matched_betti,0.5,max_full_branch_node_speed,all_interior,coexact,coexact,random_tangent,identity_stress,identity_03,3,next_token_logprob_delta,even,0.2916666666666667,2,0.10618091506777921,0.008894341004329679,0.13913039119162268,3,0.25,1.0,3,"8,9,10",0.2903225806451613,8,8
7,16,matched_betti,0.5,max_full_branch_node_speed,all_interior,coexact,coexact,random_tangent,identity_stress,identity_04,3,next_token_logprob_delta,even,0.2916666666666667,2,0.05256970594982522,0.028810403266170452,0.6767400639098091,3,0.25,1.0,3,"7,8,9",0.28571428571428575,8,8
7,16,matched_betti,0.5,max_full_branch_node_speed,all_interior,coexact,coexact,random_tangent,identity_stress,identity_05,3,next_token_logprob_delta,even,0.2916666666666667,2,0.09378330343497579,0.013342321888663324,0.23210270330176336,3,0.25,1.0,3,"7,8,9",0.28571428571428575,8,8
7,16,matched_betti,0.5,max_full_branch_node_speed,all_interior,coexact,coexact,random_tangent,literal_stable,literal_01,3,next_token_logprob_delta,even,0.2916666666666667,2,0.3731162347180462,0.011513900775756931,0.05168882818720987,3,0.25,1.0,2,"9,10",0.28787878787878785,8,8
7,16,matched_betti,0.5,max_full_branch_node_speed,all_interior,coexact,coexact,random_tangent,literal_stable,literal_02,3,next_token_logprob_delta,even,0.2916666666666667,2,-0.012311916429577276,0.018718839017446143,0.9309767289506639,3,0.25,1.0,3,"7,8,9",0.28571428571428575,8,8
7,16,matched_betti,0.5,max_full_branch_node_speed,all_interior,coexact,coexact,random_tangent,literal_stable,literal_03,3,next_token_logprob_delta,even,0.2916666666666667,2,0.026141680639482516,0.01312853558275685,0.6442361334256393,3,0.25,1.0,2,"7,8",0.2777777777777778,8,8
7,16,matched_betti,0.5,max_full_branch_node_speed,all_interior,coexact,coexact,random_tangent,literal_stable,literal_04,3,next_token_logprob_delta,even,0.2916666666666667,2,0.06555281700403497,0.002114308962308913,0.054018412672364804,3,0.25,1.0,2,"7,8",0.30000000000000004,8,8
7,16,matched_betti,0.5,max_full_branch_node_speed,all_interior,coexact,coexact,random_tangent,literal_stable,literal_05,3,next_token_logprob_delta,even,0.2916666666666667,2,0.1876578673465318,0.016617046382232322,0.146909033128009,3,0.25,1.0,2,"7,8",0.28846153846153844,8,8
7,16,matched_betti,0.5,max_full_branch_node_speed,all_interior,coexact,coexact,random_tangent,metaphor_shift,metaphor_01,3,next_token_logprob_delta,even,0.2916666666666667,2,0.1269937232160166,0.018483263724702784,0.23715170923448323,3,0.25,1.0,3,"9,10,11",0.29411764705882354,8,8
7,16,matched_betti,0.5,max_full_branch_node_speed,all_interior,coexact,coexact,random_tangent,metaphor_shift,metaphor_02,3,next_token_logprob_delta,even,0.2916666666666667,2,0.26610024814591743,0.010997206645159715,0.06915053560828263,3,0.25,1.0,2,"8,9",0.2931034482758621,8,8
7,16,matched_betti,0.5,max_full_branch_node_speed,all_interior,coexact,coexact,random_tangent,metaphor_shift,metaphor_03,3,next_token_logprob_delta,even,0.2916666666666667,2,0.5250402356101356,0.00635328613682837,0.02029157171992277,3,0.25,1.0,2,"8,9",0.2833333333333333,8,8
7,16,matched_betti,0.5,max_full_branch_node_speed,all_interior,coexact,coexact,random_tangent,metaphor_shift,metaphor_04,3,next_token_logprob_delta,even,0.2916666666666667,2,-0.23452421174403967,0.0071103058705995325,0.050785426527229484,3,0.25,1.0,3,"7,8,9",0.28571428571428575,8,8
7,16,matched_betti,0.5,max_full_branch_node_speed,all_interior,coexact,coexact,random_tangent,metaphor_shift,metaphor_05,3,next_token_logprob_delta,even,0.2916666666666667,2,0.011434447056131464,0.004955849512390752,0.5879989014120227,3,0.25,1.0,2,"7,8",0.2777777777777778,8,8
7,16,matched_betti,0.5,max_full_branch_node_speed,all_interior,coexact,coexact,random_tangent,ontology_collapse,ontology_01,3,next_token_logprob_delta,even,0.2916666666666667,2,-0.008776804994567105,0.0051810067155300945,0.7035787930865447,3,0.25,1.0,3,"8,9,10",0.2903225806451613,8,8
7,16,matched_betti,0.5,max_full_branch_node_speed,all_interior,coexact,coexact,random_tangent,ontology_collapse,ontology_02,3,next_token_logprob_delta,even,0.2916666666666667,2,0.09449860997801676,0.016070486776922313,0.2742950315564852,3,0.25,1.0,3,"7,8,9",0.28571428571428575,8,8
7,16,matched_betti,0.5,max_full_branch_node_speed,all_interior,coexact,coexact,random_tangent,ontology_collapse,ontology_03,3,next_token_logprob_delta,even,0.2916666666666667,2,0.09821947767546747,0.07227347645165104,0.7769686183595582,3,0.25,1.0,2,"8,9",0.2931034482758621,8,8
7,16,matched_betti,0.5,max_full_branch_node_speed,all_interior,coexact,coexact,random_tangent,ontology_collapse,ontology_04,3,next_token_logprob_delta,even,0.2916666666666667,2,-0.11612195534428055,0.03412500968761994,0.44211071586133877,3,0.25,1.0,2,"8,9",0.2931034482758621,8,8
7,16,matched_betti,0.5,max_full_branch_node_speed,all_interior,coexact,coexact,random_tangent,ontology_collapse,ontology_05,3,next_token_logprob_delta,even,0.2916666666666667,2,0.21310951228010275,0.01040404709907724,0.08161080323108076,3,0.25,1.0,3,"7,8,9",0.28571428571428575,8,8
7,16,matched_betti,0.5,max_full_branch_node_speed,all_interior,coexact,coexact,random_tangent,identity_stress,identity_01,4,next_token_logprob_delta,even,0.375,2,-0.022036927010606097,0.0055791342639322054,0.3908555064296529,3,0.25,1.0,3,"12,13,14",0.38235294117647056,8,8
7,16,matched_betti,0.5,max_full_branch_node_speed,all_interior,coexact,coexact,random_tangent,identity_stress,identity_02,4,next_token_logprob_delta,even,0.375,2,0.009339936198705146,0.010291011074392875,0.8794964533006258,3,0.25,1.0,2,"11,12",0.3709677419354838,8,8
7,16,matched_betti,0.5,max_full_branch_node_speed,all_interior,coexact,coexact,random_tangent,identity_stress,identity_03,4,next_token_logprob_delta,even,0.375,2,0.04724258901781374,0.00930693403841662,0.3137409083939542,3,0.25,1.0,2,"11,12",0.3709677419354838,8,8
7,16,matched_betti,0.5,max_full_branch_node_speed,all_interior,coexact,coexact,random_tangent,identity_stress,identity_04,4,next_token_logprob_delta,even,0.375,2,-0.028997624057258108,0.02319601665135309,0.8017929767018952,3,0.25,1.0,2,"10,11",0.375,8,8
7,16,matched_betti,0.5,max_full_branch_node_speed,all_interior,coexact,coexact,random_tangent,identity_stress,identity_05,4,next_token_logprob_delta,even,0.375,2,-0.09500725973802468,0.02621426887210083,0.41999133625402035,3,0.25,1.0,2,"10,11",0.375,8,8
7,16,matched_betti,0.5,max_full_branch_node_speed,all_interior,coexact,coexact,random_tangent,literal_stable,literal_01,4,next_token_logprob_delta,even,0.375,2,-0.09440590743779288,0.008356510054177493,0.14685566136033457,3,0.25,1.0,3,"11,12,13",0.3636363636363636,8,8
7,16,matched_betti,0.5,max_full_branch_node_speed,all_interior,coexact,coexact,random_tangent,literal_stable,literal_02,4,next_token_logprob_delta,even,0.375,2,0.021226381324240807,0.0014028866479264335,0.11017772425956669,3,0.25,1.0,2,"10,11",0.375,8,8
7,16,matched_betti,0.5,max_full_branch_node_speed,all_interior,coexact,coexact,random_tangent,literal_stable,literal_03,4,next_token_logprob_delta,even,0.375,2,0.1077057413138791,0.008594396718614243,0.13265409020620786,3,0.25,1.0,3,"9,10,11",0.3703703703703704,8,8
7,16,matched_betti,0.5,max_full_branch_node_speed,all_interior,coexact,coexact,random_tangent,literal_stable,literal_04,4,next_token_logprob_delta,even,0.375,2,-0.09130160891050598,0.017209001572491677,0.3014334256432083,3,0.25,1.0,2,"9,10",0.38000000000000006,8,8
7,16,matched_betti,0.5,max_full_branch_node_speed,all_interior,coexact,coexact,random_tangent,literal_stable,literal_05,4,next_token_logprob_delta,even,0.375,2,0.20822695730249793,0.00777100393925812,0.06247270541249358,3,0.25,1.0,2,"9,10",0.3653846153846154,8,8
7,16,matched_betti,0.5,max_full_branch_node_speed,all_interior,coexact,coexact,random_tangent,metaphor_shift,metaphor_01,4,next_token_logprob_delta,even,0.375,2,-0.10474426753880697,0.030616808678068604,0.44020551996963403,3,0.25,1.0,3,"12,13,14",0.38235294117647056,8,8
7,16,matched_betti,0.5,max_full_branch_node_speed,all_interior,coexact,coexact,random_tangent,metaphor_shift,metaphor_02,4,next_token_logprob_delta,even,0.375,2,0.022344746406748068,0.0029302409407150724,0.21481672422505704,3,0.25,1.0,3,"10,11,12",0.37931034482758624,8,8
7,16,matched_betti,0.5,max_full_branch_node_speed,all_interior,coexact,coexact,random_tangent,metaphor_shift,metaphor_03,4,next_token_logprob_delta,even,0.375,2,-0.1710480249309106,0.01756421096111186,0.1697314208177655,3,0.25,1.0,3,"10,11,12",0.3666666666666667,8,8
7,16,matched_betti,0.5,max_full_branch_node_speed,all_interior,coexact,coexact,random_tangent,metaphor_shift,metaphor_04,4,next_token_logprob_delta,even,0.375,2,0.08277811194995492,0.007398529043163039,0.14825292095342218,3,0.25,1.0,2,"10,11",0.375,8,8
7,16,matched_betti,0.5,max_full_branch_node_speed,all_interior,coexact,coexact,random_tangent,metaphor_shift,metaphor_05,4,next_token_logprob_delta,even,0.375,2,-0.032103133853066144,0.00829412662088524,0.39760776175912566,3,0.25,1.0,3,"9,10,11",0.3703703703703704,8,8
7,16,matched_betti,0.5,max_full_branch_node_speed,all_interior,coexact,coexact,random_tangent,ontology_collapse,ontology_01,4,next_token_logprob_delta,even,0.375,2,0.2678429545774478,0.01951702034439724,0.12131458549596388,3,0.25,1.0,1,12,0.3870967741935483,8,8
7,16,matched_betti,0.5,max_full_branch_node_speed,all_interior,coexact,coexact,random_tangent,ontology_collapse,ontology_02,4,next_token_logprob_delta,even,0.375,2,-0.38785232556851373,0.006936201675292913,0.029981911236144677,3,0.25,1.0,2,"10,11",0.375,8,8
7,16,matched_betti,0.5,max_full_branch_node_speed,all_interior,coexact,coexact,random_tangent,ontology_collapse,ontology_03,4,next_token_logprob_delta,even,0.375,2,0.012976679330606,0.008391122725060506,0.7351875918967775,3,0.25,1.0,3,"10,11,12",0.37931034482758624,8,8
7,16,matched_betti,0.5,max_full_branch_node_speed,all_interior,coexact,coexact,random_tangent,ontology_collapse,ontology_04,4,next_token_logprob_delta,even,0.375,2,-0.2821150404614273,0.002057538668321536,0.012231749007789172,3,0.25,1.0,3,"10,11,12",0.37931034482758624,8,8
7,16,matched_betti,0.5,max_full_branch_node_speed,all_interior,coexact,coexact,random_tangent,ontology_collapse,ontology_05,4,next_token_logprob_delta,even,0.375,2,-0.15870503752630283,0.010915879391427453,0.1146031154606185,3,0.25,1.0,2,"10,11",0.375,8,8
7,16,matched_betti,0.5,max_full_branch_node_speed,all_interior,coexact,coexact,random_tangent,identity_stress,identity_01,5,next_token_logprob_delta,even,0.4583333333333333,2,-0.34520112324505164,0.015136300644852494,0.07334584394265048,3,0.25,1.0,2,"15,16",0.45588235294117646,8,8
7,16,matched_betti,0.5,max_full_branch_node_speed,all_interior,coexact,coexact,random_tangent,identity_stress,identity_02,5,next_token_logprob_delta,even,0.4583333333333333,2,0.23374808845416467,0.06018202748361031,0.3964491793115056,3,0.25,1.0,2,"13,15",0.4516129032258065,8,8
7,16,matched_betti,0.5,max_full_branch_node_speed,all_interior,coexact,coexact,random_tangent,identity_stress,identity_03,5,next_token_logprob_delta,even,0.4583333333333333,2,-0.06605036619549923,0.006944504583915005,0.17366623163329287,3,0.25,1.0,3,"13,14,15",0.4516129032258065,8,8
7,16,matched_betti,0.5,max_full_branch_node_speed,all_interior,coexact,coexact,random_tangent,identity_stress,identity_04,5,next_token_logprob_delta,even,0.4583333333333333,2,-0.20560231675470855,0.02704577691837747,0.21545147024282713,3,0.25,1.0,1,13,0.46428571428571425,8,8
7,16,matched_betti,0.5,max_full_branch_node_speed,all_interior,coexact,coexact,random_tangent,identity_stress,identity_05,5,next_token_logprob_delta,even,0.4583333333333333,2,0.06033802718351819,0.005720059114891404,0.1570315643747652,3,0.25,1.0,2,"12,13",0.4464285714285714,8,8
7,16,matched_betti,0.5,max_full_branch_node_speed,all_interior,coexact,coexact,random_tangent,literal_stable,literal_01,5,next_token_logprob_delta,even,0.4583333333333333,2,-0.03700503883394811,0.009895063664337438,0.40922192608312596,3,0.25,1.0,3,"14,15,16",0.4545454545454546,8,8
7,16,matched_betti,0.5,max_full_branch_node_speed,all_interior,coexact,coexact,random_tangent,literal_stable,literal_02,5,next_token_logprob_delta,even,0.4583333333333333,2,-0.5345452545971804,0.021042805665194987,0.06588307423877904,3,0.25,1.0,2,"12,13",0.4464285714285714,8,8
7,16,matched_betti,0.5,max_full_branch_node_speed,all_interior,coexact,coexact,random_tangent,literal_stable,literal_03,5,next_token_logprob_delta,even,0.4583333333333333,2,0.17986858578667608,0.006100351695488564,0.0567933260502005,3,0.25,1.0,2,"12,13",0.46296296296296297,8,8
7,16,matched_betti,0.5,max_full_branch_node_speed,all_interior,coexact,coexact,random_tangent,literal_stable,literal_04,5,next_token_logprob_delta,even,0.4583333333333333,2,-0.44026798668781447,0.009043021664085393,0.034430092088961216,3,0.25,1.0,2,"11,12",0.45999999999999996,8,8
7,16,matched_betti,0.5,max_full_branch_node_speed,all_interior,coexact,coexact,random_tangent,literal_stable,literal_05,5,next_token_logprob_delta,even,0.4583333333333333,2,-0.2611787247538304,0.12236531207885071,0.6178700710207125,3,0.25,1.0,2,"11,12",0.4423076923076923,8,8
7,16,matched_betti,0.5,max_full_branch_node_speed,all_interior,coexact,coexact,random_tangent,metaphor_shift,metaphor_01,5,next_token_logprob_delta,even,0.4583333333333333,2,-0.09593250954416564,0.009429292630310457,0.16266332238991324,3,0.25,1.0,2,"15,16",0.45588235294117646,8,8
7,16,matched_betti,0.5,max_full_branch_node_speed,all_interior,coexact,coexact,random_tangent,metaphor_shift,metaphor_02,5,next_token_logprob_delta,even,0.4583333333333333,2,-0.10158090082981139,0.005272531932318623,0.08672950903506102,3,0.25,1.0,2,"13,14",0.46551724137931033,8,8
7,16,matched_betti,0.5,max_full_branch_node_speed,all_interior,coexact,coexact,random_tangent,metaphor_shift,metaphor_03,5,next_token_logprob_delta,even,0.4583333333333333,2,-0.008283586734173664,0.014282777486305836,0.9450937040991091,3,0.25,1.0,2,"13,14",0.45,8,8
7,16,matched_betti,0.5,max_full_branch_node_speed,all_interior,coexact,coexact,random_tangent,metaphor_shift,metaphor_04,5,next_token_logprob_delta,even,0.4583333333333333,2,0.13364958930632456,0.0018914008013347261,0.023729736541832188,3,0.25,1.0,2,"12,13",0.4464285714285714,8,8
7,16,matched_betti,0.5,max_full_branch_node_speed,all_interior,coexact,coexact,random_tangent,metaphor_shift,metaphor_05,5,next_token_logprob_delta,even,0.4583333333333333,2,0.058689766931520705,0.029469263148911524,0.6441702807039872,3,0.25,1.0,2,"12,13",0.46296296296296297,8,8
7,16,matched_betti,0.5,max_full_branch_node_speed,all_interior,coexact,coexact,random_tangent,ontology_collapse,ontology_01,5,next_token_logprob_delta,even,0.4583333333333333,2,0.23414561988301502,0.021115586761602963,0.14955616450950998,3,0.25,1.0,3,"13,14,15",0.4516129032258065,8,8
7,16,matched_betti,0.5,max_full_branch_node_speed,all_interior,coexact,coexact,random_tangent,ontology_collapse,ontology_02,5,next_token_logprob_delta,even,0.4583333333333333,2,-0.29545590801942356,0.005259744896095476,0.02984542576006252,3,0.25,1.0,2,"12,13",0.4464285714285714,8,8
7,16,matched_betti,0.5,max_full_branch_node_speed,all_interior,coexact,coexact,random_tangent,ontology_collapse,ontology_03,5,next_token_logprob_delta,even,0.4583333333333333,2,0.08044822174347672,0.02649710714791275,0.48355439069239325,3,0.25,1.0,2,"13,14",0.46551724137931033,8,8
7,16,matched_betti,0.5,max_full_branch_node_speed,all_interior,coexact,coexact,random_tangent,ontology_collapse,ontology_04,5,next_token_logprob_delta,even,0.4583333333333333,2,-0.23006156084240342,0.01256456638788663,0.09121962528044995,3,0.25,1.0,2,"13,14",0.46551724137931033,8,8
7,16,matched_betti,0.5,max_full_branch_node_speed,all_interior,coexact,coexact,random_tangent,ontology_collapse,ontology_05,5,next_token_logprob_delta,even,0.4583333333333333,2,-0.07991669661587178,0.0024152850577855408,0.05062591644404707,3,0.25,1.0,2,"12,13",0.4464285714285714,8,8
7,16,matched_betti,0.5,max_full_branch_node_speed,all_interior,coexact,coexact,random_tangent,identity_stress,identity_01,6,next_token_logprob_delta,even,0.5416666666666666,2,-0.012007428021062748,0.0069094632659030715,0.6944567452775863,3,0.25,1.0,3,"17,18,19",0.5294117647058824,8,8
7,16,matched_betti,0.5,max_full_branch_node_speed,all_interior,coexact,coexact,random_tangent,identity_stress,identity_02,6,next_token_logprob_delta,even,0.5416666666666666,2,0.2578871966278618,0.018845422933493717,0.12165711004524053,3,0.25,1.0,2,"16,17",0.532258064516129,8,8
7,16,matched_betti,0.5,max_full_branch_node_speed,all_interior,coexact,coexact,random_tangent,identity_stress,identity_03,6,next_token_logprob_delta,even,0.5416666666666666,2,0.13043961395888032,0.015079931018996446,0.19035940053342804,3,0.25,1.0,3,"16,17,18",0.5483870967741935,8,8
7,16,matched_betti,0.5,max_full_branch_node_speed,all_interior,coexact,coexact,random_tangent,identity_stress,identity_04,6,next_token_logprob_delta,even,0.5416666666666666,2,-0.15590306754560726,0.010873101715178779,0.11618415270145237,3,0.25,1.0,3,"14,15,16",0.5357142857142857,8,8
7,16,matched_betti,0.5,max_full_branch_node_speed,all_interior,coexact,coexact,random_tangent,identity_stress,identity_05,6,next_token_logprob_delta,even,0.5416666666666666,2,-0.23853389669475372,0.0386657703135251,0.2623555392791072,3,0.25,1.0,3,"14,15,16",0.5357142857142857,8,8
7,16,matched_betti,0.5,max_full_branch_node_speed,all_interior,coexact,coexact,random_tangent,literal_stable,literal_01,6,next_token_logprob_delta,even,0.5416666666666666,2,-0.25352259836995206,0.0027952411410812725,0.018489605332385396,3,0.25,1.0,3,"17,18,19",0.5454545454545454,8,8
7,16,matched_betti,0.5,max_full_branch_node_speed,all_interior,coexact,coexact,random_tangent,literal_stable,literal_02,6,next_token_logprob_delta,even,0.5416666666666666,2,0.004123419433305171,0.015447603053903596,0.9875717844935283,3,0.25,1.0,3,"14,15,16",0.5357142857142857,8,8
7,16,matched_betti,0.5,max_full_branch_node_speed,all_interior,coexact,coexact,random_tangent,literal_stable,literal_03,6,next_token_logprob_delta,even,0.5416666666666666,2,-0.23468706516745566,0.0005095514953715971,0.003641625933845844,3,0.25,1.0,2,"14,15",0.537037037037037,8,8
7,16,matched_betti,0.5,max_full_branch_node_speed,all_interior,coexact,coexact,random_tangent,literal_stable,literal_04,6,next_token_logprob_delta,even,0.5416666666666666,2,0.002592128397148321,0.01464527955908732,0.9944782039986184,3,0.25,1.0,2,"13,14",0.54,8,8
7,16,matched_betti,0.5,max_full_branch_node_speed,all_interior,coexact,coexact,random_tangent,literal_stable,literal_05,6,next_token_logprob_delta,even,0.5416666666666666,2,-0.04989361726111503,0.012915612648463238,0.39826079114045726,3,0.25,1.0,3,"13,14,15",0.5384615384615384,8,8
7,16,matched_betti,0.5,max_full_branch_node_speed,all_interior,coexact,coexact,random_tangent,metaphor_shift,metaphor_01,6,next_token_logprob_delta,even,0.5416666666666666,2,-0.3317577812793575,0.027279029114295878,0.1366204432378474,3,0.25,1.0,3,"17,18,19",0.5294117647058824,8,8
7,16,matched_betti,0.5,max_full_branch_node_speed,all_interior,coexact,coexact,random_tangent,metaphor_shift,metaphor_02,6,next_token_logprob_delta,even,0.5416666666666666,2,-0.317375864993042,0.007654608812768696,0.04041972316834216,3,0.25,1.0,1,16,0.5517241379310345,8,8
7,16,matched_betti,0.5,max_full_branch_node_speed,all_interior,coexact,coexact,random_tangent,metaphor_shift,metaphor_03,6,next_token_logprob_delta,even,0.5416666666666666,2,0.1566095873321146,0.017899105230197596,0.1882677022560238,3,0.25,1.0,2,"16,17",0.55,8,8
7,16,matched_betti,0.5,max_full_branch_node_speed,all_interior,coexact,coexact,random_tangent,metaphor_shift,metaphor_04,6,next_token_logprob_delta,even,0.5416666666666666,2,-0.1031559659194597,0.005470445592475474,0.08859647711042001,3,0.25,1.0,3,"14,15,16",0.5357142857142857,8,8
7,16,matched_betti,0.5,max_full_branch_node_speed,all_interior,coexact,coexact,random_tangent,metaphor_shift,metaphor_05,6,next_token_logprob_delta,even,0.5416666666666666,2,0.03507870845064641,0.017918157645822337,0.6506149953836169,3,0.25,1.0,2,"14,15",0.537037037037037,8,8
7,16,matched_betti,0.5,max_full_branch_node_speed,all_interior,coexact,coexact,random_tangent,ontology_collapse,ontology_01,6,next_token_logprob_delta,even,0.5416666666666666,2,0.29573810008560364,0.02132338500312297,0.12005918024735952,3,0.25,1.0,3,"16,17,18",0.5483870967741935,8,8
7,16,matched_betti,0.5,max_full_branch_node_speed,all_interior,coexact,coexact,random_tangent,ontology_collapse,ontology_02,6,next_token_logprob_delta,even,0.5416666666666666,2,-0.062375514192603815,0.04960839697051755,0.8001336645296494,3,0.25,1.0,3,"14,15,16",0.5357142857142857,8,8
7,16,matched_betti,0.5,max_full_branch_node_speed,all_interior,coexact,coexact,random_tangent,ontology_collapse,ontology_03,6,next_token_logprob_delta,even,0.5416666666666666,2,-0.5157354060935547,0.062344600843806795,0.1987114898507743,3,0.25,1.0,2,"15,16",0.5344827586206897,8,8
7,16,matched_betti,0.5,max_full_branch_node_speed,all_interior,coexact,coexact,random_tangent,ontology_collapse,ontology_04,6,next_token_logprob_delta,even,0.5416666666666666,2,0.11368514613592598,0.006501989368650985,0.09548887120858199,3,0.25,1.0,2,"15,16",0.5344827586206897,8,8
7,16,matched_betti,0.5,max_full_branch_node_speed,all_interior,coexact,coexact,random_tangent,ontology_collapse,ontology_05,6,next_token_logprob_delta,even,0.5416666666666666,2,-0.4442393876174183,0.12621369075648123,0.43018215570821305,3,0.25,1.0,2,"15,16",0.5535714285714286,8,8
7,16,matched_betti,0.5,max_full_branch_node_speed,all_interior,coexact,coexact,random_tangent,identity_stress,identity_01,7,next_token_logprob_delta,even,0.625,2,-0.033625111207653505,0.02094257378934135,0.7223718554035797,3,0.25,1.0,3,"20,21,22",0.6176470588235294,8,8
7,16,matched_betti,0.5,max_full_branch_node_speed,all_interior,coexact,coexact,random_tangent,identity_stress,identity_02,7,next_token_logprob_delta,even,0.625,2,-0.06972554279417706,0.015983555403479035,0.35887404853213634,3,0.25,1.0,2,"19,20",0.6290322580645161,8,8
7,16,matched_betti,0.5,max_full_branch_node_speed,all_interior,coexact,coexact,random_tangent,identity_stress,identity_03,7,next_token_logprob_delta,even,0.625,2,0.06660511966238788,0.011928640204055032,0.2876888024237369,3,0.25,1.0,1,19,0.6129032258064516,8,8
7,16,matched_betti,0.5,max_full_branch_node_speed,all_interior,coexact,coexact,random_tangent,identity_stress,identity_04,7,next_token_logprob_delta,even,0.625,2,-0.19735740011037192,0.006466349899483392,0.05487193442671346,3,0.25,1.0,2,"17,18",0.625,8,8
7,16,matched_betti,0.5,max_full_branch_node_speed,all_interior,coexact,coexact,random_tangent,identity_stress,identity_05,7,next_token_logprob_delta,even,0.625,2,-0.22902201068861477,0.003679690695430867,0.026938644493894447,3,0.25,1.0,1,17,0.6071428571428571,8,8
7,16,matched_betti,0.5,max_full_branch_node_speed,all_interior,coexact,coexact,random_tangent,literal_stable,literal_01,7,next_token_logprob_delta,even,0.625,2,-0.3066663288306341,0.10955228119853937,0.5139761135648471,3,0.25,1.0,2,"20,21",0.6212121212121212,8,8
7,16,matched_betti,0.5,max_full_branch_node_speed,all_interior,coexact,coexact,random_tangent,literal_stable,literal_02,7,next_token_logprob_delta,even,0.625,2,0.24244861329042422,0.00738102405587154,0.05099537265243062,3,0.25,1.0,2,"17,18",0.625,8,8
7,16,matched_betti,0.5,max_full_branch_node_speed,all_interior,coexact,coexact,random_tangent,literal_stable,literal_03,7,next_token_logprob_delta,even,0.625,2,-0.21895512356524544,0.012263923265244656,0.09353314525737909,3,0.25,1.0,2,"16,17",0.6111111111111112,8,8
7,16,matched_betti,0.5,max_full_branch_node_speed,all_interior,coexact,coexact,random_tangent,literal_stable,literal_04,7,next_token_logprob_delta,even,0.625,2,0.0907416231519687,0.009129696680142876,0.16639939593698105,3,0.25,1.0,2,"15,16",0.62,8,8
7,16,matched_betti,0.5,max_full_branch_node_speed,all_interior,coexact,coexact,random_tangent,literal_stable,literal_05,7,next_token_logprob_delta,even,0.625,2,0.07690501356556327,0.009314754612012059,0.199083111844581,3,0.25,1.0,2,"16,17",0.6346153846153846,8,8
7,16,matched_betti,0.5,max_full_branch_node_speed,all_interior,coexact,coexact,random_tangent,metaphor_shift,metaphor_01,7,next_token_logprob_delta,even,0.625,2,-0.06560992788380651,0.045633231610026144,0.7592300656368629,3,0.25,1.0,2,"20,21",0.6029411764705883,8,8
7,16,matched_betti,0.5,max_full_branch_node_speed,all_interior,coexact,coexact,random_tangent,metaphor_shift,metaphor_02,7,next_token_logprob_delta,even,0.625,2,0.6917266629821726,0.023629798841822452,0.05720224885470908,3,0.25,1.0,3,"17,18,19",0.6206896551724138,8,8
7,16,matched_betti,0.5,max_full_branch_node_speed,all_interior,coexact,coexact,random_tangent,metaphor_shift,metaphor_03,7,next_token_logprob_delta,even,0.625,2,-0.08478746916652952,0.0015166714690657223,0.029989122122847583,3,0.25,1.0,2,"18,19",0.6166666666666667,8,8
7,16,matched_betti,0.5,max_full_branch_node_speed,all_interior,coexact,coexact,random_tangent,metaphor_shift,metaphor_04,7,next_token_logprob_delta,even,0.625,2,-0.38932275114801246,0.05656114228451282,0.23674591058319633,3,0.25,1.0,2,"17,18",0.625,8,8
7,16,matched_betti,0.5,max_full_branch_node_speed,all_interior,coexact,coexact,random_tangent,metaphor_shift,metaphor_05,7,next_token_logprob_delta,even,0.625,2,-0.24167407943405012,0.009534311619997371,0.06602522198684938,3,0.25,1.0,2,"16,17",0.6111111111111112,8,8
7,16,matched_betti,0.5,max_full_branch_node_speed,all_interior,coexact,coexact,random_tangent,ontology_collapse,ontology_01,7,next_token_logprob_delta,even,0.625,2,0.14122743506554175,0.017684309013596227,0.20553945071597202,3,0.25,1.0,2,"19,20",0.6290322580645161,8,8
7,16,matched_betti,0.5,max_full_branch_node_speed,all_interior,coexact,coexact,random_tangent,ontology_collapse,ontology_02,7,next_token_logprob_delta,even,0.625,2,0.13475024261687557,0.003211155374220462,0.03993782572835272,3,0.25,1.0,2,"17,18",0.625,8,8
7,16,matched_betti,0.5,max_full_branch_node_speed,all_interior,coexact,coexact,random_tangent,ontology_collapse,ontology_03,7,next_token_logprob_delta,even,0.625,2,0.052567551363888486,0.01061969815345362,0.3209171206348536,3,0.25,1.0,3,"17,18,19",0.6206896551724138,8,8
7,16,matched_betti,0.5,max_full_branch_node_speed,all_interior,coexact,coexact,random_tangent,ontology_collapse,ontology_04,7,next_token_logprob_delta,even,0.625,2,-0.16396999951912308,0.016655260997692843,0.1679474308333165,3,0.25,1.0,3,"17,18,19",0.6206896551724138,8,8
7,16,matched_betti,0.5,max_full_branch_node_speed,all_interior,coexact,coexact,random_tangent,ontology_collapse,ontology_05,7,next_token_logprob_delta,even,0.625,2,0.19157286365602194,0.025982637832323918,0.22181586320584243,3,0.25,1.0,2,"17,18",0.625,8,8
7,16,matched_betti,0.5,max_full_branch_node_speed,all_interior,coexact,coexact,random_tangent,identity_stress,identity_01,8,next_token_logprob_delta,even,0.7083333333333334,2,-0.07345877918890005,0.011050264545139753,0.24463981768205928,3,0.25,1.0,3,"23,24,25",0.7058823529411765,8,8
7,16,matched_betti,0.5,max_full_branch_node_speed,all_interior,coexact,coexact,random_tangent,identity_stress,identity_02,8,next_token_logprob_delta,even,0.7083333333333334,2,-0.185248340654373,0.00268048895305031,0.024262252538342202,3,0.25,1.0,3,"21,22,23",0.7096774193548386,8,8
7,16,matched_betti,0.5,max_full_branch_node_speed,all_interior,coexact,coexact,random_tangent,identity_stress,identity_03,8,next_token_logprob_delta,even,0.7083333333333334,2,0.04037325094119404,0.014339292894979958,0.5117818022608664,3,0.25,1.0,2,"21,22",0.6935483870967744,8,8
7,16,matched_betti,0.5,max_full_branch_node_speed,all_interior,coexact,coexact,random_tangent,identity_stress,identity_04,8,next_token_logprob_delta,even,0.7083333333333334,2,-0.04378710538643345,0.0110659580692677,0.39026638889314763,3,0.25,1.0,2,"19,20",0.6964285714285715,8,8
7,16,matched_betti,0.5,max_full_branch_node_speed,all_interior,coexact,coexact,random_tangent,identity_stress,identity_05,8,next_token_logprob_delta,even,0.7083333333333334,2,-0.4443316346810463,0.04930811162710197,0.1829848233367195,3,0.25,1.0,2,"19,20",0.6964285714285715,8,8
7,16,matched_betti,0.5,max_full_branch_node_speed,all_interior,coexact,coexact,random_tangent,literal_stable,literal_01,8,next_token_logprob_delta,even,0.7083333333333334,2,0.20124016627485017,0.012530999720296816,0.10387583948187916,3,0.25,1.0,3,"22,23,24",0.6969696969696969,8,8
7,16,matched_betti,0.5,max_full_branch_node_speed,all_interior,coexact,coexact,random_tangent,literal_stable,literal_02,8,next_token_logprob_delta,even,0.7083333333333334,2,-0.05767565089175143,0.01583882746674384,0.4183600208051955,3,0.25,1.0,2,"19,20",0.6964285714285715,8,8
7,16,matched_betti,0.5,max_full_branch_node_speed,all_interior,coexact,coexact,random_tangent,literal_stable,literal_03,8,next_token_logprob_delta,even,0.7083333333333334,2,0.027400896469125812,0.008974969241328783,0.4814969343877578,3,0.25,1.0,3,"18,19,20",0.7037037037037037,8,8
7,16,matched_betti,0.5,max_full_branch_node_speed,all_interior,coexact,coexact,random_tangent,literal_stable,literal_04,8,next_token_logprob_delta,even,0.7083333333333334,2,0.32493339931989895,0.00935112759319938,0.04821293516969869,3,0.25,1.0,2,"17,18",0.6999999999999998,8,8
7,16,matched_betti,0.5,max_full_branch_node_speed,all_interior,coexact,coexact,random_tangent,literal_stable,literal_05,8,next_token_logprob_delta,even,0.7083333333333334,2,-0.0013113596784226369,0.006666907281975114,0.9931936446675159,3,0.25,1.0,2,"18,19",0.7115384615384613,8,8
7,16,matched_betti,0.5,max_full_branch_node_speed,all_interior,coexact,coexact,random_tangent,metaphor_shift,metaphor_01,8,next_token_logprob_delta,even,0.7083333333333334,2,-0.0961111262745823,0.007273159388156325,0.12591525435955941,3,0.25,1.0,3,"23,24,25",0.7058823529411765,8,8
7,16,matched_betti,0.5,max_full_branch_node_speed,all_interior,coexact,coexact,random_tangent,metaphor_shift,metaphor_02,8,next_token_logprob_delta,even,0.7083333333333334,2,-0.41822413420725163,0.021124226440627464,0.08441470623668561,3,0.25,1.0,2,"20,21",0.7068965517241379,8,8
7,16,matched_betti,0.5,max_full_branch_node_speed,all_interior,coexact,coexact,random_tangent,metaphor_shift,metaphor_03,8,next_token_logprob_delta,even,0.7083333333333334,2,0.1593721667108723,0.011534058079786995,0.1205015719333146,3,0.25,1.0,3,"20,21,22",0.6999999999999998,8,8
7,16,matched_betti,0.5,max_full_branch_node_speed,all_interior,coexact,coexact,random_tangent,metaphor_shift,metaphor_04,8,next_token_logprob_delta,even,0.7083333333333334,2,-0.0729141020766463,0.014262793408191457,0.3117399748942252,3,0.25,1.0,2,"19,20",0.6964285714285715,8,8
7,16,matched_betti,0.5,max_full_branch_node_speed,all_interior,coexact,coexact,random_tangent,metaphor_shift,metaphor_05,8,next_token_logprob_delta,even,0.7083333333333334,2,-0.4000537094562594,0.018289716526464134,0.07645658160768772,3,0.25,1.0,3,"18,19,20",0.7037037037037037,8,8
7,16,matched_betti,0.5,max_full_branch_node_speed,all_interior,coexact,coexact,random_tangent,ontology_collapse,ontology_01,8,next_token_logprob_delta,even,0.7083333333333334,2,-0.34021044743699613,0.04007906864492092,0.19384410059163676,3,0.25,1.0,2,"21,23",0.7096774193548386,8,8
7,16,matched_betti,0.5,max_full_branch_node_speed,all_interior,coexact,coexact,random_tangent,ontology_collapse,ontology_02,8,next_token_logprob_delta,even,0.7083333333333334,2,0.024288546988987185,0.014720588096084168,0.7128813510298248,3,0.25,1.0,2,"19,20",0.6964285714285715,8,8
7,16,matched_betti,0.5,max_full_branch_node_speed,all_interior,coexact,coexact,random_tangent,ontology_collapse,ontology_03,8,next_token_logprob_delta,even,0.7083333333333334,2,0.044152543215228664,0.010664261376277517,0.37547097605396035,3,0.25,1.0,2,"20,21",0.7068965517241379,8,8
7,16,matched_betti,0.5,max_full_branch_node_speed,all_interior,coexact,coexact,random_tangent,ontology_collapse,ontology_04,8,next_token_logprob_delta,even,0.7083333333333334,2,-0.07590716532864175,0.004676503452724362,0.102785402796173,3,0.25,1.0,2,"20,21",0.7068965517241379,8,8
7,16,matched_betti,0.5,max_full_branch_node_speed,all_interior,coexact,coexact,random_tangent,ontology_collapse,ontology_05,8,next_token_logprob_delta,even,0.7083333333333334,2,-0.13413032851714796,0.03336945335845092,0.3850929636886805,3,0.25,1.0,2,"19,20",0.6964285714285715,8,8
7,16,matched_betti,0.5,max_full_branch_node_speed,all_interior,coexact,coexact,random_tangent,identity_stress,identity_01,9,next_token_logprob_delta,even,0.7916666666666666,2,0.041717745543437997,0.0026801316217163903,0.10713412073602557,3,0.25,1.0,3,"26,27,28",0.7941176470588235,8,8
7,16,matched_betti,0.5,max_full_branch_node_speed,all_interior,coexact,coexact,random_tangent,identity_stress,identity_02,9,next_token_logprob_delta,even,0.7916666666666666,2,-0.07283435631871224,0.01128113185133354,0.2514398001966265,3,0.25,1.0,2,"24,25",0.7903225806451614,8,8
7,16,matched_betti,0.5,max_full_branch_node_speed,all_interior,coexact,coexact,random_tangent,identity_stress,identity_03,9,next_token_logprob_delta,even,0.7916666666666666,2,-0.18787476295579963,0.0048802676565966015,0.043527395088523546,3,0.25,1.0,2,"24,25",0.7903225806451614,8,8
7,16,matched_betti,0.5,max_full_branch_node_speed,all_interior,coexact,coexact,random_tangent,identity_stress,identity_04,9,next_token_logprob_delta,even,0.7916666666666666,2,-0.0049545633093542474,0.027395815011884078,0.994237023752922,3,0.25,1.0,3,"21,22,23",0.7857142857142857,8,8
7,16,matched_betti,0.5,max_full_branch_node_speed,all_interior,coexact,coexact,random_tangent,identity_stress,identity_05,9,next_token_logprob_delta,even,0.7916666666666666,2,-0.5478849162807671,0.05560723320431001,0.16781778578664155,3,0.25,1.0,3,"21,22,23",0.7857142857142857,8,8
7,16,matched_betti,0.5,max_full_branch_node_speed,all_interior,coexact,coexact,random_tangent,literal_stable,literal_01,9,next_token_logprob_delta,even,0.7916666666666666,2,-0.004311309875280952,0.004717835225010822,0.8781231653198979,3,0.25,1.0,2,"25,26",0.7727272727272728,8,8
7,16,matched_betti,0.5,max_full_branch_node_speed,all_interior,coexact,coexact,random_tangent,literal_stable,literal_02,9,next_token_logprob_delta,even,0.7916666666666666,2,-0.17887143333735672,0.05645548110413495,0.46786316919456733,3,0.25,1.0,1,21,0.75,8,8
7,16,matched_betti,0.5,max_full_branch_node_speed,all_interior,coexact,coexact,random_tangent,literal_stable,literal_03,9,next_token_logprob_delta,even,0.7916666666666666,2,0.12454298981045979,0.023367542154605028,0.3001838969458425,3,0.25,1.0,2,"21,22",0.7962962962962963,8,8
7,16,matched_betti,0.5,max_full_branch_node_speed,all_interior,coexact,coexact,random_tangent,literal_stable,literal_04,9,next_token_logprob_delta,even,0.7916666666666666,2,-0.18217843034020992,0.020182376906713165,0.1826854198625406,3,0.25,1.0,2,"19,20",0.7799999999999999,8,8
7,16,matched_betti,0.5,max_full_branch_node_speed,all_interior,coexact,coexact,random_tangent,literal_stable,literal_05,9,next_token_logprob_delta,even,0.7916666666666666,2,0.2186642395992824,0.005548174953173632,0.042518579737637216,3,0.25,1.0,2,"20,21",0.7884615384615387,8,8
7,16,matched_betti,0.5,max_full_branch_node_speed,all_interior,coexact,coexact,random_tangent,metaphor_shift,metaphor_01,9,next_token_logprob_delta,even,0.7916666666666666,2,0.03995691451179142,0.0112309030081758,0.4264241471288968,3,0.25,1.0,3,"26,27,28",0.7941176470588235,8,8
7,16,matched_betti,0.5,max_full_branch_node_speed,all_interior,coexact,coexact,random_tangent,metaphor_shift,metaphor_02,9,next_token_logprob_delta,even,0.7916666666666666,2,0.09034511435117636,0.00203551312203032,0.037762318389497396,3,0.25,1.0,3,"22,23,24",0.7931034482758621,8,8
7,16,matched_betti,0.5,max_full_branch_node_speed,all_interior,coexact,coexact,random_tangent,metaphor_shift,metaphor_03,9,next_token_logprob_delta,even,0.7916666666666666,2,0.01823891208026759,0.007885946055119296,0.5870704693919916,3,0.25,1.0,2,"23,24",0.7833333333333335,8,8
7,16,matched_betti,0.5,max_full_branch_node_speed,all_interior,coexact,coexact,random_tangent,metaphor_shift,metaphor_04,9,next_token_logprob_delta,even,0.7916666666666666,2,-0.03068477950003249,0.01880319399593745,0.7167328996101843,3,0.25,1.0,3,"21,22,23",0.7857142857142857,8,8
7,16,matched_betti,0.5,max_full_branch_node_speed,all_interior,coexact,coexact,random_tangent,metaphor_shift,metaphor_05,9,next_token_logprob_delta,even,0.7916666666666666,2,0.05160760041581505,0.01996985283490133,0.5444124561256843,3,0.25,1.0,2,"21,22",0.7962962962962963,8,8
7,16,matched_betti,0.5,max_full_branch_node_speed,all_interior,coexact,coexact,random_tangent,ontology_collapse,ontology_01,9,next_token_logprob_delta,even,0.7916666666666666,2,0.08385257771104684,0.023831390043431547,0.4302980433136668,3,0.25,1.0,2,"24,25",0.7903225806451614,8,8
7,16,matched_betti,0.5,max_full_branch_node_speed,all_interior,coexact,coexact,random_tangent,ontology_collapse,ontology_02,9,next_token_logprob_delta,even,0.7916666666666666,2,0.1237219918076419,0.00822790618138572,0.11085535560512186,3,0.25,1.0,3,"21,22,23",0.7857142857142857,8,8
7,16,matched_betti,0.5,max_full_branch_node_speed,all_interior,coexact,coexact,random_tangent,ontology_collapse,ontology_03,9,next_token_logprob_delta,even,0.7916666666666666,2,-0.04663974682286631,0.034986674415108214,0.7828531608486673,3,0.25,1.0,2,"22,23",0.7758620689655172,8,8
7,16,matched_betti,0.5,max_full_branch_node_speed,all_interior,coexact,coexact,random_tangent,ontology_collapse,ontology_04,9,next_token_logprob_delta,even,0.7916666666666666,2,0.13556226576851652,0.011864775651776481,0.1452413446228224,3,0.25,1.0,3,"22,23,24",0.7931034482758621,8,8
7,16,matched_betti,0.5,max_full_branch_node_speed,all_interior,coexact,coexact,random_tangent,ontology_collapse,ontology_05,9,next_token_logprob_delta,even,0.7916666666666666,2,-0.06508691815676822,0.010652239233365054,0.2647105371364617,3,0.25,1.0,3,"21,22,23",0.7857142857142857,8,8
7,16,matched_betti,0.5,max_full_branch_node_speed,all_interior,coexact,coexact,random_tangent,identity_stress,identity_01,10,next_token_logprob_delta,even,0.875,2,0.052645998615352727,0.020523653845881788,0.5472608614735391,3,0.25,1.0,3,"29,30,31",0.8823529411764706,8,8
7,16,matched_betti,0.5,max_full_branch_node_speed,all_interior,coexact,coexact,random_tangent,identity_stress,identity_02,10,next_token_logprob_delta,even,0.875,2,-0.015521405363421654,0.04564130001655766,0.9800578026350356,3,0.25,1.0,1,26,0.8387096774193549,8,8
7,16,matched_betti,0.5,max_full_branch_node_speed,all_interior,coexact,coexact,random_tangent,identity_stress,identity_03,10,next_token_logprob_delta,even,0.875,2,-0.3225882434684868,0.03186740493862976,0.16346184610740805,3,0.25,1.0,3,"26,27,28",0.8709677419354839,8,8
7,16,matched_betti,0.5,max_full_branch_node_speed,all_interior,coexact,coexact,random_tangent,identity_stress,identity_04,10,next_token_logprob_delta,even,0.875,2,0.21316193583598847,0.025805554700332453,0.1989892638513191,3,0.25,1.0,1,24,0.8571428571428571,8,8
7,16,matched_betti,0.5,max_full_branch_node_speed,all_interior,coexact,coexact,random_tangent,identity_stress,identity_05,10,next_token_logprob_delta,even,0.875,2,0.19274987025434015,0.011116967355565568,0.09628727758960867,3,0.25,1.0,2,"24,25",0.875,8,8
7,16,matched_betti,0.5,max_full_branch_node_speed,all_interior,coexact,coexact,random_tangent,literal_stable,literal_01,10,next_token_logprob_delta,even,0.875,2,-0.5276409541518842,0.010434483007776569,0.03315071929681633,3,0.25,1.0,2,"29,30",0.8939393939393939,8,8
7,16,matched_betti,0.5,max_full_branch_node_speed,all_interior,coexact,coexact,random_tangent,literal_stable,literal_03,10,next_token_logprob_delta,even,0.875,2,0.12447638343948332,0.0067249099860388515,0.09024498525557473,3,0.25,1.0,2,"23,24",0.8703703703703703,8,8
7,16,matched_betti,0.5,max_full_branch_node_speed,all_interior,coexact,coexact,random_tangent,literal_stable,literal_04,10,next_token_logprob_delta,even,0.875,2,0.14633851782403592,0.02452608258477204,0.2706163617407373,3,0.25,1.0,2,"21,22",0.86,8,8
7,16,matched_betti,0.5,max_full_branch_node_speed,all_interior,coexact,coexact,random_tangent,literal_stable,literal_05,10,next_token_logprob_delta,even,0.875,2,0.010326866801580148,0.012255389252875637,0.8935708104142588,3,0.25,1.0,2,"22,23",0.8653846153846154,8,8
7,16,matched_betti,0.5,max_full_branch_node_speed,all_interior,coexact,coexact,random_tangent,metaphor_shift,metaphor_01,10,next_token_logprob_delta,even,0.875,2,0.16919949052247166,0.08010286897042138,0.6218500552018807,3,0.25,1.0,3,"29,30,31",0.8823529411764706,8,8
7,16,matched_betti,0.5,max_full_branch_node_speed,all_interior,coexact,coexact,random_tangent,metaphor_shift,metaphor_02,10,next_token_logprob_delta,even,0.875,2,-0.10834117629051455,0.006780096419240699,0.10439081123817598,3,0.25,1.0,1,26,0.896551724137931,8,8
7,16,matched_betti,0.5,max_full_branch_node_speed,all_interior,coexact,coexact,random_tangent,metaphor_shift,metaphor_03,10,next_token_logprob_delta,even,0.875,2,-0.06498029561154615,0.01600687337069858,0.3818565388463219,3,0.25,1.0,2,"25,27",0.8666666666666667,8,8
7,16,matched_betti,0.5,max_full_branch_node_speed,all_interior,coexact,coexact,random_tangent,metaphor_shift,metaphor_04,10,next_token_logprob_delta,even,0.875,2,-0.07797764854189808,0.0055850945050933895,0.11927467963655228,3,0.25,1.0,2,"24,25",0.875,8,8
7,16,matched_betti,0.5,max_full_branch_node_speed,all_interior,coexact,coexact,random_tangent,metaphor_shift,metaphor_05,10,next_token_logprob_delta,even,0.875,2,-0.21157107270322723,0.00754500439089937,0.05970723945439635,3,0.25,1.0,1,23,0.8518518518518517,8,8
7,16,matched_betti,0.5,max_full_branch_node_speed,all_interior,coexact,coexact,random_tangent,ontology_collapse,ontology_01,10,next_token_logprob_delta,even,0.875,2,0.029076021094770334,0.019044175618395928,0.7395033880205978,3,0.25,1.0,3,"26,27,28",0.8709677419354839,8,8
7,16,matched_betti,0.5,max_full_branch_node_speed,all_interior,coexact,coexact,random_tangent,ontology_collapse,ontology_02,10,next_token_logprob_delta,even,0.875,2,-0.07420340570698486,0.025924170778991548,0.5055716547582392,3,0.25,1.0,2,"24,25",0.875,8,8
7,16,matched_betti,0.5,max_full_branch_node_speed,all_interior,coexact,coexact,random_tangent,ontology_collapse,ontology_03,10,next_token_logprob_delta,even,0.875,2,0.16872507357933747,0.02048487485029696,0.19954008470571918,3,0.25,1.0,2,"25,26",0.8793103448275862,8,8
7,16,matched_betti,0.5,max_full_branch_node_speed,all_interior,coexact,coexact,random_tangent,ontology_collapse,ontology_04,10,next_token_logprob_delta,even,0.875,2,-0.1633244517988098,0.00634236591021845,0.06499502600365478,3,0.25,1.0,2,"25,26",0.8793103448275862,8,8
7,16,matched_betti,0.5,max_full_branch_node_speed,all_interior,coexact,coexact,random_tangent,ontology_collapse,ontology_05,10,next_token_logprob_delta,even,0.875,2,0.1679515595871995,0.00888299924819762,0.08836345924228392,3,0.25,1.0,2,"24,25",0.875,8,8
7,16,matched_betti,0.5,max_full_branch_node_speed,all_interior,coexact,coexact,random_tangent,identity_stress,identity_01,11,next_token_logprob_delta,even,0.9583333333333334,2,0.05636591577290462,0.018604780047637326,0.4843445577596445,3,0.25,1.0,2,"32,33",0.9558823529411763,8,8
7,16,matched_betti,0.5,max_full_branch_node_speed,all_interior,coexact,coexact,random_tangent,identity_stress,identity_02,11,next_token_logprob_delta,even,0.9583333333333334,2,0.024170940298807973,0.013134951269585082,0.6736279906136906,3,0.25,1.0,2,"29,30",0.9516129032258065,8,8
7,16,matched_betti,0.5,max_full_branch_node_speed,all_interior,coexact,coexact,random_tangent,identity_stress,identity_03,11,next_token_logprob_delta,even,0.9583333333333334,2,0.08686586120349436,0.01747288432254995,0.31967354253922214,3,0.25,1.0,1,29,0.9354838709677419,8,8
7,16,matched_betti,0.5,max_full_branch_node_speed,all_interior,coexact,coexact,random_tangent,identity_stress,identity_04,11,next_token_logprob_delta,even,0.9583333333333334,2,0.05855102701243133,0.00036585547114478817,0.010479739174602,3,0.25,1.0,1,26,0.9285714285714285,8,8
7,16,matched_betti,0.5,max_full_branch_node_speed,all_interior,coexact,coexact,random_tangent,identity_stress,identity_05,11,next_token_logprob_delta,even,0.9583333333333334,2,0.24932989181640444,0.01858812959648364,0.12407709599337803,3,0.25,1.0,2,"26,27",0.9464285714285715,8,8
7,16,matched_betti,0.5,max_full_branch_node_speed,all_interior,coexact,coexact,random_tangent,literal_stable,literal_02,11,next_token_logprob_delta,even,0.9583333333333334,2,-0.12901978987150942,0.011700154309315869,0.15037238213828943,3,0.25,1.0,2,"26,27",0.9464285714285715,8,8
7,16,matched_betti,0.5,max_full_branch_node_speed,all_interior,coexact,coexact,random_tangent,literal_stable,literal_03,11,next_token_logprob_delta,even,0.9583333333333334,2,0.04747232188928989,0.011344235650855516,0.3720354189533548,3,0.25,1.0,1,25,0.9259259259259259,8,8
7,16,matched_betti,0.5,max_full_branch_node_speed,all_interior,coexact,coexact,random_tangent,literal_stable,literal_04,11,next_token_logprob_delta,even,0.9583333333333334,2,-0.250650432809245,0.013493031197494168,0.08992434378481044,3,0.25,1.0,2,"23,24",0.94,8,8
7,16,matched_betti,0.5,max_full_branch_node_speed,all_interior,coexact,coexact,random_tangent,literal_stable,literal_05,11,next_token_logprob_delta,even,0.9583333333333334,2,0.11875087161542211,0.0029029815375463666,0.04096773917393027,3,0.25,1.0,1,25,0.9615384615384616,8,8
7,16,matched_betti,0.5,max_full_branch_node_speed,all_interior,coexact,coexact,random_tangent,metaphor_shift,metaphor_01,11,next_token_logprob_delta,even,0.9583333333333334,2,0.5918828741216368,0.007906360972122535,0.022399131342489418,3,0.25,1.0,1,32,0.9411764705882352,8,8
7,16,matched_betti,0.5,max_full_branch_node_speed,all_interior,coexact,coexact,random_tangent,metaphor_shift,metaphor_02,11,next_token_logprob_delta,even,0.9583333333333334,2,-0.01302029812735851,0.006464645883405658,0.6399271745502321,3,0.25,1.0,2,"27,28",0.9482758620689656,8,8
7,16,matched_betti,0.5,max_full_branch_node_speed,all_interior,coexact,coexact,random_tangent,metaphor_shift,metaphor_03,11,next_token_logprob_delta,even,0.9583333333333334,2,-0.044595786356207714,0.005192877059592624,0.19168348110999542,3,0.25,1.0,2,"28,29",0.9499999999999998,8,8
7,16,matched_betti,0.5,max_full_branch_node_speed,all_interior,coexact,coexact,random_tangent,metaphor_shift,metaphor_04,11,next_token_logprob_delta,even,0.9583333333333334,2,0.4623912165666291,0.055634216885244385,0.19781701838018978,3,0.25,1.0,1,26,0.9285714285714285,8,8
7,16,matched_betti,0.5,max_full_branch_node_speed,all_interior,coexact,coexact,random_tangent,metaphor_shift,metaphor_05,11,next_token_logprob_delta,even,0.9583333333333334,2,-0.3085661052089107,0.019440712725711323,0.10508769394079333,3,0.25,1.0,2,"25,26",0.9444444444444443,8,8
7,16,matched_betti,0.5,max_full_branch_node_speed,all_interior,coexact,coexact,random_tangent,ontology_collapse,ontology_01,11,next_token_logprob_delta,even,0.9583333333333334,2,0.1371231808244746,0.017423821060128995,0.20844239254261684,3,0.25,1.0,1,29,0.9354838709677419,8,8
7,16,matched_betti,0.5,max_full_branch_node_speed,all_interior,coexact,coexact,random_tangent,ontology_collapse,ontology_02,11,next_token_logprob_delta,even,0.9583333333333334,2,-0.2581112967516527,0.009610540038319676,0.062329667317159776,3,0.25,1.0,2,"26,27",0.9464285714285715,8,8
7,16,matched_betti,0.5,max_full_branch_node_speed,all_interior,coexact,coexact,random_tangent,ontology_collapse,ontology_03,11,next_token_logprob_delta,even,0.9583333333333334,2,0.03080881715797427,0.002523032850577423,0.13607818174675088,3,0.25,1.0,2,"27,28",0.9482758620689656,8,8
7,16,matched_betti,0.5,max_full_branch_node_speed,all_interior,coexact,coexact,random_tangent,ontology_collapse,ontology_04,11,next_token_logprob_delta,even,0.9583333333333334,2,0.3689307388929235,0.021700739010622805,0.09818059045238309,3,0.25,1.0,2,"27,28",0.9482758620689656,8,8
7,16,matched_betti,0.5,max_full_branch_node_speed,all_interior,coexact,coexact,random_tangent,ontology_collapse,ontology_05,11,next_token_logprob_delta,even,0.9583333333333334,2,0.3750245406220478,0.036923994729523096,0.16293178850781817,3,0.25,1.0,1,26,0.9285714285714285,8,8
7,16,matched_betti,0.5,max_full_branch_node_speed,all_interior,coexact,coexact,random_tangent,identity_stress,identity_01,0,next_token_logprob_delta,odd,0.041666666666666664,1,0.772110661486921,0.035551491141578254,0.06944476313788692,3,0.25,1.0,2,"1,2",0.04411764705882352,8,8
7,16,matched_betti,0.5,max_full_branch_node_speed,all_interior,coexact,coexact,random_tangent,identity_stress,identity_02,0,next_token_logprob_delta,odd,0.041666666666666664,1,0.8447523816857535,0.01028857384197613,0.01841039524899231,3,0.25,1.0,2,"1,2",0.04838709677419354,8,8
7,16,matched_betti,0.5,max_full_branch_node_speed,all_interior,coexact,coexact,random_tangent,identity_stress,identity_03,0,next_token_logprob_delta,odd,0.041666666666666664,1,1.3846576075559078,0.02669821883962449,0.029138448035137744,3,0.25,1.0,2,"1,2",0.04838709677419354,8,8
7,16,matched_betti,0.5,max_full_branch_node_speed,all_interior,coexact,coexact,random_tangent,identity_stress,identity_04,0,next_token_logprob_delta,odd,0.041666666666666664,1,0.972849926561751,0.016792098171596433,0.02608688723529671,3,0.25,1.0,2,"1,2",0.05357142857142857,8,8
7,16,matched_betti,0.5,max_full_branch_node_speed,all_interior,coexact,coexact,random_tangent,identity_stress,identity_05,0,next_token_logprob_delta,odd,0.041666666666666664,1,1.066181714293278,0.030566076397352503,0.04330239141911878,3,0.25,1.0,2,"1,2",0.05357142857142857,8,8
7,16,matched_betti,0.5,max_full_branch_node_speed,all_interior,coexact,coexact,random_tangent,literal_stable,literal_01,0,next_token_logprob_delta,odd,0.041666666666666664,1,0.4586527247299752,0.0439538476129506,0.14338799236383576,3,0.25,1.0,2,"1,2",0.04545454545454545,8,8
7,16,matched_betti,0.5,max_full_branch_node_speed,all_interior,coexact,coexact,random_tangent,literal_stable,literal_02,0,next_token_logprob_delta,odd,0.041666666666666664,1,0.6465075369220582,0.00603141940091492,0.014103071691143358,3,0.25,1.0,2,"1,2",0.05357142857142857,8,8
7,16,matched_betti,0.5,max_full_branch_node_speed,all_interior,coexact,coexact,random_tangent,literal_stable,literal_03,0,next_token_logprob_delta,odd,0.041666666666666664,1,0.4517139314780685,0.029358970341389606,0.09779163111789317,3,0.25,1.0,2,"1,2",0.05555555555555555,8,8
7,16,matched_betti,0.5,max_full_branch_node_speed,all_interior,coexact,coexact,random_tangent,literal_stable,literal_04,0,next_token_logprob_delta,odd,0.041666666666666664,1,0.9212895007306466,0.017729979583855488,0.029083009119218538,3,0.25,1.0,2,"1,2",0.06,8,8
7,16,matched_betti,0.5,max_full_branch_node_speed,all_interior,coexact,coexact,random_tangent,literal_stable,literal_05,0,next_token_logprob_delta,odd,0.041666666666666664,1,0.6943027124946648,0.012414759266090248,0.027023511266913214,3,0.25,1.0,2,"1,2",0.05769230769230769,8,8
7,16,matched_betti,0.5,max_full_branch_node_speed,all_interior,coexact,coexact,random_tangent,metaphor_shift,metaphor_01,0,next_token_logprob_delta,odd,0.041666666666666664,1,-0.6015970890385713,0.09386612609005522,0.22959114613368467,3,0.25,1.0,2,"1,2",0.04411764705882352,8,8
7,16,matched_betti,0.5,max_full_branch_node_speed,all_interior,coexact,coexact,random_tangent,metaphor_shift,metaphor_02,0,next_token_logprob_delta,odd,0.041666666666666664,1,-0.016697431006337197,0.1287656193050384,0.9963418679648166,3,0.25,1.0,2,"1,2",0.05172413793103448,8,8
7,16,matched_betti,0.5,max_full_branch_node_speed,all_interior,coexact,coexact,random_tangent,metaphor_shift,metaphor_03,0,next_token_logprob_delta,odd,0.041666666666666664,1,0.09993092112924662,0.03417366355589952,0.45926382681718697,3,0.25,1.0,2,"1,2",0.05000000000000001,8,8
7,16,matched_betti,0.5,max_full_branch_node_speed,all_interior,coexact,coexact,random_tangent,metaphor_shift,metaphor_04,0,next_token_logprob_delta,odd,0.041666666666666664,1,1.4281628562123803,0.015828793255763467,0.016754060633115617,3,0.25,1.0,2,"1,2",0.05357142857142857,8,8
7,16,matched_betti,0.5,max_full_branch_node_speed,all_interior,coexact,coexact,random_tangent,metaphor_shift,metaphor_05,0,next_token_logprob_delta,odd,0.041666666666666664,1,0.23641794489736528,0.039732275272441914,0.24625744530249596,3,0.25,1.0,2,"1,2",0.05555555555555555,8,8
7,16,matched_betti,0.5,max_full_branch_node_speed,all_interior,coexact,coexact,random_tangent,ontology_collapse,ontology_01,0,next_token_logprob_delta,odd,0.041666666666666664,1,1.4386894359622782,0.0656156780456995,0.06878940640864369,3,0.25,1.0,2,"1,2",0.04838709677419354,8,8
7,16,matched_betti,0.5,max_full_branch_node_speed,all_interior,coexact,coexact,random_tangent,ontology_collapse,ontology_02,0,next_token_logprob_delta,odd,0.041666666666666664,1,1.4286094525736805,0.013633812932673723,0.014426785768360244,3,0.25,1.0,2,"1,2",0.05357142857142857,8,8
7,16,matched_betti,0.5,max_full_branch_node_speed,all_interior,coexact,coexact,random_tangent,ontology_collapse,ontology_03,0,next_token_logprob_delta,odd,0.041666666666666664,1,0.847779481313294,0.01905121814062246,0.03395473311675238,3,0.25,1.0,2,"1,2",0.05172413793103448,8,8
7,16,matched_betti,0.5,max_full_branch_node_speed,all_interior,coexact,coexact,random_tangent,ontology_collapse,ontology_04,0,next_token_logprob_delta,odd,0.041666666666666664,1,1.8577922230639847,0.061444845518997905,0.04994097579813344,3,0.25,1.0,2,"1,2",0.05172413793103448,8,8
7,16,matched_betti,0.5,max_full_branch_node_speed,all_interior,coexact,coexact,random_tangent,ontology_collapse,ontology_05,0,next_token_logprob_delta,odd,0.041666666666666664,1,0.6011481496727787,0.02828793220001499,0.07096339515483605,3,0.25,1.0,2,"1,2",0.05357142857142857,8,8
7,16,matched_betti,0.5,max_full_branch_node_speed,all_interior,coexact,coexact,random_tangent,identity_stress,identity_01,1,next_token_logprob_delta,odd,0.125,1,-0.399832456532179,0.038121086801505236,0.14266998764301594,3,0.25,1.0,3,"3,4,5",0.11764705882352942,8,8
7,16,matched_betti,0.5,max_full_branch_node_speed,all_interior,coexact,coexact,random_tangent,identity_stress,identity_02,1,next_token_logprob_delta,odd,0.125,1,-0.34188925355784083,0.006971348461915536,0.03081314618433535,3,0.25,1.0,3,"3,4,5",0.12903225806451613,8,8
7,16,matched_betti,0.5,max_full_branch_node_speed,all_interior,coexact,coexact,random_tangent,identity_stress,identity_03,1,next_token_logprob_delta,odd,0.125,1,0.07626748543611847,0.029554220039897324,0.5054942929870905,3,0.25,1.0,3,"3,4,5",0.12903225806451613,8,8
7,16,matched_betti,0.5,max_full_branch_node_speed,all_interior,coexact,coexact,random_tangent,identity_stress,identity_04,1,next_token_logprob_delta,odd,0.125,1,0.8872842086276206,0.004022470930359468,0.006853792195754848,3,0.25,1.0,2,"3,4",0.125,8,8
7,16,matched_betti,0.5,max_full_branch_node_speed,all_interior,coexact,coexact,random_tangent,identity_stress,identity_05,1,next_token_logprob_delta,odd,0.125,1,0.24123880264959185,0.02698995808503166,0.16677864802073195,3,0.25,1.0,2,"3,4",0.125,8,8
7,16,matched_betti,0.5,max_full_branch_node_speed,all_interior,coexact,coexact,random_tangent,literal_stable,literal_01,1,next_token_logprob_delta,odd,0.125,1,0.18632786561081702,0.03892907361802318,0.3012004661498423,3,0.25,1.0,3,"3,4,5",0.12121212121212122,8,8
7,16,matched_betti,0.5,max_full_branch_node_speed,all_interior,coexact,coexact,random_tangent,literal_stable,literal_02,1,next_token_logprob_delta,odd,0.125,1,0.6840210544941143,0.032521092339846375,0.071694787173251,3,0.25,1.0,2,"3,4",0.125,8,8
7,16,matched_betti,0.5,max_full_branch_node_speed,all_interior,coexact,coexact,random_tangent,literal_stable,literal_03,1,next_token_logprob_delta,odd,0.125,1,0.6272809310160616,0.036308238035467295,0.08717611460161774,3,0.25,1.0,2,"3,4",0.12962962962962962,8,8
7,16,matched_betti,0.5,max_full_branch_node_speed,all_interior,coexact,coexact,random_tangent,literal_stable,literal_04,1,next_token_logprob_delta,odd,0.125,1,1.1258015056966015,0.04462786931626211,0.05982417930691537,3,0.25,1.0,2,"3,4",0.14,8,8
7,16,matched_betti,0.5,max_full_branch_node_speed,all_interior,coexact,coexact,random_tangent,literal_stable,literal_05,1,next_token_logprob_delta,odd,0.125,1,-0.04394358696552497,0.012492390899799996,0.3948685432451407,3,0.25,1.0,2,"3,4",0.13461538461538464,8,8
7,16,matched_betti,0.5,max_full_branch_node_speed,all_interior,coexact,coexact,random_tangent,metaphor_shift,metaphor_01,1,next_token_logprob_delta,odd,0.125,1,0.45384607248902403,0.04020658897172674,0.13275128519746582,3,0.25,1.0,2,"3,5",0.1176470588235294,8,8
7,16,matched_betti,0.5,max_full_branch_node_speed,all_interior,coexact,coexact,random_tangent,metaphor_shift,metaphor_02,1,next_token_logprob_delta,odd,0.125,1,1.0480713085582043,0.05201991318040669,0.074829088094055,3,0.25,1.0,2,"3,4",0.12068965517241377,8,8
7,16,matched_betti,0.5,max_full_branch_node_speed,all_interior,coexact,coexact,random_tangent,metaphor_shift,metaphor_03,1,next_token_logprob_delta,odd,0.125,1,1.982714486462317,0.04423979384610375,0.033714515371296834,3,0.25,1.0,2,"3,4",0.11666666666666665,8,8
7,16,matched_betti,0.5,max_full_branch_node_speed,all_interior,coexact,coexact,random_tangent,metaphor_shift,metaphor_04,1,next_token_logprob_delta,odd,0.125,1,0.6437731840544865,0.011478977107347918,0.026947813456633243,3,0.25,1.0,2,"3,4",0.125,8,8
7,16,matched_betti,0.5,max_full_branch_node_speed,all_interior,coexact,coexact,random_tangent,metaphor_shift,metaphor_05,1,next_token_logprob_delta,odd,0.125,1,1.2278710143733769,0.05132988573700801,0.06307581421560132,3,0.25,1.0,2,"3,4",0.12962962962962962,8,8
7,16,matched_betti,0.5,max_full_branch_node_speed,all_interior,coexact,coexact,random_tangent,ontology_collapse,ontology_01,1,next_token_logprob_delta,odd,0.125,1,1.0047312366308672,0.007505626721796233,0.011293286145129661,3,0.25,1.0,3,"3,4,5",0.12903225806451613,8,8
7,16,matched_betti,0.5,max_full_branch_node_speed,all_interior,coexact,coexact,random_tangent,ontology_collapse,ontology_02,1,next_token_logprob_delta,odd,0.125,1,0.8074745386349692,0.028347650684332662,0.05300152269775685,3,0.25,1.0,2,"3,4",0.125,8,8
7,16,matched_betti,0.5,max_full_branch_node_speed,all_interior,coexact,coexact,random_tangent,ontology_collapse,ontology_03,1,next_token_logprob_delta,odd,0.125,1,0.7438629428240162,0.035244263723723114,0.07144883106357598,3,0.25,1.0,2,"3,4",0.12068965517241377,8,8
7,16,matched_betti,0.5,max_full_branch_node_speed,all_interior,coexact,coexact,random_tangent,ontology_collapse,ontology_04,1,next_token_logprob_delta,odd,0.125,1,-0.4877086715697758,0.014568126582780805,0.04511404776171321,3,0.25,1.0,2,"3,4",0.12068965517241377,8,8
7,16,matched_betti,0.5,max_full_branch_node_speed,all_interior,coexact,coexact,random_tangent,ontology_collapse,ontology_05,1,next_token_logprob_delta,odd,0.125,1,0.8748131889274455,0.032275328512904676,0.05569186654151838,3,0.25,1.0,2,"3,4",0.125,8,8
7,16,matched_betti,0.5,max_full_branch_node_speed,all_interior,coexact,coexact,random_tangent,identity_stress,identity_01,2,next_token_logprob_delta,odd,0.20833333333333334,1,0.04345781836837318,0.03149057862530993,0.7385745067957988,3,0.25,1.0,3,"6,7,8",0.2058823529411765,8,8
7,16,matched_betti,0.5,max_full_branch_node_speed,all_interior,coexact,coexact,random_tangent,identity_stress,identity_02,2,next_token_logprob_delta,odd,0.20833333333333334,1,0.4132643292578877,0.03150752006984224,0.11450679229726513,3,0.25,1.0,2,"6,7",0.20967741935483866,8,8
7,16,matched_betti,0.5,max_full_branch_node_speed,all_interior,coexact,coexact,random_tangent,identity_stress,identity_03,2,next_token_logprob_delta,odd,0.20833333333333334,1,0.4745368524078413,0.035985974418233334,0.11390389311997283,3,0.25,1.0,2,"6,7",0.20967741935483866,8,8
7,16,matched_betti,0.5,max_full_branch_node_speed,all_interior,coexact,coexact,random_tangent,identity_stress,identity_04,2,next_token_logprob_delta,odd,0.20833333333333334,1,0.8965981972122062,0.01726197838390575,0.029095095038130382,3,0.25,1.0,2,"5,6",0.19642857142857142,8,8
7,16,matched_betti,0.5,max_full_branch_node_speed,all_interior,coexact,coexact,random_tangent,identity_stress,identity_05,2,next_token_logprob_delta,odd,0.20833333333333334,1,0.7294656064418558,0.03333769231278298,0.06892987463071819,3,0.25,1.0,2,"5,6",0.19642857142857142,8,8
7,16,matched_betti,0.5,max_full_branch_node_speed,all_interior,coexact,coexact,random_tangent,literal_stable,literal_01,2,next_token_logprob_delta,odd,0.20833333333333334,1,0.38490721669736916,0.05826666867123117,0.2230946693627225,3,0.25,1.0,3,"6,7,8",0.21212121212121213,8,8
7,16,matched_betti,0.5,max_full_branch_node_speed,all_interior,coexact,coexact,random_tangent,literal_stable,literal_02,2,next_token_logprob_delta,odd,0.20833333333333334,1,0.9189377459304737,0.046713083991587676,0.07662749412064779,3,0.25,1.0,2,"5,6",0.19642857142857142,8,8
7,16,matched_betti,0.5,max_full_branch_node_speed,all_interior,coexact,coexact,random_tangent,literal_stable,literal_03,2,next_token_logprob_delta,odd,0.20833333333333334,1,0.2085776959303921,0.03413290778242218,0.2401681573477229,3,0.25,1.0,2,"5,6",0.2037037037037037,8,8
7,16,matched_betti,0.5,max_full_branch_node_speed,all_interior,coexact,coexact,random_tangent,literal_stable,literal_04,2,next_token_logprob_delta,odd,0.20833333333333334,1,1.0864464836893486,0.05272343230075888,0.07317126622502919,3,0.25,1.0,2,"5,6",0.22,8,8
7,16,matched_betti,0.5,max_full_branch_node_speed,all_interior,coexact,coexact,random_tangent,literal_stable,literal_05,2,next_token_logprob_delta,odd,0.20833333333333334,1,0.7722522342464111,0.11847927585822297,0.2259513477256321,3,0.25,1.0,2,"5,6",0.21153846153846156,8,8
7,16,matched_betti,0.5,max_full_branch_node_speed,all_interior,coexact,coexact,random_tangent,metaphor_shift,metaphor_01,2,next_token_logprob_delta,odd,0.20833333333333334,1,0.0244202463034152,0.008719855910299229,0.475044290019702,3,0.25,1.0,3,"6,7,8",0.2058823529411765,8,8
7,16,matched_betti,0.5,max_full_branch_node_speed,all_interior,coexact,coexact,random_tangent,metaphor_shift,metaphor_02,2,next_token_logprob_delta,odd,0.20833333333333334,1,1.5465717057077353,0.07057176369340656,0.06882415104685115,3,0.25,1.0,3,"5,6,7",0.20689655172413793,8,8
7,16,matched_betti,0.5,max_full_branch_node_speed,all_interior,coexact,coexact,random_tangent,metaphor_shift,metaphor_03,2,next_token_logprob_delta,odd,0.20833333333333334,1,0.5459869853003839,0.014724225676806892,0.040738071973108934,3,0.25,1.0,3,"5,6,7",0.19999999999999998,8,8
7,16,matched_betti,0.5,max_full_branch_node_speed,all_interior,coexact,coexact,random_tangent,metaphor_shift,metaphor_04,2,next_token_logprob_delta,odd,0.20833333333333334,1,0.41302901547415144,0.026013710345702705,0.09479222112920523,3,0.25,1.0,2,"5,6",0.19642857142857142,8,8
7,16,matched_betti,0.5,max_full_branch_node_speed,all_interior,coexact,coexact,random_tangent,metaphor_shift,metaphor_05,2,next_token_logprob_delta,odd,0.20833333333333334,1,0.8563462428241464,0.016396865613444597,0.028936134766998703,3,0.25,1.0,2,"5,6",0.2037037037037037,8,8
7,16,matched_betti,0.5,max_full_branch_node_speed,all_interior,coexact,coexact,random_tangent,ontology_collapse,ontology_01,2,next_token_logprob_delta,odd,0.20833333333333334,1,-0.08072587200323439,0.03392672263205549,0.5362902360363545,3,0.25,1.0,2,"6,7",0.20967741935483866,8,8
7,16,matched_betti,0.5,max_full_branch_node_speed,all_interior,coexact,coexact,random_tangent,ontology_collapse,ontology_02,2,next_token_logprob_delta,odd,0.20833333333333334,1,0.7156478050675803,0.007707054886510534,0.016279554753335826,3,0.25,1.0,2,"5,6",0.19642857142857142,8,8
7,16,matched_betti,0.5,max_full_branch_node_speed,all_interior,coexact,coexact,random_tangent,ontology_collapse,ontology_03,2,next_token_logprob_delta,odd,0.20833333333333334,1,0.31235466096129894,0.0343967453022565,0.16422654869833186,3,0.25,1.0,3,"5,6,7",0.20689655172413793,8,8
7,16,matched_betti,0.5,max_full_branch_node_speed,all_interior,coexact,coexact,random_tangent,ontology_collapse,ontology_04,2,next_token_logprob_delta,odd,0.20833333333333334,1,0.23495298731351297,0.0035369121708344856,0.02275316561207945,3,0.25,1.0,3,"5,6,7",0.20689655172413793,8,8
7,16,matched_betti,0.5,max_full_branch_node_speed,all_interior,coexact,coexact,random_tangent,ontology_collapse,ontology_05,2,next_token_logprob_delta,odd,0.20833333333333334,1,0.08233251652962528,0.062413455465326485,0.7534969246272257,3,0.25,1.0,2,"5,6",0.19642857142857142,8,8
7,16,matched_betti,0.5,max_full_branch_node_speed,all_interior,coexact,coexact,random_tangent,identity_stress,identity_01,3,next_token_logprob_delta,odd,0.2916666666666667,1,-0.3494634445626308,0.03912216841745289,0.16687802896830733,3,0.25,1.0,3,"9,10,11",0.29411764705882354,8,8
7,16,matched_betti,0.5,max_full_branch_node_speed,all_interior,coexact,coexact,random_tangent,identity_stress,identity_02,3,next_token_logprob_delta,odd,0.2916666666666667,1,0.4044689127162354,0.009169866218096298,0.03425577997832744,3,0.25,1.0,3,"8,9,10",0.2903225806451613,8,8
7,16,matched_betti,0.5,max_full_branch_node_speed,all_interior,coexact,coexact,random_tangent,identity_stress,identity_03,3,next_token_logprob_delta,odd,0.2916666666666667,1,0.12725633963603197,0.005596984673576089,0.06634797279503721,3,0.25,1.0,3,"8,9,10",0.2903225806451613,8,8
7,16,matched_betti,0.5,max_full_branch_node_speed,all_interior,coexact,coexact,random_tangent,identity_stress,identity_04,3,next_token_logprob_delta,odd,0.2916666666666667,1,-0.40726249935863407,0.0534926878018696,0.19477476033692126,3,0.25,1.0,3,"7,8,9",0.28571428571428575,8,8
7,16,matched_betti,0.5,max_full_branch_node_speed,all_interior,coexact,coexact,random_tangent,identity_stress,identity_05,3,next_token_logprob_delta,odd,0.2916666666666667,1,0.5477109487650967,0.024102462840587993,0.06638377269165506,3,0.25,1.0,3,"7,8,9",0.28571428571428575,8,8
7,16,matched_betti,0.5,max_full_branch_node_speed,all_interior,coexact,coexact,random_tangent,literal_stable,literal_01,3,next_token_logprob_delta,odd,0.2916666666666667,1,1.3393803886719806,0.04034271839208343,0.04549067321185085,3,0.25,1.0,2,"9,10",0.28787878787878785,8,8
7,16,matched_betti,0.5,max_full_branch_node_speed,all_interior,coexact,coexact,random_tangent,literal_stable,literal_02,3,next_token_logprob_delta,odd,0.2916666666666667,1,0.2517899927229923,0.04388520752866655,0.2548081836682286,3,0.25,1.0,3,"7,8,9",0.28571428571428575,8,8
7,16,matched_betti,0.5,max_full_branch_node_speed,all_interior,coexact,coexact,random_tangent,literal_stable,literal_03,3,next_token_logprob_delta,odd,0.2916666666666667,1,0.4339048143074437,0.030959652019469028,0.1072507436252184,3,0.25,1.0,2,"7,8",0.2777777777777778,8,8
7,16,matched_betti,0.5,max_full_branch_node_speed,all_interior,coexact,coexact,random_tangent,literal_stable,literal_04,3,next_token_logprob_delta,odd,0.2916666666666667,1,0.6734742540405849,0.01139171989149376,0.02556450037680338,3,0.25,1.0,2,"7,8",0.30000000000000004,8,8
7,16,matched_betti,0.5,max_full_branch_node_speed,all_interior,coexact,coexact,random_tangent,literal_stable,literal_05,3,next_token_logprob_delta,odd,0.2916666666666667,1,-0.23123174939523866,0.005242935438784041,0.03425965582476815,3,0.25,1.0,2,"7,8",0.28846153846153844,8,8
7,16,matched_betti,0.5,max_full_branch_node_speed,all_interior,coexact,coexact,random_tangent,metaphor_shift,metaphor_01,3,next_token_logprob_delta,odd,0.2916666666666667,1,0.987116468308694,0.050552338475562224,0.0771944322128804,3,0.25,1.0,3,"9,10,11",0.29411764705882354,8,8
7,16,matched_betti,0.5,max_full_branch_node_speed,all_interior,coexact,coexact,random_tangent,metaphor_shift,metaphor_02,3,next_token_logprob_delta,odd,0.2916666666666667,1,1.1274926955762432,0.03398310864692866,0.04552080265322255,3,0.25,1.0,2,"8,9",0.2931034482758621,8,8
7,16,matched_betti,0.5,max_full_branch_node_speed,all_interior,coexact,coexact,random_tangent,metaphor_shift,metaphor_03,3,next_token_logprob_delta,odd,0.2916666666666667,1,0.6313214029642102,0.005994978887668891,0.014355005559823053,3,0.25,1.0,2,"8,9",0.2833333333333333,8,8
7,16,matched_betti,0.5,max_full_branch_node_speed,all_interior,coexact,coexact,random_tangent,metaphor_shift,metaphor_04,3,next_token_logprob_delta,odd,0.2916666666666667,1,0.4946580824809195,0.021171745971354374,0.06457362877437496,3,0.25,1.0,3,"7,8,9",0.28571428571428575,8,8
7,16,matched_betti,0.5,max_full_branch_node_speed,all_interior,coexact,coexact,random_tangent,metaphor_shift,metaphor_05,3,next_token_logprob_delta,odd,0.2916666666666667,1,-0.011153892493095905,0.038881406881032435,0.9824701147992866,3,0.25,1.0,2,"7,8",0.2777777777777778,8,8
7,16,matched_betti,0.5,max_full_branch_node_speed,all_interior,coexact,coexact,random_tangent,ontology_collapse,ontology_01,3,next_token_logprob_delta,odd,0.2916666666666667,1,-0.1449037289605222,0.004038594332022537,0.04209945130737832,3,0.25,1.0,3,"8,9,10",0.2903225806451613,8,8
7,16,matched_betti,0.5,max_full_branch_node_speed,all_interior,coexact,coexact,random_tangent,ontology_collapse,ontology_02,3,next_token_logprob_delta,odd,0.2916666666666667,1,0.6296659147331052,0.008725784207848248,0.020946427378647364,3,0.25,1.0,3,"7,8,9",0.28571428571428575,8,8
7,16,matched_betti,0.5,max_full_branch_node_speed,all_interior,coexact,coexact,random_tangent,ontology_collapse,ontology_03,3,next_token_logprob_delta,odd,0.2916666666666667,1,0.9132619745817747,0.07728039288236532,0.12689941890569562,3,0.25,1.0,2,"8,9",0.2931034482758621,8,8
7,16,matched_betti,0.5,max_full_branch_node_speed,all_interior,coexact,coexact,random_tangent,ontology_collapse,ontology_04,3,next_token_logprob_delta,odd,0.2916666666666667,1,-0.06492387827301094,0.12103974209833698,0.9424436379733868,3,0.25,1.0,2,"8,9",0.2931034482758621,8,8
7,16,matched_betti,0.5,max_full_branch_node_speed,all_interior,coexact,coexact,random_tangent,ontology_collapse,ontology_05,3,next_token_logprob_delta,odd,0.2916666666666667,1,0.4641537951433583,0.022485315718140934,0.0730443066193834,3,0.25,1.0,3,"7,8,9",0.28571428571428575,8,8
7,16,matched_betti,0.5,max_full_branch_node_speed,all_interior,coexact,coexact,random_tangent,identity_stress,identity_01,4,next_token_logprob_delta,odd,0.375,1,0.24105616751140527,0.04082430161585132,0.24804074346800575,3,0.25,1.0,3,"12,13,14",0.38235294117647056,8,8
7,16,matched_betti,0.5,max_full_branch_node_speed,all_interior,coexact,coexact,random_tangent,identity_stress,identity_02,4,next_token_logprob_delta,odd,0.375,1,0.18548898154817037,0.01671798985217553,0.13501499384750398,3,0.25,1.0,2,"11,12",0.3709677419354838,8,8
7,16,matched_betti,0.5,max_full_branch_node_speed,all_interior,coexact,coexact,random_tangent,identity_stress,identity_03,4,next_token_logprob_delta,odd,0.375,1,0.9397634903687873,0.018096175365291074,0.029100150598155954,3,0.25,1.0,2,"11,12",0.3709677419354838,8,8
7,16,matched_betti,0.5,max_full_branch_node_speed,all_interior,coexact,coexact,random_tangent,identity_stress,identity_04,4,next_token_logprob_delta,odd,0.375,1,-0.0223120144897376,0.007712672933378911,0.46317206400619737,3,0.25,1.0,2,"10,11",0.375,8,8
7,16,matched_betti,0.5,max_full_branch_node_speed,all_interior,coexact,coexact,random_tangent,identity_stress,identity_05,4,next_token_logprob_delta,odd,0.375,1,0.4228495391235912,0.03797175209903564,0.13453018425686586,3,0.25,1.0,2,"10,11",0.375,8,8
7,16,matched_betti,0.5,max_full_branch_node_speed,all_interior,coexact,coexact,random_tangent,literal_stable,literal_01,4,next_token_logprob_delta,odd,0.375,1,0.3807392565180553,0.011222549508909423,0.044518861186256906,3,0.25,1.0,3,"11,12,13",0.3636363636363636,8,8
7,16,matched_betti,0.5,max_full_branch_node_speed,all_interior,coexact,coexact,random_tangent,literal_stable,literal_02,4,next_token_logprob_delta,odd,0.375,1,0.3427427509395508,0.04048024475991239,0.17578038101702306,3,0.25,1.0,2,"10,11",0.375,8,8
7,16,matched_betti,0.5,max_full_branch_node_speed,all_interior,coexact,coexact,random_tangent,literal_stable,literal_03,4,next_token_logprob_delta,odd,0.375,1,0.5103074410776209,0.03787319219327008,0.11150496054468985,3,0.25,1.0,3,"9,10,11",0.3703703703703704,8,8
7,16,matched_betti,0.5,max_full_branch_node_speed,all_interior,coexact,coexact,random_tangent,literal_stable,literal_04,4,next_token_logprob_delta,odd,0.375,1,0.12156569862089439,0.014652598338851904,0.17927548418193262,3,0.25,1.0,2,"9,10",0.38000000000000006,8,8
7,16,matched_betti,0.5,max_full_branch_node_speed,all_interior,coexact,coexact,random_tangent,literal_stable,literal_05,4,next_token_logprob_delta,odd,0.375,1,0.30424142970639295,0.033423114565690984,0.1638440127883136,3,0.25,1.0,2,"9,10",0.3653846153846154,8,8
7,16,matched_betti,0.5,max_full_branch_node_speed,all_interior,coexact,coexact,random_tangent,metaphor_shift,metaphor_01,4,next_token_logprob_delta,odd,0.375,1,0.5883116577032043,0.00825291482104407,0.021203777016035995,3,0.25,1.0,3,"12,13,14",0.38235294117647056,8,8
7,16,matched_betti,0.5,max_full_branch_node_speed,all_interior,coexact,coexact,random_tangent,metaphor_shift,metaphor_02,4,next_token_logprob_delta,odd,0.375,1,0.47608508489857987,0.009940514789550667,0.03155142619949863,3,0.25,1.0,3,"10,11,12",0.37931034482758624,8,8
7,16,matched_betti,0.5,max_full_branch_node_speed,all_interior,coexact,coexact,random_tangent,metaphor_shift,metaphor_03,4,next_token_logprob_delta,odd,0.375,1,0.3124665166526101,0.07577608707636545,0.3442324511280641,3,0.25,1.0,3,"10,11,12",0.3666666666666667,8,8
7,16,matched_betti,0.5,max_full_branch_node_speed,all_interior,coexact,coexact,random_tangent,metaphor_shift,metaphor_04,4,next_token_logprob_delta,odd,0.375,1,0.9118044212757394,0.0207928719782024,0.03445607485644741,3,0.25,1.0,2,"10,11",0.375,8,8
7,16,matched_betti,0.5,max_full_branch_node_speed,all_interior,coexact,coexact,random_tangent,metaphor_shift,metaphor_05,4,next_token_logprob_delta,odd,0.375,1,0.3970789778070523,0.03081027568881386,0.11650962578837575,3,0.25,1.0,3,"9,10,11",0.3703703703703704,8,8
7,16,matched_betti,0.5,max_full_branch_node_speed,all_interior,coexact,coexact,random_tangent,ontology_collapse,ontology_01,4,next_token_logprob_delta,odd,0.375,1,-0.3463354997637355,0.023105759999095126,0.10035435961081396,3,0.25,1.0,1,12,0.3870967741935483,8,8
7,16,matched_betti,0.5,max_full_branch_node_speed,all_interior,coexact,coexact,random_tangent,ontology_collapse,ontology_02,4,next_token_logprob_delta,odd,0.375,1,0.2915321752060105,0.07012288363124165,0.3417548358542828,3,0.25,1.0,2,"10,11",0.375,8,8
7,16,matched_betti,0.5,max_full_branch_node_speed,all_interior,coexact,coexact,random_tangent,ontology_collapse,ontology_03,4,next_token_logprob_delta,odd,0.375,1,0.3961063345757209,0.034127111686144546,0.12916514941545107,3,0.25,1.0,3,"10,11,12",0.37931034482758624,8,8
7,16,matched_betti,0.5,max_full_branch_node_speed,all_interior,coexact,coexact,random_tangent,ontology_collapse,ontology_04,4,next_token_logprob_delta,odd,0.375,1,0.19793811463587668,0.0341574811679195,0.2524458235343317,3,0.25,1.0,3,"10,11,12",0.37931034482758624,8,8
7,16,matched_betti,0.5,max_full_branch_node_speed,all_interior,coexact,coexact,random_tangent,ontology_collapse,ontology_05,4,next_token_logprob_delta,odd,0.375,1,0.7175040153770742,0.10200062365782242,0.21012779190204492,3,0.25,1.0,2,"10,11",0.375,8,8
7,16,matched_betti,0.5,max_full_branch_node_speed,all_interior,coexact,coexact,random_tangent,identity_stress,identity_01,5,next_token_logprob_delta,odd,0.4583333333333333,1,0.10807558348117692,0.013809839269284148,0.18967739998454802,3,0.25,1.0,2,"15,16",0.45588235294117646,8,8
7,16,matched_betti,0.5,max_full_branch_node_speed,all_interior,coexact,coexact,random_tangent,identity_stress,identity_02,5,next_token_logprob_delta,odd,0.4583333333333333,1,0.3189657998865154,0.08795417241371753,0.3847923955502647,3,0.25,1.0,2,"13,15",0.4516129032258065,8,8
7,16,matched_betti,0.5,max_full_branch_node_speed,all_interior,coexact,coexact,random_tangent,identity_stress,identity_03,5,next_token_logprob_delta,odd,0.4583333333333333,1,0.10273587633354515,0.025633996305599573,0.35295125710515574,3,0.25,1.0,3,"13,14,15",0.4516129032258065,8,8
7,16,matched_betti,0.5,max_full_branch_node_speed,all_interior,coexact,coexact,random_tangent,identity_stress,identity_04,5,next_token_logprob_delta,odd,0.4583333333333333,1,0.4412165587568542,0.02073316661771884,0.07086496539121699,3,0.25,1.0,1,13,0.46428571428571425,8,8
7,16,matched_betti,0.5,max_full_branch_node_speed,all_interior,coexact,coexact,random_tangent,identity_stress,identity_05,5,next_token_logprob_delta,odd,0.4583333333333333,1,0.15708101328641283,0.005234652717015376,0.05031814889988593,3,0.25,1.0,2,"12,13",0.4464285714285714,8,8
7,16,matched_betti,0.5,max_full_branch_node_speed,all_interior,coexact,coexact,random_tangent,literal_stable,literal_01,5,next_token_logprob_delta,odd,0.4583333333333333,1,0.22028574139230356,0.0305488164237778,0.2052000484998855,3,0.25,1.0,3,"14,15,16",0.4545454545454546,8,8
7,16,matched_betti,0.5,max_full_branch_node_speed,all_interior,coexact,coexact,random_tangent,literal_stable,literal_02,5,next_token_logprob_delta,odd,0.4583333333333333,1,0.01828847984122601,0.04060740609270396,0.9583800702469291,3,0.25,1.0,2,"12,13",0.4464285714285714,8,8
7,16,matched_betti,0.5,max_full_branch_node_speed,all_interior,coexact,coexact,random_tangent,literal_stable,literal_03,5,next_token_logprob_delta,odd,0.4583333333333333,1,0.7553873079931394,0.0838157373819177,0.1654400293010605,3,0.25,1.0,2,"12,13",0.46296296296296297,8,8
7,16,matched_betti,0.5,max_full_branch_node_speed,all_interior,coexact,coexact,random_tangent,literal_stable,literal_04,5,next_token_logprob_delta,odd,0.4583333333333333,1,-1.1876540879997541,0.008786080964991736,0.011183791001102708,3,0.25,1.0,2,"11,12",0.45999999999999996,8,8
7,16,matched_betti,0.5,max_full_branch_node_speed,all_interior,coexact,coexact,random_tangent,literal_stable,literal_05,5,next_token_logprob_delta,odd,0.4583333333333333,1,0.22238712601153926,0.2544713776322629,0.8657657986800236,3,0.25,1.0,2,"11,12",0.4423076923076923,8,8
7,16,matched_betti,0.5,max_full_branch_node_speed,all_interior,coexact,coexact,random_tangent,metaphor_shift,metaphor_01,5,next_token_logprob_delta,odd,0.4583333333333333,1,0.3598289364503125,0.010466676238078067,0.04393434218776867,3,0.25,1.0,2,"15,16",0.45588235294117646,8,8
7,16,matched_betti,0.5,max_full_branch_node_speed,all_interior,coexact,coexact,random_tangent,metaphor_shift,metaphor_02,5,next_token_logprob_delta,odd,0.4583333333333333,1,1.0453656782952687,0.03821842424873183,0.05518907403682238,3,0.25,1.0,2,"13,14",0.46551724137931033,8,8
7,16,matched_betti,0.5,max_full_branch_node_speed,all_interior,coexact,coexact,random_tangent,metaphor_shift,metaphor_03,5,next_token_logprob_delta,odd,0.4583333333333333,1,-0.21325886859420326,0.0047236426053275235,0.033468598639654804,3,0.25,1.0,2,"13,14",0.45,8,8
7,16,matched_betti,0.5,max_full_branch_node_speed,all_interior,coexact,coexact,random_tangent,metaphor_shift,metaphor_04,5,next_token_logprob_delta,odd,0.4583333333333333,1,0.7277139336945838,0.016484275824634777,0.034226746868106846,3,0.25,1.0,2,"12,13",0.4464285714285714,8,8
7,16,matched_betti,0.5,max_full_branch_node_speed,all_interior,coexact,coexact,random_tangent,metaphor_shift,metaphor_05,5,next_token_logprob_delta,odd,0.4583333333333333,1,-0.3133611123888835,0.005995103814566776,0.028912189823519823,3,0.25,1.0,2,"12,13",0.46296296296296297,8,8
7,16,matched_betti,0.5,max_full_branch_node_speed,all_interior,coexact,coexact,random_tangent,ontology_collapse,ontology_01,5,next_token_logprob_delta,odd,0.4583333333333333,1,0.6397224023340077,0.016244097758661216,0.03836146785646156,3,0.25,1.0,3,"13,14,15",0.4516129032258065,8,8
7,16,matched_betti,0.5,max_full_branch_node_speed,all_interior,coexact,coexact,random_tangent,ontology_collapse,ontology_02,5,next_token_logprob_delta,odd,0.4583333333333333,1,0.820962249339791,0.017319122132476685,0.031878133008852186,3,0.25,1.0,2,"12,13",0.4464285714285714,8,8
7,16,matched_betti,0.5,max_full_branch_node_speed,all_interior,coexact,coexact,random_tangent,ontology_collapse,ontology_03,5,next_token_logprob_delta,odd,0.4583333333333333,1,0.5507348415797876,0.029432806739282825,0.08053545232692531,3,0.25,1.0,2,"13,14",0.46551724137931033,8,8
7,16,matched_betti,0.5,max_full_branch_node_speed,all_interior,coexact,coexact,random_tangent,ontology_collapse,ontology_04,5,next_token_logprob_delta,odd,0.4583333333333333,1,0.8253240500731901,0.02398634757054508,0.043896689032020306,3,0.25,1.0,2,"13,14",0.46551724137931033,8,8
7,16,matched_betti,0.5,max_full_branch_node_speed,all_interior,coexact,coexact,random_tangent,ontology_collapse,ontology_05,5,next_token_logprob_delta,odd,0.4583333333333333,1,0.416762769372147,0.04879055437929516,0.17428486062945064,3,0.25,1.0,2,"12,13",0.4464285714285714,8,8
7,16,matched_betti,0.5,max_full_branch_node_speed,all_interior,coexact,coexact,random_tangent,identity_stress,identity_01,6,next_token_logprob_delta,odd,0.5416666666666666,1,0.27474936619800405,0.03513402310768569,0.18981645120006163,3,0.25,1.0,3,"17,18,19",0.5294117647058824,8,8
7,16,matched_betti,0.5,max_full_branch_node_speed,all_interior,coexact,coexact,random_tangent,identity_stress,identity_02,6,next_token_logprob_delta,odd,0.5416666666666666,1,0.1683821768999795,0.01794584943580886,0.15907904877801374,3,0.25,1.0,2,"16,17",0.532258064516129,8,8
7,16,matched_betti,0.5,max_full_branch_node_speed,all_interior,coexact,coexact,random_tangent,identity_stress,identity_03,6,next_token_logprob_delta,odd,0.5416666666666666,1,0.3306391390892645,0.0033946857583410316,0.015520438050020858,3,0.25,1.0,3,"16,17,18",0.5483870967741935,8,8
7,16,matched_betti,0.5,max_full_branch_node_speed,all_interior,coexact,coexact,random_tangent,identity_stress,identity_04,6,next_token_logprob_delta,odd,0.5416666666666666,1,0.46370811228714115,0.023205858905845225,0.07544395331965087,3,0.25,1.0,3,"14,15,16",0.5357142857142857,8,8
7,16,matched_betti,0.5,max_full_branch_node_speed,all_interior,coexact,coexact,random_tangent,identity_stress,identity_05,6,next_token_logprob_delta,odd,0.5416666666666666,1,0.03049512939530624,0.04272649770927292,0.9042957907685515,3,0.25,1.0,3,"14,15,16",0.5357142857142857,8,8
7,16,matched_betti,0.5,max_full_branch_node_speed,all_interior,coexact,coexact,random_tangent,literal_stable,literal_01,6,next_token_logprob_delta,odd,0.5416666666666666,1,0.19542823039702464,0.057235559861542724,0.4048684414113907,3,0.25,1.0,3,"17,18,19",0.5454545454545454,8,8
7,16,matched_betti,0.5,max_full_branch_node_speed,all_interior,coexact,coexact,random_tangent,literal_stable,literal_02,6,next_token_logprob_delta,odd,0.5416666666666666,1,-0.25169574473334744,0.047813971977810045,0.2760443051286525,3,0.25,1.0,3,"14,15,16",0.5357142857142857,8,8
7,16,matched_betti,0.5,max_full_branch_node_speed,all_interior,coexact,coexact,random_tangent,literal_stable,literal_03,6,next_token_logprob_delta,odd,0.5416666666666666,1,0.06630681220935564,0.05128266065541748,0.7599791056393409,3,0.25,1.0,2,"14,15",0.537037037037037,8,8
7,16,matched_betti,0.5,max_full_branch_node_speed,all_interior,coexact,coexact,random_tangent,literal_stable,literal_04,6,next_token_logprob_delta,odd,0.5416666666666666,1,0.44196714590137176,0.01394025312395791,0.047631956433068806,3,0.25,1.0,2,"13,14",0.54,8,8
7,16,matched_betti,0.5,max_full_branch_node_speed,all_interior,coexact,coexact,random_tangent,literal_stable,literal_05,6,next_token_logprob_delta,odd,0.5416666666666666,1,0.821381271598149,0.044599818901649324,0.08181648426385293,3,0.25,1.0,3,"13,14,15",0.5384615384615384,8,8
7,16,matched_betti,0.5,max_full_branch_node_speed,all_interior,coexact,coexact,random_tangent,metaphor_shift,metaphor_01,6,next_token_logprob_delta,odd,0.5416666666666666,1,0.41452345880838254,0.03300802666665711,0.11952447910240566,3,0.25,1.0,3,"17,18,19",0.5294117647058824,8,8
7,16,matched_betti,0.5,max_full_branch_node_speed,all_interior,coexact,coexact,random_tangent,metaphor_shift,metaphor_02,6,next_token_logprob_delta,odd,0.5416666666666666,1,-0.0774685256490953,0.07867208687588945,0.8379382821117188,3,0.25,1.0,1,16,0.5517241379310345,8,8
7,16,matched_betti,0.5,max_full_branch_node_speed,all_interior,coexact,coexact,random_tangent,metaphor_shift,metaphor_03,6,next_token_logprob_delta,odd,0.5416666666666666,1,0.6034413041734996,0.058198193172266606,0.14428367626169844,3,0.25,1.0,2,"16,17",0.55,8,8
7,16,matched_betti,0.5,max_full_branch_node_speed,all_interior,coexact,coexact,random_tangent,metaphor_shift,metaphor_04,6,next_token_logprob_delta,odd,0.5416666666666666,1,0.16267794404029626,0.042340376716777345,0.36616490523677875,3,0.25,1.0,3,"14,15,16",0.5357142857142857,8,8
7,16,matched_betti,0.5,max_full_branch_node_speed,all_interior,coexact,coexact,random_tangent,metaphor_shift,metaphor_05,6,next_token_logprob_delta,odd,0.5416666666666666,1,0.37373961697942815,0.06735378009141726,0.2628779736754609,3,0.25,1.0,2,"14,15",0.537037037037037,8,8
7,16,matched_betti,0.5,max_full_branch_node_speed,all_interior,coexact,coexact,random_tangent,ontology_collapse,ontology_01,6,next_token_logprob_delta,odd,0.5416666666666666,1,0.3401454007935172,0.02043510490240621,0.09045636985739458,3,0.25,1.0,3,"16,17,18",0.5483870967741935,8,8
7,16,matched_betti,0.5,max_full_branch_node_speed,all_interior,coexact,coexact,random_tangent,ontology_collapse,ontology_02,6,next_token_logprob_delta,odd,0.5416666666666666,1,0.5875320900919396,0.08388893203910527,0.21100564617590714,3,0.25,1.0,3,"14,15,16",0.5357142857142857,8,8
7,16,matched_betti,0.5,max_full_branch_node_speed,all_interior,coexact,coexact,random_tangent,ontology_collapse,ontology_03,6,next_token_logprob_delta,odd,0.5416666666666666,1,0.14183552532195431,0.14943935319601245,0.8469375370468194,3,0.25,1.0,2,"15,16",0.5344827586206897,8,8
7,16,matched_betti,0.5,max_full_branch_node_speed,all_interior,coexact,coexact,random_tangent,ontology_collapse,ontology_04,6,next_token_logprob_delta,odd,0.5416666666666666,1,-0.15663624630095765,0.029200702763393947,0.27127721255223736,3,0.25,1.0,2,"15,16",0.5344827586206897,8,8
7,16,matched_betti,0.5,max_full_branch_node_speed,all_interior,coexact,coexact,random_tangent,ontology_collapse,ontology_05,6,next_token_logprob_delta,odd,0.5416666666666666,1,0.42762831135747315,0.22592123291353422,0.6240911689692403,3,0.25,1.0,2,"15,16",0.5535714285714286,8,8
7,16,matched_betti,0.5,max_full_branch_node_speed,all_interior,coexact,coexact,random_tangent,identity_stress,identity_01,7,next_token_logprob_delta,odd,0.625,1,0.26714929328848575,0.008885811024378163,0.05022334030334402,3,0.25,1.0,3,"20,21,22",0.6176470588235294,8,8
7,16,matched_betti,0.5,max_full_branch_node_speed,all_interior,coexact,coexact,random_tangent,identity_stress,identity_02,7,next_token_logprob_delta,odd,0.625,1,0.359357469184731,0.029356987406414035,0.12257682512313037,3,0.25,1.0,2,"19,20",0.6290322580645161,8,8
7,16,matched_betti,0.5,max_full_branch_node_speed,all_interior,coexact,coexact,random_tangent,identity_stress,identity_03,7,next_token_logprob_delta,odd,0.625,1,-0.02207475114991229,0.04164639549684798,0.9436827422967794,3,0.25,1.0,1,19,0.6129032258064516,8,8
7,16,matched_betti,0.5,max_full_branch_node_speed,all_interior,coexact,coexact,random_tangent,identity_stress,identity_04,7,next_token_logprob_delta,odd,0.625,1,0.8322908879440479,0.015423652963381138,0.028006103651134453,3,0.25,1.0,2,"17,18",0.625,8,8
7,16,matched_betti,0.5,max_full_branch_node_speed,all_interior,coexact,coexact,random_tangent,identity_stress,identity_05,7,next_token_logprob_delta,odd,0.625,1,-0.1412825022737506,0.04770271868628677,0.4546545205393607,3,0.25,1.0,1,17,0.6071428571428571,8,8
7,16,matched_betti,0.5,max_full_branch_node_speed,all_interior,coexact,coexact,random_tangent,literal_stable,literal_01,7,next_token_logprob_delta,odd,0.625,1,0.7685315943983949,0.22870346355335716,0.4102935469146736,3,0.25,1.0,2,"20,21",0.6212121212121212,8,8
7,16,matched_betti,0.5,max_full_branch_node_speed,all_interior,coexact,coexact,random_tangent,literal_stable,literal_02,7,next_token_logprob_delta,odd,0.625,1,0.5524717301421416,0.07809235779976959,0.20898368703077136,3,0.25,1.0,2,"17,18",0.625,8,8
7,16,matched_betti,0.5,max_full_branch_node_speed,all_interior,coexact,coexact,random_tangent,literal_stable,literal_03,7,next_token_logprob_delta,odd,0.625,1,0.2699023517314208,0.06878273617579746,0.35952452855974487,3,0.25,1.0,2,"16,17",0.6111111111111112,8,8
7,16,matched_betti,0.5,max_full_branch_node_speed,all_interior,coexact,coexact,random_tangent,literal_stable,literal_04,7,next_token_logprob_delta,odd,0.625,1,-0.2656442595662146,0.018180951351768063,0.1029235068935376,3,0.25,1.0,2,"15,16",0.62,8,8
7,16,matched_betti,0.5,max_full_branch_node_speed,all_interior,coexact,coexact,random_tangent,literal_stable,literal_05,7,next_token_logprob_delta,odd,0.625,1,0.011131215663359704,0.015160829611578993,0.8995367073259933,3,0.25,1.0,2,"16,17",0.6346153846153846,8,8
7,16,matched_betti,0.5,max_full_branch_node_speed,all_interior,coexact,coexact,random_tangent,metaphor_shift,metaphor_01,7,next_token_logprob_delta,odd,0.625,1,0.6154592693527241,0.03899204247159075,0.09534645216237606,3,0.25,1.0,2,"20,21",0.6029411764705883,8,8
7,16,matched_betti,0.5,max_full_branch_node_speed,all_interior,coexact,coexact,random_tangent,metaphor_shift,metaphor_02,7,next_token_logprob_delta,odd,0.625,1,1.4627204030943253,0.10220856926158045,0.1050574769728877,3,0.25,1.0,3,"17,18,19",0.6206896551724138,8,8
7,16,matched_betti,0.5,max_full_branch_node_speed,all_interior,coexact,coexact,random_tangent,metaphor_shift,metaphor_03,7,next_token_logprob_delta,odd,0.625,1,0.33060669761233336,0.024065914106239872,0.10939248142619232,3,0.25,1.0,2,"18,19",0.6166666666666667,8,8
7,16,matched_betti,0.5,max_full_branch_node_speed,all_interior,coexact,coexact,random_tangent,metaphor_shift,metaphor_04,7,next_token_logprob_delta,odd,0.625,1,0.25888490742404413,0.09625480358751093,0.49000753904379024,3,0.25,1.0,2,"17,18",0.625,8,8
7,16,matched_betti,0.5,max_full_branch_node_speed,all_interior,coexact,coexact,random_tangent,metaphor_shift,metaphor_05,7,next_token_logprob_delta,odd,0.625,1,0.2415886870932612,0.028015134926673096,0.17268446591318604,3,0.25,1.0,2,"16,17",0.6111111111111112,8,8
7,16,matched_betti,0.5,max_full_branch_node_speed,all_interior,coexact,coexact,random_tangent,ontology_collapse,ontology_01,7,next_token_logprob_delta,odd,0.625,1,0.19416632824818908,0.04933214810052208,0.358576312036198,3,0.25,1.0,2,"19,20",0.6290322580645161,8,8
7,16,matched_betti,0.5,max_full_branch_node_speed,all_interior,coexact,coexact,random_tangent,ontology_collapse,ontology_02,7,next_token_logprob_delta,odd,0.625,1,0.016495466586465286,0.026368065280031244,0.9240192835026391,3,0.25,1.0,2,"17,18",0.625,8,8
7,16,matched_betti,0.5,max_full_branch_node_speed,all_interior,coexact,coexact,random_tangent,ontology_collapse,ontology_03,7,next_token_logprob_delta,odd,0.625,1,0.11552663948085823,0.01226068817784409,0.1584251194828333,3,0.25,1.0,3,"17,18,19",0.6206896551724138,8,8
7,16,matched_betti,0.5,max_full_branch_node_speed,all_interior,coexact,coexact,random_tangent,ontology_collapse,ontology_04,7,next_token_logprob_delta,odd,0.625,1,0.11677414675621767,0.006451204844138266,0.08323299610104587,3,0.25,1.0,3,"17,18,19",0.6206896551724138,8,8
7,16,matched_betti,0.5,max_full_branch_node_speed,all_interior,coexact,coexact,random_tangent,ontology_collapse,ontology_05,7,next_token_logprob_delta,odd,0.625,1,1.092917710317995,0.004451961715347766,0.0061583829741415075,3,0.25,1.0,2,"17,18",0.625,8,8
7,16,matched_betti,0.5,max_full_branch_node_speed,all_interior,coexact,coexact,random_tangent,identity_stress,identity_01,8,next_token_logprob_delta,odd,0.7083333333333334,1,0.3286413529799817,0.005262236013384752,0.024200919490532692,3,0.25,1.0,3,"23,24,25",0.7058823529411765,8,8
7,16,matched_betti,0.5,max_full_branch_node_speed,all_interior,coexact,coexact,random_tangent,identity_stress,identity_02,8,next_token_logprob_delta,odd,0.7083333333333334,1,-0.4281430812861834,0.014365995271668507,0.050664021661552,3,0.25,1.0,3,"21,22,23",0.7096774193548386,8,8
7,16,matched_betti,0.5,max_full_branch_node_speed,all_interior,coexact,coexact,random_tangent,identity_stress,identity_03,8,next_token_logprob_delta,odd,0.7083333333333334,1,-0.5826765098787937,0.00890911171409604,0.023110101958834416,3,0.25,1.0,2,"21,22",0.6935483870967744,8,8
7,16,matched_betti,0.5,max_full_branch_node_speed,all_interior,coexact,coexact,random_tangent,identity_stress,identity_04,8,next_token_logprob_delta,odd,0.7083333333333334,1,0.8720238005319325,0.05630804562613257,0.09716132067746237,3,0.25,1.0,2,"19,20",0.6964285714285715,8,8
7,16,matched_betti,0.5,max_full_branch_node_speed,all_interior,coexact,coexact,random_tangent,identity_stress,identity_05,8,next_token_logprob_delta,odd,0.7083333333333334,1,-0.632721580831315,0.021768201800797842,0.051943856232267896,3,0.25,1.0,2,"19,20",0.6964285714285715,8,8
7,16,matched_betti,0.5,max_full_branch_node_speed,all_interior,coexact,coexact,random_tangent,literal_stable,literal_01,8,next_token_logprob_delta,odd,0.7083333333333334,1,0.4327896475680712,0.01336700846984003,0.04664395608715922,3,0.25,1.0,3,"22,23,24",0.6969696969696969,8,8
7,16,matched_betti,0.5,max_full_branch_node_speed,all_interior,coexact,coexact,random_tangent,literal_stable,literal_02,8,next_token_logprob_delta,odd,0.7083333333333334,1,0.345019275981837,0.11445199418500723,0.44830246978680144,3,0.25,1.0,2,"19,20",0.6964285714285715,8,8
7,16,matched_betti,0.5,max_full_branch_node_speed,all_interior,coexact,coexact,random_tangent,literal_stable,literal_03,8,next_token_logprob_delta,odd,0.7083333333333334,1,0.44902874215980837,0.005451374807108633,0.018351422381927936,3,0.25,1.0,3,"18,19,20",0.7037037037037037,8,8
7,16,matched_betti,0.5,max_full_branch_node_speed,all_interior,coexact,coexact,random_tangent,literal_stable,literal_04,8,next_token_logprob_delta,odd,0.7083333333333334,1,0.4583902340344408,0.011608746960234863,0.03825981482900217,3,0.25,1.0,2,"17,18",0.6999999999999998,8,8
7,16,matched_betti,0.5,max_full_branch_node_speed,all_interior,coexact,coexact,random_tangent,literal_stable,literal_05,8,next_token_logprob_delta,odd,0.7083333333333334,1,0.5763024870949218,0.020273759325691622,0.0531106214408359,3,0.25,1.0,2,"18,19",0.7115384615384613,8,8
7,16,matched_betti,0.5,max_full_branch_node_speed,all_interior,coexact,coexact,random_tangent,metaphor_shift,metaphor_01,8,next_token_logprob_delta,odd,0.7083333333333334,1,0.05921339761430613,0.012921780066404034,0.3133119944053652,3,0.25,1.0,3,"23,24,25",0.7058823529411765,8,8
7,16,matched_betti,0.5,max_full_branch_node_speed,all_interior,coexact,coexact,random_tangent,metaphor_shift,metaphor_02,8,next_token_logprob_delta,odd,0.7083333333333334,1,-0.05968621449597188,0.0483040623307489,0.774293316151902,3,0.25,1.0,2,"20,21",0.7068965517241379,8,8
7,16,matched_betti,0.5,max_full_branch_node_speed,all_interior,coexact,coexact,random_tangent,metaphor_shift,metaphor_03,8,next_token_logprob_delta,odd,0.7083333333333334,1,-0.19222443986566728,0.021326558342668913,0.16542383286335255,3,0.25,1.0,3,"20,21,22",0.6999999999999998,8,8
7,16,matched_betti,0.5,max_full_branch_node_speed,all_interior,coexact,coexact,random_tangent,metaphor_shift,metaphor_04,8,next_token_logprob_delta,odd,0.7083333333333334,1,0.8290665828551627,0.023634937791253065,0.043059900908922304,3,0.25,1.0,2,"19,20",0.6964285714285715,8,8
7,16,matched_betti,0.5,max_full_branch_node_speed,all_interior,coexact,coexact,random_tangent,metaphor_shift,metaphor_05,8,next_token_logprob_delta,odd,0.7083333333333334,1,0.28549338955735387,0.13029044190438901,0.5679061270313094,3,0.25,1.0,3,"18,19,20",0.7037037037037037,8,8
7,16,matched_betti,0.5,max_full_branch_node_speed,all_interior,coexact,coexact,random_tangent,ontology_collapse,ontology_01,8,next_token_logprob_delta,odd,0.7083333333333334,1,-0.0016442652609114398,0.03367869255614175,0.9994789950252501,3,0.25,1.0,2,"21,23",0.7096774193548386,8,8
7,16,matched_betti,0.5,max_full_branch_node_speed,all_interior,coexact,coexact,random_tangent,ontology_collapse,ontology_02,8,next_token_logprob_delta,odd,0.7083333333333334,1,0.5542732681434809,0.04591909400208421,0.12427971275674103,3,0.25,1.0,2,"19,20",0.6964285714285715,8,8
7,16,matched_betti,0.5,max_full_branch_node_speed,all_interior,coexact,coexact,random_tangent,ontology_collapse,ontology_03,8,next_token_logprob_delta,odd,0.7083333333333334,1,0.39152762783612094,0.016465988446308664,0.0634541850297558,3,0.25,1.0,2,"20,21",0.7068965517241379,8,8
7,16,matched_betti,0.5,max_full_branch_node_speed,all_interior,coexact,coexact,random_tangent,ontology_collapse,ontology_04,8,next_token_logprob_delta,odd,0.7083333333333334,1,-0.3160006150371993,0.04978466651238174,0.23170530078575227,3,0.25,1.0,2,"20,21",0.7068965517241379,8,8
7,16,matched_betti,0.5,max_full_branch_node_speed,all_interior,coexact,coexact,random_tangent,ontology_collapse,ontology_05,8,next_token_logprob_delta,odd,0.7083333333333334,1,0.7388056335293994,0.03786565182989341,0.07725495101052028,3,0.25,1.0,2,"19,20",0.6964285714285715,8,8
7,16,matched_betti,0.5,max_full_branch_node_speed,all_interior,coexact,coexact,random_tangent,identity_stress,identity_01,9,next_token_logprob_delta,odd,0.7916666666666666,1,0.24314876919126055,0.0014726204988697784,0.00915612118584977,3,0.25,1.0,3,"26,27,28",0.7941176470588235,8,8
7,16,matched_betti,0.5,max_full_branch_node_speed,all_interior,coexact,coexact,random_tangent,identity_stress,identity_02,9,next_token_logprob_delta,odd,0.7916666666666666,1,0.7595631157333473,0.009158112311898418,0.01822556192594946,3,0.25,1.0,2,"24,25",0.7903225806451614,8,8
7,16,matched_betti,0.5,max_full_branch_node_speed,all_interior,coexact,coexact,random_tangent,identity_stress,identity_03,9,next_token_logprob_delta,odd,0.7916666666666666,1,0.0040716242985996565,0.029278064938766193,0.9957960902982679,3,0.25,1.0,2,"24,25",0.7903225806451614,8,8
7,16,matched_betti,0.5,max_full_branch_node_speed,all_interior,coexact,coexact,random_tangent,identity_stress,identity_04,9,next_token_logprob_delta,odd,0.7916666666666666,1,0.19149405500906497,0.09012924126109141,0.5797754142493239,3,0.25,1.0,3,"21,22,23",0.7857142857142857,8,8
7,16,matched_betti,0.5,max_full_branch_node_speed,all_interior,coexact,coexact,random_tangent,identity_stress,identity_05,9,next_token_logprob_delta,odd,0.7916666666666666,1,0.6952678742364835,0.17721217050516194,0.35957398202043894,3,0.25,1.0,3,"21,22,23",0.7857142857142857,8,8
7,16,matched_betti,0.5,max_full_branch_node_speed,all_interior,coexact,coexact,random_tangent,literal_stable,literal_01,9,next_token_logprob_delta,odd,0.7916666666666666,1,-0.7342692848674355,0.028311984485216702,0.05819548039374712,3,0.25,1.0,2,"25,26",0.7727272727272728,8,8
7,16,matched_betti,0.5,max_full_branch_node_speed,all_interior,coexact,coexact,random_tangent,literal_stable,literal_02,9,next_token_logprob_delta,odd,0.7916666666666666,1,-0.19793640775682905,0.036949551524193464,0.2716144359126595,3,0.25,1.0,1,21,0.75,8,8
7,16,matched_betti,0.5,max_full_branch_node_speed,all_interior,coexact,coexact,random_tangent,literal_stable,literal_03,9,next_token_logprob_delta,odd,0.7916666666666666,1,-0.5634320106115686,0.05613396139506423,0.14894421210328024,3,0.25,1.0,2,"21,22",0.7962962962962963,8,8
7,16,matched_betti,0.5,max_full_branch_node_speed,all_interior,coexact,coexact,random_tangent,literal_stable,literal_04,9,next_token_logprob_delta,odd,0.7916666666666666,1,-0.25287498983123,0.008437772759268365,0.050382650195763566,3,0.25,1.0,2,"19,20",0.7799999999999999,8,8
7,16,matched_betti,0.5,max_full_branch_node_speed,all_interior,coexact,coexact,random_tangent,literal_stable,literal_05,9,next_token_logprob_delta,odd,0.7916666666666666,1,0.4008237037845321,0.009328570765044503,0.03516446445375412,3,0.25,1.0,2,"20,21",0.7884615384615387,8,8
7,16,matched_betti,0.5,max_full_branch_node_speed,all_interior,coexact,coexact,random_tangent,metaphor_shift,metaphor_01,9,next_token_logprob_delta,odd,0.7916666666666666,1,0.15995954619264324,0.044400411926996744,0.3869585660809408,3,0.25,1.0,3,"26,27,28",0.7941176470588235,8,8
7,16,matched_betti,0.5,max_full_branch_node_speed,all_interior,coexact,coexact,random_tangent,metaphor_shift,metaphor_02,9,next_token_logprob_delta,odd,0.7916666666666666,1,0.30774508906411074,0.07173032235900792,0.33235716773945684,3,0.25,1.0,3,"22,23,24",0.7931034482758621,8,8
7,16,matched_betti,0.5,max_full_branch_node_speed,all_interior,coexact,coexact,random_tangent,metaphor_shift,metaphor_03,9,next_token_logprob_delta,odd,0.7916666666666666,1,-0.12520594100662907,0.03511339337812616,0.3903553426886375,3,0.25,1.0,2,"23,24",0.7833333333333335,8,8
7,16,matched_betti,0.5,max_full_branch_node_speed,all_interior,coexact,coexact,random_tangent,metaphor_shift,metaphor_04,9,next_token_logprob_delta,odd,0.7916666666666666,1,0.5073547552570745,0.03551249281548985,0.1052354788200717,3,0.25,1.0,3,"21,22,23",0.7857142857142857,8,8
7,16,matched_betti,0.5,max_full_branch_node_speed,all_interior,coexact,coexact,random_tangent,metaphor_shift,metaphor_05,9,next_token_logprob_delta,odd,0.7916666666666666,1,0.5431705769894396,0.01668826141074524,0.046399982400954866,3,0.25,1.0,2,"21,22",0.7962962962962963,8,8
7,16,matched_betti,0.5,max_full_branch_node_speed,all_interior,coexact,coexact,random_tangent,ontology_collapse,ontology_01,9,next_token_logprob_delta,odd,0.7916666666666666,1,0.19154940731374034,0.04294768915334609,0.32103396094130304,3,0.25,1.0,2,"24,25",0.7903225806451614,8,8
7,16,matched_betti,0.5,max_full_branch_node_speed,all_interior,coexact,coexact,random_tangent,ontology_collapse,ontology_02,9,next_token_logprob_delta,odd,0.7916666666666666,1,0.5518332300845249,0.008504896396429028,0.02329454788922472,3,0.25,1.0,3,"21,22,23",0.7857142857142857,8,8
7,16,matched_betti,0.5,max_full_branch_node_speed,all_interior,coexact,coexact,random_tangent,ontology_collapse,ontology_03,9,next_token_logprob_delta,odd,0.7916666666666666,1,0.4887517056098942,0.01691394447873105,0.052248518844855575,3,0.25,1.0,2,"22,23",0.7758620689655172,8,8
7,16,matched_betti,0.5,max_full_branch_node_speed,all_interior,coexact,coexact,random_tangent,ontology_collapse,ontology_04,9,next_token_logprob_delta,odd,0.7916666666666666,1,0.6725061080089881,0.005172651365468417,0.011627827614501722,3,0.25,1.0,3,"22,23,24",0.7931034482758621,8,8
7,16,matched_betti,0.5,max_full_branch_node_speed,all_interior,coexact,coexact,random_tangent,ontology_collapse,ontology_05,9,next_token_logprob_delta,odd,0.7916666666666666,1,0.3017107980301801,0.025182792160921286,0.12519685563403848,3,0.25,1.0,3,"21,22,23",0.7857142857142857,8,8
7,16,matched_betti,0.5,max_full_branch_node_speed,all_interior,coexact,coexact,random_tangent,identity_stress,identity_01,10,next_token_logprob_delta,odd,0.875,1,-0.04166796411157368,0.041531927819560326,0.8332260843957616,3,0.25,1.0,3,"29,30,31",0.8823529411764706,8,8
7,16,matched_betti,0.5,max_full_branch_node_speed,all_interior,coexact,coexact,random_tangent,identity_stress,identity_02,10,next_token_logprob_delta,odd,0.875,1,-0.03367891267929154,0.008166047459533483,0.3441801550009411,3,0.25,1.0,1,26,0.8387096774193549,8,8
7,16,matched_betti,0.5,max_full_branch_node_speed,all_interior,coexact,coexact,random_tangent,identity_stress,identity_03,10,next_token_logprob_delta,odd,0.875,1,0.6744868970041681,0.10237761629525455,0.2236651421318784,3,0.25,1.0,3,"26,27,28",0.8709677419354839,8,8
7,16,matched_betti,0.5,max_full_branch_node_speed,all_interior,coexact,coexact,random_tangent,identity_stress,identity_04,10,next_token_logprob_delta,odd,0.875,1,0.6111299604292482,0.012156933609844286,0.030061117601157934,3,0.25,1.0,1,24,0.8571428571428571,8,8
7,16,matched_betti,0.5,max_full_branch_node_speed,all_interior,coexact,coexact,random_tangent,identity_stress,identity_05,10,next_token_logprob_delta,odd,0.875,1,-0.030724356304441074,0.04132726222692961,0.8973725939758448,3,0.25,1.0,2,"24,25",0.875,8,8
7,16,matched_betti,0.5,max_full_branch_node_speed,all_interior,coexact,coexact,random_tangent,literal_stable,literal_01,10,next_token_logprob_delta,odd,0.875,1,-0.3022665479317126,0.012397805677883357,0.061891685908980795,3,0.25,1.0,2,"29,30",0.8939393939393939,8,8
7,16,matched_betti,0.5,max_full_branch_node_speed,all_interior,coexact,coexact,random_tangent,literal_stable,literal_03,10,next_token_logprob_delta,odd,0.875,1,0.43022252949543993,0.04435468123192398,0.1540085335771932,3,0.25,1.0,2,"23,24",0.8703703703703703,8,8
7,16,matched_betti,0.5,max_full_branch_node_speed,all_interior,coexact,coexact,random_tangent,literal_stable,literal_04,10,next_token_logprob_delta,odd,0.875,1,-0.31904988596235445,0.05527475874509757,0.25337895795903864,3,0.25,1.0,2,"21,22",0.86,8,8
7,16,matched_betti,0.5,max_full_branch_node_speed,all_interior,coexact,coexact,random_tangent,literal_stable,literal_05,10,next_token_logprob_delta,odd,0.875,1,0.27375504143746016,0.005292903752284777,0.029218463921567656,3,0.25,1.0,2,"22,23",0.8653846153846154,8,8
7,16,matched_betti,0.5,max_full_branch_node_speed,all_interior,coexact,coexact,random_tangent,metaphor_shift,metaphor_01,10,next_token_logprob_delta,odd,0.875,1,0.38911394233576013,0.13354666406244123,0.4605702614272701,3,0.25,1.0,3,"29,30,31",0.8823529411764706,8,8
7,16,matched_betti,0.5,max_full_branch_node_speed,all_interior,coexact,coexact,random_tangent,metaphor_shift,metaphor_02,10,next_token_logprob_delta,odd,0.875,1,0.6614967579452042,0.03976027339858312,0.09049963227654008,3,0.25,1.0,1,26,0.896551724137931,8,8
7,16,matched_betti,0.5,max_full_branch_node_speed,all_interior,coexact,coexact,random_tangent,metaphor_shift,metaphor_03,10,next_token_logprob_delta,odd,0.875,1,0.6139761598816917,0.024018600325421958,0.05904034851962112,3,0.25,1.0,2,"25,27",0.8666666666666667,8,8
7,16,matched_betti,0.5,max_full_branch_node_speed,all_interior,coexact,coexact,random_tangent,metaphor_shift,metaphor_04,10,next_token_logprob_delta,odd,0.875,1,0.7941922965402793,0.025964194183412788,0.049366269492778315,3,0.25,1.0,2,"24,25",0.875,8,8
7,16,matched_betti,0.5,max_full_branch_node_speed,all_interior,coexact,coexact,random_tangent,metaphor_shift,metaphor_05,10,next_token_logprob_delta,odd,0.875,1,0.6513806087259914,0.07435800885356471,0.17007107986766143,3,0.25,1.0,1,23,0.8518518518518517,8,8
7,16,matched_betti,0.5,max_full_branch_node_speed,all_interior,coexact,coexact,random_tangent,ontology_collapse,ontology_01,10,next_token_logprob_delta,odd,0.875,1,0.22450158820093852,0.01904429010418015,0.12720780611796556,3,0.25,1.0,3,"26,27,28",0.8709677419354839,8,8
7,16,matched_betti,0.5,max_full_branch_node_speed,all_interior,coexact,coexact,random_tangent,ontology_collapse,ontology_02,10,next_token_logprob_delta,odd,0.875,1,0.40061359387592416,0.046582482662312685,0.17314054922210653,3,0.25,1.0,2,"24,25",0.875,8,8
7,16,matched_betti,0.5,max_full_branch_node_speed,all_interior,coexact,coexact,random_tangent,ontology_collapse,ontology_03,10,next_token_logprob_delta,odd,0.875,1,-0.025894437455397577,0.011820186387331243,0.5679959091641755,3,0.25,1.0,2,"25,26",0.8793103448275862,8,8
7,16,matched_betti,0.5,max_full_branch_node_speed,all_interior,coexact,coexact,random_tangent,ontology_collapse,ontology_04,10,next_token_logprob_delta,odd,0.875,1,0.5564343183453204,0.04168719235237628,0.11254639906421615,3,0.25,1.0,2,"25,26",0.8793103448275862,8,8
7,16,matched_betti,0.5,max_full_branch_node_speed,all_interior,coexact,coexact,random_tangent,ontology_collapse,ontology_05,10,next_token_logprob_delta,odd,0.875,1,0.31169060806245746,0.023155856105250765,0.11161584805505924,3,0.25,1.0,2,"24,25",0.875,8,8
7,16,matched_betti,0.5,max_full_branch_node_speed,all_interior,coexact,coexact,random_tangent,identity_stress,identity_01,11,next_token_logprob_delta,odd,0.9583333333333334,1,-0.4576071061301423,0.020500207111149922,0.06757446686304368,3,0.25,1.0,2,"32,33",0.9558823529411763,8,8
7,16,matched_betti,0.5,max_full_branch_node_speed,all_interior,coexact,coexact,random_tangent,identity_stress,identity_02,11,next_token_logprob_delta,odd,0.9583333333333334,1,-0.39927428440417095,0.005988016854130918,0.022667887013657854,3,0.25,1.0,2,"29,30",0.9516129032258065,8,8
7,16,matched_betti,0.5,max_full_branch_node_speed,all_interior,coexact,coexact,random_tangent,identity_stress,identity_03,11,next_token_logprob_delta,odd,0.9583333333333334,1,0.5857106680125328,0.03093889981446108,0.07960717209273148,3,0.25,1.0,1,29,0.9354838709677419,8,8
7,16,matched_betti,0.5,max_full_branch_node_speed,all_interior,coexact,coexact,random_tangent,identity_stress,identity_04,11,next_token_logprob_delta,odd,0.9583333333333334,1,0.22415341121029103,0.04716443462179523,0.30314336678430265,3,0.25,1.0,1,26,0.9285714285714285,8,8
7,16,matched_betti,0.5,max_full_branch_node_speed,all_interior,coexact,coexact,random_tangent,identity_stress,identity_05,11,next_token_logprob_delta,odd,0.9583333333333334,1,-0.022261802891935606,0.01970918100083633,0.801112415670097,3,0.25,1.0,2,"26,27",0.9464285714285715,8,8
7,16,matched_betti,0.5,max_full_branch_node_speed,all_interior,coexact,coexact,random_tangent,literal_stable,literal_02,11,next_token_logprob_delta,odd,0.9583333333333334,1,1.605855067561533,0.024748182830843058,0.02329325010335597,3,0.25,1.0,2,"26,27",0.9464285714285715,8,8
7,16,matched_betti,0.5,max_full_branch_node_speed,all_interior,coexact,coexact,random_tangent,literal_stable,literal_03,11,next_token_logprob_delta,odd,0.9583333333333334,1,-0.2276554408314612,0.01780251337274297,0.11740865300366161,3,0.25,1.0,1,25,0.9259259259259259,8,8
7,16,matched_betti,0.5,max_full_branch_node_speed,all_interior,coexact,coexact,random_tangent,literal_stable,literal_04,11,next_token_logprob_delta,odd,0.9583333333333334,1,0.30693435422257936,0.053569598749655924,0.2551338071971493,3,0.25,1.0,2,"23,24",0.94,8,8
7,16,matched_betti,0.5,max_full_branch_node_speed,all_interior,coexact,coexact,random_tangent,literal_stable,literal_05,11,next_token_logprob_delta,odd,0.9583333333333334,1,0.19549678181556368,0.012101239550340622,0.09317678722781902,3,0.25,1.0,1,25,0.9615384615384616,8,8
7,16,matched_betti,0.5,max_full_branch_node_speed,all_interior,coexact,coexact,random_tangent,metaphor_shift,metaphor_01,11,next_token_logprob_delta,odd,0.9583333333333334,1,-0.9892427409706526,0.06671878673660989,0.10144022236056424,3,0.25,1.0,1,32,0.9411764705882352,8,8
7,16,matched_betti,0.5,max_full_branch_node_speed,all_interior,coexact,coexact,random_tangent,metaphor_shift,metaphor_02,11,next_token_logprob_delta,odd,0.9583333333333334,1,0.17077036593244546,0.011374362766829241,0.10019237865440749,3,0.25,1.0,2,"27,28",0.9482758620689656,8,8
7,16,matched_betti,0.5,max_full_branch_node_speed,all_interior,coexact,coexact,random_tangent,metaphor_shift,metaphor_03,11,next_token_logprob_delta,odd,0.9583333333333334,1,-0.23470279099074234,0.023692678907191827,0.15087143356441965,3,0.25,1.0,2,"28,29",0.9499999999999998,8,8
7,16,matched_betti,0.5,max_full_branch_node_speed,all_interior,coexact,coexact,random_tangent,metaphor_shift,metaphor_04,11,next_token_logprob_delta,odd,0.9583333333333334,1,0.6166627893683974,0.05834190677054103,0.14159438582419692,3,0.25,1.0,1,26,0.9285714285714285,8,8
7,16,matched_betti,0.5,max_full_branch_node_speed,all_interior,coexact,coexact,random_tangent,metaphor_shift,metaphor_05,11,next_token_logprob_delta,odd,0.9583333333333334,1,1.1088012133713743,0.027120954830418462,0.036954345096247426,3,0.25,1.0,2,"25,26",0.9444444444444443,8,8
7,16,matched_betti,0.5,max_full_branch_node_speed,all_interior,coexact,coexact,random_tangent,ontology_collapse,ontology_01,11,next_token_logprob_delta,odd,0.9583333333333334,1,0.6368336026830805,0.005920000132870921,0.014052831208211242,3,0.25,1.0,1,29,0.9354838709677419,8,8
7,16,matched_betti,0.5,max_full_branch_node_speed,all_interior,coexact,coexact,random_tangent,ontology_collapse,ontology_02,11,next_token_logprob_delta,odd,0.9583333333333334,1,-0.4620007397108497,0.07392361675525519,0.23512673282179947,3,0.25,1.0,2,"26,27",0.9464285714285715,8,8
7,16,matched_betti,0.5,max_full_branch_node_speed,all_interior,coexact,coexact,random_tangent,ontology_collapse,ontology_03,11,next_token_logprob_delta,odd,0.9583333333333334,1,-0.02521146801962291,0.008533393560785116,0.4555426241667136,3,0.25,1.0,2,"27,28",0.9482758620689656,8,8
7,16,matched_betti,0.5,max_full_branch_node_speed,all_interior,coexact,coexact,random_tangent,ontology_collapse,ontology_04,11,next_token_logprob_delta,odd,0.9583333333333334,1,-0.29326408432082396,0.036870081163303266,0.1867322515481179,3,0.25,1.0,2,"27,28",0.9482758620689656,8,8
7,16,matched_betti,0.5,max_full_branch_node_speed,all_interior,coexact,coexact,random_tangent,ontology_collapse,ontology_05,11,next_token_logprob_delta,odd,0.9583333333333334,1,0.10813822596678953,0.05320999386160871,0.5968722374538175,3,0.25,1.0,1,26,0.9285714285714285,8,8
7,16,matched_betti,0.5,max_full_branch_node_speed,all_interior,coexact,coexact,random_tangent,identity_stress,identity_01,0,semantic_margin_delta,even,0.041666666666666664,2,0.052036033687598,0.005366951692140247,0.1704589545960466,3,0.25,1.0,2,"1,2",0.04411764705882352,8,8
7,16,matched_betti,0.5,max_full_branch_node_speed,all_interior,coexact,coexact,random_tangent,identity_stress,identity_02,0,semantic_margin_delta,even,0.041666666666666664,2,0.09176146420600072,0.005457159424012572,0.09925575902281501,3,0.25,1.0,2,"1,2",0.04838709677419354,8,8
7,16,matched_betti,0.5,max_full_branch_node_speed,all_interior,coexact,coexact,random_tangent,identity_stress,identity_03,0,semantic_margin_delta,even,0.041666666666666664,2,-0.37231234160851134,0.019877444390960078,0.08919039826407608,3,0.25,1.0,2,"1,2",0.04838709677419354,8,8
7,16,matched_betti,0.5,max_full_branch_node_speed,all_interior,coexact,coexact,random_tangent,identity_stress,identity_04,0,semantic_margin_delta,even,0.041666666666666664,2,0.04566859156893507,0.0011488109141166742,0.042154506254841434,3,0.25,1.0,2,"1,2",0.05357142857142857,8,8
7,16,matched_betti,0.5,max_full_branch_node_speed,all_interior,coexact,coexact,random_tangent,identity_stress,identity_05,0,semantic_margin_delta,even,0.041666666666666664,2,-0.08927813148973923,0.007988080942458788,0.14840907937002384,3,0.25,1.0,2,"1,2",0.05357142857142857,8,8
7,16,matched_betti,0.5,max_full_branch_node_speed,all_interior,coexact,coexact,random_tangent,literal_stable,literal_01,0,semantic_margin_delta,even,0.041666666666666664,2,0.0746082038522805,0.008870270449343201,0.19556088842206346,3,0.25,1.0,2,"1,2",0.04545454545454545,8,8
7,16,matched_betti,0.5,max_full_branch_node_speed,all_interior,coexact,coexact,random_tangent,literal_stable,literal_02,0,semantic_margin_delta,even,0.041666666666666664,2,0.08189365318050529,0.010063196630459324,0.20186053965576609,3,0.25,1.0,2,"1,2",0.05357142857142857,8,8
7,16,matched_betti,0.5,max_full_branch_node_speed,all_interior,coexact,coexact,random_tangent,literal_stable,literal_03,0,semantic_margin_delta,even,0.041666666666666664,2,-0.06616927227495398,0.015962001480162438,0.37506705879525093,3,0.25,1.0,2,"1,2",0.05555555555555555,8,8
7,16,matched_betti,0.5,max_full_branch_node_speed,all_interior,coexact,coexact,random_tangent,literal_stable,literal_04,0,semantic_margin_delta,even,0.041666666666666664,2,0.0782905704898622,0.013824221184830824,0.2839706544873317,3,0.25,1.0,2,"1,2",0.06,8,8
7,16,matched_betti,0.5,max_full_branch_node_speed,all_interior,coexact,coexact,random_tangent,literal_stable,literal_05,0,semantic_margin_delta,even,0.041666666666666664,2,-0.11322106104719577,0.032252652744660174,0.43111005485400733,3,0.25,1.0,2,"1,2",0.05769230769230769,8,8
7,16,matched_betti,0.5,max_full_branch_node_speed,all_interior,coexact,coexact,random_tangent,metaphor_shift,metaphor_01,0,semantic_margin_delta,even,0.041666666666666664,2,0.21982483671559447,0.009599634927917591,0.07304918991565393,3,0.25,1.0,2,"1,2",0.04411764705882352,8,8
7,16,matched_betti,0.5,max_full_branch_node_speed,all_interior,coexact,coexact,random_tangent,metaphor_shift,metaphor_02,0,semantic_margin_delta,even,0.041666666666666664,2,0.045270290071892365,0.025626451482740006,0.6885417705028893,3,0.25,1.0,2,"1,2",0.05172413793103448,8,8
7,16,matched_betti,0.5,max_full_branch_node_speed,all_interior,coexact,coexact,random_tangent,metaphor_shift,metaphor_03,0,semantic_margin_delta,even,0.041666666666666664,2,0.046761616895550084,0.02423390568836442,0.6560333244821916,3,0.25,1.0,2,"1,2",0.05000000000000001,8,8
7,16,matched_betti,0.5,max_full_branch_node_speed,all_interior,coexact,coexact,random_tangent,metaphor_shift,metaphor_04,0,semantic_margin_delta,even,0.041666666666666664,2,0.04140563001656326,0.011205587517955579,0.4133270978257017,3,0.25,1.0,2,"1,2",0.05357142857142857,8,8
7,16,matched_betti,0.5,max_full_branch_node_speed,all_interior,coexact,coexact,random_tangent,metaphor_shift,metaphor_05,0,semantic_margin_delta,even,0.041666666666666664,2,-0.06526318295013232,0.004867998259753309,0.12413922772665191,3,0.25,1.0,2,"1,2",0.05555555555555555,8,8
7,16,matched_betti,0.5,max_full_branch_node_speed,all_interior,coexact,coexact,random_tangent,ontology_collapse,ontology_01,0,semantic_margin_delta,even,0.041666666666666664,2,-0.13881601643440816,0.01907050862383782,0.22453727784280908,3,0.25,1.0,2,"1,2",0.04838709677419354,8,8
7,16,matched_betti,0.5,max_full_branch_node_speed,all_interior,coexact,coexact,random_tangent,ontology_collapse,ontology_02,0,semantic_margin_delta,even,0.041666666666666664,2,-0.037198615468025546,0.007501867236356929,0.32041907984758405,3,0.25,1.0,2,"1,2",0.05357142857142857,8,8
7,16,matched_betti,0.5,max_full_branch_node_speed,all_interior,coexact,coexact,random_tangent,ontology_collapse,ontology_03,0,semantic_margin_delta,even,0.041666666666666664,2,-0.09380261366610755,0.0053692928050275476,0.09556725144671192,3,0.25,1.0,2,"1,2",0.05172413793103448,8,8
7,16,matched_betti,0.5,max_full_branch_node_speed,all_interior,coexact,coexact,random_tangent,ontology_collapse,ontology_04,0,semantic_margin_delta,even,0.041666666666666664,2,0.24078672788961733,0.04692019962390992,0.31066195006887026,3,0.25,1.0,2,"1,2",0.05172413793103448,8,8
7,16,matched_betti,0.5,max_full_branch_node_speed,all_interior,coexact,coexact,random_tangent,ontology_collapse,ontology_05,0,semantic_margin_delta,even,0.041666666666666664,2,0.12843482297483458,0.02825838044164039,0.34620978791560786,3,0.25,1.0,2,"1,2",0.05357142857142857,8,8
7,16,matched_betti,0.5,max_full_branch_node_speed,all_interior,coexact,coexact,random_tangent,identity_stress,identity_01,1,semantic_margin_delta,even,0.125,2,-0.042756314865076236,0.0034392161366887356,0.13370311817468605,3,0.25,1.0,3,"3,4,5",0.11764705882352942,8,8
7,16,matched_betti,0.5,max_full_branch_node_speed,all_interior,coexact,coexact,random_tangent,identity_stress,identity_02,1,semantic_margin_delta,even,0.125,2,0.048262842961747765,0.005594072380104095,0.19083532928562802,3,0.25,1.0,3,"3,4,5",0.12903225806451613,8,8
7,16,matched_betti,0.5,max_full_branch_node_speed,all_interior,coexact,coexact,random_tangent,identity_stress,identity_03,1,semantic_margin_delta,even,0.125,2,0.07636471763256746,0.010420693943680365,0.2231083720011081,3,0.25,1.0,3,"3,4,5",0.12903225806451613,8,8
7,16,matched_betti,0.5,max_full_branch_node_speed,all_interior,coexact,coexact,random_tangent,identity_stress,identity_04,1,semantic_margin_delta,even,0.125,2,0.3038035101766094,0.013396483704813743,0.07375861288825175,3,0.25,1.0,2,"3,4",0.125,8,8
7,16,matched_betti,0.5,max_full_branch_node_speed,all_interior,coexact,coexact,random_tangent,identity_stress,identity_05,1,semantic_margin_delta,even,0.125,2,0.3551665474278067,0.06609388831527178,0.2979488426465062,3,0.25,1.0,2,"3,4",0.125,8,8
7,16,matched_betti,0.5,max_full_branch_node_speed,all_interior,coexact,coexact,random_tangent,literal_stable,literal_01,1,semantic_margin_delta,even,0.125,2,-0.25888069288715293,0.0019378907035007024,0.012554362826304271,3,0.25,1.0,3,"3,4,5",0.12121212121212122,8,8
7,16,matched_betti,0.5,max_full_branch_node_speed,all_interior,coexact,coexact,random_tangent,literal_stable,literal_02,1,semantic_margin_delta,even,0.125,2,0.0833444180732398,0.005253621350768641,0.10513994264426649,3,0.25,1.0,2,"3,4",0.125,8,8
7,16,matched_betti,0.5,max_full_branch_node_speed,all_interior,coexact,coexact,random_tangent,literal_stable,literal_03,1,semantic_margin_delta,even,0.125,2,-0.055797229811169295,0.035803111867021405,0.7325768400396554,3,0.25,1.0,2,"3,4",0.12962962962962962,8,8
7,16,matched_betti,0.5,max_full_branch_node_speed,all_interior,coexact,coexact,random_tangent,literal_stable,literal_04,1,semantic_margin_delta,even,0.125,2,0.034750074518555184,0.019800678607929088,0.6909140457895864,3,0.25,1.0,2,"3,4",0.14,8,8
7,16,matched_betti,0.5,max_full_branch_node_speed,all_interior,coexact,coexact,random_tangent,literal_stable,literal_05,1,semantic_margin_delta,even,0.125,2,-0.14563348975253904,0.019294846699059075,0.21692659096089723,3,0.25,1.0,2,"3,4",0.13461538461538464,8,8
7,16,matched_betti,0.5,max_full_branch_node_speed,all_interior,coexact,coexact,random_tangent,metaphor_shift,metaphor_01,1,semantic_margin_delta,even,0.125,2,0.27203669850453166,0.005507082140815523,0.0339346319470533,3,0.25,1.0,2,"3,5",0.1176470588235294,8,8
7,16,matched_betti,0.5,max_full_branch_node_speed,all_interior,coexact,coexact,random_tangent,metaphor_shift,metaphor_02,1,semantic_margin_delta,even,0.125,2,-0.15680807585322035,0.006688646100837388,0.07136092270597075,3,0.25,1.0,2,"3,4",0.12068965517241377,8,8
7,16,matched_betti,0.5,max_full_branch_node_speed,all_interior,coexact,coexact,random_tangent,metaphor_shift,metaphor_03,1,semantic_margin_delta,even,0.125,2,0.2207264012049152,0.006673021912740423,0.050641894428560735,3,0.25,1.0,2,"3,4",0.11666666666666665,8,8
7,16,matched_betti,0.5,max_full_branch_node_speed,all_interior,coexact,coexact,random_tangent,metaphor_shift,metaphor_04,1,semantic_margin_delta,even,0.125,2,0.43830251300023154,0.03390393345662486,0.1286621146993073,3,0.25,1.0,2,"3,4",0.125,8,8
7,16,matched_betti,0.5,max_full_branch_node_speed,all_interior,coexact,coexact,random_tangent,metaphor_shift,metaphor_05,1,semantic_margin_delta,even,0.125,2,0.03909208597560642,0.004189108251077054,0.17690010801697667,3,0.25,1.0,2,"3,4",0.12962962962962962,8,8
7,16,matched_betti,0.5,max_full_branch_node_speed,all_interior,coexact,coexact,random_tangent,ontology_collapse,ontology_01,1,semantic_margin_delta,even,0.125,2,0.12964731994788978,0.011984175135423592,0.15320959959432334,3,0.25,1.0,3,"3,4,5",0.12903225806451613,8,8
7,16,matched_betti,0.5,max_full_branch_node_speed,all_interior,coexact,coexact,random_tangent,ontology_collapse,ontology_02,1,semantic_margin_delta,even,0.125,2,0.17166785247055297,0.004798175968898743,0.046828449419272423,3,0.25,1.0,2,"3,4",0.125,8,8
7,16,matched_betti,0.5,max_full_branch_node_speed,all_interior,coexact,coexact,random_tangent,ontology_collapse,ontology_03,1,semantic_margin_delta,even,0.125,2,0.01857499898842769,0.03152873598497753,0.9434884622215288,3,0.25,1.0,2,"3,4",0.12068965517241377,8,8
7,16,matched_betti,0.5,max_full_branch_node_speed,all_interior,coexact,coexact,random_tangent,ontology_collapse,ontology_04,1,semantic_margin_delta,even,0.125,2,-0.08460688382973368,0.04268366082472388,0.6459473675567811,3,0.25,1.0,2,"3,4",0.12068965517241377,8,8
7,16,matched_betti,0.5,max_full_branch_node_speed,all_interior,coexact,coexact,random_tangent,ontology_collapse,ontology_05,1,semantic_margin_delta,even,0.125,2,0.033925912580617335,0.006771210952689392,0.31744544299634264,3,0.25,1.0,2,"3,4",0.125,8,8
7,16,matched_betti,0.5,max_full_branch_node_speed,all_interior,coexact,coexact,random_tangent,identity_stress,identity_01,2,semantic_margin_delta,even,0.20833333333333334,2,-0.3820009035399576,0.003228616454770356,0.014174499056507223,3,0.25,1.0,3,"6,7,8",0.2058823529411765,8,8
7,16,matched_betti,0.5,max_full_branch_node_speed,all_interior,coexact,coexact,random_tangent,identity_stress,identity_02,2,semantic_margin_delta,even,0.20833333333333334,2,-0.39854461390888046,0.004832743088047639,0.02033416046309955,3,0.25,1.0,2,"6,7",0.20967741935483866,8,8
7,16,matched_betti,0.5,max_full_branch_node_speed,all_interior,coexact,coexact,random_tangent,identity_stress,identity_03,2,semantic_margin_delta,even,0.20833333333333334,2,0.4019677662460329,0.0263348513175972,0.10922766145219028,3,0.25,1.0,2,"6,7",0.20967741935483866,8,8
7,16,matched_betti,0.5,max_full_branch_node_speed,all_interior,coexact,coexact,random_tangent,identity_stress,identity_04,2,semantic_margin_delta,even,0.20833333333333334,2,-0.17331455088878892,0.014985446234273706,0.1435206505313877,3,0.25,1.0,2,"5,6",0.19642857142857142,8,8
7,16,matched_betti,0.5,max_full_branch_node_speed,all_interior,coexact,coexact,random_tangent,identity_stress,identity_05,2,semantic_margin_delta,even,0.20833333333333334,2,-0.03080124174218261,0.048406217021646325,0.9349777265295065,3,0.25,1.0,2,"5,6",0.19642857142857142,8,8
7,16,matched_betti,0.5,max_full_branch_node_speed,all_interior,coexact,coexact,random_tangent,literal_stable,literal_01,2,semantic_margin_delta,even,0.20833333333333334,2,-0.1605537455584108,0.008299764951971616,0.08638101045392524,3,0.25,1.0,3,"6,7,8",0.21212121212121213,8,8
7,16,matched_betti,0.5,max_full_branch_node_speed,all_interior,coexact,coexact,random_tangent,literal_stable,literal_02,2,semantic_margin_delta,even,0.20833333333333334,2,-0.12282662811076972,0.035423136913838485,0.4354505853887707,3,0.25,1.0,2,"5,6",0.19642857142857142,8,8
7,16,matched_betti,0.5,max_full_branch_node_speed,all_interior,coexact,coexact,random_tangent,literal_stable,literal_03,2,semantic_margin_delta,even,0.20833333333333334,2,-0.15571420967484134,0.024905838386821224,0.2591081828555611,3,0.25,1.0,2,"5,6",0.2037037037037037,8,8
7,16,matched_betti,0.5,max_full_branch_node_speed,all_interior,coexact,coexact,random_tangent,literal_stable,literal_04,2,semantic_margin_delta,even,0.20833333333333334,2,-0.19350488714294214,0.03492986660237613,0.2897739708018857,3,0.25,1.0,2,"5,6",0.22,8,8
7,16,matched_betti,0.5,max_full_branch_node_speed,all_interior,coexact,coexact,random_tangent,literal_stable,literal_05,2,semantic_margin_delta,even,0.20833333333333334,2,-0.4867381220893831,0.0003359902721931048,0.001157791446608178,3,0.25,1.0,2,"5,6",0.21153846153846156,8,8
7,16,matched_betti,0.5,max_full_branch_node_speed,all_interior,coexact,coexact,random_tangent,metaphor_shift,metaphor_01,2,semantic_margin_delta,even,0.20833333333333334,2,-0.25053755851918463,0.003742831880964018,0.025049004645108383,3,0.25,1.0,3,"6,7,8",0.2058823529411765,8,8
7,16,matched_betti,0.5,max_full_branch_node_speed,all_interior,coexact,coexact,random_tangent,metaphor_shift,metaphor_02,2,semantic_margin_delta,even,0.20833333333333334,2,0.1053365308142233,0.01658781032797259,0.25536758004619375,3,0.25,1.0,3,"5,6,7",0.20689655172413793,8,8
7,16,matched_betti,0.5,max_full_branch_node_speed,all_interior,coexact,coexact,random_tangent,metaphor_shift,metaphor_03,2,semantic_margin_delta,even,0.20833333333333334,2,-0.15782689115199555,0.012389953651011431,0.13054358329341728,3,0.25,1.0,3,"5,6,7",0.19999999999999998,8,8
7,16,matched_betti,0.5,max_full_branch_node_speed,all_interior,coexact,coexact,random_tangent,metaphor_shift,metaphor_04,2,semantic_margin_delta,even,0.20833333333333334,2,-0.1325133108269917,0.049430137518083554,0.5303952669631313,3,0.25,1.0,2,"5,6",0.19642857142857142,8,8
7,16,matched_betti,0.5,max_full_branch_node_speed,all_interior,coexact,coexact,random_tangent,metaphor_shift,metaphor_05,2,semantic_margin_delta,even,0.20833333333333334,2,0.37556765473913817,0.015875073230035737,0.07071932635205398,3,0.25,1.0,2,"5,6",0.2037037037037037,8,8
7,16,matched_betti,0.5,max_full_branch_node_speed,all_interior,coexact,coexact,random_tangent,ontology_collapse,ontology_01,2,semantic_margin_delta,even,0.20833333333333334,2,0.14088157589272532,0.02557646309653722,0.29129378788783206,3,0.25,1.0,2,"6,7",0.20967741935483866,8,8
7,16,matched_betti,0.5,max_full_branch_node_speed,all_interior,coexact,coexact,random_tangent,ontology_collapse,ontology_02,2,semantic_margin_delta,even,0.20833333333333334,2,0.06951761494509312,0.016479426735914713,0.3694674149745553,3,0.25,1.0,2,"5,6",0.19642857142857142,8,8
7,16,matched_betti,0.5,max_full_branch_node_speed,all_interior,coexact,coexact,random_tangent,ontology_collapse,ontology_03,2,semantic_margin_delta,even,0.20833333333333334,2,-0.09614041900779383,0.011240555315476174,0.1924363143927121,3,0.25,1.0,3,"5,6,7",0.20689655172413793,8,8
7,16,matched_betti,0.5,max_full_branch_node_speed,all_interior,coexact,coexact,random_tangent,ontology_collapse,ontology_04,2,semantic_margin_delta,even,0.20833333333333334,2,-0.1647230452250834,0.0029175142384322787,0.029693839709950213,3,0.25,1.0,3,"5,6,7",0.20689655172413793,8,8
7,16,matched_betti,0.5,max_full_branch_node_speed,all_interior,coexact,coexact,random_tangent,ontology_collapse,ontology_05,2,semantic_margin_delta,even,0.20833333333333334,2,0.0899626484121527,0.04726017919807903,0.6610990871383735,3,0.25,1.0,2,"5,6",0.19642857142857142,8,8
7,16,matched_betti,0.5,max_full_branch_node_speed,all_interior,coexact,coexact,random_tangent,identity_stress,identity_01,3,semantic_margin_delta,even,0.2916666666666667,2,-0.08826596295171922,0.0122277079507029,0.22632530854376018,3,0.25,1.0,3,"9,10,11",0.29411764705882354,8,8
7,16,matched_betti,0.5,max_full_branch_node_speed,all_interior,coexact,coexact,random_tangent,identity_stress,identity_02,3,semantic_margin_delta,even,0.2916666666666667,2,-0.1775568980703128,0.00715267618407904,0.06741262442354987,3,0.25,1.0,3,"8,9,10",0.2903225806451613,8,8
7,16,matched_betti,0.5,max_full_branch_node_speed,all_interior,coexact,coexact,random_tangent,identity_stress,identity_03,3,semantic_margin_delta,even,0.2916666666666667,2,-0.03521789703182948,0.0036479333077384813,0.17116916101868415,3,0.25,1.0,3,"8,9,10",0.2903225806451613,8,8
7,16,matched_betti,0.5,max_full_branch_node_speed,all_interior,coexact,coexact,random_tangent,identity_stress,identity_04,3,semantic_margin_delta,even,0.2916666666666667,2,-0.174780973194754,0.0278849591600703,0.2584982149462391,3,0.25,1.0,3,"7,8,9",0.28571428571428575,8,8
7,16,matched_betti,0.5,max_full_branch_node_speed,all_interior,coexact,coexact,random_tangent,identity_stress,identity_05,3,semantic_margin_delta,even,0.2916666666666667,2,-0.347105260214836,0.0044353903062052365,0.021427436236895584,3,0.25,1.0,3,"7,8,9",0.28571428571428575,8,8
7,16,matched_betti,0.5,max_full_branch_node_speed,all_interior,coexact,coexact,random_tangent,literal_stable,literal_01,3,semantic_margin_delta,even,0.2916666666666667,2,0.42340488058637,0.010572303450611293,0.041843933868231986,3,0.25,1.0,2,"9,10",0.28787878787878785,8,8
7,16,matched_betti,0.5,max_full_branch_node_speed,all_interior,coexact,coexact,random_tangent,literal_stable,literal_02,3,semantic_margin_delta,even,0.2916666666666667,2,-0.01535635728688838,0.03281459985980507,0.9632108780277163,3,0.25,1.0,3,"7,8,9",0.28571428571428575,8,8
7,16,matched_betti,0.5,max_full_branch_node_speed,all_interior,coexact,coexact,random_tangent,literal_stable,literal_03,3,semantic_margin_delta,even,0.2916666666666667,2,-0.30534163743343434,0.007201404188938264,0.03952673255594514,3,0.25,1.0,2,"7,8",0.2777777777777778,8,8
7,16,matched_betti,0.5,max_full_branch_node_speed,all_interior,coexact,coexact,random_tangent,literal_stable,literal_04,3,semantic_margin_delta,even,0.2916666666666667,2,-0.4633531115430685,0.02806016995931024,0.10105287213337046,3,0.25,1.0,2,"7,8",0.30000000000000004,8,8
7,16,matched_betti,0.5,max_full_branch_node_speed,all_interior,coexact,coexact,random_tangent,literal_stable,literal_05,3,semantic_margin_delta,even,0.2916666666666667,2,-0.06354536753138247,0.0025905508008533806,0.06821731603379334,3,0.25,1.0,2,"7,8",0.28846153846153844,8,8
7,16,matched_betti,0.5,max_full_branch_node_speed,all_interior,coexact,coexact,random_tangent,metaphor_shift,metaphor_01,3,semantic_margin_delta,even,0.2916666666666667,2,-0.006523026166792202,0.011712100284428338,0.9490455379703285,3,0.25,1.0,3,"9,10,11",0.29411764705882354,8,8
7,16,matched_betti,0.5,max_full_branch_node_speed,all_interior,coexact,coexact,random_tangent,metaphor_shift,metaphor_02,3,semantic_margin_delta,even,0.2916666666666667,2,-0.0044243922467990275,0.01912382647570817,0.9906203819094523,3,0.25,1.0,2,"8,9",0.2931034482758621,8,8
7,16,matched_betti,0.5,max_full_branch_node_speed,all_interior,coexact,coexact,random_tangent,metaphor_shift,metaphor_03,3,semantic_margin_delta,even,0.2916666666666667,2,0.011862305876578395,0.009409972543407934,0.7993891717596483,3,0.25,1.0,2,"8,9",0.2833333333333333,8,8
7,16,matched_betti,0.5,max_full_branch_node_speed,all_interior,coexact,coexact,random_tangent,metaphor_shift,metaphor_04,3,semantic_margin_delta,even,0.2916666666666667,2,-0.06672708323552878,0.01230995988900506,0.29559658138315936,3,0.25,1.0,3,"7,8,9",0.28571428571428575,8,8
7,16,matched_betti,0.5,max_full_branch_node_speed,all_interior,coexact,coexact,random_tangent,metaphor_shift,metaphor_05,3,semantic_margin_delta,even,0.2916666666666667,2,-0.03460144711623009,0.016072929868058222,0.6145963429177836,3,0.25,1.0,2,"7,8",0.2777777777777778,8,8
7,16,matched_betti,0.5,max_full_branch_node_speed,all_interior,coexact,coexact,random_tangent,ontology_collapse,ontology_01,3,semantic_margin_delta,even,0.2916666666666667,2,-0.003562590082960604,0.012477450267260824,0.9858180637817986,3,0.25,1.0,3,"8,9,10",0.2903225806451613,8,8
7,16,matched_betti,0.5,max_full_branch_node_speed,all_interior,coexact,coexact,random_tangent,ontology_collapse,ontology_02,3,semantic_margin_delta,even,0.2916666666666667,2,0.24976470838881643,0.015968096445663292,0.10662001283949499,3,0.25,1.0,3,"7,8,9",0.28571428571428575,8,8
7,16,matched_betti,0.5,max_full_branch_node_speed,all_interior,coexact,coexact,random_tangent,ontology_collapse,ontology_03,3,semantic_margin_delta,even,0.2916666666666667,2,-0.6380486322659705,0.0049320370118825585,0.012963889904349376,3,0.25,1.0,2,"8,9",0.2931034482758621,8,8
7,16,matched_betti,0.5,max_full_branch_node_speed,all_interior,coexact,coexact,random_tangent,ontology_collapse,ontology_04,3,semantic_margin_delta,even,0.2916666666666667,2,-0.12396984063258878,0.018364351201733874,0.2411299560614091,3,0.25,1.0,2,"8,9",0.2931034482758621,8,8
7,16,matched_betti,0.5,max_full_branch_node_speed,all_interior,coexact,coexact,random_tangent,ontology_collapse,ontology_05,3,semantic_margin_delta,even,0.2916666666666667,2,0.06788217499296613,0.003041198880432534,0.07493171861385164,3,0.25,1.0,3,"7,8,9",0.28571428571428575,8,8
7,16,matched_betti,0.5,max_full_branch_node_speed,all_interior,coexact,coexact,random_tangent,identity_stress,identity_01,4,semantic_margin_delta,even,0.375,2,0.23169770322009106,0.027049306415881255,0.19216027742951708,3,0.25,1.0,3,"12,13,14",0.38235294117647056,8,8
7,16,matched_betti,0.5,max_full_branch_node_speed,all_interior,coexact,coexact,random_tangent,identity_stress,identity_02,4,semantic_margin_delta,even,0.375,2,0.16239260031326802,0.014173583794953377,0.14484662724009179,3,0.25,1.0,2,"11,12",0.3709677419354838,8,8
7,16,matched_betti,0.5,max_full_branch_node_speed,all_interior,coexact,coexact,random_tangent,identity_stress,identity_03,4,semantic_margin_delta,even,0.375,2,-0.33594442597348473,0.011763926757855842,0.05863222529045042,3,0.25,1.0,2,"11,12",0.3709677419354838,8,8
7,16,matched_betti,0.5,max_full_branch_node_speed,all_interior,coexact,coexact,random_tangent,identity_stress,identity_04,4,semantic_margin_delta,even,0.375,2,-0.06214168531905857,0.017658201408210436,0.4302419200442245,3,0.25,1.0,2,"10,11",0.375,8,8
7,16,matched_betti,0.5,max_full_branch_node_speed,all_interior,coexact,coexact,random_tangent,identity_stress,identity_05,4,semantic_margin_delta,even,0.375,2,0.0009327820617948263,0.03352411079061564,0.9998624287633322,3,0.25,1.0,2,"10,11",0.375,8,8
7,16,matched_betti,0.5,max_full_branch_node_speed,all_interior,coexact,coexact,random_tangent,literal_stable,literal_01,4,semantic_margin_delta,even,0.375,2,0.18955641171777735,0.008875360472922094,0.07829097715355571,3,0.25,1.0,3,"11,12,13",0.3636363636363636,8,8
7,16,matched_betti,0.5,max_full_branch_node_speed,all_interior,coexact,coexact,random_tangent,literal_stable,literal_02,4,semantic_margin_delta,even,0.375,2,-0.02881509891799189,0.004433427377202489,0.24987288216518214,3,0.25,1.0,2,"10,11",0.375,8,8
7,16,matched_betti,0.5,max_full_branch_node_speed,all_interior,coexact,coexact,random_tangent,literal_stable,literal_03,4,semantic_margin_delta,even,0.375,2,-0.3412488798999992,0.0046800817703868845,0.022996758483573052,3,0.25,1.0,3,"9,10,11",0.3703703703703704,8,8
7,16,matched_betti,0.5,max_full_branch_node_speed,all_interior,coexact,coexact,random_tangent,literal_stable,literal_04,4,semantic_margin_delta,even,0.375,2,-0.32450857429242735,0.03539372906933711,0.1799498195967363,3,0.25,1.0,2,"9,10",0.38000000000000006,8,8
7,16,matched_betti,0.5,max_full_branch_node_speed,all_interior,coexact,coexact,random_tangent,literal_stable,literal_05,4,semantic_margin_delta,even,0.375,2,-0.15620546897593215,0.028430200624837348,0.2919680261947181,3,0.25,1.0,2,"9,10",0.3653846153846154,8,8
7,16,matched_betti,0.5,max_full_branch_node_speed,all_interior,coexact,coexact,random_tangent,metaphor_shift,metaphor_01,4,semantic_margin_delta,even,0.375,2,-0.11362892174182526,0.024137420439152246,0.3356221636479802,3,0.25,1.0,3,"12,13,14",0.38235294117647056,8,8
7,16,matched_betti,0.5,max_full_branch_node_speed,all_interior,coexact,coexact,random_tangent,metaphor_shift,metaphor_02,4,semantic_margin_delta,even,0.375,2,-0.19857141863859945,0.021389115253387502,0.17778736262764913,3,0.25,1.0,3,"10,11,12",0.37931034482758624,8,8
7,16,matched_betti,0.5,max_full_branch_node_speed,all_interior,coexact,coexact,random_tangent,metaphor_shift,metaphor_03,4,semantic_margin_delta,even,0.375,2,0.034750471680554645,0.011404748358501889,0.4822268524189283,3,0.25,1.0,3,"10,11,12",0.3666666666666667,8,8
7,16,matched_betti,0.5,max_full_branch_node_speed,all_interior,coexact,coexact,random_tangent,metaphor_shift,metaphor_04,4,semantic_margin_delta,even,0.375,2,0.25988943952456844,0.008275281407582916,0.05333041333070691,3,0.25,1.0,2,"10,11",0.375,8,8
7,16,matched_betti,0.5,max_full_branch_node_speed,all_interior,coexact,coexact,random_tangent,metaphor_shift,metaphor_05,4,semantic_margin_delta,even,0.375,2,0.30090620933898665,0.011238826105987282,0.06252282229336181,3,0.25,1.0,3,"9,10,11",0.3703703703703704,8,8
7,16,matched_betti,0.5,max_full_branch_node_speed,all_interior,coexact,coexact,random_tangent,ontology_collapse,ontology_01,4,semantic_margin_delta,even,0.375,2,0.0773661409299043,0.06809223935286299,0.8279208311786678,3,0.25,1.0,1,12,0.3870967741935483,8,8
7,16,matched_betti,0.5,max_full_branch_node_speed,all_interior,coexact,coexact,random_tangent,ontology_collapse,ontology_02,4,semantic_margin_delta,even,0.375,2,0.20595380254996318,0.008349704607056543,0.06784203192949387,3,0.25,1.0,2,"10,11",0.375,8,8
7,16,matched_betti,0.5,max_full_branch_node_speed,all_interior,coexact,coexact,random_tangent,ontology_collapse,ontology_03,4,semantic_margin_delta,even,0.375,2,-0.02165969392094657,0.020847840157085237,0.8501197815353732,3,0.25,1.0,3,"10,11,12",0.37931034482758624,8,8
7,16,matched_betti,0.5,max_full_branch_node_speed,all_interior,coexact,coexact,random_tangent,ontology_collapse,ontology_04,4,semantic_margin_delta,even,0.375,2,0.2053121266327428,0.0012901407462621852,0.010538957591356467,3,0.25,1.0,3,"10,11,12",0.37931034482758624,8,8
7,16,matched_betti,0.5,max_full_branch_node_speed,all_interior,coexact,coexact,random_tangent,ontology_collapse,ontology_05,4,semantic_margin_delta,even,0.375,2,0.45832318817967277,0.025447480030915945,0.09272506521300856,3,0.25,1.0,2,"10,11",0.375,8,8
7,16,matched_betti,0.5,max_full_branch_node_speed,all_interior,coexact,coexact,random_tangent,identity_stress,identity_01,5,semantic_margin_delta,even,0.4583333333333333,2,-0.06744562502796045,0.02941663809949594,0.5904224486425509,3,0.25,1.0,2,"15,16",0.45588235294117646,8,8
7,16,matched_betti,0.5,max_full_branch_node_speed,all_interior,coexact,coexact,random_tangent,identity_stress,identity_02,5,semantic_margin_delta,even,0.4583333333333333,2,-0.08598577930314487,0.05284473839995415,0.7177485255398522,3,0.25,1.0,2,"13,15",0.4516129032258065,8,8
7,16,matched_betti,0.5,max_full_branch_node_speed,all_interior,coexact,coexact,random_tangent,identity_stress,identity_03,5,semantic_margin_delta,even,0.4583333333333333,2,0.021560921282039604,0.008879621045949124,0.5683481455367994,3,0.25,1.0,3,"13,14,15",0.4516129032258065,8,8
7,16,matched_betti,0.5,max_full_branch_node_speed,all_interior,coexact,coexact,random_tangent,identity_stress,identity_04,5,semantic_margin_delta,even,0.4583333333333333,2,-0.24717565988329968,0.0389641348578334,0.2556146373312737,3,0.25,1.0,1,13,0.46428571428571425,8,8
7,16,matched_betti,0.5,max_full_branch_node_speed,all_interior,coexact,coexact,random_tangent,identity_stress,identity_05,5,semantic_margin_delta,even,0.4583333333333333,2,0.15473671819828058,0.0010453331220580137,0.011330073813125842,3,0.25,1.0,2,"12,13",0.4464285714285714,8,8
7,16,matched_betti,0.5,max_full_branch_node_speed,all_interior,coexact,coexact,random_tangent,literal_stable,literal_01,5,semantic_margin_delta,even,0.4583333333333333,2,0.04483768163813204,0.020936341199948454,0.6165830567529423,3,0.25,1.0,3,"14,15,16",0.4545454545454546,8,8
7,16,matched_betti,0.5,max_full_branch_node_speed,all_interior,coexact,coexact,random_tangent,literal_stable,literal_02,5,semantic_margin_delta,even,0.4583333333333333,2,-0.252745329382858,0.002294990817024395,0.015228135706665152,3,0.25,1.0,2,"12,13",0.4464285714285714,8,8
7,16,matched_betti,0.5,max_full_branch_node_speed,all_interior,coexact,coexact,random_tangent,literal_stable,literal_03,5,semantic_margin_delta,even,0.4583333333333333,2,-0.5673455566043982,0.007532892038977984,0.022264128869042266,3,0.25,1.0,2,"12,13",0.46296296296296297,8,8
7,16,matched_betti,0.5,max_full_branch_node_speed,all_interior,coexact,coexact,random_tangent,literal_stable,literal_04,5,semantic_margin_delta,even,0.4583333333333333,2,-0.1284541253945789,0.005098401031282723,0.06642399890948436,3,0.25,1.0,2,"11,12",0.45999999999999996,8,8
7,16,matched_betti,0.5,max_full_branch_node_speed,all_interior,coexact,coexact,random_tangent,literal_stable,literal_05,5,semantic_margin_delta,even,0.4583333333333333,2,0.15389533145154766,0.02675754110091235,0.27996033745447646,3,0.25,1.0,2,"11,12",0.4423076923076923,8,8
7,16,matched_betti,0.5,max_full_branch_node_speed,all_interior,coexact,coexact,random_tangent,metaphor_shift,metaphor_01,5,semantic_margin_delta,even,0.4583333333333333,2,0.09952037048420197,0.007019796011215257,0.1174880073312155,3,0.25,1.0,2,"15,16",0.45588235294117646,8,8
7,16,matched_betti,0.5,max_full_branch_node_speed,all_interior,coexact,coexact,random_tangent,metaphor_shift,metaphor_02,5,semantic_margin_delta,even,0.4583333333333333,2,-0.18387082942518682,0.01530178617231344,0.13824154323800814,3,0.25,1.0,2,"13,14",0.46551724137931033,8,8
7,16,matched_betti,0.5,max_full_branch_node_speed,all_interior,coexact,coexact,random_tangent,metaphor_shift,metaphor_03,5,semantic_margin_delta,even,0.4583333333333333,2,0.0762396639019074,0.0028419363793543585,0.06240012959862409,3,0.25,1.0,2,"13,14",0.45,8,8
7,16,matched_betti,0.5,max_full_branch_node_speed,all_interior,coexact,coexact,random_tangent,metaphor_shift,metaphor_04,5,semantic_margin_delta,even,0.4583333333333333,2,0.20784956697545395,0.0018238978564687018,0.014716469738510587,3,0.25,1.0,2,"12,13",0.4464285714285714,8,8
7,16,matched_betti,0.5,max_full_branch_node_speed,all_interior,coexact,coexact,random_tangent,metaphor_shift,metaphor_05,5,semantic_margin_delta,even,0.4583333333333333,2,0.2737695858679036,0.007777926856767308,0.04759764103165779,3,0.25,1.0,2,"12,13",0.46296296296296297,8,8
7,16,matched_betti,0.5,max_full_branch_node_speed,all_interior,coexact,coexact,random_tangent,ontology_collapse,ontology_01,5,semantic_margin_delta,even,0.4583333333333333,2,0.33297251433584574,0.04513975796503011,0.22171953106116082,3,0.25,1.0,3,"13,14,15",0.4516129032258065,8,8
7,16,matched_betti,0.5,max_full_branch_node_speed,all_interior,coexact,coexact,random_tangent,ontology_collapse,ontology_02,5,semantic_margin_delta,even,0.4583333333333333,2,0.09387515858799043,0.01472857450070782,0.2544894165980131,3,0.25,1.0,2,"12,13",0.4464285714285714,8,8
7,16,matched_betti,0.5,max_full_branch_node_speed,all_interior,coexact,coexact,random_tangent,ontology_collapse,ontology_03,5,semantic_margin_delta,even,0.4583333333333333,2,-0.5428069366707943,0.0543946304462166,0.16575267640041497,3,0.25,1.0,2,"13,14",0.46551724137931033,8,8
7,16,matched_betti,0.5,max_full_branch_node_speed,all_interior,coexact,coexact,random_tangent,ontology_collapse,ontology_04,5,semantic_margin_delta,even,0.4583333333333333,2,-0.16971987025604054,0.014847734052463982,0.14517810135409617,3,0.25,1.0,2,"13,14",0.46551724137931033,8,8
7,16,matched_betti,0.5,max_full_branch_node_speed,all_interior,coexact,coexact,random_tangent,ontology_collapse,ontology_05,5,semantic_margin_delta,even,0.4583333333333333,2,-0.03421892912068417,0.00907913199613859,0.4065757017335355,3,0.25,1.0,2,"12,13",0.4464285714285714,8,8
7,16,matched_betti,0.5,max_full_branch_node_speed,all_interior,coexact,coexact,random_tangent,identity_stress,identity_01,6,semantic_margin_delta,even,0.5416666666666666,2,-0.012887738978579496,0.010981355111380146,0.8193414077424196,3,0.25,1.0,3,"17,18,19",0.5294117647058824,8,8
7,16,matched_betti,0.5,max_full_branch_node_speed,all_interior,coexact,coexact,random_tangent,identity_stress,identity_02,6,semantic_margin_delta,even,0.5416666666666666,2,0.10490083406644411,0.007648346882869064,0.12138488357561096,3,0.25,1.0,2,"16,17",0.532258064516129,8,8
7,16,matched_betti,0.5,max_full_branch_node_speed,all_interior,coexact,coexact,random_tangent,identity_stress,identity_03,6,semantic_margin_delta,even,0.5416666666666666,2,0.0684414465503279,0.009930038658300576,0.23644935622634283,3,0.25,1.0,3,"16,17,18",0.5483870967741935,8,8
7,16,matched_betti,0.5,max_full_branch_node_speed,all_interior,coexact,coexact,random_tangent,identity_stress,identity_04,6,semantic_margin_delta,even,0.5416666666666666,2,0.16496843496173652,0.0025506020074540395,0.025923590365052977,3,0.25,1.0,3,"14,15,16",0.5357142857142857,8,8
7,16,matched_betti,0.5,max_full_branch_node_speed,all_interior,coexact,coexact,random_tangent,identity_stress,identity_05,6,semantic_margin_delta,even,0.5416666666666666,2,-0.06601905455645006,0.004145997398676937,0.10475218262297517,3,0.25,1.0,3,"14,15,16",0.5357142857142857,8,8
7,16,matched_betti,0.5,max_full_branch_node_speed,all_interior,coexact,coexact,random_tangent,literal_stable,literal_01,6,semantic_margin_delta,even,0.5416666666666666,2,-0.0002904136052957105,0.04547736226991308,0.9999927521350598,3,0.25,1.0,3,"17,18,19",0.5454545454545454,8,8
7,16,matched_betti,0.5,max_full_branch_node_speed,all_interior,coexact,coexact,random_tangent,literal_stable,literal_02,6,semantic_margin_delta,even,0.5416666666666666,2,0.07889107490596951,0.0011664649972771247,0.02479188886107191,3,0.25,1.0,3,"14,15,16",0.5357142857142857,8,8
7,16,matched_betti,0.5,max_full_branch_node_speed,all_interior,coexact,coexact,random_tangent,literal_stable,literal_03,6,semantic_margin_delta,even,0.5416666666666666,2,-0.25419819699085416,0.008331862646795848,0.05489257801449663,3,0.25,1.0,2,"14,15",0.537037037037037,8,8
7,16,matched_betti,0.5,max_full_branch_node_speed,all_interior,coexact,coexact,random_tangent,literal_stable,literal_04,6,semantic_margin_delta,even,0.5416666666666666,2,-0.1660025846283154,0.004188607531708759,0.04228297454565265,3,0.25,1.0,2,"13,14",0.54,8,8
7,16,matched_betti,0.5,max_full_branch_node_speed,all_interior,coexact,coexact,random_tangent,literal_stable,literal_05,6,semantic_margin_delta,even,0.5416666666666666,2,-0.13393475247800413,0.012210695719947368,0.15115669984307062,3,0.25,1.0,3,"13,14,15",0.5384615384615384,8,8
7,16,matched_betti,0.5,max_full_branch_node_speed,all_interior,coexact,coexact,random_tangent,metaphor_shift,metaphor_01,6,semantic_margin_delta,even,0.5416666666666666,2,0.20052630619064,0.004533833709343656,0.037894961141694036,3,0.25,1.0,3,"17,18,19",0.5294117647058824,8,8
7,16,matched_betti,0.5,max_full_branch_node_speed,all_interior,coexact,coexact,random_tangent,metaphor_shift,metaphor_02,6,semantic_margin_delta,even,0.5416666666666666,2,0.1797775610424005,0.03129210182420065,0.28024473455965,3,0.25,1.0,1,16,0.5517241379310345,8,8
7,16,matched_betti,0.5,max_full_branch_node_speed,all_interior,coexact,coexact,random_tangent,metaphor_shift,metaphor_03,6,semantic_margin_delta,even,0.5416666666666666,2,0.5007899983047815,0.0070962162908307334,0.02376007793702572,3,0.25,1.0,2,"16,17",0.55,8,8
7,16,matched_betti,0.5,max_full_branch_node_speed,all_interior,coexact,coexact,random_tangent,metaphor_shift,metaphor_04,6,semantic_margin_delta,even,0.5416666666666666,2,0.038370702281822135,0.02293865963057748,0.7080566489211849,3,0.25,1.0,3,"14,15,16",0.5357142857142857,8,8
7,16,matched_betti,0.5,max_full_branch_node_speed,all_interior,coexact,coexact,random_tangent,metaphor_shift,metaphor_05,6,semantic_margin_delta,even,0.5416666666666666,2,0.10724412677524556,0.0029925028240698668,0.046750388247921874,3,0.25,1.0,2,"14,15",0.537037037037037,8,8
7,16,matched_betti,0.5,max_full_branch_node_speed,all_interior,coexact,coexact,random_tangent,ontology_collapse,ontology_01,6,semantic_margin_delta,even,0.5416666666666666,2,0.29496679204238563,0.04860505038036901,0.26639341851714654,3,0.25,1.0,3,"16,17,18",0.5483870967741935,8,8
7,16,matched_betti,0.5,max_full_branch_node_speed,all_interior,coexact,coexact,random_tangent,ontology_collapse,ontology_02,6,semantic_margin_delta,even,0.5416666666666666,2,0.3487039083806302,0.01737013729436191,0.08325976393404533,3,0.25,1.0,3,"14,15,16",0.5357142857142857,8,8
7,16,matched_betti,0.5,max_full_branch_node_speed,all_interior,coexact,coexact,random_tangent,ontology_collapse,ontology_03,6,semantic_margin_delta,even,0.5416666666666666,2,-0.08090934242378044,0.004229318205010526,0.08733899812109931,3,0.25,1.0,2,"15,16",0.5344827586206897,8,8
7,16,matched_betti,0.5,max_full_branch_node_speed,all_interior,coexact,coexact,random_tangent,ontology_collapse,ontology_04,6,semantic_margin_delta,even,0.5416666666666666,2,-0.21476529100052935,0.02297731549839823,0.17662507030901392,3,0.25,1.0,2,"15,16",0.5344827586206897,8,8
7,16,matched_betti,0.5,max_full_branch_node_speed,all_interior,coexact,coexact,random_tangent,ontology_collapse,ontology_05,6,semantic_margin_delta,even,0.5416666666666666,2,-0.3613791198119237,0.06431060356745176,0.2860135288131922,3,0.25,1.0,2,"15,16",0.5535714285714286,8,8
7,16,matched_betti,0.5,max_full_branch_node_speed,all_interior,coexact,coexact,random_tangent,identity_stress,identity_01,7,semantic_margin_delta,even,0.625,2,-0.1327515331864134,0.021907656385014053,0.26676296547933825,3,0.25,1.0,3,"20,21,22",0.6176470588235294,8,8
7,16,matched_betti,0.5,max_full_branch_node_speed,all_interior,coexact,coexact,random_tangent,identity_stress,identity_02,7,semantic_margin_delta,even,0.625,2,-0.4426562684994261,0.030972435527802634,0.11655683608907412,3,0.25,1.0,2,"19,20",0.6290322580645161,8,8
7,16,matched_betti,0.5,max_full_branch_node_speed,all_interior,coexact,coexact,random_tangent,identity_stress,identity_03,7,semantic_margin_delta,even,0.625,2,0.36068522278275816,0.011527880865525355,0.053530006503576054,3,0.25,1.0,1,19,0.6129032258064516,8,8
7,16,matched_betti,0.5,max_full_branch_node_speed,all_interior,coexact,coexact,random_tangent,identity_stress,identity_04,7,semantic_margin_delta,even,0.625,2,-0.10510236819639274,0.007984948652228954,0.12640414481781806,3,0.25,1.0,2,"17,18",0.625,8,8
7,16,matched_betti,0.5,max_full_branch_node_speed,all_interior,coexact,coexact,random_tangent,identity_stress,identity_05,7,semantic_margin_delta,even,0.625,2,-0.06619558895992114,0.004351617939907362,0.10959656924312883,3,0.25,1.0,1,17,0.6071428571428571,8,8
7,16,matched_betti,0.5,max_full_branch_node_speed,all_interior,coexact,coexact,random_tangent,literal_stable,literal_01,7,semantic_margin_delta,even,0.625,2,-0.1139063588965499,0.01993024987428696,0.28159452049390393,3,0.25,1.0,2,"20,21",0.6212121212121212,8,8
7,16,matched_betti,0.5,max_full_branch_node_speed,all_interior,coexact,coexact,random_tangent,literal_stable,literal_02,7,semantic_margin_delta,even,0.625,2,-0.20782974640919566,0.034144900420666695,0.265659079542102,3,0.25,1.0,2,"17,18",0.625,8,8
7,16,matched_betti,0.5,max_full_branch_node_speed,all_interior,coexact,coexact,random_tangent,literal_stable,literal_03,7,semantic_margin_delta,even,0.625,2,-0.06019016852262177,0.0021690540455136173,0.06033262715343839,3,0.25,1.0,2,"16,17",0.6111111111111112,8,8
7,16,matched_betti,0.5,max_full_branch_node_speed,all_interior,coexact,coexact,random_tangent,literal_stable,literal_04,7,semantic_margin_delta,even,0.625,2,0.2524899313008161,0.020818194653846153,0.13698865615291037,3,0.25,1.0,2,"15,16",0.62,8,8
7,16,matched_betti,0.5,max_full_branch_node_speed,all_interior,coexact,coexact,random_tangent,literal_stable,literal_05,7,semantic_margin_delta,even,0.625,2,-0.29846687862924043,0.018763467962231297,0.10486131504103764,3,0.25,1.0,2,"16,17",0.6346153846153846,8,8
7,16,matched_betti,0.5,max_full_branch_node_speed,all_interior,coexact,coexact,random_tangent,metaphor_shift,metaphor_01,7,semantic_margin_delta,even,0.625,2,0.12350708988979693,0.012170476099373911,0.16306575622308447,3,0.25,1.0,2,"20,21",0.6029411764705883,8,8
7,16,matched_betti,0.5,max_full_branch_node_speed,all_interior,coexact,coexact,random_tangent,metaphor_shift,metaphor_02,7,semantic_margin_delta,even,0.625,2,-0.33344661407591,0.006072315649402716,0.03052986066293439,3,0.25,1.0,3,"17,18,19",0.6206896551724138,8,8
7,16,matched_betti,0.5,max_full_branch_node_speed,all_interior,coexact,coexact,random_tangent,metaphor_shift,metaphor_03,7,semantic_margin_delta,even,0.625,2,0.0329380002376673,0.005695375105557514,0.2785400639631918,3,0.25,1.0,2,"18,19",0.6166666666666667,8,8
7,16,matched_betti,0.5,max_full_branch_node_speed,all_interior,coexact,coexact,random_tangent,metaphor_shift,metaphor_04,7,semantic_margin_delta,even,0.625,2,0.11372405077605684,0.010260277465006074,0.14962003199143015,3,0.25,1.0,2,"17,18",0.625,8,8
7,16,matched_betti,0.5,max_full_branch_node_speed,all_interior,coexact,coexact,random_tangent,metaphor_shift,metaphor_05,7,semantic_margin_delta,even,0.625,2,0.5321560021645826,0.009139618375626832,0.02879441557510975,3,0.25,1.0,2,"16,17",0.6111111111111112,8,8
7,16,matched_betti,0.5,max_full_branch_node_speed,all_interior,coexact,coexact,random_tangent,ontology_collapse,ontology_01,7,semantic_margin_delta,even,0.625,2,0.21062900821768418,0.047725337443159696,0.35525100655056085,3,0.25,1.0,2,"19,20",0.6290322580645161,8,8
7,16,matched_betti,0.5,max_full_branch_node_speed,all_interior,coexact,coexact,random_tangent,ontology_collapse,ontology_02,7,semantic_margin_delta,even,0.625,2,0.5938138859584426,0.01228995782971957,0.03469267744090836,3,0.25,1.0,2,"17,18",0.625,8,8
7,16,matched_betti,0.5,max_full_branch_node_speed,all_interior,coexact,coexact,random_tangent,ontology_collapse,ontology_03,7,semantic_margin_delta,even,0.625,2,-0.15154782132680075,0.02186432799558788,0.23519538876082413,3,0.25,1.0,3,"17,18,19",0.6206896551724138,8,8
7,16,matched_betti,0.5,max_full_branch_node_speed,all_interior,coexact,coexact,random_tangent,ontology_collapse,ontology_04,7,semantic_margin_delta,even,0.625,2,-0.14443183950110164,0.0028321879278518608,0.03287181201478681,3,0.25,1.0,3,"17,18,19",0.6206896551724138,8,8
7,16,matched_betti,0.5,max_full_branch_node_speed,all_interior,coexact,coexact,random_tangent,ontology_collapse,ontology_05,7,semantic_margin_delta,even,0.625,2,0.12465985066584798,0.011769315646015174,0.15640332805350396,3,0.25,1.0,2,"17,18",0.625,8,8
7,16,matched_betti,0.5,max_full_branch_node_speed,all_interior,coexact,coexact,random_tangent,identity_stress,identity_01,8,semantic_margin_delta,even,0.7083333333333334,2,-0.18316214536244851,0.011556128250366667,0.10523440595353759,3,0.25,1.0,3,"23,24,25",0.7058823529411765,8,8
7,16,matched_betti,0.5,max_full_branch_node_speed,all_interior,coexact,coexact,random_tangent,identity_stress,identity_02,8,semantic_margin_delta,even,0.7083333333333334,2,-0.18417202329856863,0.0047995452674053736,0.04366779382722535,3,0.25,1.0,3,"21,22,23",0.7096774193548386,8,8
7,16,matched_betti,0.5,max_full_branch_node_speed,all_interior,coexact,coexact,random_tangent,identity_stress,identity_03,8,semantic_margin_delta,even,0.7083333333333334,2,0.015975274580303064,0.01106988659755008,0.7580312149671502,3,0.25,1.0,2,"21,22",0.6935483870967744,8,8
7,16,matched_betti,0.5,max_full_branch_node_speed,all_interior,coexact,coexact,random_tangent,identity_stress,identity_04,8,semantic_margin_delta,even,0.7083333333333334,2,0.020638361082587712,0.0064403258537579205,0.46372075273883595,3,0.25,1.0,2,"19,20",0.6964285714285715,8,8
7,16,matched_betti,0.5,max_full_branch_node_speed,all_interior,coexact,coexact,random_tangent,identity_stress,identity_05,8,semantic_margin_delta,even,0.7083333333333334,2,-0.06217220974737128,0.03099395830484879,0.6414551378671954,3,0.25,1.0,2,"19,20",0.6964285714285715,8,8
7,16,matched_betti,0.5,max_full_branch_node_speed,all_interior,coexact,coexact,random_tangent,literal_stable,literal_01,8,semantic_margin_delta,even,0.7083333333333334,2,-0.16148839890065114,0.010365493641208806,0.10703987967735351,3,0.25,1.0,3,"22,23,24",0.6969696969696969,8,8
7,16,matched_betti,0.5,max_full_branch_node_speed,all_interior,coexact,coexact,random_tangent,literal_stable,literal_02,8,semantic_margin_delta,even,0.7083333333333334,2,-0.06422257582156847,0.009219791294314631,0.2340961552508992,3,0.25,1.0,2,"19,20",0.6964285714285715,8,8
7,16,matched_betti,0.5,max_full_branch_node_speed,all_interior,coexact,coexact,random_tangent,literal_stable,literal_03,8,semantic_margin_delta,even,0.7083333333333334,2,-0.027277068521637828,0.007785642961446577,0.4318042314551823,3,0.25,1.0,3,"18,19,20",0.7037037037037037,8,8
7,16,matched_betti,0.5,max_full_branch_node_speed,all_interior,coexact,coexact,random_tangent,literal_stable,literal_04,8,semantic_margin_delta,even,0.7083333333333334,2,0.2696163024148365,0.05906422640295034,0.344888287591881,3,0.25,1.0,2,"17,18",0.6999999999999998,8,8
7,16,matched_betti,0.5,max_full_branch_node_speed,all_interior,coexact,coexact,random_tangent,literal_stable,literal_05,8,semantic_margin_delta,even,0.7083333333333334,2,-0.07234119884053068,0.030838332361919886,0.5816214794198103,3,0.25,1.0,2,"18,19",0.7115384615384613,8,8
7,16,matched_betti,0.5,max_full_branch_node_speed,all_interior,coexact,coexact,random_tangent,metaphor_shift,metaphor_01,8,semantic_margin_delta,even,0.7083333333333334,2,-0.15303201401308314,0.007568322695936733,0.08266613316557493,3,0.25,1.0,3,"23,24,25",0.7058823529411765,8,8
7,16,matched_betti,0.5,max_full_branch_node_speed,all_interior,coexact,coexact,random_tangent,metaphor_shift,metaphor_02,8,semantic_margin_delta,even,0.7083333333333334,2,0.18228426217969773,0.008904255944751104,0.08165729302833157,3,0.25,1.0,2,"20,21",0.7068965517241379,8,8
7,16,matched_betti,0.5,max_full_branch_node_speed,all_interior,coexact,coexact,random_tangent,metaphor_shift,metaphor_03,8,semantic_margin_delta,even,0.7083333333333334,2,0.3024155716441003,0.03086552491765475,0.16873175415830394,3,0.25,1.0,3,"20,21,22",0.6999999999999998,8,8
7,16,matched_betti,0.5,max_full_branch_node_speed,all_interior,coexact,coexact,random_tangent,metaphor_shift,metaphor_04,8,semantic_margin_delta,even,0.7083333333333334,2,0.025734001504481043,0.017424809604139398,0.7505193525875132,3,0.25,1.0,2,"19,20",0.6964285714285715,8,8
7,16,matched_betti,0.5,max_full_branch_node_speed,all_interior,coexact,coexact,random_tangent,metaphor_shift,metaphor_05,8,semantic_margin_delta,even,0.7083333333333334,2,0.045902737861576295,0.012222591185086229,0.4077854731938423,3,0.25,1.0,3,"18,19,20",0.7037037037037037,8,8
7,16,matched_betti,0.5,max_full_branch_node_speed,all_interior,coexact,coexact,random_tangent,ontology_collapse,ontology_01,8,semantic_margin_delta,even,0.7083333333333334,2,-0.3846938302377278,0.10633575784891837,0.420615367654022,3,0.25,1.0,2,"21,23",0.7096774193548386,8,8
7,16,matched_betti,0.5,max_full_branch_node_speed,all_interior,coexact,coexact,random_tangent,ontology_collapse,ontology_02,8,semantic_margin_delta,even,0.7083333333333334,2,-0.024492154439287452,0.00647514031616064,0.40536112631120264,3,0.25,1.0,2,"19,20",0.6964285714285715,8,8
7,16,matched_betti,0.5,max_full_branch_node_speed,all_interior,coexact,coexact,random_tangent,ontology_collapse,ontology_03,8,semantic_margin_delta,even,0.7083333333333334,2,0.22836212315878557,0.028159192178543097,0.20253500009611472,3,0.25,1.0,2,"20,21",0.7068965517241379,8,8
7,16,matched_betti,0.5,max_full_branch_node_speed,all_interior,coexact,coexact,random_tangent,ontology_collapse,ontology_04,8,semantic_margin_delta,even,0.7083333333333334,2,-0.10213473364522062,0.0023975023777667733,0.039341283568289316,3,0.25,1.0,2,"20,21",0.7068965517241379,8,8
7,16,matched_betti,0.5,max_full_branch_node_speed,all_interior,coexact,coexact,random_tangent,ontology_collapse,ontology_05,8,semantic_margin_delta,even,0.7083333333333334,2,0.044360038387629114,0.005873508185590891,0.2167960103083793,3,0.25,1.0,2,"19,20",0.6964285714285715,8,8
7,16,matched_betti,0.5,max_full_branch_node_speed,all_interior,coexact,coexact,random_tangent,identity_stress,identity_01,9,semantic_margin_delta,even,0.7916666666666666,2,-0.00010063580375230171,0.012688981506828356,0.9999888206730206,3,0.25,1.0,3,"26,27,28",0.7941176470588235,8,8
7,16,matched_betti,0.5,max_full_branch_node_speed,all_interior,coexact,coexact,random_tangent,identity_stress,identity_02,9,semantic_margin_delta,even,0.7916666666666666,2,-0.03915263753618857,0.027519730881723325,0.7626021194161032,3,0.25,1.0,2,"24,25",0.7903225806451614,8,8
7,16,matched_betti,0.5,max_full_branch_node_speed,all_interior,coexact,coexact,random_tangent,identity_stress,identity_03,9,semantic_margin_delta,even,0.7916666666666666,2,-0.10816802617507758,0.010845611306270389,0.1658434479227814,3,0.25,1.0,2,"24,25",0.7903225806451614,8,8
7,16,matched_betti,0.5,max_full_branch_node_speed,all_interior,coexact,coexact,random_tangent,identity_stress,identity_04,9,semantic_margin_delta,even,0.7916666666666666,2,0.0325835904788847,0.04958360846106227,0.9310869180023411,3,0.25,1.0,3,"21,22,23",0.7857142857142857,8,8
7,16,matched_betti,0.5,max_full_branch_node_speed,all_interior,coexact,coexact,random_tangent,identity_stress,identity_05,9,semantic_margin_delta,even,0.7916666666666666,2,0.014198213610124556,0.002489464750037461,0.2821367125126928,3,0.25,1.0,3,"21,22,23",0.7857142857142857,8,8
7,16,matched_betti,0.5,max_full_branch_node_speed,all_interior,coexact,coexact,random_tangent,literal_stable,literal_01,9,semantic_margin_delta,even,0.7916666666666666,2,0.038971255459081415,0.023285100335976288,0.7078659181895841,3,0.25,1.0,2,"25,26",0.7727272727272728,8,8
7,16,matched_betti,0.5,max_full_branch_node_speed,all_interior,coexact,coexact,random_tangent,literal_stable,literal_02,9,semantic_margin_delta,even,0.7916666666666666,2,-0.2558543805529254,0.030864954902928118,0.19831670586455546,3,0.25,1.0,1,21,0.75,8,8
7,16,matched_betti,0.5,max_full_branch_node_speed,all_interior,coexact,coexact,random_tangent,literal_stable,literal_03,9,semantic_margin_delta,even,0.7916666666666666,2,-0.060599935056695725,0.019199446832155017,0.46925371886345035,3,0.25,1.0,2,"21,22",0.7962962962962963,8,8
7,16,matched_betti,0.5,max_full_branch_node_speed,all_interior,coexact,coexact,random_tangent,literal_stable,literal_04,9,semantic_margin_delta,even,0.7916666666666666,2,-0.37610317572222207,0.021695132005798264,0.09630113005949754,3,0.25,1.0,2,"19,20",0.7799999999999999,8,8
7,16,matched_betti,0.5,max_full_branch_node_speed,all_interior,coexact,coexact,random_tangent,literal_stable,literal_05,9,semantic_margin_delta,even,0.7916666666666666,2,-0.023654561314340513,0.018766922936263638,0.7994283275677194,3,0.25,1.0,2,"20,21",0.7884615384615387,8,8
7,16,matched_betti,0.5,max_full_branch_node_speed,all_interior,coexact,coexact,random_tangent,metaphor_shift,metaphor_01,9,semantic_margin_delta,even,0.7916666666666666,2,-0.22970269964969622,0.004602976528086054,0.03359129798084791,3,0.25,1.0,3,"26,27,28",0.7941176470588235,8,8
7,16,matched_betti,0.5,max_full_branch_node_speed,all_interior,coexact,coexact,random_tangent,metaphor_shift,metaphor_02,9,semantic_margin_delta,even,0.7916666666666666,2,-0.12037719614530419,0.004486739456166895,0.062393438869710834,3,0.25,1.0,3,"22,23,24",0.7931034482758621,8,8
7,16,matched_betti,0.5,max_full_branch_node_speed,all_interior,coexact,coexact,random_tangent,metaphor_shift,metaphor_03,9,semantic_margin_delta,even,0.7916666666666666,2,-0.13628990759164672,0.011033804467928251,0.1345530366000956,3,0.25,1.0,2,"23,24",0.7833333333333335,8,8
7,16,matched_betti,0.5,max_full_branch_node_speed,all_interior,coexact,coexact,random_tangent,metaphor_shift,metaphor_04,9,semantic_margin_delta,even,0.7916666666666666,2,-0.15843377963144242,0.012098935009555256,0.12704719502806747,3,0.25,1.0,3,"21,22,23",0.7857142857142857,8,8
7,16,matched_betti,0.5,max_full_branch_node_speed,all_interior,coexact,coexact,random_tangent,metaphor_shift,metaphor_05,9,semantic_margin_delta,even,0.7916666666666666,2,0.04577866959100412,0.004890991141786902,0.17638823034013204,3,0.25,1.0,2,"21,22",0.7962962962962963,8,8
7,16,matched_betti,0.5,max_full_branch_node_speed,all_interior,coexact,coexact,random_tangent,ontology_collapse,ontology_01,9,semantic_margin_delta,even,0.7916666666666666,2,-0.01695813136024806,0.005853323106269574,0.5010230550085065,3,0.25,1.0,2,"24,25",0.7903225806451614,8,8
7,16,matched_betti,0.5,max_full_branch_node_speed,all_interior,coexact,coexact,random_tangent,ontology_collapse,ontology_02,9,semantic_margin_delta,even,0.7916666666666666,2,-0.17736978672450762,0.005670129095016177,0.05354133615656278,3,0.25,1.0,3,"21,22,23",0.7857142857142857,8,8
7,16,matched_betti,0.5,max_full_branch_node_speed,all_interior,coexact,coexact,random_tangent,ontology_collapse,ontology_03,9,semantic_margin_delta,even,0.7916666666666666,2,0.10633605971695687,0.02374816753983797,0.3507816003885666,3,0.25,1.0,2,"22,23",0.7758620689655172,8,8
7,16,matched_betti,0.5,max_full_branch_node_speed,all_interior,coexact,coexact,random_tangent,ontology_collapse,ontology_04,9,semantic_margin_delta,even,0.7916666666666666,2,-0.11790175624320029,0.01606721378589775,0.22282365168103596,3,0.25,1.0,3,"22,23,24",0.7931034482758621,8,8
7,16,matched_betti,0.5,max_full_branch_node_speed,all_interior,coexact,coexact,random_tangent,ontology_collapse,ontology_05,9,semantic_margin_delta,even,0.7916666666666666,2,0.1929273775945956,0.004031829146137051,0.03503006307300811,3,0.25,1.0,3,"21,22,23",0.7857142857142857,8,8
7,16,matched_betti,0.5,max_full_branch_node_speed,all_interior,coexact,coexact,random_tangent,identity_stress,identity_01,10,semantic_margin_delta,even,0.875,2,0.10448300605549223,0.0034998807931926963,0.05609478935682045,3,0.25,1.0,3,"29,30,31",0.8823529411764706,8,8
7,16,matched_betti,0.5,max_full_branch_node_speed,all_interior,coexact,coexact,random_tangent,identity_stress,identity_02,10,semantic_margin_delta,even,0.875,2,0.42107879019415806,0.0353012713607334,0.13924342790211786,3,0.25,1.0,1,26,0.8387096774193549,8,8
7,16,matched_betti,0.5,max_full_branch_node_speed,all_interior,coexact,coexact,random_tangent,identity_stress,identity_03,10,semantic_margin_delta,even,0.875,2,0.3462341819286456,0.01281733169974883,0.06197141588435246,3,0.25,1.0,3,"26,27,28",0.8709677419354839,8,8
7,16,matched_betti,0.5,max_full_branch_node_speed,all_interior,coexact,coexact,random_tangent,identity_stress,identity_04,10,semantic_margin_delta,even,0.875,2,0.47836853463256135,0.023604743045946435,0.08248094618952652,3,0.25,1.0,1,24,0.8571428571428571,8,8
7,16,matched_betti,0.5,max_full_branch_node_speed,all_interior,coexact,coexact,random_tangent,identity_stress,identity_05,10,semantic_margin_delta,even,0.875,2,0.12412962255860255,0.03584826897160749,0.43593684510226427,3,0.25,1.0,2,"24,25",0.875,8,8
7,16,matched_betti,0.5,max_full_branch_node_speed,all_interior,coexact,coexact,random_tangent,literal_stable,literal_01,10,semantic_margin_delta,even,0.875,2,-0.3325453544021435,0.005672220190742239,0.028597220685516785,3,0.25,1.0,2,"29,30",0.8939393939393939,8,8
7,16,matched_betti,0.5,max_full_branch_node_speed,all_interior,coexact,coexact,random_tangent,literal_stable,literal_03,10,semantic_margin_delta,even,0.875,2,0.18995715811653205,0.012840919648191795,0.11265904514146571,3,0.25,1.0,2,"23,24",0.8703703703703703,8,8
7,16,matched_betti,0.5,max_full_branch_node_speed,all_interior,coexact,coexact,random_tangent,literal_stable,literal_04,10,semantic_margin_delta,even,0.875,2,-0.08578815512564524,0.030527946928692568,0.5125092999183295,3,0.25,1.0,2,"21,22",0.86,8,8
7,16,matched_betti,0.5,max_full_branch_node_speed,all_interior,coexact,coexact,random_tangent,literal_stable,literal_05,10,semantic_margin_delta,even,0.875,2,0.048406546602896526,0.01050233878345245,0.34196127486507677,3,0.25,1.0,2,"22,23",0.8653846153846154,8,8
7,16,matched_betti,0.5,max_full_branch_node_speed,all_interior,coexact,coexact,random_tangent,metaphor_shift,metaphor_01,10,semantic_margin_delta,even,0.875,2,-0.09087944761289563,0.021084915970544012,0.36264924286642986,3,0.25,1.0,3,"29,30,31",0.8823529411764706,8,8
7,16,matched_betti,0.5,max_full_branch_node_speed,all_interior,coexact,coexact,random_tangent,metaphor_shift,metaphor_02,10,semantic_margin_delta,even,0.875,2,0.16540100717063888,0.02026142583857141,0.20125773127561222,3,0.25,1.0,1,26,0.896551724137931,8,8
7,16,matched_betti,0.5,max_full_branch_node_speed,all_interior,coexact,coexact,random_tangent,metaphor_shift,metaphor_03,10,semantic_margin_delta,even,0.875,2,-0.24845716038098659,0.014335399423312389,0.09632375677865153,3,0.25,1.0,2,"25,27",0.8666666666666667,8,8
7,16,matched_betti,0.5,max_full_branch_node_speed,all_interior,coexact,coexact,random_tangent,metaphor_shift,metaphor_04,10,semantic_margin_delta,even,0.875,2,-0.2869327499017863,0.04509227621000899,0.25487987664618283,3,0.25,1.0,2,"24,25",0.875,8,8
7,16,matched_betti,0.5,max_full_branch_node_speed,all_interior,coexact,coexact,random_tangent,metaphor_shift,metaphor_05,10,semantic_margin_delta,even,0.875,2,-0.14133220270550031,0.0067045127064482984,0.07931494350329639,3,0.25,1.0,1,23,0.8518518518518517,8,8
7,16,matched_betti,0.5,max_full_branch_node_speed,all_interior,coexact,coexact,random_tangent,ontology_collapse,ontology_01,10,semantic_margin_delta,even,0.875,2,-0.15120558126650244,0.014332344361261282,0.1570104065322197,3,0.25,1.0,3,"26,27,28",0.8709677419354839,8,8
7,16,matched_betti,0.5,max_full_branch_node_speed,all_interior,coexact,coexact,random_tangent,ontology_collapse,ontology_02,10,semantic_margin_delta,even,0.875,2,0.10168574840887637,0.00653198141768645,0.1071218212238354,3,0.25,1.0,2,"24,25",0.875,8,8
7,16,matched_betti,0.5,max_full_branch_node_speed,all_interior,coexact,coexact,random_tangent,ontology_collapse,ontology_03,10,semantic_margin_delta,even,0.875,2,0.07987345069064208,0.009253580585689715,0.19074735613744473,3,0.25,1.0,2,"25,26",0.8793103448275862,8,8
7,16,matched_betti,0.5,max_full_branch_node_speed,all_interior,coexact,coexact,random_tangent,ontology_collapse,ontology_04,10,semantic_margin_delta,even,0.875,2,-0.101418682945921,0.025636805386448882,0.3903449738053151,3,0.25,1.0,2,"25,26",0.8793103448275862,8,8
7,16,matched_betti,0.5,max_full_branch_node_speed,all_interior,coexact,coexact,random_tangent,ontology_collapse,ontology_05,10,semantic_margin_delta,even,0.875,2,-0.17354048741110856,0.008931781642833125,0.08600513622352499,3,0.25,1.0,2,"24,25",0.875,8,8
7,16,matched_betti,0.5,max_full_branch_node_speed,all_interior,coexact,coexact,random_tangent,identity_stress,identity_01,11,semantic_margin_delta,even,0.9583333333333334,2,-0.06170943727056945,0.007032671045782313,0.18774809732106862,3,0.25,1.0,2,"32,33",0.9558823529411763,8,8
7,16,matched_betti,0.5,max_full_branch_node_speed,all_interior,coexact,coexact,random_tangent,identity_stress,identity_02,11,semantic_margin_delta,even,0.9583333333333334,2,0.09342369755015846,0.00524661308682902,0.09377847064717708,3,0.25,1.0,2,"29,30",0.9516129032258065,8,8
7,16,matched_betti,0.5,max_full_branch_node_speed,all_interior,coexact,coexact,random_tangent,identity_stress,identity_03,11,semantic_margin_delta,even,0.9583333333333334,2,0.1759829079854891,0.020491441727849367,0.19167829897961067,3,0.25,1.0,1,29,0.9354838709677419,8,8
7,16,matched_betti,0.5,max_full_branch_node_speed,all_interior,coexact,coexact,random_tangent,identity_stress,identity_04,11,semantic_margin_delta,even,0.9583333333333334,2,0.03231656923115235,0.023982087431675715,0.7795691476232747,3,0.25,1.0,1,26,0.9285714285714285,8,8
7,16,matched_betti,0.5,max_full_branch_node_speed,all_interior,coexact,coexact,random_tangent,identity_stress,identity_05,11,semantic_margin_delta,even,0.9583333333333334,2,0.0034650138388027454,0.012854293192305034,0.9873301993748941,3,0.25,1.0,2,"26,27",0.9464285714285715,8,8
7,16,matched_betti,0.5,max_full_branch_node_speed,all_interior,coexact,coexact,random_tangent,literal_stable,literal_02,11,semantic_margin_delta,even,0.9583333333333334,2,0.15096844125081088,0.02414763540455412,0.25911682040447764,3,0.25,1.0,2,"26,27",0.9464285714285715,8,8
7,16,matched_betti,0.5,max_full_branch_node_speed,all_interior,coexact,coexact,random_tangent,literal_stable,literal_03,11,semantic_margin_delta,even,0.9583333333333334,2,0.17014199890581,0.015403757668920668,0.15012887286745294,3,0.25,1.0,1,25,0.9259259259259259,8,8
7,16,matched_betti,0.5,max_full_branch_node_speed,all_interior,coexact,coexact,random_tangent,literal_stable,literal_04,11,semantic_margin_delta,even,0.9583333333333334,2,-0.21216804918643567,0.007417556402932353,0.058537584209297305,3,0.25,1.0,2,"23,24",0.94,8,8
7,16,matched_betti,0.5,max_full_branch_node_speed,all_interior,coexact,coexact,random_tangent,literal_stable,literal_05,11,semantic_margin_delta,even,0.9583333333333334,2,0.8910336634205587,0.05356345785333265,0.1003176660231805,3,0.25,1.0,1,25,0.9615384615384616,8,8
7,16,matched_betti,0.5,max_full_branch_node_speed,all_interior,coexact,coexact,random_tangent,metaphor_shift,metaphor_01,11,semantic_margin_delta,even,0.9583333333333334,2,0.12489024197677634,0.010702972542974096,0.14227691513334703,3,0.25,1.0,1,32,0.9411764705882352,8,8
7,16,matched_betti,0.5,max_full_branch_node_speed,all_interior,coexact,coexact,random_tangent,metaphor_shift,metaphor_02,11,semantic_margin_delta,even,0.9583333333333334,2,0.22248723239031312,0.01726116188034577,0.12903813976185458,3,0.25,1.0,2,"27,28",0.9482758620689656,8,8
7,16,matched_betti,0.5,max_full_branch_node_speed,all_interior,coexact,coexact,random_tangent,metaphor_shift,metaphor_03,11,semantic_margin_delta,even,0.9583333333333334,2,-0.0600919628224885,0.00743648013150165,0.20323148676539154,3,0.25,1.0,2,"28,29",0.9499999999999998,8,8
7,16,matched_betti,0.5,max_full_branch_node_speed,all_interior,coexact,coexact,random_tangent,metaphor_shift,metaphor_04,11,semantic_margin_delta,even,0.9583333333333334,2,0.0296170423447249,0.024464363009318677,0.810847060182168,3,0.25,1.0,1,26,0.9285714285714285,8,8
7,16,matched_betti,0.5,max_full_branch_node_speed,all_interior,coexact,coexact,random_tangent,metaphor_shift,metaphor_05,11,semantic_margin_delta,even,0.9583333333333334,2,-0.21687004159363313,0.03497274601491846,0.26109449977959304,3,0.25,1.0,2,"25,26",0.9444444444444443,8,8
7,16,matched_betti,0.5,max_full_branch_node_speed,all_interior,coexact,coexact,random_tangent,ontology_collapse,ontology_01,11,semantic_margin_delta,even,0.9583333333333334,2,0.11649649470097068,0.004361156590202299,0.06266624617732991,3,0.25,1.0,1,29,0.9354838709677419,8,8
7,16,matched_betti,0.5,max_full_branch_node_speed,all_interior,coexact,coexact,random_tangent,ontology_collapse,ontology_02,11,semantic_margin_delta,even,0.9583333333333334,2,0.23666940748795173,0.014636694495135669,0.10317541186649326,3,0.25,1.0,2,"26,27",0.9464285714285715,8,8
7,16,matched_betti,0.5,max_full_branch_node_speed,all_interior,coexact,coexact,random_tangent,ontology_collapse,ontology_03,11,semantic_margin_delta,even,0.9583333333333334,2,0.15023232483325344,0.010803045776435755,0.11974188632135806,3,0.25,1.0,2,"27,28",0.9482758620689656,8,8
7,16,matched_betti,0.5,max_full_branch_node_speed,all_interior,coexact,coexact,random_tangent,ontology_collapse,ontology_04,11,semantic_margin_delta,even,0.9583333333333334,2,0.08766212287332972,0.01216934639776381,0.22677241588365116,3,0.25,1.0,2,"27,28",0.9482758620689656,8,8
7,16,matched_betti,0.5,max_full_branch_node_speed,all_interior,coexact,coexact,random_tangent,ontology_collapse,ontology_05,11,semantic_margin_delta,even,0.9583333333333334,2,0.8153506299600884,0.019478565722178143,0.0400371808135411,3,0.25,1.0,1,26,0.9285714285714285,8,8
7,16,matched_betti,0.5,max_full_branch_node_speed,all_interior,coexact,coexact,random_tangent,identity_stress,identity_01,0,semantic_margin_delta,odd,0.041666666666666664,1,0.18588906399032507,0.047730511957787165,0.36188669179703714,3,0.25,1.0,2,"1,2",0.04411764705882352,8,8
7,16,matched_betti,0.5,max_full_branch_node_speed,all_interior,coexact,coexact,random_tangent,identity_stress,identity_02,0,semantic_margin_delta,odd,0.041666666666666664,1,0.12268080551195365,0.04636998282475028,0.49614697865589236,3,0.25,1.0,2,"1,2",0.04838709677419354,8,8
7,16,matched_betti,0.5,max_full_branch_node_speed,all_interior,coexact,coexact,random_tangent,identity_stress,identity_03,0,semantic_margin_delta,odd,0.041666666666666664,1,-0.18183991948839756,0.038396515356016306,0.3041165214707091,3,0.25,1.0,2,"1,2",0.04838709677419354,8,8
7,16,matched_betti,0.5,max_full_branch_node_speed,all_interior,coexact,coexact,random_tangent,identity_stress,identity_04,0,semantic_margin_delta,odd,0.041666666666666664,1,0.12540702606396767,0.009359721388206602,0.11212558204724418,3,0.25,1.0,2,"1,2",0.05357142857142857,8,8
7,16,matched_betti,0.5,max_full_branch_node_speed,all_interior,coexact,coexact,random_tangent,identity_stress,identity_05,0,semantic_margin_delta,odd,0.041666666666666664,1,0.25899114014762253,0.0016290323853810065,0.009509028440725783,3,0.25,1.0,2,"1,2",0.05357142857142857,8,8
7,16,matched_betti,0.5,max_full_branch_node_speed,all_interior,coexact,coexact,random_tangent,literal_stable,literal_01,0,semantic_margin_delta,odd,0.041666666666666664,1,-0.9293646286781077,0.008154264294764749,0.01326390520157024,3,0.25,1.0,2,"1,2",0.04545454545454545,8,8
7,16,matched_betti,0.5,max_full_branch_node_speed,all_interior,coexact,coexact,random_tangent,literal_stable,literal_02,0,semantic_margin_delta,odd,0.041666666666666664,1,0.257542755123467,0.008005922507997728,0.04694549488309912,3,0.25,1.0,2,"1,2",0.05357142857142857,8,8
7,16,matched_betti,0.5,max_full_branch_node_speed,all_interior,coexact,coexact,random_tangent,literal_stable,literal_03,0,semantic_margin_delta,odd,0.041666666666666664,1,-0.1471736517738084,0.011517577507073603,0.11749607919971385,3,0.25,1.0,2,"1,2",0.05555555555555555,8,8
7,16,matched_betti,0.5,max_full_branch_node_speed,all_interior,coexact,coexact,random_tangent,literal_stable,literal_04,0,semantic_margin_delta,odd,0.041666666666666664,1,-0.28167247142293866,0.0641368882727988,0.3255028830860443,3,0.25,1.0,2,"1,2",0.06,8,8
7,16,matched_betti,0.5,max_full_branch_node_speed,all_interior,coexact,coexact,random_tangent,literal_stable,literal_05,0,semantic_margin_delta,odd,0.041666666666666664,1,-0.28253148833672737,0.07456289152280828,0.37058540521035793,3,0.25,1.0,2,"1,2",0.05769230769230769,8,8
7,16,matched_betti,0.5,max_full_branch_node_speed,all_interior,coexact,coexact,random_tangent,metaphor_shift,metaphor_01,0,semantic_margin_delta,odd,0.041666666666666664,1,0.2990967429347107,0.0383407478046714,0.1902625716057427,3,0.25,1.0,2,"1,2",0.04411764705882352,8,8
7,16,matched_betti,0.5,max_full_branch_node_speed,all_interior,coexact,coexact,random_tangent,metaphor_shift,metaphor_02,0,semantic_margin_delta,odd,0.041666666666666664,1,-0.6132245562276337,0.017422251668829228,0.04291364988777155,3,0.25,1.0,2,"1,2",0.05172413793103448,8,8
7,16,matched_betti,0.5,max_full_branch_node_speed,all_interior,coexact,coexact,random_tangent,metaphor_shift,metaphor_03,0,semantic_margin_delta,odd,0.041666666666666664,1,-0.2333047954381414,0.038299504691836725,0.2408799111796903,3,0.25,1.0,2,"1,2",0.05000000000000001,8,8
7,16,matched_betti,0.5,max_full_branch_node_speed,all_interior,coexact,coexact,random_tangent,metaphor_shift,metaphor_04,0,semantic_margin_delta,odd,0.041666666666666664,1,0.05268879272467528,0.05361184635306992,0.838424603957366,3,0.25,1.0,2,"1,2",0.05357142857142857,8,8
7,16,matched_betti,0.5,max_full_branch_node_speed,all_interior,coexact,coexact,random_tangent,metaphor_shift,metaphor_05,0,semantic_margin_delta,odd,0.041666666666666664,1,0.12787541268683753,0.014856251875562847,0.17299568546925612,3,0.25,1.0,2,"1,2",0.05555555555555555,8,8
7,16,matched_betti,0.5,max_full_branch_node_speed,all_interior,coexact,coexact,random_tangent,ontology_collapse,ontology_01,0,semantic_margin_delta,odd,0.041666666666666664,1,0.8615549982422273,0.018913817850926832,0.03317172793875857,3,0.25,1.0,2,"1,2",0.04838709677419354,8,8
7,16,matched_betti,0.5,max_full_branch_node_speed,all_interior,coexact,coexact,random_tangent,ontology_collapse,ontology_02,0,semantic_margin_delta,odd,0.041666666666666664,1,-0.10128597580361832,0.03671526474004612,0.48059523226605466,3,0.25,1.0,2,"1,2",0.05357142857142857,8,8
7,16,matched_betti,0.5,max_full_branch_node_speed,all_interior,coexact,coexact,random_tangent,ontology_collapse,ontology_03,0,semantic_margin_delta,odd,0.041666666666666664,1,0.117130373033126,0.013346067373704246,0.16976364487662282,3,0.25,1.0,2,"1,2",0.05172413793103448,8,8
7,16,matched_betti,0.5,max_full_branch_node_speed,all_interior,coexact,coexact,random_tangent,ontology_collapse,ontology_04,0,semantic_margin_delta,odd,0.041666666666666664,1,-0.3546758717612999,0.007061741673857142,0.030088080488028635,3,0.25,1.0,2,"1,2",0.05172413793103448,8,8
7,16,matched_betti,0.5,max_full_branch_node_speed,all_interior,coexact,coexact,random_tangent,ontology_collapse,ontology_05,0,semantic_margin_delta,odd,0.041666666666666664,1,0.12482910751218446,0.06482670708178442,0.6175439578054057,3,0.25,1.0,2,"1,2",0.05357142857142857,8,8
7,16,matched_betti,0.5,max_full_branch_node_speed,all_interior,coexact,coexact,random_tangent,identity_stress,identity_01,1,semantic_margin_delta,odd,0.125,1,-0.7500067645422148,0.03135654143899384,0.06308238561412097,3,0.25,1.0,3,"3,4,5",0.11764705882352942,8,8
7,16,matched_betti,0.5,max_full_branch_node_speed,all_interior,coexact,coexact,random_tangent,identity_stress,identity_02,1,semantic_margin_delta,odd,0.125,1,0.03624271910969216,0.013349430780013183,0.48651948050140353,3,0.25,1.0,3,"3,4,5",0.12903225806451613,8,8
7,16,matched_betti,0.5,max_full_branch_node_speed,all_interior,coexact,coexact,random_tangent,identity_stress,identity_03,1,semantic_margin_delta,odd,0.125,1,-0.04665365674297263,0.018509706954366763,0.5143856316987132,3,0.25,1.0,3,"3,4,5",0.12903225806451613,8,8
7,16,matched_betti,0.5,max_full_branch_node_speed,all_interior,coexact,coexact,random_tangent,identity_stress,identity_04,1,semantic_margin_delta,odd,0.125,1,0.5606432726072754,0.06271479223436524,0.1667518915270373,3,0.25,1.0,2,"3,4",0.125,8,8
7,16,matched_betti,0.5,max_full_branch_node_speed,all_interior,coexact,coexact,random_tangent,identity_stress,identity_05,1,semantic_margin_delta,odd,0.125,1,-0.2262988532590457,0.14352226906901655,0.6920974410428902,3,0.25,1.0,2,"3,4",0.125,8,8
7,16,matched_betti,0.5,max_full_branch_node_speed,all_interior,coexact,coexact,random_tangent,literal_stable,literal_01,1,semantic_margin_delta,odd,0.125,1,-0.28842150800693184,0.015503962552011244,0.08100215353235223,3,0.25,1.0,3,"3,4,5",0.12121212121212122,8,8
7,16,matched_betti,0.5,max_full_branch_node_speed,all_interior,coexact,coexact,random_tangent,literal_stable,literal_02,1,semantic_margin_delta,odd,0.125,1,0.3560329286029812,0.0351528739144541,0.14763733081254618,3,0.25,1.0,2,"3,4",0.125,8,8
7,16,matched_betti,0.5,max_full_branch_node_speed,all_interior,coexact,coexact,random_tangent,literal_stable,literal_03,1,semantic_margin_delta,odd,0.125,1,0.3131709396909444,0.03350426185181479,0.15966942321401345,3,0.25,1.0,2,"3,4",0.12962962962962962,8,8
7,16,matched_betti,0.5,max_full_branch_node_speed,all_interior,coexact,coexact,random_tangent,literal_stable,literal_04,1,semantic_margin_delta,odd,0.125,1,-0.046364322151611834,0.024853414379882047,0.6296213467649969,3,0.25,1.0,2,"3,4",0.14,8,8
7,16,matched_betti,0.5,max_full_branch_node_speed,all_interior,coexact,coexact,random_tangent,literal_stable,literal_05,1,semantic_margin_delta,odd,0.125,1,0.19438723493192778,0.040637348941477344,0.30136532504259284,3,0.25,1.0,2,"3,4",0.13461538461538464,8,8
7,16,matched_betti,0.5,max_full_branch_node_speed,all_interior,coexact,coexact,random_tangent,metaphor_shift,metaphor_01,1,semantic_margin_delta,odd,0.125,1,0.8760657951544937,0.022197332138476657,0.0382786504683346,3,0.25,1.0,2,"3,5",0.1176470588235294,8,8
7,16,matched_betti,0.5,max_full_branch_node_speed,all_interior,coexact,coexact,random_tangent,metaphor_shift,metaphor_02,1,semantic_margin_delta,odd,0.125,1,0.3222733000103108,0.050034273355018956,0.22851176053337274,3,0.25,1.0,2,"3,4",0.12068965517241377,8,8
7,16,matched_betti,0.5,max_full_branch_node_speed,all_interior,coexact,coexact,random_tangent,metaphor_shift,metaphor_03,1,semantic_margin_delta,odd,0.125,1,-0.4283591020987111,0.009466512342174115,0.03339263636315594,3,0.25,1.0,2,"3,4",0.11666666666666665,8,8
7,16,matched_betti,0.5,max_full_branch_node_speed,all_interior,coexact,coexact,random_tangent,metaphor_shift,metaphor_04,1,semantic_margin_delta,odd,0.125,1,-0.09154772177938578,0.05143905440266403,0.6474211247713749,3,0.25,1.0,2,"3,4",0.125,8,8
7,16,matched_betti,0.5,max_full_branch_node_speed,all_interior,coexact,coexact,random_tangent,metaphor_shift,metaphor_05,1,semantic_margin_delta,odd,0.125,1,0.08621660499986587,0.06031388323013945,0.7266292797666233,3,0.25,1.0,2,"3,4",0.12962962962962962,8,8
7,16,matched_betti,0.5,max_full_branch_node_speed,all_interior,coexact,coexact,random_tangent,ontology_collapse,ontology_01,1,semantic_margin_delta,odd,0.125,1,0.2603811141035863,0.0092199201500559,0.05345732505517756,3,0.25,1.0,3,"3,4,5",0.12903225806451613,8,8
7,16,matched_betti,0.5,max_full_branch_node_speed,all_interior,coexact,coexact,random_tangent,ontology_collapse,ontology_02,1,semantic_margin_delta,odd,0.125,1,-0.0256701314685762,0.016229656973143873,0.6909710804604272,3,0.25,1.0,2,"3,4",0.125,8,8
7,16,matched_betti,0.5,max_full_branch_node_speed,all_interior,coexact,coexact,random_tangent,ontology_collapse,ontology_03,1,semantic_margin_delta,odd,0.125,1,-0.19371018339780313,0.05916824937692839,0.41924859032815015,3,0.25,1.0,2,"3,4",0.12068965517241377,8,8
7,16,matched_betti,0.5,max_full_branch_node_speed,all_interior,coexact,coexact,random_tangent,ontology_collapse,ontology_04,1,semantic_margin_delta,odd,0.125,1,-0.43205706970114477,0.03963619695731031,0.137380272006588,3,0.25,1.0,2,"3,4",0.12068965517241377,8,8
7,16,matched_betti,0.5,max_full_branch_node_speed,all_interior,coexact,coexact,random_tangent,ontology_collapse,ontology_05,1,semantic_margin_delta,odd,0.125,1,-0.5151613332160899,0.015614607136912125,0.04577657191887779,3,0.25,1.0,2,"3,4",0.125,8,8
7,16,matched_betti,0.5,max_full_branch_node_speed,all_interior,coexact,coexact,random_tangent,identity_stress,identity_01,2,semantic_margin_delta,odd,0.20833333333333334,1,-0.1944458962956747,0.039489135509235586,0.2935129756866759,3,0.25,1.0,3,"6,7,8",0.2058823529411765,8,8
7,16,matched_betti,0.5,max_full_branch_node_speed,all_interior,coexact,coexact,random_tangent,identity_stress,identity_02,2,semantic_margin_delta,odd,0.20833333333333334,1,0.8924315631998813,0.040341799753104916,0.06818352483040432,3,0.25,1.0,2,"6,7",0.20967741935483866,8,8
7,16,matched_betti,0.5,max_full_branch_node_speed,all_interior,coexact,coexact,random_tangent,identity_stress,identity_03,2,semantic_margin_delta,odd,0.20833333333333334,1,-0.22845586557251446,0.000731496502225765,0.004840785328189805,3,0.25,1.0,2,"6,7",0.20967741935483866,8,8
7,16,matched_betti,0.5,max_full_branch_node_speed,all_interior,coexact,coexact,random_tangent,identity_stress,identity_04,2,semantic_margin_delta,odd,0.20833333333333334,1,-0.6186603852208066,0.013707134883799888,0.03347817979857992,3,0.25,1.0,2,"5,6",0.19642857142857142,8,8
7,16,matched_betti,0.5,max_full_branch_node_speed,all_interior,coexact,coexact,random_tangent,identity_stress,identity_05,2,semantic_margin_delta,odd,0.20833333333333334,1,-0.7236672732461435,0.05798065497797437,0.12025196056683046,3,0.25,1.0,2,"5,6",0.19642857142857142,8,8
7,16,matched_betti,0.5,max_full_branch_node_speed,all_interior,coexact,coexact,random_tangent,literal_stable,literal_01,2,semantic_margin_delta,odd,0.20833333333333334,1,0.27113631393824117,0.008497393175679815,0.0473284243581349,3,0.25,1.0,3,"6,7,8",0.21212121212121213,8,8
7,16,matched_betti,0.5,max_full_branch_node_speed,all_interior,coexact,coexact,random_tangent,literal_stable,literal_02,2,semantic_margin_delta,odd,0.20833333333333334,1,-0.9842858244556487,0.05730438750441937,0.08768024920052235,3,0.25,1.0,2,"5,6",0.19642857142857142,8,8
7,16,matched_betti,0.5,max_full_branch_node_speed,all_interior,coexact,coexact,random_tangent,literal_stable,literal_03,2,semantic_margin_delta,odd,0.20833333333333334,1,0.18751612669893852,0.08125594002593278,0.5480014157941203,3,0.25,1.0,2,"5,6",0.2037037037037037,8,8
7,16,matched_betti,0.5,max_full_branch_node_speed,all_interior,coexact,coexact,random_tangent,literal_stable,literal_04,2,semantic_margin_delta,odd,0.20833333333333334,1,0.4428965486830411,0.041124923033411094,0.1390195906020045,3,0.25,1.0,2,"5,6",0.22,8,8
7,16,matched_betti,0.5,max_full_branch_node_speed,all_interior,coexact,coexact,random_tangent,literal_stable,literal_05,2,semantic_margin_delta,odd,0.20833333333333334,1,0.11970802733612225,0.006978520646670785,0.0877952076333526,3,0.25,1.0,2,"5,6",0.21153846153846156,8,8
7,16,matched_betti,0.5,max_full_branch_node_speed,all_interior,coexact,coexact,random_tangent,metaphor_shift,metaphor_01,2,semantic_margin_delta,odd,0.20833333333333334,1,-0.1995923802764285,0.03859779503037814,0.28062012435038725,3,0.25,1.0,3,"6,7,8",0.2058823529411765,8,8
7,16,matched_betti,0.5,max_full_branch_node_speed,all_interior,coexact,coexact,random_tangent,metaphor_shift,metaphor_02,2,semantic_margin_delta,odd,0.20833333333333334,1,-0.17936728081179035,0.04948790156700786,0.38497621568304213,3,0.25,1.0,3,"5,6,7",0.20689655172413793,8,8
7,16,matched_betti,0.5,max_full_branch_node_speed,all_interior,coexact,coexact,random_tangent,metaphor_shift,metaphor_03,2,semantic_margin_delta,odd,0.20833333333333334,1,0.271028963071237,0.03905315877551539,0.21285471487304358,3,0.25,1.0,3,"5,6,7",0.19999999999999998,8,8
7,16,matched_betti,0.5,max_full_branch_node_speed,all_interior,coexact,coexact,random_tangent,metaphor_shift,metaphor_04,2,semantic_margin_delta,odd,0.20833333333333334,1,-0.3141861659974855,0.020131928100744285,0.09642306518887116,3,0.25,1.0,2,"5,6",0.19642857142857142,8,8
7,16,matched_betti,0.5,max_full_branch_node_speed,all_interior,coexact,coexact,random_tangent,metaphor_shift,metaphor_05,2,semantic_margin_delta,odd,0.20833333333333334,1,0.4832205827736691,0.09648820578366572,0.28900194763282544,3,0.25,1.0,2,"5,6",0.2037037037037037,8,8
7,16,matched_betti,0.5,max_full_branch_node_speed,all_interior,coexact,coexact,random_tangent,ontology_collapse,ontology_01,2,semantic_margin_delta,odd,0.20833333333333334,1,-0.6100169779175231,0.024324268113632874,0.060175691372560146,3,0.25,1.0,2,"6,7",0.20967741935483866,8,8
7,16,matched_betti,0.5,max_full_branch_node_speed,all_interior,coexact,coexact,random_tangent,ontology_collapse,ontology_02,2,semantic_margin_delta,odd,0.20833333333333334,1,-0.10410068327875635,0.015416419370113964,0.21848405802661075,3,0.25,1.0,2,"5,6",0.19642857142857142,8,8
7,16,matched_betti,0.5,max_full_branch_node_speed,all_interior,coexact,coexact,random_tangent,ontology_collapse,ontology_03,2,semantic_margin_delta,odd,0.20833333333333334,1,-0.03734031567465571,0.014760456775692004,0.5129994455858996,3,0.25,1.0,3,"5,6,7",0.20689655172413793,8,8
7,16,matched_betti,0.5,max_full_branch_node_speed,all_interior,coexact,coexact,random_tangent,ontology_collapse,ontology_04,2,semantic_margin_delta,odd,0.20833333333333334,1,-0.25397301930571603,0.034161937374751004,0.1992812340860598,3,0.25,1.0,3,"5,6,7",0.20689655172413793,8,8
7,16,matched_betti,0.5,max_full_branch_node_speed,all_interior,coexact,coexact,random_tangent,ontology_collapse,ontology_05,2,semantic_margin_delta,odd,0.20833333333333334,1,-0.10675839395966717,0.06648921232181838,0.6855229018066096,3,0.25,1.0,2,"5,6",0.19642857142857142,8,8
7,16,matched_betti,0.5,max_full_branch_node_speed,all_interior,coexact,coexact,random_tangent,identity_stress,identity_01,3,semantic_margin_delta,odd,0.2916666666666667,1,-0.12012863208314582,0.02422637631574528,0.2916421913540262,3,0.25,1.0,3,"9,10,11",0.29411764705882354,8,8
7,16,matched_betti,0.5,max_full_branch_node_speed,all_interior,coexact,coexact,random_tangent,identity_stress,identity_02,3,semantic_margin_delta,odd,0.2916666666666667,1,0.06283852955617134,0.043678412079136246,0.7244253428876106,3,0.25,1.0,3,"8,9,10",0.2903225806451613,8,8
7,16,matched_betti,0.5,max_full_branch_node_speed,all_interior,coexact,coexact,random_tangent,identity_stress,identity_03,3,semantic_margin_delta,odd,0.2916666666666667,1,0.13641158518920257,0.004868338759096145,0.05387772540621133,3,0.25,1.0,3,"8,9,10",0.2903225806451613,8,8
7,16,matched_betti,0.5,max_full_branch_node_speed,all_interior,coexact,coexact,random_tangent,identity_stress,identity_04,3,semantic_margin_delta,odd,0.2916666666666667,1,0.6888050397650782,0.008260115781474859,0.01812714568968319,3,0.25,1.0,3,"7,8,9",0.28571428571428575,8,8
7,16,matched_betti,0.5,max_full_branch_node_speed,all_interior,coexact,coexact,random_tangent,identity_stress,identity_05,3,semantic_margin_delta,odd,0.2916666666666667,1,0.0661562143080028,0.010465274860329266,0.23260163827062202,3,0.25,1.0,3,"7,8,9",0.28571428571428575,8,8
7,16,matched_betti,0.5,max_full_branch_node_speed,all_interior,coexact,coexact,random_tangent,literal_stable,literal_01,3,semantic_margin_delta,odd,0.2916666666666667,1,0.20661241765337857,0.024626765629216264,0.1773464725078287,3,0.25,1.0,2,"9,10",0.28787878787878785,8,8
7,16,matched_betti,0.5,max_full_branch_node_speed,all_interior,coexact,coexact,random_tangent,literal_stable,literal_02,3,semantic_margin_delta,odd,0.2916666666666667,1,0.14514155847383708,0.04676733104686169,0.4379472397570838,3,0.25,1.0,3,"7,8,9",0.28571428571428575,8,8
7,16,matched_betti,0.5,max_full_branch_node_speed,all_interior,coexact,coexact,random_tangent,literal_stable,literal_03,3,semantic_margin_delta,odd,0.2916666666666667,1,-0.2781675692719322,0.017440621630949577,0.09436784017180051,3,0.25,1.0,2,"7,8",0.2777777777777778,8,8
7,16,matched_betti,0.5,max_full_branch_node_speed,all_interior,coexact,coexact,random_tangent,literal_stable,literal_04,3,semantic_margin_delta,odd,0.2916666666666667,1,0.6071682589107698,0.030531939935025225,0.07580622268630854,3,0.25,1.0,2,"7,8",0.30000000000000004,8,8
7,16,matched_betti,0.5,max_full_branch_node_speed,all_interior,coexact,coexact,random_tangent,literal_stable,literal_05,3,semantic_margin_delta,odd,0.2916666666666667,1,0.269737590124097,0.00235833613835698,0.013217133203630813,3,0.25,1.0,2,"7,8",0.28846153846153844,8,8
7,16,matched_betti,0.5,max_full_branch_node_speed,all_interior,coexact,coexact,random_tangent,metaphor_shift,metaphor_01,3,semantic_margin_delta,odd,0.2916666666666667,1,-0.1481609003089387,0.012996657443717224,0.13146890110283127,3,0.25,1.0,3,"9,10,11",0.29411764705882354,8,8
7,16,matched_betti,0.5,max_full_branch_node_speed,all_interior,coexact,coexact,random_tangent,metaphor_shift,metaphor_02,3,semantic_margin_delta,odd,0.2916666666666667,1,-1.085117110491303,0.03477087949689187,0.048388371178047736,3,0.25,1.0,2,"8,9",0.2931034482758621,8,8
7,16,matched_betti,0.5,max_full_branch_node_speed,all_interior,coexact,coexact,random_tangent,metaphor_shift,metaphor_03,3,semantic_margin_delta,odd,0.2916666666666667,1,0.4371769546857442,0.049190275320677206,0.1677020599295633,3,0.25,1.0,2,"8,9",0.2833333333333333,8,8
7,16,matched_betti,0.5,max_full_branch_node_speed,all_interior,coexact,coexact,random_tangent,metaphor_shift,metaphor_04,3,semantic_margin_delta,odd,0.2916666666666667,1,0.4099420639841093,0.012595536487847208,0.04640204316230199,3,0.25,1.0,3,"7,8,9",0.28571428571428575,8,8
7,16,matched_betti,0.5,max_full_branch_node_speed,all_interior,coexact,coexact,random_tangent,metaphor_shift,metaphor_05,3,semantic_margin_delta,odd,0.2916666666666667,1,-0.6576825474115958,0.02959152917784189,0.06786714544050843,3,0.25,1.0,2,"7,8",0.2777777777777778,8,8
7,16,matched_betti,0.5,max_full_branch_node_speed,all_interior,coexact,coexact,random_tangent,ontology_collapse,ontology_01,3,semantic_margin_delta,odd,0.2916666666666667,1,-0.31611011512620585,0.05674382689341544,0.2619144775821336,3,0.25,1.0,3,"8,9,10",0.2903225806451613,8,8
7,16,matched_betti,0.5,max_full_branch_node_speed,all_interior,coexact,coexact,random_tangent,ontology_collapse,ontology_02,3,semantic_margin_delta,odd,0.2916666666666667,1,-0.48914753852272386,0.07119836667274802,0.21491768499984762,3,0.25,1.0,3,"7,8,9",0.28571428571428575,8,8
7,16,matched_betti,0.5,max_full_branch_node_speed,all_interior,coexact,coexact,random_tangent,ontology_collapse,ontology_03,3,semantic_margin_delta,odd,0.2916666666666667,1,0.25129475093602743,0.09118185280709729,0.48095922234631244,3,0.25,1.0,2,"8,9",0.2931034482758621,8,8
7,16,matched_betti,0.5,max_full_branch_node_speed,all_interior,coexact,coexact,random_tangent,ontology_collapse,ontology_04,3,semantic_margin_delta,odd,0.2916666666666667,1,-0.268709168716674,0.01905772532225169,0.10661471905484682,3,0.25,1.0,2,"8,9",0.2931034482758621,8,8
7,16,matched_betti,0.5,max_full_branch_node_speed,all_interior,coexact,coexact,random_tangent,ontology_collapse,ontology_05,3,semantic_margin_delta,odd,0.2916666666666667,1,-0.05038388895501133,0.005072581492876866,0.15047860344486935,3,0.25,1.0,3,"7,8,9",0.28571428571428575,8,8
7,16,matched_betti,0.5,max_full_branch_node_speed,all_interior,coexact,coexact,random_tangent,identity_stress,identity_01,4,semantic_margin_delta,odd,0.375,1,-0.23297524328358848,0.011853137410348037,0.07669261359861687,3,0.25,1.0,3,"12,13,14",0.38235294117647056,8,8
7,16,matched_betti,0.5,max_full_branch_node_speed,all_interior,coexact,coexact,random_tangent,identity_stress,identity_02,4,semantic_margin_delta,odd,0.375,1,0.10805184396276948,0.02350964933784276,0.3124746302216294,3,0.25,1.0,2,"11,12",0.3709677419354838,8,8
7,16,matched_betti,0.5,max_full_branch_node_speed,all_interior,coexact,coexact,random_tangent,identity_stress,identity_03,4,semantic_margin_delta,odd,0.375,1,0.33031324660605277,0.017756562146917575,0.0810054568807608,3,0.25,1.0,2,"11,12",0.3709677419354838,8,8
7,16,matched_betti,0.5,max_full_branch_node_speed,all_interior,coexact,coexact,random_tangent,identity_stress,identity_04,4,semantic_margin_delta,odd,0.375,1,-0.9458368750454352,0.004456132682118016,0.007122653648426715,3,0.25,1.0,2,"10,11",0.375,8,8
7,16,matched_betti,0.5,max_full_branch_node_speed,all_interior,coexact,coexact,random_tangent,identity_stress,identity_05,4,semantic_margin_delta,odd,0.375,1,-0.5657000996067929,0.006483039474644581,0.017323602294006868,3,0.25,1.0,2,"10,11",0.375,8,8
7,16,matched_betti,0.5,max_full_branch_node_speed,all_interior,coexact,coexact,random_tangent,literal_stable,literal_01,4,semantic_margin_delta,odd,0.375,1,-0.22798580362954443,0.035118133030208755,0.22681205851725286,3,0.25,1.0,3,"11,12,13",0.3636363636363636,8,8
7,16,matched_betti,0.5,max_full_branch_node_speed,all_interior,coexact,coexact,random_tangent,literal_stable,literal_02,4,semantic_margin_delta,odd,0.375,1,-0.22271453983941916,0.05019896720844206,0.3225532006812673,3,0.25,1.0,2,"10,11",0.375,8,8
7,16,matched_betti,0.5,max_full_branch_node_speed,all_interior,coexact,coexact,random_tangent,literal_stable,literal_03,4,semantic_margin_delta,odd,0.375,1,0.039999872309543154,0.032122911250998094,0.7718917172400329,3,0.25,1.0,3,"9,10,11",0.3703703703703704,8,8
7,16,matched_betti,0.5,max_full_branch_node_speed,all_interior,coexact,coexact,random_tangent,literal_stable,literal_04,4,semantic_margin_delta,odd,0.375,1,-0.8711026674230188,0.047728204542783315,0.08255280008176716,3,0.25,1.0,2,"9,10",0.38000000000000006,8,8
7,16,matched_betti,0.5,max_full_branch_node_speed,all_interior,coexact,coexact,random_tangent,literal_stable,literal_05,4,semantic_margin_delta,odd,0.375,1,0.861613782977303,0.038671447204775,0.06770039622903702,3,0.25,1.0,2,"9,10",0.3653846153846154,8,8
7,16,matched_betti,0.5,max_full_branch_node_speed,all_interior,coexact,coexact,random_tangent,metaphor_shift,metaphor_01,4,semantic_margin_delta,odd,0.375,1,-0.3934991240979785,0.05528763125356135,0.20778378160743088,3,0.25,1.0,3,"12,13,14",0.38235294117647056,8,8
7,16,matched_betti,0.5,max_full_branch_node_speed,all_interior,coexact,coexact,random_tangent,metaphor_shift,metaphor_02,4,semantic_margin_delta,odd,0.375,1,0.6405171101516016,0.07599421835721029,0.1765566472415875,3,0.25,1.0,3,"10,11,12",0.37931034482758624,8,8
7,16,matched_betti,0.5,max_full_branch_node_speed,all_interior,coexact,coexact,random_tangent,metaphor_shift,metaphor_03,4,semantic_margin_delta,odd,0.375,1,0.4341981154147848,0.01935157385008733,0.06722884653168483,3,0.25,1.0,3,"10,11,12",0.3666666666666667,8,8
7,16,matched_betti,0.5,max_full_branch_node_speed,all_interior,coexact,coexact,random_tangent,metaphor_shift,metaphor_04,4,semantic_margin_delta,odd,0.375,1,0.6375465629868226,0.036228482014678376,0.08559578588205119,3,0.25,1.0,2,"10,11",0.375,8,8
7,16,matched_betti,0.5,max_full_branch_node_speed,all_interior,coexact,coexact,random_tangent,metaphor_shift,metaphor_05,4,semantic_margin_delta,odd,0.375,1,0.1827759800687335,0.015281000976624904,0.12540122460868003,3,0.25,1.0,3,"9,10,11",0.3703703703703704,8,8
7,16,matched_betti,0.5,max_full_branch_node_speed,all_interior,coexact,coexact,random_tangent,ontology_collapse,ontology_01,4,semantic_margin_delta,odd,0.375,1,0.0775232915913899,0.0891729012014892,0.8668961391237175,3,0.25,1.0,1,12,0.3870967741935483,8,8
7,16,matched_betti,0.5,max_full_branch_node_speed,all_interior,coexact,coexact,random_tangent,ontology_collapse,ontology_02,4,semantic_margin_delta,odd,0.375,1,0.3885585533723561,0.037678880147397106,0.14505566805798534,3,0.25,1.0,2,"10,11",0.375,8,8
7,16,matched_betti,0.5,max_full_branch_node_speed,all_interior,coexact,coexact,random_tangent,ontology_collapse,ontology_03,4,semantic_margin_delta,odd,0.375,1,-0.5414320915711632,0.008224945462625722,0.022960719638633373,3,0.25,1.0,3,"10,11,12",0.37931034482758624,8,8
7,16,matched_betti,0.5,max_full_branch_node_speed,all_interior,coexact,coexact,random_tangent,ontology_collapse,ontology_04,4,semantic_margin_delta,odd,0.375,1,-0.12965389516483206,0.022799657995248104,0.25693515426365476,3,0.25,1.0,3,"10,11,12",0.37931034482758624,8,8
7,16,matched_betti,0.5,max_full_branch_node_speed,all_interior,coexact,coexact,random_tangent,ontology_collapse,ontology_05,4,semantic_margin_delta,odd,0.375,1,-0.1850025114530702,0.033501475736280345,0.2640598387627051,3,0.25,1.0,2,"10,11",0.375,8,8
7,16,matched_betti,0.5,max_full_branch_node_speed,all_interior,coexact,coexact,random_tangent,identity_stress,identity_01,5,semantic_margin_delta,odd,0.4583333333333333,1,-0.3911106854206126,0.011872719374987127,0.04584633186106318,3,0.25,1.0,2,"15,16",0.45588235294117646,8,8
7,16,matched_betti,0.5,max_full_branch_node_speed,all_interior,coexact,coexact,random_tangent,identity_stress,identity_02,5,semantic_margin_delta,odd,0.4583333333333333,1,-0.09141685748078972,0.045273388578069645,0.5993513316489378,3,0.25,1.0,2,"13,15",0.4516129032258065,8,8
7,16,matched_betti,0.5,max_full_branch_node_speed,all_interior,coexact,coexact,random_tangent,identity_stress,identity_03,5,semantic_margin_delta,odd,0.4583333333333333,1,0.32908479823515585,0.015182060707736788,0.06957929927949973,3,0.25,1.0,3,"13,14,15",0.4516129032258065,8,8
7,16,matched_betti,0.5,max_full_branch_node_speed,all_interior,coexact,coexact,random_tangent,identity_stress,identity_04,5,semantic_margin_delta,odd,0.4583333333333333,1,0.49586463901677535,0.055796924149402446,0.1677114899909176,3,0.25,1.0,1,13,0.46428571428571425,8,8
7,16,matched_betti,0.5,max_full_branch_node_speed,all_interior,coexact,coexact,random_tangent,identity_stress,identity_05,5,semantic_margin_delta,odd,0.4583333333333333,1,-0.013868580234047568,0.021342461784985077,0.9187325219449038,3,0.25,1.0,2,"12,13",0.4464285714285714,8,8
7,16,matched_betti,0.5,max_full_branch_node_speed,all_interior,coexact,coexact,random_tangent,literal_stable,literal_01,5,semantic_margin_delta,odd,0.4583333333333333,1,-0.44275371545480785,0.03501474955413423,0.11871826212311115,3,0.25,1.0,3,"14,15,16",0.4545454545454546,8,8
7,16,matched_betti,0.5,max_full_branch_node_speed,all_interior,coexact,coexact,random_tangent,literal_stable,literal_02,5,semantic_margin_delta,odd,0.4583333333333333,1,-0.7687937049663293,0.07051554311239056,0.13735674082132643,3,0.25,1.0,2,"12,13",0.4464285714285714,8,8
7,16,matched_betti,0.5,max_full_branch_node_speed,all_interior,coexact,coexact,random_tangent,literal_stable,literal_03,5,semantic_margin_delta,odd,0.4583333333333333,1,-0.8725506356154091,0.04566263898087557,0.07887262058866991,3,0.25,1.0,2,"12,13",0.46296296296296297,8,8
7,16,matched_betti,0.5,max_full_branch_node_speed,all_interior,coexact,coexact,random_tangent,literal_stable,literal_04,5,semantic_margin_delta,odd,0.4583333333333333,1,0.17013981210908025,0.0282974149538263,0.24385898275923495,3,0.25,1.0,2,"11,12",0.45999999999999996,8,8
7,16,matched_betti,0.5,max_full_branch_node_speed,all_interior,coexact,coexact,random_tangent,literal_stable,literal_05,5,semantic_margin_delta,odd,0.4583333333333333,1,-0.31158749538228736,0.11866920780747456,0.49898975578215093,3,0.25,1.0,2,"11,12",0.4423076923076923,8,8
7,16,matched_betti,0.5,max_full_branch_node_speed,all_interior,coexact,coexact,random_tangent,metaphor_shift,metaphor_01,5,semantic_margin_delta,odd,0.4583333333333333,1,-0.35194254829968163,0.03643949025117178,0.1546517463008504,3,0.25,1.0,2,"15,16",0.45588235294117646,8,8
7,16,matched_betti,0.5,max_full_branch_node_speed,all_interior,coexact,coexact,random_tangent,metaphor_shift,metaphor_02,5,semantic_margin_delta,odd,0.4583333333333333,1,-0.28599131581226633,0.009748702316384644,0.05146701494064038,3,0.25,1.0,2,"13,14",0.46551724137931033,8,8
7,16,matched_betti,0.5,max_full_branch_node_speed,all_interior,coexact,coexact,random_tangent,metaphor_shift,metaphor_03,5,semantic_margin_delta,odd,0.4583333333333333,1,0.4651623467005878,0.0054486071206090395,0.01770613716233077,3,0.25,1.0,2,"13,14",0.45,8,8
7,16,matched_betti,0.5,max_full_branch_node_speed,all_interior,coexact,coexact,random_tangent,metaphor_shift,metaphor_04,5,semantic_margin_delta,odd,0.4583333333333333,1,-0.5339536333026618,0.001945425034644741,0.005508271483825998,3,0.25,1.0,2,"12,13",0.4464285714285714,8,8
7,16,matched_betti,0.5,max_full_branch_node_speed,all_interior,coexact,coexact,random_tangent,metaphor_shift,metaphor_05,5,semantic_margin_delta,odd,0.4583333333333333,1,-0.33299113140692577,0.009080641536466117,0.041193249247439064,3,0.25,1.0,2,"12,13",0.46296296296296297,8,8
7,16,matched_betti,0.5,max_full_branch_node_speed,all_interior,coexact,coexact,random_tangent,ontology_collapse,ontology_01,5,semantic_margin_delta,odd,0.4583333333333333,1,0.30091605712053854,0.04484839020260899,0.21981544582289517,3,0.25,1.0,3,"13,14,15",0.4516129032258065,8,8
7,16,matched_betti,0.5,max_full_branch_node_speed,all_interior,coexact,coexact,random_tangent,ontology_collapse,ontology_02,5,semantic_margin_delta,odd,0.4583333333333333,1,-1.0674047068014747,0.0338819016354609,0.047934711055359465,3,0.25,1.0,2,"12,13",0.4464285714285714,8,8
7,16,matched_betti,0.5,max_full_branch_node_speed,all_interior,coexact,coexact,random_tangent,ontology_collapse,ontology_03,5,semantic_margin_delta,odd,0.4583333333333333,1,0.70630979185917,0.12982869324114754,0.2677519747028002,3,0.25,1.0,2,"13,14",0.46551724137931033,8,8
7,16,matched_betti,0.5,max_full_branch_node_speed,all_interior,coexact,coexact,random_tangent,ontology_collapse,ontology_04,5,semantic_margin_delta,odd,0.4583333333333333,1,-0.024786562499243773,0.03688104459727049,0.9137821698892771,3,0.25,1.0,2,"13,14",0.46551724137931033,8,8
7,16,matched_betti,0.5,max_full_branch_node_speed,all_interior,coexact,coexact,random_tangent,ontology_collapse,ontology_05,5,semantic_margin_delta,odd,0.4583333333333333,1,-0.6564166360905884,0.03809685090744555,0.08740877450308418,3,0.25,1.0,2,"12,13",0.4464285714285714,8,8
7,16,matched_betti,0.5,max_full_branch_node_speed,all_interior,coexact,coexact,random_tangent,identity_stress,identity_01,6,semantic_margin_delta,odd,0.5416666666666666,1,-0.6289898848145699,0.05471411365201799,0.13038964847706347,3,0.25,1.0,3,"17,18,19",0.5294117647058824,8,8
7,16,matched_betti,0.5,max_full_branch_node_speed,all_interior,coexact,coexact,random_tangent,identity_stress,identity_02,6,semantic_margin_delta,odd,0.5416666666666666,1,0.4534954605689118,0.019169088422748004,0.0637755889997505,3,0.25,1.0,2,"16,17",0.532258064516129,8,8
7,16,matched_betti,0.5,max_full_branch_node_speed,all_interior,coexact,coexact,random_tangent,identity_stress,identity_03,6,semantic_margin_delta,odd,0.5416666666666666,1,0.0944163217134917,0.0011570764562408653,0.018524710128068465,3,0.25,1.0,3,"16,17,18",0.5483870967741935,8,8
7,16,matched_betti,0.5,max_full_branch_node_speed,all_interior,coexact,coexact,random_tangent,identity_stress,identity_04,6,semantic_margin_delta,odd,0.5416666666666666,1,-0.45430330816299924,0.04964940509945425,0.16301611380523592,3,0.25,1.0,3,"14,15,16",0.5357142857142857,8,8
7,16,matched_betti,0.5,max_full_branch_node_speed,all_interior,coexact,coexact,random_tangent,identity_stress,identity_05,6,semantic_margin_delta,odd,0.5416666666666666,1,-0.6658468080772332,0.09089976436501686,0.20213464990719132,3,0.25,1.0,3,"14,15,16",0.5357142857142857,8,8
7,16,matched_betti,0.5,max_full_branch_node_speed,all_interior,coexact,coexact,random_tangent,literal_stable,literal_01,6,semantic_margin_delta,odd,0.5416666666666666,1,0.27892417297196753,0.013782726886010104,0.07449916690718995,3,0.25,1.0,3,"17,18,19",0.5454545454545454,8,8
7,16,matched_betti,0.5,max_full_branch_node_speed,all_interior,coexact,coexact,random_tangent,literal_stable,literal_02,6,semantic_margin_delta,odd,0.5416666666666666,1,0.3889420829150401,0.00826702259514342,0.03211818833141795,3,0.25,1.0,3,"14,15,16",0.5357142857142857,8,8
7,16,matched_betti,0.5,max_full_branch_node_speed,all_interior,coexact,coexact,random_tangent,literal_stable,literal_03,6,semantic_margin_delta,odd,0.5416666666666666,1,-0.2646074417977734,0.05626417108519682,0.306045177979588,3,0.25,1.0,2,"14,15",0.537037037037037,8,8
7,16,matched_betti,0.5,max_full_branch_node_speed,all_interior,coexact,coexact,random_tangent,literal_stable,literal_04,6,semantic_margin_delta,odd,0.5416666666666666,1,0.7819244251034396,0.06691543639323358,0.1283121073002494,3,0.25,1.0,2,"13,14",0.54,8,8
7,16,matched_betti,0.5,max_full_branch_node_speed,all_interior,coexact,coexact,random_tangent,literal_stable,literal_05,6,semantic_margin_delta,odd,0.5416666666666666,1,0.5278391825502374,0.019156068347014586,0.05478516760754302,3,0.25,1.0,3,"13,14,15",0.5384615384615384,8,8
7,16,matched_betti,0.5,max_full_branch_node_speed,all_interior,coexact,coexact,random_tangent,metaphor_shift,metaphor_01,6,semantic_margin_delta,odd,0.5416666666666666,1,0.062806879758929,0.048363677009156,0.7585721129894443,3,0.25,1.0,3,"17,18,19",0.5294117647058824,8,8
7,16,matched_betti,0.5,max_full_branch_node_speed,all_interior,coexact,coexact,random_tangent,metaphor_shift,metaphor_02,6,semantic_margin_delta,odd,0.5416666666666666,1,0.19682225767157593,0.05579629065073101,0.39393376270710095,3,0.25,1.0,1,16,0.5517241379310345,8,8
7,16,matched_betti,0.5,max_full_branch_node_speed,all_interior,coexact,coexact,random_tangent,metaphor_shift,metaphor_03,6,semantic_margin_delta,odd,0.5416666666666666,1,-0.9542549468342122,0.025064181552478124,0.039678745455884255,3,0.25,1.0,2,"16,17",0.55,8,8
7,16,matched_betti,0.5,max_full_branch_node_speed,all_interior,coexact,coexact,random_tangent,metaphor_shift,metaphor_04,6,semantic_margin_delta,odd,0.5416666666666666,1,-0.16640885608424727,0.09582101409099354,0.6566029194242442,3,0.25,1.0,3,"14,15,16",0.5357142857142857,8,8
7,16,matched_betti,0.5,max_full_branch_node_speed,all_interior,coexact,coexact,random_tangent,metaphor_shift,metaphor_05,6,semantic_margin_delta,odd,0.5416666666666666,1,0.37106501876688863,0.016444064492493513,0.06684940663268384,3,0.25,1.0,2,"14,15",0.537037037037037,8,8
7,16,matched_betti,0.5,max_full_branch_node_speed,all_interior,coexact,coexact,random_tangent,ontology_collapse,ontology_01,6,semantic_margin_delta,odd,0.5416666666666666,1,-0.4652881733341753,0.0008474781810501821,0.002753695004414183,3,0.25,1.0,3,"16,17,18",0.5483870967741935,8,8
7,16,matched_betti,0.5,max_full_branch_node_speed,all_interior,coexact,coexact,random_tangent,ontology_collapse,ontology_02,6,semantic_margin_delta,odd,0.5416666666666666,1,-0.08056696588968598,0.0060806900548625725,0.11336991022709624,3,0.25,1.0,3,"14,15,16",0.5357142857142857,8,8
7,16,matched_betti,0.5,max_full_branch_node_speed,all_interior,coexact,coexact,random_tangent,ontology_collapse,ontology_03,6,semantic_margin_delta,odd,0.5416666666666666,1,-0.08015711559330413,0.021392946673442936,0.3741840449755464,3,0.25,1.0,2,"15,16",0.5344827586206897,8,8
7,16,matched_betti,0.5,max_full_branch_node_speed,all_interior,coexact,coexact,random_tangent,ontology_collapse,ontology_04,6,semantic_margin_delta,odd,0.5416666666666666,1,-0.211828073440985,0.11930304875813989,0.6483063075809669,3,0.25,1.0,2,"15,16",0.5344827586206897,8,8
7,16,matched_betti,0.5,max_full_branch_node_speed,all_interior,coexact,coexact,random_tangent,ontology_collapse,ontology_05,6,semantic_margin_delta,odd,0.5416666666666666,1,0.7977468135683484,0.03251398458106731,0.06150255496877826,3,0.25,1.0,2,"15,16",0.5535714285714286,8,8
7,16,matched_betti,0.5,max_full_branch_node_speed,all_interior,coexact,coexact,random_tangent,identity_stress,identity_01,7,semantic_margin_delta,odd,0.625,1,-0.32691998686452156,0.025816665151581392,0.11854855319828717,3,0.25,1.0,3,"20,21,22",0.6176470588235294,8,8
7,16,matched_betti,0.5,max_full_branch_node_speed,all_interior,coexact,coexact,random_tangent,identity_stress,identity_02,7,semantic_margin_delta,odd,0.625,1,0.4432105326459559,0.06178588818283121,0.2062303429734891,3,0.25,1.0,2,"19,20",0.6290322580645161,8,8
7,16,matched_betti,0.5,max_full_branch_node_speed,all_interior,coexact,coexact,random_tangent,identity_stress,identity_03,7,semantic_margin_delta,odd,0.625,1,0.9345714123537613,0.016620526283483896,0.026877342681238165,3,0.25,1.0,1,19,0.6129032258064516,8,8
7,16,matched_betti,0.5,max_full_branch_node_speed,all_interior,coexact,coexact,random_tangent,identity_stress,identity_04,7,semantic_margin_delta,odd,0.625,1,-0.3290601806272147,0.022824299846819777,0.10429373331560904,3,0.25,1.0,2,"17,18",0.625,8,8
7,16,matched_betti,0.5,max_full_branch_node_speed,all_interior,coexact,coexact,random_tangent,identity_stress,identity_05,7,semantic_margin_delta,odd,0.625,1,0.32093915820925994,0.023006699830378473,0.10774741715648714,3,0.25,1.0,1,17,0.6071428571428571,8,8
7,16,matched_betti,0.5,max_full_branch_node_speed,all_interior,coexact,coexact,random_tangent,literal_stable,literal_01,7,semantic_margin_delta,odd,0.625,1,-0.08335500525955371,0.023034733995112737,0.38550175009100107,3,0.25,1.0,2,"20,21",0.6212121212121212,8,8
7,16,matched_betti,0.5,max_full_branch_node_speed,all_interior,coexact,coexact,random_tangent,literal_stable,literal_02,7,semantic_margin_delta,odd,0.625,1,-1.232275812930996,0.08144841908753361,0.09943244733436116,3,0.25,1.0,2,"17,18",0.625,8,8
7,16,matched_betti,0.5,max_full_branch_node_speed,all_interior,coexact,coexact,random_tangent,literal_stable,literal_03,7,semantic_margin_delta,odd,0.625,1,0.7484370543095803,0.008299171929451286,0.016762138777440518,3,0.25,1.0,2,"16,17",0.6111111111111112,8,8
7,16,matched_betti,0.5,max_full_branch_node_speed,all_interior,coexact,coexact,random_tangent,literal_stable,literal_04,7,semantic_margin_delta,odd,0.625,1,-0.1568723766813797,0.05052055120441986,0.43776046275028474,3,0.25,1.0,2,"15,16",0.62,8,8
7,16,matched_betti,0.5,max_full_branch_node_speed,all_interior,coexact,coexact,random_tangent,literal_stable,literal_05,7,semantic_margin_delta,odd,0.625,1,-0.07091753302515678,0.06717953504780887,0.8199087110530768,3,0.25,1.0,2,"16,17",0.6346153846153846,8,8
7,16,matched_betti,0.5,max_full_branch_node_speed,all_interior,coexact,coexact,random_tangent,metaphor_shift,metaphor_01,7,semantic_margin_delta,odd,0.625,1,-0.01919927460155634,0.011224528584891404,0.6622655331873574,3,0.25,1.0,2,"20,21",0.6029411764705883,8,8
7,16,matched_betti,0.5,max_full_branch_node_speed,all_interior,coexact,coexact,random_tangent,metaphor_shift,metaphor_02,7,semantic_margin_delta,odd,0.625,1,0.6036981186155959,0.09314276436301687,0.22716188669635454,3,0.25,1.0,3,"17,18,19",0.6206896551724138,8,8
7,16,matched_betti,0.5,max_full_branch_node_speed,all_interior,coexact,coexact,random_tangent,metaphor_shift,metaphor_03,7,semantic_margin_delta,odd,0.625,1,0.3485872251926842,0.05947069530299012,0.24975625369667495,3,0.25,1.0,2,"18,19",0.6166666666666667,8,8
7,16,matched_betti,0.5,max_full_branch_node_speed,all_interior,coexact,coexact,random_tangent,metaphor_shift,metaphor_04,7,semantic_margin_delta,odd,0.625,1,-0.08588102982866899,0.07055843868020581,0.7789360619517827,3,0.25,1.0,2,"17,18",0.625,8,8
7,16,matched_betti,0.5,max_full_branch_node_speed,all_interior,coexact,coexact,random_tangent,metaphor_shift,metaphor_05,7,semantic_margin_delta,odd,0.625,1,0.2825218132714177,0.01189806631876933,0.06354141217901008,3,0.25,1.0,2,"16,17",0.6111111111111112,8,8
7,16,matched_betti,0.5,max_full_branch_node_speed,all_interior,coexact,coexact,random_tangent,ontology_collapse,ontology_01,7,semantic_margin_delta,odd,0.625,1,0.28211658780455184,0.09580702808379203,0.4567446253609324,3,0.25,1.0,2,"19,20",0.6290322580645161,8,8
7,16,matched_betti,0.5,max_full_branch_node_speed,all_interior,coexact,coexact,random_tangent,ontology_collapse,ontology_02,7,semantic_margin_delta,odd,0.625,1,-1.0322209259956157,0.051037104346870234,0.07454427902423118,3,0.25,1.0,2,"17,18",0.625,8,8
7,16,matched_betti,0.5,max_full_branch_node_speed,all_interior,coexact,coexact,random_tangent,ontology_collapse,ontology_03,7,semantic_margin_delta,odd,0.625,1,-0.3080814247533074,0.024781083735959084,0.120719639595325,3,0.25,1.0,3,"17,18,19",0.6206896551724138,8,8
7,16,matched_betti,0.5,max_full_branch_node_speed,all_interior,coexact,coexact,random_tangent,ontology_collapse,ontology_04,7,semantic_margin_delta,odd,0.625,1,0.1938177330950761,0.046775190898200356,0.3427628468146442,3,0.25,1.0,3,"17,18,19",0.6206896551724138,8,8
7,16,matched_betti,0.5,max_full_branch_node_speed,all_interior,coexact,coexact,random_tangent,ontology_collapse,ontology_05,7,semantic_margin_delta,odd,0.625,1,0.12639782370688182,0.0347183920351119,0.3835163678791231,3,0.25,1.0,2,"17,18",0.625,8,8
7,16,matched_betti,0.5,max_full_branch_node_speed,all_interior,coexact,coexact,random_tangent,identity_stress,identity_01,8,semantic_margin_delta,odd,0.7083333333333334,1,0.012041883536619325,0.008852904072919868,0.7434050518232841,3,0.25,1.0,3,"23,24,25",0.7058823529411765,8,8
7,16,matched_betti,0.5,max_full_branch_node_speed,all_interior,coexact,coexact,random_tangent,identity_stress,identity_02,8,semantic_margin_delta,odd,0.7083333333333334,1,-0.2949436487089099,0.028492861520025545,0.144518911996192,3,0.25,1.0,3,"21,22,23",0.7096774193548386,8,8
7,16,matched_betti,0.5,max_full_branch_node_speed,all_interior,coexact,coexact,random_tangent,identity_stress,identity_03,8,semantic_margin_delta,odd,0.7083333333333334,1,0.41060352398049826,0.012760550195573673,0.04693305870137105,3,0.25,1.0,2,"21,22",0.6935483870967744,8,8
7,16,matched_betti,0.5,max_full_branch_node_speed,all_interior,coexact,coexact,random_tangent,identity_stress,identity_04,8,semantic_margin_delta,odd,0.7083333333333334,1,0.18110895852081854,0.04394771539804993,0.344419517292123,3,0.25,1.0,2,"19,20",0.6964285714285715,8,8
7,16,matched_betti,0.5,max_full_branch_node_speed,all_interior,coexact,coexact,random_tangent,identity_stress,identity_05,8,semantic_margin_delta,odd,0.7083333333333334,1,-0.9582327598227923,0.004366842865814069,0.006889650859691372,3,0.25,1.0,2,"19,20",0.6964285714285715,8,8
7,16,matched_betti,0.5,max_full_branch_node_speed,all_interior,coexact,coexact,random_tangent,literal_stable,literal_01,8,semantic_margin_delta,odd,0.7083333333333334,1,-0.26870548874258204,0.005499578051973314,0.030928295781402874,3,0.25,1.0,3,"22,23,24",0.6969696969696969,8,8
7,16,matched_betti,0.5,max_full_branch_node_speed,all_interior,coexact,coexact,random_tangent,literal_stable,literal_02,8,semantic_margin_delta,odd,0.7083333333333334,1,0.22612753363013188,0.10126371891848972,0.5606302126148641,3,0.25,1.0,2,"19,20",0.6964285714285715,8,8
7,16,matched_betti,0.5,max_full_branch_node_speed,all_interior,coexact,coexact,random_tangent,literal_stable,literal_03,8,semantic_margin_delta,odd,0.7083333333333334,1,-0.4432480091390538,0.030426915302296555,0.10322758797300065,3,0.25,1.0,3,"18,19,20",0.7037037037037037,8,8
7,16,matched_betti,0.5,max_full_branch_node_speed,all_interior,coexact,coexact,random_tangent,literal_stable,literal_04,8,semantic_margin_delta,odd,0.7083333333333334,1,0.228923019944244,0.06827548903043387,0.4110516410868645,3,0.25,1.0,2,"17,18",0.6999999999999998,8,8
7,16,matched_betti,0.5,max_full_branch_node_speed,all_interior,coexact,coexact,random_tangent,literal_stable,literal_05,8,semantic_margin_delta,odd,0.7083333333333334,1,0.16809660953540453,0.04571911867904339,0.38030077451260363,3,0.25,1.0,2,"18,19",0.7115384615384613,8,8
7,16,matched_betti,0.5,max_full_branch_node_speed,all_interior,coexact,coexact,random_tangent,metaphor_shift,metaphor_01,8,semantic_margin_delta,odd,0.7083333333333334,1,0.6688350560106509,0.0039231706529078945,0.008867721941501797,3,0.25,1.0,3,"23,24,25",0.7058823529411765,8,8
7,16,matched_betti,0.5,max_full_branch_node_speed,all_interior,coexact,coexact,random_tangent,metaphor_shift,metaphor_02,8,semantic_margin_delta,odd,0.7083333333333334,1,-0.5070324182480872,0.004129310510802662,0.012311752251878876,3,0.25,1.0,2,"20,21",0.7068965517241379,8,8
7,16,matched_betti,0.5,max_full_branch_node_speed,all_interior,coexact,coexact,random_tangent,metaphor_shift,metaphor_03,8,semantic_margin_delta,odd,0.7083333333333334,1,0.08697659925382281,0.0009761897302660054,0.01696603149369252,3,0.25,1.0,3,"20,21,22",0.6999999999999998,8,8
7,16,matched_betti,0.5,max_full_branch_node_speed,all_interior,coexact,coexact,random_tangent,metaphor_shift,metaphor_04,8,semantic_margin_delta,odd,0.7083333333333334,1,-0.0701696320291925,0.05425189880142515,0.7598706809599414,3,0.25,1.0,2,"19,20",0.6964285714285715,8,8
7,16,matched_betti,0.5,max_full_branch_node_speed,all_interior,coexact,coexact,random_tangent,metaphor_shift,metaphor_05,8,semantic_margin_delta,odd,0.7083333333333334,1,-0.35921829495651386,0.013629841117908449,0.057270361826364184,3,0.25,1.0,3,"18,19,20",0.7037037037037037,8,8
7,16,matched_betti,0.5,max_full_branch_node_speed,all_interior,coexact,coexact,random_tangent,ontology_collapse,ontology_01,8,semantic_margin_delta,odd,0.7083333333333334,1,-0.9881389273283733,0.22317657088253628,0.32314211022035555,3,0.25,1.0,2,"21,23",0.7096774193548386,8,8
7,16,matched_betti,0.5,max_full_branch_node_speed,all_interior,coexact,coexact,random_tangent,ontology_collapse,ontology_02,8,semantic_margin_delta,odd,0.7083333333333334,1,0.4390259813242877,0.00421097555762191,0.014499659768531986,3,0.25,1.0,2,"19,20",0.6964285714285715,8,8
7,16,matched_betti,0.5,max_full_branch_node_speed,all_interior,coexact,coexact,random_tangent,ontology_collapse,ontology_03,8,semantic_margin_delta,odd,0.7083333333333334,1,0.19726185332824664,0.002754529436140597,0.02110661176129052,3,0.25,1.0,2,"20,21",0.7068965517241379,8,8
7,16,matched_betti,0.5,max_full_branch_node_speed,all_interior,coexact,coexact,random_tangent,ontology_collapse,ontology_04,8,semantic_margin_delta,odd,0.7083333333333334,1,-0.3594984404264465,0.02284119647871817,0.09561771401328181,3,0.25,1.0,2,"20,21",0.7068965517241379,8,8
7,16,matched_betti,0.5,max_full_branch_node_speed,all_interior,coexact,coexact,random_tangent,ontology_collapse,ontology_05,8,semantic_margin_delta,odd,0.7083333333333334,1,-0.04475602882095333,0.03937330999760772,0.7992847238335098,3,0.25,1.0,2,"19,20",0.6964285714285715,8,8
7,16,matched_betti,0.5,max_full_branch_node_speed,all_interior,coexact,coexact,random_tangent,identity_stress,identity_01,9,semantic_margin_delta,odd,0.7916666666666666,1,-0.10192352919389472,0.019976990885288638,0.2841126049400369,3,0.25,1.0,3,"26,27,28",0.7941176470588235,8,8
7,16,matched_betti,0.5,max_full_branch_node_speed,all_interior,coexact,coexact,random_tangent,identity_stress,identity_02,9,semantic_margin_delta,odd,0.7916666666666666,1,-0.04175591422533448,0.017008339654268376,0.5243672633666342,3,0.25,1.0,2,"24,25",0.7903225806451614,8,8
7,16,matched_betti,0.5,max_full_branch_node_speed,all_interior,coexact,coexact,random_tangent,identity_stress,identity_03,9,semantic_margin_delta,odd,0.7916666666666666,1,0.29110217316741377,0.021344695481499913,0.11018012530675711,3,0.25,1.0,2,"24,25",0.7903225806451614,8,8
7,16,matched_betti,0.5,max_full_branch_node_speed,all_interior,coexact,coexact,random_tangent,identity_stress,identity_04,9,semantic_margin_delta,odd,0.7916666666666666,1,0.0308562964538523,0.017621874334554886,0.6535236219166206,3,0.25,1.0,3,"21,22,23",0.7857142857142857,8,8
7,16,matched_betti,0.5,max_full_branch_node_speed,all_interior,coexact,coexact,random_tangent,identity_stress,identity_05,9,semantic_margin_delta,odd,0.7916666666666666,1,0.7967626030624767,0.006622476240034452,0.012565163720618841,3,0.25,1.0,3,"21,22,23",0.7857142857142857,8,8
7,16,matched_betti,0.5,max_full_branch_node_speed,all_interior,coexact,coexact,random_tangent,literal_stable,literal_01,9,semantic_margin_delta,odd,0.7916666666666666,1,0.029175706659875615,0.052331798919891724,0.938239670752281,3,0.25,1.0,2,"25,26",0.7727272727272728,8,8
7,16,matched_betti,0.5,max_full_branch_node_speed,all_interior,coexact,coexact,random_tangent,literal_stable,literal_02,9,semantic_margin_delta,odd,0.7916666666666666,1,0.14533770901528176,0.038386905095357124,0.3708423006260747,3,0.25,1.0,1,21,0.75,8,8
7,16,matched_betti,0.5,max_full_branch_node_speed,all_interior,coexact,coexact,random_tangent,literal_stable,literal_03,9,semantic_margin_delta,odd,0.7916666666666666,1,-0.2680809778700987,0.08408145812261758,0.4284537823124806,3,0.25,1.0,2,"21,22",0.7962962962962963,8,8
7,16,matched_betti,0.5,max_full_branch_node_speed,all_interior,coexact,coexact,random_tangent,literal_stable,literal_04,9,semantic_margin_delta,odd,0.7916666666666666,1,0.588177992237859,0.04341439554027542,0.11090433866357896,3,0.25,1.0,2,"19,20",0.7799999999999999,8,8
7,16,matched_betti,0.5,max_full_branch_node_speed,all_interior,coexact,coexact,random_tangent,literal_stable,literal_05,9,semantic_margin_delta,odd,0.7916666666666666,1,-0.45374744680604273,0.039252222325087606,0.12968153456157022,3,0.25,1.0,2,"20,21",0.7884615384615387,8,8
7,16,matched_betti,0.5,max_full_branch_node_speed,all_interior,coexact,coexact,random_tangent,metaphor_shift,metaphor_01,9,semantic_margin_delta,odd,0.7916666666666666,1,-0.7710383184585019,0.01017310835398481,0.01994354205573975,3,0.25,1.0,3,"26,27,28",0.7941176470588235,8,8
7,16,matched_betti,0.5,max_full_branch_node_speed,all_interior,coexact,coexact,random_tangent,metaphor_shift,metaphor_02,9,semantic_margin_delta,odd,0.7916666666666666,1,0.3010490455399867,0.02600359827073324,0.1294897101095544,3,0.25,1.0,3,"22,23,24",0.7931034482758621,8,8
7,16,matched_betti,0.5,max_full_branch_node_speed,all_interior,coexact,coexact,random_tangent,metaphor_shift,metaphor_03,9,semantic_margin_delta,odd,0.7916666666666666,1,-0.33199282864775953,0.030986412355135537,0.13972441165086386,3,0.25,1.0,2,"23,24",0.7833333333333335,8,8
7,16,matched_betti,0.5,max_full_branch_node_speed,all_interior,coexact,coexact,random_tangent,metaphor_shift,metaphor_04,9,semantic_margin_delta,odd,0.7916666666666666,1,-0.5389306551161671,0.04297450085991149,0.11968939567621983,3,0.25,1.0,3,"21,22,23",0.7857142857142857,8,8
7,16,matched_betti,0.5,max_full_branch_node_speed,all_interior,coexact,coexact,random_tangent,metaphor_shift,metaphor_05,9,semantic_margin_delta,odd,0.7916666666666666,1,0.07162206230645558,0.053050578024799004,0.7458890868857974,3,0.25,1.0,2,"21,22",0.7962962962962963,8,8
7,16,matched_betti,0.5,max_full_branch_node_speed,all_interior,coexact,coexact,random_tangent,ontology_collapse,ontology_01,9,semantic_margin_delta,odd,0.7916666666666666,1,0.11915459084345456,0.013209253546869382,0.16529618473319416,3,0.25,1.0,2,"24,25",0.7903225806451614,8,8
7,16,matched_betti,0.5,max_full_branch_node_speed,all_interior,coexact,coexact,random_tangent,ontology_collapse,ontology_02,9,semantic_margin_delta,odd,0.7916666666666666,1,-0.5202242713228581,0.05037423018141084,0.1448518703204175,3,0.25,1.0,3,"21,22,23",0.7857142857142857,8,8
7,16,matched_betti,0.5,max_full_branch_node_speed,all_interior,coexact,coexact,random_tangent,ontology_collapse,ontology_03,9,semantic_margin_delta,odd,0.7916666666666666,1,0.2808693363721657,0.11202703059114674,0.5163941300831121,3,0.25,1.0,2,"22,23",0.7758620689655172,8,8
7,16,matched_betti,0.5,max_full_branch_node_speed,all_interior,coexact,coexact,random_tangent,ontology_collapse,ontology_04,9,semantic_margin_delta,odd,0.7916666666666666,1,0.07701036816490346,0.020139177199835344,0.3676757499723736,3,0.25,1.0,3,"22,23,24",0.7931034482758621,8,8
7,16,matched_betti,0.5,max_full_branch_node_speed,all_interior,coexact,coexact,random_tangent,ontology_collapse,ontology_05,9,semantic_margin_delta,odd,0.7916666666666666,1,0.628278638946474,0.012085096393828307,0.029068674678508297,3,0.25,1.0,3,"21,22,23",0.7857142857142857,8,8
7,16,matched_betti,0.5,max_full_branch_node_speed,all_interior,coexact,coexact,random_tangent,identity_stress,identity_01,10,semantic_margin_delta,odd,0.875,1,0.1481187681756386,0.01585630049227036,0.15976732537961233,3,0.25,1.0,3,"29,30,31",0.8823529411764706,8,8
7,16,matched_betti,0.5,max_full_branch_node_speed,all_interior,coexact,coexact,random_tangent,identity_stress,identity_02,10,semantic_margin_delta,odd,0.875,1,-0.6066413415756484,0.016758996849352753,0.04173001287448573,3,0.25,1.0,1,26,0.8387096774193549,8,8
7,16,matched_betti,0.5,max_full_branch_node_speed,all_interior,coexact,coexact,random_tangent,identity_stress,identity_03,10,semantic_margin_delta,odd,0.875,1,-0.2094562527710365,0.028917209393661852,0.20432149307048328,3,0.25,1.0,3,"26,27,28",0.8709677419354839,8,8
7,16,matched_betti,0.5,max_full_branch_node_speed,all_interior,coexact,coexact,random_tangent,identity_stress,identity_04,10,semantic_margin_delta,odd,0.875,1,0.4140679765407442,0.008255403225528072,0.030128701560215316,3,0.25,1.0,1,24,0.8571428571428571,8,8
7,16,matched_betti,0.5,max_full_branch_node_speed,all_interior,coexact,coexact,random_tangent,identity_stress,identity_05,10,semantic_margin_delta,odd,0.875,1,0.08335926381799905,0.040201022332760974,0.5891432758079171,3,0.25,1.0,2,"24,25",0.875,8,8
7,16,matched_betti,0.5,max_full_branch_node_speed,all_interior,coexact,coexact,random_tangent,literal_stable,literal_01,10,semantic_margin_delta,odd,0.875,1,6.453493993855261e-05,0.06561253247250565,0.9999997883763779,3,0.25,1.0,2,"29,30",0.8939393939393939,8,8
7,16,matched_betti,0.5,max_full_branch_node_speed,all_interior,coexact,coexact,random_tangent,literal_stable,literal_03,10,semantic_margin_delta,odd,0.875,1,0.5604815463904069,0.008413872879709128,0.02268996237262916,3,0.25,1.0,2,"23,24",0.8703703703703703,8,8
7,16,matched_betti,0.5,max_full_branch_node_speed,all_interior,coexact,coexact,random_tangent,literal_stable,literal_04,10,semantic_margin_delta,odd,0.875,1,-0.6616684217805516,0.12382778239055038,0.2722489010687216,3,0.25,1.0,2,"21,22",0.86,8,8
7,16,matched_betti,0.5,max_full_branch_node_speed,all_interior,coexact,coexact,random_tangent,literal_stable,literal_05,10,semantic_margin_delta,odd,0.875,1,0.3380990108057968,0.0872547539040698,0.3634844038411315,3,0.25,1.0,2,"22,23",0.8653846153846154,8,8
7,16,matched_betti,0.5,max_full_branch_node_speed,all_interior,coexact,coexact,random_tangent,metaphor_shift,metaphor_01,10,semantic_margin_delta,odd,0.875,1,0.20876398485004138,0.019245619037085708,0.138041448970343,3,0.25,1.0,3,"29,30,31",0.8823529411764706,8,8
7,16,matched_betti,0.5,max_full_branch_node_speed,all_interior,coexact,coexact,random_tangent,metaphor_shift,metaphor_02,10,semantic_margin_delta,odd,0.875,1,0.03048924346115895,0.04582467019088055,0.9152864318397729,3,0.25,1.0,1,26,0.896551724137931,8,8
7,16,matched_betti,0.5,max_full_branch_node_speed,all_interior,coexact,coexact,random_tangent,metaphor_shift,metaphor_03,10,semantic_margin_delta,odd,0.875,1,-0.3119469628051245,0.022172935052723112,0.10684646217361134,3,0.25,1.0,2,"25,27",0.8666666666666667,8,8
7,16,matched_betti,0.5,max_full_branch_node_speed,all_interior,coexact,coexact,random_tangent,metaphor_shift,metaphor_04,10,semantic_margin_delta,odd,0.875,1,-0.9152720591449273,0.020515742566579974,0.033868719483957574,3,0.25,1.0,2,"24,25",0.875,8,8
7,16,matched_betti,0.5,max_full_branch_node_speed,all_interior,coexact,coexact,random_tangent,metaphor_shift,metaphor_05,10,semantic_margin_delta,odd,0.875,1,0.08439524057736197,0.031208786841787683,0.48798846611149654,3,0.25,1.0,1,23,0.8518518518518517,8,8
7,16,matched_betti,0.5,max_full_branch_node_speed,all_interior,coexact,coexact,random_tangent,ontology_collapse,ontology_01,10,semantic_margin_delta,odd,0.875,1,0.02900049587482964,0.002614037423195129,0.1350273361991039,3,0.25,1.0,3,"26,27,28",0.8709677419354839,8,8
7,16,matched_betti,0.5,max_full_branch_node_speed,all_interior,coexact,coexact,random_tangent,ontology_collapse,ontology_02,10,semantic_margin_delta,odd,0.875,1,-0.09743129734397561,0.02884432412049689,0.408528675900915,3,0.25,1.0,2,"24,25",0.875,8,8
7,16,matched_betti,0.5,max_full_branch_node_speed,all_interior,coexact,coexact,random_tangent,ontology_collapse,ontology_03,10,semantic_margin_delta,odd,0.875,1,0.053906012095489106,0.006771530268199382,0.18658059604705327,3,0.25,1.0,2,"25,26",0.8793103448275862,8,8
7,16,matched_betti,0.5,max_full_branch_node_speed,all_interior,coexact,coexact,random_tangent,ontology_collapse,ontology_04,10,semantic_margin_delta,odd,0.875,1,0.4453877746529087,0.015513438790554425,0.05258712447539307,3,0.25,1.0,2,"25,26",0.8793103448275862,8,8
7,16,matched_betti,0.5,max_full_branch_node_speed,all_interior,coexact,coexact,random_tangent,ontology_collapse,ontology_05,10,semantic_margin_delta,odd,0.875,1,0.02020194063844073,0.027824712227743395,0.9014413214205897,3,0.25,1.0,2,"24,25",0.875,8,8
7,16,matched_betti,0.5,max_full_branch_node_speed,all_interior,coexact,coexact,random_tangent,identity_stress,identity_01,11,semantic_margin_delta,odd,0.9583333333333334,1,0.12638127280049538,0.006858441949379614,0.08177054634714533,3,0.25,1.0,2,"32,33",0.9558823529411763,8,8
7,16,matched_betti,0.5,max_full_branch_node_speed,all_interior,coexact,coexact,random_tangent,identity_stress,identity_02,11,semantic_margin_delta,odd,0.9583333333333334,1,-0.523181393926704,0.011083331549064053,0.032011525633200456,3,0.25,1.0,2,"29,30",0.9516129032258065,8,8
7,16,matched_betti,0.5,max_full_branch_node_speed,all_interior,coexact,coexact,random_tangent,identity_stress,identity_03,11,semantic_margin_delta,odd,0.9583333333333334,1,-0.8792805276804876,0.019143368219014526,0.03289779051401513,3,0.25,1.0,1,29,0.9354838709677419,8,8
7,16,matched_betti,0.5,max_full_branch_node_speed,all_interior,coexact,coexact,random_tangent,identity_stress,identity_04,11,semantic_margin_delta,odd,0.9583333333333334,1,-0.04782900609042344,0.01086660935802848,0.32485956104911723,3,0.25,1.0,1,26,0.9285714285714285,8,8
7,16,matched_betti,0.5,max_full_branch_node_speed,all_interior,coexact,coexact,random_tangent,identity_stress,identity_05,11,semantic_margin_delta,odd,0.9583333333333334,1,-0.0007369163751032714,0.02644223320657653,0.9998301453063972,3,0.25,1.0,2,"26,27",0.9464285714285715,8,8
7,16,matched_betti,0.5,max_full_branch_node_speed,all_interior,coexact,coexact,random_tangent,literal_stable,literal_02,11,semantic_margin_delta,odd,0.9583333333333334,1,0.3301753490707725,0.039544304459510085,0.1781742353669536,3,0.25,1.0,2,"26,27",0.9464285714285715,8,8
7,16,matched_betti,0.5,max_full_branch_node_speed,all_interior,coexact,coexact,random_tangent,literal_stable,literal_03,11,semantic_margin_delta,odd,0.9583333333333334,1,-0.16941783839746402,0.022579768108373036,0.19752818720111798,3,0.25,1.0,1,25,0.9259259259259259,8,8
7,16,matched_betti,0.5,max_full_branch_node_speed,all_interior,coexact,coexact,random_tangent,literal_stable,literal_04,11,semantic_margin_delta,odd,0.9583333333333334,1,0.556329830871986,0.09594898244004295,0.252310676500426,3,0.25,1.0,2,"23,24",0.94,8,8
7,16,matched_betti,0.5,max_full_branch_node_speed,all_interior,coexact,coexact,random_tangent,literal_stable,literal_05,11,semantic_margin_delta,odd,0.9583333333333334,1,-0.09063568059775458,0.01837246490602466,0.293012672052437,3,0.25,1.0,1,25,0.9615384615384616,8,8
7,16,matched_betti,0.5,max_full_branch_node_speed,all_interior,coexact,coexact,random_tangent,metaphor_shift,metaphor_01,11,semantic_margin_delta,odd,0.9583333333333334,1,-0.03279995074717679,0.08287263501056032,0.9673997111371831,3,0.25,1.0,1,32,0.9411764705882352,8,8
7,16,matched_betti,0.5,max_full_branch_node_speed,all_interior,coexact,coexact,random_tangent,metaphor_shift,metaphor_02,11,semantic_margin_delta,odd,0.9583333333333334,1,-0.006749034855371129,0.05242749606816061,0.9963945499934941,3,0.25,1.0,2,"27,28",0.9482758620689656,8,8
7,16,matched_betti,0.5,max_full_branch_node_speed,all_interior,coexact,coexact,random_tangent,metaphor_shift,metaphor_03,11,semantic_margin_delta,odd,0.9583333333333334,1,0.20173054728354828,0.008650981996712537,0.06469844621294527,3,0.25,1.0,2,"28,29",0.9499999999999998,8,8
7,16,matched_betti,0.5,max_full_branch_node_speed,all_interior,coexact,coexact,random_tangent,metaphor_shift,metaphor_04,11,semantic_margin_delta,odd,0.9583333333333334,1,-0.9461063135327433,0.013598261063118238,0.02172460539357024,3,0.25,1.0,1,26,0.9285714285714285,8,8
7,16,matched_betti,0.5,max_full_branch_node_speed,all_interior,coexact,coexact,random_tangent,metaphor_shift,metaphor_05,11,semantic_margin_delta,odd,0.9583333333333334,1,-0.43248587100611635,0.06559690476706022,0.22350859741504012,3,0.25,1.0,2,"25,26",0.9444444444444443,8,8
7,16,matched_betti,0.5,max_full_branch_node_speed,all_interior,coexact,coexact,random_tangent,ontology_collapse,ontology_01,11,semantic_margin_delta,odd,0.9583333333333334,1,0.042090600642140735,0.036950319130402406,0.7986744368371123,3,0.25,1.0,1,29,0.9354838709677419,8,8
7,16,matched_betti,0.5,max_full_branch_node_speed,all_interior,coexact,coexact,random_tangent,ontology_collapse,ontology_02,11,semantic_margin_delta,odd,0.9583333333333334,1,-0.1824906908752692,0.03354654878413428,0.26777010250471095,3,0.25,1.0,2,"26,27",0.9464285714285715,8,8
7,16,matched_betti,0.5,max_full_branch_node_speed,all_interior,coexact,coexact,random_tangent,ontology_collapse,ontology_03,11,semantic_margin_delta,odd,0.9583333333333334,1,-0.12074236986259372,0.01150593795681141,0.14259762847097546,3,0.25,1.0,2,"27,28",0.9482758620689656,8,8
7,16,matched_betti,0.5,max_full_branch_node_speed,all_interior,coexact,coexact,random_tangent,ontology_collapse,ontology_04,11,semantic_margin_delta,odd,0.9583333333333334,1,-0.4864458991389026,0.012980341121430369,0.04030968528415943,3,0.25,1.0,2,"27,28",0.9482758620689656,8,8
7,16,matched_betti,0.5,max_full_branch_node_speed,all_interior,coexact,coexact,random_tangent,ontology_collapse,ontology_05,11,semantic_margin_delta,odd,0.9583333333333334,1,-0.9823961944675114,0.06727265783239716,0.10297879895374507,3,0.25,1.0,1,26,0.9285714285714285,8,8
