layer,k,complex_mode,betti_1_fraction_target,random_tangent_reference,token_selector,selector_component,component,baseline_component,family,prompt_id,position_bin,metric,contrast_type,position_bin_center,response_power,response_coefficient,response_rmse,relative_response_rmse,n_alpha_magnitudes,min_alpha_abs,max_alpha_abs,n_tokens,token_set,mean_position_frac,min_null_seeds,max_null_seeds
7,16,matched_betti,0.5,max_full_branch_node_speed,all_interior,coexact,coexact,random_tangent,identity_stress,identity_01,0,next_token_logprob_delta,even,0.041666666666666664,2,-0.18378810016023833,0.004166947104935219,0.038000218587341324,3,0.25,1.0,2,"1,2",0.04411764705882352,8,8
7,16,matched_betti,0.5,max_full_branch_node_speed,all_interior,coexact,coexact,random_tangent,identity_stress,identity_02,0,next_token_logprob_delta,even,0.041666666666666664,2,0.11061917029266788,0.009606393451125161,0.1441353498255611,3,0.25,1.0,2,"1,2",0.04838709677419354,8,8
7,16,matched_betti,0.5,max_full_branch_node_speed,all_interior,coexact,coexact,random_tangent,identity_stress,identity_03,0,next_token_logprob_delta,even,0.041666666666666664,2,0.08100449044638391,0.002786282309265105,0.057596191225603985,3,0.25,1.0,2,"1,2",0.04838709677419354,8,8
7,16,matched_betti,0.5,max_full_branch_node_speed,all_interior,coexact,coexact,random_tangent,identity_stress,identity_04,0,next_token_logprob_delta,even,0.041666666666666664,2,0.01218184502754366,0.00023243043251549675,0.03198577895801907,3,0.25,1.0,2,"1,2",0.05357142857142857,8,8
7,16,matched_betti,0.5,max_full_branch_node_speed,all_interior,coexact,coexact,random_tangent,identity_stress,identity_05,0,next_token_logprob_delta,even,0.041666666666666664,2,0.33387923169836287,0.004918740474407007,0.024701950605702645,3,0.25,1.0,2,"1,2",0.05357142857142857,8,8
7,16,matched_betti,0.5,max_full_branch_node_speed,all_interior,coexact,coexact,random_tangent,literal_stable,literal_01,0,next_token_logprob_delta,even,0.041666666666666664,2,-0.023296597063548728,0.0013077056507607148,0.09373471628527273,3,0.25,1.0,2,"1,2",0.04545454545454545,8,8
7,16,matched_betti,0.5,max_full_branch_node_speed,all_interior,coexact,coexact,random_tangent,literal_stable,literal_02,0,next_token_logprob_delta,even,0.041666666666666664,2,0.047186683629996326,0.010645891850934262,0.35391745245286943,3,0.25,1.0,2,"1,2",0.05357142857142857,8,8
7,16,matched_betti,0.5,max_full_branch_node_speed,all_interior,coexact,coexact,random_tangent,literal_stable,literal_03,0,next_token_logprob_delta,even,0.041666666666666664,2,-0.19744451234722774,0.0028490971865536936,0.024195484485341485,3,0.25,1.0,2,"1,2",0.05555555555555555,8,8
7,16,matched_betti,0.5,max_full_branch_node_speed,all_interior,coexact,coexact,random_tangent,literal_stable,literal_04,0,next_token_logprob_delta,even,0.041666666666666664,2,-0.0045536072032040876,0.017343159110446236,0.9879681446130323,3,0.25,1.0,2,"1,2",0.06,8,8
7,16,matched_betti,0.5,max_full_branch_node_speed,all_interior,coexact,coexact,random_tangent,literal_stable,literal_05,0,next_token_logprob_delta,even,0.041666666666666664,2,-0.1650218778120431,0.01863074698978459,0.18605360557238595,3,0.25,1.0,2,"1,2",0.05769230769230769,8,8
7,16,matched_betti,0.5,max_full_branch_node_speed,all_interior,coexact,coexact,random_tangent,metaphor_shift,metaphor_01,0,next_token_logprob_delta,even,0.041666666666666664,2,-0.3436297026393339,0.018297818661027847,0.08895752518597834,3,0.25,1.0,2,"1,2",0.04411764705882352,8,8
7,16,matched_betti,0.5,max_full_branch_node_speed,all_interior,coexact,coexact,random_tangent,metaphor_shift,metaphor_02,0,next_token_logprob_delta,even,0.041666666666666664,2,-0.5575201554758371,0.031007242611460362,0.09287963210351559,3,0.25,1.0,2,"1,2",0.05172413793103448,8,8
7,16,matched_betti,0.5,max_full_branch_node_speed,all_interior,coexact,coexact,random_tangent,metaphor_shift,metaphor_03,0,next_token_logprob_delta,even,0.041666666666666664,2,0.06295368978961118,0.006084735951647585,0.16002458793061375,3,0.25,1.0,2,"1,2",0.05000000000000001,8,8
7,16,matched_betti,0.5,max_full_branch_node_speed,all_interior,coexact,coexact,random_tangent,metaphor_shift,metaphor_04,0,next_token_logprob_delta,even,0.041666666666666664,2,0.15452635642411058,0.010264853975056717,0.11073132704544807,3,0.25,1.0,2,"1,2",0.05357142857142857,8,8
7,16,matched_betti,0.5,max_full_branch_node_speed,all_interior,coexact,coexact,random_tangent,metaphor_shift,metaphor_05,0,next_token_logprob_delta,even,0.041666666666666664,2,-0.07041651178611438,0.011941373465349686,0.2735810060597774,3,0.25,1.0,2,"1,2",0.05555555555555555,8,8
7,16,matched_betti,0.5,max_full_branch_node_speed,all_interior,coexact,coexact,random_tangent,ontology_collapse,ontology_01,0,next_token_logprob_delta,even,0.041666666666666664,2,0.20297115252924994,0.021143902391245604,0.17211558133261165,3,0.25,1.0,2,"1,2",0.04838709677419354,8,8
7,16,matched_betti,0.5,max_full_branch_node_speed,all_interior,coexact,coexact,random_tangent,ontology_collapse,ontology_02,0,next_token_logprob_delta,even,0.041666666666666664,2,0.4082579511492161,0.0025999745928160325,0.010680927440416947,3,0.25,1.0,2,"1,2",0.05357142857142857,8,8
7,16,matched_betti,0.5,max_full_branch_node_speed,all_interior,coexact,coexact,random_tangent,ontology_collapse,ontology_03,0,next_token_logprob_delta,even,0.041666666666666664,2,-0.27137454239974323,0.032074721039417074,0.19445661782292323,3,0.25,1.0,2,"1,2",0.05172413793103448,8,8
7,16,matched_betti,0.5,max_full_branch_node_speed,all_interior,coexact,coexact,random_tangent,ontology_collapse,ontology_04,0,next_token_logprob_delta,even,0.041666666666666664,2,0.8043594244080463,0.05880217360046751,0.12170323972339583,3,0.25,1.0,2,"1,2",0.05172413793103448,8,8
7,16,matched_betti,0.5,max_full_branch_node_speed,all_interior,coexact,coexact,random_tangent,ontology_collapse,ontology_05,0,next_token_logprob_delta,even,0.041666666666666664,2,-0.011066711569644868,0.008890204292371518,0.8030051668417364,3,0.25,1.0,2,"1,2",0.05357142857142857,8,8
7,16,matched_betti,0.5,max_full_branch_node_speed,all_interior,coexact,coexact,random_tangent,identity_stress,identity_01,1,next_token_logprob_delta,even,0.125,2,-0.27307151244326283,0.006210385236014623,0.038117613086750636,3,0.25,1.0,3,"3,4,5",0.11764705882352942,8,8
7,16,matched_betti,0.5,max_full_branch_node_speed,all_interior,coexact,coexact,random_tangent,identity_stress,identity_02,1,next_token_logprob_delta,even,0.125,2,-0.1428404997834273,0.021807047148760535,0.2480585928326131,3,0.25,1.0,3,"3,4,5",0.12903225806451613,8,8
7,16,matched_betti,0.5,max_full_branch_node_speed,all_interior,coexact,coexact,random_tangent,identity_stress,identity_03,1,next_token_logprob_delta,even,0.125,2,0.012689895377850481,0.005937821685615511,0.6173850213963182,3,0.25,1.0,3,"3,4,5",0.12903225806451613,8,8
7,16,matched_betti,0.5,max_full_branch_node_speed,all_interior,coexact,coexact,random_tangent,identity_stress,identity_04,1,next_token_logprob_delta,even,0.125,2,-0.06911762417800321,0.004948217946462548,0.11922044406661846,3,0.25,1.0,2,"3,4",0.125,8,8
7,16,matched_betti,0.5,max_full_branch_node_speed,all_interior,coexact,coexact,random_tangent,identity_stress,identity_05,1,next_token_logprob_delta,even,0.125,2,-0.2249347727200321,0.028104644376415456,0.20511036631932902,3,0.25,1.0,2,"3,4",0.125,8,8
7,16,matched_betti,0.5,max_full_branch_node_speed,all_interior,coexact,coexact,random_tangent,literal_stable,literal_01,1,next_token_logprob_delta,even,0.125,2,-0.35317436326624324,0.015856191501558124,0.07508983534183823,3,0.25,1.0,3,"3,4,5",0.12121212121212122,8,8
7,16,matched_betti,0.5,max_full_branch_node_speed,all_interior,coexact,coexact,random_tangent,literal_stable,literal_02,1,next_token_logprob_delta,even,0.125,2,-0.33132143758917726,0.0013446933508687964,0.006807112758983024,3,0.25,1.0,2,"3,4",0.125,8,8
7,16,matched_betti,0.5,max_full_branch_node_speed,all_interior,coexact,coexact,random_tangent,literal_stable,literal_03,1,next_token_logprob_delta,even,0.125,2,0.3809669653269707,0.024310840878315854,0.10642373651881451,3,0.25,1.0,2,"3,4",0.12962962962962962,8,8
7,16,matched_betti,0.5,max_full_branch_node_speed,all_interior,coexact,coexact,random_tangent,literal_stable,literal_04,1,next_token_logprob_delta,even,0.125,2,-0.13469939647632773,0.0035978060088909395,0.04475442753103117,3,0.25,1.0,2,"3,4",0.14,8,8
7,16,matched_betti,0.5,max_full_branch_node_speed,all_interior,coexact,coexact,random_tangent,literal_stable,literal_05,1,next_token_logprob_delta,even,0.125,2,-0.01994226053446908,0.011448215484267766,0.6936028298398293,3,0.25,1.0,2,"3,4",0.13461538461538464,8,8
7,16,matched_betti,0.5,max_full_branch_node_speed,all_interior,coexact,coexact,random_tangent,metaphor_shift,metaphor_01,1,next_token_logprob_delta,even,0.125,2,-0.06427442251820717,0.01731629988007344,0.41178343150191327,3,0.25,1.0,2,"3,5",0.1176470588235294,8,8
7,16,matched_betti,0.5,max_full_branch_node_speed,all_interior,coexact,coexact,random_tangent,metaphor_shift,metaphor_02,1,next_token_logprob_delta,even,0.125,2,-0.21360893374848447,0.005421729590506633,0.04253285572809692,3,0.25,1.0,2,"3,4",0.12068965517241377,8,8
7,16,matched_betti,0.5,max_full_branch_node_speed,all_interior,coexact,coexact,random_tangent,metaphor_shift,metaphor_03,1,next_token_logprob_delta,even,0.125,2,-0.0925190629756019,0.01879247414880305,0.3224832291950849,3,0.25,1.0,2,"3,4",0.11666666666666665,8,8
7,16,matched_betti,0.5,max_full_branch_node_speed,all_interior,coexact,coexact,random_tangent,metaphor_shift,metaphor_04,1,next_token_logprob_delta,even,0.125,2,0.18829273484999157,0.0083138486029287,0.07385504182643436,3,0.25,1.0,2,"3,4",0.125,8,8
7,16,matched_betti,0.5,max_full_branch_node_speed,all_interior,coexact,coexact,random_tangent,metaphor_shift,metaphor_05,1,next_token_logprob_delta,even,0.125,2,0.10792977400567648,0.023339341745557903,0.34096484884881717,3,0.25,1.0,2,"3,4",0.12962962962962962,8,8
7,16,matched_betti,0.5,max_full_branch_node_speed,all_interior,coexact,coexact,random_tangent,ontology_collapse,ontology_01,1,next_token_logprob_delta,even,0.125,2,-0.08970393344134296,0.012667125520675808,0.23046988159755316,3,0.25,1.0,3,"3,4,5",0.12903225806451613,8,8
7,16,matched_betti,0.5,max_full_branch_node_speed,all_interior,coexact,coexact,random_tangent,ontology_collapse,ontology_02,1,next_token_logprob_delta,even,0.125,2,0.06489434294238422,0.015424869287374509,0.3703256797072223,3,0.25,1.0,2,"3,4",0.125,8,8
7,16,matched_betti,0.5,max_full_branch_node_speed,all_interior,coexact,coexact,random_tangent,ontology_collapse,ontology_03,1,next_token_logprob_delta,even,0.125,2,-0.376793420193159,0.015529035504189619,0.06896128060719656,3,0.25,1.0,2,"3,4",0.12068965517241377,8,8
7,16,matched_betti,0.5,max_full_branch_node_speed,all_interior,coexact,coexact,random_tangent,ontology_collapse,ontology_04,1,next_token_logprob_delta,even,0.125,2,-0.3583712892382278,0.002640223620706587,0.012355878687596283,3,0.25,1.0,2,"3,4",0.12068965517241377,8,8
7,16,matched_betti,0.5,max_full_branch_node_speed,all_interior,coexact,coexact,random_tangent,ontology_collapse,ontology_05,1,next_token_logprob_delta,even,0.125,2,0.06026801216499999,0.010615628570659232,0.2833266148256092,3,0.25,1.0,2,"3,4",0.125,8,8
7,16,matched_betti,0.5,max_full_branch_node_speed,all_interior,coexact,coexact,random_tangent,identity_stress,identity_01,2,next_token_logprob_delta,even,0.20833333333333334,2,-0.03850325184114939,0.010185469729726154,0.40556509655741985,3,0.25,1.0,3,"6,7,8",0.2058823529411765,8,8
7,16,matched_betti,0.5,max_full_branch_node_speed,all_interior,coexact,coexact,random_tangent,identity_stress,identity_02,2,next_token_logprob_delta,even,0.20833333333333334,2,-0.24973270269178435,0.020801702009814967,0.1383646642831665,3,0.25,1.0,2,"6,7",0.20967741935483866,8,8
7,16,matched_betti,0.5,max_full_branch_node_speed,all_interior,coexact,coexact,random_tangent,identity_stress,identity_03,2,next_token_logprob_delta,even,0.20833333333333334,2,0.20721722052209862,0.033596763949469526,0.2624090054612021,3,0.25,1.0,2,"6,7",0.20967741935483866,8,8
7,16,matched_betti,0.5,max_full_branch_node_speed,all_interior,coexact,coexact,random_tangent,identity_stress,identity_04,2,next_token_logprob_delta,even,0.20833333333333334,2,-0.18763457465318778,0.005824040110836898,0.0519903849478278,3,0.25,1.0,2,"5,6",0.19642857142857142,8,8
7,16,matched_betti,0.5,max_full_branch_node_speed,all_interior,coexact,coexact,random_tangent,identity_stress,identity_05,2,next_token_logprob_delta,even,0.20833333333333334,2,-0.034355229415958366,0.0026075506602636,0.12628398867475343,3,0.25,1.0,2,"5,6",0.19642857142857142,8,8
7,16,matched_betti,0.5,max_full_branch_node_speed,all_interior,coexact,coexact,random_tangent,literal_stable,literal_01,2,next_token_logprob_delta,even,0.20833333333333334,2,0.22705439463859575,0.01671607711641201,0.12255123993795486,3,0.25,1.0,3,"6,7,8",0.21212121212121213,8,8
7,16,matched_betti,0.5,max_full_branch_node_speed,all_interior,coexact,coexact,random_tangent,literal_stable,literal_02,2,next_token_logprob_delta,even,0.20833333333333334,2,0.3185887712549978,0.018206749690901844,0.09541469983983734,3,0.25,1.0,2,"5,6",0.19642857142857142,8,8
7,16,matched_betti,0.5,max_full_branch_node_speed,all_interior,coexact,coexact,random_tangent,literal_stable,literal_03,2,next_token_logprob_delta,even,0.20833333333333334,2,0.42571816172509674,0.016215640873376045,0.06375683323296019,3,0.25,1.0,2,"5,6",0.2037037037037037,8,8
7,16,matched_betti,0.5,max_full_branch_node_speed,all_interior,coexact,coexact,random_tangent,literal_stable,literal_04,2,next_token_logprob_delta,even,0.20833333333333334,2,-0.31743345945390145,0.03351777012926564,0.1743875742189362,3,0.25,1.0,2,"5,6",0.22,8,8
7,16,matched_betti,0.5,max_full_branch_node_speed,all_interior,coexact,coexact,random_tangent,literal_stable,literal_05,2,next_token_logprob_delta,even,0.20833333333333334,2,0.03370464804102155,0.008160477931816588,0.3762518752281253,3,0.25,1.0,2,"5,6",0.21153846153846156,8,8
7,16,matched_betti,0.5,max_full_branch_node_speed,all_interior,coexact,coexact,random_tangent,metaphor_shift,metaphor_01,2,next_token_logprob_delta,even,0.20833333333333334,2,0.0005908232030456074,0.01631074746141779,0.9997668760450383,3,0.25,1.0,3,"6,7,8",0.2058823529411765,8,8
7,16,matched_betti,0.5,max_full_branch_node_speed,all_interior,coexact,coexact,random_tangent,metaphor_shift,metaphor_02,2,next_token_logprob_delta,even,0.20833333333333334,2,-0.14749664007788219,0.008453439422717353,0.09568706697938306,3,0.25,1.0,3,"5,6,7",0.20689655172413793,8,8
7,16,matched_betti,0.5,max_full_branch_node_speed,all_interior,coexact,coexact,random_tangent,metaphor_shift,metaphor_03,2,next_token_logprob_delta,even,0.20833333333333334,2,-0.05658702698992189,0.008860184837512764,0.2540052834350856,3,0.25,1.0,3,"5,6,7",0.19999999999999998,8,8
7,16,matched_betti,0.5,max_full_branch_node_speed,all_interior,coexact,coexact,random_tangent,metaphor_shift,metaphor_04,2,next_token_logprob_delta,even,0.20833333333333334,2,-0.1412482506081753,0.00046360058274536796,0.005504952821881544,3,0.25,1.0,2,"5,6",0.19642857142857142,8,8
7,16,matched_betti,0.5,max_full_branch_node_speed,all_interior,coexact,coexact,random_tangent,metaphor_shift,metaphor_05,2,next_token_logprob_delta,even,0.20833333333333334,2,0.08979607034426752,0.014231532200661976,0.2569019361069815,3,0.25,1.0,2,"5,6",0.2037037037037037,8,8
7,16,matched_betti,0.5,max_full_branch_node_speed,all_interior,coexact,coexact,random_tangent,ontology_collapse,ontology_01,2,next_token_logprob_delta,even,0.20833333333333334,2,-0.3434070800258491,0.031737439464968195,0.15318136608582655,3,0.25,1.0,2,"6,7",0.20967741935483866,8,8
7,16,matched_betti,0.5,max_full_branch_node_speed,all_interior,coexact,coexact,random_tangent,ontology_collapse,ontology_02,2,next_token_logprob_delta,even,0.20833333333333334,2,-0.10137428876110345,0.0056063671973110825,0.09236185322124381,3,0.25,1.0,2,"5,6",0.19642857142857142,8,8
7,16,matched_betti,0.5,max_full_branch_node_speed,all_interior,coexact,coexact,random_tangent,ontology_collapse,ontology_03,2,next_token_logprob_delta,even,0.20833333333333334,2,0.08495376394222728,0.005795119945876318,0.11367238087178479,3,0.25,1.0,3,"5,6,7",0.20689655172413793,8,8
7,16,matched_betti,0.5,max_full_branch_node_speed,all_interior,coexact,coexact,random_tangent,ontology_collapse,ontology_04,2,next_token_logprob_delta,even,0.20833333333333334,2,0.18741129444530014,0.005980627246823643,0.053447704584272886,3,0.25,1.0,3,"5,6,7",0.20689655172413793,8,8
7,16,matched_betti,0.5,max_full_branch_node_speed,all_interior,coexact,coexact,random_tangent,ontology_collapse,ontology_05,2,next_token_logprob_delta,even,0.20833333333333334,2,0.35579941780647467,0.011612741336826875,0.0546611837402475,3,0.25,1.0,2,"5,6",0.19642857142857142,8,8
7,16,matched_betti,0.5,max_full_branch_node_speed,all_interior,coexact,coexact,random_tangent,identity_stress,identity_01,3,next_token_logprob_delta,even,0.2916666666666667,2,0.14991162772158728,0.003492115408583609,0.03904103530405521,3,0.25,1.0,3,"9,10,11",0.29411764705882354,8,8
7,16,matched_betti,0.5,max_full_branch_node_speed,all_interior,coexact,coexact,random_tangent,identity_stress,identity_02,3,next_token_logprob_delta,even,0.2916666666666667,2,-0.2806415861960302,0.01675648537919568,0.09964677708167638,3,0.25,1.0,3,"8,9,10",0.2903225806451613,8,8
7,16,matched_betti,0.5,max_full_branch_node_speed,all_interior,coexact,coexact,random_tangent,identity_stress,identity_03,3,next_token_logprob_delta,even,0.2916666666666667,2,0.10497688482783171,0.006400378704139768,0.10173075758131654,3,0.25,1.0,3,"8,9,10",0.2903225806451613,8,8
7,16,matched_betti,0.5,max_full_branch_node_speed,all_interior,coexact,coexact,random_tangent,identity_stress,identity_04,3,next_token_logprob_delta,even,0.2916666666666667,2,0.06776162433342015,0.03355075182109596,0.6388780764660367,3,0.25,1.0,3,"7,8,9",0.28571428571428575,8,8
7,16,matched_betti,0.5,max_full_branch_node_speed,all_interior,coexact,coexact,random_tangent,identity_stress,identity_05,3,next_token_logprob_delta,even,0.2916666666666667,2,0.0937714314798754,0.0119287046623874,0.20866756318355648,3,0.25,1.0,3,"7,8,9",0.28571428571428575,8,8
7,16,matched_betti,0.5,max_full_branch_node_speed,all_interior,coexact,coexact,random_tangent,literal_stable,literal_01,3,next_token_logprob_delta,even,0.2916666666666667,2,0.3752155952835537,0.008511297852355151,0.03801894786430269,3,0.25,1.0,2,"9,10",0.28787878787878785,8,8
7,16,matched_betti,0.5,max_full_branch_node_speed,all_interior,coexact,coexact,random_tangent,literal_stable,literal_02,3,next_token_logprob_delta,even,0.2916666666666667,2,-0.009045790186135485,0.015343031627961462,0.943413713552305,3,0.25,1.0,3,"7,8,9",0.28571428571428575,8,8
7,16,matched_betti,0.5,max_full_branch_node_speed,all_interior,coexact,coexact,random_tangent,literal_stable,literal_03,3,next_token_logprob_delta,even,0.2916666666666667,2,0.03229021124884959,0.009197488138178084,0.43107783359488033,3,0.25,1.0,2,"7,8",0.2777777777777778,8,8
7,16,matched_betti,0.5,max_full_branch_node_speed,all_interior,coexact,coexact,random_tangent,literal_stable,literal_04,3,next_token_logprob_delta,even,0.2916666666666667,2,0.06992686933508865,0.004309221350707415,0.10281262457942743,3,0.25,1.0,2,"7,8",0.30000000000000004,8,8
7,16,matched_betti,0.5,max_full_branch_node_speed,all_interior,coexact,coexact,random_tangent,literal_stable,literal_05,3,next_token_logprob_delta,even,0.2916666666666667,2,0.18563595394026222,0.011682365233028777,0.10496923858177834,3,0.25,1.0,2,"7,8",0.28846153846153844,8,8
7,16,matched_betti,0.5,max_full_branch_node_speed,all_interior,coexact,coexact,random_tangent,metaphor_shift,metaphor_01,3,next_token_logprob_delta,even,0.2916666666666667,2,0.10946928660775464,0.018392132823480487,0.27123502170766767,3,0.25,1.0,3,"9,10,11",0.29411764705882354,8,8
7,16,matched_betti,0.5,max_full_branch_node_speed,all_interior,coexact,coexact,random_tangent,metaphor_shift,metaphor_02,3,next_token_logprob_delta,even,0.2916666666666667,2,0.2766878816689228,0.0012443074445889907,0.0075426593375198855,3,0.25,1.0,2,"8,9",0.2931034482758621,8,8
7,16,matched_betti,0.5,max_full_branch_node_speed,all_interior,coexact,coexact,random_tangent,metaphor_shift,metaphor_03,3,next_token_logprob_delta,even,0.2916666666666667,2,0.5281204168180236,0.0017419534036987312,0.005532178912754123,3,0.25,1.0,2,"8,9",0.2833333333333333,8,8
7,16,matched_betti,0.5,max_full_branch_node_speed,all_interior,coexact,coexact,random_tangent,metaphor_shift,metaphor_04,3,next_token_logprob_delta,even,0.2916666666666667,2,-0.2394901853863213,0.005021417941818094,0.03514548567009238,3,0.25,1.0,3,"7,8,9",0.28571428571428575,8,8
7,16,matched_betti,0.5,max_full_branch_node_speed,all_interior,coexact,coexact,random_tangent,metaphor_shift,metaphor_05,3,next_token_logprob_delta,even,0.2916666666666667,2,0.02170797163060309,0.003258136799295361,0.24412188078372468,3,0.25,1.0,2,"7,8",0.2777777777777778,8,8
7,16,matched_betti,0.5,max_full_branch_node_speed,all_interior,coexact,coexact,random_tangent,ontology_collapse,ontology_01,3,next_token_logprob_delta,even,0.2916666666666667,2,0.001216448206473727,0.00027969353826006507,0.35981607725327014,3,0.25,1.0,3,"8,9,10",0.2903225806451613,8,8
7,16,matched_betti,0.5,max_full_branch_node_speed,all_interior,coexact,coexact,random_tangent,ontology_collapse,ontology_02,3,next_token_logprob_delta,even,0.2916666666666667,2,0.09720970888211689,0.008659079902730332,0.1477636636426522,3,0.25,1.0,3,"7,8,9",0.28571428571428575,8,8
7,16,matched_betti,0.5,max_full_branch_node_speed,all_interior,coexact,coexact,random_tangent,ontology_collapse,ontology_03,3,next_token_logprob_delta,even,0.2916666666666667,2,0.13872800586552614,0.05991126342342662,0.5866181822821345,3,0.25,1.0,2,"8,9",0.2931034482758621,8,8
7,16,matched_betti,0.5,max_full_branch_node_speed,all_interior,coexact,coexact,random_tangent,ontology_collapse,ontology_04,3,next_token_logprob_delta,even,0.2916666666666667,2,-0.08995799048790458,0.03446818955508771,0.5406373671322503,3,0.25,1.0,2,"8,9",0.2931034482758621,8,8
7,16,matched_betti,0.5,max_full_branch_node_speed,all_interior,coexact,coexact,random_tangent,ontology_collapse,ontology_05,3,next_token_logprob_delta,even,0.2916666666666667,2,0.20805754506361548,0.006041408562157162,0.04864515235693462,3,0.25,1.0,3,"7,8,9",0.28571428571428575,8,8
7,16,matched_betti,0.5,max_full_branch_node_speed,all_interior,coexact,coexact,random_tangent,identity_stress,identity_01,4,next_token_logprob_delta,even,0.375,2,-0.02755788395780657,0.007126269646753696,0.39791087140650055,3,0.25,1.0,3,"12,13,14",0.38235294117647056,8,8
7,16,matched_betti,0.5,max_full_branch_node_speed,all_interior,coexact,coexact,random_tangent,identity_stress,identity_02,4,next_token_logprob_delta,even,0.375,2,0.0028525962124778584,0.007980373651447678,0.9780360179788782,3,0.25,1.0,2,"11,12",0.3709677419354838,8,8
7,16,matched_betti,0.5,max_full_branch_node_speed,all_interior,coexact,coexact,random_tangent,identity_stress,identity_03,4,next_token_logprob_delta,even,0.375,2,0.054421388921190035,0.0018883267318196965,0.05809952394901766,3,0.25,1.0,2,"11,12",0.3709677419354838,8,8
7,16,matched_betti,0.5,max_full_branch_node_speed,all_interior,coexact,coexact,random_tangent,identity_stress,identity_04,4,next_token_logprob_delta,even,0.375,2,-0.022127955160885057,0.01627422338350571,0.7768109433990401,3,0.25,1.0,2,"10,11",0.375,8,8
7,16,matched_betti,0.5,max_full_branch_node_speed,all_interior,coexact,coexact,random_tangent,identity_stress,identity_05,4,next_token_logprob_delta,even,0.375,2,-0.09898731656170329,0.019402619202171904,0.3123156973847296,3,0.25,1.0,2,"10,11",0.375,8,8
7,16,matched_betti,0.5,max_full_branch_node_speed,all_interior,coexact,coexact,random_tangent,literal_stable,literal_01,4,next_token_logprob_delta,even,0.375,2,-0.10242113293154934,0.0042190472935714155,0.06892709762644986,3,0.25,1.0,3,"11,12,13",0.3636363636363636,8,8
7,16,matched_betti,0.5,max_full_branch_node_speed,all_interior,coexact,coexact,random_tangent,literal_stable,literal_02,4,next_token_logprob_delta,even,0.375,2,0.01482574675364305,0.005064412126471661,0.49712948055977624,3,0.25,1.0,2,"10,11",0.375,8,8
7,16,matched_betti,0.5,max_full_branch_node_speed,all_interior,coexact,coexact,random_tangent,literal_stable,literal_03,4,next_token_logprob_delta,even,0.375,2,0.10072071767095317,0.0013911524313238194,0.02316000709036306,3,0.25,1.0,3,"9,10,11",0.3703703703703704,8,8
7,16,matched_betti,0.5,max_full_branch_node_speed,all_interior,coexact,coexact,random_tangent,literal_stable,literal_04,4,next_token_logprob_delta,even,0.375,2,-0.08613680800824006,0.014024332054571573,0.2634356856418277,3,0.25,1.0,2,"9,10",0.38000000000000006,8,8
7,16,matched_betti,0.5,max_full_branch_node_speed,all_interior,coexact,coexact,random_tangent,literal_stable,literal_05,4,next_token_logprob_delta,even,0.375,2,0.18813650530950762,0.004894988540994944,0.04359781796003976,3,0.25,1.0,2,"9,10",0.3653846153846154,8,8
7,16,matched_betti,0.5,max_full_branch_node_speed,all_interior,coexact,coexact,random_tangent,metaphor_shift,metaphor_01,4,next_token_logprob_delta,even,0.375,2,-0.09138689804402031,0.015501814257548067,0.27365026057855485,3,0.25,1.0,3,"12,13,14",0.38235294117647056,8,8
7,16,matched_betti,0.5,max_full_branch_node_speed,all_interior,coexact,coexact,random_tangent,metaphor_shift,metaphor_02,4,next_token_logprob_delta,even,0.375,2,0.01572861429006404,0.005702867872412123,0.5195992428940259,3,0.25,1.0,3,"10,11,12",0.37931034482758624,8,8
7,16,matched_betti,0.5,max_full_branch_node_speed,all_interior,coexact,coexact,random_tangent,metaphor_shift,metaphor_03,4,next_token_logprob_delta,even,0.375,2,-0.17155363091465534,0.014084793245423251,0.13641769577290852,3,0.25,1.0,3,"10,11,12",0.3666666666666667,8,8
7,16,matched_betti,0.5,max_full_branch_node_speed,all_interior,coexact,coexact,random_tangent,metaphor_shift,metaphor_04,4,next_token_logprob_delta,even,0.375,2,0.08401876656323597,0.011744904271702153,0.228271614895327,3,0.25,1.0,2,"10,11",0.375,8,8
7,16,matched_betti,0.5,max_full_branch_node_speed,all_interior,coexact,coexact,random_tangent,metaphor_shift,metaphor_05,4,next_token_logprob_delta,even,0.375,2,-0.03252602578038142,0.005757750184811272,0.2846268810160215,3,0.25,1.0,3,"9,10,11",0.3703703703703704,8,8
7,16,matched_betti,0.5,max_full_branch_node_speed,all_interior,coexact,coexact,random_tangent,ontology_collapse,ontology_01,4,next_token_logprob_delta,even,0.375,2,0.30809598974826174,0.02498853295308077,0.13479452308808543,3,0.25,1.0,1,12,0.3870967741935483,8,8
7,16,matched_betti,0.5,max_full_branch_node_speed,all_interior,coexact,coexact,random_tangent,ontology_collapse,ontology_02,4,next_token_logprob_delta,even,0.375,2,-0.38446696579200007,0.005820536619339107,0.025384190402714116,3,0.25,1.0,2,"10,11",0.375,8,8
7,16,matched_betti,0.5,max_full_branch_node_speed,all_interior,coexact,coexact,random_tangent,ontology_collapse,ontology_03,4,next_token_logprob_delta,even,0.375,2,0.02248760608437357,0.0011320135707837342,0.08413277053580041,3,0.25,1.0,3,"10,11,12",0.37931034482758624,8,8
7,16,matched_betti,0.5,max_full_branch_node_speed,all_interior,coexact,coexact,random_tangent,ontology_collapse,ontology_04,4,next_token_logprob_delta,even,0.375,2,-0.30922234673797183,0.0032927716431942573,0.0178575045938307,3,0.25,1.0,3,"10,11,12",0.37931034482758624,8,8
7,16,matched_betti,0.5,max_full_branch_node_speed,all_interior,coexact,coexact,random_tangent,ontology_collapse,ontology_05,4,next_token_logprob_delta,even,0.375,2,-0.15936531055700648,0.01162599962164649,0.1214531624038072,3,0.25,1.0,2,"10,11",0.375,8,8
7,16,matched_betti,0.5,max_full_branch_node_speed,all_interior,coexact,coexact,random_tangent,identity_stress,identity_01,5,next_token_logprob_delta,even,0.4583333333333333,2,-0.3487471341713134,0.017389864298361198,0.0833434046211081,3,0.25,1.0,2,"15,16",0.45588235294117646,8,8
7,16,matched_betti,0.5,max_full_branch_node_speed,all_interior,coexact,coexact,random_tangent,identity_stress,identity_02,5,next_token_logprob_delta,even,0.4583333333333333,2,0.2403706981622424,0.0588807535522596,0.3800321266051763,3,0.25,1.0,2,"13,15",0.4516129032258065,8,8
7,16,matched_betti,0.5,max_full_branch_node_speed,all_interior,coexact,coexact,random_tangent,identity_stress,identity_03,5,next_token_logprob_delta,even,0.4583333333333333,2,-0.06235793079546121,0.0049366406441052465,0.1316266808700199,3,0.25,1.0,3,"13,14,15",0.4516129032258065,8,8
7,16,matched_betti,0.5,max_full_branch_node_speed,all_interior,coexact,coexact,random_tangent,identity_stress,identity_04,5,next_token_logprob_delta,even,0.4583333333333333,2,-0.22859764773390703,0.026387569647019063,0.1900798475654341,3,0.25,1.0,1,13,0.46428571428571425,8,8
7,16,matched_betti,0.5,max_full_branch_node_speed,all_interior,coexact,coexact,random_tangent,identity_stress,identity_05,5,next_token_logprob_delta,even,0.4583333333333333,2,0.05754606884858155,0.0005284752688046094,0.0154012787237331,3,0.25,1.0,2,"12,13",0.4464285714285714,8,8
7,16,matched_betti,0.5,max_full_branch_node_speed,all_interior,coexact,coexact,random_tangent,literal_stable,literal_01,5,next_token_logprob_delta,even,0.4583333333333333,2,-0.04195896461559774,0.003460285519555418,0.13701594865034925,3,0.25,1.0,3,"14,15,16",0.4545454545454546,8,8
7,16,matched_betti,0.5,max_full_branch_node_speed,all_interior,coexact,coexact,random_tangent,literal_stable,literal_02,5,next_token_logprob_delta,even,0.4583333333333333,2,-0.5373163994831546,0.02820158587018396,0.0876932933672215,3,0.25,1.0,2,"12,13",0.4464285714285714,8,8
7,16,matched_betti,0.5,max_full_branch_node_speed,all_interior,coexact,coexact,random_tangent,literal_stable,literal_03,5,next_token_logprob_delta,even,0.4583333333333333,2,0.18209669138183973,0.0024387072945817657,0.022456774211491753,3,0.25,1.0,2,"12,13",0.46296296296296297,8,8
7,16,matched_betti,0.5,max_full_branch_node_speed,all_interior,coexact,coexact,random_tangent,literal_stable,literal_04,5,next_token_logprob_delta,even,0.4583333333333333,2,-0.4477847682317084,0.01093235553467141,0.040914750223904665,3,0.25,1.0,2,"11,12",0.45999999999999996,8,8
7,16,matched_betti,0.5,max_full_branch_node_speed,all_interior,coexact,coexact,random_tangent,literal_stable,literal_05,5,next_token_logprob_delta,even,0.4583333333333333,2,-0.28544154088111207,0.12556258241695015,0.5937017677939975,3,0.25,1.0,2,"11,12",0.4423076923076923,8,8
7,16,matched_betti,0.5,max_full_branch_node_speed,all_interior,coexact,coexact,random_tangent,metaphor_shift,metaphor_01,5,next_token_logprob_delta,even,0.4583333333333333,2,-0.0862846819381081,0.009151154735968814,0.17513650689827304,3,0.25,1.0,2,"15,16",0.45588235294117646,8,8
7,16,matched_betti,0.5,max_full_branch_node_speed,all_interior,coexact,coexact,random_tangent,metaphor_shift,metaphor_02,5,next_token_logprob_delta,even,0.4583333333333333,2,-0.0962717262424857,0.00468076351970149,0.08127892227725628,3,0.25,1.0,2,"13,14",0.46551724137931033,8,8
7,16,matched_betti,0.5,max_full_branch_node_speed,all_interior,coexact,coexact,random_tangent,metaphor_shift,metaphor_03,5,next_token_logprob_delta,even,0.4583333333333333,2,-0.013486929234216087,0.005763102371201706,0.5825413936983262,3,0.25,1.0,2,"13,14",0.45,8,8
7,16,matched_betti,0.5,max_full_branch_node_speed,all_interior,coexact,coexact,random_tangent,metaphor_shift,metaphor_04,5,next_token_logprob_delta,even,0.4583333333333333,2,0.134234780863474,0.001073312078646622,0.01340976582384363,3,0.25,1.0,2,"12,13",0.4464285714285714,8,8
7,16,matched_betti,0.5,max_full_branch_node_speed,all_interior,coexact,coexact,random_tangent,metaphor_shift,metaphor_05,5,next_token_logprob_delta,even,0.4583333333333333,2,0.05470077162622595,0.02165793982802076,0.5532097929420097,3,0.25,1.0,2,"12,13",0.46296296296296297,8,8
7,16,matched_betti,0.5,max_full_branch_node_speed,all_interior,coexact,coexact,random_tangent,ontology_collapse,ontology_01,5,next_token_logprob_delta,even,0.4583333333333333,2,0.2617012901024221,0.018775417952157567,0.11947067277861526,3,0.25,1.0,3,"13,14,15",0.4516129032258065,8,8
7,16,matched_betti,0.5,max_full_branch_node_speed,all_interior,coexact,coexact,random_tangent,ontology_collapse,ontology_02,5,next_token_logprob_delta,even,0.4583333333333333,2,-0.2871335645942052,0.002271794356021128,0.013269241648660262,3,0.25,1.0,2,"12,13",0.4464285714285714,8,8
7,16,matched_betti,0.5,max_full_branch_node_speed,all_interior,coexact,coexact,random_tangent,ontology_collapse,ontology_03,5,next_token_logprob_delta,even,0.4583333333333333,2,0.0561906025304705,0.02631237341923794,0.6176728739262873,3,0.25,1.0,2,"13,14",0.46551724137931033,8,8
7,16,matched_betti,0.5,max_full_branch_node_speed,all_interior,coexact,coexact,random_tangent,ontology_collapse,ontology_04,5,next_token_logprob_delta,even,0.4583333333333333,2,-0.2344942088911129,0.0007224525638684706,0.0051673836063051,3,0.25,1.0,2,"13,14",0.46551724137931033,8,8
7,16,matched_betti,0.5,max_full_branch_node_speed,all_interior,coexact,coexact,random_tangent,ontology_collapse,ontology_05,5,next_token_logprob_delta,even,0.4583333333333333,2,-0.06781828646247617,0.00799044405412706,0.19386735365870214,3,0.25,1.0,2,"12,13",0.4464285714285714,8,8
7,16,matched_betti,0.5,max_full_branch_node_speed,all_interior,coexact,coexact,random_tangent,identity_stress,identity_01,6,next_token_logprob_delta,even,0.5416666666666666,2,-0.0215101773484345,0.005403556893901527,0.38828370249251387,3,0.25,1.0,3,"17,18,19",0.5294117647058824,8,8
7,16,matched_betti,0.5,max_full_branch_node_speed,all_interior,coexact,coexact,random_tangent,identity_stress,identity_02,6,next_token_logprob_delta,even,0.5416666666666666,2,0.22876200629797586,0.01870880961226075,0.13589820040929484,3,0.25,1.0,2,"16,17",0.532258064516129,8,8
7,16,matched_betti,0.5,max_full_branch_node_speed,all_interior,coexact,coexact,random_tangent,identity_stress,identity_03,6,next_token_logprob_delta,even,0.5416666666666666,2,0.12794618043675923,0.0034179286994579063,0.044760966896040824,3,0.25,1.0,3,"16,17,18",0.5483870967741935,8,8
7,16,matched_betti,0.5,max_full_branch_node_speed,all_interior,coexact,coexact,random_tangent,identity_stress,identity_04,6,next_token_logprob_delta,even,0.5416666666666666,2,-0.1290222645713749,0.007244168420359545,0.09375747455516201,3,0.25,1.0,3,"14,15,16",0.5357142857142857,8,8
7,16,matched_betti,0.5,max_full_branch_node_speed,all_interior,coexact,coexact,random_tangent,identity_stress,identity_05,6,next_token_logprob_delta,even,0.5416666666666666,2,-0.24697526067276265,0.029446052314332383,0.1960913510983657,3,0.25,1.0,3,"14,15,16",0.5357142857142857,8,8
7,16,matched_betti,0.5,max_full_branch_node_speed,all_interior,coexact,coexact,random_tangent,literal_stable,literal_01,6,next_token_logprob_delta,even,0.5416666666666666,2,-0.24613053750943475,0.004715338275627786,0.03211608140613232,3,0.25,1.0,3,"17,18,19",0.5454545454545454,8,8
7,16,matched_betti,0.5,max_full_branch_node_speed,all_interior,coexact,coexact,random_tangent,literal_stable,literal_02,6,next_token_logprob_delta,even,0.5416666666666666,2,-0.0003242272406997821,0.007788356159935743,0.9996921223063551,3,0.25,1.0,3,"14,15,16",0.5357142857142857,8,8
7,16,matched_betti,0.5,max_full_branch_node_speed,all_interior,coexact,coexact,random_tangent,literal_stable,literal_03,6,next_token_logprob_delta,even,0.5416666666666666,2,-0.2587294241611914,0.00048604021252081006,0.0031508194004820898,3,0.25,1.0,2,"14,15",0.537037037037037,8,8
7,16,matched_betti,0.5,max_full_branch_node_speed,all_interior,coexact,coexact,random_tangent,literal_stable,literal_04,6,next_token_logprob_delta,even,0.5416666666666666,2,0.008354131035010393,0.01326663774295417,0.9361935247396047,3,0.25,1.0,2,"13,14",0.54,8,8
7,16,matched_betti,0.5,max_full_branch_node_speed,all_interior,coexact,coexact,random_tangent,literal_stable,literal_05,6,next_token_logprob_delta,even,0.5416666666666666,2,-0.040541779616696125,0.012477343329328506,0.45869321843429245,3,0.25,1.0,3,"13,14,15",0.5384615384615384,8,8
7,16,matched_betti,0.5,max_full_branch_node_speed,all_interior,coexact,coexact,random_tangent,metaphor_shift,metaphor_01,6,next_token_logprob_delta,even,0.5416666666666666,2,-0.32378901998410414,0.024483249727262166,0.1258175660848781,3,0.25,1.0,3,"17,18,19",0.5294117647058824,8,8
7,16,matched_betti,0.5,max_full_branch_node_speed,all_interior,coexact,coexact,random_tangent,metaphor_shift,metaphor_02,6,next_token_logprob_delta,even,0.5416666666666666,2,-0.29456714330337813,0.0085130650714014,0.048416268691137875,3,0.25,1.0,1,16,0.5517241379310345,8,8
7,16,matched_betti,0.5,max_full_branch_node_speed,all_interior,coexact,coexact,random_tangent,metaphor_shift,metaphor_03,6,next_token_logprob_delta,even,0.5416666666666666,2,0.15757023622405011,0.012977851264913293,0.13684313937454715,3,0.25,1.0,2,"16,17",0.55,8,8
7,16,matched_betti,0.5,max_full_branch_node_speed,all_interior,coexact,coexact,random_tangent,metaphor_shift,metaphor_04,6,next_token_logprob_delta,even,0.5416666666666666,2,-0.09827020128994954,0.0024710449052458604,0.04213783031499681,3,0.25,1.0,3,"14,15,16",0.5357142857142857,8,8
7,16,matched_betti,0.5,max_full_branch_node_speed,all_interior,coexact,coexact,random_tangent,metaphor_shift,metaphor_05,6,next_token_logprob_delta,even,0.5416666666666666,2,0.0445117517899661,0.016701318082380113,0.5326289461182738,3,0.25,1.0,2,"14,15",0.537037037037037,8,8
7,16,matched_betti,0.5,max_full_branch_node_speed,all_interior,coexact,coexact,random_tangent,ontology_collapse,ontology_01,6,next_token_logprob_delta,even,0.5416666666666666,2,-0.016085793494900812,0.016036493094143636,0.8582322962455705,3,0.25,1.0,3,"16,17,18",0.5483870967741935,8,8
7,16,matched_betti,0.5,max_full_branch_node_speed,all_interior,coexact,coexact,random_tangent,ontology_collapse,ontology_02,6,next_token_logprob_delta,even,0.5416666666666666,2,-0.0835375673749798,0.0446038922384809,0.6671315434374361,3,0.25,1.0,3,"14,15,16",0.5357142857142857,8,8
7,16,matched_betti,0.5,max_full_branch_node_speed,all_interior,coexact,coexact,random_tangent,ontology_collapse,ontology_03,6,next_token_logprob_delta,even,0.5416666666666666,2,-0.5051748413778903,0.06116844567409349,0.19902543344273282,3,0.25,1.0,2,"15,16",0.5344827586206897,8,8
7,16,matched_betti,0.5,max_full_branch_node_speed,all_interior,coexact,coexact,random_tangent,ontology_collapse,ontology_04,6,next_token_logprob_delta,even,0.5416666666666666,2,0.1527765299828512,0.005115317799824925,0.05607012309640026,3,0.25,1.0,2,"15,16",0.5344827586206897,8,8
7,16,matched_betti,0.5,max_full_branch_node_speed,all_interior,coexact,coexact,random_tangent,ontology_collapse,ontology_05,6,next_token_logprob_delta,even,0.5416666666666666,2,-0.44195734585845753,0.13038381043512645,0.44349175815244624,3,0.25,1.0,2,"15,16",0.5535714285714286,8,8
7,16,matched_betti,0.5,max_full_branch_node_speed,all_interior,coexact,coexact,random_tangent,identity_stress,identity_01,7,next_token_logprob_delta,even,0.625,2,-0.025202654336394483,0.00970785432150293,0.5426627740200571,3,0.25,1.0,3,"20,21,22",0.6176470588235294,8,8
7,16,matched_betti,0.5,max_full_branch_node_speed,all_interior,coexact,coexact,random_tangent,identity_stress,identity_02,7,next_token_logprob_delta,even,0.625,2,-0.07617928907902513,0.009702510221618735,0.20890870422706262,3,0.25,1.0,2,"19,20",0.6290322580645161,8,8
7,16,matched_betti,0.5,max_full_branch_node_speed,all_interior,coexact,coexact,random_tangent,identity_stress,identity_03,7,next_token_logprob_delta,even,0.625,2,0.06061907030856301,0.0011890474821236647,0.032881703175313255,3,0.25,1.0,1,19,0.6129032258064516,8,8
7,16,matched_betti,0.5,max_full_branch_node_speed,all_interior,coexact,coexact,random_tangent,identity_stress,identity_04,7,next_token_logprob_delta,even,0.625,2,-0.18407919564821842,0.004248894131780965,0.038685238080470905,3,0.25,1.0,2,"17,18",0.625,8,8
7,16,matched_betti,0.5,max_full_branch_node_speed,all_interior,coexact,coexact,random_tangent,identity_stress,identity_05,7,next_token_logprob_delta,even,0.625,2,-0.21598154696208044,0.007889534180552323,0.06115337152792571,3,0.25,1.0,1,17,0.6071428571428571,8,8
7,16,matched_betti,0.5,max_full_branch_node_speed,all_interior,coexact,coexact,random_tangent,literal_stable,literal_01,7,next_token_logprob_delta,even,0.625,2,-0.28714052528115874,0.11308776057840483,0.5511748297820006,3,0.25,1.0,2,"20,21",0.6212121212121212,8,8
7,16,matched_betti,0.5,max_full_branch_node_speed,all_interior,coexact,coexact,random_tangent,literal_stable,literal_02,7,next_token_logprob_delta,even,0.625,2,0.2324867317032442,0.0029661882810612813,0.021394414881366182,3,0.25,1.0,2,"17,18",0.625,8,8
7,16,matched_betti,0.5,max_full_branch_node_speed,all_interior,coexact,coexact,random_tangent,literal_stable,literal_03,7,next_token_logprob_delta,even,0.625,2,-0.22223596106505505,0.009611100062849848,0.07234666360004681,3,0.25,1.0,2,"16,17",0.6111111111111112,8,8
7,16,matched_betti,0.5,max_full_branch_node_speed,all_interior,coexact,coexact,random_tangent,literal_stable,literal_04,7,next_token_logprob_delta,even,0.625,2,0.08619139014863406,0.007015724639983031,0.135268865619508,3,0.25,1.0,2,"15,16",0.62,8,8
7,16,matched_betti,0.5,max_full_branch_node_speed,all_interior,coexact,coexact,random_tangent,literal_stable,literal_05,7,next_token_logprob_delta,even,0.625,2,0.06764010166305222,0.004712706814839662,0.11607003347066178,3,0.25,1.0,2,"16,17",0.6346153846153846,8,8
7,16,matched_betti,0.5,max_full_branch_node_speed,all_interior,coexact,coexact,random_tangent,metaphor_shift,metaphor_01,7,next_token_logprob_delta,even,0.625,2,-0.07775310909987994,0.04445145757117825,0.6921137296489774,3,0.25,1.0,2,"20,21",0.6029411764705883,8,8
7,16,matched_betti,0.5,max_full_branch_node_speed,all_interior,coexact,coexact,random_tangent,metaphor_shift,metaphor_02,7,next_token_logprob_delta,even,0.625,2,0.6911017085819721,0.025358902101766972,0.06142806457725253,3,0.25,1.0,3,"17,18,19",0.6206896551724138,8,8
7,16,matched_betti,0.5,max_full_branch_node_speed,all_interior,coexact,coexact,random_tangent,metaphor_shift,metaphor_03,7,next_token_logprob_delta,even,0.625,2,-0.09629904337969712,0.003189842995779593,0.05547245504964732,3,0.25,1.0,2,"18,19",0.6166666666666667,8,8
7,16,matched_betti,0.5,max_full_branch_node_speed,all_interior,coexact,coexact,random_tangent,metaphor_shift,metaphor_04,7,next_token_logprob_delta,even,0.625,2,-0.3975413984421624,0.05910594871314471,0.24196231205941215,3,0.25,1.0,2,"17,18",0.625,8,8
7,16,matched_betti,0.5,max_full_branch_node_speed,all_interior,coexact,coexact,random_tangent,metaphor_shift,metaphor_05,7,next_token_logprob_delta,even,0.625,2,-0.2562391305307336,0.011258596500009923,0.07349570549893618,3,0.25,1.0,2,"16,17",0.6111111111111112,8,8
7,16,matched_betti,0.5,max_full_branch_node_speed,all_interior,coexact,coexact,random_tangent,ontology_collapse,ontology_01,7,next_token_logprob_delta,even,0.625,2,0.16578992637308315,0.01552454160038001,0.1551559789700758,3,0.25,1.0,2,"19,20",0.6290322580645161,8,8
7,16,matched_betti,0.5,max_full_branch_node_speed,all_interior,coexact,coexact,random_tangent,ontology_collapse,ontology_02,7,next_token_logprob_delta,even,0.625,2,0.14994098690949428,0.0004105357626035338,0.004592248039518564,3,0.25,1.0,2,"17,18",0.625,8,8
7,16,matched_betti,0.5,max_full_branch_node_speed,all_interior,coexact,coexact,random_tangent,ontology_collapse,ontology_03,7,next_token_logprob_delta,even,0.625,2,0.06381090335354361,0.013513283558462165,0.33470695514800947,3,0.25,1.0,3,"17,18,19",0.6206896551724138,8,8
7,16,matched_betti,0.5,max_full_branch_node_speed,all_interior,coexact,coexact,random_tangent,ontology_collapse,ontology_04,7,next_token_logprob_delta,even,0.625,2,-0.1699138981830745,0.02471903256205211,0.23705183308728772,3,0.25,1.0,3,"17,18,19",0.6206896551724138,8,8
7,16,matched_betti,0.5,max_full_branch_node_speed,all_interior,coexact,coexact,random_tangent,ontology_collapse,ontology_05,7,next_token_logprob_delta,even,0.625,2,0.1892142460698198,0.016326890916106552,0.14323448567378896,3,0.25,1.0,2,"17,18",0.625,8,8
7,16,matched_betti,0.5,max_full_branch_node_speed,all_interior,coexact,coexact,random_tangent,identity_stress,identity_01,8,next_token_logprob_delta,even,0.7083333333333334,2,-0.07665223992361442,0.00458112856969466,0.09974148719643935,3,0.25,1.0,3,"23,24,25",0.7058823529411765,8,8
7,16,matched_betti,0.5,max_full_branch_node_speed,all_interior,coexact,coexact,random_tangent,identity_stress,identity_02,8,next_token_logprob_delta,even,0.7083333333333334,2,-0.17843407482961549,0.003947982291092485,0.03708496232069427,3,0.25,1.0,3,"21,22,23",0.7096774193548386,8,8
7,16,matched_betti,0.5,max_full_branch_node_speed,all_interior,coexact,coexact,random_tangent,identity_stress,identity_03,8,next_token_logprob_delta,even,0.7083333333333334,2,0.04410044259103471,0.007696723567301468,0.28093738326200385,3,0.25,1.0,2,"21,22",0.6935483870967744,8,8
7,16,matched_betti,0.5,max_full_branch_node_speed,all_interior,coexact,coexact,random_tangent,identity_stress,identity_04,8,next_token_logprob_delta,even,0.7083333333333334,2,-0.03575560601372571,0.0043678238552597275,0.20071998056198556,3,0.25,1.0,2,"19,20",0.6964285714285715,8,8
7,16,matched_betti,0.5,max_full_branch_node_speed,all_interior,coexact,coexact,random_tangent,identity_stress,identity_05,8,next_token_logprob_delta,even,0.7083333333333334,2,-0.4369263955800067,0.05450447953694688,0.20479499157764858,3,0.25,1.0,2,"19,20",0.6964285714285715,8,8
7,16,matched_betti,0.5,max_full_branch_node_speed,all_interior,coexact,coexact,random_tangent,literal_stable,literal_01,8,next_token_logprob_delta,even,0.7083333333333334,2,0.20078011354400555,0.0033355547616355126,0.027853394824281313,3,0.25,1.0,3,"22,23,24",0.6969696969696969,8,8
7,16,matched_betti,0.5,max_full_branch_node_speed,all_interior,coexact,coexact,random_tangent,literal_stable,literal_02,8,next_token_logprob_delta,even,0.7083333333333334,2,-0.05780793190182787,0.01484469523419789,0.3955766157977505,3,0.25,1.0,2,"19,20",0.6964285714285715,8,8
7,16,matched_betti,0.5,max_full_branch_node_speed,all_interior,coexact,coexact,random_tangent,literal_stable,literal_03,8,next_token_logprob_delta,even,0.7083333333333334,2,0.027520961022301404,0.004715886983464038,0.2762258874558782,3,0.25,1.0,3,"18,19,20",0.7037037037037037,8,8
7,16,matched_betti,0.5,max_full_branch_node_speed,all_interior,coexact,coexact,random_tangent,literal_stable,literal_04,8,next_token_logprob_delta,even,0.7083333333333334,2,0.31486922999654315,0.006345173728920752,0.03378038931415574,3,0.25,1.0,2,"17,18",0.6999999999999998,8,8
7,16,matched_betti,0.5,max_full_branch_node_speed,all_interior,coexact,coexact,random_tangent,literal_stable,literal_05,8,next_token_logprob_delta,even,0.7083333333333334,2,0.00720975074434234,0.0008184319420538912,0.18703766372000163,3,0.25,1.0,2,"18,19",0.7115384615384613,8,8
7,16,matched_betti,0.5,max_full_branch_node_speed,all_interior,coexact,coexact,random_tangent,metaphor_shift,metaphor_01,8,next_token_logprob_delta,even,0.7083333333333334,2,-0.09965022603563596,0.010277587549954349,0.17045491385819003,3,0.25,1.0,3,"23,24,25",0.7058823529411765,8,8
7,16,matched_betti,0.5,max_full_branch_node_speed,all_interior,coexact,coexact,random_tangent,metaphor_shift,metaphor_02,8,next_token_logprob_delta,even,0.7083333333333334,2,-0.41848537827852705,0.018136348293658008,0.07249774966553686,3,0.25,1.0,2,"20,21",0.7068965517241379,8,8
7,16,matched_betti,0.5,max_full_branch_node_speed,all_interior,coexact,coexact,random_tangent,metaphor_shift,metaphor_03,8,next_token_logprob_delta,even,0.7083333333333334,2,0.15504670992152852,0.00860084696221497,0.09264164279263938,3,0.25,1.0,3,"20,21,22",0.6999999999999998,8,8
7,16,matched_betti,0.5,max_full_branch_node_speed,all_interior,coexact,coexact,random_tangent,metaphor_shift,metaphor_04,8,next_token_logprob_delta,even,0.7083333333333334,2,-0.07534735071950645,0.011965237886101744,0.25737692066718987,3,0.25,1.0,2,"19,20",0.6964285714285715,8,8
7,16,matched_betti,0.5,max_full_branch_node_speed,all_interior,coexact,coexact,random_tangent,metaphor_shift,metaphor_05,8,next_token_logprob_delta,even,0.7083333333333334,2,-0.40002363096030447,0.018917661529447235,0.07907135165724706,3,0.25,1.0,3,"18,19,20",0.7037037037037037,8,8
7,16,matched_betti,0.5,max_full_branch_node_speed,all_interior,coexact,coexact,random_tangent,ontology_collapse,ontology_01,8,next_token_logprob_delta,even,0.7083333333333334,2,-0.206746470229229,0.023064738603574733,0.18392339919335726,3,0.25,1.0,2,"21,23",0.7096774193548386,8,8
7,16,matched_betti,0.5,max_full_branch_node_speed,all_interior,coexact,coexact,random_tangent,ontology_collapse,ontology_02,8,next_token_logprob_delta,even,0.7083333333333334,2,0.019923297856948942,0.01154205773480866,0.6968768322578741,3,0.25,1.0,2,"19,20",0.6964285714285715,8,8
7,16,matched_betti,0.5,max_full_branch_node_speed,all_interior,coexact,coexact,random_tangent,ontology_collapse,ontology_03,8,next_token_logprob_delta,even,0.7083333333333334,2,0.04737975457528129,0.009612323204506924,0.3221392796360789,3,0.25,1.0,2,"20,21",0.7068965517241379,8,8
7,16,matched_betti,0.5,max_full_branch_node_speed,all_interior,coexact,coexact,random_tangent,ontology_collapse,ontology_04,8,next_token_logprob_delta,even,0.7083333333333334,2,-0.07904071221187517,0.007647904285696159,0.16019379661138491,3,0.25,1.0,2,"20,21",0.7068965517241379,8,8
7,16,matched_betti,0.5,max_full_branch_node_speed,all_interior,coexact,coexact,random_tangent,ontology_collapse,ontology_05,8,next_token_logprob_delta,even,0.7083333333333334,2,-0.1481501982865436,0.034696773969371764,0.3656169933973583,3,0.25,1.0,2,"19,20",0.6964285714285715,8,8
7,16,matched_betti,0.5,max_full_branch_node_speed,all_interior,coexact,coexact,random_tangent,identity_stress,identity_01,9,next_token_logprob_delta,even,0.7916666666666666,2,0.055051197345159515,0.00042933132010236776,0.013079403512606056,3,0.25,1.0,3,"26,27,28",0.7941176470588235,8,8
7,16,matched_betti,0.5,max_full_branch_node_speed,all_interior,coexact,coexact,random_tangent,identity_stress,identity_02,9,next_token_logprob_delta,even,0.7916666666666666,2,-0.06962301724308731,0.007832375573663211,0.1854143810159513,3,0.25,1.0,2,"24,25",0.7903225806451614,8,8
7,16,matched_betti,0.5,max_full_branch_node_speed,all_interior,coexact,coexact,random_tangent,identity_stress,identity_03,9,next_token_logprob_delta,even,0.7916666666666666,2,-0.17858701313500103,0.0065229544754087975,0.06114772663547239,3,0.25,1.0,2,"24,25",0.7903225806451614,8,8
7,16,matched_betti,0.5,max_full_branch_node_speed,all_interior,coexact,coexact,random_tangent,identity_stress,identity_04,9,next_token_logprob_delta,even,0.7916666666666666,2,-0.007357460116489523,0.03333246054797226,0.9914513870827407,3,0.25,1.0,3,"21,22,23",0.7857142857142857,8,8
7,16,matched_betti,0.5,max_full_branch_node_speed,all_interior,coexact,coexact,random_tangent,identity_stress,identity_05,9,next_token_logprob_delta,even,0.7916666666666666,2,-0.5527938965960839,0.05292035006128692,0.15853720855999498,3,0.25,1.0,3,"21,22,23",0.7857142857142857,8,8
7,16,matched_betti,0.5,max_full_branch_node_speed,all_interior,coexact,coexact,random_tangent,literal_stable,literal_01,9,next_token_logprob_delta,even,0.7916666666666666,2,0.005158485247899818,0.002471431043130434,0.6263920761158507,3,0.25,1.0,2,"25,26",0.7727272727272728,8,8
7,16,matched_betti,0.5,max_full_branch_node_speed,all_interior,coexact,coexact,random_tangent,literal_stable,literal_02,9,next_token_logprob_delta,even,0.7916666666666666,2,-0.1870987718926731,0.05133427086862909,0.4180469243190109,3,0.25,1.0,1,21,0.75,8,8
7,16,matched_betti,0.5,max_full_branch_node_speed,all_interior,coexact,coexact,random_tangent,literal_stable,literal_03,9,next_token_logprob_delta,even,0.7916666666666666,2,0.1354303341054178,0.015510033910892658,0.18863759690658008,3,0.25,1.0,2,"21,22",0.7962962962962963,8,8
7,16,matched_betti,0.5,max_full_branch_node_speed,all_interior,coexact,coexact,random_tangent,literal_stable,literal_04,9,next_token_logprob_delta,even,0.7916666666666666,2,-0.18673367093185278,0.017328974395405917,0.15379825527619462,3,0.25,1.0,2,"19,20",0.7799999999999999,8,8
7,16,matched_betti,0.5,max_full_branch_node_speed,all_interior,coexact,coexact,random_tangent,literal_stable,literal_05,9,next_token_logprob_delta,even,0.7916666666666666,2,0.2078502755058191,0.0018240816583200308,0.014717902297349017,3,0.25,1.0,2,"20,21",0.7884615384615387,8,8
7,16,matched_betti,0.5,max_full_branch_node_speed,all_interior,coexact,coexact,random_tangent,metaphor_shift,metaphor_01,9,next_token_logprob_delta,even,0.7916666666666666,2,0.03853474716511678,0.009469356756135945,0.3810633278914969,3,0.25,1.0,3,"26,27,28",0.7941176470588235,8,8
7,16,matched_betti,0.5,max_full_branch_node_speed,all_interior,coexact,coexact,random_tangent,metaphor_shift,metaphor_02,9,next_token_logprob_delta,even,0.7916666666666666,2,0.09220643388127941,0.0022797665598424067,0.0414338537435214,3,0.25,1.0,3,"22,23,24",0.7931034482758621,8,8
7,16,matched_betti,0.5,max_full_branch_node_speed,all_interior,coexact,coexact,random_tangent,metaphor_shift,metaphor_03,9,next_token_logprob_delta,even,0.7916666666666666,2,0.007981119066365326,0.0074697981140345975,0.8434092132470112,3,0.25,1.0,2,"23,24",0.7833333333333335,8,8
7,16,matched_betti,0.5,max_full_branch_node_speed,all_interior,coexact,coexact,random_tangent,metaphor_shift,metaphor_04,9,next_token_logprob_delta,even,0.7916666666666666,2,-0.019645214841516503,0.024042454778805518,0.8989939607399692,3,0.25,1.0,3,"21,22,23",0.7857142857142857,8,8
7,16,matched_betti,0.5,max_full_branch_node_speed,all_interior,coexact,coexact,random_tangent,metaphor_shift,metaphor_05,9,next_token_logprob_delta,even,0.7916666666666666,2,0.06210727661066305,0.02110376645403192,0.4951530569503322,3,0.25,1.0,2,"21,22",0.7962962962962963,8,8
7,16,matched_betti,0.5,max_full_branch_node_speed,all_interior,coexact,coexact,random_tangent,ontology_collapse,ontology_01,9,next_token_logprob_delta,even,0.7916666666666666,2,0.10174799775324649,0.024089266936387247,0.36906388540808643,3,0.25,1.0,2,"24,25",0.7903225806451614,8,8
7,16,matched_betti,0.5,max_full_branch_node_speed,all_interior,coexact,coexact,random_tangent,ontology_collapse,ontology_02,9,next_token_logprob_delta,even,0.7916666666666666,2,0.1089282984631409,0.0020590225404219864,0.03168848727073068,3,0.25,1.0,3,"21,22,23",0.7857142857142857,8,8
7,16,matched_betti,0.5,max_full_branch_node_speed,all_interior,coexact,coexact,random_tangent,ontology_collapse,ontology_03,9,next_token_logprob_delta,even,0.7916666666666666,2,-0.0948630434329303,0.030136047176142957,0.47024223474840604,3,0.25,1.0,2,"22,23",0.7758620689655172,8,8
7,16,matched_betti,0.5,max_full_branch_node_speed,all_interior,coexact,coexact,random_tangent,ontology_collapse,ontology_04,9,next_token_logprob_delta,even,0.7916666666666666,2,0.1218366958378025,0.007190014781220099,0.09849946606463289,3,0.25,1.0,3,"22,23,24",0.7931034482758621,8,8
7,16,matched_betti,0.5,max_full_branch_node_speed,all_interior,coexact,coexact,random_tangent,ontology_collapse,ontology_05,9,next_token_logprob_delta,even,0.7916666666666666,2,-0.059339845745878105,0.008956224637447639,0.245408562443664,3,0.25,1.0,3,"21,22,23",0.7857142857142857,8,8
7,16,matched_betti,0.5,max_full_branch_node_speed,all_interior,coexact,coexact,random_tangent,identity_stress,identity_01,10,next_token_logprob_delta,even,0.875,2,0.0762063735223896,0.022642561633000487,0.4460310319491003,3,0.25,1.0,3,"29,30,31",0.8823529411764706,8,8
7,16,matched_betti,0.5,max_full_branch_node_speed,all_interior,coexact,coexact,random_tangent,identity_stress,identity_02,10,next_token_logprob_delta,even,0.875,2,-0.019413995852602974,0.0398102903098141,0.96023615986254,3,0.25,1.0,1,26,0.8387096774193549,8,8
7,16,matched_betti,0.5,max_full_branch_node_speed,all_interior,coexact,coexact,random_tangent,identity_stress,identity_03,10,next_token_logprob_delta,even,0.875,2,-0.3175538151493639,0.029674663501453678,0.15484520879145727,3,0.25,1.0,3,"26,27,28",0.8709677419354839,8,8
7,16,matched_betti,0.5,max_full_branch_node_speed,all_interior,coexact,coexact,random_tangent,identity_stress,identity_04,10,next_token_logprob_delta,even,0.875,2,0.19408913363058614,0.01989276575820319,0.1694217238724699,3,0.25,1.0,1,24,0.8571428571428571,8,8
7,16,matched_betti,0.5,max_full_branch_node_speed,all_interior,coexact,coexact,random_tangent,identity_stress,identity_05,10,next_token_logprob_delta,even,0.875,2,0.20951879285211564,0.0019547914216072482,0.015646728948328574,3,0.25,1.0,2,"24,25",0.875,8,8
7,16,matched_betti,0.5,max_full_branch_node_speed,all_interior,coexact,coexact,random_tangent,literal_stable,literal_01,10,next_token_logprob_delta,even,0.875,2,-0.5333104040896938,0.00419138698763498,0.013180723888643213,3,0.25,1.0,2,"29,30",0.8939393939393939,8,8
7,16,matched_betti,0.5,max_full_branch_node_speed,all_interior,coexact,coexact,random_tangent,literal_stable,literal_03,10,next_token_logprob_delta,even,0.875,2,0.1306979865566184,0.004821519834184399,0.06175677178463681,3,0.25,1.0,2,"23,24",0.8703703703703703,8,8
7,16,matched_betti,0.5,max_full_branch_node_speed,all_interior,coexact,coexact,random_tangent,literal_stable,literal_04,10,next_token_logprob_delta,even,0.875,2,0.14900515794696323,0.016775369608530124,0.18555052580516995,3,0.25,1.0,2,"21,22",0.86,8,8
7,16,matched_betti,0.5,max_full_branch_node_speed,all_interior,coexact,coexact,random_tangent,literal_stable,literal_05,10,next_token_logprob_delta,even,0.875,2,0.022176676161822985,0.0063184465888273264,0.43117119063934195,3,0.25,1.0,2,"22,23",0.8653846153846154,8,8
7,16,matched_betti,0.5,max_full_branch_node_speed,all_interior,coexact,coexact,random_tangent,metaphor_shift,metaphor_01,10,next_token_logprob_delta,even,0.875,2,0.1733016883234815,0.07433929968075656,0.5840233618092943,3,0.25,1.0,3,"29,30,31",0.8823529411764706,8,8
7,16,matched_betti,0.5,max_full_branch_node_speed,all_interior,coexact,coexact,random_tangent,metaphor_shift,metaphor_02,10,next_token_logprob_delta,even,0.875,2,-0.10673514118792156,0.007306370303776519,0.11406430713297858,3,0.25,1.0,1,26,0.896551724137931,8,8
7,16,matched_betti,0.5,max_full_branch_node_speed,all_interior,coexact,coexact,random_tangent,metaphor_shift,metaphor_03,10,next_token_logprob_delta,even,0.875,2,-0.061656586788218934,0.004437140919389663,0.11983456885152996,3,0.25,1.0,2,"25,27",0.8666666666666667,8,8
7,16,matched_betti,0.5,max_full_branch_node_speed,all_interior,coexact,coexact,random_tangent,metaphor_shift,metaphor_04,10,next_token_logprob_delta,even,0.875,2,-0.06681272792746516,0.0011571375742949236,0.02903634329687201,3,0.25,1.0,2,"24,25",0.875,8,8
7,16,matched_betti,0.5,max_full_branch_node_speed,all_interior,coexact,coexact,random_tangent,metaphor_shift,metaphor_05,10,next_token_logprob_delta,even,0.875,2,-0.2122762518330876,0.006879325536483635,0.05427541042568708,3,0.25,1.0,1,23,0.8518518518518517,8,8
7,16,matched_betti,0.5,max_full_branch_node_speed,all_interior,coexact,coexact,random_tangent,ontology_collapse,ontology_01,10,next_token_logprob_delta,even,0.875,2,-0.11529984260003934,0.039732342377490376,0.5004105223226111,3,0.25,1.0,3,"26,27,28",0.8709677419354839,8,8
7,16,matched_betti,0.5,max_full_branch_node_speed,all_interior,coexact,coexact,random_tangent,ontology_collapse,ontology_02,10,next_token_logprob_delta,even,0.875,2,-0.06069524411214457,0.030977152780076303,0.6503014117799435,3,0.25,1.0,2,"24,25",0.875,8,8
7,16,matched_betti,0.5,max_full_branch_node_speed,all_interior,coexact,coexact,random_tangent,ontology_collapse,ontology_03,10,next_token_logprob_delta,even,0.875,2,0.1490722107857233,0.018640350983091088,0.20526238264157531,3,0.25,1.0,2,"25,26",0.8793103448275862,8,8
7,16,matched_betti,0.5,max_full_branch_node_speed,all_interior,coexact,coexact,random_tangent,ontology_collapse,ontology_04,10,next_token_logprob_delta,even,0.875,2,-0.16588301394334604,0.0038177066456419636,0.03857239489017945,3,0.25,1.0,2,"25,26",0.8793103448275862,8,8
7,16,matched_betti,0.5,max_full_branch_node_speed,all_interior,coexact,coexact,random_tangent,ontology_collapse,ontology_05,10,next_token_logprob_delta,even,0.875,2,0.17388871529096506,0.013962765544880724,0.13347376994993967,3,0.25,1.0,2,"24,25",0.875,8,8
7,16,matched_betti,0.5,max_full_branch_node_speed,all_interior,coexact,coexact,random_tangent,identity_stress,identity_01,11,next_token_logprob_delta,even,0.9583333333333334,2,0.0584041021614199,0.008717701727481377,0.24286060538812287,3,0.25,1.0,2,"32,33",0.9558823529411763,8,8
7,16,matched_betti,0.5,max_full_branch_node_speed,all_interior,coexact,coexact,random_tangent,identity_stress,identity_02,11,next_token_logprob_delta,even,0.9583333333333334,2,0.033690333659347496,0.01866027804148662,0.6806166354092488,3,0.25,1.0,2,"29,30",0.9516129032258065,8,8
7,16,matched_betti,0.5,max_full_branch_node_speed,all_interior,coexact,coexact,random_tangent,identity_stress,identity_03,11,next_token_logprob_delta,even,0.9583333333333334,2,0.08857992614162018,0.017715383158927483,0.3180245474974906,3,0.25,1.0,1,29,0.9354838709677419,8,8
7,16,matched_betti,0.5,max_full_branch_node_speed,all_interior,coexact,coexact,random_tangent,identity_stress,identity_04,11,next_token_logprob_delta,even,0.9583333333333334,2,0.08337379239096929,0.004784739869511593,0.09581321345055499,3,0.25,1.0,1,26,0.9285714285714285,8,8
7,16,matched_betti,0.5,max_full_branch_node_speed,all_interior,coexact,coexact,random_tangent,identity_stress,identity_05,11,next_token_logprob_delta,even,0.9583333333333334,2,0.22819527750265642,0.012484542524927535,0.09137859259391519,3,0.25,1.0,2,"26,27",0.9464285714285715,8,8
7,16,matched_betti,0.5,max_full_branch_node_speed,all_interior,coexact,coexact,random_tangent,literal_stable,literal_02,11,next_token_logprob_delta,even,0.9583333333333334,2,-0.11701244688882428,0.011856541882561574,0.16754912102777073,3,0.25,1.0,2,"26,27",0.9464285714285715,8,8
7,16,matched_betti,0.5,max_full_branch_node_speed,all_interior,coexact,coexact,random_tangent,literal_stable,literal_03,11,next_token_logprob_delta,even,0.9583333333333334,2,0.04860655746721023,0.003922466232783507,0.13412862843079923,3,0.25,1.0,1,25,0.9259259259259259,8,8
7,16,matched_betti,0.5,max_full_branch_node_speed,all_interior,coexact,coexact,random_tangent,literal_stable,literal_04,11,next_token_logprob_delta,even,0.9583333333333334,2,-0.25182453252052683,0.011073923455961747,0.07355711204992137,3,0.25,1.0,2,"23,24",0.94,8,8
7,16,matched_betti,0.5,max_full_branch_node_speed,all_interior,coexact,coexact,random_tangent,literal_stable,literal_05,11,next_token_logprob_delta,even,0.9583333333333334,2,0.11040960057142216,0.005691343928204034,0.08613707637662622,3,0.25,1.0,1,25,0.9615384615384616,8,8
7,16,matched_betti,0.5,max_full_branch_node_speed,all_interior,coexact,coexact,random_tangent,metaphor_shift,metaphor_01,11,next_token_logprob_delta,even,0.9583333333333334,2,0.5769851107255959,0.004859483386781052,0.01412477227983692,3,0.25,1.0,1,32,0.9411764705882352,8,8
7,16,matched_betti,0.5,max_full_branch_node_speed,all_interior,coexact,coexact,random_tangent,metaphor_shift,metaphor_02,11,next_token_logprob_delta,even,0.9583333333333334,2,-0.008432332390248553,0.0029917813994666535,0.5113888201599951,3,0.25,1.0,2,"27,28",0.9482758620689656,8,8
7,16,matched_betti,0.5,max_full_branch_node_speed,all_interior,coexact,coexact,random_tangent,metaphor_shift,metaphor_03,11,next_token_logprob_delta,even,0.9583333333333334,2,-0.04182101507547588,0.003142268000873354,0.12503349751324555,3,0.25,1.0,2,"28,29",0.9499999999999998,8,8
7,16,matched_betti,0.5,max_full_branch_node_speed,all_interior,coexact,coexact,random_tangent,metaphor_shift,metaphor_04,11,next_token_logprob_delta,even,0.9583333333333334,2,0.4835588974352321,0.04692549965581941,0.16065009686820148,3,0.25,1.0,1,26,0.9285714285714285,8,8
7,16,matched_betti,0.5,max_full_branch_node_speed,all_interior,coexact,coexact,random_tangent,metaphor_shift,metaphor_05,11,next_token_logprob_delta,even,0.9583333333333334,2,-0.3000943739063118,0.01133302331161583,0.06321464980327232,3,0.25,1.0,2,"25,26",0.9444444444444443,8,8
7,16,matched_betti,0.5,max_full_branch_node_speed,all_interior,coexact,coexact,random_tangent,ontology_collapse,ontology_01,11,next_token_logprob_delta,even,0.9583333333333334,2,0.15708189934345065,0.021415075643953615,0.22290810349771448,3,0.25,1.0,1,29,0.9354838709677419,8,8
7,16,matched_betti,0.5,max_full_branch_node_speed,all_interior,coexact,coexact,random_tangent,ontology_collapse,ontology_02,11,next_token_logprob_delta,even,0.9583333333333334,2,-0.24880283932692607,0.01022753106085053,0.06878360909839748,3,0.25,1.0,2,"26,27",0.9464285714285715,8,8
7,16,matched_betti,0.5,max_full_branch_node_speed,all_interior,coexact,coexact,random_tangent,ontology_collapse,ontology_03,11,next_token_logprob_delta,even,0.9583333333333334,2,0.03612354810795078,0.003906516103211433,0.17847169495428636,3,0.25,1.0,2,"27,28",0.9482758620689656,8,8
7,16,matched_betti,0.5,max_full_branch_node_speed,all_interior,coexact,coexact,random_tangent,ontology_collapse,ontology_04,11,next_token_logprob_delta,even,0.9583333333333334,2,0.38629029819016203,0.015825164077746468,0.06855054135919374,3,0.25,1.0,2,"27,28",0.9482758620689656,8,8
7,16,matched_betti,0.5,max_full_branch_node_speed,all_interior,coexact,coexact,random_tangent,ontology_collapse,ontology_05,11,next_token_logprob_delta,even,0.9583333333333334,2,0.36405296931747555,0.03099551358341084,0.1413676213265224,3,0.25,1.0,1,26,0.9285714285714285,8,8
7,16,matched_betti,0.5,max_full_branch_node_speed,all_interior,coexact,coexact,random_tangent,identity_stress,identity_01,0,next_token_logprob_delta,odd,0.041666666666666664,1,0.7771449268260492,0.03476731840471617,0.06748216960873483,3,0.25,1.0,2,"1,2",0.04411764705882352,8,8
7,16,matched_betti,0.5,max_full_branch_node_speed,all_interior,coexact,coexact,random_tangent,identity_stress,identity_02,0,next_token_logprob_delta,odd,0.041666666666666664,1,0.8514370149009186,0.008466309345392593,0.015031541087040854,3,0.25,1.0,2,"1,2",0.04838709677419354,8,8
7,16,matched_betti,0.5,max_full_branch_node_speed,all_interior,coexact,coexact,random_tangent,identity_stress,identity_03,0,next_token_logprob_delta,odd,0.041666666666666664,1,1.3811207010829143,0.0259907809610989,0.028439565965334857,3,0.25,1.0,2,"1,2",0.04838709677419354,8,8
7,16,matched_betti,0.5,max_full_branch_node_speed,all_interior,coexact,coexact,random_tangent,identity_stress,identity_04,0,next_token_logprob_delta,odd,0.041666666666666664,1,1.0316171893912327,0.020434161671640402,0.029933298378750355,3,0.25,1.0,2,"1,2",0.05357142857142857,8,8
7,16,matched_betti,0.5,max_full_branch_node_speed,all_interior,coexact,coexact,random_tangent,identity_stress,identity_05,0,next_token_logprob_delta,odd,0.041666666666666664,1,1.073897605931614,0.020780966778792345,0.02924341357950043,3,0.25,1.0,2,"1,2",0.05357142857142857,8,8
7,16,matched_betti,0.5,max_full_branch_node_speed,all_interior,coexact,coexact,random_tangent,literal_stable,literal_01,0,next_token_logprob_delta,odd,0.041666666666666664,1,0.466241532856324,0.04205933121716122,0.1351326932095904,3,0.25,1.0,2,"1,2",0.04545454545454545,8,8
7,16,matched_betti,0.5,max_full_branch_node_speed,all_interior,coexact,coexact,random_tangent,literal_stable,literal_02,0,next_token_logprob_delta,odd,0.041666666666666664,1,0.6524115917074169,0.0025814000659809015,0.0059818683272824195,3,0.25,1.0,2,"1,2",0.05357142857142857,8,8
7,16,matched_betti,0.5,max_full_branch_node_speed,all_interior,coexact,coexact,random_tangent,literal_stable,literal_03,0,next_token_logprob_delta,odd,0.041666666666666664,1,0.4523944152839433,0.030653522207180574,0.10190775006411601,3,0.25,1.0,2,"1,2",0.05555555555555555,8,8
7,16,matched_betti,0.5,max_full_branch_node_speed,all_interior,coexact,coexact,random_tangent,literal_stable,literal_04,0,next_token_logprob_delta,odd,0.041666666666666664,1,0.9087087863375897,0.02120041551659359,0.03525012231701411,3,0.25,1.0,2,"1,2",0.06,8,8
7,16,matched_betti,0.5,max_full_branch_node_speed,all_interior,coexact,coexact,random_tangent,literal_stable,literal_05,0,next_token_logprob_delta,odd,0.041666666666666664,1,0.7070680031626198,0.007692867727736472,0.016446720303165015,3,0.25,1.0,2,"1,2",0.05769230769230769,8,8
7,16,matched_betti,0.5,max_full_branch_node_speed,all_interior,coexact,coexact,random_tangent,metaphor_shift,metaphor_01,0,next_token_logprob_delta,odd,0.041666666666666664,1,-0.6019264898032504,0.09165884935564197,0.22435075222175274,3,0.25,1.0,2,"1,2",0.04411764705882352,8,8
7,16,matched_betti,0.5,max_full_branch_node_speed,all_interior,coexact,coexact,random_tangent,metaphor_shift,metaphor_02,0,next_token_logprob_delta,odd,0.041666666666666664,1,-0.0026117328381762626,0.12871190562342655,0.999909944663867,3,0.25,1.0,2,"1,2",0.05172413793103448,8,8
7,16,matched_betti,0.5,max_full_branch_node_speed,all_interior,coexact,coexact,random_tangent,metaphor_shift,metaphor_03,0,next_token_logprob_delta,odd,0.041666666666666664,1,0.09339414766623455,0.03384413531639888,0.48048155236714896,3,0.25,1.0,2,"1,2",0.05000000000000001,8,8
7,16,matched_betti,0.5,max_full_branch_node_speed,all_interior,coexact,coexact,random_tangent,metaphor_shift,metaphor_04,0,next_token_logprob_delta,odd,0.041666666666666664,1,1.440339709116107,0.016072247019082785,0.016867893219229928,3,0.25,1.0,2,"1,2",0.05357142857142857,8,8
7,16,matched_betti,0.5,max_full_branch_node_speed,all_interior,coexact,coexact,random_tangent,metaphor_shift,metaphor_05,0,next_token_logprob_delta,odd,0.041666666666666664,1,0.23786350450234733,0.03488264447424852,0.21645734357985066,3,0.25,1.0,2,"1,2",0.05555555555555555,8,8
7,16,matched_betti,0.5,max_full_branch_node_speed,all_interior,coexact,coexact,random_tangent,ontology_collapse,ontology_01,0,next_token_logprob_delta,odd,0.041666666666666664,1,1.4616054707398862,0.06825279757140525,0.07042415326107439,3,0.25,1.0,2,"1,2",0.04838709677419354,8,8
7,16,matched_betti,0.5,max_full_branch_node_speed,all_interior,coexact,coexact,random_tangent,ontology_collapse,ontology_02,0,next_token_logprob_delta,odd,0.041666666666666664,1,1.4270098801294993,0.016172610855762663,0.017131697093441523,3,0.25,1.0,2,"1,2",0.05357142857142857,8,8
7,16,matched_betti,0.5,max_full_branch_node_speed,all_interior,coexact,coexact,random_tangent,ontology_collapse,ontology_03,0,next_token_logprob_delta,odd,0.041666666666666664,1,0.8019217349382401,0.026743736097266997,0.05035582820387458,3,0.25,1.0,2,"1,2",0.05172413793103448,8,8
7,16,matched_betti,0.5,max_full_branch_node_speed,all_interior,coexact,coexact,random_tangent,ontology_collapse,ontology_04,0,next_token_logprob_delta,odd,0.041666666666666664,1,1.876963656502652,0.07747885747054331,0.062286543338036786,3,0.25,1.0,2,"1,2",0.05172413793103448,8,8
7,16,matched_betti,0.5,max_full_branch_node_speed,all_interior,coexact,coexact,random_tangent,ontology_collapse,ontology_05,0,next_token_logprob_delta,odd,0.041666666666666664,1,0.615719728796168,0.03175686837278677,0.07774084014517484,3,0.25,1.0,2,"1,2",0.05357142857142857,8,8
7,16,matched_betti,0.5,max_full_branch_node_speed,all_interior,coexact,coexact,random_tangent,identity_stress,identity_01,1,next_token_logprob_delta,odd,0.125,1,-0.39990561926701895,0.04119260549796637,0.15387545208743747,3,0.25,1.0,3,"3,4,5",0.11764705882352942,8,8
7,16,matched_betti,0.5,max_full_branch_node_speed,all_interior,coexact,coexact,random_tangent,identity_stress,identity_02,1,next_token_logprob_delta,odd,0.125,1,-0.34455557839304984,0.007008251753845027,0.030736621950253007,3,0.25,1.0,3,"3,4,5",0.12903225806451613,8,8
7,16,matched_betti,0.5,max_full_branch_node_speed,all_interior,coexact,coexact,random_tangent,identity_stress,identity_03,1,next_token_logprob_delta,odd,0.125,1,0.07701768360717484,0.022365907565821918,0.4020043382713542,3,0.25,1.0,3,"3,4,5",0.12903225806451613,8,8
7,16,matched_betti,0.5,max_full_branch_node_speed,all_interior,coexact,coexact,random_tangent,identity_stress,identity_04,1,next_token_logprob_delta,odd,0.125,1,0.9006336029678772,0.004858336433963068,0.00815522538606151,3,0.25,1.0,2,"3,4",0.125,8,8
7,16,matched_betti,0.5,max_full_branch_node_speed,all_interior,coexact,coexact,random_tangent,identity_stress,identity_05,1,next_token_logprob_delta,odd,0.125,1,0.2402019854690113,0.02077132849718074,0.12963387294995268,3,0.25,1.0,2,"3,4",0.125,8,8
7,16,matched_betti,0.5,max_full_branch_node_speed,all_interior,coexact,coexact,random_tangent,literal_stable,literal_01,1,next_token_logprob_delta,odd,0.125,1,0.18261219890645483,0.03827336082318603,0.3020657582432501,3,0.25,1.0,3,"3,4,5",0.12121212121212122,8,8
7,16,matched_betti,0.5,max_full_branch_node_speed,all_interior,coexact,coexact,random_tangent,literal_stable,literal_02,1,next_token_logprob_delta,odd,0.125,1,0.675231988275446,0.031832626737334835,0.07109353863747082,3,0.25,1.0,2,"3,4",0.125,8,8
7,16,matched_betti,0.5,max_full_branch_node_speed,all_interior,coexact,coexact,random_tangent,literal_stable,literal_03,1,next_token_logprob_delta,odd,0.125,1,0.4424217361815737,0.036341274729194406,0.12323989581699311,3,0.25,1.0,2,"3,4",0.12962962962962962,8,8
7,16,matched_betti,0.5,max_full_branch_node_speed,all_interior,coexact,coexact,random_tangent,literal_stable,literal_04,1,next_token_logprob_delta,odd,0.125,1,1.1283782086009178,0.043938961557958234,0.05876987499220767,3,0.25,1.0,2,"3,4",0.14,8,8
7,16,matched_betti,0.5,max_full_branch_node_speed,all_interior,coexact,coexact,random_tangent,literal_stable,literal_05,1,next_token_logprob_delta,odd,0.125,1,-0.04754335175749153,0.012085992501992599,0.3587464401015663,3,0.25,1.0,2,"3,4",0.13461538461538464,8,8
7,16,matched_betti,0.5,max_full_branch_node_speed,all_interior,coexact,coexact,random_tangent,metaphor_shift,metaphor_01,1,next_token_logprob_delta,odd,0.125,1,0.45391216407029816,0.03267094167159812,0.10817940499484055,3,0.25,1.0,2,"3,5",0.1176470588235294,8,8
7,16,matched_betti,0.5,max_full_branch_node_speed,all_interior,coexact,coexact,random_tangent,metaphor_shift,metaphor_02,1,next_token_logprob_delta,odd,0.125,1,1.0483880280664333,0.061815273547059846,0.08879039718558991,3,0.25,1.0,2,"3,4",0.12068965517241377,8,8
7,16,matched_betti,0.5,max_full_branch_node_speed,all_interior,coexact,coexact,random_tangent,metaphor_shift,metaphor_03,1,next_token_logprob_delta,odd,0.125,1,1.9792961762657098,0.037165085774807774,0.028376602777380678,3,0.25,1.0,2,"3,4",0.11666666666666665,8,8
7,16,matched_betti,0.5,max_full_branch_node_speed,all_interior,coexact,coexact,random_tangent,metaphor_shift,metaphor_04,1,next_token_logprob_delta,odd,0.125,1,0.6375744811842272,0.016228414692088168,0.03845340627998637,3,0.25,1.0,2,"3,4",0.125,8,8
7,16,matched_betti,0.5,max_full_branch_node_speed,all_interior,coexact,coexact,random_tangent,metaphor_shift,metaphor_05,1,next_token_logprob_delta,odd,0.125,1,1.2167000967729322,0.047868275250980204,0.05937564088981102,3,0.25,1.0,2,"3,4",0.12962962962962962,8,8
7,16,matched_betti,0.5,max_full_branch_node_speed,all_interior,coexact,coexact,random_tangent,ontology_collapse,ontology_01,1,next_token_logprob_delta,odd,0.125,1,0.9909582801246059,0.0025054468534639286,0.003822413114965751,3,0.25,1.0,3,"3,4,5",0.12903225806451613,8,8
7,16,matched_betti,0.5,max_full_branch_node_speed,all_interior,coexact,coexact,random_tangent,ontology_collapse,ontology_02,1,next_token_logprob_delta,odd,0.125,1,0.8129966780013239,0.030320779385070856,0.05629544932531599,3,0.25,1.0,2,"3,4",0.125,8,8
7,16,matched_betti,0.5,max_full_branch_node_speed,all_interior,coexact,coexact,random_tangent,ontology_collapse,ontology_03,1,next_token_logprob_delta,odd,0.125,1,0.679908001632248,0.02952566276423809,0.06551284908092721,3,0.25,1.0,2,"3,4",0.12068965517241377,8,8
7,16,matched_betti,0.5,max_full_branch_node_speed,all_interior,coexact,coexact,random_tangent,ontology_collapse,ontology_04,1,next_token_logprob_delta,odd,0.125,1,-0.5676066290666738,0.01882591274094364,0.05008114367775166,3,0.25,1.0,2,"3,4",0.12068965517241377,8,8
7,16,matched_betti,0.5,max_full_branch_node_speed,all_interior,coexact,coexact,random_tangent,ontology_collapse,ontology_05,1,next_token_logprob_delta,odd,0.125,1,0.884915843080804,0.036002118476606844,0.061392747287290994,3,0.25,1.0,2,"3,4",0.125,8,8
7,16,matched_betti,0.5,max_full_branch_node_speed,all_interior,coexact,coexact,random_tangent,identity_stress,identity_01,2,next_token_logprob_delta,odd,0.20833333333333334,1,0.045404118113552015,0.030714773764465835,0.7150092520887372,3,0.25,1.0,3,"6,7,8",0.2058823529411765,8,8
7,16,matched_betti,0.5,max_full_branch_node_speed,all_interior,coexact,coexact,random_tangent,identity_stress,identity_02,2,next_token_logprob_delta,odd,0.20833333333333334,1,0.39832671662685826,0.0368768748565986,0.1386157882047354,3,0.25,1.0,2,"6,7",0.20967741935483866,8,8
7,16,matched_betti,0.5,max_full_branch_node_speed,all_interior,coexact,coexact,random_tangent,identity_stress,identity_03,2,next_token_logprob_delta,odd,0.20833333333333334,1,0.4794848543085848,0.03256462949348421,0.10214210855768391,3,0.25,1.0,2,"6,7",0.20967741935483866,8,8
7,16,matched_betti,0.5,max_full_branch_node_speed,all_interior,coexact,coexact,random_tangent,identity_stress,identity_04,2,next_token_logprob_delta,odd,0.20833333333333334,1,0.9084011308588344,0.017328503177273975,0.02882795397320792,3,0.25,1.0,2,"5,6",0.19642857142857142,8,8
7,16,matched_betti,0.5,max_full_branch_node_speed,all_interior,coexact,coexact,random_tangent,identity_stress,identity_05,2,next_token_logprob_delta,odd,0.20833333333333334,1,0.7366923781922012,0.03183062867049281,0.06518465599236732,3,0.25,1.0,2,"5,6",0.19642857142857142,8,8
7,16,matched_betti,0.5,max_full_branch_node_speed,all_interior,coexact,coexact,random_tangent,literal_stable,literal_01,2,next_token_logprob_delta,odd,0.20833333333333334,1,0.39598871956874476,0.057566339366116916,0.2146608814554464,3,0.25,1.0,3,"6,7,8",0.21212121212121213,8,8
7,16,matched_betti,0.5,max_full_branch_node_speed,all_interior,coexact,coexact,random_tangent,literal_stable,literal_02,2,next_token_logprob_delta,odd,0.20833333333333334,1,0.9267153621427365,0.04590871682618426,0.07468701325401698,3,0.25,1.0,2,"5,6",0.19642857142857142,8,8
7,16,matched_betti,0.5,max_full_branch_node_speed,all_interior,coexact,coexact,random_tangent,literal_stable,literal_03,2,next_token_logprob_delta,odd,0.20833333333333334,1,0.2404404687283131,0.02915459248912319,0.180315394310273,3,0.25,1.0,2,"5,6",0.2037037037037037,8,8
7,16,matched_betti,0.5,max_full_branch_node_speed,all_interior,coexact,coexact,random_tangent,literal_stable,literal_04,2,next_token_logprob_delta,odd,0.20833333333333334,1,1.1001207891671911,0.055347104298833494,0.07584253609392061,3,0.25,1.0,2,"5,6",0.22,8,8
7,16,matched_betti,0.5,max_full_branch_node_speed,all_interior,coexact,coexact,random_tangent,literal_stable,literal_05,2,next_token_logprob_delta,odd,0.20833333333333334,1,0.7745548361071015,0.13084400881324068,0.24745237416285185,3,0.25,1.0,2,"5,6",0.21153846153846156,8,8
7,16,matched_betti,0.5,max_full_branch_node_speed,all_interior,coexact,coexact,random_tangent,metaphor_shift,metaphor_01,2,next_token_logprob_delta,odd,0.20833333333333334,1,0.019170118411674122,0.0026750963673760238,0.20642839803124519,3,0.25,1.0,3,"6,7,8",0.2058823529411765,8,8
7,16,matched_betti,0.5,max_full_branch_node_speed,all_interior,coexact,coexact,random_tangent,metaphor_shift,metaphor_02,2,next_token_logprob_delta,odd,0.20833333333333334,1,1.5473133606869613,0.05883203811017799,0.057389207857958355,3,0.25,1.0,3,"5,6,7",0.20689655172413793,8,8
7,16,matched_betti,0.5,max_full_branch_node_speed,all_interior,coexact,coexact,random_tangent,metaphor_shift,metaphor_03,2,next_token_logprob_delta,odd,0.20833333333333334,1,0.5342313308484219,0.013399112241217006,0.03789183521643866,3,0.25,1.0,3,"5,6,7",0.19999999999999998,8,8
7,16,matched_betti,0.5,max_full_branch_node_speed,all_interior,coexact,coexact,random_tangent,metaphor_shift,metaphor_04,2,next_token_logprob_delta,odd,0.20833333333333334,1,0.4018028054472437,0.019135475272571104,0.07181488210417766,3,0.25,1.0,2,"5,6",0.19642857142857142,8,8
7,16,matched_betti,0.5,max_full_branch_node_speed,all_interior,coexact,coexact,random_tangent,metaphor_shift,metaphor_05,2,next_token_logprob_delta,odd,0.20833333333333334,1,0.8456414914076279,0.015079057716631102,0.026948905549490032,3,0.25,1.0,2,"5,6",0.2037037037037037,8,8
7,16,matched_betti,0.5,max_full_branch_node_speed,all_interior,coexact,coexact,random_tangent,ontology_collapse,ontology_01,2,next_token_logprob_delta,odd,0.20833333333333334,1,-0.15472603524478762,0.04096374730860243,0.37160248807160123,3,0.25,1.0,2,"6,7",0.20967741935483866,8,8
7,16,matched_betti,0.5,max_full_branch_node_speed,all_interior,coexact,coexact,random_tangent,ontology_collapse,ontology_02,2,next_token_logprob_delta,odd,0.20833333333333334,1,0.7229441957227488,0.020696288079453513,0.04324065509564755,3,0.25,1.0,2,"5,6",0.19642857142857142,8,8
7,16,matched_betti,0.5,max_full_branch_node_speed,all_interior,coexact,coexact,random_tangent,ontology_collapse,ontology_03,2,next_token_logprob_delta,odd,0.20833333333333334,1,0.3245988453806645,0.03199349765327955,0.14738616355806167,3,0.25,1.0,3,"5,6,7",0.20689655172413793,8,8
7,16,matched_betti,0.5,max_full_branch_node_speed,all_interior,coexact,coexact,random_tangent,ontology_collapse,ontology_04,2,next_token_logprob_delta,odd,0.20833333333333334,1,0.24519019551274526,0.0024309456589260863,0.014987677475212017,3,0.25,1.0,3,"5,6,7",0.20689655172413793,8,8
7,16,matched_betti,0.5,max_full_branch_node_speed,all_interior,coexact,coexact,random_tangent,ontology_collapse,ontology_05,2,next_token_logprob_delta,odd,0.20833333333333334,1,0.08438305173188362,0.07019900627296675,0.7827421445938612,3,0.25,1.0,2,"5,6",0.19642857142857142,8,8
7,16,matched_betti,0.5,max_full_branch_node_speed,all_interior,coexact,coexact,random_tangent,identity_stress,identity_01,3,next_token_logprob_delta,odd,0.2916666666666667,1,-0.34233769568621963,0.03659527175569984,0.15954466449647822,3,0.25,1.0,3,"9,10,11",0.29411764705882354,8,8
7,16,matched_betti,0.5,max_full_branch_node_speed,all_interior,coexact,coexact,random_tangent,identity_stress,identity_02,3,next_token_logprob_delta,odd,0.2916666666666667,1,0.40878840523519244,0.0073969712530725555,0.02734663419785439,3,0.25,1.0,3,"8,9,10",0.2903225806451613,8,8
7,16,matched_betti,0.5,max_full_branch_node_speed,all_interior,coexact,coexact,random_tangent,identity_stress,identity_03,3,next_token_logprob_delta,odd,0.2916666666666667,1,0.12251125643769809,0.00213858853525406,0.026382200718538255,3,0.25,1.0,3,"8,9,10",0.2903225806451613,8,8
7,16,matched_betti,0.5,max_full_branch_node_speed,all_interior,coexact,coexact,random_tangent,identity_stress,identity_04,3,next_token_logprob_delta,odd,0.2916666666666667,1,-0.3863409754681615,0.06804739381815963,0.25732106751607936,3,0.25,1.0,3,"7,8,9",0.28571428571428575,8,8
7,16,matched_betti,0.5,max_full_branch_node_speed,all_interior,coexact,coexact,random_tangent,identity_stress,identity_05,3,next_token_logprob_delta,odd,0.2916666666666667,1,0.550749825667842,0.015502802079382982,0.04251810438347627,3,0.25,1.0,3,"7,8,9",0.28571428571428575,8,8
7,16,matched_betti,0.5,max_full_branch_node_speed,all_interior,coexact,coexact,random_tangent,literal_stable,literal_01,3,next_token_logprob_delta,odd,0.2916666666666667,1,1.3383566604113264,0.0350077679030903,0.03951520123582736,3,0.25,1.0,2,"9,10",0.28787878787878785,8,8
7,16,matched_betti,0.5,max_full_branch_node_speed,all_interior,coexact,coexact,random_tangent,literal_stable,literal_02,3,next_token_logprob_delta,odd,0.2916666666666667,1,0.25196116074194613,0.05268766894173307,0.30143962561981363,3,0.25,1.0,3,"7,8,9",0.28571428571428575,8,8
7,16,matched_betti,0.5,max_full_branch_node_speed,all_interior,coexact,coexact,random_tangent,literal_stable,literal_03,3,next_token_logprob_delta,odd,0.2916666666666667,1,0.4248464843465084,0.027990998145224072,0.09911820625491913,3,0.25,1.0,2,"7,8",0.2777777777777778,8,8
7,16,matched_betti,0.5,max_full_branch_node_speed,all_interior,coexact,coexact,random_tangent,literal_stable,literal_04,3,next_token_logprob_delta,odd,0.2916666666666667,1,0.6652349875936926,0.0067730254047244235,0.015391011004632277,3,0.25,1.0,2,"7,8",0.30000000000000004,8,8
7,16,matched_betti,0.5,max_full_branch_node_speed,all_interior,coexact,coexact,random_tangent,literal_stable,literal_05,3,next_token_logprob_delta,odd,0.2916666666666667,1,-0.23514915414067752,0.005454876970795433,0.035049803174257405,3,0.25,1.0,2,"7,8",0.28846153846153844,8,8
7,16,matched_betti,0.5,max_full_branch_node_speed,all_interior,coexact,coexact,random_tangent,metaphor_shift,metaphor_01,3,next_token_logprob_delta,odd,0.2916666666666667,1,0.9926532233546627,0.05287506364026898,0.08027135679341135,3,0.25,1.0,3,"9,10,11",0.29411764705882354,8,8
7,16,matched_betti,0.5,max_full_branch_node_speed,all_interior,coexact,coexact,random_tangent,metaphor_shift,metaphor_02,3,next_token_logprob_delta,odd,0.2916666666666667,1,1.1218340536520484,0.04382321248943633,0.05895633487861116,3,0.25,1.0,2,"8,9",0.2931034482758621,8,8
7,16,matched_betti,0.5,max_full_branch_node_speed,all_interior,coexact,coexact,random_tangent,metaphor_shift,metaphor_03,3,next_token_logprob_delta,odd,0.2916666666666667,1,0.6254353350316331,0.013329558031000428,0.032204679244624265,3,0.25,1.0,2,"8,9",0.2833333333333333,8,8
7,16,matched_betti,0.5,max_full_branch_node_speed,all_interior,coexact,coexact,random_tangent,metaphor_shift,metaphor_04,3,next_token_logprob_delta,odd,0.2916666666666667,1,0.48612227555814236,0.01855059883663707,0.05759725836885448,3,0.25,1.0,3,"7,8,9",0.28571428571428575,8,8
7,16,matched_betti,0.5,max_full_branch_node_speed,all_interior,coexact,coexact,random_tangent,metaphor_shift,metaphor_05,3,next_token_logprob_delta,odd,0.2916666666666667,1,-0.007100504507769202,0.029800291295884764,0.9878076928538245,3,0.25,1.0,2,"7,8",0.2777777777777778,8,8
7,16,matched_betti,0.5,max_full_branch_node_speed,all_interior,coexact,coexact,random_tangent,ontology_collapse,ontology_01,3,next_token_logprob_delta,odd,0.2916666666666667,1,-0.1362944799965573,0.0075695838352045864,0.08367180148820078,3,0.25,1.0,3,"8,9,10",0.2903225806451613,8,8
7,16,matched_betti,0.5,max_full_branch_node_speed,all_interior,coexact,coexact,random_tangent,ontology_collapse,ontology_02,3,next_token_logprob_delta,odd,0.2916666666666667,1,0.6208402289968502,0.007082094484331968,0.017243612737484544,3,0.25,1.0,3,"7,8,9",0.28571428571428575,8,8
7,16,matched_betti,0.5,max_full_branch_node_speed,all_interior,coexact,coexact,random_tangent,ontology_collapse,ontology_03,3,next_token_logprob_delta,odd,0.2916666666666667,1,0.9161701154282068,0.06238763934821948,0.10241037601145349,3,0.25,1.0,2,"8,9",0.2931034482758621,8,8
7,16,matched_betti,0.5,max_full_branch_node_speed,all_interior,coexact,coexact,random_tangent,ontology_collapse,ontology_04,3,next_token_logprob_delta,odd,0.2916666666666667,1,-0.06140722453495429,0.11513184877649087,0.9430358489660885,3,0.25,1.0,2,"8,9",0.2931034482758621,8,8
7,16,matched_betti,0.5,max_full_branch_node_speed,all_interior,coexact,coexact,random_tangent,ontology_collapse,ontology_05,3,next_token_logprob_delta,odd,0.2916666666666667,1,0.4528567372388557,0.014145052011238349,0.04717055461523464,3,0.25,1.0,3,"7,8,9",0.28571428571428575,8,8
7,16,matched_betti,0.5,max_full_branch_node_speed,all_interior,coexact,coexact,random_tangent,identity_stress,identity_01,4,next_token_logprob_delta,odd,0.375,1,0.2333372871155505,0.03831955950518804,0.24096710959419368,3,0.25,1.0,3,"12,13,14",0.38235294117647056,8,8
7,16,matched_betti,0.5,max_full_branch_node_speed,all_interior,coexact,coexact,random_tangent,identity_stress,identity_02,4,next_token_logprob_delta,odd,0.375,1,0.1873384431848394,0.013505320183184247,0.10834894066365833,3,0.25,1.0,2,"11,12",0.3709677419354838,8,8
7,16,matched_betti,0.5,max_full_branch_node_speed,all_interior,coexact,coexact,random_tangent,identity_stress,identity_03,4,next_token_logprob_delta,odd,0.375,1,0.9524765863819775,0.0017525621103537759,0.0027818159980254704,3,0.25,1.0,2,"11,12",0.3709677419354838,8,8
7,16,matched_betti,0.5,max_full_branch_node_speed,all_interior,coexact,coexact,random_tangent,identity_stress,identity_04,4,next_token_logprob_delta,odd,0.375,1,-0.019710721310318792,0.003437802490752294,0.2549721101921469,3,0.25,1.0,2,"10,11",0.375,8,8
7,16,matched_betti,0.5,max_full_branch_node_speed,all_interior,coexact,coexact,random_tangent,identity_stress,identity_05,4,next_token_logprob_delta,odd,0.375,1,0.4229280886517315,0.04077386839753647,0.14423193456514158,3,0.25,1.0,2,"10,11",0.375,8,8
7,16,matched_betti,0.5,max_full_branch_node_speed,all_interior,coexact,coexact,random_tangent,literal_stable,literal_01,4,next_token_logprob_delta,odd,0.375,1,0.39200657183104065,0.009882027238376051,0.0380845198362994,3,0.25,1.0,3,"11,12,13",0.3636363636363636,8,8
7,16,matched_betti,0.5,max_full_branch_node_speed,all_interior,coexact,coexact,random_tangent,literal_stable,literal_02,4,next_token_logprob_delta,odd,0.375,1,0.3329945206915227,0.048486789044341685,0.21499141417902567,3,0.25,1.0,2,"10,11",0.375,8,8
7,16,matched_betti,0.5,max_full_branch_node_speed,all_interior,coexact,coexact,random_tangent,literal_stable,literal_03,4,next_token_logprob_delta,odd,0.375,1,0.5051907258109496,0.034191215664332635,0.10179078542546056,3,0.25,1.0,3,"9,10,11",0.3703703703703704,8,8
7,16,matched_betti,0.5,max_full_branch_node_speed,all_interior,coexact,coexact,random_tangent,literal_stable,literal_04,4,next_token_logprob_delta,odd,0.375,1,0.12535033819545624,0.018875844521923875,0.22198264123802003,3,0.25,1.0,2,"9,10",0.38000000000000006,8,8
7,16,matched_betti,0.5,max_full_branch_node_speed,all_interior,coexact,coexact,random_tangent,literal_stable,literal_05,4,next_token_logprob_delta,odd,0.375,1,0.30755906285423296,0.029883792097511054,0.1453389832674246,3,0.25,1.0,2,"9,10",0.3653846153846154,8,8
7,16,matched_betti,0.5,max_full_branch_node_speed,all_interior,coexact,coexact,random_tangent,metaphor_shift,metaphor_01,4,next_token_logprob_delta,odd,0.375,1,0.5800285289873719,0.007214044870840324,0.018800252898054357,3,0.25,1.0,3,"12,13,14",0.38235294117647056,8,8
7,16,matched_betti,0.5,max_full_branch_node_speed,all_interior,coexact,coexact,random_tangent,metaphor_shift,metaphor_02,4,next_token_logprob_delta,odd,0.375,1,0.4912023134188777,0.005597402808898408,0.017225533753093283,3,0.25,1.0,3,"10,11,12",0.37931034482758624,8,8
7,16,matched_betti,0.5,max_full_branch_node_speed,all_interior,coexact,coexact,random_tangent,metaphor_shift,metaphor_03,4,next_token_logprob_delta,odd,0.375,1,0.300140784342944,0.07318314486654333,0.34588242592879564,3,0.25,1.0,3,"10,11,12",0.3666666666666667,8,8
7,16,matched_betti,0.5,max_full_branch_node_speed,all_interior,coexact,coexact,random_tangent,metaphor_shift,metaphor_04,4,next_token_logprob_delta,odd,0.375,1,0.9091315978693886,0.03314392025979749,0.055033789532132206,3,0.25,1.0,2,"10,11",0.375,8,8
7,16,matched_betti,0.5,max_full_branch_node_speed,all_interior,coexact,coexact,random_tangent,metaphor_shift,metaphor_05,4,next_token_logprob_delta,odd,0.375,1,0.38873588584250274,0.031671174947779115,0.12225051876440438,3,0.25,1.0,3,"9,10,11",0.3703703703703704,8,8
7,16,matched_betti,0.5,max_full_branch_node_speed,all_interior,coexact,coexact,random_tangent,ontology_collapse,ontology_01,4,next_token_logprob_delta,odd,0.375,1,-0.41855003182112477,0.025678506529873343,0.09235770957311973,3,0.25,1.0,1,12,0.3870967741935483,8,8
7,16,matched_betti,0.5,max_full_branch_node_speed,all_interior,coexact,coexact,random_tangent,ontology_collapse,ontology_02,4,next_token_logprob_delta,odd,0.375,1,0.2931560781623575,0.07281466786917525,0.3515486837200245,3,0.25,1.0,2,"10,11",0.375,8,8
7,16,matched_betti,0.5,max_full_branch_node_speed,all_interior,coexact,coexact,random_tangent,ontology_collapse,ontology_03,4,next_token_logprob_delta,odd,0.375,1,0.46032712633684136,0.036504230561520835,0.11903880677533707,3,0.25,1.0,3,"10,11,12",0.37931034482758624,8,8
7,16,matched_betti,0.5,max_full_branch_node_speed,all_interior,coexact,coexact,random_tangent,ontology_collapse,ontology_04,4,next_token_logprob_delta,odd,0.375,1,0.18997740615291286,0.032453051189648446,0.25005946781253663,3,0.25,1.0,3,"10,11,12",0.37931034482758624,8,8
7,16,matched_betti,0.5,max_full_branch_node_speed,all_interior,coexact,coexact,random_tangent,ontology_collapse,ontology_05,4,next_token_logprob_delta,odd,0.375,1,0.7284394544486822,0.10172885954612836,0.20658138730243905,3,0.25,1.0,2,"10,11",0.375,8,8
7,16,matched_betti,0.5,max_full_branch_node_speed,all_interior,coexact,coexact,random_tangent,identity_stress,identity_01,5,next_token_logprob_delta,odd,0.4583333333333333,1,0.11771084461983242,0.007198690755531078,0.0920660674580166,3,0.25,1.0,2,"15,16",0.45588235294117646,8,8
7,16,matched_betti,0.5,max_full_branch_node_speed,all_interior,coexact,coexact,random_tangent,identity_stress,identity_02,5,next_token_logprob_delta,odd,0.4583333333333333,1,0.3048579003986145,0.08654963524911044,0.3944218357064858,3,0.25,1.0,2,"13,15",0.4516129032258065,8,8
7,16,matched_betti,0.5,max_full_branch_node_speed,all_interior,coexact,coexact,random_tangent,identity_stress,identity_03,5,next_token_logprob_delta,odd,0.4583333333333333,1,0.09118671688020694,0.022435028299057098,0.3486310873663057,3,0.25,1.0,3,"13,14,15",0.4516129032258065,8,8
7,16,matched_betti,0.5,max_full_branch_node_speed,all_interior,coexact,coexact,random_tangent,identity_stress,identity_04,5,next_token_logprob_delta,odd,0.4583333333333333,1,0.45348449628351856,0.01856400132812025,0.061771756910455146,3,0.25,1.0,1,13,0.46428571428571425,8,8
7,16,matched_betti,0.5,max_full_branch_node_speed,all_interior,coexact,coexact,random_tangent,identity_stress,identity_05,5,next_token_logprob_delta,odd,0.4583333333333333,1,0.15712292558590907,0.004686369225117562,0.04504709868578728,3,0.25,1.0,2,"12,13",0.4464285714285714,8,8
7,16,matched_betti,0.5,max_full_branch_node_speed,all_interior,coexact,coexact,random_tangent,literal_stable,literal_01,5,next_token_logprob_delta,odd,0.4583333333333333,1,0.21740267464678018,0.028972632794969932,0.19751190142845818,3,0.25,1.0,3,"14,15,16",0.4545454545454546,8,8
7,16,matched_betti,0.5,max_full_branch_node_speed,all_interior,coexact,coexact,random_tangent,literal_stable,literal_02,5,next_token_logprob_delta,odd,0.4583333333333333,1,0.013949313274898054,0.04154746732758155,0.9762177358959406,3,0.25,1.0,2,"12,13",0.4464285714285714,8,8
7,16,matched_betti,0.5,max_full_branch_node_speed,all_interior,coexact,coexact,random_tangent,literal_stable,literal_03,5,next_token_logprob_delta,odd,0.4583333333333333,1,0.755878108451186,0.09029381439001277,0.1777246714273997,3,0.25,1.0,2,"12,13",0.46296296296296297,8,8
7,16,matched_betti,0.5,max_full_branch_node_speed,all_interior,coexact,coexact,random_tangent,literal_stable,literal_04,5,next_token_logprob_delta,odd,0.4583333333333333,1,-1.1937957804835448,0.005438619774799487,0.0068874637825861555,3,0.25,1.0,2,"11,12",0.45999999999999996,8,8
7,16,matched_betti,0.5,max_full_branch_node_speed,all_interior,coexact,coexact,random_tangent,literal_stable,literal_05,5,next_token_logprob_delta,odd,0.4583333333333333,1,0.21586338958727114,0.2551890632079691,0.872689157760889,3,0.25,1.0,2,"11,12",0.4423076923076923,8,8
7,16,matched_betti,0.5,max_full_branch_node_speed,all_interior,coexact,coexact,random_tangent,metaphor_shift,metaphor_01,5,next_token_logprob_delta,odd,0.4583333333333333,1,0.36498937776440554,0.010469369594601104,0.043325470558964484,3,0.25,1.0,2,"15,16",0.45588235294117646,8,8
7,16,matched_betti,0.5,max_full_branch_node_speed,all_interior,coexact,coexact,random_tangent,metaphor_shift,metaphor_02,5,next_token_logprob_delta,odd,0.4583333333333333,1,1.034612474166291,0.03772018525253713,0.05503618790484857,3,0.25,1.0,2,"13,14",0.46551724137931033,8,8
7,16,matched_betti,0.5,max_full_branch_node_speed,all_interior,coexact,coexact,random_tangent,metaphor_shift,metaphor_03,5,next_token_logprob_delta,odd,0.4583333333333333,1,-0.22063521762837596,0.001775595468153584,0.012166005854545303,3,0.25,1.0,2,"13,14",0.45,8,8
7,16,matched_betti,0.5,max_full_branch_node_speed,all_interior,coexact,coexact,random_tangent,metaphor_shift,metaphor_04,5,next_token_logprob_delta,odd,0.4583333333333333,1,0.7405397211411456,0.009251854938042444,0.018884868758961556,3,0.25,1.0,2,"12,13",0.4464285714285714,8,8
7,16,matched_betti,0.5,max_full_branch_node_speed,all_interior,coexact,coexact,random_tangent,metaphor_shift,metaphor_05,5,next_token_logprob_delta,odd,0.4583333333333333,1,-0.32150095449123567,0.007008612852831338,0.032940108986050425,3,0.25,1.0,2,"12,13",0.46296296296296297,8,8
7,16,matched_betti,0.5,max_full_branch_node_speed,all_interior,coexact,coexact,random_tangent,ontology_collapse,ontology_01,5,next_token_logprob_delta,odd,0.4583333333333333,1,0.5817129337725577,0.014954421532690724,0.038836859047746024,3,0.25,1.0,3,"13,14,15",0.4516129032258065,8,8
7,16,matched_betti,0.5,max_full_branch_node_speed,all_interior,coexact,coexact,random_tangent,ontology_collapse,ontology_02,5,next_token_logprob_delta,odd,0.4583333333333333,1,0.8315908243277609,0.014519702241574813,0.026388076469637315,3,0.25,1.0,2,"12,13",0.4464285714285714,8,8
7,16,matched_betti,0.5,max_full_branch_node_speed,all_interior,coexact,coexact,random_tangent,ontology_collapse,ontology_03,5,next_token_logprob_delta,odd,0.4583333333333333,1,0.570249299821172,0.024729720650179678,0.06542353167336921,3,0.25,1.0,2,"13,14",0.46551724137931033,8,8
7,16,matched_betti,0.5,max_full_branch_node_speed,all_interior,coexact,coexact,random_tangent,ontology_collapse,ontology_04,5,next_token_logprob_delta,odd,0.4583333333333333,1,0.8377463551217451,0.00875980854180541,0.015806611445409815,3,0.25,1.0,2,"13,14",0.46551724137931033,8,8
7,16,matched_betti,0.5,max_full_branch_node_speed,all_interior,coexact,coexact,random_tangent,ontology_collapse,ontology_05,5,next_token_logprob_delta,odd,0.4583333333333333,1,0.4150128275284975,0.050612676990549194,0.18132158193456427,3,0.25,1.0,2,"12,13",0.4464285714285714,8,8
7,16,matched_betti,0.5,max_full_branch_node_speed,all_interior,coexact,coexact,random_tangent,identity_stress,identity_01,6,next_token_logprob_delta,odd,0.5416666666666666,1,0.264553509578256,0.03856247945471131,0.21521110781852693,3,0.25,1.0,3,"17,18,19",0.5294117647058824,8,8
7,16,matched_betti,0.5,max_full_branch_node_speed,all_interior,coexact,coexact,random_tangent,identity_stress,identity_02,6,next_token_logprob_delta,odd,0.5416666666666666,1,0.16394846947791572,0.024932264587554237,0.22406804787713436,3,0.25,1.0,2,"16,17",0.532258064516129,8,8
7,16,matched_betti,0.5,max_full_branch_node_speed,all_interior,coexact,coexact,random_tangent,identity_stress,identity_03,6,next_token_logprob_delta,odd,0.5416666666666666,1,0.31809010455268977,0.0016240076990852077,0.007718554216919093,3,0.25,1.0,3,"16,17,18",0.5483870967741935,8,8
7,16,matched_betti,0.5,max_full_branch_node_speed,all_interior,coexact,coexact,random_tangent,identity_stress,identity_04,6,next_token_logprob_delta,odd,0.5416666666666666,1,0.4830292939811184,0.021787600271570094,0.06803610009343444,3,0.25,1.0,3,"14,15,16",0.5357142857142857,8,8
7,16,matched_betti,0.5,max_full_branch_node_speed,all_interior,coexact,coexact,random_tangent,identity_stress,identity_05,6,next_token_logprob_delta,odd,0.5416666666666666,1,0.04394455218411358,0.037928741432250265,0.7937287388715737,3,0.25,1.0,3,"14,15,16",0.5357142857142857,8,8
7,16,matched_betti,0.5,max_full_branch_node_speed,all_interior,coexact,coexact,random_tangent,literal_stable,literal_01,6,next_token_logprob_delta,odd,0.5416666666666666,1,0.17928651291727893,0.06435536849614283,0.47697526461503664,3,0.25,1.0,3,"17,18,19",0.5454545454545454,8,8
7,16,matched_betti,0.5,max_full_branch_node_speed,all_interior,coexact,coexact,random_tangent,literal_stable,literal_02,6,next_token_logprob_delta,odd,0.5416666666666666,1,-0.24715294662137804,0.04279001948782631,0.2532198124304043,3,0.25,1.0,3,"14,15,16",0.5357142857142857,8,8
7,16,matched_betti,0.5,max_full_branch_node_speed,all_interior,coexact,coexact,random_tangent,literal_stable,literal_03,6,next_token_logprob_delta,odd,0.5416666666666666,1,0.040153981658737216,0.05287865046802817,0.8936142991792417,3,0.25,1.0,2,"14,15",0.537037037037037,8,8
7,16,matched_betti,0.5,max_full_branch_node_speed,all_interior,coexact,coexact,random_tangent,literal_stable,literal_04,6,next_token_logprob_delta,odd,0.5416666666666666,1,0.4404406032030887,0.010706313215109385,0.036725734115020725,3,0.25,1.0,2,"13,14",0.54,8,8
7,16,matched_betti,0.5,max_full_branch_node_speed,all_interior,coexact,coexact,random_tangent,literal_stable,literal_05,6,next_token_logprob_delta,odd,0.5416666666666666,1,0.82755051875891,0.04619313749346497,0.0840916599821124,3,0.25,1.0,3,"13,14,15",0.5384615384615384,8,8
7,16,matched_betti,0.5,max_full_branch_node_speed,all_interior,coexact,coexact,random_tangent,metaphor_shift,metaphor_01,6,next_token_logprob_delta,odd,0.5416666666666666,1,0.4235335473644311,0.03846334742116843,0.13602377989495212,3,0.25,1.0,3,"17,18,19",0.5294117647058824,8,8
7,16,matched_betti,0.5,max_full_branch_node_speed,all_interior,coexact,coexact,random_tangent,metaphor_shift,metaphor_02,6,next_token_logprob_delta,odd,0.5416666666666666,1,-0.06784083921825526,0.08061971016209725,0.8737715676883356,3,0.25,1.0,1,16,0.5517241379310345,8,8
7,16,matched_betti,0.5,max_full_branch_node_speed,all_interior,coexact,coexact,random_tangent,metaphor_shift,metaphor_03,6,next_token_logprob_delta,odd,0.5416666666666666,1,0.5954866771976525,0.05529426928901054,0.13902124547186667,3,0.25,1.0,2,"16,17",0.55,8,8
7,16,matched_betti,0.5,max_full_branch_node_speed,all_interior,coexact,coexact,random_tangent,metaphor_shift,metaphor_04,6,next_token_logprob_delta,odd,0.5416666666666666,1,0.15027407252683123,0.047488118802921274,0.43108934501629287,3,0.25,1.0,3,"14,15,16",0.5357142857142857,8,8
7,16,matched_betti,0.5,max_full_branch_node_speed,all_interior,coexact,coexact,random_tangent,metaphor_shift,metaphor_05,6,next_token_logprob_delta,odd,0.5416666666666666,1,0.38093333814453345,0.06665793005583295,0.2557550550773663,3,0.25,1.0,2,"14,15",0.537037037037037,8,8
7,16,matched_betti,0.5,max_full_branch_node_speed,all_interior,coexact,coexact,random_tangent,ontology_collapse,ontology_01,6,next_token_logprob_delta,odd,0.5416666666666666,1,0.49667457799898845,0.0700679407632638,0.2085923773777079,3,0.25,1.0,3,"16,17,18",0.5483870967741935,8,8
7,16,matched_betti,0.5,max_full_branch_node_speed,all_interior,coexact,coexact,random_tangent,ontology_collapse,ontology_02,6,next_token_logprob_delta,odd,0.5416666666666666,1,0.5846867822258122,0.09012781793835062,0.22696664939992597,3,0.25,1.0,3,"14,15,16",0.5357142857142857,8,8
7,16,matched_betti,0.5,max_full_branch_node_speed,all_interior,coexact,coexact,random_tangent,ontology_collapse,ontology_03,6,next_token_logprob_delta,odd,0.5416666666666666,1,0.15843189027376456,0.14109146797057875,0.8027927616480182,3,0.25,1.0,2,"15,16",0.5344827586206897,8,8
7,16,matched_betti,0.5,max_full_branch_node_speed,all_interior,coexact,coexact,random_tangent,ontology_collapse,ontology_04,6,next_token_logprob_delta,odd,0.5416666666666666,1,-0.14040868133053974,0.031003089496272774,0.3166495167993765,3,0.25,1.0,2,"15,16",0.5344827586206897,8,8
7,16,matched_betti,0.5,max_full_branch_node_speed,all_interior,coexact,coexact,random_tangent,ontology_collapse,ontology_05,6,next_token_logprob_delta,odd,0.5416666666666666,1,0.4449819326444039,0.22267170384173493,0.6033342784376934,3,0.25,1.0,2,"15,16",0.5535714285714286,8,8
7,16,matched_betti,0.5,max_full_branch_node_speed,all_interior,coexact,coexact,random_tangent,identity_stress,identity_01,7,next_token_logprob_delta,odd,0.625,1,0.25738469053205565,0.00681163261860793,0.03997901850287183,3,0.25,1.0,3,"20,21,22",0.6176470588235294,8,8
7,16,matched_betti,0.5,max_full_branch_node_speed,all_interior,coexact,coexact,random_tangent,identity_stress,identity_02,7,next_token_logprob_delta,odd,0.625,1,0.35938187930595894,0.0306474976391599,0.1278703725858891,3,0.25,1.0,2,"19,20",0.6290322580645161,8,8
7,16,matched_betti,0.5,max_full_branch_node_speed,all_interior,coexact,coexact,random_tangent,identity_stress,identity_03,7,next_token_logprob_delta,odd,0.625,1,-0.023621928942142316,0.02926150166810002,0.8821237276850386,3,0.25,1.0,1,19,0.6129032258064516,8,8
7,16,matched_betti,0.5,max_full_branch_node_speed,all_interior,coexact,coexact,random_tangent,identity_stress,identity_04,7,next_token_logprob_delta,odd,0.625,1,0.8226953827255066,0.008526841267530266,0.0156677552351532,3,0.25,1.0,2,"17,18",0.625,8,8
7,16,matched_betti,0.5,max_full_branch_node_speed,all_interior,coexact,coexact,random_tangent,identity_stress,identity_05,7,next_token_logprob_delta,odd,0.625,1,-0.13108920800003127,0.04172561781252217,0.43362687692705504,3,0.25,1.0,1,17,0.6071428571428571,8,8
7,16,matched_betti,0.5,max_full_branch_node_speed,all_interior,coexact,coexact,random_tangent,literal_stable,literal_01,7,next_token_logprob_delta,odd,0.625,1,0.6906921089683816,0.22530693239481833,0.44231000758390154,3,0.25,1.0,2,"20,21",0.6212121212121212,8,8
7,16,matched_betti,0.5,max_full_branch_node_speed,all_interior,coexact,coexact,random_tangent,literal_stable,literal_02,7,next_token_logprob_delta,odd,0.625,1,0.5573981879840694,0.0784341298981521,0.20808397214112107,3,0.25,1.0,2,"17,18",0.625,8,8
7,16,matched_betti,0.5,max_full_branch_node_speed,all_interior,coexact,coexact,random_tangent,literal_stable,literal_03,7,next_token_logprob_delta,odd,0.625,1,0.2680246272961984,0.0679041091581741,0.3576886922922526,3,0.25,1.0,2,"16,17",0.6111111111111112,8,8
7,16,matched_betti,0.5,max_full_branch_node_speed,all_interior,coexact,coexact,random_tangent,literal_stable,literal_04,7,next_token_logprob_delta,odd,0.625,1,-0.2664804497996422,0.019839684893457322,0.11185271124591913,3,0.25,1.0,2,"15,16",0.62,8,8
7,16,matched_betti,0.5,max_full_branch_node_speed,all_interior,coexact,coexact,random_tangent,literal_stable,literal_05,7,next_token_logprob_delta,odd,0.625,1,0.011088843468174927,0.009836637580733191,0.801675004069218,3,0.25,1.0,2,"16,17",0.6346153846153846,8,8
7,16,matched_betti,0.5,max_full_branch_node_speed,all_interior,coexact,coexact,random_tangent,metaphor_shift,metaphor_01,7,next_token_logprob_delta,odd,0.625,1,0.6011079546608771,0.0347052210088463,0.08695711123653252,3,0.25,1.0,2,"20,21",0.6029411764705883,8,8
7,16,matched_betti,0.5,max_full_branch_node_speed,all_interior,coexact,coexact,random_tangent,metaphor_shift,metaphor_02,7,next_token_logprob_delta,odd,0.625,1,1.4607956389619527,0.10083821640564039,0.1037992846065788,3,0.25,1.0,3,"17,18,19",0.6206896551724138,8,8
7,16,matched_betti,0.5,max_full_branch_node_speed,all_interior,coexact,coexact,random_tangent,metaphor_shift,metaphor_03,7,next_token_logprob_delta,odd,0.625,1,0.3266077247768829,0.03031206551747117,0.13895251452566312,3,0.25,1.0,2,"18,19",0.6166666666666667,8,8
7,16,matched_betti,0.5,max_full_branch_node_speed,all_interior,coexact,coexact,random_tangent,metaphor_shift,metaphor_04,7,next_token_logprob_delta,odd,0.625,1,0.25280210475315645,0.0976331556154062,0.5042266887678427,3,0.25,1.0,2,"17,18",0.625,8,8
7,16,matched_betti,0.5,max_full_branch_node_speed,all_interior,coexact,coexact,random_tangent,metaphor_shift,metaphor_05,7,next_token_logprob_delta,odd,0.625,1,0.2468145349400937,0.026720715690062152,0.1615278673495663,3,0.25,1.0,2,"16,17",0.6111111111111112,8,8
7,16,matched_betti,0.5,max_full_branch_node_speed,all_interior,coexact,coexact,random_tangent,ontology_collapse,ontology_01,7,next_token_logprob_delta,odd,0.625,1,0.20696454314913085,0.04636189165800144,0.32077295082822815,3,0.25,1.0,2,"19,20",0.6290322580645161,8,8
7,16,matched_betti,0.5,max_full_branch_node_speed,all_interior,coexact,coexact,random_tangent,ontology_collapse,ontology_02,7,next_token_logprob_delta,odd,0.625,1,0.011288297211553389,0.025414974390346495,0.9594521743401779,3,0.25,1.0,2,"17,18",0.625,8,8
7,16,matched_betti,0.5,max_full_branch_node_speed,all_interior,coexact,coexact,random_tangent,ontology_collapse,ontology_03,7,next_token_logprob_delta,odd,0.625,1,0.13259514206773793,0.012792006776898774,0.14432811988243122,3,0.25,1.0,3,"17,18,19",0.6206896551724138,8,8
7,16,matched_betti,0.5,max_full_branch_node_speed,all_interior,coexact,coexact,random_tangent,ontology_collapse,ontology_04,7,next_token_logprob_delta,odd,0.625,1,0.10120030992391844,0.013270235101122676,0.19446294049065693,3,0.25,1.0,3,"17,18,19",0.6206896551724138,8,8
7,16,matched_betti,0.5,max_full_branch_node_speed,all_interior,coexact,coexact,random_tangent,ontology_collapse,ontology_05,7,next_token_logprob_delta,odd,0.625,1,1.0821346888421632,0.010904286929435793,0.015232687463751247,3,0.25,1.0,2,"17,18",0.625,8,8
7,16,matched_betti,0.5,max_full_branch_node_speed,all_interior,coexact,coexact,random_tangent,identity_stress,identity_01,8,next_token_logprob_delta,odd,0.7083333333333334,1,0.34443255205860707,0.0065055124879455604,0.028543768111845964,3,0.25,1.0,3,"23,24,25",0.7058823529411765,8,8
7,16,matched_betti,0.5,max_full_branch_node_speed,all_interior,coexact,coexact,random_tangent,identity_stress,identity_02,8,next_token_logprob_delta,odd,0.7083333333333334,1,-0.42868553494692047,0.016999920838789633,0.059846658294911155,3,0.25,1.0,3,"21,22,23",0.7096774193548386,8,8
7,16,matched_betti,0.5,max_full_branch_node_speed,all_interior,coexact,coexact,random_tangent,identity_stress,identity_03,8,next_token_logprob_delta,odd,0.7083333333333334,1,-0.5788425427598499,0.000160597004778841,0.0004194574686841124,3,0.25,1.0,2,"21,22",0.6935483870967744,8,8
7,16,matched_betti,0.5,max_full_branch_node_speed,all_interior,coexact,coexact,random_tangent,identity_stress,identity_04,8,next_token_logprob_delta,odd,0.7083333333333334,1,0.8448695654565971,0.06108627912122118,0.10866399666802944,3,0.25,1.0,2,"19,20",0.6964285714285715,8,8
7,16,matched_betti,0.5,max_full_branch_node_speed,all_interior,coexact,coexact,random_tangent,identity_stress,identity_05,8,next_token_logprob_delta,odd,0.7083333333333334,1,-0.6420241803179336,0.02799789232429051,0.0657874533002944,3,0.25,1.0,2,"19,20",0.6964285714285715,8,8
7,16,matched_betti,0.5,max_full_branch_node_speed,all_interior,coexact,coexact,random_tangent,literal_stable,literal_01,8,next_token_logprob_delta,odd,0.7083333333333334,1,0.4352466938779644,0.01126334078956779,0.039094042915010875,3,0.25,1.0,3,"22,23,24",0.6969696969696969,8,8
7,16,matched_betti,0.5,max_full_branch_node_speed,all_interior,coexact,coexact,random_tangent,literal_stable,literal_02,8,next_token_logprob_delta,odd,0.7083333333333334,1,0.3551760994140142,0.11062995602513864,0.42603700413029716,3,0.25,1.0,2,"19,20",0.6964285714285715,8,8
7,16,matched_betti,0.5,max_full_branch_node_speed,all_interior,coexact,coexact,random_tangent,literal_stable,literal_03,8,next_token_logprob_delta,odd,0.7083333333333334,1,0.4450793772044882,0.002420403320123998,0.008221414825043283,3,0.25,1.0,3,"18,19,20",0.7037037037037037,8,8
7,16,matched_betti,0.5,max_full_branch_node_speed,all_interior,coexact,coexact,random_tangent,literal_stable,literal_04,8,next_token_logprob_delta,odd,0.7083333333333334,1,0.489100231665384,0.011007561137417242,0.034005796843679,3,0.25,1.0,2,"17,18",0.6999999999999998,8,8
7,16,matched_betti,0.5,max_full_branch_node_speed,all_interior,coexact,coexact,random_tangent,literal_stable,literal_05,8,next_token_logprob_delta,odd,0.7083333333333334,1,0.586920384286739,0.024804995818884453,0.06376556401657377,3,0.25,1.0,2,"18,19",0.7115384615384613,8,8
7,16,matched_betti,0.5,max_full_branch_node_speed,all_interior,coexact,coexact,random_tangent,metaphor_shift,metaphor_01,8,next_token_logprob_delta,odd,0.7083333333333334,1,0.058392484951715354,0.009035289203822072,0.22778561094170915,3,0.25,1.0,3,"23,24,25",0.7058823529411765,8,8
7,16,matched_betti,0.5,max_full_branch_node_speed,all_interior,coexact,coexact,random_tangent,metaphor_shift,metaphor_02,8,next_token_logprob_delta,odd,0.7083333333333334,1,-0.0589651746420922,0.05285479674383391,0.8046473705072702,3,0.25,1.0,2,"20,21",0.7068965517241379,8,8
7,16,matched_betti,0.5,max_full_branch_node_speed,all_interior,coexact,coexact,random_tangent,metaphor_shift,metaphor_03,8,next_token_logprob_delta,odd,0.7083333333333334,1,-0.17801139348491507,0.018551270843551324,0.1556367561956139,3,0.25,1.0,3,"20,21,22",0.6999999999999998,8,8
7,16,matched_betti,0.5,max_full_branch_node_speed,all_interior,coexact,coexact,random_tangent,metaphor_shift,metaphor_04,8,next_token_logprob_delta,odd,0.7083333333333334,1,0.822375633826278,0.01700101379348819,0.03123946147174475,3,0.25,1.0,2,"19,20",0.6964285714285715,8,8
7,16,matched_betti,0.5,max_full_branch_node_speed,all_interior,coexact,coexact,random_tangent,metaphor_shift,metaphor_05,8,next_token_logprob_delta,odd,0.7083333333333334,1,0.28849366092788487,0.1315607207052176,0.5676168528611822,3,0.25,1.0,3,"18,19,20",0.7037037037037037,8,8
7,16,matched_betti,0.5,max_full_branch_node_speed,all_interior,coexact,coexact,random_tangent,ontology_collapse,ontology_01,8,next_token_logprob_delta,odd,0.7083333333333334,1,0.17811246168304753,0.029933084527239813,0.2462543390437511,3,0.25,1.0,2,"21,23",0.7096774193548386,8,8
7,16,matched_betti,0.5,max_full_branch_node_speed,all_interior,coexact,coexact,random_tangent,ontology_collapse,ontology_02,8,next_token_logprob_delta,odd,0.7083333333333334,1,0.5540515278753038,0.04648945139190875,0.1258486490183446,3,0.25,1.0,2,"19,20",0.6964285714285715,8,8
7,16,matched_betti,0.5,max_full_branch_node_speed,all_interior,coexact,coexact,random_tangent,ontology_collapse,ontology_03,8,next_token_logprob_delta,odd,0.7083333333333334,1,0.39251920114613914,0.008289308904265177,0.031911494656299194,3,0.25,1.0,2,"20,21",0.7068965517241379,8,8
7,16,matched_betti,0.5,max_full_branch_node_speed,all_interior,coexact,coexact,random_tangent,ontology_collapse,ontology_04,8,next_token_logprob_delta,odd,0.7083333333333334,1,-0.3033569214405713,0.04840623901143308,0.23451719718764896,3,0.25,1.0,2,"20,21",0.7068965517241379,8,8
7,16,matched_betti,0.5,max_full_branch_node_speed,all_interior,coexact,coexact,random_tangent,ontology_collapse,ontology_05,8,next_token_logprob_delta,odd,0.7083333333333334,1,0.7385955947906534,0.040905683377521616,0.08343933186978085,3,0.25,1.0,2,"19,20",0.6964285714285715,8,8
7,16,matched_betti,0.5,max_full_branch_node_speed,all_interior,coexact,coexact,random_tangent,identity_stress,identity_01,9,next_token_logprob_delta,odd,0.7916666666666666,1,0.23765824743945932,0.0007858488009098664,0.004999097984279829,3,0.25,1.0,3,"26,27,28",0.7941176470588235,8,8
7,16,matched_betti,0.5,max_full_branch_node_speed,all_interior,coexact,coexact,random_tangent,identity_stress,identity_02,9,next_token_logprob_delta,odd,0.7916666666666666,1,0.7616219521768812,0.013410750964771467,0.026611587496452052,3,0.25,1.0,2,"24,25",0.7903225806451614,8,8
7,16,matched_betti,0.5,max_full_branch_node_speed,all_interior,coexact,coexact,random_tangent,identity_stress,identity_03,9,next_token_logprob_delta,odd,0.7916666666666666,1,0.01131427440984835,0.03147900868043033,0.9728849392844002,3,0.25,1.0,2,"24,25",0.7903225806451614,8,8
7,16,matched_betti,0.5,max_full_branch_node_speed,all_interior,coexact,coexact,random_tangent,identity_stress,identity_04,9,next_token_logprob_delta,odd,0.7916666666666666,1,0.18788938154263488,0.08823106522296231,0.5788970226022914,3,0.25,1.0,3,"21,22,23",0.7857142857142857,8,8
7,16,matched_betti,0.5,max_full_branch_node_speed,all_interior,coexact,coexact,random_tangent,identity_stress,identity_05,9,next_token_logprob_delta,odd,0.7916666666666666,1,0.6916117479247942,0.173280937821464,0.35422943519047867,3,0.25,1.0,3,"21,22,23",0.7857142857142857,8,8
7,16,matched_betti,0.5,max_full_branch_node_speed,all_interior,coexact,coexact,random_tangent,literal_stable,literal_01,9,next_token_logprob_delta,odd,0.7916666666666666,1,-0.7239719114263731,0.025533125295627488,0.053244744035987356,3,0.25,1.0,2,"25,26",0.7727272727272728,8,8
7,16,matched_betti,0.5,max_full_branch_node_speed,all_interior,coexact,coexact,random_tangent,literal_stable,literal_02,9,next_token_logprob_delta,odd,0.7916666666666666,1,-0.21479786673330226,0.03595395768938066,0.24532884257867152,3,0.25,1.0,1,21,0.75,8,8
7,16,matched_betti,0.5,max_full_branch_node_speed,all_interior,coexact,coexact,random_tangent,literal_stable,literal_03,9,next_token_logprob_delta,odd,0.7916666666666666,1,-0.576035623775572,0.06123402707571285,0.15867808414650955,3,0.25,1.0,2,"21,22",0.7962962962962963,8,8
7,16,matched_betti,0.5,max_full_branch_node_speed,all_interior,coexact,coexact,random_tangent,literal_stable,literal_04,9,next_token_logprob_delta,odd,0.7916666666666666,1,-0.2528092241855826,0.00972711538223076,0.05807224039401543,3,0.25,1.0,2,"19,20",0.7799999999999999,8,8
7,16,matched_betti,0.5,max_full_branch_node_speed,all_interior,coexact,coexact,random_tangent,literal_stable,literal_05,9,next_token_logprob_delta,odd,0.7916666666666666,1,0.4022610781951587,0.01356938890853404,0.05093299317637497,3,0.25,1.0,2,"20,21",0.7884615384615387,8,8
7,16,matched_betti,0.5,max_full_branch_node_speed,all_interior,coexact,coexact,random_tangent,metaphor_shift,metaphor_01,9,next_token_logprob_delta,odd,0.7916666666666666,1,0.1648747602139337,0.04663853625858226,0.39321355988388335,3,0.25,1.0,3,"26,27,28",0.7941176470588235,8,8
7,16,matched_betti,0.5,max_full_branch_node_speed,all_interior,coexact,coexact,random_tangent,metaphor_shift,metaphor_02,9,next_token_logprob_delta,odd,0.7916666666666666,1,0.31344689411112575,0.06679642924839013,0.30665842783794506,3,0.25,1.0,3,"22,23,24",0.7931034482758621,8,8
7,16,matched_betti,0.5,max_full_branch_node_speed,all_interior,coexact,coexact,random_tangent,metaphor_shift,metaphor_03,9,next_token_logprob_delta,odd,0.7916666666666666,1,-0.11035387248242494,0.034763107310476334,0.4299830309996876,3,0.25,1.0,2,"23,24",0.7833333333333335,8,8
7,16,matched_betti,0.5,max_full_branch_node_speed,all_interior,coexact,coexact,random_tangent,metaphor_shift,metaphor_04,9,next_token_logprob_delta,odd,0.7916666666666666,1,0.5148116861391905,0.03163924840101435,0.09251711443702042,3,0.25,1.0,3,"21,22,23",0.7857142857142857,8,8
7,16,matched_betti,0.5,max_full_branch_node_speed,all_interior,coexact,coexact,random_tangent,metaphor_shift,metaphor_05,9,next_token_logprob_delta,odd,0.7916666666666666,1,0.5432074967294142,0.021131447151129593,0.05871169829378137,3,0.25,1.0,2,"21,22",0.7962962962962963,8,8
7,16,matched_betti,0.5,max_full_branch_node_speed,all_interior,coexact,coexact,random_tangent,ontology_collapse,ontology_01,9,next_token_logprob_delta,odd,0.7916666666666666,1,0.1837188353170459,0.04569992040009226,0.35200420133840915,3,0.25,1.0,2,"24,25",0.7903225806451614,8,8
7,16,matched_betti,0.5,max_full_branch_node_speed,all_interior,coexact,coexact,random_tangent,ontology_collapse,ontology_02,9,next_token_logprob_delta,odd,0.7916666666666666,1,0.561629325719127,0.016746053972479972,0.045033205536723846,3,0.25,1.0,3,"21,22,23",0.7857142857142857,8,8
7,16,matched_betti,0.5,max_full_branch_node_speed,all_interior,coexact,coexact,random_tangent,ontology_collapse,ontology_03,9,next_token_logprob_delta,odd,0.7916666666666666,1,0.5416958001379735,0.009400709143294628,0.026228091433841333,3,0.25,1.0,2,"22,23",0.7758620689655172,8,8
7,16,matched_betti,0.5,max_full_branch_node_speed,all_interior,coexact,coexact,random_tangent,ontology_collapse,ontology_04,9,next_token_logprob_delta,odd,0.7916666666666666,1,0.6646058795880921,0.0030772745405236355,0.007000070200118595,3,0.25,1.0,3,"22,23,24",0.7931034482758621,8,8
7,16,matched_betti,0.5,max_full_branch_node_speed,all_interior,coexact,coexact,random_tangent,ontology_collapse,ontology_05,9,next_token_logprob_delta,odd,0.7916666666666666,1,0.3100307058371876,0.025600319009752914,0.12387781245805195,3,0.25,1.0,3,"21,22,23",0.7857142857142857,8,8
7,16,matched_betti,0.5,max_full_branch_node_speed,all_interior,coexact,coexact,random_tangent,identity_stress,identity_01,10,next_token_logprob_delta,odd,0.875,1,-0.05021184277935562,0.03677249176208661,0.7421212271615952,3,0.25,1.0,3,"29,30,31",0.8823529411764706,8,8
7,16,matched_betti,0.5,max_full_branch_node_speed,all_interior,coexact,coexact,random_tangent,identity_stress,identity_02,10,next_token_logprob_delta,odd,0.875,1,-0.014105915906870006,0.0061770104358382615,0.5520298737517002,3,0.25,1.0,1,26,0.8387096774193549,8,8
7,16,matched_betti,0.5,max_full_branch_node_speed,all_interior,coexact,coexact,random_tangent,identity_stress,identity_03,10,next_token_logprob_delta,odd,0.875,1,0.6707659860487116,0.09754826023235787,0.21473760543449233,3,0.25,1.0,3,"26,27,28",0.8709677419354839,8,8
7,16,matched_betti,0.5,max_full_branch_node_speed,all_interior,coexact,coexact,random_tangent,identity_stress,identity_04,10,next_token_logprob_delta,odd,0.875,1,0.5953296858129671,0.01490251414163565,0.0378183157286254,3,0.25,1.0,1,24,0.8571428571428571,8,8
7,16,matched_betti,0.5,max_full_branch_node_speed,all_interior,coexact,coexact,random_tangent,identity_stress,identity_05,10,next_token_logprob_delta,odd,0.875,1,-0.028222765989433022,0.039674786425945484,0.9048440298784411,3,0.25,1.0,2,"24,25",0.875,8,8
7,16,matched_betti,0.5,max_full_branch_node_speed,all_interior,coexact,coexact,random_tangent,literal_stable,literal_01,10,next_token_logprob_delta,odd,0.875,1,-0.3209926413221174,0.012116370575302416,0.056974747552659556,3,0.25,1.0,2,"29,30",0.8939393939393939,8,8
7,16,matched_betti,0.5,max_full_branch_node_speed,all_interior,coexact,coexact,random_tangent,literal_stable,literal_03,10,next_token_logprob_delta,odd,0.875,1,0.4357716595600857,0.040672761216971165,0.13972506817035243,3,0.25,1.0,2,"23,24",0.8703703703703703,8,8
7,16,matched_betti,0.5,max_full_branch_node_speed,all_interior,coexact,coexact,random_tangent,literal_stable,literal_04,10,next_token_logprob_delta,odd,0.875,1,-0.313589100876188,0.051243139534388985,0.2398397159235118,3,0.25,1.0,2,"21,22",0.86,8,8
7,16,matched_betti,0.5,max_full_branch_node_speed,all_interior,coexact,coexact,random_tangent,literal_stable,literal_05,10,next_token_logprob_delta,odd,0.875,1,0.27262888429365767,0.004057660487700916,0.022495978677552236,3,0.25,1.0,2,"22,23",0.8653846153846154,8,8
7,16,matched_betti,0.5,max_full_branch_node_speed,all_interior,coexact,coexact,random_tangent,metaphor_shift,metaphor_01,10,next_token_logprob_delta,odd,0.875,1,0.38241622939090536,0.13256330954596834,0.4641953160002518,3,0.25,1.0,3,"29,30,31",0.8823529411764706,8,8
7,16,matched_betti,0.5,max_full_branch_node_speed,all_interior,coexact,coexact,random_tangent,metaphor_shift,metaphor_02,10,next_token_logprob_delta,odd,0.875,1,0.6761017543493534,0.051788722234348064,0.11503798096763744,3,0.25,1.0,1,26,0.896551724137931,8,8
7,16,matched_betti,0.5,max_full_branch_node_speed,all_interior,coexact,coexact,random_tangent,metaphor_shift,metaphor_03,10,next_token_logprob_delta,odd,0.875,1,0.632076473017124,0.012095822483275509,0.02891978517046715,3,0.25,1.0,2,"25,27",0.8666666666666667,8,8
7,16,matched_betti,0.5,max_full_branch_node_speed,all_interior,coexact,coexact,random_tangent,metaphor_shift,metaphor_04,10,next_token_logprob_delta,odd,0.875,1,0.7837695214189018,0.019491822599372658,0.03757234410963843,3,0.25,1.0,2,"24,25",0.875,8,8
7,16,matched_betti,0.5,max_full_branch_node_speed,all_interior,coexact,coexact,random_tangent,metaphor_shift,metaphor_05,10,next_token_logprob_delta,odd,0.875,1,0.6594650501349717,0.05886962111536257,0.13374906573498818,3,0.25,1.0,1,23,0.8518518518518517,8,8
7,16,matched_betti,0.5,max_full_branch_node_speed,all_interior,coexact,coexact,random_tangent,ontology_collapse,ontology_01,10,next_token_logprob_delta,odd,0.875,1,0.6606085880265584,0.024479730294192703,0.05593619192666393,3,0.25,1.0,3,"26,27,28",0.8709677419354839,8,8
7,16,matched_betti,0.5,max_full_branch_node_speed,all_interior,coexact,coexact,random_tangent,ontology_collapse,ontology_02,10,next_token_logprob_delta,odd,0.875,1,0.4041262995386476,0.036564354743880464,0.13552712108694187,3,0.25,1.0,2,"24,25",0.875,8,8
7,16,matched_betti,0.5,max_full_branch_node_speed,all_interior,coexact,coexact,random_tangent,ontology_collapse,ontology_03,10,next_token_logprob_delta,odd,0.875,1,-0.03653075244460498,0.01353948745731797,0.4888316799688001,3,0.25,1.0,2,"25,26",0.8793103448275862,8,8
7,16,matched_betti,0.5,max_full_branch_node_speed,all_interior,coexact,coexact,random_tangent,ontology_collapse,ontology_04,10,next_token_logprob_delta,odd,0.875,1,0.5684237727878998,0.047617177567139235,0.12564551247292333,3,0.25,1.0,2,"25,26",0.8793103448275862,8,8
7,16,matched_betti,0.5,max_full_branch_node_speed,all_interior,coexact,coexact,random_tangent,ontology_collapse,ontology_05,10,next_token_logprob_delta,odd,0.875,1,0.30002296475959106,0.0211938837246162,0.1061950450982923,3,0.25,1.0,2,"24,25",0.875,8,8
7,16,matched_betti,0.5,max_full_branch_node_speed,all_interior,coexact,coexact,random_tangent,identity_stress,identity_01,11,next_token_logprob_delta,odd,0.9583333333333334,1,-0.46229179930627917,0.0199713398530206,0.06517448978887135,3,0.25,1.0,2,"32,33",0.9558823529411763,8,8
7,16,matched_betti,0.5,max_full_branch_node_speed,all_interior,coexact,coexact,random_tangent,identity_stress,identity_02,11,next_token_logprob_delta,odd,0.9583333333333334,1,-0.4005100231951642,0.008333592419267653,0.03144235418391039,3,0.25,1.0,2,"29,30",0.9516129032258065,8,8
7,16,matched_betti,0.5,max_full_branch_node_speed,all_interior,coexact,coexact,random_tangent,identity_stress,identity_03,11,next_token_logprob_delta,odd,0.9583333333333334,1,0.5714730820300525,0.03211411865965611,0.08465438155310819,3,0.25,1.0,1,29,0.9354838709677419,8,8
7,16,matched_betti,0.5,max_full_branch_node_speed,all_interior,coexact,coexact,random_tangent,identity_stress,identity_04,11,next_token_logprob_delta,odd,0.9583333333333334,1,0.21031541071883622,0.054060411278322916,0.3622242521944205,3,0.25,1.0,1,26,0.9285714285714285,8,8
7,16,matched_betti,0.5,max_full_branch_node_speed,all_interior,coexact,coexact,random_tangent,identity_stress,identity_05,11,next_token_logprob_delta,odd,0.9583333333333334,1,-0.027089532124261854,0.01223539294827756,0.5639202147106067,3,0.25,1.0,2,"26,27",0.9464285714285715,8,8
7,16,matched_betti,0.5,max_full_branch_node_speed,all_interior,coexact,coexact,random_tangent,literal_stable,literal_02,11,next_token_logprob_delta,odd,0.9583333333333334,1,1.621118553662816,0.008792659835887963,0.008199773688893767,3,0.25,1.0,2,"26,27",0.9464285714285715,8,8
7,16,matched_betti,0.5,max_full_branch_node_speed,all_interior,coexact,coexact,random_tangent,literal_stable,literal_03,11,next_token_logprob_delta,odd,0.9583333333333334,1,-0.23260754983942822,0.0031971144483692584,0.020775505618070147,3,0.25,1.0,1,25,0.9259259259259259,8,8
7,16,matched_betti,0.5,max_full_branch_node_speed,all_interior,coexact,coexact,random_tangent,literal_stable,literal_04,11,next_token_logprob_delta,odd,0.9583333333333334,1,0.3029652192573555,0.052313076495976295,0.2525879461908883,3,0.25,1.0,2,"23,24",0.94,8,8
7,16,matched_betti,0.5,max_full_branch_node_speed,all_interior,coexact,coexact,random_tangent,literal_stable,literal_05,11,next_token_logprob_delta,odd,0.9583333333333334,1,0.18085228910191034,0.018164056535705356,0.15012393049718986,3,0.25,1.0,1,25,0.9615384615384616,8,8
7,16,matched_betti,0.5,max_full_branch_node_speed,all_interior,coexact,coexact,random_tangent,metaphor_shift,metaphor_01,11,next_token_logprob_delta,odd,0.9583333333333334,1,-0.9933268498879981,0.06770673817336192,0.1025077888599158,3,0.25,1.0,1,32,0.9411764705882352,8,8
7,16,matched_betti,0.5,max_full_branch_node_speed,all_interior,coexact,coexact,random_tangent,metaphor_shift,metaphor_02,11,next_token_logprob_delta,odd,0.9583333333333334,1,0.1810242152512167,0.008034354470256015,0.06694987685529889,3,0.25,1.0,2,"27,28",0.9482758620689656,8,8
7,16,matched_betti,0.5,max_full_branch_node_speed,all_interior,coexact,coexact,random_tangent,metaphor_shift,metaphor_03,11,next_token_logprob_delta,odd,0.9583333333333334,1,-0.23513859731782605,0.026748062269079977,0.1694922680398929,3,0.25,1.0,2,"28,29",0.9499999999999998,8,8
7,16,matched_betti,0.5,max_full_branch_node_speed,all_interior,coexact,coexact,random_tangent,metaphor_shift,metaphor_04,11,next_token_logprob_delta,odd,0.9583333333333334,1,0.6197937308945818,0.07220580696725958,0.17346103016259506,3,0.25,1.0,1,26,0.9285714285714285,8,8
7,16,matched_betti,0.5,max_full_branch_node_speed,all_interior,coexact,coexact,random_tangent,metaphor_shift,metaphor_05,11,next_token_logprob_delta,odd,0.9583333333333334,1,1.1179211594848406,0.02044517808145658,0.02763915398995246,3,0.25,1.0,2,"25,26",0.9444444444444443,8,8
7,16,matched_betti,0.5,max_full_branch_node_speed,all_interior,coexact,coexact,random_tangent,ontology_collapse,ontology_01,11,next_token_logprob_delta,odd,0.9583333333333334,1,0.3601215387305754,0.0026685026990706435,0.01120217284483648,3,0.25,1.0,1,29,0.9354838709677419,8,8
7,16,matched_betti,0.5,max_full_branch_node_speed,all_interior,coexact,coexact,random_tangent,ontology_collapse,ontology_02,11,next_token_logprob_delta,odd,0.9583333333333334,1,-0.47872418877115713,0.07182613796302206,0.22121422339006644,3,0.25,1.0,2,"26,27",0.9464285714285715,8,8
7,16,matched_betti,0.5,max_full_branch_node_speed,all_interior,coexact,coexact,random_tangent,ontology_collapse,ontology_03,11,next_token_logprob_delta,odd,0.9583333333333334,1,-0.0764925174315254,0.003058012763490826,0.060330856900995704,3,0.25,1.0,2,"27,28",0.9482758620689656,8,8
7,16,matched_betti,0.5,max_full_branch_node_speed,all_interior,coexact,coexact,random_tangent,ontology_collapse,ontology_04,11,next_token_logprob_delta,odd,0.9583333333333334,1,-0.33988303796036223,0.03612179831010401,0.15864118626176038,3,0.25,1.0,2,"27,28",0.9482758620689656,8,8
7,16,matched_betti,0.5,max_full_branch_node_speed,all_interior,coexact,coexact,random_tangent,ontology_collapse,ontology_05,11,next_token_logprob_delta,odd,0.9583333333333334,1,0.09025025715870515,0.04442580087877012,0.5970251601506767,3,0.25,1.0,1,26,0.9285714285714285,8,8
7,16,matched_betti,0.5,max_full_branch_node_speed,all_interior,coexact,coexact,random_tangent,identity_stress,identity_01,0,semantic_margin_delta,even,0.041666666666666664,2,0.056745196380726275,0.003943738652085403,0.11578373969488005,3,0.25,1.0,2,"1,2",0.04411764705882352,8,8
7,16,matched_betti,0.5,max_full_branch_node_speed,all_interior,coexact,coexact,random_tangent,identity_stress,identity_02,0,semantic_margin_delta,even,0.041666666666666664,2,0.08881978629382441,0.006264085821413511,0.11747079173807919,3,0.25,1.0,2,"1,2",0.04838709677419354,8,8
7,16,matched_betti,0.5,max_full_branch_node_speed,all_interior,coexact,coexact,random_tangent,identity_stress,identity_03,0,semantic_margin_delta,even,0.041666666666666664,2,-0.3768002489362232,0.014964527657487204,0.0664644995889633,3,0.25,1.0,2,"1,2",0.04838709677419354,8,8
7,16,matched_betti,0.5,max_full_branch_node_speed,all_interior,coexact,coexact,random_tangent,identity_stress,identity_04,0,semantic_margin_delta,even,0.041666666666666664,2,0.019280620289858694,0.001797212666236575,0.15446633557186926,3,0.25,1.0,2,"1,2",0.05357142857142857,8,8
7,16,matched_betti,0.5,max_full_branch_node_speed,all_interior,coexact,coexact,random_tangent,identity_stress,identity_05,0,semantic_margin_delta,even,0.041666666666666664,2,-0.0733071690999132,0.006922119150650025,0.15642722449936755,3,0.25,1.0,2,"1,2",0.05357142857142857,8,8
7,16,matched_betti,0.5,max_full_branch_node_speed,all_interior,coexact,coexact,random_tangent,literal_stable,literal_01,0,semantic_margin_delta,even,0.041666666666666664,2,0.07671590568444621,0.0013599083971716378,0.029718826349568406,3,0.25,1.0,2,"1,2",0.04545454545454545,8,8
7,16,matched_betti,0.5,max_full_branch_node_speed,all_interior,coexact,coexact,random_tangent,literal_stable,literal_02,0,semantic_margin_delta,even,0.041666666666666664,2,0.0868682907847968,0.010522479832156241,0.19910074862905225,3,0.25,1.0,2,"1,2",0.05357142857142857,8,8
7,16,matched_betti,0.5,max_full_branch_node_speed,all_interior,coexact,coexact,random_tangent,literal_stable,literal_03,0,semantic_margin_delta,even,0.041666666666666664,2,-0.06427526357027284,0.016896798366805542,0.40344379307154454,3,0.25,1.0,2,"1,2",0.05555555555555555,8,8
7,16,matched_betti,0.5,max_full_branch_node_speed,all_interior,coexact,coexact,random_tangent,literal_stable,literal_04,0,semantic_margin_delta,even,0.041666666666666664,2,0.06833174486898799,0.004315967535229392,0.1053492554091212,3,0.25,1.0,2,"1,2",0.06,8,8
7,16,matched_betti,0.5,max_full_branch_node_speed,all_interior,coexact,coexact,random_tangent,literal_stable,literal_05,0,semantic_margin_delta,even,0.041666666666666664,2,-0.11857654746613755,0.035722987654955615,0.45099304748532465,3,0.25,1.0,2,"1,2",0.05769230769230769,8,8
7,16,matched_betti,0.5,max_full_branch_node_speed,all_interior,coexact,coexact,random_tangent,metaphor_shift,metaphor_01,0,semantic_margin_delta,even,0.041666666666666664,2,0.22717039858313098,0.0022794854464378393,0.016827626815476397,3,0.25,1.0,2,"1,2",0.04411764705882352,8,8
7,16,matched_betti,0.5,max_full_branch_node_speed,all_interior,coexact,coexact,random_tangent,metaphor_shift,metaphor_02,0,semantic_margin_delta,even,0.041666666666666664,2,0.042251924106490917,0.021115820527973665,0.6423943083654191,3,0.25,1.0,2,"1,2",0.05172413793103448,8,8
7,16,matched_betti,0.5,max_full_branch_node_speed,all_interior,coexact,coexact,random_tangent,metaphor_shift,metaphor_03,0,semantic_margin_delta,even,0.041666666666666664,2,0.04104925452378262,0.026450931901906453,0.7340033476585004,3,0.25,1.0,2,"1,2",0.05000000000000001,8,8
7,16,matched_betti,0.5,max_full_branch_node_speed,all_interior,coexact,coexact,random_tangent,metaphor_shift,metaphor_04,0,semantic_margin_delta,even,0.041666666666666664,2,0.04416330230179926,0.007455371625085496,0.2724337480884983,3,0.25,1.0,2,"1,2",0.05357142857142857,8,8
7,16,matched_betti,0.5,max_full_branch_node_speed,all_interior,coexact,coexact,random_tangent,metaphor_shift,metaphor_05,0,semantic_margin_delta,even,0.041666666666666664,2,-0.061211605085549924,0.005474117503845338,0.14833656971487738,3,0.25,1.0,2,"1,2",0.05555555555555555,8,8
7,16,matched_betti,0.5,max_full_branch_node_speed,all_interior,coexact,coexact,random_tangent,ontology_collapse,ontology_01,0,semantic_margin_delta,even,0.041666666666666664,2,-0.13875717580229072,0.019012696133791335,0.22398094025996984,3,0.25,1.0,2,"1,2",0.04838709677419354,8,8
7,16,matched_betti,0.5,max_full_branch_node_speed,all_interior,coexact,coexact,random_tangent,ontology_collapse,ontology_02,0,semantic_margin_delta,even,0.041666666666666664,2,-0.0302364624123602,0.005129885054394448,0.2736957680145987,3,0.25,1.0,2,"1,2",0.05357142857142857,8,8
7,16,matched_betti,0.5,max_full_branch_node_speed,all_interior,coexact,coexact,random_tangent,ontology_collapse,ontology_03,0,semantic_margin_delta,even,0.041666666666666664,2,-0.07853315224948303,0.0010706497799673855,0.02286020813237948,3,0.25,1.0,2,"1,2",0.05172413793103448,8,8
7,16,matched_betti,0.5,max_full_branch_node_speed,all_interior,coexact,coexact,random_tangent,ontology_collapse,ontology_04,0,semantic_margin_delta,even,0.041666666666666664,2,0.1802006387268683,0.027877926472989017,0.2511621117675885,3,0.25,1.0,2,"1,2",0.05172413793103448,8,8
7,16,matched_betti,0.5,max_full_branch_node_speed,all_interior,coexact,coexact,random_tangent,ontology_collapse,ontology_05,0,semantic_margin_delta,even,0.041666666666666664,2,0.1293488276081042,0.0313809188995726,0.376904753632067,3,0.25,1.0,2,"1,2",0.05357142857142857,8,8
7,16,matched_betti,0.5,max_full_branch_node_speed,all_interior,coexact,coexact,random_tangent,identity_stress,identity_01,1,semantic_margin_delta,even,0.125,2,-0.04216947913771258,0.0023468452128015756,0.09293978704541082,3,0.25,1.0,3,"3,4,5",0.11764705882352942,8,8
7,16,matched_betti,0.5,max_full_branch_node_speed,all_interior,coexact,coexact,random_tangent,identity_stress,identity_02,1,semantic_margin_delta,even,0.125,2,0.04614999594871405,0.008477499929031943,0.2944440515367226,3,0.25,1.0,3,"3,4,5",0.12903225806451613,8,8
7,16,matched_betti,0.5,max_full_branch_node_speed,all_interior,coexact,coexact,random_tangent,identity_stress,identity_03,1,semantic_margin_delta,even,0.125,2,0.07457249857402024,0.00723695481412345,0.16065645364094527,3,0.25,1.0,3,"3,4,5",0.12903225806451613,8,8
7,16,matched_betti,0.5,max_full_branch_node_speed,all_interior,coexact,coexact,random_tangent,identity_stress,identity_04,1,semantic_margin_delta,even,0.125,2,0.31025616889992963,0.014504497748264835,0.07817187564824955,3,0.25,1.0,2,"3,4",0.125,8,8
7,16,matched_betti,0.5,max_full_branch_node_speed,all_interior,coexact,coexact,random_tangent,identity_stress,identity_05,1,semantic_margin_delta,even,0.125,2,0.3655922862559991,0.06834521010864977,0.299189844147199,3,0.25,1.0,2,"3,4",0.125,8,8
7,16,matched_betti,0.5,max_full_branch_node_speed,all_interior,coexact,coexact,random_tangent,literal_stable,literal_01,1,semantic_margin_delta,even,0.125,2,-0.24901971817156662,0.007860031464295751,0.05286668540657184,3,0.25,1.0,3,"3,4,5",0.12121212121212122,8,8
7,16,matched_betti,0.5,max_full_branch_node_speed,all_interior,coexact,coexact,random_tangent,literal_stable,literal_02,1,semantic_margin_delta,even,0.125,2,0.08794871320888002,0.001157804694097816,0.022074926219892023,3,0.25,1.0,2,"3,4",0.125,8,8
7,16,matched_betti,0.5,max_full_branch_node_speed,all_interior,coexact,coexact,random_tangent,literal_stable,literal_03,1,semantic_margin_delta,even,0.125,2,-0.05187310418414954,0.031100232932904627,0.7090746745532501,3,0.25,1.0,2,"3,4",0.12962962962962962,8,8
7,16,matched_betti,0.5,max_full_branch_node_speed,all_interior,coexact,coexact,random_tangent,literal_stable,literal_04,1,semantic_margin_delta,even,0.125,2,0.059676793453655494,0.01647039327080368,0.420084954403644,3,0.25,1.0,2,"3,4",0.14,8,8
7,16,matched_betti,0.5,max_full_branch_node_speed,all_interior,coexact,coexact,random_tangent,literal_stable,literal_05,1,semantic_margin_delta,even,0.125,2,-0.15190091960895669,0.018986459266111925,0.2051837069594855,3,0.25,1.0,2,"3,4",0.13461538461538464,8,8
7,16,matched_betti,0.5,max_full_branch_node_speed,all_interior,coexact,coexact,random_tangent,metaphor_shift,metaphor_01,1,semantic_margin_delta,even,0.125,2,0.2711089341529319,0.005603321222891002,0.034644969573925384,3,0.25,1.0,2,"3,5",0.1176470588235294,8,8
7,16,matched_betti,0.5,max_full_branch_node_speed,all_interior,coexact,coexact,random_tangent,metaphor_shift,metaphor_02,1,semantic_margin_delta,even,0.125,2,-0.15073622739515774,0.001701884357088543,0.018933627735803853,3,0.25,1.0,2,"3,4",0.12068965517241377,8,8
7,16,matched_betti,0.5,max_full_branch_node_speed,all_interior,coexact,coexact,random_tangent,metaphor_shift,metaphor_03,1,semantic_margin_delta,even,0.125,2,0.2181493088440666,0.009225114381390486,0.07075017619445252,3,0.25,1.0,2,"3,4",0.11666666666666665,8,8
7,16,matched_betti,0.5,max_full_branch_node_speed,all_interior,coexact,coexact,random_tangent,metaphor_shift,metaphor_04,1,semantic_margin_delta,even,0.125,2,0.44728023947037077,0.040347079415125435,0.14959497823341045,3,0.25,1.0,2,"3,4",0.125,8,8
7,16,matched_betti,0.5,max_full_branch_node_speed,all_interior,coexact,coexact,random_tangent,metaphor_shift,metaphor_05,1,semantic_margin_delta,even,0.125,2,0.042344509784909744,0.0017620489098913426,0.0696249547640497,3,0.25,1.0,2,"3,4",0.12962962962962962,8,8
7,16,matched_betti,0.5,max_full_branch_node_speed,all_interior,coexact,coexact,random_tangent,ontology_collapse,ontology_01,1,semantic_margin_delta,even,0.125,2,0.13114220142619054,0.010658612342828644,0.13507011819582995,3,0.25,1.0,3,"3,4,5",0.12903225806451613,8,8
7,16,matched_betti,0.5,max_full_branch_node_speed,all_interior,coexact,coexact,random_tangent,ontology_collapse,ontology_02,1,semantic_margin_delta,even,0.125,2,0.1727983204078701,0.007599821939619089,0.07356729069395632,3,0.25,1.0,2,"3,4",0.125,8,8
7,16,matched_betti,0.5,max_full_branch_node_speed,all_interior,coexact,coexact,random_tangent,ontology_collapse,ontology_03,1,semantic_margin_delta,even,0.125,2,0.08800782246217194,0.022903031149184783,0.400039169222487,3,0.25,1.0,2,"3,4",0.12068965517241377,8,8
7,16,matched_betti,0.5,max_full_branch_node_speed,all_interior,coexact,coexact,random_tangent,ontology_collapse,ontology_04,1,semantic_margin_delta,even,0.125,2,-0.053628927068141666,0.04579769323103343,0.819939298664483,3,0.25,1.0,2,"3,4",0.12068965517241377,8,8
7,16,matched_betti,0.5,max_full_branch_node_speed,all_interior,coexact,coexact,random_tangent,ontology_collapse,ontology_05,1,semantic_margin_delta,even,0.125,2,0.04490187627774351,0.005775511547133408,0.21088553970170376,3,0.25,1.0,2,"3,4",0.125,8,8
7,16,matched_betti,0.5,max_full_branch_node_speed,all_interior,coexact,coexact,random_tangent,identity_stress,identity_01,2,semantic_margin_delta,even,0.20833333333333334,2,-0.37133291382124706,0.00691096966524671,0.031200628067492544,3,0.25,1.0,3,"6,7,8",0.2058823529411765,8,8
7,16,matched_betti,0.5,max_full_branch_node_speed,all_interior,coexact,coexact,random_tangent,identity_stress,identity_02,2,semantic_margin_delta,even,0.20833333333333334,2,-0.3885662735388361,0.008087977033886846,0.034890692239674614,3,0.25,1.0,2,"6,7",0.20967741935483866,8,8
7,16,matched_betti,0.5,max_full_branch_node_speed,all_interior,coexact,coexact,random_tangent,identity_stress,identity_03,2,semantic_margin_delta,even,0.20833333333333334,2,0.41031296407681656,0.027076844266428066,0.11001148621295315,3,0.25,1.0,2,"6,7",0.20967741935483866,8,8
7,16,matched_betti,0.5,max_full_branch_node_speed,all_interior,coexact,coexact,random_tangent,identity_stress,identity_04,2,semantic_margin_delta,even,0.20833333333333334,2,-0.18090360324957594,0.023418934527653645,0.21218551238810088,3,0.25,1.0,2,"5,6",0.19642857142857142,8,8
7,16,matched_betti,0.5,max_full_branch_node_speed,all_interior,coexact,coexact,random_tangent,identity_stress,identity_05,2,semantic_margin_delta,even,0.20833333333333334,2,-0.024553407847864594,0.04979370858853382,0.9593976866240539,3,0.25,1.0,2,"5,6",0.19642857142857142,8,8
7,16,matched_betti,0.5,max_full_branch_node_speed,all_interior,coexact,coexact,random_tangent,literal_stable,literal_01,2,semantic_margin_delta,even,0.20833333333333334,2,-0.12255248396393857,0.0020216185102817944,0.027657327234078297,3,0.25,1.0,3,"6,7,8",0.21212121212121213,8,8
7,16,matched_betti,0.5,max_full_branch_node_speed,all_interior,coexact,coexact,random_tangent,literal_stable,literal_02,2,semantic_margin_delta,even,0.20833333333333334,2,-0.14036830827021618,0.02408047548381897,0.2765175345954454,3,0.25,1.0,2,"5,6",0.19642857142857142,8,8
7,16,matched_betti,0.5,max_full_branch_node_speed,all_interior,coexact,coexact,random_tangent,literal_stable,literal_03,2,semantic_margin_delta,even,0.20833333333333334,2,-0.16067449238682222,0.02308558518261618,0.23427993043525028,3,0.25,1.0,2,"5,6",0.2037037037037037,8,8
7,16,matched_betti,0.5,max_full_branch_node_speed,all_interior,coexact,coexact,random_tangent,literal_stable,literal_04,2,semantic_margin_delta,even,0.20833333333333334,2,-0.19577333812540948,0.03396030669310655,0.2793651526995679,3,0.25,1.0,2,"5,6",0.22,8,8
7,16,matched_betti,0.5,max_full_branch_node_speed,all_interior,coexact,coexact,random_tangent,literal_stable,literal_05,2,semantic_margin_delta,even,0.20833333333333334,2,-0.49794265700834645,0.007782412151062218,0.026205051279120546,3,0.25,1.0,2,"5,6",0.21153846153846156,8,8
7,16,matched_betti,0.5,max_full_branch_node_speed,all_interior,coexact,coexact,random_tangent,metaphor_shift,metaphor_01,2,semantic_margin_delta,even,0.20833333333333334,2,-0.2348465289168254,0.008333606412357383,0.05941283354508226,3,0.25,1.0,3,"6,7,8",0.2058823529411765,8,8
7,16,matched_betti,0.5,max_full_branch_node_speed,all_interior,coexact,coexact,random_tangent,metaphor_shift,metaphor_02,2,semantic_margin_delta,even,0.20833333333333334,2,0.10816885775259626,0.018845183883726965,0.2804819983672204,3,0.25,1.0,3,"5,6,7",0.20689655172413793,8,8
7,16,matched_betti,0.5,max_full_branch_node_speed,all_interior,coexact,coexact,random_tangent,metaphor_shift,metaphor_03,2,semantic_margin_delta,even,0.20833333333333334,2,-0.15520987889823046,0.009992718966884579,0.10736090049828792,3,0.25,1.0,3,"5,6,7",0.19999999999999998,8,8
7,16,matched_betti,0.5,max_full_branch_node_speed,all_interior,coexact,coexact,random_tangent,metaphor_shift,metaphor_04,2,semantic_margin_delta,even,0.20833333333333334,2,-0.1192947305282039,0.044948463759227966,0.5342261306323051,3,0.25,1.0,2,"5,6",0.19642857142857142,8,8
7,16,matched_betti,0.5,max_full_branch_node_speed,all_interior,coexact,coexact,random_tangent,metaphor_shift,metaphor_05,2,semantic_margin_delta,even,0.20833333333333334,2,0.3696359238207303,0.01259734266765753,0.057068400099334476,3,0.25,1.0,2,"5,6",0.2037037037037037,8,8
7,16,matched_betti,0.5,max_full_branch_node_speed,all_interior,coexact,coexact,random_tangent,ontology_collapse,ontology_01,2,semantic_margin_delta,even,0.20833333333333334,2,0.09050175207449514,0.01489300777077061,0.2660614524867359,3,0.25,1.0,2,"6,7",0.20967741935483866,8,8
7,16,matched_betti,0.5,max_full_branch_node_speed,all_interior,coexact,coexact,random_tangent,ontology_collapse,ontology_02,2,semantic_margin_delta,even,0.20833333333333334,2,0.07332855846112178,0.01349436570667162,0.29492933547373973,3,0.25,1.0,2,"5,6",0.19642857142857142,8,8
7,16,matched_betti,0.5,max_full_branch_node_speed,all_interior,coexact,coexact,random_tangent,ontology_collapse,ontology_03,2,semantic_margin_delta,even,0.20833333333333334,2,-0.05384054604437188,0.012196399380437414,0.35517335832965674,3,0.25,1.0,3,"5,6,7",0.20689655172413793,8,8
7,16,matched_betti,0.5,max_full_branch_node_speed,all_interior,coexact,coexact,random_tangent,ontology_collapse,ontology_04,2,semantic_margin_delta,even,0.20833333333333334,2,-0.16354754909980784,0.008079455029977377,0.08257556917046005,3,0.25,1.0,3,"5,6,7",0.20689655172413793,8,8
7,16,matched_betti,0.5,max_full_branch_node_speed,all_interior,coexact,coexact,random_tangent,ontology_collapse,ontology_05,2,semantic_margin_delta,even,0.20833333333333334,2,0.09719404407046632,0.04323370828783807,0.597984389288583,3,0.25,1.0,2,"5,6",0.19642857142857142,8,8
7,16,matched_betti,0.5,max_full_branch_node_speed,all_interior,coexact,coexact,random_tangent,identity_stress,identity_01,3,semantic_margin_delta,even,0.2916666666666667,2,-0.0707043518044612,0.006671297232721772,0.15631184707217638,3,0.25,1.0,3,"9,10,11",0.29411764705882354,8,8
7,16,matched_betti,0.5,max_full_branch_node_speed,all_interior,coexact,coexact,random_tangent,identity_stress,identity_02,3,semantic_margin_delta,even,0.2916666666666667,2,-0.16625498538578562,0.010260793420053564,0.10296534940348288,3,0.25,1.0,3,"8,9,10",0.2903225806451613,8,8
7,16,matched_betti,0.5,max_full_branch_node_speed,all_interior,coexact,coexact,random_tangent,identity_stress,identity_03,3,semantic_margin_delta,even,0.2916666666666667,2,-0.031651746336271644,0.008934570621841479,0.4279143913885831,3,0.25,1.0,3,"8,9,10",0.2903225806451613,8,8
7,16,matched_betti,0.5,max_full_branch_node_speed,all_interior,coexact,coexact,random_tangent,identity_stress,identity_04,3,semantic_margin_delta,even,0.2916666666666667,2,-0.13720996075060446,0.031985095987863595,0.36414228485161454,3,0.25,1.0,3,"7,8,9",0.28571428571428575,8,8
7,16,matched_betti,0.5,max_full_branch_node_speed,all_interior,coexact,coexact,random_tangent,identity_stress,identity_05,3,semantic_margin_delta,even,0.2916666666666667,2,-0.3487080837844648,0.0036184689860534374,0.01740188755463177,3,0.25,1.0,3,"7,8,9",0.28571428571428575,8,8
7,16,matched_betti,0.5,max_full_branch_node_speed,all_interior,coexact,coexact,random_tangent,literal_stable,literal_01,3,semantic_margin_delta,even,0.2916666666666667,2,0.4249160718536339,0.010292646324025094,0.04059429905828531,3,0.25,1.0,2,"9,10",0.28787878787878785,8,8
7,16,matched_betti,0.5,max_full_branch_node_speed,all_interior,coexact,coexact,random_tangent,literal_stable,literal_02,3,semantic_margin_delta,even,0.2916666666666667,2,-0.01621899825043766,0.03577524215106362,0.9653567523054237,3,0.25,1.0,3,"7,8,9",0.28571428571428575,8,8
7,16,matched_betti,0.5,max_full_branch_node_speed,all_interior,coexact,coexact,random_tangent,literal_stable,literal_03,3,semantic_margin_delta,even,0.2916666666666667,2,-0.3017738023734204,0.005594921415559275,0.03108149242369701,3,0.25,1.0,2,"7,8",0.2777777777777778,8,8
7,16,matched_betti,0.5,max_full_branch_node_speed,all_interior,coexact,coexact,random_tangent,literal_stable,literal_04,3,semantic_margin_delta,even,0.2916666666666667,2,-0.48027143944589934,0.02538509254381156,0.0883062266896399,3,0.25,1.0,2,"7,8",0.30000000000000004,8,8
7,16,matched_betti,0.5,max_full_branch_node_speed,all_interior,coexact,coexact,random_tangent,literal_stable,literal_05,3,semantic_margin_delta,even,0.2916666666666667,2,-0.06027466995355147,0.0050298989383435345,0.1386151810138766,3,0.25,1.0,2,"7,8",0.28846153846153844,8,8
7,16,matched_betti,0.5,max_full_branch_node_speed,all_interior,coexact,coexact,random_tangent,metaphor_shift,metaphor_01,3,semantic_margin_delta,even,0.2916666666666667,2,-0.006547320697683367,0.011465629272852069,0.9466398751185765,3,0.25,1.0,3,"9,10,11",0.29411764705882354,8,8
7,16,matched_betti,0.5,max_full_branch_node_speed,all_interior,coexact,coexact,random_tangent,metaphor_shift,metaphor_02,3,semantic_margin_delta,even,0.2916666666666667,2,-0.0010210608287546468,0.008006270157759137,0.9971217004996955,3,0.25,1.0,2,"8,9",0.2931034482758621,8,8
7,16,matched_betti,0.5,max_full_branch_node_speed,all_interior,coexact,coexact,random_tangent,metaphor_shift,metaphor_03,3,semantic_margin_delta,even,0.2916666666666667,2,-0.003429227304655539,0.0033384839756760696,0.8527856969922258,3,0.25,1.0,2,"8,9",0.2833333333333333,8,8
7,16,matched_betti,0.5,max_full_branch_node_speed,all_interior,coexact,coexact,random_tangent,metaphor_shift,metaphor_04,3,semantic_margin_delta,even,0.2916666666666667,2,-0.056853774612967915,0.008393551020025083,0.24036068366603755,3,0.25,1.0,3,"7,8,9",0.28571428571428575,8,8
7,16,matched_betti,0.5,max_full_branch_node_speed,all_interior,coexact,coexact,random_tangent,metaphor_shift,metaphor_05,3,semantic_margin_delta,even,0.2916666666666667,2,-0.02627907755713806,0.005767295694042781,0.34543696137590646,3,0.25,1.0,2,"7,8",0.2777777777777778,8,8
7,16,matched_betti,0.5,max_full_branch_node_speed,all_interior,coexact,coexact,random_tangent,ontology_collapse,ontology_01,3,semantic_margin_delta,even,0.2916666666666667,2,-0.007828904996510476,0.010452211402977042,0.9130884051975499,3,0.25,1.0,3,"8,9,10",0.2903225806451613,8,8
7,16,matched_betti,0.5,max_full_branch_node_speed,all_interior,coexact,coexact,random_tangent,ontology_collapse,ontology_02,3,semantic_margin_delta,even,0.2916666666666667,2,0.24800693764508672,0.01853994151485557,0.12441035890849501,3,0.25,1.0,3,"7,8,9",0.28571428571428575,8,8
7,16,matched_betti,0.5,max_full_branch_node_speed,all_interior,coexact,coexact,random_tangent,ontology_collapse,ontology_03,3,semantic_margin_delta,even,0.2916666666666667,2,-0.6620973504899063,0.010521290329527432,0.02664355910379451,3,0.25,1.0,2,"8,9",0.2931034482758621,8,8
7,16,matched_betti,0.5,max_full_branch_node_speed,all_interior,coexact,coexact,random_tangent,ontology_collapse,ontology_04,3,semantic_margin_delta,even,0.2916666666666667,2,-0.07248419162484646,0.017756534673999545,0.38004940586131386,3,0.25,1.0,2,"8,9",0.2931034482758621,8,8
7,16,matched_betti,0.5,max_full_branch_node_speed,all_interior,coexact,coexact,random_tangent,ontology_collapse,ontology_05,3,semantic_margin_delta,even,0.2916666666666667,2,0.05771254679179564,0.002645974680482444,0.07667158777356191,3,0.25,1.0,3,"7,8,9",0.28571428571428575,8,8
7,16,matched_betti,0.5,max_full_branch_node_speed,all_interior,coexact,coexact,random_tangent,identity_stress,identity_01,4,semantic_margin_delta,even,0.375,2,0.24222622266693009,0.023135632035990495,0.158181980534304,3,0.25,1.0,3,"12,13,14",0.38235294117647056,8,8
7,16,matched_betti,0.5,max_full_branch_node_speed,all_interior,coexact,coexact,random_tangent,identity_stress,identity_02,4,semantic_margin_delta,even,0.375,2,0.16553833656172423,0.017572676612687535,0.17529180990078103,3,0.25,1.0,2,"11,12",0.3709677419354838,8,8
7,16,matched_betti,0.5,max_full_branch_node_speed,all_interior,coexact,coexact,random_tangent,identity_stress,identity_03,4,semantic_margin_delta,even,0.375,2,-0.34238185142372757,0.014242189337652613,0.06960025738686021,3,0.25,1.0,2,"11,12",0.3709677419354838,8,8
7,16,matched_betti,0.5,max_full_branch_node_speed,all_interior,coexact,coexact,random_tangent,identity_stress,identity_04,4,semantic_margin_delta,even,0.375,2,-0.052139705741259625,0.019242359879934584,0.5263239354681659,3,0.25,1.0,2,"10,11",0.375,8,8
7,16,matched_betti,0.5,max_full_branch_node_speed,all_interior,coexact,coexact,random_tangent,identity_stress,identity_05,4,semantic_margin_delta,even,0.375,2,0.0031810792467616487,0.03298801501001422,0.9983513328056005,3,0.25,1.0,2,"10,11",0.375,8,8
7,16,matched_betti,0.5,max_full_branch_node_speed,all_interior,coexact,coexact,random_tangent,literal_stable,literal_01,4,semantic_margin_delta,even,0.375,2,0.18174884770069297,0.007736949149204683,0.07121855724606993,3,0.25,1.0,3,"11,12,13",0.3636363636363636,8,8
7,16,matched_betti,0.5,max_full_branch_node_speed,all_interior,coexact,coexact,random_tangent,literal_stable,literal_02,4,semantic_margin_delta,even,0.375,2,-0.028693260022812358,0.0061921108880830505,0.34034879113409555,3,0.25,1.0,2,"10,11",0.375,8,8
7,16,matched_betti,0.5,max_full_branch_node_speed,all_interior,coexact,coexact,random_tangent,literal_stable,literal_03,4,semantic_margin_delta,even,0.375,2,-0.342574319061466,0.00585677291632734,0.028663181397666725,3,0.25,1.0,3,"9,10,11",0.3703703703703704,8,8
7,16,matched_betti,0.5,max_full_branch_node_speed,all_interior,coexact,coexact,random_tangent,literal_stable,literal_04,4,semantic_margin_delta,even,0.375,2,-0.3143895083677603,0.03387955161510699,0.17786409830521635,3,0.25,1.0,2,"9,10",0.38000000000000006,8,8
7,16,matched_betti,0.5,max_full_branch_node_speed,all_interior,coexact,coexact,random_tangent,literal_stable,literal_05,4,semantic_margin_delta,even,0.375,2,-0.1670355798800307,0.02400780119516939,0.23435613495049065,3,0.25,1.0,2,"9,10",0.3653846153846154,8,8
7,16,matched_betti,0.5,max_full_branch_node_speed,all_interior,coexact,coexact,random_tangent,metaphor_shift,metaphor_01,4,semantic_margin_delta,even,0.375,2,-0.11442716562779293,0.023783186788282916,0.32918111639117986,3,0.25,1.0,3,"12,13,14",0.38235294117647056,8,8
7,16,matched_betti,0.5,max_full_branch_node_speed,all_interior,coexact,coexact,random_tangent,metaphor_shift,metaphor_02,4,semantic_margin_delta,even,0.375,2,-0.1921485604387174,0.027707542498556788,0.2350800154028966,3,0.25,1.0,3,"10,11,12",0.37931034482758624,8,8
7,16,matched_betti,0.5,max_full_branch_node_speed,all_interior,coexact,coexact,random_tangent,metaphor_shift,metaphor_03,4,semantic_margin_delta,even,0.375,2,0.03743833642601055,0.005939371658145218,0.2571394006799754,3,0.25,1.0,3,"10,11,12",0.3666666666666667,8,8
7,16,matched_betti,0.5,max_full_branch_node_speed,all_interior,coexact,coexact,random_tangent,metaphor_shift,metaphor_04,4,semantic_margin_delta,even,0.375,2,0.2699824125136684,0.008497446968443888,0.052716670490392435,3,0.25,1.0,2,"10,11",0.375,8,8
7,16,matched_betti,0.5,max_full_branch_node_speed,all_interior,coexact,coexact,random_tangent,metaphor_shift,metaphor_05,4,semantic_margin_delta,even,0.375,2,0.2920469810769653,0.015016027357335626,0.08591967931970611,3,0.25,1.0,3,"9,10,11",0.3703703703703704,8,8
7,16,matched_betti,0.5,max_full_branch_node_speed,all_interior,coexact,coexact,random_tangent,ontology_collapse,ontology_01,4,semantic_margin_delta,even,0.375,2,0.06774216642336514,0.06263368363634327,0.8404197060491487,3,0.25,1.0,1,12,0.3870967741935483,8,8
7,16,matched_betti,0.5,max_full_branch_node_speed,all_interior,coexact,coexact,random_tangent,ontology_collapse,ontology_02,4,semantic_margin_delta,even,0.375,2,0.19081721880758878,0.011462838748555448,0.10024911860794618,3,0.25,1.0,2,"10,11",0.375,8,8
7,16,matched_betti,0.5,max_full_branch_node_speed,all_interior,coexact,coexact,random_tangent,ontology_collapse,ontology_03,4,semantic_margin_delta,even,0.375,2,-0.03886069719390744,0.019279064454339197,0.6396239707878546,3,0.25,1.0,3,"10,11,12",0.37931034482758624,8,8
7,16,matched_betti,0.5,max_full_branch_node_speed,all_interior,coexact,coexact,random_tangent,ontology_collapse,ontology_04,4,semantic_margin_delta,even,0.375,2,0.191465059773265,0.00039104889179826177,0.0034256127478157683,3,0.25,1.0,3,"10,11,12",0.37931034482758624,8,8
7,16,matched_betti,0.5,max_full_branch_node_speed,all_interior,coexact,coexact,random_tangent,ontology_collapse,ontology_05,4,semantic_margin_delta,even,0.375,2,0.45403071261400507,0.02613447189143302,0.09609773709634946,3,0.25,1.0,2,"10,11",0.375,8,8
7,16,matched_betti,0.5,max_full_branch_node_speed,all_interior,coexact,coexact,random_tangent,identity_stress,identity_01,5,semantic_margin_delta,even,0.4583333333333333,2,-0.06042686705677069,0.01461884401738648,0.3759969577915831,3,0.25,1.0,2,"15,16",0.45588235294117646,8,8
7,16,matched_betti,0.5,max_full_branch_node_speed,all_interior,coexact,coexact,random_tangent,identity_stress,identity_02,5,semantic_margin_delta,even,0.4583333333333333,2,-0.09880855732920524,0.05039942357614366,0.6500803246334274,3,0.25,1.0,2,"13,15",0.4516129032258065,8,8
7,16,matched_betti,0.5,max_full_branch_node_speed,all_interior,coexact,coexact,random_tangent,identity_stress,identity_03,5,semantic_margin_delta,even,0.4583333333333333,2,0.03147503984507667,0.002938725120435097,0.15471448763540294,3,0.25,1.0,3,"13,14,15",0.4516129032258065,8,8
7,16,matched_betti,0.5,max_full_branch_node_speed,all_interior,coexact,coexact,random_tangent,identity_stress,identity_04,5,semantic_margin_delta,even,0.4583333333333333,2,-0.2416064349481566,0.03567206522013257,0.24037806248155386,3,0.25,1.0,1,13,0.46428571428571425,8,8
7,16,matched_betti,0.5,max_full_branch_node_speed,all_interior,coexact,coexact,random_tangent,identity_stress,identity_05,5,semantic_margin_delta,even,0.4583333333333333,2,0.16602931857367087,0.0015227886914214864,0.015381644226016318,3,0.25,1.0,2,"12,13",0.4464285714285714,8,8
7,16,matched_betti,0.5,max_full_branch_node_speed,all_interior,coexact,coexact,random_tangent,literal_stable,literal_01,5,semantic_margin_delta,even,0.4583333333333333,2,0.03917488586528145,0.01839109728748121,0.6186434248753275,3,0.25,1.0,3,"14,15,16",0.4545454545454546,8,8
7,16,matched_betti,0.5,max_full_branch_node_speed,all_interior,coexact,coexact,random_tangent,literal_stable,literal_02,5,semantic_margin_delta,even,0.4583333333333333,2,-0.25609213896838007,0.0008128413606474136,0.005323566445206715,3,0.25,1.0,2,"12,13",0.4464285714285714,8,8
7,16,matched_betti,0.5,max_full_branch_node_speed,all_interior,coexact,coexact,random_tangent,literal_stable,literal_03,5,semantic_margin_delta,even,0.4583333333333333,2,-0.5858237575485753,0.008773904046806726,0.025112399031886192,3,0.25,1.0,2,"12,13",0.46296296296296297,8,8
7,16,matched_betti,0.5,max_full_branch_node_speed,all_interior,coexact,coexact,random_tangent,literal_stable,literal_04,5,semantic_margin_delta,even,0.4583333333333333,2,-0.1341691235779785,0.008846907391073962,0.1099254572766467,3,0.25,1.0,2,"11,12",0.45999999999999996,8,8
7,16,matched_betti,0.5,max_full_branch_node_speed,all_interior,coexact,coexact,random_tangent,literal_stable,literal_05,5,semantic_margin_delta,even,0.4583333333333333,2,0.1527398374776132,0.03969573315640595,0.3995904272067921,3,0.25,1.0,2,"11,12",0.4423076923076923,8,8
7,16,matched_betti,0.5,max_full_branch_node_speed,all_interior,coexact,coexact,random_tangent,metaphor_shift,metaphor_01,5,semantic_margin_delta,even,0.4583333333333333,2,0.08776842835333283,0.012253091230395498,0.22798985636296001,3,0.25,1.0,2,"15,16",0.45588235294117646,8,8
7,16,matched_betti,0.5,max_full_branch_node_speed,all_interior,coexact,coexact,random_tangent,metaphor_shift,metaphor_02,5,semantic_margin_delta,even,0.4583333333333333,2,-0.18356674114760527,0.01120744590319732,0.10187009626916192,3,0.25,1.0,2,"13,14",0.46551724137931033,8,8
7,16,matched_betti,0.5,max_full_branch_node_speed,all_interior,coexact,coexact,random_tangent,metaphor_shift,metaphor_03,5,semantic_margin_delta,even,0.4583333333333333,2,0.09670113294960363,0.00267539024643774,0.04635405989744144,3,0.25,1.0,2,"13,14",0.45,8,8
7,16,matched_betti,0.5,max_full_branch_node_speed,all_interior,coexact,coexact,random_tangent,metaphor_shift,metaphor_04,5,semantic_margin_delta,even,0.4583333333333333,2,0.2119638434701418,0.003557183445076541,0.028136611000694065,3,0.25,1.0,2,"12,13",0.4464285714285714,8,8
7,16,matched_betti,0.5,max_full_branch_node_speed,all_interior,coexact,coexact,random_tangent,metaphor_shift,metaphor_05,5,semantic_margin_delta,even,0.4583333333333333,2,0.2546954637033045,0.0023644473766823255,0.015568798190124761,3,0.25,1.0,2,"12,13",0.46296296296296297,8,8
7,16,matched_betti,0.5,max_full_branch_node_speed,all_interior,coexact,coexact,random_tangent,ontology_collapse,ontology_01,5,semantic_margin_delta,even,0.4583333333333333,2,0.346480299958785,0.04299450917679011,0.20376303671391466,3,0.25,1.0,3,"13,14,15",0.4516129032258065,8,8
7,16,matched_betti,0.5,max_full_branch_node_speed,all_interior,coexact,coexact,random_tangent,ontology_collapse,ontology_02,5,semantic_margin_delta,even,0.4583333333333333,2,0.08707050879970347,0.010479398317808907,0.19787517559693615,3,0.25,1.0,2,"12,13",0.4464285714285714,8,8
7,16,matched_betti,0.5,max_full_branch_node_speed,all_interior,coexact,coexact,random_tangent,ontology_collapse,ontology_03,5,semantic_margin_delta,even,0.4583333333333333,2,-0.5329294048836352,0.04951708766662215,0.15398340524601548,3,0.25,1.0,2,"13,14",0.46551724137931033,8,8
7,16,matched_betti,0.5,max_full_branch_node_speed,all_interior,coexact,coexact,random_tangent,ontology_collapse,ontology_04,5,semantic_margin_delta,even,0.4583333333333333,2,-0.15426316677210758,0.006464438927174068,0.07011287771774033,3,0.25,1.0,2,"13,14",0.46551724137931033,8,8
7,16,matched_betti,0.5,max_full_branch_node_speed,all_interior,coexact,coexact,random_tangent,ontology_collapse,ontology_05,5,semantic_margin_delta,even,0.4583333333333333,2,-0.04555756324784347,0.012480036569142705,0.41750609331332844,3,0.25,1.0,2,"12,13",0.4464285714285714,8,8
7,16,matched_betti,0.5,max_full_branch_node_speed,all_interior,coexact,coexact,random_tangent,identity_stress,identity_01,6,semantic_margin_delta,even,0.5416666666666666,2,-0.02473522164371262,0.008173178676524173,0.4847434446094786,3,0.25,1.0,3,"17,18,19",0.5294117647058824,8,8
7,16,matched_betti,0.5,max_full_branch_node_speed,all_interior,coexact,coexact,random_tangent,identity_stress,identity_02,6,semantic_margin_delta,even,0.5416666666666666,2,0.11257561134597889,0.013115608668397801,0.19178125533327714,3,0.25,1.0,2,"16,17",0.532258064516129,8,8
7,16,matched_betti,0.5,max_full_branch_node_speed,all_interior,coexact,coexact,random_tangent,identity_stress,identity_03,6,semantic_margin_delta,even,0.5416666666666666,2,0.06687840590977642,0.003714972395424586,0.09276671575986702,3,0.25,1.0,3,"16,17,18",0.5483870967741935,8,8
7,16,matched_betti,0.5,max_full_branch_node_speed,all_interior,coexact,coexact,random_tangent,identity_stress,identity_04,6,semantic_margin_delta,even,0.5416666666666666,2,0.22267909750865283,0.005034070694745249,0.037890223637002805,3,0.25,1.0,3,"14,15,16",0.5357142857142857,8,8
7,16,matched_betti,0.5,max_full_branch_node_speed,all_interior,coexact,coexact,random_tangent,identity_stress,identity_05,6,semantic_margin_delta,even,0.5416666666666666,2,-0.059909408781008644,0.0020298646232539564,0.0567376270854369,3,0.25,1.0,3,"14,15,16",0.5357142857142857,8,8
7,16,matched_betti,0.5,max_full_branch_node_speed,all_interior,coexact,coexact,random_tangent,literal_stable,literal_01,6,semantic_margin_delta,even,0.5416666666666666,2,0.00019785172264713525,0.045458582172368776,0.9999966332014032,3,0.25,1.0,3,"17,18,19",0.5454545454545454,8,8
7,16,matched_betti,0.5,max_full_branch_node_speed,all_interior,coexact,coexact,random_tangent,literal_stable,literal_02,6,semantic_margin_delta,even,0.5416666666666666,2,0.07734050335380196,0.004591782743564707,0.09909025471497356,3,0.25,1.0,3,"14,15,16",0.5357142857142857,8,8
7,16,matched_betti,0.5,max_full_branch_node_speed,all_interior,coexact,coexact,random_tangent,literal_stable,literal_03,6,semantic_margin_delta,even,0.5416666666666666,2,-0.28001444449418006,0.0011761773969576575,0.0070449984679281045,3,0.25,1.0,2,"14,15",0.537037037037037,8,8
7,16,matched_betti,0.5,max_full_branch_node_speed,all_interior,coexact,coexact,random_tangent,literal_stable,literal_04,6,semantic_margin_delta,even,0.5416666666666666,2,-0.1653840167546578,0.002727728403859887,0.027652905184512837,3,0.25,1.0,2,"13,14",0.54,8,8
7,16,matched_betti,0.5,max_full_branch_node_speed,all_interior,coexact,coexact,random_tangent,literal_stable,literal_05,6,semantic_margin_delta,even,0.5416666666666666,2,-0.155096482436415,0.005267511612599052,0.05687211149338267,3,0.25,1.0,3,"13,14,15",0.5384615384615384,8,8
7,16,matched_betti,0.5,max_full_branch_node_speed,all_interior,coexact,coexact,random_tangent,metaphor_shift,metaphor_01,6,semantic_margin_delta,even,0.5416666666666666,2,0.19053191939266312,0.007979266649472695,0.07006897706219252,3,0.25,1.0,3,"17,18,19",0.5294117647058824,8,8
7,16,matched_betti,0.5,max_full_branch_node_speed,all_interior,coexact,coexact,random_tangent,metaphor_shift,metaphor_02,6,semantic_margin_delta,even,0.5416666666666666,2,0.1855093664739907,0.02423955511933478,0.21407756159832297,3,0.25,1.0,1,16,0.5517241379310345,8,8
7,16,matched_betti,0.5,max_full_branch_node_speed,all_interior,coexact,coexact,random_tangent,metaphor_shift,metaphor_03,6,semantic_margin_delta,even,0.5416666666666666,2,0.5064417676567191,0.0036985094594393785,0.012247964730007275,3,0.25,1.0,2,"16,17",0.55,8,8
7,16,matched_betti,0.5,max_full_branch_node_speed,all_interior,coexact,coexact,random_tangent,metaphor_shift,metaphor_04,6,semantic_margin_delta,even,0.5416666666666666,2,0.028686757218398497,0.015974369662669814,0.6825741278997893,3,0.25,1.0,3,"14,15,16",0.5357142857142857,8,8
7,16,matched_betti,0.5,max_full_branch_node_speed,all_interior,coexact,coexact,random_tangent,metaphor_shift,metaphor_05,6,semantic_margin_delta,even,0.5416666666666666,2,0.10630296045858595,0.0006668089229898897,0.01052037680208089,3,0.25,1.0,2,"14,15",0.537037037037037,8,8
7,16,matched_betti,0.5,max_full_branch_node_speed,all_interior,coexact,coexact,random_tangent,ontology_collapse,ontology_01,6,semantic_margin_delta,even,0.5416666666666666,2,0.1470838490889682,0.007642267985743738,0.08681876746186457,3,0.25,1.0,3,"16,17,18",0.5483870967741935,8,8
7,16,matched_betti,0.5,max_full_branch_node_speed,all_interior,coexact,coexact,random_tangent,ontology_collapse,ontology_02,6,semantic_margin_delta,even,0.5416666666666666,2,0.33305851241915424,0.01684616990286405,0.08453229956295764,3,0.25,1.0,3,"14,15,16",0.5357142857142857,8,8
7,16,matched_betti,0.5,max_full_branch_node_speed,all_interior,coexact,coexact,random_tangent,ontology_collapse,ontology_03,6,semantic_margin_delta,even,0.5416666666666666,2,-0.054221966848805064,0.0014322145257890631,0.04425947990650918,3,0.25,1.0,2,"15,16",0.5344827586206897,8,8
7,16,matched_betti,0.5,max_full_branch_node_speed,all_interior,coexact,coexact,random_tangent,ontology_collapse,ontology_04,6,semantic_margin_delta,even,0.5416666666666666,2,-0.22490449871030063,0.02694816903102357,0.1970300988270269,3,0.25,1.0,2,"15,16",0.5344827586206897,8,8
7,16,matched_betti,0.5,max_full_branch_node_speed,all_interior,coexact,coexact,random_tangent,ontology_collapse,ontology_05,6,semantic_margin_delta,even,0.5416666666666666,2,-0.35411457085428444,0.061963736929677354,0.28161185136358496,3,0.25,1.0,2,"15,16",0.5535714285714286,8,8
7,16,matched_betti,0.5,max_full_branch_node_speed,all_interior,coexact,coexact,random_tangent,identity_stress,identity_01,7,semantic_margin_delta,even,0.625,2,-0.13389005439968807,0.02013447583834388,0.24456729500692737,3,0.25,1.0,3,"20,21,22",0.6176470588235294,8,8
7,16,matched_betti,0.5,max_full_branch_node_speed,all_interior,coexact,coexact,random_tangent,identity_stress,identity_02,7,semantic_margin_delta,even,0.625,2,-0.44875975861268197,0.027283677061184564,0.10144762976873072,3,0.25,1.0,2,"19,20",0.6290322580645161,8,8
7,16,matched_betti,0.5,max_full_branch_node_speed,all_interior,coexact,coexact,random_tangent,identity_stress,identity_03,7,semantic_margin_delta,even,0.625,2,0.3531115052052292,0.012951179055230765,0.06140115093440939,3,0.25,1.0,1,19,0.6129032258064516,8,8
7,16,matched_betti,0.5,max_full_branch_node_speed,all_interior,coexact,coexact,random_tangent,identity_stress,identity_04,7,semantic_margin_delta,even,0.625,2,-0.10857458127461656,0.012135178843227512,0.18425411734700387,3,0.25,1.0,2,"17,18",0.625,8,8
7,16,matched_betti,0.5,max_full_branch_node_speed,all_interior,coexact,coexact,random_tangent,identity_stress,identity_05,7,semantic_margin_delta,even,0.625,2,-0.059471882416580656,0.00445075457545099,0.12454508034636305,3,0.25,1.0,1,17,0.6071428571428571,8,8
7,16,matched_betti,0.5,max_full_branch_node_speed,all_interior,coexact,coexact,random_tangent,literal_stable,literal_01,7,semantic_margin_delta,even,0.625,2,-0.17075178615382222,0.030410130190074856,0.28621525024958844,3,0.25,1.0,2,"20,21",0.6212121212121212,8,8
7,16,matched_betti,0.5,max_full_branch_node_speed,all_interior,coexact,coexact,random_tangent,literal_stable,literal_02,7,semantic_margin_delta,even,0.625,2,-0.21036974948547896,0.03284618630726366,0.2533362199827931,3,0.25,1.0,2,"17,18",0.625,8,8
7,16,matched_betti,0.5,max_full_branch_node_speed,all_interior,coexact,coexact,random_tangent,literal_stable,literal_03,7,semantic_margin_delta,even,0.625,2,-0.07518941050475332,0.01076793758702311,0.23355791020282887,3,0.25,1.0,2,"16,17",0.6111111111111112,8,8
7,16,matched_betti,0.5,max_full_branch_node_speed,all_interior,coexact,coexact,random_tangent,literal_stable,literal_04,7,semantic_margin_delta,even,0.625,2,0.2463208201261994,0.011939336540170929,0.08103038181430158,3,0.25,1.0,2,"15,16",0.62,8,8
7,16,matched_betti,0.5,max_full_branch_node_speed,all_interior,coexact,coexact,random_tangent,literal_stable,literal_05,7,semantic_margin_delta,even,0.625,2,-0.2950837721538607,0.016068315718043385,0.09095372221510475,3,0.25,1.0,2,"16,17",0.6346153846153846,8,8
7,16,matched_betti,0.5,max_full_branch_node_speed,all_interior,coexact,coexact,random_tangent,metaphor_shift,metaphor_01,7,semantic_margin_delta,even,0.625,2,0.12152063857714794,0.005995080273530371,0.08246364858580851,3,0.25,1.0,2,"20,21",0.6029411764705883,8,8
7,16,matched_betti,0.5,max_full_branch_node_speed,all_interior,coexact,coexact,random_tangent,metaphor_shift,metaphor_02,7,semantic_margin_delta,even,0.625,2,-0.34517193553945447,0.002414166287292602,0.011730083649390252,3,0.25,1.0,3,"17,18,19",0.6206896551724138,8,8
7,16,matched_betti,0.5,max_full_branch_node_speed,all_interior,coexact,coexact,random_tangent,metaphor_shift,metaphor_03,7,semantic_margin_delta,even,0.625,2,0.024475701651668777,0.0033235065510019233,0.22206469349394012,3,0.25,1.0,2,"18,19",0.6166666666666667,8,8
7,16,matched_betti,0.5,max_full_branch_node_speed,all_interior,coexact,coexact,random_tangent,metaphor_shift,metaphor_04,7,semantic_margin_delta,even,0.625,2,0.10292441158453058,0.008432662540196706,0.13613922346837237,3,0.25,1.0,2,"17,18",0.625,8,8
7,16,matched_betti,0.5,max_full_branch_node_speed,all_interior,coexact,coexact,random_tangent,metaphor_shift,metaphor_05,7,semantic_margin_delta,even,0.625,2,0.5535741110910936,0.0074978649407429435,0.022711671112970674,3,0.25,1.0,2,"16,17",0.6111111111111112,8,8
7,16,matched_betti,0.5,max_full_branch_node_speed,all_interior,coexact,coexact,random_tangent,ontology_collapse,ontology_01,7,semantic_margin_delta,even,0.625,2,0.1945198197295009,0.04854843736867059,0.3861431073507084,3,0.25,1.0,2,"19,20",0.6290322580645161,8,8
7,16,matched_betti,0.5,max_full_branch_node_speed,all_interior,coexact,coexact,random_tangent,ontology_collapse,ontology_02,7,semantic_margin_delta,even,0.625,2,0.5860490204756021,0.004935723245437405,0.014124491340016556,3,0.25,1.0,2,"17,18",0.625,8,8
7,16,matched_betti,0.5,max_full_branch_node_speed,all_interior,coexact,coexact,random_tangent,ontology_collapse,ontology_03,7,semantic_margin_delta,even,0.625,2,-0.16905963621610143,0.026149304982576116,0.25111664296341785,3,0.25,1.0,3,"17,18,19",0.6206896551724138,8,8
7,16,matched_betti,0.5,max_full_branch_node_speed,all_interior,coexact,coexact,random_tangent,ontology_collapse,ontology_04,7,semantic_margin_delta,even,0.625,2,-0.1633164881657037,0.0005512680330582891,0.005661416459254898,3,0.25,1.0,3,"17,18,19",0.6206896551724138,8,8
7,16,matched_betti,0.5,max_full_branch_node_speed,all_interior,coexact,coexact,random_tangent,ontology_collapse,ontology_05,7,semantic_margin_delta,even,0.625,2,0.12483264843125189,0.01829457857285103,0.23870107618826097,3,0.25,1.0,2,"17,18",0.625,8,8
7,16,matched_betti,0.5,max_full_branch_node_speed,all_interior,coexact,coexact,random_tangent,identity_stress,identity_01,8,semantic_margin_delta,even,0.7083333333333334,2,-0.1768244581007531,0.013378640572766535,0.12589249011439052,3,0.25,1.0,3,"23,24,25",0.7058823529411765,8,8
7,16,matched_betti,0.5,max_full_branch_node_speed,all_interior,coexact,coexact,random_tangent,identity_stress,identity_02,8,semantic_margin_delta,even,0.7083333333333334,2,-0.18555760710239466,0.005498570107669423,0.04964031672129629,3,0.25,1.0,3,"21,22,23",0.7096774193548386,8,8
7,16,matched_betti,0.5,max_full_branch_node_speed,all_interior,coexact,coexact,random_tangent,identity_stress,identity_03,8,semantic_margin_delta,even,0.7083333333333334,2,0.0246386682542107,0.00906441954806323,0.525126518446892,3,0.25,1.0,2,"21,22",0.6935483870967744,8,8
7,16,matched_betti,0.5,max_full_branch_node_speed,all_interior,coexact,coexact,random_tangent,identity_stress,identity_04,8,semantic_margin_delta,even,0.7083333333333334,2,0.021187143145149964,0.004029112473070222,0.3038768414025676,3,0.25,1.0,2,"19,20",0.6964285714285715,8,8
7,16,matched_betti,0.5,max_full_branch_node_speed,all_interior,coexact,coexact,random_tangent,identity_stress,identity_05,8,semantic_margin_delta,even,0.7083333333333334,2,-0.04955154928262529,0.021377510368255057,0.5862244312858337,3,0.25,1.0,2,"19,20",0.6964285714285715,8,8
7,16,matched_betti,0.5,max_full_branch_node_speed,all_interior,coexact,coexact,random_tangent,literal_stable,literal_01,8,semantic_margin_delta,even,0.7083333333333334,2,-0.1612432384226519,0.008060647581315292,0.0835538437975566,3,0.25,1.0,3,"22,23,24",0.6969696969696969,8,8
7,16,matched_betti,0.5,max_full_branch_node_speed,all_interior,coexact,coexact,random_tangent,literal_stable,literal_02,8,semantic_margin_delta,even,0.7083333333333334,2,-0.07928563076505633,0.010004727712925751,0.20705929590611807,3,0.25,1.0,2,"19,20",0.6964285714285715,8,8
7,16,matched_betti,0.5,max_full_branch_node_speed,all_interior,coexact,coexact,random_tangent,literal_stable,literal_03,8,semantic_margin_delta,even,0.7083333333333334,2,-0.03633731549969061,0.00698999334172884,0.3070571447475888,3,0.25,1.0,3,"18,19,20",0.7037037037037037,8,8
7,16,matched_betti,0.5,max_full_branch_node_speed,all_interior,coexact,coexact,random_tangent,literal_stable,literal_04,8,semantic_margin_delta,even,0.7083333333333334,2,0.25014134784307723,0.048156546975188876,0.3072787295310431,3,0.25,1.0,2,"17,18",0.6999999999999998,8,8
7,16,matched_betti,0.5,max_full_branch_node_speed,all_interior,coexact,coexact,random_tangent,literal_stable,literal_05,8,semantic_margin_delta,even,0.7083333333333334,2,-0.07440090271004639,0.02895380932121073,0.5465884605608334,3,0.25,1.0,2,"18,19",0.7115384615384613,8,8
7,16,matched_betti,0.5,max_full_branch_node_speed,all_interior,coexact,coexact,random_tangent,metaphor_shift,metaphor_01,8,semantic_margin_delta,even,0.7083333333333334,2,-0.13917907915592753,0.009221140516013315,0.11044470791510927,3,0.25,1.0,3,"23,24,25",0.7058823529411765,8,8
7,16,matched_betti,0.5,max_full_branch_node_speed,all_interior,coexact,coexact,random_tangent,metaphor_shift,metaphor_02,8,semantic_margin_delta,even,0.7083333333333334,2,0.18475508494414525,0.0026921497466524933,0.024432754583304475,3,0.25,1.0,2,"20,21",0.7068965517241379,8,8
7,16,matched_betti,0.5,max_full_branch_node_speed,all_interior,coexact,coexact,random_tangent,metaphor_shift,metaphor_03,8,semantic_margin_delta,even,0.7083333333333334,2,0.2999112040004928,0.025678664141326805,0.1421498104880451,3,0.25,1.0,3,"20,21,22",0.6999999999999998,8,8
7,16,matched_betti,0.5,max_full_branch_node_speed,all_interior,coexact,coexact,random_tangent,metaphor_shift,metaphor_04,8,semantic_margin_delta,even,0.7083333333333334,2,0.010169642959131567,0.019191987408812998,0.9535450557075724,3,0.25,1.0,2,"19,20",0.6964285714285715,8,8
7,16,matched_betti,0.5,max_full_branch_node_speed,all_interior,coexact,coexact,random_tangent,metaphor_shift,metaphor_05,8,semantic_margin_delta,even,0.7083333333333334,2,0.041217736125577165,0.014926310646828957,0.5191324561246996,3,0.25,1.0,3,"18,19,20",0.7037037037037037,8,8
7,16,matched_betti,0.5,max_full_branch_node_speed,all_interior,coexact,coexact,random_tangent,ontology_collapse,ontology_01,8,semantic_margin_delta,even,0.7083333333333334,2,0.26785870654517446,0.008144473661691664,0.05093220881638282,3,0.25,1.0,2,"21,23",0.7096774193548386,8,8
7,16,matched_betti,0.5,max_full_branch_node_speed,all_interior,coexact,coexact,random_tangent,ontology_collapse,ontology_02,8,semantic_margin_delta,even,0.7083333333333334,2,-0.0313208560666116,0.012349737286292137,0.5516192741655821,3,0.25,1.0,2,"19,20",0.6964285714285715,8,8
7,16,matched_betti,0.5,max_full_branch_node_speed,all_interior,coexact,coexact,random_tangent,ontology_collapse,ontology_03,8,semantic_margin_delta,even,0.7083333333333334,2,0.22626099514891296,0.010688772479369914,0.07898750487379909,3,0.25,1.0,2,"20,21",0.7068965517241379,8,8
7,16,matched_betti,0.5,max_full_branch_node_speed,all_interior,coexact,coexact,random_tangent,ontology_collapse,ontology_04,8,semantic_margin_delta,even,0.7083333333333334,2,-0.09113243314423203,0.004338477840771863,0.07959460558765544,3,0.25,1.0,2,"20,21",0.7068965517241379,8,8
7,16,matched_betti,0.5,max_full_branch_node_speed,all_interior,coexact,coexact,random_tangent,ontology_collapse,ontology_05,8,semantic_margin_delta,even,0.7083333333333334,2,0.05006022167356082,0.005718505047592757,0.18817438057542826,3,0.25,1.0,2,"19,20",0.6964285714285715,8,8
7,16,matched_betti,0.5,max_full_branch_node_speed,all_interior,coexact,coexact,random_tangent,identity_stress,identity_01,9,semantic_margin_delta,even,0.7916666666666666,2,0.006288763454297181,0.007326396222342258,0.8901965493248136,3,0.25,1.0,3,"26,27,28",0.7941176470588235,8,8
7,16,matched_betti,0.5,max_full_branch_node_speed,all_interior,coexact,coexact,random_tangent,identity_stress,identity_02,9,semantic_margin_delta,even,0.7916666666666666,2,-0.036103439850831406,0.02594926715664487,0.7696646835657776,3,0.25,1.0,2,"24,25",0.7903225806451614,8,8
7,16,matched_betti,0.5,max_full_branch_node_speed,all_interior,coexact,coexact,random_tangent,identity_stress,identity_03,9,semantic_margin_delta,even,0.7916666666666666,2,-0.11478437503169715,0.010156962742463587,0.14680779955032214,3,0.25,1.0,2,"24,25",0.7903225806451614,8,8
7,16,matched_betti,0.5,max_full_branch_node_speed,all_interior,coexact,coexact,random_tangent,identity_stress,identity_04,9,semantic_margin_delta,even,0.7916666666666666,2,0.03715903009470933,0.05258214612924677,0.9215425273677151,3,0.25,1.0,3,"21,22,23",0.7857142857142857,8,8
7,16,matched_betti,0.5,max_full_branch_node_speed,all_interior,coexact,coexact,random_tangent,identity_stress,identity_05,9,semantic_margin_delta,even,0.7916666666666666,2,0.006173318021780628,0.00694495133091099,0.8835843713999123,3,0.25,1.0,3,"21,22,23",0.7857142857142857,8,8
7,16,matched_betti,0.5,max_full_branch_node_speed,all_interior,coexact,coexact,random_tangent,literal_stable,literal_01,9,semantic_margin_delta,even,0.7916666666666666,2,0.04560841009928405,0.025903463802900317,0.6897396827258122,3,0.25,1.0,2,"25,26",0.7727272727272728,8,8
7,16,matched_betti,0.5,max_full_branch_node_speed,all_interior,coexact,coexact,random_tangent,literal_stable,literal_02,9,semantic_margin_delta,even,0.7916666666666666,2,-0.24313885281702827,0.013221426827281172,0.09082896704782606,3,0.25,1.0,1,21,0.75,8,8
7,16,matched_betti,0.5,max_full_branch_node_speed,all_interior,coexact,coexact,random_tangent,literal_stable,literal_03,9,semantic_margin_delta,even,0.7916666666666666,2,-0.06759366458687405,0.013510448614186996,0.3178590668463695,3,0.25,1.0,2,"21,22",0.7962962962962963,8,8
7,16,matched_betti,0.5,max_full_branch_node_speed,all_interior,coexact,coexact,random_tangent,literal_stable,literal_04,9,semantic_margin_delta,even,0.7916666666666666,2,-0.37057824996162736,0.033313907540500884,0.14909512166186495,3,0.25,1.0,2,"19,20",0.7799999999999999,8,8
7,16,matched_betti,0.5,max_full_branch_node_speed,all_interior,coexact,coexact,random_tangent,literal_stable,literal_05,9,semantic_margin_delta,even,0.7916666666666666,2,-0.010564173108700519,0.0091693347823093,0.8242697724313623,3,0.25,1.0,2,"20,21",0.7884615384615387,8,8
7,16,matched_betti,0.5,max_full_branch_node_speed,all_interior,coexact,coexact,random_tangent,metaphor_shift,metaphor_01,9,semantic_margin_delta,even,0.7916666666666666,2,-0.23182319080700817,0.005337408429271079,0.03858773331958485,3,0.25,1.0,3,"26,27,28",0.7941176470588235,8,8
7,16,matched_betti,0.5,max_full_branch_node_speed,all_interior,coexact,coexact,random_tangent,metaphor_shift,metaphor_02,9,semantic_margin_delta,even,0.7916666666666666,2,-0.13356982069381695,0.001756599948630978,0.02205251783121517,3,0.25,1.0,3,"22,23,24",0.7931034482758621,8,8
7,16,matched_betti,0.5,max_full_branch_node_speed,all_interior,coexact,coexact,random_tangent,metaphor_shift,metaphor_03,9,semantic_margin_delta,even,0.7916666666666666,2,-0.13316703456510764,0.013578614612146472,0.16857676752738263,3,0.25,1.0,2,"23,24",0.7833333333333335,8,8
7,16,matched_betti,0.5,max_full_branch_node_speed,all_interior,coexact,coexact,random_tangent,metaphor_shift,metaphor_04,9,semantic_margin_delta,even,0.7916666666666666,2,-0.1590742199189813,0.00841568287343845,0.08838647100995772,3,0.25,1.0,3,"21,22,23",0.7857142857142857,8,8
7,16,matched_betti,0.5,max_full_branch_node_speed,all_interior,coexact,coexact,random_tangent,metaphor_shift,metaphor_05,9,semantic_margin_delta,even,0.7916666666666666,2,0.04710215832780835,0.0008433521644955657,0.03001730487417163,3,0.25,1.0,2,"21,22",0.7962962962962963,8,8
7,16,matched_betti,0.5,max_full_branch_node_speed,all_interior,coexact,coexact,random_tangent,ontology_collapse,ontology_01,9,semantic_margin_delta,even,0.7916666666666666,2,-0.012135035412737846,0.0038869612072691046,0.4732654915714014,3,0.25,1.0,2,"24,25",0.7903225806451614,8,8
7,16,matched_betti,0.5,max_full_branch_node_speed,all_interior,coexact,coexact,random_tangent,ontology_collapse,ontology_02,9,semantic_margin_delta,even,0.7916666666666666,2,-0.18044148780872954,0.0009566438485118193,0.008891929293140087,3,0.25,1.0,3,"21,22,23",0.7857142857142857,8,8
7,16,matched_betti,0.5,max_full_branch_node_speed,all_interior,coexact,coexact,random_tangent,ontology_collapse,ontology_03,9,semantic_margin_delta,even,0.7916666666666666,2,0.12858810483964997,0.026061124841147556,0.3218447550761017,3,0.25,1.0,2,"22,23",0.7758620689655172,8,8
7,16,matched_betti,0.5,max_full_branch_node_speed,all_interior,coexact,coexact,random_tangent,ontology_collapse,ontology_04,9,semantic_margin_delta,even,0.7916666666666666,2,-0.08043805443999334,0.01025334402313737,0.20907289370978402,3,0.25,1.0,3,"22,23,24",0.7931034482758621,8,8
7,16,matched_betti,0.5,max_full_branch_node_speed,all_interior,coexact,coexact,random_tangent,ontology_collapse,ontology_05,9,semantic_margin_delta,even,0.7916666666666666,2,0.1959165423966361,0.006475461500555206,0.05535190602647332,3,0.25,1.0,3,"21,22,23",0.7857142857142857,8,8
7,16,matched_betti,0.5,max_full_branch_node_speed,all_interior,coexact,coexact,random_tangent,identity_stress,identity_01,10,semantic_margin_delta,even,0.875,2,0.11331299995813578,0.0014830092572285375,0.021946173084008206,3,0.25,1.0,3,"29,30,31",0.8823529411764706,8,8
7,16,matched_betti,0.5,max_full_branch_node_speed,all_interior,coexact,coexact,random_tangent,identity_stress,identity_02,10,semantic_margin_delta,even,0.875,2,0.4137315685824042,0.038779439940378226,0.15530325848542761,3,0.25,1.0,1,26,0.8387096774193549,8,8
7,16,matched_betti,0.5,max_full_branch_node_speed,all_interior,coexact,coexact,random_tangent,identity_stress,identity_03,10,semantic_margin_delta,even,0.875,2,0.3402360287564464,0.011757162168096866,0.05786197640542448,3,0.25,1.0,3,"26,27,28",0.8709677419354839,8,8
7,16,matched_betti,0.5,max_full_branch_node_speed,all_interior,coexact,coexact,random_tangent,identity_stress,identity_04,10,semantic_margin_delta,even,0.875,2,0.4896788858211423,0.01896554097516417,0.06482443242161554,3,0.25,1.0,1,24,0.8571428571428571,8,8
7,16,matched_betti,0.5,max_full_branch_node_speed,all_interior,coexact,coexact,random_tangent,identity_stress,identity_05,10,semantic_margin_delta,even,0.875,2,0.12215977136651544,0.034925520369565255,0.4323851259698655,3,0.25,1.0,2,"24,25",0.875,8,8
7,16,matched_betti,0.5,max_full_branch_node_speed,all_interior,coexact,coexact,random_tangent,literal_stable,literal_01,10,semantic_margin_delta,even,0.875,2,-0.3206288822175659,0.00034049549127765035,0.001781177998949106,3,0.25,1.0,2,"29,30",0.8939393939393939,8,8
7,16,matched_betti,0.5,max_full_branch_node_speed,all_interior,coexact,coexact,random_tangent,literal_stable,literal_03,10,semantic_margin_delta,even,0.875,2,0.20176059829558346,0.01359235712650162,0.11228009406744659,3,0.25,1.0,2,"23,24",0.8703703703703703,8,8
7,16,matched_betti,0.5,max_full_branch_node_speed,all_interior,coexact,coexact,random_tangent,literal_stable,literal_04,10,semantic_margin_delta,even,0.875,2,-0.10934061824901672,0.02498654161108853,0.3578981616818568,3,0.25,1.0,2,"21,22",0.86,8,8
7,16,matched_betti,0.5,max_full_branch_node_speed,all_interior,coexact,coexact,random_tangent,literal_stable,literal_05,10,semantic_margin_delta,even,0.875,2,0.049607274254501184,0.0028704913751198126,0.09659938422788009,3,0.25,1.0,2,"22,23",0.8653846153846154,8,8
7,16,matched_betti,0.5,max_full_branch_node_speed,all_interior,coexact,coexact,random_tangent,metaphor_shift,metaphor_01,10,semantic_margin_delta,even,0.875,2,-0.08880920308523822,0.02239367685651578,0.389523865201641,3,0.25,1.0,3,"29,30,31",0.8823529411764706,8,8
7,16,matched_betti,0.5,max_full_branch_node_speed,all_interior,coexact,coexact,random_tangent,metaphor_shift,metaphor_02,10,semantic_margin_delta,even,0.875,2,0.14937351866075294,0.022716017185458827,0.2471557823657949,3,0.25,1.0,1,26,0.896551724137931,8,8
7,16,matched_betti,0.5,max_full_branch_node_speed,all_interior,coexact,coexact,random_tangent,metaphor_shift,metaphor_03,10,semantic_margin_delta,even,0.875,2,-0.22675189392024075,0.007009890861764856,0.051781734119994885,3,0.25,1.0,2,"25,27",0.8666666666666667,8,8
7,16,matched_betti,0.5,max_full_branch_node_speed,all_interior,coexact,coexact,random_tangent,metaphor_shift,metaphor_04,10,semantic_margin_delta,even,0.875,2,-0.3028995793564609,0.03641941238925543,0.19768657232789857,3,0.25,1.0,2,"24,25",0.875,8,8
7,16,matched_betti,0.5,max_full_branch_node_speed,all_interior,coexact,coexact,random_tangent,metaphor_shift,metaphor_05,10,semantic_margin_delta,even,0.875,2,-0.11728906666815732,0.005223427015204867,0.07448847505252808,3,0.25,1.0,1,23,0.8518518518518517,8,8
7,16,matched_betti,0.5,max_full_branch_node_speed,all_interior,coexact,coexact,random_tangent,ontology_collapse,ontology_01,10,semantic_margin_delta,even,0.875,2,-0.08600898614697418,0.012679846122033754,0.24003949864491905,3,0.25,1.0,3,"26,27,28",0.8709677419354839,8,8
7,16,matched_betti,0.5,max_full_branch_node_speed,all_interior,coexact,coexact,random_tangent,ontology_collapse,ontology_02,10,semantic_margin_delta,even,0.875,2,0.08550818957469239,0.007256025431093627,0.14090795886772045,3,0.25,1.0,2,"24,25",0.875,8,8
7,16,matched_betti,0.5,max_full_branch_node_speed,all_interior,coexact,coexact,random_tangent,ontology_collapse,ontology_03,10,semantic_margin_delta,even,0.875,2,0.09661472932877063,0.0036812702427233344,0.06377765957428601,3,0.25,1.0,2,"25,26",0.8793103448275862,8,8
7,16,matched_betti,0.5,max_full_branch_node_speed,all_interior,coexact,coexact,random_tangent,ontology_collapse,ontology_04,10,semantic_margin_delta,even,0.875,2,-0.17498243807883068,0.014179025865796117,0.13467183418875858,3,0.25,1.0,2,"25,26",0.8793103448275862,8,8
7,16,matched_betti,0.5,max_full_branch_node_speed,all_interior,coexact,coexact,random_tangent,ontology_collapse,ontology_05,10,semantic_margin_delta,even,0.875,2,-0.164962737461265,0.012108731199891991,0.12219273398318763,3,0.25,1.0,2,"24,25",0.875,8,8
7,16,matched_betti,0.5,max_full_branch_node_speed,all_interior,coexact,coexact,random_tangent,identity_stress,identity_01,11,semantic_margin_delta,even,0.9583333333333334,2,-0.05548778513376652,0.0026346794908819007,0.0793883514936759,3,0.25,1.0,2,"32,33",0.9558823529411763,8,8
7,16,matched_betti,0.5,max_full_branch_node_speed,all_interior,coexact,coexact,random_tangent,identity_stress,identity_02,11,semantic_margin_delta,even,0.9583333333333334,2,0.08487655154001784,0.006355490362369915,0.12461268059581744,3,0.25,1.0,2,"29,30",0.9516129032258065,8,8
7,16,matched_betti,0.5,max_full_branch_node_speed,all_interior,coexact,coexact,random_tangent,identity_stress,identity_03,11,semantic_margin_delta,even,0.9583333333333334,2,0.17747926576909906,0.016562264888045873,0.1546378086175635,3,0.25,1.0,1,29,0.9354838709677419,8,8
7,16,matched_betti,0.5,max_full_branch_node_speed,all_interior,coexact,coexact,random_tangent,identity_stress,identity_04,11,semantic_margin_delta,even,0.9583333333333334,2,0.01691153820524733,0.013991587394461432,0.8112890384440121,3,0.25,1.0,1,26,0.9285714285714285,8,8
7,16,matched_betti,0.5,max_full_branch_node_speed,all_interior,coexact,coexact,random_tangent,identity_stress,identity_05,11,semantic_margin_delta,even,0.9583333333333334,2,0.012742205785278517,0.010902731823081395,0.8204623277419891,3,0.25,1.0,2,"26,27",0.9464285714285715,8,8
7,16,matched_betti,0.5,max_full_branch_node_speed,all_interior,coexact,coexact,random_tangent,literal_stable,literal_02,11,semantic_margin_delta,even,0.9583333333333334,2,0.14158014673043579,0.032694631068593674,0.36117761916050084,3,0.25,1.0,2,"26,27",0.9464285714285715,8,8
7,16,matched_betti,0.5,max_full_branch_node_speed,all_interior,coexact,coexact,random_tangent,literal_stable,literal_03,11,semantic_margin_delta,even,0.9583333333333334,2,0.15725220077608212,0.01906102445205838,0.1992296463256362,3,0.25,1.0,1,25,0.9259259259259259,8,8
7,16,matched_betti,0.5,max_full_branch_node_speed,all_interior,coexact,coexact,random_tangent,literal_stable,literal_04,11,semantic_margin_delta,even,0.9583333333333334,2,-0.2081155142536066,0.00339797134022461,0.027374850382820573,3,0.25,1.0,2,"23,24",0.94,8,8
7,16,matched_betti,0.5,max_full_branch_node_speed,all_interior,coexact,coexact,random_tangent,literal_stable,literal_05,11,semantic_margin_delta,even,0.9583333333333334,2,0.9038942313020689,0.04394526590899527,0.08127456097015281,3,0.25,1.0,1,25,0.9615384615384616,8,8
7,16,matched_betti,0.5,max_full_branch_node_speed,all_interior,coexact,coexact,random_tangent,metaphor_shift,metaphor_01,11,semantic_margin_delta,even,0.9583333333333334,2,0.1321690662738732,0.006615450505141678,0.08365729770402734,3,0.25,1.0,1,32,0.9411764705882352,8,8
7,16,matched_betti,0.5,max_full_branch_node_speed,all_interior,coexact,coexact,random_tangent,metaphor_shift,metaphor_02,11,semantic_margin_delta,even,0.9583333333333334,2,0.23266031750487093,0.01378366886684708,0.09887995322869217,3,0.25,1.0,2,"27,28",0.9482758620689656,8,8
7,16,matched_betti,0.5,max_full_branch_node_speed,all_interior,coexact,coexact,random_tangent,metaphor_shift,metaphor_03,11,semantic_margin_delta,even,0.9583333333333334,2,-0.05368354163286096,0.007780291731725281,0.23620426848242232,3,0.25,1.0,2,"28,29",0.9499999999999998,8,8
7,16,matched_betti,0.5,max_full_branch_node_speed,all_interior,coexact,coexact,random_tangent,metaphor_shift,metaphor_04,11,semantic_margin_delta,even,0.9583333333333334,2,0.04294928339406213,0.007526068386180445,0.28198126352760866,3,0.25,1.0,1,26,0.9285714285714285,8,8
7,16,matched_betti,0.5,max_full_branch_node_speed,all_interior,coexact,coexact,random_tangent,metaphor_shift,metaphor_05,11,semantic_margin_delta,even,0.9583333333333334,2,-0.205103147157448,0.033653142161394374,0.2653381105921768,3,0.25,1.0,2,"25,26",0.9444444444444443,8,8
7,16,matched_betti,0.5,max_full_branch_node_speed,all_interior,coexact,coexact,random_tangent,ontology_collapse,ontology_01,11,semantic_margin_delta,even,0.9583333333333334,2,0.1644371243759639,0.006474547718721136,0.06589672942984402,3,0.25,1.0,1,29,0.9354838709677419,8,8
7,16,matched_betti,0.5,max_full_branch_node_speed,all_interior,coexact,coexact,random_tangent,ontology_collapse,ontology_02,11,semantic_margin_delta,even,0.9583333333333334,2,0.23501385359964033,0.01277412492434144,0.09079034029909998,3,0.25,1.0,2,"26,27",0.9464285714285715,8,8
7,16,matched_betti,0.5,max_full_branch_node_speed,all_interior,coexact,coexact,random_tangent,ontology_collapse,ontology_03,11,semantic_margin_delta,even,0.9583333333333334,2,0.15971734880607366,0.014159238500890523,0.1470748553330977,3,0.25,1.0,2,"27,28",0.9482758620689656,8,8
7,16,matched_betti,0.5,max_full_branch_node_speed,all_interior,coexact,coexact,random_tangent,ontology_collapse,ontology_04,11,semantic_margin_delta,even,0.9583333333333334,2,0.05131752266917598,0.01441639469680868,0.4262379959257392,3,0.25,1.0,2,"27,28",0.9482758620689656,8,8
7,16,matched_betti,0.5,max_full_branch_node_speed,all_interior,coexact,coexact,random_tangent,ontology_collapse,ontology_05,11,semantic_margin_delta,even,0.9583333333333334,2,0.8316613496178543,0.026402015890890907,0.0531710304295277,3,0.25,1.0,1,26,0.9285714285714285,8,8
7,16,matched_betti,0.5,max_full_branch_node_speed,all_interior,coexact,coexact,random_tangent,identity_stress,identity_01,0,semantic_margin_delta,odd,0.041666666666666664,1,0.19071513650431698,0.048332442156535114,0.3577836673326358,3,0.25,1.0,2,"1,2",0.04411764705882352,8,8
7,16,matched_betti,0.5,max_full_branch_node_speed,all_interior,coexact,coexact,random_tangent,identity_stress,identity_02,0,semantic_margin_delta,odd,0.041666666666666664,1,0.1279344418385319,0.04284345019997051,0.45170447123323554,3,0.25,1.0,2,"1,2",0.04838709677419354,8,8
7,16,matched_betti,0.5,max_full_branch_node_speed,all_interior,coexact,coexact,random_tangent,identity_stress,identity_03,0,semantic_margin_delta,odd,0.041666666666666664,1,-0.17618080651135914,0.03351980830910762,0.2764344135740183,3,0.25,1.0,2,"1,2",0.04838709677419354,8,8
7,16,matched_betti,0.5,max_full_branch_node_speed,all_interior,coexact,coexact,random_tangent,identity_stress,identity_04,0,semantic_margin_delta,odd,0.041666666666666664,1,0.11885939025920089,0.0037487076883325507,0.04762838988056666,3,0.25,1.0,2,"1,2",0.05357142857142857,8,8
7,16,matched_betti,0.5,max_full_branch_node_speed,all_interior,coexact,coexact,random_tangent,identity_stress,identity_05,0,semantic_margin_delta,odd,0.041666666666666664,1,0.264543760196931,0.005904091616178921,0.03372247609722151,3,0.25,1.0,2,"1,2",0.05357142857142857,8,8
7,16,matched_betti,0.5,max_full_branch_node_speed,all_interior,coexact,coexact,random_tangent,literal_stable,literal_01,0,semantic_margin_delta,odd,0.041666666666666664,1,-0.9384493604969103,0.0046195707045743346,0.007442000939378201,3,0.25,1.0,2,"1,2",0.04545454545454545,8,8
7,16,matched_betti,0.5,max_full_branch_node_speed,all_interior,coexact,coexact,random_tangent,literal_stable,literal_02,0,semantic_margin_delta,odd,0.041666666666666664,1,0.25638779454123356,0.00719489063770537,0.04238842746561098,3,0.25,1.0,2,"1,2",0.05357142857142857,8,8
7,16,matched_betti,0.5,max_full_branch_node_speed,all_interior,coexact,coexact,random_tangent,literal_stable,literal_03,0,semantic_margin_delta,odd,0.041666666666666664,1,-0.1600390171356648,0.011949517916902847,0.11217236076067491,3,0.25,1.0,2,"1,2",0.05555555555555555,8,8
7,16,matched_betti,0.5,max_full_branch_node_speed,all_interior,coexact,coexact,random_tangent,literal_stable,literal_04,0,semantic_margin_delta,odd,0.041666666666666664,1,-0.2902572878092991,0.06059129955556999,0.30096776000912484,3,0.25,1.0,2,"1,2",0.06,8,8
7,16,matched_betti,0.5,max_full_branch_node_speed,all_interior,coexact,coexact,random_tangent,literal_stable,literal_05,0,semantic_margin_delta,odd,0.041666666666666664,1,-0.2844751495558575,0.06397046857248645,0.32188097573845653,3,0.25,1.0,2,"1,2",0.05769230769230769,8,8
7,16,matched_betti,0.5,max_full_branch_node_speed,all_interior,coexact,coexact,random_tangent,metaphor_shift,metaphor_01,0,semantic_margin_delta,odd,0.041666666666666664,1,0.2982412174526675,0.03605418269198049,0.179789325288744,3,0.25,1.0,2,"1,2",0.04411764705882352,8,8
7,16,matched_betti,0.5,max_full_branch_node_speed,all_interior,coexact,coexact,random_tangent,metaphor_shift,metaphor_02,0,semantic_margin_delta,odd,0.041666666666666664,1,-0.6072382741949867,0.010352334495313191,0.025765935884287095,3,0.25,1.0,2,"1,2",0.05172413793103448,8,8
7,16,matched_betti,0.5,max_full_branch_node_speed,all_interior,coexact,coexact,random_tangent,metaphor_shift,metaphor_03,0,semantic_margin_delta,odd,0.041666666666666664,1,-0.24086790246922474,0.027584537410440674,0.1706019048375978,3,0.25,1.0,2,"1,2",0.05000000000000001,8,8
7,16,matched_betti,0.5,max_full_branch_node_speed,all_interior,coexact,coexact,random_tangent,metaphor_shift,metaphor_04,0,semantic_margin_delta,odd,0.041666666666666664,1,0.06395057235363537,0.050291737468853126,0.7652980049786008,3,0.25,1.0,2,"1,2",0.05357142857142857,8,8
7,16,matched_betti,0.5,max_full_branch_node_speed,all_interior,coexact,coexact,random_tangent,metaphor_shift,metaphor_05,0,semantic_margin_delta,odd,0.041666666666666664,1,0.12107264032870566,0.025410376330126615,0.3024440953032966,3,0.25,1.0,2,"1,2",0.05555555555555555,8,8
7,16,matched_betti,0.5,max_full_branch_node_speed,all_interior,coexact,coexact,random_tangent,ontology_collapse,ontology_01,0,semantic_margin_delta,odd,0.041666666666666664,1,0.8235638662692585,0.02290332126950167,0.042007673174586445,3,0.25,1.0,2,"1,2",0.04838709677419354,8,8
7,16,matched_betti,0.5,max_full_branch_node_speed,all_interior,coexact,coexact,random_tangent,ontology_collapse,ontology_02,0,semantic_margin_delta,odd,0.041666666666666664,1,-0.10256691736110779,0.03154636223379806,0.42164406415353056,3,0.25,1.0,2,"1,2",0.05357142857142857,8,8
7,16,matched_betti,0.5,max_full_branch_node_speed,all_interior,coexact,coexact,random_tangent,ontology_collapse,ontology_03,0,semantic_margin_delta,odd,0.041666666666666664,1,0.12824108745761106,0.017703298897010583,0.20430524570452474,3,0.25,1.0,2,"1,2",0.05172413793103448,8,8
7,16,matched_betti,0.5,max_full_branch_node_speed,all_interior,coexact,coexact,random_tangent,ontology_collapse,ontology_04,0,semantic_margin_delta,odd,0.041666666666666664,1,-0.4068645831461491,0.015206753891007223,0.05641639885886476,3,0.25,1.0,2,"1,2",0.05172413793103448,8,8
7,16,matched_betti,0.5,max_full_branch_node_speed,all_interior,coexact,coexact,random_tangent,ontology_collapse,ontology_05,0,semantic_margin_delta,odd,0.041666666666666664,1,0.12302428040170209,0.07117813267917995,0.6583832366686321,3,0.25,1.0,2,"1,2",0.05357142857142857,8,8
7,16,matched_betti,0.5,max_full_branch_node_speed,all_interior,coexact,coexact,random_tangent,identity_stress,identity_01,1,semantic_margin_delta,odd,0.125,1,-0.7591545332036327,0.0254679910128254,0.05065444732393647,3,0.25,1.0,3,"3,4,5",0.11764705882352942,8,8
7,16,matched_betti,0.5,max_full_branch_node_speed,all_interior,coexact,coexact,random_tangent,identity_stress,identity_02,1,semantic_margin_delta,odd,0.125,1,0.04126131417983509,0.010405089692594228,0.3562409524157522,3,0.25,1.0,3,"3,4,5",0.12903225806451613,8,8
7,16,matched_betti,0.5,max_full_branch_node_speed,all_interior,coexact,coexact,random_tangent,identity_stress,identity_03,1,semantic_margin_delta,odd,0.125,1,-0.05232692331452195,0.018764569899247636,0.4766158084030297,3,0.25,1.0,3,"3,4,5",0.12903225806451613,8,8
7,16,matched_betti,0.5,max_full_branch_node_speed,all_interior,coexact,coexact,random_tangent,identity_stress,identity_04,1,semantic_margin_delta,odd,0.125,1,0.5657764150244499,0.06662173796716943,0.17526969670807238,3,0.25,1.0,2,"3,4",0.125,8,8
7,16,matched_betti,0.5,max_full_branch_node_speed,all_interior,coexact,coexact,random_tangent,identity_stress,identity_05,1,semantic_margin_delta,odd,0.125,1,-0.22173276000199654,0.1457937773667841,0.7050034123762615,3,0.25,1.0,2,"3,4",0.125,8,8
7,16,matched_betti,0.5,max_full_branch_node_speed,all_interior,coexact,coexact,random_tangent,literal_stable,literal_01,1,semantic_margin_delta,odd,0.125,1,-0.30636447640570846,0.013294313118146802,0.0654645010183316,3,0.25,1.0,3,"3,4,5",0.12121212121212122,8,8
7,16,matched_betti,0.5,max_full_branch_node_speed,all_interior,coexact,coexact,random_tangent,literal_stable,literal_02,1,semantic_margin_delta,odd,0.125,1,0.3718254631693963,0.027448990411717663,0.11092004325682547,3,0.25,1.0,2,"3,4",0.125,8,8
7,16,matched_betti,0.5,max_full_branch_node_speed,all_interior,coexact,coexact,random_tangent,literal_stable,literal_03,1,semantic_margin_delta,odd,0.125,1,0.2601356133914445,0.04816609483355505,0.2695692306064894,3,0.25,1.0,2,"3,4",0.12962962962962962,8,8
7,16,matched_betti,0.5,max_full_branch_node_speed,all_interior,coexact,coexact,random_tangent,literal_stable,literal_04,1,semantic_margin_delta,odd,0.125,1,-0.03343751501021713,0.030133531186758822,0.8061636193779985,3,0.25,1.0,2,"3,4",0.14,8,8
7,16,matched_betti,0.5,max_full_branch_node_speed,all_interior,coexact,coexact,random_tangent,literal_stable,literal_05,1,semantic_margin_delta,odd,0.125,1,0.1817961015744981,0.03830499813308172,0.3035248930642709,3,0.25,1.0,2,"3,4",0.13461538461538464,8,8
7,16,matched_betti,0.5,max_full_branch_node_speed,all_interior,coexact,coexact,random_tangent,metaphor_shift,metaphor_01,1,semantic_margin_delta,odd,0.125,1,0.8761223894572259,0.011409518432824157,0.01968472483589452,3,0.25,1.0,2,"3,5",0.1176470588235294,8,8
7,16,matched_betti,0.5,max_full_branch_node_speed,all_interior,coexact,coexact,random_tangent,metaphor_shift,metaphor_02,1,semantic_margin_delta,odd,0.125,1,0.3233810576029101,0.05540430320396054,0.25074869141492684,3,0.25,1.0,2,"3,4",0.12068965517241377,8,8
7,16,matched_betti,0.5,max_full_branch_node_speed,all_interior,coexact,coexact,random_tangent,metaphor_shift,metaphor_03,1,semantic_margin_delta,odd,0.125,1,-0.43116417847522004,0.003699417722435778,0.012970751410405247,3,0.25,1.0,2,"3,4",0.11666666666666665,8,8
7,16,matched_betti,0.5,max_full_branch_node_speed,all_interior,coexact,coexact,random_tangent,metaphor_shift,metaphor_04,1,semantic_margin_delta,odd,0.125,1,-0.08567102305995145,0.04995178619133735,0.6612667119725361,3,0.25,1.0,2,"3,4",0.125,8,8
7,16,matched_betti,0.5,max_full_branch_node_speed,all_interior,coexact,coexact,random_tangent,metaphor_shift,metaphor_05,1,semantic_margin_delta,odd,0.125,1,0.07977756913206398,0.06443091159631383,0.7736529532661706,3,0.25,1.0,2,"3,4",0.12962962962962962,8,8
7,16,matched_betti,0.5,max_full_branch_node_speed,all_interior,coexact,coexact,random_tangent,ontology_collapse,ontology_01,1,semantic_margin_delta,odd,0.125,1,0.26793195817423043,0.02173201344780682,0.12171536209129921,3,0.25,1.0,3,"3,4,5",0.12903225806451613,8,8
7,16,matched_betti,0.5,max_full_branch_node_speed,all_interior,coexact,coexact,random_tangent,ontology_collapse,ontology_02,1,semantic_margin_delta,odd,0.125,1,-0.031451907572030154,0.018413150418846395,0.6627772145781953,3,0.25,1.0,2,"3,4",0.125,8,8
7,16,matched_betti,0.5,max_full_branch_node_speed,all_interior,coexact,coexact,random_tangent,ontology_collapse,ontology_03,1,semantic_margin_delta,odd,0.125,1,-0.1773424018964836,0.05704662127470823,0.43734968229895355,3,0.25,1.0,2,"3,4",0.12068965517241377,8,8
7,16,matched_betti,0.5,max_full_branch_node_speed,all_interior,coexact,coexact,random_tangent,ontology_collapse,ontology_04,1,semantic_margin_delta,odd,0.125,1,-0.460151661598698,0.05435831239479672,0.17581573289477434,3,0.25,1.0,2,"3,4",0.12068965517241377,8,8
7,16,matched_betti,0.5,max_full_branch_node_speed,all_interior,coexact,coexact,random_tangent,ontology_collapse,ontology_05,1,semantic_margin_delta,odd,0.125,1,-0.510287987624252,0.008516958531149057,0.02522562511391024,3,0.25,1.0,2,"3,4",0.125,8,8
7,16,matched_betti,0.5,max_full_branch_node_speed,all_interior,coexact,coexact,random_tangent,identity_stress,identity_01,2,semantic_margin_delta,odd,0.20833333333333334,1,-0.18557679316358575,0.039939410797177284,0.30941166396639297,3,0.25,1.0,3,"6,7,8",0.2058823529411765,8,8
7,16,matched_betti,0.5,max_full_branch_node_speed,all_interior,coexact,coexact,random_tangent,identity_stress,identity_02,2,semantic_margin_delta,odd,0.20833333333333334,1,0.8904581616212142,0.04245526150911048,0.07189581743251526,3,0.25,1.0,2,"6,7",0.20967741935483866,8,8
7,16,matched_betti,0.5,max_full_branch_node_speed,all_interior,coexact,coexact,random_tangent,identity_stress,identity_03,2,semantic_margin_delta,odd,0.20833333333333334,1,-0.2338365971214632,0.005543965602804059,0.03582120595448047,3,0.25,1.0,2,"6,7",0.20967741935483866,8,8
7,16,matched_betti,0.5,max_full_branch_node_speed,all_interior,coexact,coexact,random_tangent,identity_stress,identity_04,2,semantic_margin_delta,odd,0.20833333333333334,1,-0.6312383982986818,0.017507263210442627,0.04189424491406444,3,0.25,1.0,2,"5,6",0.19642857142857142,8,8
7,16,matched_betti,0.5,max_full_branch_node_speed,all_interior,coexact,coexact,random_tangent,identity_stress,identity_05,2,semantic_margin_delta,odd,0.20833333333333334,1,-0.718580129894904,0.05532296411834495,0.11561628206529755,3,0.25,1.0,2,"5,6",0.19642857142857142,8,8
7,16,matched_betti,0.5,max_full_branch_node_speed,all_interior,coexact,coexact,random_tangent,literal_stable,literal_01,2,semantic_margin_delta,odd,0.20833333333333334,1,0.2588561157812012,0.014867738474623192,0.08650998121695569,3,0.25,1.0,3,"6,7,8",0.21212121212121213,8,8
7,16,matched_betti,0.5,max_full_branch_node_speed,all_interior,coexact,coexact,random_tangent,literal_stable,literal_02,2,semantic_margin_delta,odd,0.20833333333333334,1,-0.9834214420768475,0.059828377391867436,0.09159024906700006,3,0.25,1.0,2,"5,6",0.19642857142857142,8,8
7,16,matched_betti,0.5,max_full_branch_node_speed,all_interior,coexact,coexact,random_tangent,literal_stable,literal_03,2,semantic_margin_delta,odd,0.20833333333333334,1,0.16659515510686218,0.0786902108956551,0.5811472238162676,3,0.25,1.0,2,"5,6",0.2037037037037037,8,8
7,16,matched_betti,0.5,max_full_branch_node_speed,all_interior,coexact,coexact,random_tangent,literal_stable,literal_04,2,semantic_margin_delta,odd,0.20833333333333334,1,0.46451250655073784,0.039094467993674865,0.12622382083297745,3,0.25,1.0,2,"5,6",0.22,8,8
7,16,matched_betti,0.5,max_full_branch_node_speed,all_interior,coexact,coexact,random_tangent,literal_stable,literal_05,2,semantic_margin_delta,odd,0.20833333333333334,1,0.10758665435256554,0.00222040482543475,0.031186987422680577,3,0.25,1.0,2,"5,6",0.21153846153846156,8,8
7,16,matched_betti,0.5,max_full_branch_node_speed,all_interior,coexact,coexact,random_tangent,metaphor_shift,metaphor_01,2,semantic_margin_delta,odd,0.20833333333333334,1,-0.20646493280782172,0.036259287100140085,0.2566204706570747,3,0.25,1.0,3,"6,7,8",0.2058823529411765,8,8
7,16,matched_betti,0.5,max_full_branch_node_speed,all_interior,coexact,coexact,random_tangent,metaphor_shift,metaphor_02,2,semantic_margin_delta,odd,0.20833333333333334,1,-0.1764349632720007,0.05434367603802347,0.4221410538375622,3,0.25,1.0,3,"5,6,7",0.20689655172413793,8,8
7,16,matched_betti,0.5,max_full_branch_node_speed,all_interior,coexact,coexact,random_tangent,metaphor_shift,metaphor_03,2,semantic_margin_delta,odd,0.20833333333333334,1,0.272279327111477,0.04000712316362079,0.2168572322152765,3,0.25,1.0,3,"5,6,7",0.19999999999999998,8,8
7,16,matched_betti,0.5,max_full_branch_node_speed,all_interior,coexact,coexact,random_tangent,metaphor_shift,metaphor_04,2,semantic_margin_delta,odd,0.20833333333333334,1,-0.30091816088544465,0.020820785548619436,0.10403906508615236,3,0.25,1.0,2,"5,6",0.19642857142857142,8,8
7,16,matched_betti,0.5,max_full_branch_node_speed,all_interior,coexact,coexact,random_tangent,metaphor_shift,metaphor_05,2,semantic_margin_delta,odd,0.20833333333333334,1,0.4752655316364828,0.09245825862450828,0.2821658931365885,3,0.25,1.0,2,"5,6",0.2037037037037037,8,8
7,16,matched_betti,0.5,max_full_branch_node_speed,all_interior,coexact,coexact,random_tangent,ontology_collapse,ontology_01,2,semantic_margin_delta,odd,0.20833333333333334,1,-0.7027390652695834,0.03190742115524898,0.0684837852716249,3,0.25,1.0,2,"6,7",0.20967741935483866,8,8
7,16,matched_betti,0.5,max_full_branch_node_speed,all_interior,coexact,coexact,random_tangent,ontology_collapse,ontology_02,2,semantic_margin_delta,odd,0.20833333333333334,1,-0.09561009387639825,0.0016705925847529941,0.026407439592556103,3,0.25,1.0,2,"5,6",0.19642857142857142,8,8
7,16,matched_betti,0.5,max_full_branch_node_speed,all_interior,coexact,coexact,random_tangent,ontology_collapse,ontology_03,2,semantic_margin_delta,odd,0.20833333333333334,1,-0.03452496501833462,0.008425718141357137,0.3461542842479701,3,0.25,1.0,3,"5,6,7",0.20689655172413793,8,8
7,16,matched_betti,0.5,max_full_branch_node_speed,all_interior,coexact,coexact,random_tangent,ontology_collapse,ontology_04,2,semantic_margin_delta,odd,0.20833333333333334,1,-0.2196086600517122,0.03159616918101845,0.2125482018918798,3,0.25,1.0,3,"5,6,7",0.20689655172413793,8,8
7,16,matched_betti,0.5,max_full_branch_node_speed,all_interior,coexact,coexact,random_tangent,ontology_collapse,ontology_05,2,semantic_margin_delta,odd,0.20833333333333334,1,-0.11149641587210413,0.07198805735304852,0.698516918752166,3,0.25,1.0,2,"5,6",0.19642857142857142,8,8
7,16,matched_betti,0.5,max_full_branch_node_speed,all_interior,coexact,coexact,random_tangent,identity_stress,identity_01,3,semantic_margin_delta,odd,0.2916666666666667,1,-0.11325847815022339,0.027656117419124077,0.3463274633453016,3,0.25,1.0,3,"9,10,11",0.29411764705882354,8,8
7,16,matched_betti,0.5,max_full_branch_node_speed,all_interior,coexact,coexact,random_tangent,identity_stress,identity_02,3,semantic_margin_delta,odd,0.2916666666666667,1,0.06729883249030169,0.04770925151043527,0.7311671833948579,3,0.25,1.0,3,"8,9,10",0.2903225806451613,8,8
7,16,matched_betti,0.5,max_full_branch_node_speed,all_interior,coexact,coexact,random_tangent,identity_stress,identity_03,3,semantic_margin_delta,odd,0.2916666666666667,1,0.13814650650059826,0.0012759679703233796,0.013962670807722625,3,0.25,1.0,3,"8,9,10",0.2903225806451613,8,8
7,16,matched_betti,0.5,max_full_branch_node_speed,all_interior,coexact,coexact,random_tangent,identity_stress,identity_04,3,semantic_margin_delta,odd,0.2916666666666667,1,0.7917086217843571,0.0033725919312756476,0.006440215307762725,3,0.25,1.0,3,"7,8,9",0.28571428571428575,8,8
7,16,matched_betti,0.5,max_full_branch_node_speed,all_interior,coexact,coexact,random_tangent,identity_stress,identity_05,3,semantic_margin_delta,odd,0.2916666666666667,1,0.054444696627799216,0.009929063920089638,0.26579912111557263,3,0.25,1.0,3,"7,8,9",0.28571428571428575,8,8
7,16,matched_betti,0.5,max_full_branch_node_speed,all_interior,coexact,coexact,random_tangent,literal_stable,literal_01,3,semantic_margin_delta,odd,0.2916666666666667,1,0.20628684521088536,0.02562683945735102,0.18458932802857872,3,0.25,1.0,2,"9,10",0.28787878787878785,8,8
7,16,matched_betti,0.5,max_full_branch_node_speed,all_interior,coexact,coexact,random_tangent,literal_stable,literal_02,3,semantic_margin_delta,odd,0.2916666666666667,1,0.1433307780700103,0.04187607809240978,0.4040489115264336,3,0.25,1.0,3,"7,8,9",0.28571428571428575,8,8
7,16,matched_betti,0.5,max_full_branch_node_speed,all_interior,coexact,coexact,random_tangent,literal_stable,literal_03,3,semantic_margin_delta,odd,0.2916666666666667,1,-0.27911120230189723,0.01514766280727168,0.08177533792509517,3,0.25,1.0,2,"7,8",0.2777777777777778,8,8
7,16,matched_betti,0.5,max_full_branch_node_speed,all_interior,coexact,coexact,random_tangent,literal_stable,literal_04,3,semantic_margin_delta,odd,0.2916666666666667,1,0.6034675180128924,0.03505467387994322,0.08748521012187212,3,0.25,1.0,2,"7,8",0.30000000000000004,8,8
7,16,matched_betti,0.5,max_full_branch_node_speed,all_interior,coexact,coexact,random_tangent,literal_stable,literal_05,3,semantic_margin_delta,odd,0.2916666666666667,1,0.27233081130705966,0.0146485280454133,0.08105444797100064,3,0.25,1.0,2,"7,8",0.28846153846153844,8,8
7,16,matched_betti,0.5,max_full_branch_node_speed,all_interior,coexact,coexact,random_tangent,metaphor_shift,metaphor_01,3,semantic_margin_delta,odd,0.2916666666666667,1,-0.14720367780039995,0.010577072389189975,0.10799664250461845,3,0.25,1.0,3,"9,10,11",0.29411764705882354,8,8
7,16,matched_betti,0.5,max_full_branch_node_speed,all_interior,coexact,coexact,random_tangent,metaphor_shift,metaphor_02,3,semantic_margin_delta,odd,0.2916666666666667,1,-1.08572144912779,0.0294761177665938,0.041010712435489656,3,0.25,1.0,2,"8,9",0.2931034482758621,8,8
7,16,matched_betti,0.5,max_full_branch_node_speed,all_interior,coexact,coexact,random_tangent,metaphor_shift,metaphor_03,3,semantic_margin_delta,odd,0.2916666666666667,1,0.4296407021527031,0.04846372582416707,0.16811136442668767,3,0.25,1.0,2,"8,9",0.2833333333333333,8,8
7,16,matched_betti,0.5,max_full_branch_node_speed,all_interior,coexact,coexact,random_tangent,metaphor_shift,metaphor_04,3,semantic_margin_delta,odd,0.2916666666666667,1,0.41243457522647986,0.012531025076933607,0.045886486343092205,3,0.25,1.0,3,"7,8,9",0.28571428571428575,8,8
7,16,matched_betti,0.5,max_full_branch_node_speed,all_interior,coexact,coexact,random_tangent,metaphor_shift,metaphor_05,3,semantic_margin_delta,odd,0.2916666666666667,1,-0.6708725603249998,0.02716855009827883,0.06111177773921165,3,0.25,1.0,2,"7,8",0.2777777777777778,8,8
7,16,matched_betti,0.5,max_full_branch_node_speed,all_interior,coexact,coexact,random_tangent,ontology_collapse,ontology_01,3,semantic_margin_delta,odd,0.2916666666666667,1,-0.3131727581517747,0.05299071039447907,0.24783459234867244,3,0.25,1.0,3,"8,9,10",0.2903225806451613,8,8
7,16,matched_betti,0.5,max_full_branch_node_speed,all_interior,coexact,coexact,random_tangent,ontology_collapse,ontology_02,3,semantic_margin_delta,odd,0.2916666666666667,1,-0.4956635075727495,0.07067761772400162,0.21073742387588137,3,0.25,1.0,3,"7,8,9",0.28571428571428575,8,8
7,16,matched_betti,0.5,max_full_branch_node_speed,all_interior,coexact,coexact,random_tangent,ontology_collapse,ontology_03,3,semantic_margin_delta,odd,0.2916666666666667,1,0.20575538568453336,0.0689154509061175,0.4517611254555403,3,0.25,1.0,2,"8,9",0.2931034482758621,8,8
7,16,matched_betti,0.5,max_full_branch_node_speed,all_interior,coexact,coexact,random_tangent,ontology_collapse,ontology_04,3,semantic_margin_delta,odd,0.2916666666666667,1,-0.15153231053969904,0.029467603534643415,0.28206435983495154,3,0.25,1.0,2,"8,9",0.2931034482758621,8,8
7,16,matched_betti,0.5,max_full_branch_node_speed,all_interior,coexact,coexact,random_tangent,ontology_collapse,ontology_05,3,semantic_margin_delta,odd,0.2916666666666667,1,-0.05660610885381886,0.003634883673988943,0.09662759736578262,3,0.25,1.0,3,"7,8,9",0.28571428571428575,8,8
7,16,matched_betti,0.5,max_full_branch_node_speed,all_interior,coexact,coexact,random_tangent,identity_stress,identity_01,4,semantic_margin_delta,odd,0.375,1,-0.22932302348889116,0.016003780446869058,0.10492572463674683,3,0.25,1.0,3,"12,13,14",0.38235294117647056,8,8
7,16,matched_betti,0.5,max_full_branch_node_speed,all_interior,coexact,coexact,random_tangent,identity_stress,identity_02,4,semantic_margin_delta,odd,0.375,1,0.11576382785220159,0.026822097743062236,0.33059633707151,3,0.25,1.0,2,"11,12",0.3709677419354838,8,8
7,16,matched_betti,0.5,max_full_branch_node_speed,all_interior,coexact,coexact,random_tangent,identity_stress,identity_03,4,semantic_margin_delta,odd,0.375,1,0.32648215245360085,0.023666548583576797,0.10894163127095073,3,0.25,1.0,2,"11,12",0.3709677419354838,8,8
7,16,matched_betti,0.5,max_full_branch_node_speed,all_interior,coexact,coexact,random_tangent,identity_stress,identity_04,4,semantic_margin_delta,odd,0.375,1,-0.9475765979819851,0.001769773651356848,0.0028236615393939226,3,0.25,1.0,2,"10,11",0.375,8,8
7,16,matched_betti,0.5,max_full_branch_node_speed,all_interior,coexact,coexact,random_tangent,identity_stress,identity_05,4,semantic_margin_delta,odd,0.375,1,-0.5649831408544441,0.009338519173573314,0.024981467070008135,3,0.25,1.0,2,"10,11",0.375,8,8
7,16,matched_betti,0.5,max_full_branch_node_speed,all_interior,coexact,coexact,random_tangent,literal_stable,literal_01,4,semantic_margin_delta,odd,0.375,1,-0.21881412915523235,0.041373193236929354,0.274851392329961,3,0.25,1.0,3,"11,12,13",0.3636363636363636,8,8
7,16,matched_betti,0.5,max_full_branch_node_speed,all_interior,coexact,coexact,random_tangent,literal_stable,literal_02,4,semantic_margin_delta,odd,0.375,1,-0.24131040985629215,0.05070688816014832,0.3027769274817941,3,0.25,1.0,2,"10,11",0.375,8,8
7,16,matched_betti,0.5,max_full_branch_node_speed,all_interior,coexact,coexact,random_tangent,literal_stable,literal_03,4,semantic_margin_delta,odd,0.375,1,0.0377560797243249,0.03142347836923351,0.7828758878622442,3,0.25,1.0,3,"9,10,11",0.3703703703703704,8,8
7,16,matched_betti,0.5,max_full_branch_node_speed,all_interior,coexact,coexact,random_tangent,literal_stable,literal_04,4,semantic_margin_delta,odd,0.375,1,-0.8611881139926874,0.04219768905079368,0.0738776709478888,3,0.25,1.0,2,"9,10",0.38000000000000006,8,8
7,16,matched_betti,0.5,max_full_branch_node_speed,all_interior,coexact,coexact,random_tangent,literal_stable,literal_05,4,semantic_margin_delta,odd,0.375,1,0.8544736083786536,0.039167398578704375,0.06913479443510341,3,0.25,1.0,2,"9,10",0.3653846153846154,8,8
7,16,matched_betti,0.5,max_full_branch_node_speed,all_interior,coexact,coexact,random_tangent,metaphor_shift,metaphor_01,4,semantic_margin_delta,odd,0.375,1,-0.38722456340192873,0.05340179821850285,0.20410967430390858,3,0.25,1.0,3,"12,13,14",0.38235294117647056,8,8
7,16,matched_betti,0.5,max_full_branch_node_speed,all_interior,coexact,coexact,random_tangent,metaphor_shift,metaphor_02,4,semantic_margin_delta,odd,0.375,1,0.6280489399418367,0.07595525185211274,0.17985997566276538,3,0.25,1.0,3,"10,11,12",0.37931034482758624,8,8
7,16,matched_betti,0.5,max_full_branch_node_speed,all_interior,coexact,coexact,random_tangent,metaphor_shift,metaphor_03,4,semantic_margin_delta,odd,0.375,1,0.43820959913638885,0.011557835319157857,0.0398437847950057,3,0.25,1.0,3,"10,11,12",0.3666666666666667,8,8
7,16,matched_betti,0.5,max_full_branch_node_speed,all_interior,coexact,coexact,random_tangent,metaphor_shift,metaphor_04,4,semantic_margin_delta,odd,0.375,1,0.6237545854169637,0.04344763044904012,0.10472935655330136,3,0.25,1.0,2,"10,11",0.375,8,8
7,16,matched_betti,0.5,max_full_branch_node_speed,all_interior,coexact,coexact,random_tangent,metaphor_shift,metaphor_05,4,semantic_margin_delta,odd,0.375,1,0.1856659475875901,0.01713156679336898,0.1381626383756259,3,0.25,1.0,3,"9,10,11",0.3703703703703704,8,8
7,16,matched_betti,0.5,max_full_branch_node_speed,all_interior,coexact,coexact,random_tangent,ontology_collapse,ontology_01,4,semantic_margin_delta,odd,0.375,1,0.03472094673917774,0.09480136082542574,0.9718885902871486,3,0.25,1.0,1,12,0.3870967741935483,8,8
7,16,matched_betti,0.5,max_full_branch_node_speed,all_interior,coexact,coexact,random_tangent,ontology_collapse,ontology_02,4,semantic_margin_delta,odd,0.375,1,0.37884112466838005,0.035729497675411934,0.14115952747159344,3,0.25,1.0,2,"10,11",0.375,8,8
7,16,matched_betti,0.5,max_full_branch_node_speed,all_interior,coexact,coexact,random_tangent,ontology_collapse,ontology_03,4,semantic_margin_delta,odd,0.375,1,-0.534766347866309,0.012707095907841998,0.03590154537409285,3,0.25,1.0,3,"10,11,12",0.37931034482758624,8,8
7,16,matched_betti,0.5,max_full_branch_node_speed,all_interior,coexact,coexact,random_tangent,ontology_collapse,ontology_04,4,semantic_margin_delta,odd,0.375,1,-0.10634258055282185,0.02535190379724321,0.3390730134566285,3,0.25,1.0,3,"10,11,12",0.37931034482758624,8,8
7,16,matched_betti,0.5,max_full_branch_node_speed,all_interior,coexact,coexact,random_tangent,ontology_collapse,ontology_05,4,semantic_margin_delta,odd,0.375,1,-0.17516418257850916,0.03275373365717234,0.2720387551239456,3,0.25,1.0,2,"10,11",0.375,8,8
7,16,matched_betti,0.5,max_full_branch_node_speed,all_interior,coexact,coexact,random_tangent,identity_stress,identity_01,5,semantic_margin_delta,odd,0.4583333333333333,1,-0.39264720136164766,0.010274848539702851,0.039531589974559696,3,0.25,1.0,2,"15,16",0.45588235294117646,8,8
7,16,matched_betti,0.5,max_full_branch_node_speed,all_interior,coexact,coexact,random_tangent,identity_stress,identity_02,5,semantic_margin_delta,odd,0.4583333333333333,1,-0.09189629785153519,0.050675204787837276,0.6403494328566584,3,0.25,1.0,2,"13,15",0.4516129032258065,8,8
7,16,matched_betti,0.5,max_full_branch_node_speed,all_interior,coexact,coexact,random_tangent,identity_stress,identity_03,5,semantic_margin_delta,odd,0.4583333333333333,1,0.3361398237932703,0.013104930724719849,0.05883999580406933,3,0.25,1.0,3,"13,14,15",0.4516129032258065,8,8
7,16,matched_betti,0.5,max_full_branch_node_speed,all_interior,coexact,coexact,random_tangent,identity_stress,identity_04,5,semantic_margin_delta,odd,0.4583333333333333,1,0.5019273691883039,0.05446311210672406,0.16188475218227918,3,0.25,1.0,1,13,0.46428571428571425,8,8
7,16,matched_betti,0.5,max_full_branch_node_speed,all_interior,coexact,coexact,random_tangent,identity_stress,identity_05,5,semantic_margin_delta,odd,0.4583333333333333,1,-0.02086862977916602,0.024646061751325943,0.8724832785135394,3,0.25,1.0,2,"12,13",0.4464285714285714,8,8
7,16,matched_betti,0.5,max_full_branch_node_speed,all_interior,coexact,coexact,random_tangent,literal_stable,literal_01,5,semantic_margin_delta,odd,0.4583333333333333,1,-0.4334664248610899,0.03335894367985519,0.11557074314344622,3,0.25,1.0,3,"14,15,16",0.4545454545454546,8,8
7,16,matched_betti,0.5,max_full_branch_node_speed,all_interior,coexact,coexact,random_tangent,literal_stable,literal_02,5,semantic_margin_delta,odd,0.4583333333333333,1,-0.7555242388361976,0.07689492277439373,0.15208235653859195,3,0.25,1.0,2,"12,13",0.4464285714285714,8,8
7,16,matched_betti,0.5,max_full_branch_node_speed,all_interior,coexact,coexact,random_tangent,literal_stable,literal_03,5,semantic_margin_delta,odd,0.4583333333333333,1,-0.8628721580296878,0.05193906990001768,0.09062911723544773,3,0.25,1.0,2,"12,13",0.46296296296296297,8,8
7,16,matched_betti,0.5,max_full_branch_node_speed,all_interior,coexact,coexact,random_tangent,literal_stable,literal_04,5,semantic_margin_delta,odd,0.4583333333333333,1,0.16295055185197885,0.01695088422945561,0.15536096597489557,3,0.25,1.0,2,"11,12",0.45999999999999996,8,8
7,16,matched_betti,0.5,max_full_branch_node_speed,all_interior,coexact,coexact,random_tangent,literal_stable,literal_05,5,semantic_margin_delta,odd,0.4583333333333333,1,-0.30972244065167875,0.11536458120144283,0.49068001132766764,3,0.25,1.0,2,"11,12",0.4423076923076923,8,8
7,16,matched_betti,0.5,max_full_branch_node_speed,all_interior,coexact,coexact,random_tangent,metaphor_shift,metaphor_01,5,semantic_margin_delta,odd,0.4583333333333333,1,-0.35519335193422075,0.03230606521384862,0.13622680924494385,3,0.25,1.0,2,"15,16",0.45588235294117646,8,8
7,16,matched_betti,0.5,max_full_branch_node_speed,all_interior,coexact,coexact,random_tangent,metaphor_shift,metaphor_02,5,semantic_margin_delta,odd,0.4583333333333333,1,-0.29967188021776736,0.010795485209913911,0.0543831020077433,3,0.25,1.0,2,"13,14",0.46551724137931033,8,8
7,16,matched_betti,0.5,max_full_branch_node_speed,all_interior,coexact,coexact,random_tangent,metaphor_shift,metaphor_03,5,semantic_margin_delta,odd,0.4583333333333333,1,0.4644464605317425,0.0012841452653702913,0.0041800904028599485,3,0.25,1.0,2,"13,14",0.45,8,8
7,16,matched_betti,0.5,max_full_branch_node_speed,all_interior,coexact,coexact,random_tangent,metaphor_shift,metaphor_04,5,semantic_margin_delta,odd,0.4583333333333333,1,-0.5245787024026212,0.010229012526586718,0.029467642155667575,3,0.25,1.0,2,"12,13",0.4464285714285714,8,8
7,16,matched_betti,0.5,max_full_branch_node_speed,all_interior,coexact,coexact,random_tangent,metaphor_shift,metaphor_05,5,semantic_margin_delta,odd,0.4583333333333333,1,-0.33246198086591133,0.009885330993637443,0.044907805527593395,3,0.25,1.0,2,"12,13",0.46296296296296297,8,8
7,16,matched_betti,0.5,max_full_branch_node_speed,all_interior,coexact,coexact,random_tangent,ontology_collapse,ontology_01,5,semantic_margin_delta,odd,0.4583333333333333,1,0.33122088809312417,0.03820587499812477,0.17179792877826347,3,0.25,1.0,3,"13,14,15",0.4516129032258065,8,8
7,16,matched_betti,0.5,max_full_branch_node_speed,all_interior,coexact,coexact,random_tangent,ontology_collapse,ontology_02,5,semantic_margin_delta,odd,0.4583333333333333,1,-1.06192730084372,0.040526957799787065,0.05760212375170373,3,0.25,1.0,2,"12,13",0.4464285714285714,8,8
7,16,matched_betti,0.5,max_full_branch_node_speed,all_interior,coexact,coexact,random_tangent,ontology_collapse,ontology_03,5,semantic_margin_delta,odd,0.4583333333333333,1,0.6799725557102856,0.13288499036748436,0.28334904538759953,3,0.25,1.0,2,"13,14",0.46551724137931033,8,8
7,16,matched_betti,0.5,max_full_branch_node_speed,all_interior,coexact,coexact,random_tangent,ontology_collapse,ontology_04,5,semantic_margin_delta,odd,0.4583333333333333,1,-0.044953782252538356,0.039046812092631916,0.795587080921243,3,0.25,1.0,2,"13,14",0.46551724137931033,8,8
7,16,matched_betti,0.5,max_full_branch_node_speed,all_interior,coexact,coexact,random_tangent,ontology_collapse,ontology_05,5,semantic_margin_delta,odd,0.4583333333333333,1,-0.6492729376662036,0.029733125776700974,0.06906942484656106,3,0.25,1.0,2,"12,13",0.4464285714285714,8,8
7,16,matched_betti,0.5,max_full_branch_node_speed,all_interior,coexact,coexact,random_tangent,identity_stress,identity_01,6,semantic_margin_delta,odd,0.5416666666666666,1,-0.631247336773641,0.05221138355368866,0.12408159254084206,3,0.25,1.0,3,"17,18,19",0.5294117647058824,8,8
7,16,matched_betti,0.5,max_full_branch_node_speed,all_interior,coexact,coexact,random_tangent,identity_stress,identity_02,6,semantic_margin_delta,odd,0.5416666666666666,1,0.45819981398051657,0.017435265513786238,0.05743374751746232,3,0.25,1.0,2,"16,17",0.532258064516129,8,8
7,16,matched_betti,0.5,max_full_branch_node_speed,all_interior,coexact,coexact,random_tangent,identity_stress,identity_03,6,semantic_margin_delta,odd,0.5416666666666666,1,0.10238057731961903,0.002399629328647485,0.03541319121878908,3,0.25,1.0,3,"16,17,18",0.5483870967741935,8,8
7,16,matched_betti,0.5,max_full_branch_node_speed,all_interior,coexact,coexact,random_tangent,identity_stress,identity_04,6,semantic_margin_delta,odd,0.5416666666666666,1,-0.47547236057780895,0.0424476892408908,0.13375793420862828,3,0.25,1.0,3,"14,15,16",0.5357142857142857,8,8
7,16,matched_betti,0.5,max_full_branch_node_speed,all_interior,coexact,coexact,random_tangent,identity_stress,identity_05,6,semantic_margin_delta,odd,0.5416666666666666,1,-0.6781430248438371,0.08413687473258784,0.1843601937623713,3,0.25,1.0,3,"14,15,16",0.5357142857142857,8,8
7,16,matched_betti,0.5,max_full_branch_node_speed,all_interior,coexact,coexact,random_tangent,literal_stable,literal_01,6,semantic_margin_delta,odd,0.5416666666666666,1,0.2841419299465402,0.008576956992741847,0.045588689159589205,3,0.25,1.0,3,"17,18,19",0.5454545454545454,8,8
7,16,matched_betti,0.5,max_full_branch_node_speed,all_interior,coexact,coexact,random_tangent,literal_stable,literal_02,6,semantic_margin_delta,odd,0.5416666666666666,1,0.37694949484594,0.001531287964694992,0.00614152867939976,3,0.25,1.0,3,"14,15,16",0.5357142857142857,8,8
7,16,matched_betti,0.5,max_full_branch_node_speed,all_interior,coexact,coexact,random_tangent,literal_stable,literal_03,6,semantic_margin_delta,odd,0.5416666666666666,1,-0.24593766603131934,0.06401654868961966,0.36619496100347476,3,0.25,1.0,2,"14,15",0.537037037037037,8,8
7,16,matched_betti,0.5,max_full_branch_node_speed,all_interior,coexact,coexact,random_tangent,literal_stable,literal_04,6,semantic_margin_delta,odd,0.5416666666666666,1,0.775337546038106,0.06258946142730655,0.1211464793668714,3,0.25,1.0,2,"13,14",0.54,8,8
7,16,matched_betti,0.5,max_full_branch_node_speed,all_interior,coexact,coexact,random_tangent,literal_stable,literal_05,6,semantic_margin_delta,odd,0.5416666666666666,1,0.5379486093526884,0.0166428088429756,0.046722090532310814,3,0.25,1.0,3,"13,14,15",0.5384615384615384,8,8
7,16,matched_betti,0.5,max_full_branch_node_speed,all_interior,coexact,coexact,random_tangent,metaphor_shift,metaphor_01,6,semantic_margin_delta,odd,0.5416666666666666,1,0.057805892360537334,0.04578830645915594,0.7675771536677196,3,0.25,1.0,3,"17,18,19",0.5294117647058824,8,8
7,16,matched_betti,0.5,max_full_branch_node_speed,all_interior,coexact,coexact,random_tangent,metaphor_shift,metaphor_02,6,semantic_margin_delta,odd,0.5416666666666666,1,0.20475250995890415,0.05617795855478212,0.3831524731462675,3,0.25,1.0,1,16,0.5517241379310345,8,8
7,16,matched_betti,0.5,max_full_branch_node_speed,all_interior,coexact,coexact,random_tangent,metaphor_shift,metaphor_03,6,semantic_margin_delta,odd,0.5416666666666666,1,-0.967157814963604,0.021277679043359154,0.03324281408482876,3,0.25,1.0,2,"16,17",0.55,8,8
7,16,matched_betti,0.5,max_full_branch_node_speed,all_interior,coexact,coexact,random_tangent,metaphor_shift,metaphor_04,6,semantic_margin_delta,odd,0.5416666666666666,1,-0.1649715844129892,0.10268090360438932,0.6852981234799953,3,0.25,1.0,3,"14,15,16",0.5357142857142857,8,8
7,16,matched_betti,0.5,max_full_branch_node_speed,all_interior,coexact,coexact,random_tangent,metaphor_shift,metaphor_05,6,semantic_margin_delta,odd,0.5416666666666666,1,0.38278914542408465,0.029063128543766855,0.11403843481742393,3,0.25,1.0,2,"14,15",0.537037037037037,8,8
7,16,matched_betti,0.5,max_full_branch_node_speed,all_interior,coexact,coexact,random_tangent,ontology_collapse,ontology_01,6,semantic_margin_delta,odd,0.5416666666666666,1,-0.21060620088482448,0.033240917491731005,0.23210656926767312,3,0.25,1.0,3,"16,17,18",0.5483870967741935,8,8
7,16,matched_betti,0.5,max_full_branch_node_speed,all_interior,coexact,coexact,random_tangent,ontology_collapse,ontology_02,6,semantic_margin_delta,odd,0.5416666666666666,1,-0.0891211925692698,0.008664613335215994,0.14542451391440026,3,0.25,1.0,3,"14,15,16",0.5357142857142857,8,8
7,16,matched_betti,0.5,max_full_branch_node_speed,all_interior,coexact,coexact,random_tangent,ontology_collapse,ontology_03,6,semantic_margin_delta,odd,0.5416666666666666,1,-0.06322094511821046,0.02324362187221402,0.48583631416129885,3,0.25,1.0,2,"15,16",0.5344827586206897,8,8
7,16,matched_betti,0.5,max_full_branch_node_speed,all_interior,coexact,coexact,random_tangent,ontology_collapse,ontology_04,6,semantic_margin_delta,odd,0.5416666666666666,1,-0.1724498986951965,0.11004908280925002,0.694324976950617,3,0.25,1.0,2,"15,16",0.5344827586206897,8,8
7,16,matched_betti,0.5,max_full_branch_node_speed,all_interior,coexact,coexact,random_tangent,ontology_collapse,ontology_05,6,semantic_margin_delta,odd,0.5416666666666666,1,0.7854928443465867,0.03181387087139858,0.061118485865305376,3,0.25,1.0,2,"15,16",0.5535714285714286,8,8
7,16,matched_betti,0.5,max_full_branch_node_speed,all_interior,coexact,coexact,random_tangent,identity_stress,identity_01,7,semantic_margin_delta,odd,0.625,1,-0.33416744188395303,0.022868836768407657,0.10291501234045645,3,0.25,1.0,3,"20,21,22",0.6176470588235294,8,8
7,16,matched_betti,0.5,max_full_branch_node_speed,all_interior,coexact,coexact,random_tangent,identity_stress,identity_02,7,semantic_margin_delta,odd,0.625,1,0.4471589137744248,0.06452803995591638,0.21315723430847264,3,0.25,1.0,2,"19,20",0.6290322580645161,8,8
7,16,matched_betti,0.5,max_full_branch_node_speed,all_interior,coexact,coexact,random_tangent,identity_stress,identity_03,7,semantic_margin_delta,odd,0.625,1,0.932735304173139,0.01675772258389755,0.027152348669652902,3,0.25,1.0,1,19,0.6129032258064516,8,8
7,16,matched_betti,0.5,max_full_branch_node_speed,all_interior,coexact,coexact,random_tangent,identity_stress,identity_04,7,semantic_margin_delta,odd,0.625,1,-0.32579667178207056,0.023572989399804685,0.10874166415989506,3,0.25,1.0,2,"17,18",0.625,8,8
7,16,matched_betti,0.5,max_full_branch_node_speed,all_interior,coexact,coexact,random_tangent,identity_stress,identity_05,7,semantic_margin_delta,odd,0.625,1,0.3178615757396529,0.016048527238171455,0.07611084815556406,3,0.25,1.0,1,17,0.6071428571428571,8,8
7,16,matched_betti,0.5,max_full_branch_node_speed,all_interior,coexact,coexact,random_tangent,literal_stable,literal_01,7,semantic_margin_delta,odd,0.625,1,0.016030109147937555,0.022443261582600144,0.904175308397798,3,0.25,1.0,2,"20,21",0.6212121212121212,8,8
7,16,matched_betti,0.5,max_full_branch_node_speed,all_interior,coexact,coexact,random_tangent,literal_stable,literal_02,7,semantic_margin_delta,odd,0.625,1,-1.2170931910165463,0.07592428969052242,0.09389553400415988,3,0.25,1.0,2,"17,18",0.625,8,8
7,16,matched_betti,0.5,max_full_branch_node_speed,all_interior,coexact,coexact,random_tangent,literal_stable,literal_03,7,semantic_margin_delta,odd,0.625,1,0.7569991683084494,0.007720229405640688,0.015416797121897712,3,0.25,1.0,2,"16,17",0.6111111111111112,8,8
7,16,matched_betti,0.5,max_full_branch_node_speed,all_interior,coexact,coexact,random_tangent,literal_stable,literal_04,7,semantic_margin_delta,odd,0.625,1,-0.15380311445091227,0.05216443196772561,0.4562791580183654,3,0.25,1.0,2,"15,16",0.62,8,8
7,16,matched_betti,0.5,max_full_branch_node_speed,all_interior,coexact,coexact,random_tangent,literal_stable,literal_05,7,semantic_margin_delta,odd,0.625,1,-0.05996182794039583,0.06448988603038601,0.851806040764113,3,0.25,1.0,2,"16,17",0.6346153846153846,8,8
7,16,matched_betti,0.5,max_full_branch_node_speed,all_interior,coexact,coexact,random_tangent,metaphor_shift,metaphor_01,7,semantic_margin_delta,odd,0.625,1,-0.02300650165098169,0.014588599994652498,0.6920360753518758,3,0.25,1.0,2,"20,21",0.6029411764705883,8,8
7,16,matched_betti,0.5,max_full_branch_node_speed,all_interior,coexact,coexact,random_tangent,metaphor_shift,metaphor_02,7,semantic_margin_delta,odd,0.625,1,0.5984509031451731,0.09586687889163675,0.23538234698301796,3,0.25,1.0,3,"17,18,19",0.6206896551724138,8,8
7,16,matched_betti,0.5,max_full_branch_node_speed,all_interior,coexact,coexact,random_tangent,metaphor_shift,metaphor_03,7,semantic_margin_delta,odd,0.625,1,0.35344885025535805,0.05789036462796516,0.24036327303692318,3,0.25,1.0,2,"18,19",0.6166666666666667,8,8
7,16,matched_betti,0.5,max_full_branch_node_speed,all_interior,coexact,coexact,random_tangent,metaphor_shift,metaphor_04,7,semantic_margin_delta,odd,0.625,1,-0.09074909869372429,0.07117277059730447,0.7644351272689004,3,0.25,1.0,2,"17,18",0.625,8,8
7,16,matched_betti,0.5,max_full_branch_node_speed,all_interior,coexact,coexact,random_tangent,metaphor_shift,metaphor_05,7,semantic_margin_delta,odd,0.625,1,0.2825474460077449,0.017173208623679905,0.09150507130803956,3,0.25,1.0,2,"16,17",0.6111111111111112,8,8
7,16,matched_betti,0.5,max_full_branch_node_speed,all_interior,coexact,coexact,random_tangent,ontology_collapse,ontology_01,7,semantic_margin_delta,odd,0.625,1,0.2524898580201671,0.08586233415882509,0.4572358084707383,3,0.25,1.0,2,"19,20",0.6290322580645161,8,8
7,16,matched_betti,0.5,max_full_branch_node_speed,all_interior,coexact,coexact,random_tangent,ontology_collapse,ontology_02,7,semantic_margin_delta,odd,0.625,1,-1.026068474421278,0.05537321168056675,0.08131929678185418,3,0.25,1.0,2,"17,18",0.625,8,8
7,16,matched_betti,0.5,max_full_branch_node_speed,all_interior,coexact,coexact,random_tangent,ontology_collapse,ontology_03,7,semantic_margin_delta,odd,0.625,1,-0.29297009516407213,0.028634700146976607,0.1461806377642351,3,0.25,1.0,3,"17,18,19",0.6206896551724138,8,8
7,16,matched_betti,0.5,max_full_branch_node_speed,all_interior,coexact,coexact,random_tangent,ontology_collapse,ontology_04,7,semantic_margin_delta,odd,0.625,1,0.16057567943861648,0.038256188834027496,0.3388785784918189,3,0.25,1.0,3,"17,18,19",0.6206896551724138,8,8
7,16,matched_betti,0.5,max_full_branch_node_speed,all_interior,coexact,coexact,random_tangent,ontology_collapse,ontology_05,7,semantic_margin_delta,odd,0.625,1,0.11794976179033621,0.03740235867370912,0.43230331956655976,3,0.25,1.0,2,"17,18",0.625,8,8
7,16,matched_betti,0.5,max_full_branch_node_speed,all_interior,coexact,coexact,random_tangent,identity_stress,identity_01,8,semantic_margin_delta,odd,0.7083333333333334,1,0.010567908771882456,0.006186304182880208,0.6627439305322343,3,0.25,1.0,3,"23,24,25",0.7058823529411765,8,8
7,16,matched_betti,0.5,max_full_branch_node_speed,all_interior,coexact,coexact,random_tangent,identity_stress,identity_02,8,semantic_margin_delta,odd,0.7083333333333334,1,-0.30331960701814153,0.027748204986063018,0.13700323275851337,3,0.25,1.0,3,"21,22,23",0.7096774193548386,8,8
7,16,matched_betti,0.5,max_full_branch_node_speed,all_interior,coexact,coexact,random_tangent,identity_stress,identity_03,8,semantic_margin_delta,odd,0.7083333333333334,1,0.40918106879439076,0.008991953540227655,0.03320549307543138,3,0.25,1.0,2,"21,22",0.6935483870967744,8,8
7,16,matched_betti,0.5,max_full_branch_node_speed,all_interior,coexact,coexact,random_tangent,identity_stress,identity_04,8,semantic_margin_delta,odd,0.7083333333333334,1,0.1810398143320922,0.04076902765355126,0.3222937923870956,3,0.25,1.0,2,"19,20",0.6964285714285715,8,8
7,16,matched_betti,0.5,max_full_branch_node_speed,all_interior,coexact,coexact,random_tangent,identity_stress,identity_05,8,semantic_margin_delta,odd,0.7083333333333334,1,-0.964620632727587,0.005853497582613574,0.009173849093471935,3,0.25,1.0,2,"19,20",0.6964285714285715,8,8
7,16,matched_betti,0.5,max_full_branch_node_speed,all_interior,coexact,coexact,random_tangent,literal_stable,literal_01,8,semantic_margin_delta,odd,0.7083333333333334,1,-0.2715687537184797,0.004262429838300339,0.023722812521990072,3,0.25,1.0,3,"22,23,24",0.6969696969696969,8,8
7,16,matched_betti,0.5,max_full_branch_node_speed,all_interior,coexact,coexact,random_tangent,literal_stable,literal_02,8,semantic_margin_delta,odd,0.7083333333333334,1,0.23327902808097042,0.09695815105934087,0.5320529397380028,3,0.25,1.0,2,"19,20",0.6964285714285715,8,8
7,16,matched_betti,0.5,max_full_branch_node_speed,all_interior,coexact,coexact,random_tangent,literal_stable,literal_03,8,semantic_margin_delta,odd,0.7083333333333334,1,-0.4293213932851532,0.02547483124820364,0.08935095210317259,3,0.25,1.0,3,"18,19,20",0.7037037037037037,8,8
7,16,matched_betti,0.5,max_full_branch_node_speed,all_interior,coexact,coexact,random_tangent,literal_stable,literal_04,8,semantic_margin_delta,odd,0.7083333333333334,1,0.21788355898846076,0.07774565291720727,0.47478377428458735,3,0.25,1.0,2,"17,18",0.6999999999999998,8,8
7,16,matched_betti,0.5,max_full_branch_node_speed,all_interior,coexact,coexact,random_tangent,literal_stable,literal_05,8,semantic_margin_delta,odd,0.7083333333333334,1,0.16887824491204934,0.048447544988448284,0.39790575739955725,3,0.25,1.0,2,"18,19",0.7115384615384613,8,8
7,16,matched_betti,0.5,max_full_branch_node_speed,all_interior,coexact,coexact,random_tangent,metaphor_shift,metaphor_01,8,semantic_margin_delta,odd,0.7083333333333334,1,0.6567449313029853,0.006559895296227152,0.015099467628611968,3,0.25,1.0,3,"23,24,25",0.7058823529411765,8,8
7,16,matched_betti,0.5,max_full_branch_node_speed,all_interior,coexact,coexact,random_tangent,metaphor_shift,metaphor_02,8,semantic_margin_delta,odd,0.7083333333333334,1,-0.5009803378059173,0.012292615747257749,0.037071142624205765,3,0.25,1.0,2,"20,21",0.7068965517241379,8,8
7,16,matched_betti,0.5,max_full_branch_node_speed,all_interior,coexact,coexact,random_tangent,metaphor_shift,metaphor_03,8,semantic_margin_delta,odd,0.7083333333333334,1,0.07069637696015667,0.0021270561046277496,0.045440585601602586,3,0.25,1.0,3,"20,21,22",0.6999999999999998,8,8
7,16,matched_betti,0.5,max_full_branch_node_speed,all_interior,coexact,coexact,random_tangent,metaphor_shift,metaphor_04,8,semantic_margin_delta,odd,0.7083333333333334,1,-0.06754806262919932,0.04918407350909102,0.7401943314788779,3,0.25,1.0,2,"19,20",0.6964285714285715,8,8
7,16,matched_betti,0.5,max_full_branch_node_speed,all_interior,coexact,coexact,random_tangent,metaphor_shift,metaphor_05,8,semantic_margin_delta,odd,0.7083333333333334,1,-0.3684917727646185,0.010429455056592249,0.042751126031054555,3,0.25,1.0,3,"18,19,20",0.7037037037037037,8,8
7,16,matched_betti,0.5,max_full_branch_node_speed,all_interior,coexact,coexact,random_tangent,ontology_collapse,ontology_01,8,semantic_margin_delta,odd,0.7083333333333334,1,-0.461892348437723,0.02246902698620871,0.07334712689478087,3,0.25,1.0,2,"21,23",0.7096774193548386,8,8
7,16,matched_betti,0.5,max_full_branch_node_speed,all_interior,coexact,coexact,random_tangent,ontology_collapse,ontology_02,8,semantic_margin_delta,odd,0.7083333333333334,1,0.43406131813983545,0.010715388796410272,0.03729628330465697,3,0.25,1.0,2,"19,20",0.6964285714285715,8,8
7,16,matched_betti,0.5,max_full_branch_node_speed,all_interior,coexact,coexact,random_tangent,ontology_collapse,ontology_03,8,semantic_margin_delta,odd,0.7083333333333334,1,0.1483976574733453,0.014055751153099623,0.14175234573158507,3,0.25,1.0,2,"20,21",0.7068965517241379,8,8
7,16,matched_betti,0.5,max_full_branch_node_speed,all_interior,coexact,coexact,random_tangent,ontology_collapse,ontology_04,8,semantic_margin_delta,odd,0.7083333333333334,1,-0.34508691141876074,0.020295235964350466,0.08856590969928807,3,0.25,1.0,2,"20,21",0.7068965517241379,8,8
7,16,matched_betti,0.5,max_full_branch_node_speed,all_interior,coexact,coexact,random_tangent,ontology_collapse,ontology_05,8,semantic_margin_delta,odd,0.7083333333333334,1,-0.04397005019955404,0.03994604498159681,0.8084299847214287,3,0.25,1.0,2,"19,20",0.6964285714285715,8,8
7,16,matched_betti,0.5,max_full_branch_node_speed,all_interior,coexact,coexact,random_tangent,identity_stress,identity_01,9,semantic_margin_delta,odd,0.7916666666666666,1,-0.10591876438222507,0.022583014008815096,0.3067990107373782,3,0.25,1.0,3,"26,27,28",0.7941176470588235,8,8
7,16,matched_betti,0.5,max_full_branch_node_speed,all_interior,coexact,coexact,random_tangent,identity_stress,identity_02,9,semantic_margin_delta,odd,0.7916666666666666,1,-0.02807358210587835,0.016378740527981696,0.6614942639521956,3,0.25,1.0,2,"24,25",0.7903225806451614,8,8
7,16,matched_betti,0.5,max_full_branch_node_speed,all_interior,coexact,coexact,random_tangent,identity_stress,identity_03,9,semantic_margin_delta,odd,0.7916666666666666,1,0.28459474091152936,0.024300956760980163,0.12803197896660648,3,0.25,1.0,2,"24,25",0.7903225806451614,8,8
7,16,matched_betti,0.5,max_full_branch_node_speed,all_interior,coexact,coexact,random_tangent,identity_stress,identity_04,9,semantic_margin_delta,odd,0.7916666666666666,1,0.034476783222731434,0.02144478243995521,0.6850590488835153,3,0.25,1.0,3,"21,22,23",0.7857142857142857,8,8
7,16,matched_betti,0.5,max_full_branch_node_speed,all_interior,coexact,coexact,random_tangent,identity_stress,identity_05,9,semantic_margin_delta,odd,0.7916666666666666,1,0.7993544318091823,0.0025900199781262955,0.004898571906621992,3,0.25,1.0,3,"21,22,23",0.7857142857142857,8,8
7,16,matched_betti,0.5,max_full_branch_node_speed,all_interior,coexact,coexact,random_tangent,literal_stable,literal_01,9,semantic_margin_delta,odd,0.7916666666666666,1,0.036221913233163976,0.050837295938539515,0.9045778658304453,3,0.25,1.0,2,"25,26",0.7727272727272728,8,8
7,16,matched_betti,0.5,max_full_branch_node_speed,all_interior,coexact,coexact,random_tangent,literal_stable,literal_02,9,semantic_margin_delta,odd,0.7916666666666666,1,0.1410247177835685,0.043727659754191336,0.4244584638344323,3,0.25,1.0,1,21,0.75,8,8
7,16,matched_betti,0.5,max_full_branch_node_speed,all_interior,coexact,coexact,random_tangent,literal_stable,literal_03,9,semantic_margin_delta,odd,0.7916666666666666,1,-0.2664061782965413,0.0946164433502253,0.4730666558941083,3,0.25,1.0,2,"21,22",0.7962962962962963,8,8
7,16,matched_betti,0.5,max_full_branch_node_speed,all_interior,coexact,coexact,random_tangent,literal_stable,literal_04,9,semantic_margin_delta,odd,0.7916666666666666,1,0.5872135967293961,0.03701158685037057,0.09486143451912088,3,0.25,1.0,2,"19,20",0.7799999999999999,8,8
7,16,matched_betti,0.5,max_full_branch_node_speed,all_interior,coexact,coexact,random_tangent,literal_stable,literal_05,9,semantic_margin_delta,odd,0.7916666666666666,1,-0.4646348983415168,0.030697644151688783,0.09939130871124541,3,0.25,1.0,2,"20,21",0.7884615384615387,8,8
7,16,matched_betti,0.5,max_full_branch_node_speed,all_interior,coexact,coexact,random_tangent,metaphor_shift,metaphor_01,9,semantic_margin_delta,odd,0.7916666666666666,1,-0.7731308797686347,0.0026393437018750526,0.00516116942580669,3,0.25,1.0,3,"26,27,28",0.7941176470588235,8,8
7,16,matched_betti,0.5,max_full_branch_node_speed,all_interior,coexact,coexact,random_tangent,metaphor_shift,metaphor_02,9,semantic_margin_delta,odd,0.7916666666666666,1,0.29271310018259566,0.023145246274211998,0.11869962362040333,3,0.25,1.0,3,"22,23,24",0.7931034482758621,8,8
7,16,matched_betti,0.5,max_full_branch_node_speed,all_interior,coexact,coexact,random_tangent,metaphor_shift,metaphor_03,9,semantic_margin_delta,odd,0.7916666666666666,1,-0.3251968500465228,0.030479688877716554,0.14030016632863798,3,0.25,1.0,2,"23,24",0.7833333333333335,8,8
7,16,matched_betti,0.5,max_full_branch_node_speed,all_interior,coexact,coexact,random_tangent,metaphor_shift,metaphor_04,9,semantic_margin_delta,odd,0.7916666666666666,1,-0.5310204495047928,0.03933246014468806,0.11128707210344302,3,0.25,1.0,3,"21,22,23",0.7857142857142857,8,8
7,16,matched_betti,0.5,max_full_branch_node_speed,all_interior,coexact,coexact,random_tangent,metaphor_shift,metaphor_05,9,semantic_margin_delta,odd,0.7916666666666666,1,0.07315861311700907,0.0480750515526144,0.70479531660031,3,0.25,1.0,2,"21,22",0.7962962962962963,8,8
7,16,matched_betti,0.5,max_full_branch_node_speed,all_interior,coexact,coexact,random_tangent,ontology_collapse,ontology_01,9,semantic_margin_delta,odd,0.7916666666666666,1,0.11978204003873821,0.01172723376221873,0.14642278383026675,3,0.25,1.0,2,"24,25",0.7903225806451614,8,8
7,16,matched_betti,0.5,max_full_branch_node_speed,all_interior,coexact,coexact,random_tangent,ontology_collapse,ontology_02,9,semantic_margin_delta,odd,0.7916666666666666,1,-0.5225965011290439,0.047864881763908844,0.13716307098379782,3,0.25,1.0,3,"21,22,23",0.7857142857142857,8,8
7,16,matched_betti,0.5,max_full_branch_node_speed,all_interior,coexact,coexact,random_tangent,ontology_collapse,ontology_03,9,semantic_margin_delta,odd,0.7916666666666666,1,0.3000421112856732,0.113737497641795,0.4972334836610939,3,0.25,1.0,2,"22,23",0.7758620689655172,8,8
7,16,matched_betti,0.5,max_full_branch_node_speed,all_interior,coexact,coexact,random_tangent,ontology_collapse,ontology_04,9,semantic_margin_delta,odd,0.7916666666666666,1,0.0899217285539865,0.020301638623404703,0.32303274323798503,3,0.25,1.0,3,"22,23,24",0.7931034482758621,8,8
7,16,matched_betti,0.5,max_full_branch_node_speed,all_interior,coexact,coexact,random_tangent,ontology_collapse,ontology_05,9,semantic_margin_delta,odd,0.7916666666666666,1,0.6250255479949525,0.008111050883319329,0.0196158330899433,3,0.25,1.0,3,"21,22,23",0.7857142857142857,8,8
7,16,matched_betti,0.5,max_full_branch_node_speed,all_interior,coexact,coexact,random_tangent,identity_stress,identity_01,10,semantic_margin_delta,odd,0.875,1,0.14770444264595342,0.011632353731617308,0.11823014844640171,3,0.25,1.0,3,"29,30,31",0.8823529411764706,8,8
7,16,matched_betti,0.5,max_full_branch_node_speed,all_interior,coexact,coexact,random_tangent,identity_stress,identity_02,10,semantic_margin_delta,odd,0.875,1,-0.6042785359705748,0.01653114153928037,0.04132430026054538,3,0.25,1.0,1,26,0.8387096774193549,8,8
7,16,matched_betti,0.5,max_full_branch_node_speed,all_interior,coexact,coexact,random_tangent,identity_stress,identity_03,10,semantic_margin_delta,odd,0.875,1,-0.2271636126269208,0.025996680324157886,0.1704846083915736,3,0.25,1.0,3,"26,27,28",0.8709677419354839,8,8
7,16,matched_betti,0.5,max_full_branch_node_speed,all_interior,coexact,coexact,random_tangent,identity_stress,identity_04,10,semantic_margin_delta,odd,0.875,1,0.4017483791251882,0.02144409751820904,0.08043685561243114,3,0.25,1.0,1,24,0.8571428571428571,8,8
7,16,matched_betti,0.5,max_full_branch_node_speed,all_interior,coexact,coexact,random_tangent,identity_stress,identity_05,10,semantic_margin_delta,odd,0.875,1,0.07661075028041528,0.04477285050192657,0.662130038748003,3,0.25,1.0,2,"24,25",0.875,8,8
7,16,matched_betti,0.5,max_full_branch_node_speed,all_interior,coexact,coexact,random_tangent,literal_stable,literal_01,10,semantic_margin_delta,odd,0.875,1,-0.005863087009011995,0.06838669215407728,0.998395973140806,3,0.25,1.0,2,"29,30",0.8939393939393939,8,8
7,16,matched_betti,0.5,max_full_branch_node_speed,all_interior,coexact,coexact,random_tangent,literal_stable,literal_03,10,semantic_margin_delta,odd,0.875,1,0.5546318982382166,0.019552290016466634,0.0532215854746726,3,0.25,1.0,2,"23,24",0.8703703703703703,8,8
7,16,matched_betti,0.5,max_full_branch_node_speed,all_interior,coexact,coexact,random_tangent,literal_stable,literal_04,10,semantic_margin_delta,odd,0.875,1,-0.6616052085678812,0.13276501814888436,0.2903192392768088,3,0.25,1.0,2,"21,22",0.86,8,8
7,16,matched_betti,0.5,max_full_branch_node_speed,all_interior,coexact,coexact,random_tangent,literal_stable,literal_05,10,semantic_margin_delta,odd,0.875,1,0.3355432724068151,0.08957698676342879,0.3742725118222638,3,0.25,1.0,2,"22,23",0.8653846153846154,8,8
7,16,matched_betti,0.5,max_full_branch_node_speed,all_interior,coexact,coexact,random_tangent,metaphor_shift,metaphor_01,10,semantic_margin_delta,odd,0.875,1,0.20557238897898575,0.017948351868519823,0.13086389089272077,3,0.25,1.0,3,"29,30,31",0.8823529411764706,8,8
7,16,matched_betti,0.5,max_full_branch_node_speed,all_interior,coexact,coexact,random_tangent,metaphor_shift,metaphor_02,10,semantic_margin_delta,odd,0.875,1,0.026712842444820903,0.04607576132699235,0.9337020238238484,3,0.25,1.0,1,26,0.896551724137931,8,8
7,16,matched_betti,0.5,max_full_branch_node_speed,all_interior,coexact,coexact,random_tangent,metaphor_shift,metaphor_03,10,semantic_margin_delta,odd,0.875,1,-0.298206156493911,0.014408751147919086,0.07285594935651406,3,0.25,1.0,2,"25,27",0.8666666666666667,8,8
7,16,matched_betti,0.5,max_full_branch_node_speed,all_interior,coexact,coexact,random_tangent,metaphor_shift,metaphor_04,10,semantic_margin_delta,odd,0.875,1,-0.9108050109825084,0.018701637043545622,0.03102816023723814,3,0.25,1.0,2,"24,25",0.875,8,8
7,16,matched_betti,0.5,max_full_branch_node_speed,all_interior,coexact,coexact,random_tangent,metaphor_shift,metaphor_05,10,semantic_margin_delta,odd,0.875,1,0.07562291159058258,0.02113486088521478,0.38921219758303105,3,0.25,1.0,1,23,0.8518518518518517,8,8
7,16,matched_betti,0.5,max_full_branch_node_speed,all_interior,coexact,coexact,random_tangent,ontology_collapse,ontology_01,10,semantic_margin_delta,odd,0.875,1,0.10140316395124772,0.01376526802854748,0.2010412953631785,3,0.25,1.0,3,"26,27,28",0.8709677419354839,8,8
7,16,matched_betti,0.5,max_full_branch_node_speed,all_interior,coexact,coexact,random_tangent,ontology_collapse,ontology_02,10,semantic_margin_delta,odd,0.875,1,-0.10182340505736005,0.01618294674863296,0.23363206500451772,3,0.25,1.0,2,"24,25",0.875,8,8
7,16,matched_betti,0.5,max_full_branch_node_speed,all_interior,coexact,coexact,random_tangent,ontology_collapse,ontology_03,10,semantic_margin_delta,odd,0.875,1,0.030971438391740165,0.006958229175139781,0.32161674367351795,3,0.25,1.0,2,"25,26",0.8793103448275862,8,8
7,16,matched_betti,0.5,max_full_branch_node_speed,all_interior,coexact,coexact,random_tangent,ontology_collapse,ontology_04,10,semantic_margin_delta,odd,0.875,1,0.44712032314562444,0.01047451197146619,0.035395506925877424,3,0.25,1.0,2,"25,26",0.8793103448275862,8,8
7,16,matched_betti,0.5,max_full_branch_node_speed,all_interior,coexact,coexact,random_tangent,ontology_collapse,ontology_05,10,semantic_margin_delta,odd,0.875,1,0.018478944826606728,0.027233160253357896,0.9123253546846695,3,0.25,1.0,2,"24,25",0.875,8,8
7,16,matched_betti,0.5,max_full_branch_node_speed,all_interior,coexact,coexact,random_tangent,identity_stress,identity_01,11,semantic_margin_delta,odd,0.9583333333333334,1,0.12666673978002285,0.015365532135460283,0.18038996403154628,3,0.25,1.0,2,"32,33",0.9558823529411763,8,8
7,16,matched_betti,0.5,max_full_branch_node_speed,all_interior,coexact,coexact,random_tangent,identity_stress,identity_02,11,semantic_margin_delta,odd,0.9583333333333334,1,-0.5242298001739775,0.00840154515757249,0.02422261280057871,3,0.25,1.0,2,"29,30",0.9516129032258065,8,8
7,16,matched_betti,0.5,max_full_branch_node_speed,all_interior,coexact,coexact,random_tangent,identity_stress,identity_03,11,semantic_margin_delta,odd,0.9583333333333334,1,-0.8539556411424736,0.02418495198337942,0.04277826336761054,3,0.25,1.0,1,29,0.9354838709677419,8,8
7,16,matched_betti,0.5,max_full_branch_node_speed,all_interior,coexact,coexact,random_tangent,identity_stress,identity_04,11,semantic_margin_delta,odd,0.9583333333333334,1,-0.03703246303605016,0.004687614070433672,0.18796183962888008,3,0.25,1.0,1,26,0.9285714285714285,8,8
7,16,matched_betti,0.5,max_full_branch_node_speed,all_interior,coexact,coexact,random_tangent,identity_stress,identity_05,11,semantic_margin_delta,odd,0.9583333333333334,1,0.0027326961076536453,0.022712513329029235,0.9968483105169346,3,0.25,1.0,2,"26,27",0.9464285714285715,8,8
7,16,matched_betti,0.5,max_full_branch_node_speed,all_interior,coexact,coexact,random_tangent,literal_stable,literal_02,11,semantic_margin_delta,odd,0.9583333333333334,1,0.34828500189611666,0.033952043542264804,0.14580617286050104,3,0.25,1.0,2,"26,27",0.9464285714285715,8,8
7,16,matched_betti,0.5,max_full_branch_node_speed,all_interior,coexact,coexact,random_tangent,literal_stable,literal_03,11,semantic_margin_delta,odd,0.9583333333333334,1,-0.18071440443548148,0.022317267348533874,0.18353486089075735,3,0.25,1.0,1,25,0.9259259259259259,8,8
7,16,matched_betti,0.5,max_full_branch_node_speed,all_interior,coexact,coexact,random_tangent,literal_stable,literal_04,11,semantic_margin_delta,odd,0.9583333333333334,1,0.5403192563218455,0.0961838989872737,0.2598831842212809,3,0.25,1.0,2,"23,24",0.94,8,8
7,16,matched_betti,0.5,max_full_branch_node_speed,all_interior,coexact,coexact,random_tangent,literal_stable,literal_05,11,semantic_margin_delta,odd,0.9583333333333334,1,-0.08695286206165949,0.013928895275398307,0.2353786250901404,3,0.25,1.0,1,25,0.9615384615384616,8,8
7,16,matched_betti,0.5,max_full_branch_node_speed,all_interior,coexact,coexact,random_tangent,metaphor_shift,metaphor_01,11,semantic_margin_delta,odd,0.9583333333333334,1,-0.030462547435093752,0.08675524186915744,0.9740737703150408,3,0.25,1.0,1,32,0.9411764705882352,8,8
7,16,matched_betti,0.5,max_full_branch_node_speed,all_interior,coexact,coexact,random_tangent,metaphor_shift,metaphor_02,11,semantic_margin_delta,odd,0.9583333333333334,1,0.004811094532231063,0.0494631286583212,0.9979368678533033,3,0.25,1.0,2,"27,28",0.9482758620689656,8,8
7,16,matched_betti,0.5,max_full_branch_node_speed,all_interior,coexact,coexact,random_tangent,metaphor_shift,metaphor_03,11,semantic_margin_delta,odd,0.9583333333333334,1,0.1989906337780616,0.011716345014897609,0.08866589629884174,3,0.25,1.0,2,"28,29",0.9499999999999998,8,8
7,16,matched_betti,0.5,max_full_branch_node_speed,all_interior,coexact,coexact,random_tangent,metaphor_shift,metaphor_04,11,semantic_margin_delta,odd,0.9583333333333334,1,-0.9396971229003446,0.008381389181955846,0.013483405630561307,3,0.25,1.0,1,26,0.9285714285714285,8,8
7,16,matched_betti,0.5,max_full_branch_node_speed,all_interior,coexact,coexact,random_tangent,metaphor_shift,metaphor_05,11,semantic_margin_delta,odd,0.9583333333333334,1,-0.4255717968994088,0.0640913481988787,0.2220048436070397,3,0.25,1.0,2,"25,26",0.9444444444444443,8,8
7,16,matched_betti,0.5,max_full_branch_node_speed,all_interior,coexact,coexact,random_tangent,ontology_collapse,ontology_01,11,semantic_margin_delta,odd,0.9583333333333334,1,0.022420450975741493,0.03223141821890775,0.9084553288111479,3,0.25,1.0,1,29,0.9354838709677419,8,8
7,16,matched_betti,0.5,max_full_branch_node_speed,all_interior,coexact,coexact,random_tangent,ontology_collapse,ontology_02,11,semantic_margin_delta,odd,0.9583333333333334,1,-0.1837710053090738,0.024964575847164043,0.20118083527463784,3,0.25,1.0,2,"26,27",0.9464285714285715,8,8
7,16,matched_betti,0.5,max_full_branch_node_speed,all_interior,coexact,coexact,random_tangent,ontology_collapse,ontology_03,11,semantic_margin_delta,odd,0.9583333333333334,1,-0.1171926416484562,0.005106000123422725,0.0657281334546687,3,0.25,1.0,2,"27,28",0.9482758620689656,8,8
7,16,matched_betti,0.5,max_full_branch_node_speed,all_interior,coexact,coexact,random_tangent,ontology_collapse,ontology_04,11,semantic_margin_delta,odd,0.9583333333333334,1,-0.38858438998296935,0.013257814964730648,0.05151344314595708,3,0.25,1.0,2,"27,28",0.9482758620689656,8,8
7,16,matched_betti,0.5,max_full_branch_node_speed,all_interior,coexact,coexact,random_tangent,ontology_collapse,ontology_05,11,semantic_margin_delta,odd,0.9583333333333334,1,-0.9883189825854344,0.07310930448690858,0.1111443389380159,3,0.25,1.0,1,26,0.9285714285714285,8,8
