layer,k,complex_mode,betti_1_fraction_target,random_tangent_reference,token_selector,selector_component,component,baseline_component,family,prompt_id,position_bin,metric,contrast_type,position_bin_center,response_power,response_coefficient,response_rmse,relative_response_rmse,n_alpha_magnitudes,min_alpha_abs,max_alpha_abs,n_tokens,token_set,mean_position_frac,min_null_seeds,max_null_seeds
7,16,matched_betti,0.5,max_full_branch_node_speed,all_interior,coexact,coexact,random_tangent,identity_stress,identity_01,0,next_token_logprob_delta,even,0.041666666666666664,2,-0.182544679522567,0.004213017277844875,0.03868104542688662,3,0.25,1.0,2,"1,2",0.04411764705882352,8,8
7,16,matched_betti,0.5,max_full_branch_node_speed,all_interior,coexact,coexact,random_tangent,identity_stress,identity_02,0,next_token_logprob_delta,even,0.041666666666666664,2,0.11001880894353003,0.009588534446810019,0.144641661356204,3,0.25,1.0,2,"1,2",0.04838709677419354,8,8
7,16,matched_betti,0.5,max_full_branch_node_speed,all_interior,coexact,coexact,random_tangent,identity_stress,identity_03,0,next_token_logprob_delta,even,0.041666666666666664,2,0.08263224515926418,0.002826902666940215,0.05728577776118599,3,0.25,1.0,2,"1,2",0.04838709677419354,8,8
7,16,matched_betti,0.5,max_full_branch_node_speed,all_interior,coexact,coexact,random_tangent,identity_stress,identity_04,0,next_token_logprob_delta,even,0.041666666666666664,2,0.005705907575114031,0.0009262719732280926,0.2627141982257808,3,0.25,1.0,2,"1,2",0.05357142857142857,8,8
7,16,matched_betti,0.5,max_full_branch_node_speed,all_interior,coexact,coexact,random_tangent,identity_stress,identity_05,0,next_token_logprob_delta,even,0.041666666666666664,2,0.335163646142357,0.005061194134097504,0.025319558162909744,3,0.25,1.0,2,"1,2",0.05357142857142857,8,8
7,16,matched_betti,0.5,max_full_branch_node_speed,all_interior,coexact,coexact,random_tangent,literal_stable,literal_01,0,next_token_logprob_delta,even,0.041666666666666664,2,-0.020554112265349405,0.0015555015027078794,0.12592160952777612,3,0.25,1.0,2,"1,2",0.04545454545454545,8,8
7,16,matched_betti,0.5,max_full_branch_node_speed,all_interior,coexact,coexact,random_tangent,literal_stable,literal_02,0,next_token_logprob_delta,even,0.041666666666666664,2,0.04618244742540276,0.010772528121099294,0.3643450000300366,3,0.25,1.0,2,"1,2",0.05357142857142857,8,8
7,16,matched_betti,0.5,max_full_branch_node_speed,all_interior,coexact,coexact,random_tangent,literal_stable,literal_03,0,next_token_logprob_delta,even,0.041666666666666664,2,-0.19630026180463472,0.0030586439433299374,0.026125166834356922,3,0.25,1.0,2,"1,2",0.05555555555555555,8,8
7,16,matched_betti,0.5,max_full_branch_node_speed,all_interior,coexact,coexact,random_tangent,literal_stable,literal_04,0,next_token_logprob_delta,even,0.041666666666666664,2,-0.004704341137363295,0.01726248408342009,0.987056075005651,3,0.25,1.0,2,"1,2",0.06,8,8
7,16,matched_betti,0.5,max_full_branch_node_speed,all_interior,coexact,coexact,random_tangent,literal_stable,literal_05,0,next_token_logprob_delta,even,0.041666666666666664,2,-0.16491773477717367,0.01870968297077096,0.18692828455658025,3,0.25,1.0,2,"1,2",0.05769230769230769,8,8
7,16,matched_betti,0.5,max_full_branch_node_speed,all_interior,coexact,coexact,random_tangent,metaphor_shift,metaphor_01,0,next_token_logprob_delta,even,0.041666666666666664,2,-0.345351883322625,0.018262257059748814,0.08834671291048034,3,0.25,1.0,2,"1,2",0.04411764705882352,8,8
7,16,matched_betti,0.5,max_full_branch_node_speed,all_interior,coexact,coexact,random_tangent,metaphor_shift,metaphor_02,0,next_token_logprob_delta,even,0.041666666666666664,2,-0.5597274875245707,0.03099088922818071,0.09246811839168058,3,0.25,1.0,2,"1,2",0.05172413793103448,8,8
7,16,matched_betti,0.5,max_full_branch_node_speed,all_interior,coexact,coexact,random_tangent,metaphor_shift,metaphor_03,0,next_token_logprob_delta,even,0.041666666666666664,2,0.06334237328781349,0.006019559447664159,0.15740615058588606,3,0.25,1.0,2,"1,2",0.05000000000000001,8,8
7,16,matched_betti,0.5,max_full_branch_node_speed,all_interior,coexact,coexact,random_tangent,metaphor_shift,metaphor_04,0,next_token_logprob_delta,even,0.041666666666666664,2,0.15377386330460688,0.010348585231428325,0.11216273645133587,3,0.25,1.0,2,"1,2",0.05357142857142857,8,8
7,16,matched_betti,0.5,max_full_branch_node_speed,all_interior,coexact,coexact,random_tangent,metaphor_shift,metaphor_05,0,next_token_logprob_delta,even,0.041666666666666664,2,-0.07005865555849407,0.011973993632063968,0.27556703081006445,3,0.25,1.0,2,"1,2",0.05555555555555555,8,8
7,16,matched_betti,0.5,max_full_branch_node_speed,all_interior,coexact,coexact,random_tangent,ontology_collapse,ontology_01,0,next_token_logprob_delta,even,0.041666666666666664,2,0.20605953718755368,0.02029982293746303,0.16302331023006006,3,0.25,1.0,2,"1,2",0.04838709677419354,8,8
7,16,matched_betti,0.5,max_full_branch_node_speed,all_interior,coexact,coexact,random_tangent,ontology_collapse,ontology_02,0,next_token_logprob_delta,even,0.041666666666666664,2,0.4078434227913374,0.002601181693335722,0.010696745546181049,3,0.25,1.0,2,"1,2",0.05357142857142857,8,8
7,16,matched_betti,0.5,max_full_branch_node_speed,all_interior,coexact,coexact,random_tangent,ontology_collapse,ontology_03,0,next_token_logprob_delta,even,0.041666666666666664,2,-0.23954909076582384,0.03480721206769992,0.23678004157012378,3,0.25,1.0,2,"1,2",0.05172413793103448,8,8
7,16,matched_betti,0.5,max_full_branch_node_speed,all_interior,coexact,coexact,random_tangent,ontology_collapse,ontology_04,0,next_token_logprob_delta,even,0.041666666666666664,2,0.7584879092362606,0.050840991786963705,0.111721616315817,3,0.25,1.0,2,"1,2",0.05172413793103448,8,8
7,16,matched_betti,0.5,max_full_branch_node_speed,all_interior,coexact,coexact,random_tangent,ontology_collapse,ontology_05,0,next_token_logprob_delta,even,0.041666666666666664,2,-0.01016642911915027,0.008958259039181139,0.8282255573463196,3,0.25,1.0,2,"1,2",0.05357142857142857,8,8
7,16,matched_betti,0.5,max_full_branch_node_speed,all_interior,coexact,coexact,random_tangent,identity_stress,identity_01,1,next_token_logprob_delta,even,0.125,2,-0.27245702716818204,0.0062248840890108985,0.038292515918501295,3,0.25,1.0,3,"3,4,5",0.11764705882352942,8,8
7,16,matched_betti,0.5,max_full_branch_node_speed,all_interior,coexact,coexact,random_tangent,identity_stress,identity_02,1,next_token_logprob_delta,even,0.125,2,-0.14427593843432315,0.021506433792085996,0.2425533761431656,3,0.25,1.0,3,"3,4,5",0.12903225806451613,8,8
7,16,matched_betti,0.5,max_full_branch_node_speed,all_interior,coexact,coexact,random_tangent,identity_stress,identity_03,1,next_token_logprob_delta,even,0.125,2,0.012322666456290939,0.005963443588303849,0.6302150527876296,3,0.25,1.0,3,"3,4,5",0.12903225806451613,8,8
7,16,matched_betti,0.5,max_full_branch_node_speed,all_interior,coexact,coexact,random_tangent,identity_stress,identity_04,1,next_token_logprob_delta,even,0.125,2,-0.06835838966164881,0.004109367208539279,0.10031964036939983,3,0.25,1.0,2,"3,4",0.125,8,8
7,16,matched_betti,0.5,max_full_branch_node_speed,all_interior,coexact,coexact,random_tangent,identity_stress,identity_05,1,next_token_logprob_delta,even,0.125,2,-0.2228748121516392,0.02809163883557167,0.20683366028952357,3,0.25,1.0,2,"3,4",0.125,8,8
7,16,matched_betti,0.5,max_full_branch_node_speed,all_interior,coexact,coexact,random_tangent,literal_stable,literal_01,1,next_token_logprob_delta,even,0.125,2,-0.35459555728977404,0.015941041125027554,0.07518852993931177,3,0.25,1.0,3,"3,4,5",0.12121212121212122,8,8
7,16,matched_betti,0.5,max_full_branch_node_speed,all_interior,coexact,coexact,random_tangent,literal_stable,literal_02,1,next_token_logprob_delta,even,0.125,2,-0.33202408929195887,0.0017539043617050719,0.008859690587573806,3,0.25,1.0,2,"3,4",0.125,8,8
7,16,matched_betti,0.5,max_full_branch_node_speed,all_interior,coexact,coexact,random_tangent,literal_stable,literal_03,1,next_token_logprob_delta,even,0.125,2,0.3907934017172326,0.02617463203798775,0.11163730963942535,3,0.25,1.0,2,"3,4",0.12962962962962962,8,8
7,16,matched_betti,0.5,max_full_branch_node_speed,all_interior,coexact,coexact,random_tangent,literal_stable,literal_04,1,next_token_logprob_delta,even,0.125,2,-0.1354793027058865,0.0033586151076744914,0.04154430198119972,3,0.25,1.0,2,"3,4",0.14,8,8
7,16,matched_betti,0.5,max_full_branch_node_speed,all_interior,coexact,coexact,random_tangent,literal_stable,literal_05,1,next_token_logprob_delta,even,0.125,2,-0.01883038447309158,0.011346773781564592,0.7108516949032938,3,0.25,1.0,2,"3,4",0.13461538461538464,8,8
7,16,matched_betti,0.5,max_full_branch_node_speed,all_interior,coexact,coexact,random_tangent,metaphor_shift,metaphor_01,1,next_token_logprob_delta,even,0.125,2,-0.06471081713018523,0.017210414837293863,0.4073861626361478,3,0.25,1.0,2,"3,5",0.1176470588235294,8,8
7,16,matched_betti,0.5,max_full_branch_node_speed,all_interior,coexact,coexact,random_tangent,metaphor_shift,metaphor_02,1,next_token_logprob_delta,even,0.125,2,-0.2134764925782071,0.005444499521716063,0.04273760777401666,3,0.25,1.0,2,"3,4",0.12068965517241377,8,8
7,16,matched_betti,0.5,max_full_branch_node_speed,all_interior,coexact,coexact,random_tangent,metaphor_shift,metaphor_03,1,next_token_logprob_delta,even,0.125,2,-0.09263595764617641,0.018781927109090827,0.32195650334714426,3,0.25,1.0,2,"3,4",0.11666666666666665,8,8
7,16,matched_betti,0.5,max_full_branch_node_speed,all_interior,coexact,coexact,random_tangent,metaphor_shift,metaphor_04,1,next_token_logprob_delta,even,0.125,2,0.1930643150856177,0.00846971249031241,0.0733826591495413,3,0.25,1.0,2,"3,4",0.125,8,8
7,16,matched_betti,0.5,max_full_branch_node_speed,all_interior,coexact,coexact,random_tangent,metaphor_shift,metaphor_05,1,next_token_logprob_delta,even,0.125,2,0.10726826807968913,0.023057145600189826,0.33915538951081187,3,0.25,1.0,2,"3,4",0.12962962962962962,8,8
7,16,matched_betti,0.5,max_full_branch_node_speed,all_interior,coexact,coexact,random_tangent,ontology_collapse,ontology_01,1,next_token_logprob_delta,even,0.125,2,-0.12345403599895229,0.016656561003260302,0.2207163456558557,3,0.25,1.0,3,"3,4,5",0.12903225806451613,8,8
7,16,matched_betti,0.5,max_full_branch_node_speed,all_interior,coexact,coexact,random_tangent,ontology_collapse,ontology_02,1,next_token_logprob_delta,even,0.125,2,0.06537403291543747,0.015376980571882956,0.3669891214771059,3,0.25,1.0,2,"3,4",0.125,8,8
7,16,matched_betti,0.5,max_full_branch_node_speed,all_interior,coexact,coexact,random_tangent,ontology_collapse,ontology_03,1,next_token_logprob_delta,even,0.125,2,-0.3767187133382206,0.02455110838159058,0.1086610836143551,3,0.25,1.0,2,"3,4",0.12068965517241377,8,8
7,16,matched_betti,0.5,max_full_branch_node_speed,all_interior,coexact,coexact,random_tangent,ontology_collapse,ontology_04,1,next_token_logprob_delta,even,0.125,2,-0.4449696798144986,0.004979273222911114,0.018765422413246108,3,0.25,1.0,2,"3,4",0.12068965517241377,8,8
7,16,matched_betti,0.5,max_full_branch_node_speed,all_interior,coexact,coexact,random_tangent,ontology_collapse,ontology_05,1,next_token_logprob_delta,even,0.125,2,0.062113402512086545,0.01053759234389758,0.27368376887211343,3,0.25,1.0,2,"3,4",0.125,8,8
7,16,matched_betti,0.5,max_full_branch_node_speed,all_interior,coexact,coexact,random_tangent,identity_stress,identity_01,2,next_token_logprob_delta,even,0.20833333333333334,2,-0.037556337142910366,0.010111250530250354,0.4115509755478498,3,0.25,1.0,3,"6,7,8",0.2058823529411765,8,8
7,16,matched_betti,0.5,max_full_branch_node_speed,all_interior,coexact,coexact,random_tangent,identity_stress,identity_02,2,next_token_logprob_delta,even,0.20833333333333334,2,-0.24909141273731955,0.0208250835883472,0.13886695336897692,3,0.25,1.0,2,"6,7",0.20967741935483866,8,8
7,16,matched_betti,0.5,max_full_branch_node_speed,all_interior,coexact,coexact,random_tangent,identity_stress,identity_03,2,next_token_logprob_delta,even,0.20833333333333334,2,0.20683775302862184,0.03352617032068216,0.26234292338660514,3,0.25,1.0,2,"6,7",0.20967741935483866,8,8
7,16,matched_betti,0.5,max_full_branch_node_speed,all_interior,coexact,coexact,random_tangent,identity_stress,identity_04,2,next_token_logprob_delta,even,0.20833333333333334,2,-0.19420699470596084,0.004979487773324186,0.04296530124458358,3,0.25,1.0,2,"5,6",0.19642857142857142,8,8
7,16,matched_betti,0.5,max_full_branch_node_speed,all_interior,coexact,coexact,random_tangent,identity_stress,identity_05,2,next_token_logprob_delta,even,0.20833333333333334,2,-0.03514526789896245,0.0025971266293709967,0.12300282199734473,3,0.25,1.0,2,"5,6",0.19642857142857142,8,8
7,16,matched_betti,0.5,max_full_branch_node_speed,all_interior,coexact,coexact,random_tangent,literal_stable,literal_01,2,next_token_logprob_delta,even,0.20833333333333334,2,0.2367993923000788,0.01586576616675418,0.11167465793409616,3,0.25,1.0,3,"6,7,8",0.21212121212121213,8,8
7,16,matched_betti,0.5,max_full_branch_node_speed,all_interior,coexact,coexact,random_tangent,literal_stable,literal_02,2,next_token_logprob_delta,even,0.20833333333333334,2,0.3164779620986771,0.018169906910308616,0.09585266732916672,3,0.25,1.0,2,"5,6",0.19642857142857142,8,8
7,16,matched_betti,0.5,max_full_branch_node_speed,all_interior,coexact,coexact,random_tangent,literal_stable,literal_03,2,next_token_logprob_delta,even,0.20833333333333334,2,0.4282095573175728,0.017228280206209874,0.0673283956866261,3,0.25,1.0,2,"5,6",0.2037037037037037,8,8
7,16,matched_betti,0.5,max_full_branch_node_speed,all_interior,coexact,coexact,random_tangent,literal_stable,literal_04,2,next_token_logprob_delta,even,0.20833333333333334,2,-0.31737718925641345,0.033618809964687996,0.17492727127929572,3,0.25,1.0,2,"5,6",0.22,8,8
7,16,matched_betti,0.5,max_full_branch_node_speed,all_interior,coexact,coexact,random_tangent,literal_stable,literal_05,2,next_token_logprob_delta,even,0.20833333333333334,2,0.03233105423716031,0.008117639232228338,0.3881122415263232,3,0.25,1.0,2,"5,6",0.21153846153846156,8,8
7,16,matched_betti,0.5,max_full_branch_node_speed,all_interior,coexact,coexact,random_tangent,metaphor_shift,metaphor_01,2,next_token_logprob_delta,even,0.20833333333333334,2,-0.0005875153381014228,0.016342965155977374,0.9997703859072257,3,0.25,1.0,3,"6,7,8",0.2058823529411765,8,8
7,16,matched_betti,0.5,max_full_branch_node_speed,all_interior,coexact,coexact,random_tangent,metaphor_shift,metaphor_02,2,next_token_logprob_delta,even,0.20833333333333334,2,-0.14808497998102874,0.008436388185755976,0.09511985646678334,3,0.25,1.0,3,"5,6,7",0.20689655172413793,8,8
7,16,matched_betti,0.5,max_full_branch_node_speed,all_interior,coexact,coexact,random_tangent,metaphor_shift,metaphor_03,2,next_token_logprob_delta,even,0.20833333333333334,2,-0.05815289761185836,0.008941316349552154,0.24971682259785738,3,0.25,1.0,3,"5,6,7",0.19999999999999998,8,8
7,16,matched_betti,0.5,max_full_branch_node_speed,all_interior,coexact,coexact,random_tangent,metaphor_shift,metaphor_04,2,next_token_logprob_delta,even,0.20833333333333334,2,-0.14156707460189558,0.00046462032053596453,0.005504636543947843,3,0.25,1.0,2,"5,6",0.19642857142857142,8,8
7,16,matched_betti,0.5,max_full_branch_node_speed,all_interior,coexact,coexact,random_tangent,metaphor_shift,metaphor_05,2,next_token_logprob_delta,even,0.20833333333333334,2,0.08992578343919709,0.01419438743795532,0.2559300712825167,3,0.25,1.0,2,"5,6",0.2037037037037037,8,8
7,16,matched_betti,0.5,max_full_branch_node_speed,all_interior,coexact,coexact,random_tangent,ontology_collapse,ontology_01,2,next_token_logprob_delta,even,0.20833333333333334,2,-0.2965983723916179,0.033550108298883156,0.18639982615268855,3,0.25,1.0,2,"6,7",0.20967741935483866,8,8
7,16,matched_betti,0.5,max_full_branch_node_speed,all_interior,coexact,coexact,random_tangent,ontology_collapse,ontology_02,2,next_token_logprob_delta,even,0.20833333333333334,2,-0.10037818253838533,0.0055396743641120075,0.09217041963544852,3,0.25,1.0,2,"5,6",0.19642857142857142,8,8
7,16,matched_betti,0.5,max_full_branch_node_speed,all_interior,coexact,coexact,random_tangent,ontology_collapse,ontology_03,2,next_token_logprob_delta,even,0.20833333333333334,2,0.07326648795186895,0.007261087159196183,0.16397477269553487,3,0.25,1.0,3,"5,6,7",0.20689655172413793,8,8
7,16,matched_betti,0.5,max_full_branch_node_speed,all_interior,coexact,coexact,random_tangent,ontology_collapse,ontology_04,2,next_token_logprob_delta,even,0.20833333333333334,2,0.17278997464499035,0.006148511817788069,0.05957700130516194,3,0.25,1.0,3,"5,6,7",0.20689655172413793,8,8
7,16,matched_betti,0.5,max_full_branch_node_speed,all_interior,coexact,coexact,random_tangent,ontology_collapse,ontology_05,2,next_token_logprob_delta,even,0.20833333333333334,2,0.3553824570099716,0.011838068778951384,0.05578370847941463,3,0.25,1.0,2,"5,6",0.19642857142857142,8,8
7,16,matched_betti,0.5,max_full_branch_node_speed,all_interior,coexact,coexact,random_tangent,identity_stress,identity_01,3,next_token_logprob_delta,even,0.2916666666666667,2,0.1526533083791621,0.003624821968850502,0.03979564788250908,3,0.25,1.0,3,"9,10,11",0.29411764705882354,8,8
7,16,matched_betti,0.5,max_full_branch_node_speed,all_interior,coexact,coexact,random_tangent,identity_stress,identity_02,3,next_token_logprob_delta,even,0.2916666666666667,2,-0.2808818111788592,0.01667862800931027,0.09910434616197235,3,0.25,1.0,3,"8,9,10",0.2903225806451613,8,8
7,16,matched_betti,0.5,max_full_branch_node_speed,all_interior,coexact,coexact,random_tangent,identity_stress,identity_03,3,next_token_logprob_delta,even,0.2916666666666667,2,0.10549416350544462,0.006369894842697399,0.10075979008311221,3,0.25,1.0,3,"8,9,10",0.2903225806451613,8,8
7,16,matched_betti,0.5,max_full_branch_node_speed,all_interior,coexact,coexact,random_tangent,identity_stress,identity_04,3,next_token_logprob_delta,even,0.2916666666666667,2,0.05091589665701102,0.03194199625468665,0.724866021310063,3,0.25,1.0,3,"7,8,9",0.28571428571428575,8,8
7,16,matched_betti,0.5,max_full_branch_node_speed,all_interior,coexact,coexact,random_tangent,identity_stress,identity_05,3,next_token_logprob_delta,even,0.2916666666666667,2,0.09538293136708657,0.012029427731543646,0.2069514057965988,3,0.25,1.0,3,"7,8,9",0.28571428571428575,8,8
7,16,matched_betti,0.5,max_full_branch_node_speed,all_interior,coexact,coexact,random_tangent,literal_stable,literal_01,3,next_token_logprob_delta,even,0.2916666666666667,2,0.37570114945129673,0.008534422176147369,0.03807289421066194,3,0.25,1.0,2,"9,10",0.28787878787878785,8,8
7,16,matched_betti,0.5,max_full_branch_node_speed,all_interior,coexact,coexact,random_tangent,literal_stable,literal_02,3,next_token_logprob_delta,even,0.2916666666666667,2,-0.01080898449908815,0.015748704442744392,0.9255099956757818,3,0.25,1.0,3,"7,8,9",0.28571428571428575,8,8
7,16,matched_betti,0.5,max_full_branch_node_speed,all_interior,coexact,coexact,random_tangent,literal_stable,literal_03,3,next_token_logprob_delta,even,0.2916666666666667,2,0.03547487402326672,0.009121041003209865,0.3959914084947377,3,0.25,1.0,2,"7,8",0.2777777777777778,8,8
7,16,matched_betti,0.5,max_full_branch_node_speed,all_interior,coexact,coexact,random_tangent,literal_stable,literal_04,3,next_token_logprob_delta,even,0.2916666666666667,2,0.06623173712697432,0.004150494609189192,0.10453150520968263,3,0.25,1.0,2,"7,8",0.30000000000000004,8,8
7,16,matched_betti,0.5,max_full_branch_node_speed,all_interior,coexact,coexact,random_tangent,literal_stable,literal_05,3,next_token_logprob_delta,even,0.2916666666666667,2,0.18530678645215184,0.01177140887827956,0.10594616372917999,3,0.25,1.0,2,"7,8",0.28846153846153844,8,8
7,16,matched_betti,0.5,max_full_branch_node_speed,all_interior,coexact,coexact,random_tangent,metaphor_shift,metaphor_01,3,next_token_logprob_delta,even,0.2916666666666667,2,0.10894946168955294,0.018354338667299495,0.27191491839409854,3,0.25,1.0,3,"9,10,11",0.29411764705882354,8,8
7,16,matched_betti,0.5,max_full_branch_node_speed,all_interior,coexact,coexact,random_tangent,metaphor_shift,metaphor_02,3,next_token_logprob_delta,even,0.2916666666666667,2,0.2770104072444148,0.0012592850995698133,0.007624557454593028,3,0.25,1.0,2,"8,9",0.2931034482758621,8,8
7,16,matched_betti,0.5,max_full_branch_node_speed,all_interior,coexact,coexact,random_tangent,metaphor_shift,metaphor_03,3,next_token_logprob_delta,even,0.2916666666666667,2,0.5254847911626747,0.001691359384703709,0.005398445291569745,3,0.25,1.0,2,"8,9",0.2833333333333333,8,8
7,16,matched_betti,0.5,max_full_branch_node_speed,all_interior,coexact,coexact,random_tangent,metaphor_shift,metaphor_04,3,next_token_logprob_delta,even,0.2916666666666667,2,-0.23978788902977716,0.005051257358039795,0.03531023657399049,3,0.25,1.0,3,"7,8,9",0.28571428571428575,8,8
7,16,matched_betti,0.5,max_full_branch_node_speed,all_interior,coexact,coexact,random_tangent,metaphor_shift,metaphor_05,3,next_token_logprob_delta,even,0.2916666666666667,2,0.022308837157401448,0.003199541568056521,0.23388096071291745,3,0.25,1.0,2,"7,8",0.2777777777777778,8,8
7,16,matched_betti,0.5,max_full_branch_node_speed,all_interior,coexact,coexact,random_tangent,ontology_collapse,ontology_01,3,next_token_logprob_delta,even,0.2916666666666667,2,-0.007282640122286662,0.0004545152135236431,0.10410998368889839,3,0.25,1.0,3,"8,9,10",0.2903225806451613,8,8
7,16,matched_betti,0.5,max_full_branch_node_speed,all_interior,coexact,coexact,random_tangent,ontology_collapse,ontology_02,3,next_token_logprob_delta,even,0.2916666666666667,2,0.09733907353693143,0.00871281543272272,0.1484672210856764,3,0.25,1.0,3,"7,8,9",0.28571428571428575,8,8
7,16,matched_betti,0.5,max_full_branch_node_speed,all_interior,coexact,coexact,random_tangent,ontology_collapse,ontology_03,3,next_token_logprob_delta,even,0.2916666666666667,2,0.09196338384921313,0.06492259403555557,0.7639942443164132,3,0.25,1.0,2,"8,9",0.2931034482758621,8,8
7,16,matched_betti,0.5,max_full_branch_node_speed,all_interior,coexact,coexact,random_tangent,ontology_collapse,ontology_04,3,next_token_logprob_delta,even,0.2916666666666667,2,-0.11389575534426345,0.03314001056758288,0.4385853143595089,3,0.25,1.0,2,"8,9",0.2931034482758621,8,8
7,16,matched_betti,0.5,max_full_branch_node_speed,all_interior,coexact,coexact,random_tangent,ontology_collapse,ontology_05,3,next_token_logprob_delta,even,0.2916666666666667,2,0.21012706962590724,0.005817137995549011,0.04638301533493902,3,0.25,1.0,3,"7,8,9",0.28571428571428575,8,8
7,16,matched_betti,0.5,max_full_branch_node_speed,all_interior,coexact,coexact,random_tangent,identity_stress,identity_01,4,next_token_logprob_delta,even,0.375,2,-0.02887853457833175,0.007300528476284803,0.3903702736295925,3,0.25,1.0,3,"12,13,14",0.38235294117647056,8,8
7,16,matched_betti,0.5,max_full_branch_node_speed,all_interior,coexact,coexact,random_tangent,identity_stress,identity_02,4,next_token_logprob_delta,even,0.375,2,0.00289484199850911,0.008055230606856105,0.977806922830892,3,0.25,1.0,2,"11,12",0.3709677419354838,8,8
7,16,matched_betti,0.5,max_full_branch_node_speed,all_interior,coexact,coexact,random_tangent,identity_stress,identity_03,4,next_token_logprob_delta,even,0.375,2,0.05508231163579531,0.0019003057307557096,0.05776765685498617,3,0.25,1.0,2,"11,12",0.3709677419354838,8,8
7,16,matched_betti,0.5,max_full_branch_node_speed,all_interior,coexact,coexact,random_tangent,identity_stress,identity_04,4,next_token_logprob_delta,even,0.375,2,-0.02614462936184946,0.016219585213749926,0.7210110107155202,3,0.25,1.0,2,"10,11",0.375,8,8
7,16,matched_betti,0.5,max_full_branch_node_speed,all_interior,coexact,coexact,random_tangent,identity_stress,identity_05,4,next_token_logprob_delta,even,0.375,2,-0.09809637419410352,0.019416833467826015,0.31507994156926905,3,0.25,1.0,2,"10,11",0.375,8,8
7,16,matched_betti,0.5,max_full_branch_node_speed,all_interior,coexact,coexact,random_tangent,literal_stable,literal_01,4,next_token_logprob_delta,even,0.375,2,-0.09790023696509668,0.004331621535651591,0.07400711114862676,3,0.25,1.0,3,"11,12,13",0.3636363636363636,8,8
7,16,matched_betti,0.5,max_full_branch_node_speed,all_interior,coexact,coexact,random_tangent,literal_stable,literal_02,4,next_token_logprob_delta,even,0.375,2,0.014592657656230962,0.004689350717650919,0.4744577895438613,3,0.25,1.0,2,"10,11",0.375,8,8
7,16,matched_betti,0.5,max_full_branch_node_speed,all_interior,coexact,coexact,random_tangent,literal_stable,literal_03,4,next_token_logprob_delta,even,0.375,2,0.09763910109545533,0.0014217375516174737,0.024415491132067618,3,0.25,1.0,3,"9,10,11",0.3703703703703704,8,8
7,16,matched_betti,0.5,max_full_branch_node_speed,all_interior,coexact,coexact,random_tangent,literal_stable,literal_04,4,next_token_logprob_delta,even,0.375,2,-0.08607683212880517,0.014167855375192221,0.2661140626886063,3,0.25,1.0,2,"9,10",0.38000000000000006,8,8
7,16,matched_betti,0.5,max_full_branch_node_speed,all_interior,coexact,coexact,random_tangent,literal_stable,literal_05,4,next_token_logprob_delta,even,0.375,2,0.1891381052942,0.00480531987451263,0.04257440635310903,3,0.25,1.0,2,"9,10",0.3653846153846154,8,8
7,16,matched_betti,0.5,max_full_branch_node_speed,all_interior,coexact,coexact,random_tangent,metaphor_shift,metaphor_01,4,next_token_logprob_delta,even,0.375,2,-0.09160913430160356,0.015526060007031004,0.2734310920582176,3,0.25,1.0,3,"12,13,14",0.38235294117647056,8,8
7,16,matched_betti,0.5,max_full_branch_node_speed,all_interior,coexact,coexact,random_tangent,metaphor_shift,metaphor_02,4,next_token_logprob_delta,even,0.375,2,0.01600611438870935,0.005804010063350729,0.5196336495386921,3,0.25,1.0,3,"10,11,12",0.37931034482758624,8,8
7,16,matched_betti,0.5,max_full_branch_node_speed,all_interior,coexact,coexact,random_tangent,metaphor_shift,metaphor_03,4,next_token_logprob_delta,even,0.375,2,-0.17193212939535726,0.014076367513086717,0.13604302771003332,3,0.25,1.0,3,"10,11,12",0.3666666666666667,8,8
7,16,matched_betti,0.5,max_full_branch_node_speed,all_interior,coexact,coexact,random_tangent,metaphor_shift,metaphor_04,4,next_token_logprob_delta,even,0.375,2,0.08457156098881108,0.011827966741031993,0.22837754379226724,3,0.25,1.0,2,"10,11",0.375,8,8
7,16,matched_betti,0.5,max_full_branch_node_speed,all_interior,coexact,coexact,random_tangent,metaphor_shift,metaphor_05,4,next_token_logprob_delta,even,0.375,2,-0.03196596380033159,0.005971146045986623,0.2989759099806171,3,0.25,1.0,3,"9,10,11",0.3703703703703704,8,8
7,16,matched_betti,0.5,max_full_branch_node_speed,all_interior,coexact,coexact,random_tangent,ontology_collapse,ontology_01,4,next_token_logprob_delta,even,0.375,2,0.26954180655150084,0.02528981440452732,0.15545570363751757,3,0.25,1.0,1,12,0.3870967741935483,8,8
7,16,matched_betti,0.5,max_full_branch_node_speed,all_interior,coexact,coexact,random_tangent,ontology_collapse,ontology_02,4,next_token_logprob_delta,even,0.375,2,-0.38518679720209964,0.005879183570314233,0.025591906965667863,3,0.25,1.0,2,"10,11",0.375,8,8
7,16,matched_betti,0.5,max_full_branch_node_speed,all_interior,coexact,coexact,random_tangent,ontology_collapse,ontology_03,4,next_token_logprob_delta,even,0.375,2,0.017291624557556715,0.0010862246087979417,0.10478179500339059,3,0.25,1.0,3,"10,11,12",0.37931034482758624,8,8
7,16,matched_betti,0.5,max_full_branch_node_speed,all_interior,coexact,coexact,random_tangent,ontology_collapse,ontology_04,4,next_token_logprob_delta,even,0.375,2,-0.28204995411460065,0.002826307092310237,0.016804719613924164,3,0.25,1.0,3,"10,11,12",0.37931034482758624,8,8
7,16,matched_betti,0.5,max_full_branch_node_speed,all_interior,coexact,coexact,random_tangent,ontology_collapse,ontology_05,4,next_token_logprob_delta,even,0.375,2,-0.16048726785888093,0.01130270803622195,0.1173092337069786,3,0.25,1.0,2,"10,11",0.375,8,8
7,16,matched_betti,0.5,max_full_branch_node_speed,all_interior,coexact,coexact,random_tangent,identity_stress,identity_01,5,next_token_logprob_delta,even,0.4583333333333333,2,-0.3511133162252272,0.01753679522142539,0.08348022883946547,3,0.25,1.0,2,"15,16",0.45588235294117646,8,8
7,16,matched_betti,0.5,max_full_branch_node_speed,all_interior,coexact,coexact,random_tangent,identity_stress,identity_02,5,next_token_logprob_delta,even,0.4583333333333333,2,0.2319156919892685,0.057407340022880976,0.38344526934399575,3,0.25,1.0,2,"13,15",0.4516129032258065,8,8
7,16,matched_betti,0.5,max_full_branch_node_speed,all_interior,coexact,coexact,random_tangent,identity_stress,identity_03,5,next_token_logprob_delta,even,0.4583333333333333,2,-0.062332054293486705,0.00494039311144534,0.1317787330999257,3,0.25,1.0,3,"13,14,15",0.4516129032258065,8,8
7,16,matched_betti,0.5,max_full_branch_node_speed,all_interior,coexact,coexact,random_tangent,identity_stress,identity_04,5,next_token_logprob_delta,even,0.4583333333333333,2,-0.22838277984338043,0.02633765348168055,0.18990530865632937,3,0.25,1.0,1,13,0.46428571428571425,8,8
7,16,matched_betti,0.5,max_full_branch_node_speed,all_interior,coexact,coexact,random_tangent,identity_stress,identity_05,5,next_token_logprob_delta,even,0.4583333333333333,2,0.057886829879951196,0.00048301058860164147,0.013993734973660256,3,0.25,1.0,2,"12,13",0.4464285714285714,8,8
7,16,matched_betti,0.5,max_full_branch_node_speed,all_interior,coexact,coexact,random_tangent,literal_stable,literal_01,5,next_token_logprob_delta,even,0.4583333333333333,2,-0.0421739938459464,0.003466678782387968,0.13657756412834685,3,0.25,1.0,3,"14,15,16",0.4545454545454546,8,8
7,16,matched_betti,0.5,max_full_branch_node_speed,all_interior,coexact,coexact,random_tangent,literal_stable,literal_02,5,next_token_logprob_delta,even,0.4583333333333333,2,-0.5346268367057688,0.027735350980861016,0.08668507431964359,3,0.25,1.0,2,"12,13",0.4464285714285714,8,8
7,16,matched_betti,0.5,max_full_branch_node_speed,all_interior,coexact,coexact,random_tangent,literal_stable,literal_03,5,next_token_logprob_delta,even,0.4583333333333333,2,0.17795959788763438,0.0023382093944044795,0.022032097258350515,3,0.25,1.0,2,"12,13",0.46296296296296297,8,8
7,16,matched_betti,0.5,max_full_branch_node_speed,all_interior,coexact,coexact,random_tangent,literal_stable,literal_04,5,next_token_logprob_delta,even,0.4583333333333333,2,-0.44699080715046674,0.010891993947767381,0.04083623268916076,3,0.25,1.0,2,"11,12",0.45999999999999996,8,8
7,16,matched_betti,0.5,max_full_branch_node_speed,all_interior,coexact,coexact,random_tangent,literal_stable,literal_05,5,next_token_logprob_delta,even,0.4583333333333333,2,-0.27386092272503676,0.12436009269328166,0.6059103928449154,3,0.25,1.0,2,"11,12",0.4423076923076923,8,8
7,16,matched_betti,0.5,max_full_branch_node_speed,all_interior,coexact,coexact,random_tangent,metaphor_shift,metaphor_01,5,next_token_logprob_delta,even,0.4583333333333333,2,-0.08764303259867842,0.009154169524202135,0.17255865150018407,3,0.25,1.0,2,"15,16",0.45588235294117646,8,8
7,16,matched_betti,0.5,max_full_branch_node_speed,all_interior,coexact,coexact,random_tangent,metaphor_shift,metaphor_02,5,next_token_logprob_delta,even,0.4583333333333333,2,-0.09962634177003807,0.0045627841857564695,0.07659094998786167,3,0.25,1.0,2,"13,14",0.46551724137931033,8,8
7,16,matched_betti,0.5,max_full_branch_node_speed,all_interior,coexact,coexact,random_tangent,metaphor_shift,metaphor_03,5,next_token_logprob_delta,even,0.4583333333333333,2,-0.012719213032405797,0.005744642835344158,0.6038364934742629,3,0.25,1.0,2,"13,14",0.45,8,8
7,16,matched_betti,0.5,max_full_branch_node_speed,all_interior,coexact,coexact,random_tangent,metaphor_shift,metaphor_04,5,next_token_logprob_delta,even,0.4583333333333333,2,0.13491429366384192,0.0011354320269530717,0.014114295306252654,3,0.25,1.0,2,"12,13",0.4464285714285714,8,8
7,16,matched_betti,0.5,max_full_branch_node_speed,all_interior,coexact,coexact,random_tangent,metaphor_shift,metaphor_05,5,next_token_logprob_delta,even,0.4583333333333333,2,0.055870213327159995,0.02187728520501132,0.5489593954084543,3,0.25,1.0,2,"12,13",0.46296296296296297,8,8
7,16,matched_betti,0.5,max_full_branch_node_speed,all_interior,coexact,coexact,random_tangent,ontology_collapse,ontology_01,5,next_token_logprob_delta,even,0.4583333333333333,2,0.22267077271964728,0.016761137612248844,0.1252580378296864,3,0.25,1.0,3,"13,14,15",0.4516129032258065,8,8
7,16,matched_betti,0.5,max_full_branch_node_speed,all_interior,coexact,coexact,random_tangent,ontology_collapse,ontology_02,5,next_token_logprob_delta,even,0.4583333333333333,2,-0.2861502849564957,0.002299214579143601,0.01347550883715509,3,0.25,1.0,2,"12,13",0.4464285714285714,8,8
7,16,matched_betti,0.5,max_full_branch_node_speed,all_interior,coexact,coexact,random_tangent,ontology_collapse,ontology_03,5,next_token_logprob_delta,even,0.4583333333333333,2,0.07674685443786002,0.022705829997935117,0.4445042077231459,3,0.25,1.0,2,"13,14",0.46551724137931033,8,8
7,16,matched_betti,0.5,max_full_branch_node_speed,all_interior,coexact,coexact,random_tangent,ontology_collapse,ontology_04,5,next_token_logprob_delta,even,0.4583333333333333,2,-0.2350219692561368,0.0023976573814485755,0.01710859635718895,3,0.25,1.0,2,"13,14",0.46551724137931033,8,8
7,16,matched_betti,0.5,max_full_branch_node_speed,all_interior,coexact,coexact,random_tangent,ontology_collapse,ontology_05,5,next_token_logprob_delta,even,0.4583333333333333,2,-0.07090727136840495,0.008154272239335646,0.18939201638450337,3,0.25,1.0,2,"12,13",0.4464285714285714,8,8
7,16,matched_betti,0.5,max_full_branch_node_speed,all_interior,coexact,coexact,random_tangent,identity_stress,identity_01,6,next_token_logprob_delta,even,0.5416666666666666,2,-0.020156470404896668,0.005469257883715779,0.41422623863218616,3,0.25,1.0,3,"17,18,19",0.5294117647058824,8,8
7,16,matched_betti,0.5,max_full_branch_node_speed,all_interior,coexact,coexact,random_tangent,identity_stress,identity_02,6,next_token_logprob_delta,even,0.5416666666666666,2,0.2453054865268589,0.01897477628256535,0.12866015568876046,3,0.25,1.0,2,"16,17",0.532258064516129,8,8
7,16,matched_betti,0.5,max_full_branch_node_speed,all_interior,coexact,coexact,random_tangent,identity_stress,identity_03,6,next_token_logprob_delta,even,0.5416666666666666,2,0.12733343165706454,0.003398066572433417,0.04471509096415092,3,0.25,1.0,3,"16,17,18",0.5483870967741935,8,8
7,16,matched_betti,0.5,max_full_branch_node_speed,all_interior,coexact,coexact,random_tangent,identity_stress,identity_04,6,next_token_logprob_delta,even,0.5416666666666666,2,-0.15216653625558543,0.008878796940230305,0.09740120867063236,3,0.25,1.0,3,"14,15,16",0.5357142857142857,8,8
7,16,matched_betti,0.5,max_full_branch_node_speed,all_interior,coexact,coexact,random_tangent,identity_stress,identity_05,6,next_token_logprob_delta,even,0.5416666666666666,2,-0.24761376066534618,0.029527787944958344,0.19612717641710234,3,0.25,1.0,3,"14,15,16",0.5357142857142857,8,8
7,16,matched_betti,0.5,max_full_branch_node_speed,all_interior,coexact,coexact,random_tangent,literal_stable,literal_01,6,next_token_logprob_delta,even,0.5416666666666666,2,-0.24424138787951696,0.005803561492797816,0.039822634083606895,3,0.25,1.0,3,"17,18,19",0.5454545454545454,8,8
7,16,matched_betti,0.5,max_full_branch_node_speed,all_interior,coexact,coexact,random_tangent,literal_stable,literal_02,6,next_token_logprob_delta,even,0.5416666666666666,2,0.0015738401118622475,0.007748366658653231,0.9927468406771056,3,0.25,1.0,3,"14,15,16",0.5357142857142857,8,8
7,16,matched_betti,0.5,max_full_branch_node_speed,all_interior,coexact,coexact,random_tangent,literal_stable,literal_03,6,next_token_logprob_delta,even,0.5416666666666666,2,-0.23979737712143556,0.0018097040497467216,0.01265690810796604,3,0.25,1.0,2,"14,15",0.537037037037037,8,8
7,16,matched_betti,0.5,max_full_branch_node_speed,all_interior,coexact,coexact,random_tangent,literal_stable,literal_04,6,next_token_logprob_delta,even,0.5416666666666666,2,0.009227410087228655,0.012973221880268592,0.9206404149868481,3,0.25,1.0,2,"13,14",0.54,8,8
7,16,matched_betti,0.5,max_full_branch_node_speed,all_interior,coexact,coexact,random_tangent,literal_stable,literal_05,6,next_token_logprob_delta,even,0.5416666666666666,2,-0.04144528257688795,0.012575561973166604,0.4535637822759594,3,0.25,1.0,3,"13,14,15",0.5384615384615384,8,8
7,16,matched_betti,0.5,max_full_branch_node_speed,all_interior,coexact,coexact,random_tangent,metaphor_shift,metaphor_01,6,next_token_logprob_delta,even,0.5416666666666666,2,-0.3300270540261439,0.024483567928845713,0.12347759703476625,3,0.25,1.0,3,"17,18,19",0.5294117647058824,8,8
7,16,matched_betti,0.5,max_full_branch_node_speed,all_interior,coexact,coexact,random_tangent,metaphor_shift,metaphor_02,6,next_token_logprob_delta,even,0.5416666666666666,2,-0.29473709532958386,0.008514213221462162,0.04839492699271416,3,0.25,1.0,1,16,0.5517241379310345,8,8
7,16,matched_betti,0.5,max_full_branch_node_speed,all_interior,coexact,coexact,random_tangent,metaphor_shift,metaphor_03,6,next_token_logprob_delta,even,0.5416666666666666,2,0.159010794967794,0.012882720361532594,0.13465023061722262,3,0.25,1.0,2,"16,17",0.55,8,8
7,16,matched_betti,0.5,max_full_branch_node_speed,all_interior,coexact,coexact,random_tangent,metaphor_shift,metaphor_04,6,next_token_logprob_delta,even,0.5416666666666666,2,-0.09907403378354879,0.0026171590913731347,0.04426329127409402,3,0.25,1.0,3,"14,15,16",0.5357142857142857,8,8
7,16,matched_betti,0.5,max_full_branch_node_speed,all_interior,coexact,coexact,random_tangent,metaphor_shift,metaphor_05,6,next_token_logprob_delta,even,0.5416666666666666,2,0.04471436165182372,0.01666538174599991,0.5300757287075545,3,0.25,1.0,2,"14,15",0.537037037037037,8,8
7,16,matched_betti,0.5,max_full_branch_node_speed,all_interior,coexact,coexact,random_tangent,ontology_collapse,ontology_01,6,next_token_logprob_delta,even,0.5416666666666666,2,0.3010980378498234,0.027849433454940453,0.1533005159504158,3,0.25,1.0,3,"16,17,18",0.5483870967741935,8,8
7,16,matched_betti,0.5,max_full_branch_node_speed,all_interior,coexact,coexact,random_tangent,ontology_collapse,ontology_02,6,next_token_logprob_delta,even,0.5416666666666666,2,-0.08438930614832188,0.044593165180241444,0.6632803477591582,3,0.25,1.0,3,"14,15,16",0.5357142857142857,8,8
7,16,matched_betti,0.5,max_full_branch_node_speed,all_interior,coexact,coexact,random_tangent,ontology_collapse,ontology_03,6,next_token_logprob_delta,even,0.5416666666666666,2,-0.5257309780781314,0.06081813070060037,0.1904775682815457,3,0.25,1.0,2,"15,16",0.5344827586206897,8,8
7,16,matched_betti,0.5,max_full_branch_node_speed,all_interior,coexact,coexact,random_tangent,ontology_collapse,ontology_04,6,next_token_logprob_delta,even,0.5416666666666666,2,0.11563956652273973,0.004630050223659832,0.06700411029947478,3,0.25,1.0,2,"15,16",0.5344827586206897,8,8
7,16,matched_betti,0.5,max_full_branch_node_speed,all_interior,coexact,coexact,random_tangent,ontology_collapse,ontology_05,6,next_token_logprob_delta,even,0.5416666666666666,2,-0.443303346006129,0.1303076592728019,0.442201214810748,3,0.25,1.0,2,"15,16",0.5535714285714286,8,8
7,16,matched_betti,0.5,max_full_branch_node_speed,all_interior,coexact,coexact,random_tangent,identity_stress,identity_01,7,next_token_logprob_delta,even,0.625,2,-0.028198718396642487,0.009901473685453585,0.5074700551959579,3,0.25,1.0,3,"20,21,22",0.6176470588235294,8,8
7,16,matched_betti,0.5,max_full_branch_node_speed,all_interior,coexact,coexact,random_tangent,identity_stress,identity_02,7,next_token_logprob_delta,even,0.625,2,-0.07648246801541399,0.009954986792368788,0.21328870197872848,3,0.25,1.0,2,"19,20",0.6290322580645161,8,8
7,16,matched_betti,0.5,max_full_branch_node_speed,all_interior,coexact,coexact,random_tangent,identity_stress,identity_03,7,next_token_logprob_delta,even,0.625,2,0.06081634347890514,0.0011956293083363399,0.03295638418042365,3,0.25,1.0,1,19,0.6129032258064516,8,8
7,16,matched_betti,0.5,max_full_branch_node_speed,all_interior,coexact,coexact,random_tangent,identity_stress,identity_04,7,next_token_logprob_delta,even,0.625,2,-0.1852783814710123,0.004526112585840419,0.04093885097119491,3,0.25,1.0,2,"17,18",0.625,8,8
7,16,matched_betti,0.5,max_full_branch_node_speed,all_interior,coexact,coexact,random_tangent,identity_stress,identity_05,7,next_token_logprob_delta,even,0.625,2,-0.21663094874161085,0.007852058416602687,0.06068218687247427,3,0.25,1.0,1,17,0.6071428571428571,8,8
7,16,matched_betti,0.5,max_full_branch_node_speed,all_interior,coexact,coexact,random_tangent,literal_stable,literal_01,7,next_token_logprob_delta,even,0.625,2,-0.3157073607294008,0.11453651826680888,0.5198232165660315,3,0.25,1.0,2,"20,21",0.6212121212121212,8,8
7,16,matched_betti,0.5,max_full_branch_node_speed,all_interior,coexact,coexact,random_tangent,literal_stable,literal_02,7,next_token_logprob_delta,even,0.625,2,0.23715131864490346,0.00270535418219313,0.019130150684538015,3,0.25,1.0,2,"17,18",0.625,8,8
7,16,matched_betti,0.5,max_full_branch_node_speed,all_interior,coexact,coexact,random_tangent,literal_stable,literal_03,7,next_token_logprob_delta,even,0.625,2,-0.21910261074878692,0.009660147730836115,0.07374817198915871,3,0.25,1.0,2,"16,17",0.6111111111111112,8,8
7,16,matched_betti,0.5,max_full_branch_node_speed,all_interior,coexact,coexact,random_tangent,literal_stable,literal_04,7,next_token_logprob_delta,even,0.625,2,0.08613912818701423,0.007239455961457653,0.13958290203804188,3,0.25,1.0,2,"15,16",0.62,8,8
7,16,matched_betti,0.5,max_full_branch_node_speed,all_interior,coexact,coexact,random_tangent,literal_stable,literal_05,7,next_token_logprob_delta,even,0.625,2,0.06760763616932289,0.0048449003093841,0.11933661246398958,3,0.25,1.0,2,"16,17",0.6346153846153846,8,8
7,16,matched_betti,0.5,max_full_branch_node_speed,all_interior,coexact,coexact,random_tangent,metaphor_shift,metaphor_01,7,next_token_logprob_delta,even,0.625,2,-0.07944300241865897,0.043989432892703434,0.680515614893171,3,0.25,1.0,2,"20,21",0.6029411764705883,8,8
7,16,matched_betti,0.5,max_full_branch_node_speed,all_interior,coexact,coexact,random_tangent,metaphor_shift,metaphor_02,7,next_token_logprob_delta,even,0.625,2,0.6933389753222368,0.0255077376744359,0.06158860603749484,3,0.25,1.0,3,"17,18,19",0.6206896551724138,8,8
7,16,matched_betti,0.5,max_full_branch_node_speed,all_interior,coexact,coexact,random_tangent,metaphor_shift,metaphor_03,7,next_token_logprob_delta,even,0.625,2,-0.09641619558197295,0.003204716186457549,0.05566279726776164,3,0.25,1.0,2,"18,19",0.6166666666666667,8,8
7,16,matched_betti,0.5,max_full_branch_node_speed,all_interior,coexact,coexact,random_tangent,metaphor_shift,metaphor_04,7,next_token_logprob_delta,even,0.625,2,-0.39583710846989606,0.05887678709422982,0.24205609418845814,3,0.25,1.0,2,"17,18",0.625,8,8
7,16,matched_betti,0.5,max_full_branch_node_speed,all_interior,coexact,coexact,random_tangent,metaphor_shift,metaphor_05,7,next_token_logprob_delta,even,0.625,2,-0.25545118604745426,0.011308181096529875,0.07404407759223526,3,0.25,1.0,2,"16,17",0.6111111111111112,8,8
7,16,matched_betti,0.5,max_full_branch_node_speed,all_interior,coexact,coexact,random_tangent,ontology_collapse,ontology_01,7,next_token_logprob_delta,even,0.625,2,0.1472447399450608,0.013579610938415794,0.15286647949618776,3,0.25,1.0,2,"19,20",0.6290322580645161,8,8
7,16,matched_betti,0.5,max_full_branch_node_speed,all_interior,coexact,coexact,random_tangent,ontology_collapse,ontology_02,7,next_token_logprob_delta,even,0.625,2,0.15004866492193003,0.0004149872469110581,0.004638710068832698,3,0.25,1.0,2,"17,18",0.625,8,8
7,16,matched_betti,0.5,max_full_branch_node_speed,all_interior,coexact,coexact,random_tangent,ontology_collapse,ontology_03,7,next_token_logprob_delta,even,0.625,2,0.047455654782218304,0.014432176961211666,0.4543866768448536,3,0.25,1.0,3,"17,18,19",0.6206896551724138,8,8
7,16,matched_betti,0.5,max_full_branch_node_speed,all_interior,coexact,coexact,random_tangent,ontology_collapse,ontology_04,7,next_token_logprob_delta,even,0.625,2,-0.15944479003462148,0.023265246911727582,0.2377196720389175,3,0.25,1.0,3,"17,18,19",0.6206896551724138,8,8
7,16,matched_betti,0.5,max_full_branch_node_speed,all_interior,coexact,coexact,random_tangent,ontology_collapse,ontology_05,7,next_token_logprob_delta,even,0.625,2,0.19101744074226298,0.01634092702622326,0.14202925512242265,3,0.25,1.0,2,"17,18",0.625,8,8
7,16,matched_betti,0.5,max_full_branch_node_speed,all_interior,coexact,coexact,random_tangent,identity_stress,identity_01,8,next_token_logprob_delta,even,0.7083333333333334,2,-0.07194620926505618,0.004581277690397832,0.10619769647133066,3,0.25,1.0,3,"23,24,25",0.7058823529411765,8,8
7,16,matched_betti,0.5,max_full_branch_node_speed,all_interior,coexact,coexact,random_tangent,identity_stress,identity_02,8,next_token_logprob_delta,even,0.7083333333333334,2,-0.181885061619055,0.0041039949919282614,0.037817976788437964,3,0.25,1.0,3,"21,22,23",0.7096774193548386,8,8
7,16,matched_betti,0.5,max_full_branch_node_speed,all_interior,coexact,coexact,random_tangent,identity_stress,identity_03,8,next_token_logprob_delta,even,0.7083333333333334,2,0.04464720332324164,0.007709438616757979,0.2781872943613994,3,0.25,1.0,2,"21,22",0.6935483870967744,8,8
7,16,matched_betti,0.5,max_full_branch_node_speed,all_interior,coexact,coexact,random_tangent,identity_stress,identity_04,8,next_token_logprob_delta,even,0.7083333333333334,2,-0.037421429225963816,0.005522498066940854,0.24027140636962413,3,0.25,1.0,2,"19,20",0.6964285714285715,8,8
7,16,matched_betti,0.5,max_full_branch_node_speed,all_interior,coexact,coexact,random_tangent,identity_stress,identity_05,8,next_token_logprob_delta,even,0.7083333333333334,2,-0.43642266047139805,0.054454874288808006,0.20484268317502616,3,0.25,1.0,2,"19,20",0.6964285714285715,8,8
7,16,matched_betti,0.5,max_full_branch_node_speed,all_interior,coexact,coexact,random_tangent,literal_stable,literal_01,8,next_token_logprob_delta,even,0.7083333333333334,2,0.19790147672424405,0.0030510072999034884,0.025849274314238887,3,0.25,1.0,3,"22,23,24",0.6969696969696969,8,8
7,16,matched_betti,0.5,max_full_branch_node_speed,all_interior,coexact,coexact,random_tangent,literal_stable,literal_02,8,next_token_logprob_delta,even,0.7083333333333334,2,-0.05898666136145817,0.014864628752330428,0.3893206200952283,3,0.25,1.0,2,"19,20",0.6964285714285715,8,8
7,16,matched_betti,0.5,max_full_branch_node_speed,all_interior,coexact,coexact,random_tangent,literal_stable,literal_03,8,next_token_logprob_delta,even,0.7083333333333334,2,0.02535305058987303,0.004505802782310454,0.2856644468465914,3,0.25,1.0,3,"18,19,20",0.7037037037037037,8,8
7,16,matched_betti,0.5,max_full_branch_node_speed,all_interior,coexact,coexact,random_tangent,literal_stable,literal_04,8,next_token_logprob_delta,even,0.7083333333333334,2,0.3150601827243951,0.006117436930711996,0.03254955704450912,3,0.25,1.0,2,"17,18",0.6999999999999998,8,8
7,16,matched_betti,0.5,max_full_branch_node_speed,all_interior,coexact,coexact,random_tangent,literal_stable,literal_05,8,next_token_logprob_delta,even,0.7083333333333334,2,0.006833036225450282,0.0008519183599978798,0.2046867440231315,3,0.25,1.0,2,"18,19",0.7115384615384613,8,8
7,16,matched_betti,0.5,max_full_branch_node_speed,all_interior,coexact,coexact,random_tangent,metaphor_shift,metaphor_01,8,next_token_logprob_delta,even,0.7083333333333334,2,-0.10089650206883626,0.010194685133572972,0.16708915716226957,3,0.25,1.0,3,"23,24,25",0.7058823529411765,8,8
7,16,matched_betti,0.5,max_full_branch_node_speed,all_interior,coexact,coexact,random_tangent,metaphor_shift,metaphor_02,8,next_token_logprob_delta,even,0.7083333333333334,2,-0.4182011211794543,0.018073614091914256,0.07229714047024584,3,0.25,1.0,2,"20,21",0.7068965517241379,8,8
7,16,matched_betti,0.5,max_full_branch_node_speed,all_interior,coexact,coexact,random_tangent,metaphor_shift,metaphor_03,8,next_token_logprob_delta,even,0.7083333333333334,2,0.152899255455332,0.008655153531713948,0.09451919352080815,3,0.25,1.0,3,"20,21,22",0.6999999999999998,8,8
7,16,matched_betti,0.5,max_full_branch_node_speed,all_interior,coexact,coexact,random_tangent,metaphor_shift,metaphor_04,8,next_token_logprob_delta,even,0.7083333333333334,2,-0.07563211112081279,0.011900386006253205,0.25517239166675965,3,0.25,1.0,2,"19,20",0.6964285714285715,8,8
7,16,matched_betti,0.5,max_full_branch_node_speed,all_interior,coexact,coexact,random_tangent,metaphor_shift,metaphor_05,8,next_token_logprob_delta,even,0.7083333333333334,2,-0.39943480891649263,0.01880424715103984,0.07871539400807807,3,0.25,1.0,3,"18,19,20",0.7037037037037037,8,8
7,16,matched_betti,0.5,max_full_branch_node_speed,all_interior,coexact,coexact,random_tangent,ontology_collapse,ontology_01,8,next_token_logprob_delta,even,0.7083333333333334,2,-0.3410071129778421,0.045859104625009826,0.22003179598358205,3,0.25,1.0,2,"21,23",0.7096774193548386,8,8
7,16,matched_betti,0.5,max_full_branch_node_speed,all_interior,coexact,coexact,random_tangent,ontology_collapse,ontology_02,8,next_token_logprob_delta,even,0.7083333333333334,2,0.02009411705418339,0.011424323049277763,0.6901131459839015,3,0.25,1.0,2,"19,20",0.6964285714285715,8,8
7,16,matched_betti,0.5,max_full_branch_node_speed,all_interior,coexact,coexact,random_tangent,ontology_collapse,ontology_03,8,next_token_logprob_delta,even,0.7083333333333334,2,0.04235141042681178,0.009431768151019636,0.34991517607225653,3,0.25,1.0,2,"20,21",0.7068965517241379,8,8
7,16,matched_betti,0.5,max_full_branch_node_speed,all_interior,coexact,coexact,random_tangent,ontology_collapse,ontology_04,8,next_token_logprob_delta,even,0.7083333333333334,2,-0.07851859382153413,0.006470706342853326,0.1369206352016649,3,0.25,1.0,2,"20,21",0.7068965517241379,8,8
7,16,matched_betti,0.5,max_full_branch_node_speed,all_interior,coexact,coexact,random_tangent,ontology_collapse,ontology_05,8,next_token_logprob_delta,even,0.7083333333333334,2,-0.14908848124273816,0.03454363652006577,0.36222717304742647,3,0.25,1.0,2,"19,20",0.6964285714285715,8,8
7,16,matched_betti,0.5,max_full_branch_node_speed,all_interior,coexact,coexact,random_tangent,identity_stress,identity_01,9,next_token_logprob_delta,even,0.7916666666666666,2,0.0566731741256844,0.00037840705064250173,0.01119834225158157,3,0.25,1.0,3,"26,27,28",0.7941176470588235,8,8
7,16,matched_betti,0.5,max_full_branch_node_speed,all_interior,coexact,coexact,random_tangent,identity_stress,identity_02,9,next_token_logprob_delta,even,0.7916666666666666,2,-0.06767266417925001,0.0077667056893234426,0.18902619190821957,3,0.25,1.0,2,"24,25",0.7903225806451614,8,8
7,16,matched_betti,0.5,max_full_branch_node_speed,all_interior,coexact,coexact,random_tangent,identity_stress,identity_03,9,next_token_logprob_delta,even,0.7916666666666666,2,-0.17845440797430084,0.006554636553912478,0.06148908811843605,3,0.25,1.0,2,"24,25",0.7903225806451614,8,8
7,16,matched_betti,0.5,max_full_branch_node_speed,all_interior,coexact,coexact,random_tangent,identity_stress,identity_04,9,next_token_logprob_delta,even,0.7916666666666666,2,-0.0015124658516275382,0.03424922964137073,0.999653570196191,3,0.25,1.0,3,"21,22,23",0.7857142857142857,8,8
7,16,matched_betti,0.5,max_full_branch_node_speed,all_interior,coexact,coexact,random_tangent,identity_stress,identity_05,9,next_token_logprob_delta,even,0.7916666666666666,2,-0.5541244853726506,0.05298515636929733,0.15835489262794972,3,0.25,1.0,3,"21,22,23",0.7857142857142857,8,8
7,16,matched_betti,0.5,max_full_branch_node_speed,all_interior,coexact,coexact,random_tangent,literal_stable,literal_01,9,next_token_logprob_delta,even,0.7916666666666666,2,-0.0021905624703917746,0.002589003867189347,0.8928299953397013,3,0.25,1.0,2,"25,26",0.7727272727272728,8,8
7,16,matched_betti,0.5,max_full_branch_node_speed,all_interior,coexact,coexact,random_tangent,literal_stable,literal_02,9,next_token_logprob_delta,even,0.7916666666666666,2,-0.1848154404321531,0.051304772688650184,0.42209589916310597,3,0.25,1.0,1,21,0.75,8,8
7,16,matched_betti,0.5,max_full_branch_node_speed,all_interior,coexact,coexact,random_tangent,literal_stable,literal_03,9,next_token_logprob_delta,even,0.7916666666666666,2,0.1229736049243223,0.015148531321380894,0.2023394283098741,3,0.25,1.0,2,"21,22",0.7962962962962963,8,8
7,16,matched_betti,0.5,max_full_branch_node_speed,all_interior,coexact,coexact,random_tangent,literal_stable,literal_04,9,next_token_logprob_delta,even,0.7916666666666666,2,-0.1874285796421344,0.017430376395977026,0.15411691646705453,3,0.25,1.0,2,"19,20",0.7799999999999999,8,8
7,16,matched_betti,0.5,max_full_branch_node_speed,all_interior,coexact,coexact,random_tangent,literal_stable,literal_05,9,next_token_logprob_delta,even,0.7916666666666666,2,0.20757450801289742,0.0018402762385545915,0.014868264514278303,3,0.25,1.0,2,"20,21",0.7884615384615387,8,8
7,16,matched_betti,0.5,max_full_branch_node_speed,all_interior,coexact,coexact,random_tangent,metaphor_shift,metaphor_01,9,next_token_logprob_delta,even,0.7916666666666666,2,0.03720494470912152,0.009206552810554804,0.38333916420559566,3,0.25,1.0,3,"26,27,28",0.7941176470588235,8,8
7,16,matched_betti,0.5,max_full_branch_node_speed,all_interior,coexact,coexact,random_tangent,metaphor_shift,metaphor_02,9,next_token_logprob_delta,even,0.7916666666666666,2,0.09183738594417161,0.002296089964651112,0.04189740836626073,3,0.25,1.0,3,"22,23,24",0.7931034482758621,8,8
7,16,matched_betti,0.5,max_full_branch_node_speed,all_interior,coexact,coexact,random_tangent,metaphor_shift,metaphor_03,9,next_token_logprob_delta,even,0.7916666666666666,2,0.009692605800182908,0.007485952884397812,0.7915791910427731,3,0.25,1.0,2,"23,24",0.7833333333333335,8,8
7,16,matched_betti,0.5,max_full_branch_node_speed,all_interior,coexact,coexact,random_tangent,metaphor_shift,metaphor_04,9,next_token_logprob_delta,even,0.7916666666666666,2,-0.020810714923368757,0.024027902430286588,0.8885287057888511,3,0.25,1.0,3,"21,22,23",0.7857142857142857,8,8
7,16,matched_betti,0.5,max_full_branch_node_speed,all_interior,coexact,coexact,random_tangent,metaphor_shift,metaphor_05,9,next_token_logprob_delta,even,0.7916666666666666,2,0.06283675554953368,0.021114430951748774,0.4909838142754068,3,0.25,1.0,2,"21,22",0.7962962962962963,8,8
7,16,matched_betti,0.5,max_full_branch_node_speed,all_interior,coexact,coexact,random_tangent,ontology_collapse,ontology_01,9,next_token_logprob_delta,even,0.7916666666666666,2,0.0902641436909853,0.025814459222302535,0.4324928660223478,3,0.25,1.0,2,"24,25",0.7903225806451614,8,8
7,16,matched_betti,0.5,max_full_branch_node_speed,all_interior,coexact,coexact,random_tangent,ontology_collapse,ontology_02,9,next_token_logprob_delta,even,0.7916666666666666,2,0.10965089437580021,0.001997467045255015,0.030539653812621744,3,0.25,1.0,3,"21,22,23",0.7857142857142857,8,8
7,16,matched_betti,0.5,max_full_branch_node_speed,all_interior,coexact,coexact,random_tangent,ontology_collapse,ontology_03,9,next_token_logprob_delta,even,0.7916666666666666,2,-0.052236539167344,0.03051862581439676,0.6998988129966017,3,0.25,1.0,2,"22,23",0.7758620689655172,8,8
7,16,matched_betti,0.5,max_full_branch_node_speed,all_interior,coexact,coexact,random_tangent,ontology_collapse,ontology_04,9,next_token_logprob_delta,even,0.7916666666666666,2,0.133460776391997,0.008561885427457854,0.1069831505581293,3,0.25,1.0,3,"22,23,24",0.7931034482758621,8,8
7,16,matched_betti,0.5,max_full_branch_node_speed,all_interior,coexact,coexact,random_tangent,ontology_collapse,ontology_05,9,next_token_logprob_delta,even,0.7916666666666666,2,-0.05925654153461655,0.008789354613743031,0.24142355462289664,3,0.25,1.0,3,"21,22,23",0.7857142857142857,8,8
7,16,matched_betti,0.5,max_full_branch_node_speed,all_interior,coexact,coexact,random_tangent,identity_stress,identity_01,10,next_token_logprob_delta,even,0.875,2,0.07415232828191028,0.02281757277514849,0.4586309532903989,3,0.25,1.0,3,"29,30,31",0.8823529411764706,8,8
7,16,matched_betti,0.5,max_full_branch_node_speed,all_interior,coexact,coexact,random_tangent,identity_stress,identity_02,10,next_token_logprob_delta,even,0.875,2,-0.021536153227796992,0.03988544126111884,0.9518908518252406,3,0.25,1.0,1,26,0.8387096774193549,8,8
7,16,matched_betti,0.5,max_full_branch_node_speed,all_interior,coexact,coexact,random_tangent,identity_stress,identity_03,10,next_token_logprob_delta,even,0.875,2,-0.31701998251289915,0.029570729006589577,0.15456945627337965,3,0.25,1.0,3,"26,27,28",0.8709677419354839,8,8
7,16,matched_betti,0.5,max_full_branch_node_speed,all_interior,coexact,coexact,random_tangent,identity_stress,identity_04,10,next_token_logprob_delta,even,0.875,2,0.19124012133195142,0.01996771379357512,0.17249997940034864,3,0.25,1.0,1,24,0.8571428571428571,8,8
7,16,matched_betti,0.5,max_full_branch_node_speed,all_interior,coexact,coexact,random_tangent,identity_stress,identity_05,10,next_token_logprob_delta,even,0.875,2,0.21009769638349507,0.0018396824235177435,0.014685002414769043,3,0.25,1.0,2,"24,25",0.875,8,8
7,16,matched_betti,0.5,max_full_branch_node_speed,all_interior,coexact,coexact,random_tangent,literal_stable,literal_01,10,next_token_logprob_delta,even,0.875,2,-0.527336238130918,0.004254611793713624,0.013531060888680248,3,0.25,1.0,2,"29,30",0.8939393939393939,8,8
7,16,matched_betti,0.5,max_full_branch_node_speed,all_interior,coexact,coexact,random_tangent,literal_stable,literal_03,10,next_token_logprob_delta,even,0.875,2,0.1266199768641784,0.004917876380357756,0.06500624744335311,3,0.25,1.0,2,"23,24",0.8703703703703703,8,8
7,16,matched_betti,0.5,max_full_branch_node_speed,all_interior,coexact,coexact,random_tangent,literal_stable,literal_04,10,next_token_logprob_delta,even,0.875,2,0.14891914624141991,0.01685212413431763,0.18647397636429633,3,0.25,1.0,2,"21,22",0.86,8,8
7,16,matched_betti,0.5,max_full_branch_node_speed,all_interior,coexact,coexact,random_tangent,literal_stable,literal_05,10,next_token_logprob_delta,even,0.875,2,0.02115847737770375,0.006290878944858028,0.4462718317276672,3,0.25,1.0,2,"22,23",0.8653846153846154,8,8
7,16,matched_betti,0.5,max_full_branch_node_speed,all_interior,coexact,coexact,random_tangent,metaphor_shift,metaphor_01,10,next_token_logprob_delta,even,0.875,2,0.17345799476955387,0.0743882739801583,0.5839298693066964,3,0.25,1.0,3,"29,30,31",0.8823529411764706,8,8
7,16,matched_betti,0.5,max_full_branch_node_speed,all_interior,coexact,coexact,random_tangent,metaphor_shift,metaphor_02,10,next_token_logprob_delta,even,0.875,2,-0.10634454321264598,0.007270713981633241,0.11392637662562671,3,0.25,1.0,1,26,0.896551724137931,8,8
7,16,matched_betti,0.5,max_full_branch_node_speed,all_interior,coexact,coexact,random_tangent,metaphor_shift,metaphor_03,10,next_token_logprob_delta,even,0.875,2,-0.06386743781158151,0.004223603788941317,0.11024216473585048,3,0.25,1.0,2,"25,27",0.8666666666666667,8,8
7,16,matched_betti,0.5,max_full_branch_node_speed,all_interior,coexact,coexact,random_tangent,metaphor_shift,metaphor_04,10,next_token_logprob_delta,even,0.875,2,-0.06727342786345235,0.001167186913405168,0.029087897513803758,3,0.25,1.0,2,"24,25",0.875,8,8
7,16,matched_betti,0.5,max_full_branch_node_speed,all_interior,coexact,coexact,random_tangent,metaphor_shift,metaphor_05,10,next_token_logprob_delta,even,0.875,2,-0.2139304629479627,0.006886525714250826,0.053913154518206406,3,0.25,1.0,1,23,0.8518518518518517,8,8
7,16,matched_betti,0.5,max_full_branch_node_speed,all_interior,coexact,coexact,random_tangent,ontology_collapse,ontology_01,10,next_token_logprob_delta,even,0.875,2,0.037574743818292164,0.010347976066183675,0.4193372616971449,3,0.25,1.0,3,"26,27,28",0.8709677419354839,8,8
7,16,matched_betti,0.5,max_full_branch_node_speed,all_interior,coexact,coexact,random_tangent,ontology_collapse,ontology_02,10,next_token_logprob_delta,even,0.875,2,-0.061223579191210145,0.030905570264495794,0.6461745145683326,3,0.25,1.0,2,"24,25",0.875,8,8
7,16,matched_betti,0.5,max_full_branch_node_speed,all_interior,coexact,coexact,random_tangent,ontology_collapse,ontology_03,10,next_token_logprob_delta,even,0.875,2,0.16185973192327374,0.02010840154004594,0.20398992908942293,3,0.25,1.0,2,"25,26",0.8793103448275862,8,8
7,16,matched_betti,0.5,max_full_branch_node_speed,all_interior,coexact,coexact,random_tangent,ontology_collapse,ontology_04,10,next_token_logprob_delta,even,0.875,2,-0.15342700892484035,0.002636404757215538,0.02880907111887867,3,0.25,1.0,2,"25,26",0.8793103448275862,8,8
7,16,matched_betti,0.5,max_full_branch_node_speed,all_interior,coexact,coexact,random_tangent,ontology_collapse,ontology_05,10,next_token_logprob_delta,even,0.875,2,0.17382972727746107,0.013919838426340163,0.13311505237077914,3,0.25,1.0,2,"24,25",0.875,8,8
7,16,matched_betti,0.5,max_full_branch_node_speed,all_interior,coexact,coexact,random_tangent,identity_stress,identity_01,11,next_token_logprob_delta,even,0.9583333333333334,2,0.05757786603010693,0.008772616793000352,0.2475916068625155,3,0.25,1.0,2,"32,33",0.9558823529411763,8,8
7,16,matched_betti,0.5,max_full_branch_node_speed,all_interior,coexact,coexact,random_tangent,identity_stress,identity_02,11,next_token_logprob_delta,even,0.9583333333333334,2,0.032140679632189924,0.018709201143428434,0.6985901812309495,3,0.25,1.0,2,"29,30",0.9516129032258065,8,8
7,16,matched_betti,0.5,max_full_branch_node_speed,all_interior,coexact,coexact,random_tangent,identity_stress,identity_03,11,next_token_logprob_delta,even,0.9583333333333334,2,0.08953060778475665,0.017721615128835886,0.3150840698157406,3,0.25,1.0,1,29,0.9354838709677419,8,8
7,16,matched_betti,0.5,max_full_branch_node_speed,all_interior,coexact,coexact,random_tangent,identity_stress,identity_04,11,next_token_logprob_delta,even,0.9583333333333334,2,0.08480294571291286,0.005017717081450731,0.09875664193771094,3,0.25,1.0,1,26,0.9285714285714285,8,8
7,16,matched_betti,0.5,max_full_branch_node_speed,all_interior,coexact,coexact,random_tangent,identity_stress,identity_05,11,next_token_logprob_delta,even,0.9583333333333334,2,0.22991914036892272,0.012514886128861018,0.09091774492299734,3,0.25,1.0,2,"26,27",0.9464285714285715,8,8
7,16,matched_betti,0.5,max_full_branch_node_speed,all_interior,coexact,coexact,random_tangent,literal_stable,literal_02,11,next_token_logprob_delta,even,0.9583333333333334,2,-0.11757556811917354,0.011980313334474949,0.1684607833439339,3,0.25,1.0,2,"26,27",0.9464285714285715,8,8
7,16,matched_betti,0.5,max_full_branch_node_speed,all_interior,coexact,coexact,random_tangent,literal_stable,literal_03,11,next_token_logprob_delta,even,0.9583333333333334,2,0.04952921516289511,0.003915984010654647,0.13145989200317762,3,0.25,1.0,1,25,0.9259259259259259,8,8
7,16,matched_betti,0.5,max_full_branch_node_speed,all_interior,coexact,coexact,random_tangent,literal_stable,literal_04,11,next_token_logprob_delta,even,0.9583333333333334,2,-0.25352650488160594,0.01105267036725437,0.07292647226211625,3,0.25,1.0,2,"23,24",0.94,8,8
7,16,matched_betti,0.5,max_full_branch_node_speed,all_interior,coexact,coexact,random_tangent,literal_stable,literal_05,11,next_token_logprob_delta,even,0.9583333333333334,2,0.11120699410576063,0.005715859441287758,0.0858896602005746,3,0.25,1.0,1,25,0.9615384615384616,8,8
7,16,matched_betti,0.5,max_full_branch_node_speed,all_interior,coexact,coexact,random_tangent,metaphor_shift,metaphor_01,11,next_token_logprob_delta,even,0.9583333333333334,2,0.577746859578862,0.004778232100075694,0.013870341514277741,3,0.25,1.0,1,32,0.9411764705882352,8,8
7,16,matched_betti,0.5,max_full_branch_node_speed,all_interior,coexact,coexact,random_tangent,metaphor_shift,metaphor_02,11,next_token_logprob_delta,even,0.9583333333333334,2,-0.0075769541249814274,0.002987750674394367,0.5516418960471081,3,0.25,1.0,2,"27,28",0.9482758620689656,8,8
7,16,matched_betti,0.5,max_full_branch_node_speed,all_interior,coexact,coexact,random_tangent,metaphor_shift,metaphor_03,11,next_token_logprob_delta,even,0.9583333333333334,2,-0.040869711503391894,0.0031768345276804713,0.1292803054752405,3,0.25,1.0,2,"28,29",0.9499999999999998,8,8
7,16,matched_betti,0.5,max_full_branch_node_speed,all_interior,coexact,coexact,random_tangent,metaphor_shift,metaphor_04,11,next_token_logprob_delta,even,0.9583333333333334,2,0.48121369086585036,0.04696428530507472,0.16154261197848516,3,0.25,1.0,1,26,0.9285714285714285,8,8
7,16,matched_betti,0.5,max_full_branch_node_speed,all_interior,coexact,coexact,random_tangent,metaphor_shift,metaphor_05,11,next_token_logprob_delta,even,0.9583333333333334,2,-0.30426142702546727,0.011453853322382327,0.06301443361434499,3,0.25,1.0,2,"25,26",0.9444444444444443,8,8
7,16,matched_betti,0.5,max_full_branch_node_speed,all_interior,coexact,coexact,random_tangent,ontology_collapse,ontology_01,11,next_token_logprob_delta,even,0.9583333333333334,2,0.14989479044074963,0.02203917870526879,0.2394352935120053,3,0.25,1.0,1,29,0.9354838709677419,8,8
7,16,matched_betti,0.5,max_full_branch_node_speed,all_interior,coexact,coexact,random_tangent,ontology_collapse,ontology_02,11,next_token_logprob_delta,even,0.9583333333333334,2,-0.2484725753015658,0.010260554542710961,0.06909592914236376,3,0.25,1.0,2,"26,27",0.9464285714285715,8,8
7,16,matched_betti,0.5,max_full_branch_node_speed,all_interior,coexact,coexact,random_tangent,ontology_collapse,ontology_03,11,next_token_logprob_delta,even,0.9583333333333334,2,0.03310789316317406,0.0022002801280155645,0.11078075429794941,3,0.25,1.0,2,"27,28",0.9482758620689656,8,8
7,16,matched_betti,0.5,max_full_branch_node_speed,all_interior,coexact,coexact,random_tangent,ontology_collapse,ontology_04,11,next_token_logprob_delta,even,0.9583333333333334,2,0.3807234503992108,0.016909628865080212,0.07428857451208594,3,0.25,1.0,2,"27,28",0.9482758620689656,8,8
7,16,matched_betti,0.5,max_full_branch_node_speed,all_interior,coexact,coexact,random_tangent,ontology_collapse,ontology_05,11,next_token_logprob_delta,even,0.9583333333333334,2,0.3625981334167245,0.031353568329719896,0.14352931096934562,3,0.25,1.0,1,26,0.9285714285714285,8,8
7,16,matched_betti,0.5,max_full_branch_node_speed,all_interior,coexact,coexact,random_tangent,identity_stress,identity_01,0,next_token_logprob_delta,odd,0.041666666666666664,1,0.7742978851899457,0.03468494014697958,0.06756941585740216,3,0.25,1.0,2,"1,2",0.04411764705882352,8,8
7,16,matched_betti,0.5,max_full_branch_node_speed,all_interior,coexact,coexact,random_tangent,identity_stress,identity_02,0,next_token_logprob_delta,odd,0.041666666666666664,1,0.8518863879375489,0.008361231311884099,0.014837192188871093,3,0.25,1.0,2,"1,2",0.04838709677419354,8,8
7,16,matched_betti,0.5,max_full_branch_node_speed,all_interior,coexact,coexact,random_tangent,identity_stress,identity_03,0,next_token_logprob_delta,odd,0.041666666666666664,1,1.3796302895316452,0.0261667080211866,0.028662816735338627,3,0.25,1.0,2,"1,2",0.04838709677419354,8,8
7,16,matched_betti,0.5,max_full_branch_node_speed,all_interior,coexact,coexact,random_tangent,identity_stress,identity_04,0,next_token_logprob_delta,odd,0.041666666666666664,1,0.9638238465934114,0.017758230478107862,0.027844829647456108,3,0.25,1.0,2,"1,2",0.05357142857142857,8,8
7,16,matched_betti,0.5,max_full_branch_node_speed,all_interior,coexact,coexact,random_tangent,identity_stress,identity_05,0,next_token_logprob_delta,odd,0.041666666666666664,1,1.0753942057633954,0.021059933348432106,0.02959443165828348,3,0.25,1.0,2,"1,2",0.05357142857142857,8,8
7,16,matched_betti,0.5,max_full_branch_node_speed,all_interior,coexact,coexact,random_tangent,literal_stable,literal_01,0,next_token_logprob_delta,odd,0.041666666666666664,1,0.47237471798140374,0.04229251909540258,0.1341359812473306,3,0.25,1.0,2,"1,2",0.04545454545454545,8,8
7,16,matched_betti,0.5,max_full_branch_node_speed,all_interior,coexact,coexact,random_tangent,literal_stable,literal_02,0,next_token_logprob_delta,odd,0.041666666666666664,1,0.6491611645204831,0.0026123910792981535,0.006083991447797964,3,0.25,1.0,2,"1,2",0.05357142857142857,8,8
7,16,matched_betti,0.5,max_full_branch_node_speed,all_interior,coexact,coexact,random_tangent,literal_stable,literal_03,0,next_token_logprob_delta,odd,0.041666666666666664,1,0.44492779959253764,0.030171156388292,0.10198656217205272,3,0.25,1.0,2,"1,2",0.05555555555555555,8,8
7,16,matched_betti,0.5,max_full_branch_node_speed,all_interior,coexact,coexact,random_tangent,literal_stable,literal_04,0,next_token_logprob_delta,odd,0.041666666666666664,1,0.9085539577908532,0.021171874793784837,0.0352087177796163,3,0.25,1.0,2,"1,2",0.06,8,8
7,16,matched_betti,0.5,max_full_branch_node_speed,all_interior,coexact,coexact,random_tangent,literal_stable,literal_05,0,next_token_logprob_delta,odd,0.041666666666666664,1,0.7062152383044735,0.007819260981188377,0.01673704400761949,3,0.25,1.0,2,"1,2",0.05769230769230769,8,8
7,16,matched_betti,0.5,max_full_branch_node_speed,all_interior,coexact,coexact,random_tangent,metaphor_shift,metaphor_01,0,next_token_logprob_delta,odd,0.041666666666666664,1,-0.603687648315436,0.09187110250206397,0.22422112080659537,3,0.25,1.0,2,"1,2",0.04411764705882352,8,8
7,16,matched_betti,0.5,max_full_branch_node_speed,all_interior,coexact,coexact,random_tangent,metaphor_shift,metaphor_02,0,next_token_logprob_delta,odd,0.041666666666666664,1,-0.003405196786892482,0.12885821101538372,0.9998472754703225,3,0.25,1.0,2,"1,2",0.05172413793103448,8,8
7,16,matched_betti,0.5,max_full_branch_node_speed,all_interior,coexact,coexact,random_tangent,metaphor_shift,metaphor_03,0,next_token_logprob_delta,odd,0.041666666666666664,1,0.0929465993355056,0.033828456862066224,0.4820865641473949,3,0.25,1.0,2,"1,2",0.05000000000000001,8,8
7,16,matched_betti,0.5,max_full_branch_node_speed,all_interior,coexact,coexact,random_tangent,metaphor_shift,metaphor_04,0,next_token_logprob_delta,odd,0.041666666666666664,1,1.4395315054908375,0.016100704936759573,0.016907235688209434,3,0.25,1.0,2,"1,2",0.05357142857142857,8,8
7,16,matched_betti,0.5,max_full_branch_node_speed,all_interior,coexact,coexact,random_tangent,metaphor_shift,metaphor_05,0,next_token_logprob_delta,odd,0.041666666666666664,1,0.2396008921457345,0.035128713366939755,0.21640614919234039,3,0.25,1.0,2,"1,2",0.05555555555555555,8,8
7,16,matched_betti,0.5,max_full_branch_node_speed,all_interior,coexact,coexact,random_tangent,ontology_collapse,ontology_01,0,next_token_logprob_delta,odd,0.041666666666666664,1,1.4417944310209223,0.06415470756643026,0.0671205739398905,3,0.25,1.0,2,"1,2",0.04838709677419354,8,8
7,16,matched_betti,0.5,max_full_branch_node_speed,all_interior,coexact,coexact,random_tangent,ontology_collapse,ontology_02,0,next_token_logprob_delta,odd,0.041666666666666664,1,1.4281475775206227,0.016169839485921742,0.01711512104062602,3,0.25,1.0,2,"1,2",0.05357142857142857,8,8
7,16,matched_betti,0.5,max_full_branch_node_speed,all_interior,coexact,coexact,random_tangent,ontology_collapse,ontology_03,0,next_token_logprob_delta,odd,0.041666666666666664,1,0.8423659288236779,0.014981122942857666,0.026878041279544303,3,0.25,1.0,2,"1,2",0.05172413793103448,8,8
7,16,matched_betti,0.5,max_full_branch_node_speed,all_interior,coexact,coexact,random_tangent,ontology_collapse,ontology_04,0,next_token_logprob_delta,odd,0.041666666666666664,1,1.8528577833697224,0.06523709650021235,0.053155607606785144,3,0.25,1.0,2,"1,2",0.05172413793103448,8,8
7,16,matched_betti,0.5,max_full_branch_node_speed,all_interior,coexact,coexact,random_tangent,ontology_collapse,ontology_05,0,next_token_logprob_delta,odd,0.041666666666666664,1,0.6182121802398031,0.031483149818420646,0.07676586647245896,3,0.25,1.0,2,"1,2",0.05357142857142857,8,8
7,16,matched_betti,0.5,max_full_branch_node_speed,all_interior,coexact,coexact,random_tangent,identity_stress,identity_01,1,next_token_logprob_delta,odd,0.125,1,-0.4028361589897679,0.04115327649926828,0.15263979701662078,3,0.25,1.0,3,"3,4,5",0.11764705882352942,8,8
7,16,matched_betti,0.5,max_full_branch_node_speed,all_interior,coexact,coexact,random_tangent,identity_stress,identity_02,1,next_token_logprob_delta,odd,0.125,1,-0.34507025267002306,0.006700421017980935,0.02934394384188553,3,0.25,1.0,3,"3,4,5",0.12903225806451613,8,8
7,16,matched_betti,0.5,max_full_branch_node_speed,all_interior,coexact,coexact,random_tangent,identity_stress,identity_03,1,next_token_logprob_delta,odd,0.125,1,0.07695869665842946,0.02232406528547408,0.4016315542589861,3,0.25,1.0,3,"3,4,5",0.12903225806451613,8,8
7,16,matched_betti,0.5,max_full_branch_node_speed,all_interior,coexact,coexact,random_tangent,identity_stress,identity_04,1,next_token_logprob_delta,odd,0.125,1,0.8928439607807157,0.0051696777692293765,0.00875351016849121,3,0.25,1.0,2,"3,4",0.125,8,8
7,16,matched_betti,0.5,max_full_branch_node_speed,all_interior,coexact,coexact,random_tangent,identity_stress,identity_05,1,next_token_logprob_delta,odd,0.125,1,0.23800993835354275,0.020689667748647604,0.1303019403962351,3,0.25,1.0,2,"3,4",0.125,8,8
7,16,matched_betti,0.5,max_full_branch_node_speed,all_interior,coexact,coexact,random_tangent,literal_stable,literal_01,1,next_token_logprob_delta,odd,0.125,1,0.18258368790692683,0.03874234798596431,0.3054670167127943,3,0.25,1.0,3,"3,4,5",0.12121212121212122,8,8
7,16,matched_betti,0.5,max_full_branch_node_speed,all_interior,coexact,coexact,random_tangent,literal_stable,literal_02,1,next_token_logprob_delta,odd,0.125,1,0.6791609638986874,0.032379422651313154,0.07189225743756018,3,0.25,1.0,2,"3,4",0.125,8,8
7,16,matched_betti,0.5,max_full_branch_node_speed,all_interior,coexact,coexact,random_tangent,literal_stable,literal_03,1,next_token_logprob_delta,odd,0.125,1,0.6273020504244293,0.033852949960577305,0.08131863513564848,3,0.25,1.0,2,"3,4",0.12962962962962962,8,8
7,16,matched_betti,0.5,max_full_branch_node_speed,all_interior,coexact,coexact,random_tangent,literal_stable,literal_04,1,next_token_logprob_delta,odd,0.125,1,1.126746943162258,0.04415285116468831,0.059140163328338304,3,0.25,1.0,2,"3,4",0.14,8,8
7,16,matched_betti,0.5,max_full_branch_node_speed,all_interior,coexact,coexact,random_tangent,literal_stable,literal_05,1,next_token_logprob_delta,odd,0.125,1,-0.045205602776944076,0.01217974641115405,0.3772432673101734,3,0.25,1.0,2,"3,4",0.13461538461538464,8,8
7,16,matched_betti,0.5,max_full_branch_node_speed,all_interior,coexact,coexact,random_tangent,metaphor_shift,metaphor_01,1,next_token_logprob_delta,odd,0.125,1,0.45189785706713353,0.03260361321943062,0.10843464442263978,3,0.25,1.0,2,"3,5",0.1176470588235294,8,8
7,16,matched_betti,0.5,max_full_branch_node_speed,all_interior,coexact,coexact,random_tangent,metaphor_shift,metaphor_02,1,next_token_logprob_delta,odd,0.125,1,1.048184032119878,0.061907585694368605,0.08893911406753496,3,0.25,1.0,2,"3,4",0.12068965517241377,8,8
7,16,matched_betti,0.5,max_full_branch_node_speed,all_interior,coexact,coexact,random_tangent,metaphor_shift,metaphor_03,1,next_token_logprob_delta,odd,0.125,1,1.9785937867998515,0.03703706654926234,0.028288965578258912,3,0.25,1.0,2,"3,4",0.11666666666666665,8,8
7,16,matched_betti,0.5,max_full_branch_node_speed,all_interior,coexact,coexact,random_tangent,metaphor_shift,metaphor_04,1,next_token_logprob_delta,odd,0.125,1,0.643971089787105,0.01588107466270489,0.037258283188257975,3,0.25,1.0,2,"3,4",0.125,8,8
7,16,matched_betti,0.5,max_full_branch_node_speed,all_interior,coexact,coexact,random_tangent,metaphor_shift,metaphor_05,1,next_token_logprob_delta,odd,0.125,1,1.2165368194659734,0.04790262757934706,0.05942604764523211,3,0.25,1.0,2,"3,4",0.12962962962962962,8,8
7,16,matched_betti,0.5,max_full_branch_node_speed,all_interior,coexact,coexact,random_tangent,ontology_collapse,ontology_01,1,next_token_logprob_delta,odd,0.125,1,0.9962616564317066,0.0017584528631417785,0.00266849713245559,3,0.25,1.0,3,"3,4,5",0.12903225806451613,8,8
7,16,matched_betti,0.5,max_full_branch_node_speed,all_interior,coexact,coexact,random_tangent,ontology_collapse,ontology_02,1,next_token_logprob_delta,odd,0.125,1,0.8126780528203968,0.030372538225423257,0.05641328154587176,3,0.25,1.0,2,"3,4",0.125,8,8
7,16,matched_betti,0.5,max_full_branch_node_speed,all_interior,coexact,coexact,random_tangent,ontology_collapse,ontology_03,1,next_token_logprob_delta,odd,0.125,1,0.7506547382756203,0.03062640470669441,0.061566167694328135,3,0.25,1.0,2,"3,4",0.12068965517241377,8,8
7,16,matched_betti,0.5,max_full_branch_node_speed,all_interior,coexact,coexact,random_tangent,ontology_collapse,ontology_04,1,next_token_logprob_delta,odd,0.125,1,-0.48936714482626703,0.014537669252310611,0.044867654389396695,3,0.25,1.0,2,"3,4",0.12068965517241377,8,8
7,16,matched_betti,0.5,max_full_branch_node_speed,all_interior,coexact,coexact,random_tangent,ontology_collapse,ontology_05,1,next_token_logprob_delta,odd,0.125,1,0.8842653150892287,0.036219732623173295,0.06180768659805784,3,0.25,1.0,2,"3,4",0.125,8,8
7,16,matched_betti,0.5,max_full_branch_node_speed,all_interior,coexact,coexact,random_tangent,identity_stress,identity_01,2,next_token_logprob_delta,odd,0.20833333333333334,1,0.04535188712766369,0.030669841634350322,0.7148998820602778,3,0.25,1.0,3,"6,7,8",0.2058823529411765,8,8
7,16,matched_betti,0.5,max_full_branch_node_speed,all_interior,coexact,coexact,random_tangent,identity_stress,identity_02,2,next_token_logprob_delta,odd,0.20833333333333334,1,0.40069489297697336,0.036570687978368724,0.13668936885011315,3,0.25,1.0,2,"6,7",0.20967741935483866,8,8
7,16,matched_betti,0.5,max_full_branch_node_speed,all_interior,coexact,coexact,random_tangent,identity_stress,identity_03,2,next_token_logprob_delta,odd,0.20833333333333334,1,0.48058969316030586,0.03232525997693609,0.10116833077560199,3,0.25,1.0,2,"6,7",0.20967741935483866,8,8
7,16,matched_betti,0.5,max_full_branch_node_speed,all_interior,coexact,coexact,random_tangent,identity_stress,identity_04,2,next_token_logprob_delta,odd,0.20833333333333334,1,0.8981640942082688,0.0158444603889343,0.026661116258029426,3,0.25,1.0,2,"5,6",0.19642857142857142,8,8
7,16,matched_betti,0.5,max_full_branch_node_speed,all_interior,coexact,coexact,random_tangent,identity_stress,identity_05,2,next_token_logprob_delta,odd,0.20833333333333334,1,0.739044097722927,0.03180881818453326,0.06493377293305765,3,0.25,1.0,2,"5,6",0.19642857142857142,8,8
7,16,matched_betti,0.5,max_full_branch_node_speed,all_interior,coexact,coexact,random_tangent,literal_stable,literal_01,2,next_token_logprob_delta,odd,0.20833333333333334,1,0.3860406894888949,0.059685110897552685,0.22761053918462634,3,0.25,1.0,3,"6,7,8",0.21212121212121213,8,8
7,16,matched_betti,0.5,max_full_branch_node_speed,all_interior,coexact,coexact,random_tangent,literal_stable,literal_02,2,next_token_logprob_delta,odd,0.20833333333333334,1,0.9250664575634344,0.04626181745921207,0.07539160086480179,3,0.25,1.0,2,"5,6",0.19642857142857142,8,8
7,16,matched_betti,0.5,max_full_branch_node_speed,all_interior,coexact,coexact,random_tangent,literal_stable,literal_03,2,next_token_logprob_delta,odd,0.20833333333333334,1,0.20909262761597058,0.029045439870875333,0.20553124605864065,3,0.25,1.0,2,"5,6",0.2037037037037037,8,8
7,16,matched_betti,0.5,max_full_branch_node_speed,all_interior,coexact,coexact,random_tangent,literal_stable,literal_04,2,next_token_logprob_delta,odd,0.20833333333333334,1,1.096478261052765,0.054832665459912305,0.07538980150925358,3,0.25,1.0,2,"5,6",0.22,8,8
7,16,matched_betti,0.5,max_full_branch_node_speed,all_interior,coexact,coexact,random_tangent,literal_stable,literal_05,2,next_token_logprob_delta,odd,0.20833333333333334,1,0.7779116149014366,0.13081200768870385,0.24639295935658917,3,0.25,1.0,2,"5,6",0.21153846153846156,8,8
7,16,matched_betti,0.5,max_full_branch_node_speed,all_interior,coexact,coexact,random_tangent,metaphor_shift,metaphor_01,2,next_token_logprob_delta,odd,0.20833333333333334,1,0.016871803249441573,0.0027969823937987167,0.24311397243990282,3,0.25,1.0,3,"6,7,8",0.2058823529411765,8,8
7,16,matched_betti,0.5,max_full_branch_node_speed,all_interior,coexact,coexact,random_tangent,metaphor_shift,metaphor_02,2,next_token_logprob_delta,odd,0.20833333333333334,1,1.5470247869567215,0.05886987168097839,0.05743666851249829,3,0.25,1.0,3,"5,6,7",0.20689655172413793,8,8
7,16,matched_betti,0.5,max_full_branch_node_speed,all_interior,coexact,coexact,random_tangent,metaphor_shift,metaphor_03,2,next_token_logprob_delta,odd,0.20833333333333334,1,0.5380679320175783,0.013525009493897084,0.037975024768321826,3,0.25,1.0,3,"5,6,7",0.19999999999999998,8,8
7,16,matched_betti,0.5,max_full_branch_node_speed,all_interior,coexact,coexact,random_tangent,metaphor_shift,metaphor_04,2,next_token_logprob_delta,odd,0.20833333333333334,1,0.4013413486215319,0.01902132843233775,0.07147034477292723,3,0.25,1.0,2,"5,6",0.19642857142857142,8,8
7,16,matched_betti,0.5,max_full_branch_node_speed,all_interior,coexact,coexact,random_tangent,metaphor_shift,metaphor_05,2,next_token_logprob_delta,odd,0.20833333333333334,1,0.8459891850604515,0.015133798130881856,0.02703555697910724,3,0.25,1.0,2,"5,6",0.2037037037037037,8,8
7,16,matched_betti,0.5,max_full_branch_node_speed,all_interior,coexact,coexact,random_tangent,ontology_collapse,ontology_01,2,next_token_logprob_delta,odd,0.20833333333333334,1,-0.08192937100140926,0.03679397462422595,0.5617249404349192,3,0.25,1.0,2,"6,7",0.20967741935483866,8,8
7,16,matched_betti,0.5,max_full_branch_node_speed,all_interior,coexact,coexact,random_tangent,ontology_collapse,ontology_02,2,next_token_logprob_delta,odd,0.20833333333333334,1,0.7264917161207552,0.020466513658538334,0.04255304239695104,3,0.25,1.0,2,"5,6",0.19642857142857142,8,8
7,16,matched_betti,0.5,max_full_branch_node_speed,all_interior,coexact,coexact,random_tangent,ontology_collapse,ontology_03,2,next_token_logprob_delta,odd,0.20833333333333334,1,0.3166012893740666,0.03382695091010126,0.1594658913538882,3,0.25,1.0,3,"5,6,7",0.20689655172413793,8,8
7,16,matched_betti,0.5,max_full_branch_node_speed,all_interior,coexact,coexact,random_tangent,ontology_collapse,ontology_04,2,next_token_logprob_delta,odd,0.20833333333333334,1,0.24181460845658626,0.002684983422111143,0.016784517558276594,3,0.25,1.0,3,"5,6,7",0.20689655172413793,8,8
7,16,matched_betti,0.5,max_full_branch_node_speed,all_interior,coexact,coexact,random_tangent,ontology_collapse,ontology_05,2,next_token_logprob_delta,odd,0.20833333333333334,1,0.08088516993853265,0.07055290580049349,0.7968129752303339,3,0.25,1.0,2,"5,6",0.19642857142857142,8,8
7,16,matched_betti,0.5,max_full_branch_node_speed,all_interior,coexact,coexact,random_tangent,identity_stress,identity_01,3,next_token_logprob_delta,odd,0.2916666666666667,1,-0.339339586718062,0.035633607505407866,0.1567945828040325,3,0.25,1.0,3,"9,10,11",0.29411764705882354,8,8
7,16,matched_betti,0.5,max_full_branch_node_speed,all_interior,coexact,coexact,random_tangent,identity_stress,identity_02,3,next_token_logprob_delta,odd,0.2916666666666667,1,0.4093347473412509,0.007618740049340597,0.028128309980692913,3,0.25,1.0,3,"8,9,10",0.2903225806451613,8,8
7,16,matched_betti,0.5,max_full_branch_node_speed,all_interior,coexact,coexact,random_tangent,identity_stress,identity_03,3,next_token_logprob_delta,odd,0.2916666666666667,1,0.122450500928976,0.002176998822184911,0.026869016777568453,3,0.25,1.0,3,"8,9,10",0.2903225806451613,8,8
7,16,matched_betti,0.5,max_full_branch_node_speed,all_interior,coexact,coexact,random_tangent,identity_stress,identity_04,3,next_token_logprob_delta,odd,0.2916666666666667,1,-0.4157723990434113,0.05813019655551568,0.20680710001591537,3,0.25,1.0,3,"7,8,9",0.28571428571428575,8,8
7,16,matched_betti,0.5,max_full_branch_node_speed,all_interior,coexact,coexact,random_tangent,identity_stress,identity_05,3,next_token_logprob_delta,odd,0.2916666666666667,1,0.5504988286533623,0.0154871471722783,0.04249457801455937,3,0.25,1.0,3,"7,8,9",0.28571428571428575,8,8
7,16,matched_betti,0.5,max_full_branch_node_speed,all_interior,coexact,coexact,random_tangent,literal_stable,literal_01,3,next_token_logprob_delta,odd,0.2916666666666667,1,1.3364938987307518,0.03537136388739277,0.03998051849291355,3,0.25,1.0,2,"9,10",0.28787878787878785,8,8
7,16,matched_betti,0.5,max_full_branch_node_speed,all_interior,coexact,coexact,random_tangent,literal_stable,literal_02,3,next_token_logprob_delta,odd,0.2916666666666667,1,0.24841011562985169,0.05282895005974807,0.3060916976365496,3,0.25,1.0,3,"7,8,9",0.28571428571428575,8,8
7,16,matched_betti,0.5,max_full_branch_node_speed,all_interior,coexact,coexact,random_tangent,literal_stable,literal_03,3,next_token_logprob_delta,odd,0.2916666666666667,1,0.4372328591994568,0.028347698399021244,0.09755276766400242,3,0.25,1.0,2,"7,8",0.2777777777777778,8,8
7,16,matched_betti,0.5,max_full_branch_node_speed,all_interior,coexact,coexact,random_tangent,literal_stable,literal_04,3,next_token_logprob_delta,odd,0.2916666666666667,1,0.670195127163608,0.006993634138394138,0.015774607908910457,3,0.25,1.0,2,"7,8",0.30000000000000004,8,8
7,16,matched_betti,0.5,max_full_branch_node_speed,all_interior,coexact,coexact,random_tangent,literal_stable,literal_05,3,next_token_logprob_delta,odd,0.2916666666666667,1,-0.23393581326273113,0.00532410669955494,0.034387774965725745,3,0.25,1.0,2,"7,8",0.28846153846153844,8,8
7,16,matched_betti,0.5,max_full_branch_node_speed,all_interior,coexact,coexact,random_tangent,metaphor_shift,metaphor_01,3,next_token_logprob_delta,odd,0.2916666666666667,1,0.9924114570089261,0.05267987093316364,0.07999628619550493,3,0.25,1.0,3,"9,10,11",0.29411764705882354,8,8
7,16,matched_betti,0.5,max_full_branch_node_speed,all_interior,coexact,coexact,random_tangent,metaphor_shift,metaphor_02,3,next_token_logprob_delta,odd,0.2916666666666667,1,1.11988163469448,0.043869954164966835,0.05912153386032982,3,0.25,1.0,2,"8,9",0.2931034482758621,8,8
7,16,matched_betti,0.5,max_full_branch_node_speed,all_interior,coexact,coexact,random_tangent,metaphor_shift,metaphor_03,3,next_token_logprob_delta,odd,0.2916666666666667,1,0.6252870610997722,0.013361046353453216,0.03228832367045063,3,0.25,1.0,2,"8,9",0.2833333333333333,8,8
7,16,matched_betti,0.5,max_full_branch_node_speed,all_interior,coexact,coexact,random_tangent,metaphor_shift,metaphor_04,3,next_token_logprob_delta,odd,0.2916666666666667,1,0.4865011071701789,0.018686019974078084,0.05797128909714085,3,0.25,1.0,3,"7,8,9",0.28571428571428575,8,8
7,16,matched_betti,0.5,max_full_branch_node_speed,all_interior,coexact,coexact,random_tangent,metaphor_shift,metaphor_05,3,next_token_logprob_delta,odd,0.2916666666666667,1,-0.003828327610835524,0.029499941658469267,0.9963361973663222,3,0.25,1.0,2,"7,8",0.2777777777777778,8,8
7,16,matched_betti,0.5,max_full_branch_node_speed,all_interior,coexact,coexact,random_tangent,ontology_collapse,ontology_01,3,next_token_logprob_delta,odd,0.2916666666666667,1,-0.14155795096552537,0.00753227199940809,0.08018662892864031,3,0.25,1.0,3,"8,9,10",0.2903225806451613,8,8
7,16,matched_betti,0.5,max_full_branch_node_speed,all_interior,coexact,coexact,random_tangent,ontology_collapse,ontology_02,3,next_token_logprob_delta,odd,0.2916666666666667,1,0.6210465177353658,0.007031296459388241,0.01711428020740741,3,0.25,1.0,3,"7,8,9",0.28571428571428575,8,8
7,16,matched_betti,0.5,max_full_branch_node_speed,all_interior,coexact,coexact,random_tangent,ontology_collapse,ontology_03,3,next_token_logprob_delta,odd,0.2916666666666667,1,0.9130644590279046,0.0717810924039902,0.11802486127105341,3,0.25,1.0,2,"8,9",0.2931034482758621,8,8
7,16,matched_betti,0.5,max_full_branch_node_speed,all_interior,coexact,coexact,random_tangent,ontology_collapse,ontology_04,3,next_token_logprob_delta,odd,0.2916666666666667,1,-0.05987156948328626,0.11517000502215229,0.9456572343420901,3,0.25,1.0,2,"8,9",0.2931034482758621,8,8
7,16,matched_betti,0.5,max_full_branch_node_speed,all_interior,coexact,coexact,random_tangent,ontology_collapse,ontology_05,3,next_token_logprob_delta,odd,0.2916666666666667,1,0.45370437642462413,0.014095834020774798,0.04691915949222701,3,0.25,1.0,3,"7,8,9",0.28571428571428575,8,8
7,16,matched_betti,0.5,max_full_branch_node_speed,all_interior,coexact,coexact,random_tangent,identity_stress,identity_01,4,next_token_logprob_delta,odd,0.375,1,0.2314170947259694,0.03863912765081952,0.24475348669370417,3,0.25,1.0,3,"12,13,14",0.38235294117647056,8,8
7,16,matched_betti,0.5,max_full_branch_node_speed,all_interior,coexact,coexact,random_tangent,identity_stress,identity_02,4,next_token_logprob_delta,odd,0.375,1,0.1876939834836706,0.013708344315843415,0.10975241254610767,3,0.25,1.0,2,"11,12",0.3709677419354838,8,8
7,16,matched_betti,0.5,max_full_branch_node_speed,all_interior,coexact,coexact,random_tangent,identity_stress,identity_03,4,next_token_logprob_delta,odd,0.375,1,0.9528438756668697,0.0017369248774610241,0.0027559327173283413,3,0.25,1.0,2,"11,12",0.3709677419354838,8,8
7,16,matched_betti,0.5,max_full_branch_node_speed,all_interior,coexact,coexact,random_tangent,identity_stress,identity_04,4,next_token_logprob_delta,odd,0.375,1,-0.013045687855423987,0.002754167735868773,0.3040662078085557,3,0.25,1.0,2,"10,11",0.375,8,8
7,16,matched_betti,0.5,max_full_branch_node_speed,all_interior,coexact,coexact,random_tangent,identity_stress,identity_05,4,next_token_logprob_delta,odd,0.375,1,0.4204506961707319,0.0406492192341435,0.14462976748457948,3,0.25,1.0,2,"10,11",0.375,8,8
7,16,matched_betti,0.5,max_full_branch_node_speed,all_interior,coexact,coexact,random_tangent,literal_stable,literal_01,4,next_token_logprob_delta,odd,0.375,1,0.39220687605958543,0.010077579052031882,0.03881723012669373,3,0.25,1.0,3,"11,12,13",0.3636363636363636,8,8
7,16,matched_betti,0.5,max_full_branch_node_speed,all_interior,coexact,coexact,random_tangent,literal_stable,literal_02,4,next_token_logprob_delta,odd,0.375,1,0.32752691755000807,0.049097760266287586,0.22102901443943673,3,0.25,1.0,2,"10,11",0.375,8,8
7,16,matched_betti,0.5,max_full_branch_node_speed,all_interior,coexact,coexact,random_tangent,literal_stable,literal_03,4,next_token_logprob_delta,odd,0.375,1,0.5057057040155447,0.03409422615013894,0.10140271405541636,3,0.25,1.0,3,"9,10,11",0.3703703703703704,8,8
7,16,matched_betti,0.5,max_full_branch_node_speed,all_interior,coexact,coexact,random_tangent,literal_stable,literal_04,4,next_token_logprob_delta,odd,0.375,1,0.12616119207642595,0.018734603942781657,0.21905423535432741,3,0.25,1.0,2,"9,10",0.38000000000000006,8,8
7,16,matched_betti,0.5,max_full_branch_node_speed,all_interior,coexact,coexact,random_tangent,literal_stable,literal_05,4,next_token_logprob_delta,odd,0.375,1,0.3074521477133944,0.030068475935851477,0.14626780132985162,3,0.25,1.0,2,"9,10",0.3653846153846154,8,8
7,16,matched_betti,0.5,max_full_branch_node_speed,all_interior,coexact,coexact,random_tangent,metaphor_shift,metaphor_01,4,next_token_logprob_delta,odd,0.375,1,0.5820600976199293,0.007034822800811528,0.018269380315929038,3,0.25,1.0,3,"12,13,14",0.38235294117647056,8,8
7,16,matched_betti,0.5,max_full_branch_node_speed,all_interior,coexact,coexact,random_tangent,metaphor_shift,metaphor_02,4,next_token_logprob_delta,odd,0.375,1,0.49115313808260713,0.005678728120715942,0.017477478810293046,3,0.25,1.0,3,"10,11,12",0.37931034482758624,8,8
7,16,matched_betti,0.5,max_full_branch_node_speed,all_interior,coexact,coexact,random_tangent,metaphor_shift,metaphor_03,4,next_token_logprob_delta,odd,0.375,1,0.3018491085097293,0.07301459418387635,0.3434582906601594,3,0.25,1.0,3,"10,11,12",0.3666666666666667,8,8
7,16,matched_betti,0.5,max_full_branch_node_speed,all_interior,coexact,coexact,random_tangent,metaphor_shift,metaphor_04,4,next_token_logprob_delta,odd,0.375,1,0.9126981604268226,0.03330597983207119,0.05508661269067145,3,0.25,1.0,2,"10,11",0.375,8,8
7,16,matched_betti,0.5,max_full_branch_node_speed,all_interior,coexact,coexact,random_tangent,metaphor_shift,metaphor_05,4,next_token_logprob_delta,odd,0.375,1,0.3914205125134086,0.031757386359188476,0.12175008042349936,3,0.25,1.0,3,"9,10,11",0.3703703703703704,8,8
7,16,matched_betti,0.5,max_full_branch_node_speed,all_interior,coexact,coexact,random_tangent,ontology_collapse,ontology_01,4,next_token_logprob_delta,odd,0.375,1,-0.371175673830371,0.018231107359128425,0.0740543189607476,3,0.25,1.0,1,12,0.3870967741935483,8,8
7,16,matched_betti,0.5,max_full_branch_node_speed,all_interior,coexact,coexact,random_tangent,ontology_collapse,ontology_02,4,next_token_logprob_delta,odd,0.375,1,0.29568970443662157,0.07318693534163248,0.3504696879486055,3,0.25,1.0,2,"10,11",0.375,8,8
7,16,matched_betti,0.5,max_full_branch_node_speed,all_interior,coexact,coexact,random_tangent,ontology_collapse,ontology_03,4,next_token_logprob_delta,odd,0.375,1,0.398564411790873,0.029474888186374674,0.11111354033412991,3,0.25,1.0,3,"10,11,12",0.37931034482758624,8,8
7,16,matched_betti,0.5,max_full_branch_node_speed,all_interior,coexact,coexact,random_tangent,ontology_collapse,ontology_04,4,next_token_logprob_delta,odd,0.375,1,0.1930644389122932,0.032877168585264245,0.24932551506167078,3,0.25,1.0,3,"10,11,12",0.37931034482758624,8,8
7,16,matched_betti,0.5,max_full_branch_node_speed,all_interior,coexact,coexact,random_tangent,ontology_collapse,ontology_05,4,next_token_logprob_delta,odd,0.375,1,0.7313819512890658,0.10191774557658825,0.20615140306515028,3,0.25,1.0,2,"10,11",0.375,8,8
7,16,matched_betti,0.5,max_full_branch_node_speed,all_interior,coexact,coexact,random_tangent,identity_stress,identity_01,5,next_token_logprob_delta,odd,0.4583333333333333,1,0.11916364340368159,0.007502765755463949,0.09476105133554752,3,0.25,1.0,2,"15,16",0.45588235294117646,8,8
7,16,matched_betti,0.5,max_full_branch_node_speed,all_interior,coexact,coexact,random_tangent,identity_stress,identity_02,5,next_token_logprob_delta,odd,0.4583333333333333,1,0.29957757805971186,0.0837881428448045,0.389461107951989,3,0.25,1.0,2,"13,15",0.4516129032258065,8,8
7,16,matched_betti,0.5,max_full_branch_node_speed,all_interior,coexact,coexact,random_tangent,identity_stress,identity_03,5,next_token_logprob_delta,odd,0.4583333333333333,1,0.09171565646756556,0.02235840598979704,0.3458202412197267,3,0.25,1.0,3,"13,14,15",0.4516129032258065,8,8
7,16,matched_betti,0.5,max_full_branch_node_speed,all_interior,coexact,coexact,random_tangent,identity_stress,identity_04,5,next_token_logprob_delta,odd,0.4583333333333333,1,0.4527897693446314,0.018465757362742193,0.06154000896873819,3,0.25,1.0,1,13,0.46428571428571425,8,8
7,16,matched_betti,0.5,max_full_branch_node_speed,all_interior,coexact,coexact,random_tangent,identity_stress,identity_05,5,next_token_logprob_delta,odd,0.4583333333333333,1,0.15808625118064767,0.004516193280635087,0.04315038701914651,3,0.25,1.0,2,"12,13",0.4464285714285714,8,8
7,16,matched_betti,0.5,max_full_branch_node_speed,all_interior,coexact,coexact,random_tangent,literal_stable,literal_01,5,next_token_logprob_delta,odd,0.4583333333333333,1,0.21647331562820157,0.028830178716067065,0.19738951356994705,3,0.25,1.0,3,"14,15,16",0.4545454545454546,8,8
7,16,matched_betti,0.5,max_full_branch_node_speed,all_interior,coexact,coexact,random_tangent,literal_stable,literal_02,5,next_token_logprob_delta,odd,0.4583333333333333,1,0.015180971008835505,0.04092996621387162,0.9712007264201107,3,0.25,1.0,2,"12,13",0.4464285714285714,8,8
7,16,matched_betti,0.5,max_full_branch_node_speed,all_interior,coexact,coexact,random_tangent,literal_stable,literal_03,5,next_token_logprob_delta,odd,0.4583333333333333,1,0.7542198575609709,0.0904726339133726,0.17844453845841832,3,0.25,1.0,2,"12,13",0.46296296296296297,8,8
7,16,matched_betti,0.5,max_full_branch_node_speed,all_interior,coexact,coexact,random_tangent,literal_stable,literal_04,5,next_token_logprob_delta,odd,0.4583333333333333,1,-1.1941217774102442,0.005496165272539629,0.006958435753888575,3,0.25,1.0,2,"11,12",0.45999999999999996,8,8
7,16,matched_betti,0.5,max_full_branch_node_speed,all_interior,coexact,coexact,random_tangent,literal_stable,literal_05,5,next_token_logprob_delta,odd,0.4583333333333333,1,0.22578325132667357,0.2519866475611854,0.860267332815201,3,0.25,1.0,2,"11,12",0.4423076923076923,8,8
7,16,matched_betti,0.5,max_full_branch_node_speed,all_interior,coexact,coexact,random_tangent,metaphor_shift,metaphor_01,5,next_token_logprob_delta,odd,0.4583333333333333,1,0.3647928962205996,0.010542227155189415,0.04364985859220768,3,0.25,1.0,2,"15,16",0.45588235294117646,8,8
7,16,matched_betti,0.5,max_full_branch_node_speed,all_interior,coexact,coexact,random_tangent,metaphor_shift,metaphor_02,5,next_token_logprob_delta,odd,0.4583333333333333,1,1.0371172554721415,0.03781686229514838,0.05504396167043085,3,0.25,1.0,2,"13,14",0.46551724137931033,8,8
7,16,matched_betti,0.5,max_full_branch_node_speed,all_interior,coexact,coexact,random_tangent,metaphor_shift,metaphor_03,5,next_token_logprob_delta,odd,0.4583333333333333,1,-0.22069950464576452,0.001764728999785266,0.012088040416440547,3,0.25,1.0,2,"13,14",0.45,8,8
7,16,matched_betti,0.5,max_full_branch_node_speed,all_interior,coexact,coexact,random_tangent,metaphor_shift,metaphor_04,5,next_token_logprob_delta,odd,0.4583333333333333,1,0.7382121261313952,0.009284450121247909,0.019011110576658066,3,0.25,1.0,2,"12,13",0.4464285714285714,8,8
7,16,matched_betti,0.5,max_full_branch_node_speed,all_interior,coexact,coexact,random_tangent,metaphor_shift,metaphor_05,5,next_token_logprob_delta,odd,0.4583333333333333,1,-0.32199443024773666,0.007196455610945647,0.03377018821795365,3,0.25,1.0,2,"12,13",0.46296296296296297,8,8
7,16,matched_betti,0.5,max_full_branch_node_speed,all_interior,coexact,coexact,random_tangent,ontology_collapse,ontology_01,5,next_token_logprob_delta,odd,0.4583333333333333,1,0.6372460042770862,0.018018475339826326,0.04270959252754877,3,0.25,1.0,3,"13,14,15",0.4516129032258065,8,8
7,16,matched_betti,0.5,max_full_branch_node_speed,all_interior,coexact,coexact,random_tangent,ontology_collapse,ontology_02,5,next_token_logprob_delta,odd,0.4583333333333333,1,0.8319945846562758,0.014626204131403609,0.026568605836724258,3,0.25,1.0,2,"12,13",0.4464285714285714,8,8
7,16,matched_betti,0.5,max_full_branch_node_speed,all_interior,coexact,coexact,random_tangent,ontology_collapse,ontology_03,5,next_token_logprob_delta,odd,0.4583333333333333,1,0.5542606733510566,0.024702104512316726,0.06722754166199228,3,0.25,1.0,2,"13,14",0.46551724137931033,8,8
7,16,matched_betti,0.5,max_full_branch_node_speed,all_interior,coexact,coexact,random_tangent,ontology_collapse,ontology_04,5,next_token_logprob_delta,odd,0.4583333333333333,1,0.8076431388491544,0.010156829244781874,0.019009519160046066,3,0.25,1.0,2,"13,14",0.46551724137931033,8,8
7,16,matched_betti,0.5,max_full_branch_node_speed,all_interior,coexact,coexact,random_tangent,ontology_collapse,ontology_05,5,next_token_logprob_delta,odd,0.4583333333333333,1,0.4166723260580173,0.05113780467745769,0.18243500687865247,3,0.25,1.0,2,"12,13",0.4464285714285714,8,8
7,16,matched_betti,0.5,max_full_branch_node_speed,all_interior,coexact,coexact,random_tangent,identity_stress,identity_01,6,next_token_logprob_delta,odd,0.5416666666666666,1,0.2674489431734203,0.038210644298140084,0.21113120736577634,3,0.25,1.0,3,"17,18,19",0.5294117647058824,8,8
7,16,matched_betti,0.5,max_full_branch_node_speed,all_interior,coexact,coexact,random_tangent,identity_stress,identity_02,6,next_token_logprob_delta,odd,0.5416666666666666,1,0.15963418173803928,0.023529252288438954,0.21750505945111234,3,0.25,1.0,2,"16,17",0.532258064516129,8,8
7,16,matched_betti,0.5,max_full_branch_node_speed,all_interior,coexact,coexact,random_tangent,identity_stress,identity_03,6,next_token_logprob_delta,odd,0.5416666666666666,1,0.31950036677206306,0.001606724369592983,0.007602710251783666,3,0.25,1.0,3,"16,17,18",0.5483870967741935,8,8
7,16,matched_betti,0.5,max_full_branch_node_speed,all_interior,coexact,coexact,random_tangent,identity_stress,identity_04,6,next_token_logprob_delta,odd,0.5416666666666666,1,0.47070411164619314,0.027586945306682428,0.08826090896141854,3,0.25,1.0,3,"14,15,16",0.5357142857142857,8,8
7,16,matched_betti,0.5,max_full_branch_node_speed,all_interior,coexact,coexact,random_tangent,identity_stress,identity_05,6,next_token_logprob_delta,odd,0.5416666666666666,1,0.042708962797184925,0.03798349199836578,0.8024098539360827,3,0.25,1.0,3,"14,15,16",0.5357142857142857,8,8
7,16,matched_betti,0.5,max_full_branch_node_speed,all_interior,coexact,coexact,random_tangent,literal_stable,literal_01,6,next_token_logprob_delta,odd,0.5416666666666666,1,0.19399711103830206,0.06412783052713425,0.44704246969180156,3,0.25,1.0,3,"17,18,19",0.5454545454545454,8,8
7,16,matched_betti,0.5,max_full_branch_node_speed,all_interior,coexact,coexact,random_tangent,literal_stable,literal_02,6,next_token_logprob_delta,odd,0.5416666666666666,1,-0.24651612168991097,0.042626165315652595,0.2529221600207735,3,0.25,1.0,3,"14,15,16",0.5357142857142857,8,8
7,16,matched_betti,0.5,max_full_branch_node_speed,all_interior,coexact,coexact,random_tangent,literal_stable,literal_03,6,next_token_logprob_delta,odd,0.5416666666666666,1,0.062543199822313,0.04895336695516989,0.7637988304136543,3,0.25,1.0,2,"14,15",0.537037037037037,8,8
7,16,matched_betti,0.5,max_full_branch_node_speed,all_interior,coexact,coexact,random_tangent,literal_stable,literal_04,6,next_token_logprob_delta,odd,0.5416666666666666,1,0.4408773640797413,0.010725110147499071,0.03675372844629172,3,0.25,1.0,2,"13,14",0.54,8,8
7,16,matched_betti,0.5,max_full_branch_node_speed,all_interior,coexact,coexact,random_tangent,literal_stable,literal_05,6,next_token_logprob_delta,odd,0.5416666666666666,1,0.8281831254953289,0.046216410440382334,0.08406991601179602,3,0.25,1.0,3,"13,14,15",0.5384615384615384,8,8
7,16,matched_betti,0.5,max_full_branch_node_speed,all_interior,coexact,coexact,random_tangent,metaphor_shift,metaphor_01,6,next_token_logprob_delta,odd,0.5416666666666666,1,0.4258232300381001,0.0375388947012524,0.1321112150853662,3,0.25,1.0,3,"17,18,19",0.5294117647058824,8,8
7,16,matched_betti,0.5,max_full_branch_node_speed,all_interior,coexact,coexact,random_tangent,metaphor_shift,metaphor_02,6,next_token_logprob_delta,odd,0.5416666666666666,1,-0.06538907023300905,0.08058878644240944,0.8811236362315249,3,0.25,1.0,1,16,0.5517241379310345,8,8
7,16,matched_betti,0.5,max_full_branch_node_speed,all_interior,coexact,coexact,random_tangent,metaphor_shift,metaphor_03,6,next_token_logprob_delta,odd,0.5416666666666666,1,0.5962164398178228,0.055338139226270476,0.13896240687042613,3,0.25,1.0,2,"16,17",0.55,8,8
7,16,matched_betti,0.5,max_full_branch_node_speed,all_interior,coexact,coexact,random_tangent,metaphor_shift,metaphor_04,6,next_token_logprob_delta,odd,0.5416666666666666,1,0.15410555300880593,0.04742166366640048,0.4218169208051,3,0.25,1.0,3,"14,15,16",0.5357142857142857,8,8
7,16,matched_betti,0.5,max_full_branch_node_speed,all_interior,coexact,coexact,random_tangent,metaphor_shift,metaphor_05,6,next_token_logprob_delta,odd,0.5416666666666666,1,0.38347277939860885,0.06659434325629016,0.2539443276155927,3,0.25,1.0,2,"14,15",0.537037037037037,8,8
7,16,matched_betti,0.5,max_full_branch_node_speed,all_interior,coexact,coexact,random_tangent,ontology_collapse,ontology_01,6,next_token_logprob_delta,odd,0.5416666666666666,1,0.3342379705174058,0.025799697124313528,0.1159130837093435,3,0.25,1.0,3,"16,17,18",0.5483870967741935,8,8
7,16,matched_betti,0.5,max_full_branch_node_speed,all_interior,coexact,coexact,random_tangent,ontology_collapse,ontology_02,6,next_token_logprob_delta,odd,0.5416666666666666,1,0.5841030244027005,0.09023580485139236,0.22743990625832372,3,0.25,1.0,3,"14,15,16",0.5357142857142857,8,8
7,16,matched_betti,0.5,max_full_branch_node_speed,all_interior,coexact,coexact,random_tangent,ontology_collapse,ontology_03,6,next_token_logprob_delta,odd,0.5416666666666666,1,0.13632960923563114,0.1447095977914667,0.8487090736506447,3,0.25,1.0,2,"15,16",0.5344827586206897,8,8
7,16,matched_betti,0.5,max_full_branch_node_speed,all_interior,coexact,coexact,random_tangent,ontology_collapse,ontology_04,6,next_token_logprob_delta,odd,0.5416666666666666,1,-0.15157917850115696,0.02695503310698474,0.2596312949100952,3,0.25,1.0,2,"15,16",0.5344827586206897,8,8
7,16,matched_betti,0.5,max_full_branch_node_speed,all_interior,coexact,coexact,random_tangent,ontology_collapse,ontology_05,6,next_token_logprob_delta,odd,0.5416666666666666,1,0.44369339675651337,0.22289075279217568,0.6048240235174327,3,0.25,1.0,2,"15,16",0.5535714285714286,8,8
7,16,matched_betti,0.5,max_full_branch_node_speed,all_interior,coexact,coexact,random_tangent,identity_stress,identity_01,7,next_token_logprob_delta,odd,0.625,1,0.2637877251402993,0.0072010563859416215,0.04123661766101352,3,0.25,1.0,3,"20,21,22",0.6176470588235294,8,8
7,16,matched_betti,0.5,max_full_branch_node_speed,all_interior,coexact,coexact,random_tangent,identity_stress,identity_02,7,next_token_logprob_delta,odd,0.625,1,0.35778985787719975,0.030983559648675024,0.12981466034699632,3,0.25,1.0,2,"19,20",0.6290322580645161,8,8
7,16,matched_betti,0.5,max_full_branch_node_speed,all_interior,coexact,coexact,random_tangent,identity_stress,identity_03,7,next_token_logprob_delta,odd,0.625,1,-0.02047711201246437,0.029392835933246153,0.9082130200273345,3,0.25,1.0,1,19,0.6129032258064516,8,8
7,16,matched_betti,0.5,max_full_branch_node_speed,all_interior,coexact,coexact,random_tangent,identity_stress,identity_04,7,next_token_logprob_delta,odd,0.625,1,0.8217592427391991,0.00854729830067867,0.01572322195732367,3,0.25,1.0,2,"17,18",0.625,8,8
7,16,matched_betti,0.5,max_full_branch_node_speed,all_interior,coexact,coexact,random_tangent,identity_stress,identity_05,7,next_token_logprob_delta,odd,0.625,1,-0.13532596763205484,0.04162841412631864,0.42169734426594835,3,0.25,1.0,1,17,0.6071428571428571,8,8
7,16,matched_betti,0.5,max_full_branch_node_speed,all_interior,coexact,coexact,random_tangent,literal_stable,literal_01,7,next_token_logprob_delta,odd,0.625,1,0.7592465997097646,0.23051449024386167,0.41716619247727726,3,0.25,1.0,2,"20,21",0.6212121212121212,8,8
7,16,matched_betti,0.5,max_full_branch_node_speed,all_interior,coexact,coexact,random_tangent,literal_stable,literal_02,7,next_token_logprob_delta,odd,0.625,1,0.5472314686347997,0.0792467729078449,0.21387230185351014,3,0.25,1.0,2,"17,18",0.625,8,8
7,16,matched_betti,0.5,max_full_branch_node_speed,all_interior,coexact,coexact,random_tangent,literal_stable,literal_03,7,next_token_logprob_delta,odd,0.625,1,0.2743991905983783,0.06833297837772069,0.3523492592172066,3,0.25,1.0,2,"16,17",0.6111111111111112,8,8
7,16,matched_betti,0.5,max_full_branch_node_speed,all_interior,coexact,coexact,random_tangent,literal_stable,literal_04,7,next_token_logprob_delta,odd,0.625,1,-0.26634292329367687,0.019212875552725522,0.10841632691896097,3,0.25,1.0,2,"15,16",0.62,8,8
7,16,matched_betti,0.5,max_full_branch_node_speed,all_interior,coexact,coexact,random_tangent,literal_stable,literal_05,7,next_token_logprob_delta,odd,0.625,1,0.012000766973415037,0.009970803662179815,0.7823548058403987,3,0.25,1.0,2,"16,17",0.6346153846153846,8,8
7,16,matched_betti,0.5,max_full_branch_node_speed,all_interior,coexact,coexact,random_tangent,metaphor_shift,metaphor_01,7,next_token_logprob_delta,odd,0.625,1,0.602792391547061,0.03396862959816037,0.08488887559526503,3,0.25,1.0,2,"20,21",0.6029411764705883,8,8
7,16,matched_betti,0.5,max_full_branch_node_speed,all_interior,coexact,coexact,random_tangent,metaphor_shift,metaphor_02,7,next_token_logprob_delta,odd,0.625,1,1.4634423342368268,0.10143134704726918,0.10421643166767597,3,0.25,1.0,3,"17,18,19",0.6206896551724138,8,8
7,16,matched_betti,0.5,max_full_branch_node_speed,all_interior,coexact,coexact,random_tangent,metaphor_shift,metaphor_03,7,next_token_logprob_delta,odd,0.625,1,0.326723721440766,0.03015133335219281,0.13818168448663665,3,0.25,1.0,2,"18,19",0.6166666666666667,8,8
7,16,matched_betti,0.5,max_full_branch_node_speed,all_interior,coexact,coexact,random_tangent,metaphor_shift,metaphor_04,7,next_token_logprob_delta,odd,0.625,1,0.25004345615150714,0.09713580372449783,0.5064336821225883,3,0.25,1.0,2,"17,18",0.625,8,8
7,16,matched_betti,0.5,max_full_branch_node_speed,all_interior,coexact,coexact,random_tangent,metaphor_shift,metaphor_05,7,next_token_logprob_delta,odd,0.625,1,0.24954511919458958,0.02675315528550993,0.15999481518247652,3,0.25,1.0,2,"16,17",0.6111111111111112,8,8
7,16,matched_betti,0.5,max_full_branch_node_speed,all_interior,coexact,coexact,random_tangent,ontology_collapse,ontology_01,7,next_token_logprob_delta,odd,0.625,1,0.19219639907059827,0.04478176197369374,0.3322511740994703,3,0.25,1.0,2,"19,20",0.6290322580645161,8,8
7,16,matched_betti,0.5,max_full_branch_node_speed,all_interior,coexact,coexact,random_tangent,ontology_collapse,ontology_02,7,next_token_logprob_delta,odd,0.625,1,0.010648626515012785,0.025360169853720815,0.9635285614035413,3,0.25,1.0,2,"17,18",0.625,8,8
7,16,matched_betti,0.5,max_full_branch_node_speed,all_interior,coexact,coexact,random_tangent,ontology_collapse,ontology_03,7,next_token_logprob_delta,odd,0.625,1,0.11707058631120613,0.012391677984371902,0.1580165082045134,3,0.25,1.0,3,"17,18,19",0.6206896551724138,8,8
7,16,matched_betti,0.5,max_full_branch_node_speed,all_interior,coexact,coexact,random_tangent,ontology_collapse,ontology_04,7,next_token_logprob_delta,odd,0.625,1,0.11222785008501618,0.009578238653710033,0.12797066645265912,3,0.25,1.0,3,"17,18,19",0.6206896551724138,8,8
7,16,matched_betti,0.5,max_full_branch_node_speed,all_interior,coexact,coexact,random_tangent,ontology_collapse,ontology_05,7,next_token_logprob_delta,odd,0.625,1,1.0835470837465055,0.011184387354193635,0.01560351735281049,3,0.25,1.0,2,"17,18",0.625,8,8
7,16,matched_betti,0.5,max_full_branch_node_speed,all_interior,coexact,coexact,random_tangent,identity_stress,identity_01,8,next_token_logprob_delta,odd,0.7083333333333334,1,0.3399242627619702,0.006479219268703713,0.02880522247406808,3,0.25,1.0,3,"23,24,25",0.7058823529411765,8,8
7,16,matched_betti,0.5,max_full_branch_node_speed,all_interior,coexact,coexact,random_tangent,identity_stress,identity_02,8,next_token_logprob_delta,odd,0.7083333333333334,1,-0.4315898357654759,0.01760618200167098,0.06155743953153494,3,0.25,1.0,3,"21,22,23",0.7096774193548386,8,8
7,16,matched_betti,0.5,max_full_branch_node_speed,all_interior,coexact,coexact,random_tangent,identity_stress,identity_03,8,next_token_logprob_delta,odd,0.7083333333333334,1,-0.5800238124138022,0.00018325833761834225,0.0004776709619014748,3,0.25,1.0,2,"21,22",0.6935483870967744,8,8
7,16,matched_betti,0.5,max_full_branch_node_speed,all_interior,coexact,coexact,random_tangent,identity_stress,identity_04,8,next_token_logprob_delta,odd,0.7083333333333334,1,0.8708610110429473,0.06046539866163811,0.10439733400154283,3,0.25,1.0,2,"19,20",0.6964285714285715,8,8
7,16,matched_betti,0.5,max_full_branch_node_speed,all_interior,coexact,coexact,random_tangent,identity_stress,identity_05,8,next_token_logprob_delta,odd,0.7083333333333334,1,-0.6386379713741879,0.028008606021422938,0.0661599486335172,3,0.25,1.0,2,"19,20",0.6964285714285715,8,8
7,16,matched_betti,0.5,max_full_branch_node_speed,all_interior,coexact,coexact,random_tangent,literal_stable,literal_01,8,next_token_logprob_delta,odd,0.7083333333333334,1,0.42602405037837376,0.011877412591891396,0.042112715748939246,3,0.25,1.0,3,"22,23,24",0.6969696969696969,8,8
7,16,matched_betti,0.5,max_full_branch_node_speed,all_interior,coexact,coexact,random_tangent,literal_stable,literal_02,8,next_token_logprob_delta,odd,0.7083333333333334,1,0.3557756935691002,0.11012761709335,0.4238649357269592,3,0.25,1.0,2,"19,20",0.6964285714285715,8,8
7,16,matched_betti,0.5,max_full_branch_node_speed,all_interior,coexact,coexact,random_tangent,literal_stable,literal_03,8,next_token_logprob_delta,odd,0.7083333333333334,1,0.4483076174078447,0.002596298886606988,0.008755337541075933,3,0.25,1.0,3,"18,19,20",0.7037037037037037,8,8
7,16,matched_betti,0.5,max_full_branch_node_speed,all_interior,coexact,coexact,random_tangent,literal_stable,literal_04,8,next_token_logprob_delta,odd,0.7083333333333334,1,0.4928254502521604,0.011126988367778274,0.034114782822072795,3,0.25,1.0,2,"17,18",0.6999999999999998,8,8
7,16,matched_betti,0.5,max_full_branch_node_speed,all_interior,coexact,coexact,random_tangent,literal_stable,literal_05,8,next_token_logprob_delta,odd,0.7083333333333334,1,0.5874273510805251,0.02478681305944094,0.06366424354508941,3,0.25,1.0,2,"18,19",0.7115384615384613,8,8
7,16,matched_betti,0.5,max_full_branch_node_speed,all_interior,coexact,coexact,random_tangent,metaphor_shift,metaphor_01,8,next_token_logprob_delta,odd,0.7083333333333334,1,0.058148853098378556,0.0091175257060145,0.23066137069843134,3,0.25,1.0,3,"23,24,25",0.7058823529411765,8,8
7,16,matched_betti,0.5,max_full_branch_node_speed,all_interior,coexact,coexact,random_tangent,metaphor_shift,metaphor_02,8,next_token_logprob_delta,odd,0.7083333333333334,1,-0.05831232028680944,0.05238288533537132,0.8052609131536329,3,0.25,1.0,2,"20,21",0.7068965517241379,8,8
7,16,matched_betti,0.5,max_full_branch_node_speed,all_interior,coexact,coexact,random_tangent,metaphor_shift,metaphor_03,8,next_token_logprob_delta,odd,0.7083333333333334,1,-0.17971550333130612,0.018590584807711412,0.15451520026879478,3,0.25,1.0,3,"20,21,22",0.6999999999999998,8,8
7,16,matched_betti,0.5,max_full_branch_node_speed,all_interior,coexact,coexact,random_tangent,metaphor_shift,metaphor_04,8,next_token_logprob_delta,odd,0.7083333333333334,1,0.8207004675530294,0.01690431708412663,0.031125293130489742,3,0.25,1.0,2,"19,20",0.6964285714285715,8,8
7,16,matched_betti,0.5,max_full_branch_node_speed,all_interior,coexact,coexact,random_tangent,metaphor_shift,metaphor_05,8,next_token_logprob_delta,odd,0.7083333333333334,1,0.28965622385859835,0.13160261845459936,0.5661921659479832,3,0.25,1.0,3,"18,19,20",0.7037037037037037,8,8
7,16,matched_betti,0.5,max_full_branch_node_speed,all_interior,coexact,coexact,random_tangent,ontology_collapse,ontology_01,8,next_token_logprob_delta,odd,0.7083333333333334,1,-0.0007002652533160019,0.033656797597345973,0.9999053183208029,3,0.25,1.0,2,"21,23",0.7096774193548386,8,8
7,16,matched_betti,0.5,max_full_branch_node_speed,all_interior,coexact,coexact,random_tangent,ontology_collapse,ontology_02,8,next_token_logprob_delta,odd,0.7083333333333334,1,0.5557363298868131,0.046242667475693576,0.12481747900742833,3,0.25,1.0,2,"19,20",0.6964285714285715,8,8
7,16,matched_betti,0.5,max_full_branch_node_speed,all_interior,coexact,coexact,random_tangent,ontology_collapse,ontology_03,8,next_token_logprob_delta,odd,0.7083333333333334,1,0.3982647537805151,0.010603456992972812,0.04021934896739148,3,0.25,1.0,2,"20,21",0.7068965517241379,8,8
7,16,matched_betti,0.5,max_full_branch_node_speed,all_interior,coexact,coexact,random_tangent,ontology_collapse,ontology_04,8,next_token_logprob_delta,odd,0.7083333333333334,1,-0.31371363834028604,0.047015888028855875,0.22097894724679495,3,0.25,1.0,2,"20,21",0.7068965517241379,8,8
7,16,matched_betti,0.5,max_full_branch_node_speed,all_interior,coexact,coexact,random_tangent,ontology_collapse,ontology_05,8,next_token_logprob_delta,odd,0.7083333333333334,1,0.7402791725238506,0.0408208996343057,0.0830795279698185,3,0.25,1.0,2,"19,20",0.6964285714285715,8,8
7,16,matched_betti,0.5,max_full_branch_node_speed,all_interior,coexact,coexact,random_tangent,identity_stress,identity_01,9,next_token_logprob_delta,odd,0.7916666666666666,1,0.23749736934510027,0.0007156919065727239,0.0045558956328416835,3,0.25,1.0,3,"26,27,28",0.7941176470588235,8,8
7,16,matched_betti,0.5,max_full_branch_node_speed,all_interior,coexact,coexact,random_tangent,identity_stress,identity_02,9,next_token_logprob_delta,odd,0.7916666666666666,1,0.7611894285604622,0.013710306608166073,0.02722102209454,3,0.25,1.0,2,"24,25",0.7903225806451614,8,8
7,16,matched_betti,0.5,max_full_branch_node_speed,all_interior,coexact,coexact,random_tangent,identity_stress,identity_03,9,next_token_logprob_delta,odd,0.7916666666666666,1,0.013961417309446453,0.03144042732377125,0.9594693182106225,3,0.25,1.0,2,"24,25",0.7903225806451614,8,8
7,16,matched_betti,0.5,max_full_branch_node_speed,all_interior,coexact,coexact,random_tangent,identity_stress,identity_04,9,next_token_logprob_delta,odd,0.7916666666666666,1,0.18989725649923062,0.08780735942498617,0.5729529210696452,3,0.25,1.0,3,"21,22,23",0.7857142857142857,8,8
7,16,matched_betti,0.5,max_full_branch_node_speed,all_interior,coexact,coexact,random_tangent,identity_stress,identity_05,9,next_token_logprob_delta,odd,0.7916666666666666,1,0.6916321406285549,0.17354923350373097,0.354699795572467,3,0.25,1.0,3,"21,22,23",0.7857142857142857,8,8
7,16,matched_betti,0.5,max_full_branch_node_speed,all_interior,coexact,coexact,random_tangent,literal_stable,literal_01,9,next_token_logprob_delta,odd,0.7916666666666666,1,-0.7245931549962323,0.026604422387970145,0.05542459145144783,3,0.25,1.0,2,"25,26",0.7727272727272728,8,8
7,16,matched_betti,0.5,max_full_branch_node_speed,all_interior,coexact,coexact,random_tangent,literal_stable,literal_02,9,next_token_logprob_delta,odd,0.7916666666666666,1,-0.21751483408960404,0.035660071938705296,0.24057905450816958,3,0.25,1.0,1,21,0.75,8,8
7,16,matched_betti,0.5,max_full_branch_node_speed,all_interior,coexact,coexact,random_tangent,literal_stable,literal_03,9,next_token_logprob_delta,odd,0.7916666666666666,1,-0.5746275214457564,0.0616258591112098,0.16004889708215467,3,0.25,1.0,2,"21,22",0.7962962962962963,8,8
7,16,matched_betti,0.5,max_full_branch_node_speed,all_interior,coexact,coexact,random_tangent,literal_stable,literal_04,9,next_token_logprob_delta,odd,0.7916666666666666,1,-0.2526543323036542,0.009583915606114614,0.057255101999600856,3,0.25,1.0,2,"19,20",0.7799999999999999,8,8
7,16,matched_betti,0.5,max_full_branch_node_speed,all_interior,coexact,coexact,random_tangent,literal_stable,literal_05,9,next_token_logprob_delta,odd,0.7916666666666666,1,0.40460746817417637,0.013541975329274515,0.050536342642407514,3,0.25,1.0,2,"20,21",0.7884615384615387,8,8
7,16,matched_betti,0.5,max_full_branch_node_speed,all_interior,coexact,coexact,random_tangent,metaphor_shift,metaphor_01,9,next_token_logprob_delta,odd,0.7916666666666666,1,0.1619857432465284,0.04625105597986412,0.3963243962631409,3,0.25,1.0,3,"26,27,28",0.7941176470588235,8,8
7,16,matched_betti,0.5,max_full_branch_node_speed,all_interior,coexact,coexact,random_tangent,metaphor_shift,metaphor_02,9,next_token_logprob_delta,odd,0.7916666666666666,1,0.31255434847276997,0.06682984734276994,0.30759073348403543,3,0.25,1.0,3,"22,23,24",0.7931034482758621,8,8
7,16,matched_betti,0.5,max_full_branch_node_speed,all_interior,coexact,coexact,random_tangent,metaphor_shift,metaphor_03,9,next_token_logprob_delta,odd,0.7916666666666666,1,-0.11249370762421515,0.034730141538913635,0.422951445178363,3,0.25,1.0,2,"23,24",0.7833333333333335,8,8
7,16,matched_betti,0.5,max_full_branch_node_speed,all_interior,coexact,coexact,random_tangent,metaphor_shift,metaphor_04,9,next_token_logprob_delta,odd,0.7916666666666666,1,0.5146185584915123,0.03209059200905382,0.09386026311922413,3,0.25,1.0,3,"21,22,23",0.7857142857142857,8,8
7,16,matched_betti,0.5,max_full_branch_node_speed,all_interior,coexact,coexact,random_tangent,metaphor_shift,metaphor_05,9,next_token_logprob_delta,odd,0.7916666666666666,1,0.5437004148627401,0.020988765899723018,0.05826393464807049,3,0.25,1.0,2,"21,22",0.7962962962962963,8,8
7,16,matched_betti,0.5,max_full_branch_node_speed,all_interior,coexact,coexact,random_tangent,ontology_collapse,ontology_01,9,next_token_logprob_delta,odd,0.7916666666666666,1,0.18615883475720857,0.04553235928382301,0.3468302270123025,3,0.25,1.0,2,"24,25",0.7903225806451614,8,8
7,16,matched_betti,0.5,max_full_branch_node_speed,all_interior,coexact,coexact,random_tangent,ontology_collapse,ontology_02,9,next_token_logprob_delta,odd,0.7916666666666666,1,0.5626054185017766,0.016782052322159315,0.04505167577918623,3,0.25,1.0,3,"21,22,23",0.7857142857142857,8,8
7,16,matched_betti,0.5,max_full_branch_node_speed,all_interior,coexact,coexact,random_tangent,ontology_collapse,ontology_03,9,next_token_logprob_delta,odd,0.7916666666666666,1,0.4953514709883865,0.012041598486630826,0.03672726178165918,3,0.25,1.0,2,"22,23",0.7758620689655172,8,8
7,16,matched_betti,0.5,max_full_branch_node_speed,all_interior,coexact,coexact,random_tangent,ontology_collapse,ontology_04,9,next_token_logprob_delta,odd,0.7916666666666666,1,0.6806394736287084,0.006381623324113976,0.014173639345941581,3,0.25,1.0,3,"22,23,24",0.7931034482758621,8,8
7,16,matched_betti,0.5,max_full_branch_node_speed,all_interior,coexact,coexact,random_tangent,ontology_collapse,ontology_05,9,next_token_logprob_delta,odd,0.7916666666666666,1,0.3102425264461345,0.025518305676807254,0.12340399062451055,3,0.25,1.0,3,"21,22,23",0.7857142857142857,8,8
7,16,matched_betti,0.5,max_full_branch_node_speed,all_interior,coexact,coexact,random_tangent,identity_stress,identity_01,10,next_token_logprob_delta,odd,0.875,1,-0.046042364312839625,0.03697977210344971,0.7719278645651182,3,0.25,1.0,3,"29,30,31",0.8823529411764706,8,8
7,16,matched_betti,0.5,max_full_branch_node_speed,all_interior,coexact,coexact,random_tangent,identity_stress,identity_02,10,next_token_logprob_delta,odd,0.875,1,-0.020715540181292787,0.0062931737591786245,0.41737098583376175,3,0.25,1.0,1,26,0.8387096774193549,8,8
7,16,matched_betti,0.5,max_full_branch_node_speed,all_interior,coexact,coexact,random_tangent,identity_stress,identity_03,10,next_token_logprob_delta,odd,0.875,1,0.6719316235666049,0.09727965357256797,0.21381892908061606,3,0.25,1.0,3,"26,27,28",0.8709677419354839,8,8
7,16,matched_betti,0.5,max_full_branch_node_speed,all_interior,coexact,coexact,random_tangent,identity_stress,identity_04,10,next_token_logprob_delta,odd,0.875,1,0.6011759456383322,0.014528186380036176,0.03651162036126472,3,0.25,1.0,1,24,0.8571428571428571,8,8
7,16,matched_betti,0.5,max_full_branch_node_speed,all_interior,coexact,coexact,random_tangent,identity_stress,identity_05,10,next_token_logprob_delta,odd,0.875,1,-0.028019356755032882,0.03987070690369462,0.9068206894827993,3,0.25,1.0,2,"24,25",0.875,8,8
7,16,matched_betti,0.5,max_full_branch_node_speed,all_interior,coexact,coexact,random_tangent,literal_stable,literal_01,10,next_token_logprob_delta,odd,0.875,1,-0.3110998860519728,0.0136371615644092,0.0661277072627838,3,0.25,1.0,2,"29,30",0.8939393939393939,8,8
7,16,matched_betti,0.5,max_full_branch_node_speed,all_interior,coexact,coexact,random_tangent,literal_stable,literal_03,10,next_token_logprob_delta,odd,0.875,1,0.44321200173953107,0.03850469240851502,0.13022637554320002,3,0.25,1.0,2,"23,24",0.8703703703703703,8,8
7,16,matched_betti,0.5,max_full_branch_node_speed,all_interior,coexact,coexact,random_tangent,literal_stable,literal_04,10,next_token_logprob_delta,odd,0.875,1,-0.3137031659182911,0.05108103331955282,0.2390424605763413,3,0.25,1.0,2,"21,22",0.86,8,8
7,16,matched_betti,0.5,max_full_branch_node_speed,all_interior,coexact,coexact,random_tangent,literal_stable,literal_05,10,next_token_logprob_delta,odd,0.875,1,0.27492035855496344,0.004145086693278487,0.022788979922113418,3,0.25,1.0,2,"22,23",0.8653846153846154,8,8
7,16,matched_betti,0.5,max_full_branch_node_speed,all_interior,coexact,coexact,random_tangent,metaphor_shift,metaphor_01,10,next_token_logprob_delta,odd,0.875,1,0.38286602010370185,0.13248402712715507,0.46354957249392753,3,0.25,1.0,3,"29,30,31",0.8823529411764706,8,8
7,16,matched_betti,0.5,max_full_branch_node_speed,all_interior,coexact,coexact,random_tangent,metaphor_shift,metaphor_02,10,next_token_logprob_delta,odd,0.875,1,0.6755132306944203,0.051793769018606356,0.11514794809322519,3,0.25,1.0,1,26,0.896551724137931,8,8
7,16,matched_betti,0.5,max_full_branch_node_speed,all_interior,coexact,coexact,random_tangent,metaphor_shift,metaphor_03,10,next_token_logprob_delta,odd,0.875,1,0.6377103019936163,0.012820541031751701,0.030380392385798927,3,0.25,1.0,2,"25,27",0.8666666666666667,8,8
7,16,matched_betti,0.5,max_full_branch_node_speed,all_interior,coexact,coexact,random_tangent,metaphor_shift,metaphor_04,10,next_token_logprob_delta,odd,0.875,1,0.784166310986166,0.019449184730895408,0.03747132770011588,3,0.25,1.0,2,"24,25",0.875,8,8
7,16,matched_betti,0.5,max_full_branch_node_speed,all_interior,coexact,coexact,random_tangent,metaphor_shift,metaphor_05,10,next_token_logprob_delta,odd,0.875,1,0.6592145561610416,0.058990475247931363,0.1340687244565238,3,0.25,1.0,1,23,0.8518518518518517,8,8
7,16,matched_betti,0.5,max_full_branch_node_speed,all_interior,coexact,coexact,random_tangent,ontology_collapse,ontology_01,10,next_token_logprob_delta,odd,0.875,1,0.21981785042454596,0.018437266067236193,0.12579997714504718,3,0.25,1.0,3,"26,27,28",0.8709677419354839,8,8
7,16,matched_betti,0.5,max_full_branch_node_speed,all_interior,coexact,coexact,random_tangent,ontology_collapse,ontology_02,10,next_token_logprob_delta,odd,0.875,1,0.40335419572272985,0.03664907970315941,0.13609057544613395,3,0.25,1.0,2,"24,25",0.875,8,8
7,16,matched_betti,0.5,max_full_branch_node_speed,all_interior,coexact,coexact,random_tangent,ontology_collapse,ontology_03,10,next_token_logprob_delta,odd,0.875,1,-0.03448130410279996,0.01651831609804999,0.5865733901181228,3,0.25,1.0,2,"25,26",0.8793103448275862,8,8
7,16,matched_betti,0.5,max_full_branch_node_speed,all_interior,coexact,coexact,random_tangent,ontology_collapse,ontology_04,10,next_token_logprob_delta,odd,0.875,1,0.5506991499575628,0.045637066593210075,0.12431745473510056,3,0.25,1.0,2,"25,26",0.8793103448275862,8,8
7,16,matched_betti,0.5,max_full_branch_node_speed,all_interior,coexact,coexact,random_tangent,ontology_collapse,ontology_05,10,next_token_logprob_delta,odd,0.875,1,0.300219347415021,0.021004969001678364,0.10519090359672939,3,0.25,1.0,2,"24,25",0.875,8,8
7,16,matched_betti,0.5,max_full_branch_node_speed,all_interior,coexact,coexact,random_tangent,identity_stress,identity_01,11,next_token_logprob_delta,odd,0.9583333333333334,1,-0.46212221564482914,0.02000744442627272,0.06531566940528655,3,0.25,1.0,2,"32,33",0.9558823529411763,8,8
7,16,matched_betti,0.5,max_full_branch_node_speed,all_interior,coexact,coexact,random_tangent,identity_stress,identity_02,11,next_token_logprob_delta,odd,0.9583333333333334,1,-0.4004512056297623,0.008148309574879085,0.030748468064576658,3,0.25,1.0,2,"29,30",0.9516129032258065,8,8
7,16,matched_betti,0.5,max_full_branch_node_speed,all_interior,coexact,coexact,random_tangent,identity_stress,identity_03,11,next_token_logprob_delta,odd,0.9583333333333334,1,0.5761149234593044,0.03188720682404015,0.08338791359161717,3,0.25,1.0,1,29,0.9354838709677419,8,8
7,16,matched_betti,0.5,max_full_branch_node_speed,all_interior,coexact,coexact,random_tangent,identity_stress,identity_04,11,next_token_logprob_delta,odd,0.9583333333333334,1,0.21658804652372746,0.05410598596456908,0.3533189645283326,3,0.25,1.0,1,26,0.9285714285714285,8,8
7,16,matched_betti,0.5,max_full_branch_node_speed,all_interior,coexact,coexact,random_tangent,identity_stress,identity_05,11,next_token_logprob_delta,odd,0.9583333333333334,1,-0.02438910440387429,0.012362745911624675,0.6082757894215454,3,0.25,1.0,2,"26,27",0.9464285714285715,8,8
7,16,matched_betti,0.5,max_full_branch_node_speed,all_interior,coexact,coexact,random_tangent,literal_stable,literal_02,11,next_token_logprob_delta,odd,0.9583333333333334,1,1.6132787402725408,0.008740305910179182,0.008190560562165947,3,0.25,1.0,2,"26,27",0.9464285714285715,8,8
7,16,matched_betti,0.5,max_full_branch_node_speed,all_interior,coexact,coexact,random_tangent,literal_stable,literal_03,11,next_token_logprob_delta,odd,0.9583333333333334,1,-0.23059190874141405,0.003203977140253466,0.021001993254952202,3,0.25,1.0,1,25,0.9259259259259259,8,8
7,16,matched_betti,0.5,max_full_branch_node_speed,all_interior,coexact,coexact,random_tangent,literal_stable,literal_04,11,next_token_logprob_delta,odd,0.9583333333333334,1,0.30060981268032366,0.05251914993001118,0.2553764682562592,3,0.25,1.0,2,"23,24",0.94,8,8
7,16,matched_betti,0.5,max_full_branch_node_speed,all_interior,coexact,coexact,random_tangent,literal_stable,literal_05,11,next_token_logprob_delta,odd,0.9583333333333334,1,0.18103225555176208,0.018162581310362382,0.14996614218162038,3,0.25,1.0,1,25,0.9615384615384616,8,8
7,16,matched_betti,0.5,max_full_branch_node_speed,all_interior,coexact,coexact,random_tangent,metaphor_shift,metaphor_01,11,next_token_logprob_delta,odd,0.9583333333333334,1,-0.9948004717593397,0.0677486352099898,0.10242020847459156,3,0.25,1.0,1,32,0.9411764705882352,8,8
7,16,matched_betti,0.5,max_full_branch_node_speed,all_interior,coexact,coexact,random_tangent,metaphor_shift,metaphor_02,11,next_token_logprob_delta,odd,0.9583333333333334,1,0.18268917746712257,0.007778135404708992,0.0642356023280148,3,0.25,1.0,2,"27,28",0.9482758620689656,8,8
7,16,matched_betti,0.5,max_full_branch_node_speed,all_interior,coexact,coexact,random_tangent,metaphor_shift,metaphor_03,11,next_token_logprob_delta,odd,0.9583333333333334,1,-0.23532839652036378,0.02663095676989121,0.16863915036124985,3,0.25,1.0,2,"28,29",0.9499999999999998,8,8
7,16,matched_betti,0.5,max_full_branch_node_speed,all_interior,coexact,coexact,random_tangent,metaphor_shift,metaphor_04,11,next_token_logprob_delta,odd,0.9583333333333334,1,0.6210101872949119,0.07173833621702566,0.17204384716501464,3,0.25,1.0,1,26,0.9285714285714285,8,8
7,16,matched_betti,0.5,max_full_branch_node_speed,all_interior,coexact,coexact,random_tangent,metaphor_shift,metaphor_05,11,next_token_logprob_delta,odd,0.9583333333333334,1,1.1261203620881253,0.020312429128062612,0.027260046904043062,3,0.25,1.0,2,"25,26",0.9444444444444443,8,8
7,16,matched_betti,0.5,max_full_branch_node_speed,all_interior,coexact,coexact,random_tangent,ontology_collapse,ontology_01,11,next_token_logprob_delta,odd,0.9583333333333334,1,0.6440146386864376,0.008413667883447664,0.01974767174444911,3,0.25,1.0,1,29,0.9354838709677419,8,8
7,16,matched_betti,0.5,max_full_branch_node_speed,all_interior,coexact,coexact,random_tangent,ontology_collapse,ontology_02,11,next_token_logprob_delta,odd,0.9583333333333334,1,-0.4813067494997383,0.07166874260307292,0.21962589661996418,3,0.25,1.0,2,"26,27",0.9464285714285715,8,8
7,16,matched_betti,0.5,max_full_branch_node_speed,all_interior,coexact,coexact,random_tangent,ontology_collapse,ontology_03,11,next_token_logprob_delta,odd,0.9583333333333334,1,-0.040976695732198934,0.007014672217340846,0.25055479796332314,3,0.25,1.0,2,"27,28",0.9482758620689656,8,8
7,16,matched_betti,0.5,max_full_branch_node_speed,all_interior,coexact,coexact,random_tangent,ontology_collapse,ontology_04,11,next_token_logprob_delta,odd,0.9583333333333334,1,-0.30170945777968694,0.04304985363596473,0.2108709116433108,3,0.25,1.0,2,"27,28",0.9482758620689656,8,8
7,16,matched_betti,0.5,max_full_branch_node_speed,all_interior,coexact,coexact,random_tangent,ontology_collapse,ontology_05,11,next_token_logprob_delta,odd,0.9583333333333334,1,0.09211685935300976,0.04482255321875008,0.5925740253552392,3,0.25,1.0,1,26,0.9285714285714285,8,8
7,16,matched_betti,0.5,max_full_branch_node_speed,all_interior,coexact,coexact,random_tangent,identity_stress,identity_01,0,semantic_margin_delta,even,0.041666666666666664,2,0.05380427628457555,0.003802339336908964,0.11770739454351777,3,0.25,1.0,2,"1,2",0.04411764705882352,8,8
7,16,matched_betti,0.5,max_full_branch_node_speed,all_interior,coexact,coexact,random_tangent,identity_stress,identity_02,0,semantic_margin_delta,even,0.041666666666666664,2,0.08698426438413957,0.0061386447199343495,0.11754652785354128,3,0.25,1.0,2,"1,2",0.04838709677419354,8,8
7,16,matched_betti,0.5,max_full_branch_node_speed,all_interior,coexact,coexact,random_tangent,identity_stress,identity_03,0,semantic_margin_delta,even,0.041666666666666664,2,-0.3773042594736604,0.01496510410736801,0.06637865202853362,3,0.25,1.0,2,"1,2",0.04838709677419354,8,8
7,16,matched_betti,0.5,max_full_branch_node_speed,all_interior,coexact,coexact,random_tangent,identity_stress,identity_04,0,semantic_margin_delta,even,0.041666666666666664,2,0.04675137872522259,0.00034584171440117835,0.012406486657957861,3,0.25,1.0,2,"1,2",0.05357142857142857,8,8
7,16,matched_betti,0.5,max_full_branch_node_speed,all_interior,coexact,coexact,random_tangent,identity_stress,identity_05,0,semantic_margin_delta,even,0.041666666666666664,2,-0.07392055069880046,0.006856789754796226,0.1537309899691792,3,0.25,1.0,2,"1,2",0.05357142857142857,8,8
7,16,matched_betti,0.5,max_full_branch_node_speed,all_interior,coexact,coexact,random_tangent,literal_stable,literal_01,0,semantic_margin_delta,even,0.041666666666666664,2,0.08109941611063283,0.0013002351344509066,0.026881066220209568,3,0.25,1.0,2,"1,2",0.04545454545454545,8,8
7,16,matched_betti,0.5,max_full_branch_node_speed,all_interior,coexact,coexact,random_tangent,literal_stable,literal_02,0,semantic_margin_delta,even,0.041666666666666664,2,0.08670471313739851,0.010380456199497663,0.1968743116253738,3,0.25,1.0,2,"1,2",0.05357142857142857,8,8
7,16,matched_betti,0.5,max_full_branch_node_speed,all_interior,coexact,coexact,random_tangent,literal_stable,literal_03,0,semantic_margin_delta,even,0.041666666666666664,2,-0.06287222733539181,0.016947139373165575,0.4119571830113173,3,0.25,1.0,2,"1,2",0.05555555555555555,8,8
7,16,matched_betti,0.5,max_full_branch_node_speed,all_interior,coexact,coexact,random_tangent,literal_stable,literal_04,0,semantic_margin_delta,even,0.041666666666666664,2,0.07016925108230795,0.004275150712755442,0.10165952018019707,3,0.25,1.0,2,"1,2",0.06,8,8
7,16,matched_betti,0.5,max_full_branch_node_speed,all_interior,coexact,coexact,random_tangent,literal_stable,literal_05,0,semantic_margin_delta,even,0.041666666666666664,2,-0.11708002718848212,0.03551313944811057,0.45344264287773617,3,0.25,1.0,2,"1,2",0.05769230769230769,8,8
7,16,matched_betti,0.5,max_full_branch_node_speed,all_interior,coexact,coexact,random_tangent,metaphor_shift,metaphor_01,0,semantic_margin_delta,even,0.041666666666666664,2,0.2250544584024017,0.002264539079030783,0.016874450697914982,3,0.25,1.0,2,"1,2",0.04411764705882352,8,8
7,16,matched_betti,0.5,max_full_branch_node_speed,all_interior,coexact,coexact,random_tangent,metaphor_shift,metaphor_02,0,semantic_margin_delta,even,0.041666666666666664,2,0.04291758067264102,0.02114902577996552,0.6370807426024636,3,0.25,1.0,2,"1,2",0.05172413793103448,8,8
7,16,matched_betti,0.5,max_full_branch_node_speed,all_interior,coexact,coexact,random_tangent,metaphor_shift,metaphor_03,0,semantic_margin_delta,even,0.041666666666666664,2,0.04353706387603162,0.02641113018766288,0.7132075906114209,3,0.25,1.0,2,"1,2",0.05000000000000001,8,8
7,16,matched_betti,0.5,max_full_branch_node_speed,all_interior,coexact,coexact,random_tangent,metaphor_shift,metaphor_04,0,semantic_margin_delta,even,0.041666666666666664,2,0.04354206962658156,0.007446284715352719,0.27571560937158646,3,0.25,1.0,2,"1,2",0.05357142857142857,8,8
7,16,matched_betti,0.5,max_full_branch_node_speed,all_interior,coexact,coexact,random_tangent,metaphor_shift,metaphor_05,0,semantic_margin_delta,even,0.041666666666666664,2,-0.060022381690452556,0.005509013267024568,0.15215066671084782,3,0.25,1.0,2,"1,2",0.05555555555555555,8,8
7,16,matched_betti,0.5,max_full_branch_node_speed,all_interior,coexact,coexact,random_tangent,ontology_collapse,ontology_01,0,semantic_margin_delta,even,0.041666666666666664,2,-0.13834075778180357,0.01817456730497352,0.2151878680336587,3,0.25,1.0,2,"1,2",0.04838709677419354,8,8
7,16,matched_betti,0.5,max_full_branch_node_speed,all_interior,coexact,coexact,random_tangent,ontology_collapse,ontology_02,0,semantic_margin_delta,even,0.041666666666666664,2,-0.03031741908189169,0.005149254163703323,0.27397307049664127,3,0.25,1.0,2,"1,2",0.05357142857142857,8,8
7,16,matched_betti,0.5,max_full_branch_node_speed,all_interior,coexact,coexact,random_tangent,ontology_collapse,ontology_03,0,semantic_margin_delta,even,0.041666666666666664,2,-0.08301797140412717,0.0010470696766969351,0.021149767507237113,3,0.25,1.0,2,"1,2",0.05172413793103448,8,8
7,16,matched_betti,0.5,max_full_branch_node_speed,all_interior,coexact,coexact,random_tangent,ontology_collapse,ontology_04,0,semantic_margin_delta,even,0.041666666666666664,2,0.23894063356228565,0.03369482228677231,0.2301718618799717,3,0.25,1.0,2,"1,2",0.05172413793103448,8,8
7,16,matched_betti,0.5,max_full_branch_node_speed,all_interior,coexact,coexact,random_tangent,ontology_collapse,ontology_05,0,semantic_margin_delta,even,0.041666666666666664,2,0.13088743322876453,0.03123869750085407,0.37163715162518,3,0.25,1.0,2,"1,2",0.05357142857142857,8,8
7,16,matched_betti,0.5,max_full_branch_node_speed,all_interior,coexact,coexact,random_tangent,identity_stress,identity_01,1,semantic_margin_delta,even,0.125,2,-0.04362763922326977,0.002297501512225867,0.08798443421283486,3,0.25,1.0,3,"3,4,5",0.11764705882352942,8,8
7,16,matched_betti,0.5,max_full_branch_node_speed,all_interior,coexact,coexact,random_tangent,identity_stress,identity_02,1,semantic_margin_delta,even,0.125,2,0.046785619806795145,0.008566543923810645,0.2935764285692414,3,0.25,1.0,3,"3,4,5",0.12903225806451613,8,8
7,16,matched_betti,0.5,max_full_branch_node_speed,all_interior,coexact,coexact,random_tangent,identity_stress,identity_03,1,semantic_margin_delta,even,0.125,2,0.074226461910823,0.007244467593443406,0.16154912235089233,3,0.25,1.0,3,"3,4,5",0.12903225806451613,8,8
7,16,matched_betti,0.5,max_full_branch_node_speed,all_interior,coexact,coexact,random_tangent,identity_stress,identity_04,1,semantic_margin_delta,even,0.125,2,0.3107184533957004,0.01443240647397369,0.07767066673471545,3,0.25,1.0,2,"3,4",0.125,8,8
7,16,matched_betti,0.5,max_full_branch_node_speed,all_interior,coexact,coexact,random_tangent,identity_stress,identity_05,1,semantic_margin_delta,even,0.125,2,0.3666829709854799,0.06809485606012175,0.2973830880720105,3,0.25,1.0,2,"3,4",0.125,8,8
7,16,matched_betti,0.5,max_full_branch_node_speed,all_interior,coexact,coexact,random_tangent,literal_stable,literal_01,1,semantic_margin_delta,even,0.125,2,-0.24948538782376975,0.007900813709147934,0.05304130677129454,3,0.25,1.0,3,"3,4,5",0.12121212121212122,8,8
7,16,matched_betti,0.5,max_full_branch_node_speed,all_interior,coexact,coexact,random_tangent,literal_stable,literal_02,1,semantic_margin_delta,even,0.125,2,0.08809959651675177,0.0009537161416587793,0.018154024763021616,3,0.25,1.0,2,"3,4",0.125,8,8
7,16,matched_betti,0.5,max_full_branch_node_speed,all_interior,coexact,coexact,random_tangent,literal_stable,literal_03,1,semantic_margin_delta,even,0.125,2,-0.06863434125172613,0.030816681730709672,0.6015757436090199,3,0.25,1.0,2,"3,4",0.12962962962962962,8,8
7,16,matched_betti,0.5,max_full_branch_node_speed,all_interior,coexact,coexact,random_tangent,literal_stable,literal_04,1,semantic_margin_delta,even,0.125,2,0.05949756580091527,0.01648556522476031,0.42144530359811627,3,0.25,1.0,2,"3,4",0.14,8,8
7,16,matched_betti,0.5,max_full_branch_node_speed,all_interior,coexact,coexact,random_tangent,literal_stable,literal_05,1,semantic_margin_delta,even,0.125,2,-0.14985454996656203,0.01886086533547945,0.20654918586839413,3,0.25,1.0,2,"3,4",0.13461538461538464,8,8
7,16,matched_betti,0.5,max_full_branch_node_speed,all_interior,coexact,coexact,random_tangent,metaphor_shift,metaphor_01,1,semantic_margin_delta,even,0.125,2,0.2707053373740348,0.0056446391884254704,0.03495209519553476,3,0.25,1.0,2,"3,5",0.1176470588235294,8,8
7,16,matched_betti,0.5,max_full_branch_node_speed,all_interior,coexact,coexact,random_tangent,metaphor_shift,metaphor_02,1,semantic_margin_delta,even,0.125,2,-0.15086147515143455,0.0017261352176481408,0.01918738505593084,3,0.25,1.0,2,"3,4",0.12068965517241377,8,8
7,16,matched_betti,0.5,max_full_branch_node_speed,all_interior,coexact,coexact,random_tangent,metaphor_shift,metaphor_03,1,semantic_margin_delta,even,0.125,2,0.2177170146491212,0.00919959883062034,0.07069485919093765,3,0.25,1.0,2,"3,4",0.11666666666666665,8,8
7,16,matched_betti,0.5,max_full_branch_node_speed,all_interior,coexact,coexact,random_tangent,metaphor_shift,metaphor_04,1,semantic_margin_delta,even,0.125,2,0.4498914696260302,0.04023149044492216,0.14832922620103905,3,0.25,1.0,2,"3,4",0.125,8,8
7,16,matched_betti,0.5,max_full_branch_node_speed,all_interior,coexact,coexact,random_tangent,metaphor_shift,metaphor_05,1,semantic_margin_delta,even,0.125,2,0.04244475424418717,0.0017319343544379303,0.06827975517499683,3,0.25,1.0,2,"3,4",0.12962962962962962,8,8
7,16,matched_betti,0.5,max_full_branch_node_speed,all_interior,coexact,coexact,random_tangent,ontology_collapse,ontology_01,1,semantic_margin_delta,even,0.125,2,0.1263248310094256,0.0074603254029820334,0.09857077455626179,3,0.25,1.0,3,"3,4,5",0.12903225806451613,8,8
7,16,matched_betti,0.5,max_full_branch_node_speed,all_interior,coexact,coexact,random_tangent,ontology_collapse,ontology_02,1,semantic_margin_delta,even,0.125,2,0.17346732361031333,0.0075203994746603055,0.0725232723482889,3,0.25,1.0,2,"3,4",0.125,8,8
7,16,matched_betti,0.5,max_full_branch_node_speed,all_interior,coexact,coexact,random_tangent,ontology_collapse,ontology_03,1,semantic_margin_delta,even,0.125,2,0.021571503690164494,0.024125087583404065,0.8824368251993784,3,0.25,1.0,2,"3,4",0.12068965517241377,8,8
7,16,matched_betti,0.5,max_full_branch_node_speed,all_interior,coexact,coexact,random_tangent,ontology_collapse,ontology_04,1,semantic_margin_delta,even,0.125,2,-0.08445174541979455,0.04144423934397146,0.6355116153791747,3,0.25,1.0,2,"3,4",0.12068965517241377,8,8
7,16,matched_betti,0.5,max_full_branch_node_speed,all_interior,coexact,coexact,random_tangent,ontology_collapse,ontology_05,1,semantic_margin_delta,even,0.125,2,0.045619935442332595,0.005932009803847862,0.21308646581205798,3,0.25,1.0,2,"3,4",0.125,8,8
7,16,matched_betti,0.5,max_full_branch_node_speed,all_interior,coexact,coexact,random_tangent,identity_stress,identity_01,2,semantic_margin_delta,even,0.20833333333333334,2,-0.37189499510227125,0.006831643439762631,0.03079626880855703,3,0.25,1.0,3,"6,7,8",0.2058823529411765,8,8
7,16,matched_betti,0.5,max_full_branch_node_speed,all_interior,coexact,coexact,random_tangent,identity_stress,identity_02,2,semantic_margin_delta,even,0.20833333333333334,2,-0.3889739304138349,0.008162031891215664,0.03517290768153635,3,0.25,1.0,2,"6,7",0.20967741935483866,8,8
7,16,matched_betti,0.5,max_full_branch_node_speed,all_interior,coexact,coexact,random_tangent,identity_stress,identity_03,2,semantic_margin_delta,even,0.20833333333333334,2,0.41042576206660514,0.027062145796824085,0.10992263619417715,3,0.25,1.0,2,"6,7",0.20967741935483866,8,8
7,16,matched_betti,0.5,max_full_branch_node_speed,all_interior,coexact,coexact,random_tangent,identity_stress,identity_04,2,semantic_margin_delta,even,0.20833333333333334,2,-0.17876416555208918,0.024125742930590645,0.22077445609016313,3,0.25,1.0,2,"5,6",0.19642857142857142,8,8
7,16,matched_betti,0.5,max_full_branch_node_speed,all_interior,coexact,coexact,random_tangent,identity_stress,identity_05,2,semantic_margin_delta,even,0.20833333333333334,2,-0.025567462569836597,0.05000010890802689,0.9565341374514336,3,0.25,1.0,2,"5,6",0.19642857142857142,8,8
7,16,matched_betti,0.5,max_full_branch_node_speed,all_interior,coexact,coexact,random_tangent,literal_stable,literal_01,2,semantic_margin_delta,even,0.20833333333333334,2,-0.15620620610773492,0.002148402358470393,0.023062219350573586,3,0.25,1.0,3,"6,7,8",0.21212121212121213,8,8
7,16,matched_betti,0.5,max_full_branch_node_speed,all_interior,coexact,coexact,random_tangent,literal_stable,literal_02,2,semantic_margin_delta,even,0.20833333333333334,2,-0.13578858972391564,0.024867647686791266,0.2936247188122141,3,0.25,1.0,2,"5,6",0.19642857142857142,8,8
7,16,matched_betti,0.5,max_full_branch_node_speed,all_interior,coexact,coexact,random_tangent,literal_stable,literal_03,2,semantic_margin_delta,even,0.20833333333333334,2,-0.1567512233403142,0.023737536665513804,0.2461775745816529,3,0.25,1.0,2,"5,6",0.2037037037037037,8,8
7,16,matched_betti,0.5,max_full_branch_node_speed,all_interior,coexact,coexact,random_tangent,literal_stable,literal_04,2,semantic_margin_delta,even,0.20833333333333334,2,-0.19089290209983273,0.03418622568582995,0.28767546479837647,3,0.25,1.0,2,"5,6",0.22,8,8
7,16,matched_betti,0.5,max_full_branch_node_speed,all_interior,coexact,coexact,random_tangent,literal_stable,literal_05,2,semantic_margin_delta,even,0.20833333333333334,2,-0.4984199765140404,0.007688402857490528,0.02586393914467209,3,0.25,1.0,2,"5,6",0.21153846153846156,8,8
7,16,matched_betti,0.5,max_full_branch_node_speed,all_interior,coexact,coexact,random_tangent,metaphor_shift,metaphor_01,2,semantic_margin_delta,even,0.20833333333333334,2,-0.23572316150027567,0.008251326474213502,0.058610250854890404,3,0.25,1.0,3,"6,7,8",0.2058823529411765,8,8
7,16,matched_betti,0.5,max_full_branch_node_speed,all_interior,coexact,coexact,random_tangent,metaphor_shift,metaphor_02,2,semantic_margin_delta,even,0.20833333333333334,2,0.10875685624494126,0.01901748278018503,0.28143433597656453,3,0.25,1.0,3,"5,6,7",0.20689655172413793,8,8
7,16,matched_betti,0.5,max_full_branch_node_speed,all_interior,coexact,coexact,random_tangent,metaphor_shift,metaphor_03,2,semantic_margin_delta,even,0.20833333333333334,2,-0.1551938587117899,0.00992895693272734,0.10669455566006983,3,0.25,1.0,3,"5,6,7",0.19999999999999998,8,8
7,16,matched_betti,0.5,max_full_branch_node_speed,all_interior,coexact,coexact,random_tangent,metaphor_shift,metaphor_04,2,semantic_margin_delta,even,0.20833333333333334,2,-0.11549985121603722,0.044879995758914104,0.5460094396082662,3,0.25,1.0,2,"5,6",0.19642857142857142,8,8
7,16,matched_betti,0.5,max_full_branch_node_speed,all_interior,coexact,coexact,random_tangent,metaphor_shift,metaphor_05,2,semantic_margin_delta,even,0.20833333333333334,2,0.3689084137963322,0.012559390220752528,0.057008865716137884,3,0.25,1.0,2,"5,6",0.2037037037037037,8,8
7,16,matched_betti,0.5,max_full_branch_node_speed,all_interior,coexact,coexact,random_tangent,ontology_collapse,ontology_01,2,semantic_margin_delta,even,0.20833333333333334,2,0.13441835112923436,0.018349138760164356,0.22318318336483114,3,0.25,1.0,2,"6,7",0.20967741935483866,8,8
7,16,matched_betti,0.5,max_full_branch_node_speed,all_interior,coexact,coexact,random_tangent,ontology_collapse,ontology_02,2,semantic_margin_delta,even,0.20833333333333334,2,0.07302845425404454,0.01352407075920037,0.29662968484464297,3,0.25,1.0,2,"5,6",0.19642857142857142,8,8
7,16,matched_betti,0.5,max_full_branch_node_speed,all_interior,coexact,coexact,random_tangent,ontology_collapse,ontology_03,2,semantic_margin_delta,even,0.20833333333333334,2,-0.09105119120541352,0.01174516160632183,0.21146503618372564,3,0.25,1.0,3,"5,6,7",0.20689655172413793,8,8
7,16,matched_betti,0.5,max_full_branch_node_speed,all_interior,coexact,coexact,random_tangent,ontology_collapse,ontology_04,2,semantic_margin_delta,even,0.20833333333333334,2,-0.1604885848846238,0.007592689940170267,0.07910206395010769,3,0.25,1.0,3,"5,6,7",0.20689655172413793,8,8
7,16,matched_betti,0.5,max_full_branch_node_speed,all_interior,coexact,coexact,random_tangent,ontology_collapse,ontology_05,2,semantic_margin_delta,even,0.20833333333333334,2,0.09739037435330856,0.04359431877632213,0.6003995353401863,3,0.25,1.0,2,"5,6",0.19642857142857142,8,8
7,16,matched_betti,0.5,max_full_branch_node_speed,all_interior,coexact,coexact,random_tangent,identity_stress,identity_01,3,semantic_margin_delta,even,0.2916666666666667,2,-0.07291937727055922,0.0070463853518659934,0.15998972641578532,3,0.25,1.0,3,"9,10,11",0.29411764705882354,8,8
7,16,matched_betti,0.5,max_full_branch_node_speed,all_interior,coexact,coexact,random_tangent,identity_stress,identity_02,3,semantic_margin_delta,even,0.2916666666666667,2,-0.16532501796891225,0.010192295566273865,0.10285449325461471,3,0.25,1.0,3,"8,9,10",0.2903225806451613,8,8
7,16,matched_betti,0.5,max_full_branch_node_speed,all_interior,coexact,coexact,random_tangent,identity_stress,identity_03,3,semantic_margin_delta,even,0.2916666666666667,2,-0.03176015765478416,0.00897367501385935,0.42824581728321853,3,0.25,1.0,3,"8,9,10",0.2903225806451613,8,8
7,16,matched_betti,0.5,max_full_branch_node_speed,all_interior,coexact,coexact,random_tangent,identity_stress,identity_04,3,semantic_margin_delta,even,0.2916666666666667,2,-0.17132141854941538,0.027530511430262992,0.2602399475468938,3,0.25,1.0,3,"7,8,9",0.28571428571428575,8,8
7,16,matched_betti,0.5,max_full_branch_node_speed,all_interior,coexact,coexact,random_tangent,identity_stress,identity_05,3,semantic_margin_delta,even,0.2916666666666667,2,-0.3495934046729558,0.003491177747653075,0.016747388829165086,3,0.25,1.0,3,"7,8,9",0.28571428571428575,8,8
7,16,matched_betti,0.5,max_full_branch_node_speed,all_interior,coexact,coexact,random_tangent,literal_stable,literal_01,3,semantic_margin_delta,even,0.2916666666666667,2,0.4249451734341839,0.01024020441170472,0.04038504450464665,3,0.25,1.0,2,"9,10",0.28787878787878785,8,8
7,16,matched_betti,0.5,max_full_branch_node_speed,all_interior,coexact,coexact,random_tangent,literal_stable,literal_02,3,semantic_margin_delta,even,0.2916666666666667,2,-0.013616464423483158,0.03633025148503933,0.9759309072826408,3,0.25,1.0,3,"7,8,9",0.28571428571428575,8,8
7,16,matched_betti,0.5,max_full_branch_node_speed,all_interior,coexact,coexact,random_tangent,literal_stable,literal_03,3,semantic_margin_delta,even,0.2916666666666667,2,-0.30585999922641216,0.005694508094808583,0.031211969431942422,3,0.25,1.0,2,"7,8",0.2777777777777778,8,8
7,16,matched_betti,0.5,max_full_branch_node_speed,all_interior,coexact,coexact,random_tangent,literal_stable,literal_04,3,semantic_margin_delta,even,0.2916666666666667,2,-0.48019541550187056,0.02531142409008303,0.08806578075622908,3,0.25,1.0,2,"7,8",0.30000000000000004,8,8
7,16,matched_betti,0.5,max_full_branch_node_speed,all_interior,coexact,coexact,random_tangent,literal_stable,literal_05,3,semantic_margin_delta,even,0.2916666666666667,2,-0.06116251669704332,0.005092679100945281,0.1383138957926546,3,0.25,1.0,2,"7,8",0.28846153846153844,8,8
7,16,matched_betti,0.5,max_full_branch_node_speed,all_interior,coexact,coexact,random_tangent,metaphor_shift,metaphor_01,3,semantic_margin_delta,even,0.2916666666666667,2,-0.004966650379052089,0.011561760444086402,0.968731913439231,3,0.25,1.0,3,"9,10,11",0.29411764705882354,8,8
7,16,matched_betti,0.5,max_full_branch_node_speed,all_interior,coexact,coexact,random_tangent,metaphor_shift,metaphor_02,3,semantic_margin_delta,even,0.2916666666666667,2,-2.5710513479138037e-05,0.00797054511333658,0.9999981506646185,3,0.25,1.0,2,"8,9",0.2931034482758621,8,8
7,16,matched_betti,0.5,max_full_branch_node_speed,all_interior,coexact,coexact,random_tangent,metaphor_shift,metaphor_03,3,semantic_margin_delta,even,0.2916666666666667,2,-0.0021074943250364198,0.0033549906450635733,0.9364766664195557,3,0.25,1.0,2,"8,9",0.2833333333333333,8,8
7,16,matched_betti,0.5,max_full_branch_node_speed,all_interior,coexact,coexact,random_tangent,metaphor_shift,metaphor_04,3,semantic_margin_delta,even,0.2916666666666667,2,-0.05749148673530028,0.008405050978990443,0.23815355866916188,3,0.25,1.0,3,"7,8,9",0.28571428571428575,8,8
7,16,matched_betti,0.5,max_full_branch_node_speed,all_interior,coexact,coexact,random_tangent,metaphor_shift,metaphor_05,3,semantic_margin_delta,even,0.2916666666666667,2,-0.028177554731424605,0.005970324358410137,0.3348634438876925,3,0.25,1.0,2,"7,8",0.2777777777777778,8,8
7,16,matched_betti,0.5,max_full_branch_node_speed,all_interior,coexact,coexact,random_tangent,ontology_collapse,ontology_01,3,semantic_margin_delta,even,0.2916666666666667,2,-0.0004780052885928518,0.010870288535085629,0.9996564967317151,3,0.25,1.0,3,"8,9,10",0.2903225806451613,8,8
7,16,matched_betti,0.5,max_full_branch_node_speed,all_interior,coexact,coexact,random_tangent,ontology_collapse,ontology_02,3,semantic_margin_delta,even,0.2916666666666667,2,0.2468654033928901,0.018536903173734465,0.12495652021246549,3,0.25,1.0,3,"7,8,9",0.28571428571428575,8,8
7,16,matched_betti,0.5,max_full_branch_node_speed,all_interior,coexact,coexact,random_tangent,ontology_collapse,ontology_03,3,semantic_margin_delta,even,0.2916666666666667,2,-0.6348883527619975,0.011469013055463365,0.030285079491273837,3,0.25,1.0,2,"8,9",0.2931034482758621,8,8
7,16,matched_betti,0.5,max_full_branch_node_speed,all_interior,coexact,coexact,random_tangent,ontology_collapse,ontology_04,3,semantic_margin_delta,even,0.2916666666666667,2,-0.1258407181365469,0.022469997165672446,0.2868989006147424,3,0.25,1.0,2,"8,9",0.2931034482758621,8,8
7,16,matched_betti,0.5,max_full_branch_node_speed,all_interior,coexact,coexact,random_tangent,ontology_collapse,ontology_05,3,semantic_margin_delta,even,0.2916666666666667,2,0.057642045088287686,0.002753309792327858,0.07985933524533213,3,0.25,1.0,3,"7,8,9",0.28571428571428575,8,8
7,16,matched_betti,0.5,max_full_branch_node_speed,all_interior,coexact,coexact,random_tangent,identity_stress,identity_01,4,semantic_margin_delta,even,0.375,2,0.24124931542194214,0.02306577696999657,0.15833893911952798,3,0.25,1.0,3,"12,13,14",0.38235294117647056,8,8
7,16,matched_betti,0.5,max_full_branch_node_speed,all_interior,coexact,coexact,random_tangent,identity_stress,identity_02,4,semantic_margin_delta,even,0.375,2,0.1622405497380852,0.01768277858888578,0.17982595288482425,3,0.25,1.0,2,"11,12",0.3709677419354838,8,8
7,16,matched_betti,0.5,max_full_branch_node_speed,all_interior,coexact,coexact,random_tangent,identity_stress,identity_03,4,semantic_margin_delta,even,0.375,2,-0.3436384950831231,0.014244939433546443,0.0693602901767405,3,0.25,1.0,2,"11,12",0.3709677419354838,8,8
7,16,matched_betti,0.5,max_full_branch_node_speed,all_interior,coexact,coexact,random_tangent,identity_stress,identity_04,4,semantic_margin_delta,even,0.375,2,-0.051678658789533614,0.018594185860259946,0.5166869181078036,3,0.25,1.0,2,"10,11",0.375,8,8
7,16,matched_betti,0.5,max_full_branch_node_speed,all_interior,coexact,coexact,random_tangent,identity_stress,identity_05,4,semantic_margin_delta,even,0.375,2,0.003265290271989108,0.03298799818300912,0.9982631173749342,3,0.25,1.0,2,"10,11",0.375,8,8
7,16,matched_betti,0.5,max_full_branch_node_speed,all_interior,coexact,coexact,random_tangent,literal_stable,literal_01,4,semantic_margin_delta,even,0.375,2,0.18104185398833372,0.007754793134164193,0.07165930292801573,3,0.25,1.0,3,"11,12,13",0.3636363636363636,8,8
7,16,matched_betti,0.5,max_full_branch_node_speed,all_interior,coexact,coexact,random_tangent,literal_stable,literal_02,4,semantic_margin_delta,even,0.375,2,-0.02737735254836864,0.006295032007005003,0.35982883145810296,3,0.25,1.0,2,"10,11",0.375,8,8
7,16,matched_betti,0.5,max_full_branch_node_speed,all_interior,coexact,coexact,random_tangent,literal_stable,literal_03,4,semantic_margin_delta,even,0.375,2,-0.3420393398247757,0.00607127980784229,0.029758503785566753,3,0.25,1.0,3,"9,10,11",0.3703703703703704,8,8
7,16,matched_betti,0.5,max_full_branch_node_speed,all_interior,coexact,coexact,random_tangent,literal_stable,literal_04,4,semantic_margin_delta,even,0.375,2,-0.3144577215317186,0.03451690575476595,0.18106338179782602,3,0.25,1.0,2,"9,10",0.38000000000000006,8,8
7,16,matched_betti,0.5,max_full_branch_node_speed,all_interior,coexact,coexact,random_tangent,literal_stable,literal_05,4,semantic_margin_delta,even,0.375,2,-0.16691918802057082,0.02409146612889273,0.2352826465543624,3,0.25,1.0,2,"9,10",0.3653846153846154,8,8
7,16,matched_betti,0.5,max_full_branch_node_speed,all_interior,coexact,coexact,random_tangent,metaphor_shift,metaphor_01,4,semantic_margin_delta,even,0.375,2,-0.11209013600262592,0.02370845861944616,0.33434434544142866,3,0.25,1.0,3,"12,13,14",0.38235294117647056,8,8
7,16,matched_betti,0.5,max_full_branch_node_speed,all_interior,coexact,coexact,random_tangent,metaphor_shift,metaphor_02,4,semantic_margin_delta,even,0.375,2,-0.1928912116937471,0.02765734536713922,0.23382355787902928,3,0.25,1.0,3,"10,11,12",0.37931034482758624,8,8
7,16,matched_betti,0.5,max_full_branch_node_speed,all_interior,coexact,coexact,random_tangent,metaphor_shift,metaphor_03,4,semantic_margin_delta,even,0.375,2,0.03952079182851453,0.0056057321018483375,0.23144659941993456,3,0.25,1.0,3,"10,11,12",0.3666666666666667,8,8
7,16,matched_betti,0.5,max_full_branch_node_speed,all_interior,coexact,coexact,random_tangent,metaphor_shift,metaphor_04,4,semantic_margin_delta,even,0.375,2,0.2686405934034578,0.008534161469076929,0.053207503216254726,3,0.25,1.0,2,"10,11",0.375,8,8
7,16,matched_betti,0.5,max_full_branch_node_speed,all_interior,coexact,coexact,random_tangent,metaphor_shift,metaphor_05,4,semantic_margin_delta,even,0.375,2,0.2921693362702553,0.014921058259333073,0.08534475755673283,3,0.25,1.0,3,"9,10,11",0.3703703703703704,8,8
7,16,matched_betti,0.5,max_full_branch_node_speed,all_interior,coexact,coexact,random_tangent,ontology_collapse,ontology_01,4,semantic_margin_delta,even,0.375,2,0.07766576812028407,0.06312036595030834,0.806301457852664,3,0.25,1.0,1,12,0.3870967741935483,8,8
7,16,matched_betti,0.5,max_full_branch_node_speed,all_interior,coexact,coexact,random_tangent,ontology_collapse,ontology_02,4,semantic_margin_delta,even,0.375,2,0.18944103247005792,0.011503798114654571,0.10132706730886716,3,0.25,1.0,2,"10,11",0.375,8,8
7,16,matched_betti,0.5,max_full_branch_node_speed,all_interior,coexact,coexact,random_tangent,ontology_collapse,ontology_03,4,semantic_margin_delta,even,0.375,2,-0.02692399421054908,0.01913555883585271,0.766127865681503,3,0.25,1.0,3,"10,11,12",0.37931034482758624,8,8
7,16,matched_betti,0.5,max_full_branch_node_speed,all_interior,coexact,coexact,random_tangent,ontology_collapse,ontology_04,4,semantic_margin_delta,even,0.375,2,0.20883127713505592,0.0013233361055036104,0.010627946877328438,3,0.25,1.0,3,"10,11,12",0.37931034482758624,8,8
7,16,matched_betti,0.5,max_full_branch_node_speed,all_interior,coexact,coexact,random_tangent,ontology_collapse,ontology_05,4,semantic_margin_delta,even,0.375,2,0.4538811967479219,0.026223060673301966,0.09645192607840573,3,0.25,1.0,2,"10,11",0.375,8,8
7,16,matched_betti,0.5,max_full_branch_node_speed,all_interior,coexact,coexact,random_tangent,identity_stress,identity_01,5,semantic_margin_delta,even,0.4583333333333333,2,-0.06336642208217619,0.014680845623717038,0.36220392869757534,3,0.25,1.0,2,"15,16",0.45588235294117646,8,8
7,16,matched_betti,0.5,max_full_branch_node_speed,all_interior,coexact,coexact,random_tangent,identity_stress,identity_02,5,semantic_margin_delta,even,0.4583333333333333,2,-0.07949771890091331,0.04574778647635525,0.6944742114438904,3,0.25,1.0,2,"13,15",0.4516129032258065,8,8
7,16,matched_betti,0.5,max_full_branch_node_speed,all_interior,coexact,coexact,random_tangent,identity_stress,identity_03,5,semantic_margin_delta,even,0.4583333333333333,2,0.0299370677444897,0.002903304916455966,0.160550616110336,3,0.25,1.0,3,"13,14,15",0.4516129032258065,8,8
7,16,matched_betti,0.5,max_full_branch_node_speed,all_interior,coexact,coexact,random_tangent,identity_stress,identity_04,5,semantic_margin_delta,even,0.4583333333333333,2,-0.2402906873352449,0.0356366263330321,0.24139160082839195,3,0.25,1.0,1,13,0.46428571428571425,8,8
7,16,matched_betti,0.5,max_full_branch_node_speed,all_interior,coexact,coexact,random_tangent,identity_stress,identity_05,5,semantic_margin_delta,even,0.4583333333333333,2,0.1667904230966252,0.0015971530101413036,0.016059007198237992,3,0.25,1.0,2,"12,13",0.4464285714285714,8,8
7,16,matched_betti,0.5,max_full_branch_node_speed,all_interior,coexact,coexact,random_tangent,literal_stable,literal_01,5,semantic_margin_delta,even,0.4583333333333333,2,0.03899581225532518,0.018538767377198645,0.6234423880958584,3,0.25,1.0,3,"14,15,16",0.4545454545454546,8,8
7,16,matched_betti,0.5,max_full_branch_node_speed,all_interior,coexact,coexact,random_tangent,literal_stable,literal_02,5,semantic_margin_delta,even,0.4583333333333333,2,-0.25688220907045,0.000779069090244634,0.005086694022397099,3,0.25,1.0,2,"12,13",0.4464285714285714,8,8
7,16,matched_betti,0.5,max_full_branch_node_speed,all_interior,coexact,coexact,random_tangent,literal_stable,literal_03,5,semantic_margin_delta,even,0.4583333333333333,2,-0.5680012831279615,0.01060044044679026,0.031286805222063216,3,0.25,1.0,2,"12,13",0.46296296296296297,8,8
7,16,matched_betti,0.5,max_full_branch_node_speed,all_interior,coexact,coexact,random_tangent,literal_stable,literal_04,5,semantic_margin_delta,even,0.4583333333333333,2,-0.13505564456591096,0.00892558591952605,0.11017205428074832,3,0.25,1.0,2,"11,12",0.45999999999999996,8,8
7,16,matched_betti,0.5,max_full_branch_node_speed,all_interior,coexact,coexact,random_tangent,literal_stable,literal_05,5,semantic_margin_delta,even,0.4583333333333333,2,0.15160833737030485,0.039401811550671836,0.39959166519126116,3,0.25,1.0,2,"11,12",0.4423076923076923,8,8
7,16,matched_betti,0.5,max_full_branch_node_speed,all_interior,coexact,coexact,random_tangent,metaphor_shift,metaphor_01,5,semantic_margin_delta,even,0.4583333333333333,2,0.08996639294006675,0.012340784775865173,0.22421334764275505,3,0.25,1.0,2,"15,16",0.45588235294117646,8,8
7,16,matched_betti,0.5,max_full_branch_node_speed,all_interior,coexact,coexact,random_tangent,metaphor_shift,metaphor_02,5,semantic_margin_delta,even,0.4583333333333333,2,-0.18322903764444573,0.011081951342351778,0.1009248377320635,3,0.25,1.0,2,"13,14",0.46551724137931033,8,8
7,16,matched_betti,0.5,max_full_branch_node_speed,all_interior,coexact,coexact,random_tangent,metaphor_shift,metaphor_03,5,semantic_margin_delta,even,0.4583333333333333,2,0.0959120648856335,0.0026606860761384274,0.04647828415826201,3,0.25,1.0,2,"13,14",0.45,8,8
7,16,matched_betti,0.5,max_full_branch_node_speed,all_interior,coexact,coexact,random_tangent,metaphor_shift,metaphor_04,5,semantic_margin_delta,even,0.4583333333333333,2,0.21227751254864963,0.0036359839718625594,0.02871693661446534,3,0.25,1.0,2,"12,13",0.4464285714285714,8,8
7,16,matched_betti,0.5,max_full_branch_node_speed,all_interior,coexact,coexact,random_tangent,metaphor_shift,metaphor_05,5,semantic_margin_delta,even,0.4583333333333333,2,0.2562641711123732,0.002421862193188932,0.015849160743498555,3,0.25,1.0,2,"12,13",0.46296296296296297,8,8
7,16,matched_betti,0.5,max_full_branch_node_speed,all_interior,coexact,coexact,random_tangent,ontology_collapse,ontology_01,5,semantic_margin_delta,even,0.4583333333333333,2,0.33285887750572907,0.0397159733972139,0.1962352961357094,3,0.25,1.0,3,"13,14,15",0.4516129032258065,8,8
7,16,matched_betti,0.5,max_full_branch_node_speed,all_interior,coexact,coexact,random_tangent,ontology_collapse,ontology_02,5,semantic_margin_delta,even,0.4583333333333333,2,0.08558211798582217,0.010513052296661381,0.20179816389856595,3,0.25,1.0,2,"12,13",0.4464285714285714,8,8
7,16,matched_betti,0.5,max_full_branch_node_speed,all_interior,coexact,coexact,random_tangent,ontology_collapse,ontology_03,5,semantic_margin_delta,even,0.4583333333333333,2,-0.5390924918266415,0.05200561124485488,0.1597255528396019,3,0.25,1.0,2,"13,14",0.46551724137931033,8,8
7,16,matched_betti,0.5,max_full_branch_node_speed,all_interior,coexact,coexact,random_tangent,ontology_collapse,ontology_04,5,semantic_margin_delta,even,0.4583333333333333,2,-0.14924050842679568,0.005639380638505194,0.0632518846305045,3,0.25,1.0,2,"13,14",0.46551724137931033,8,8
7,16,matched_betti,0.5,max_full_branch_node_speed,all_interior,coexact,coexact,random_tangent,ontology_collapse,ontology_05,5,semantic_margin_delta,even,0.4583333333333333,2,-0.04284061981342834,0.012234246477180773,0.431986000433195,3,0.25,1.0,2,"12,13",0.4464285714285714,8,8
7,16,matched_betti,0.5,max_full_branch_node_speed,all_interior,coexact,coexact,random_tangent,identity_stress,identity_01,6,semantic_margin_delta,even,0.5416666666666666,2,-0.020368304319111852,0.00821087515895097,0.5601190181272481,3,0.25,1.0,3,"17,18,19",0.5294117647058824,8,8
7,16,matched_betti,0.5,max_full_branch_node_speed,all_interior,coexact,coexact,random_tangent,identity_stress,identity_02,6,semantic_margin_delta,even,0.5416666666666666,2,0.11488939687277211,0.013102343695893425,0.18787338989597968,3,0.25,1.0,2,"16,17",0.532258064516129,8,8
7,16,matched_betti,0.5,max_full_branch_node_speed,all_interior,coexact,coexact,random_tangent,identity_stress,identity_03,6,semantic_margin_delta,even,0.5416666666666666,2,0.06738875210541875,0.0037254866396452626,0.09232851785565,3,0.25,1.0,3,"16,17,18",0.5483870967741935,8,8
7,16,matched_betti,0.5,max_full_branch_node_speed,all_interior,coexact,coexact,random_tangent,identity_stress,identity_04,6,semantic_margin_delta,even,0.5416666666666666,2,0.17634583440284018,0.002374106829372072,0.022574786281710432,3,0.25,1.0,3,"14,15,16",0.5357142857142857,8,8
7,16,matched_betti,0.5,max_full_branch_node_speed,all_interior,coexact,coexact,random_tangent,identity_stress,identity_05,6,semantic_margin_delta,even,0.5416666666666666,2,-0.05897150206845764,0.002023193608018581,0.05744823690409191,3,0.25,1.0,3,"14,15,16",0.5357142857142857,8,8
7,16,matched_betti,0.5,max_full_branch_node_speed,all_interior,coexact,coexact,random_tangent,literal_stable,literal_01,6,semantic_margin_delta,even,0.5416666666666666,2,-0.0031344576457040274,0.04475616241737458,0.9991293910622054,3,0.25,1.0,3,"17,18,19",0.5454545454545454,8,8
7,16,matched_betti,0.5,max_full_branch_node_speed,all_interior,coexact,coexact,random_tangent,literal_stable,literal_02,6,semantic_margin_delta,even,0.5416666666666666,2,0.07675272159452555,0.004700751743143773,0.10218647743620234,3,0.25,1.0,3,"14,15,16",0.5357142857142857,8,8
7,16,matched_betti,0.5,max_full_branch_node_speed,all_interior,coexact,coexact,random_tangent,literal_stable,literal_03,6,semantic_margin_delta,even,0.5416666666666666,2,-0.2551051118022427,0.00373797454032903,0.02456887938740039,3,0.25,1.0,2,"14,15",0.537037037037037,8,8
7,16,matched_betti,0.5,max_full_branch_node_speed,all_interior,coexact,coexact,random_tangent,literal_stable,literal_04,6,semantic_margin_delta,even,0.5416666666666666,2,-0.16723159601255758,0.002488891067167661,0.024954655204256763,3,0.25,1.0,2,"13,14",0.54,8,8
7,16,matched_betti,0.5,max_full_branch_node_speed,all_interior,coexact,coexact,random_tangent,literal_stable,literal_05,6,semantic_margin_delta,even,0.5416666666666666,2,-0.15371216379151736,0.0055993845714442944,0.060984888837262455,3,0.25,1.0,3,"13,14,15",0.5384615384615384,8,8
7,16,matched_betti,0.5,max_full_branch_node_speed,all_interior,coexact,coexact,random_tangent,metaphor_shift,metaphor_01,6,semantic_margin_delta,even,0.5416666666666666,2,0.18953611962862119,0.007625845260768551,0.06733000580226782,3,0.25,1.0,3,"17,18,19",0.5294117647058824,8,8
7,16,matched_betti,0.5,max_full_branch_node_speed,all_interior,coexact,coexact,random_tangent,metaphor_shift,metaphor_02,6,semantic_margin_delta,even,0.5416666666666666,2,0.18941743871337677,0.024452655254651467,0.21161984061984343,3,0.25,1.0,1,16,0.5517241379310345,8,8
7,16,matched_betti,0.5,max_full_branch_node_speed,all_interior,coexact,coexact,random_tangent,metaphor_shift,metaphor_03,6,semantic_margin_delta,even,0.5416666666666666,2,0.5051664493161879,0.0034526414914345708,0.011462721449300254,3,0.25,1.0,2,"16,17",0.55,8,8
7,16,matched_betti,0.5,max_full_branch_node_speed,all_interior,coexact,coexact,random_tangent,metaphor_shift,metaphor_04,6,semantic_margin_delta,even,0.5416666666666666,2,0.027463047467274126,0.01605517656589372,0.7001255068049137,3,0.25,1.0,3,"14,15,16",0.5357142857142857,8,8
7,16,matched_betti,0.5,max_full_branch_node_speed,all_interior,coexact,coexact,random_tangent,metaphor_shift,metaphor_05,6,semantic_margin_delta,even,0.5416666666666666,2,0.10610902376171477,0.0006646692530368523,0.01050578693106704,3,0.25,1.0,2,"14,15",0.537037037037037,8,8
7,16,matched_betti,0.5,max_full_branch_node_speed,all_interior,coexact,coexact,random_tangent,ontology_collapse,ontology_01,6,semantic_margin_delta,even,0.5416666666666666,2,0.2813414474292644,0.04405078223489599,0.2540020020590044,3,0.25,1.0,3,"16,17,18",0.5483870967741935,8,8
7,16,matched_betti,0.5,max_full_branch_node_speed,all_interior,coexact,coexact,random_tangent,ontology_collapse,ontology_02,6,semantic_margin_delta,even,0.5416666666666666,2,0.33299194859174586,0.01682188900731024,0.08442808259443504,3,0.25,1.0,3,"14,15,16",0.5357142857142857,8,8
7,16,matched_betti,0.5,max_full_branch_node_speed,all_interior,coexact,coexact,random_tangent,ontology_collapse,ontology_03,6,semantic_margin_delta,even,0.5416666666666666,2,-0.07240749708958946,0.0013719009904865414,0.031762840591287825,3,0.25,1.0,2,"15,16",0.5344827586206897,8,8
7,16,matched_betti,0.5,max_full_branch_node_speed,all_interior,coexact,coexact,random_tangent,ontology_collapse,ontology_04,6,semantic_margin_delta,even,0.5416666666666666,2,-0.22198198849065137,0.025717056647827276,0.19074573087854635,3,0.25,1.0,2,"15,16",0.5344827586206897,8,8
7,16,matched_betti,0.5,max_full_branch_node_speed,all_interior,coexact,coexact,random_tangent,ontology_collapse,ontology_05,6,semantic_margin_delta,even,0.5416666666666666,2,-0.35548390153547643,0.06203499056909351,0.28090988203489825,3,0.25,1.0,2,"15,16",0.5535714285714286,8,8
7,16,matched_betti,0.5,max_full_branch_node_speed,all_interior,coexact,coexact,random_tangent,identity_stress,identity_01,7,semantic_margin_delta,even,0.625,2,-0.13205690524838853,0.020239528237117842,0.24896794756794244,3,0.25,1.0,3,"20,21,22",0.6176470588235294,8,8
7,16,matched_betti,0.5,max_full_branch_node_speed,all_interior,coexact,coexact,random_tangent,identity_stress,identity_02,7,semantic_margin_delta,even,0.625,2,-0.44587948500102365,0.027677179995661754,0.10355296592315082,3,0.25,1.0,2,"19,20",0.6290322580645161,8,8
7,16,matched_betti,0.5,max_full_branch_node_speed,all_interior,coexact,coexact,random_tangent,identity_stress,identity_03,7,semantic_margin_delta,even,0.625,2,0.35256503580396314,0.013022466454633836,0.06183316461186145,3,0.25,1.0,1,19,0.6129032258064516,8,8
7,16,matched_betti,0.5,max_full_branch_node_speed,all_interior,coexact,coexact,random_tangent,identity_stress,identity_04,7,semantic_margin_delta,even,0.625,2,-0.10958493666002882,0.012784752302796408,0.1920354819430756,3,0.25,1.0,2,"17,18",0.625,8,8
7,16,matched_betti,0.5,max_full_branch_node_speed,all_interior,coexact,coexact,random_tangent,identity_stress,identity_05,7,semantic_margin_delta,even,0.625,2,-0.05986544541419982,0.004447405230109295,0.12364718904395414,3,0.25,1.0,1,17,0.6071428571428571,8,8
7,16,matched_betti,0.5,max_full_branch_node_speed,all_interior,coexact,coexact,random_tangent,literal_stable,literal_01,7,semantic_margin_delta,even,0.625,2,-0.12219989484094942,0.026958457305559295,0.34702417952768705,3,0.25,1.0,2,"20,21",0.6212121212121212,8,8
7,16,matched_betti,0.5,max_full_branch_node_speed,all_interior,coexact,coexact,random_tangent,literal_stable,literal_02,7,semantic_margin_delta,even,0.625,2,-0.21314408559025957,0.03185092149668543,0.24311860763002927,3,0.25,1.0,2,"17,18",0.625,8,8
7,16,matched_betti,0.5,max_full_branch_node_speed,all_interior,coexact,coexact,random_tangent,literal_stable,literal_03,7,semantic_margin_delta,even,0.625,2,-0.07490035705481295,0.011243398321372179,0.24415552315801164,3,0.25,1.0,2,"16,17",0.6111111111111112,8,8
7,16,matched_betti,0.5,max_full_branch_node_speed,all_interior,coexact,coexact,random_tangent,literal_stable,literal_04,7,semantic_margin_delta,even,0.625,2,0.24813703071814766,0.011184892621703912,0.07538794105147306,3,0.25,1.0,2,"15,16",0.62,8,8
7,16,matched_betti,0.5,max_full_branch_node_speed,all_interior,coexact,coexact,random_tangent,literal_stable,literal_05,7,semantic_margin_delta,even,0.625,2,-0.29630308165959085,0.016030701691073353,0.09037220897464472,3,0.25,1.0,2,"16,17",0.6346153846153846,8,8
7,16,matched_betti,0.5,max_full_branch_node_speed,all_interior,coexact,coexact,random_tangent,metaphor_shift,metaphor_01,7,semantic_margin_delta,even,0.625,2,0.12032737286968023,0.005730143814661848,0.07961949858199621,3,0.25,1.0,2,"20,21",0.6029411764705883,8,8
7,16,matched_betti,0.5,max_full_branch_node_speed,all_interior,coexact,coexact,random_tangent,metaphor_shift,metaphor_02,7,semantic_margin_delta,even,0.625,2,-0.34675963756808875,0.0024525924952029494,0.011862209332846737,3,0.25,1.0,3,"17,18,19",0.6206896551724138,8,8
7,16,matched_betti,0.5,max_full_branch_node_speed,all_interior,coexact,coexact,random_tangent,metaphor_shift,metaphor_03,7,semantic_margin_delta,even,0.625,2,0.026474255004848825,0.0032110281805967627,0.19934900362707952,3,0.25,1.0,2,"18,19",0.6166666666666667,8,8
7,16,matched_betti,0.5,max_full_branch_node_speed,all_interior,coexact,coexact,random_tangent,metaphor_shift,metaphor_04,7,semantic_margin_delta,even,0.625,2,0.10306205278255172,0.008371615120582147,0.13499449696311053,3,0.25,1.0,2,"17,18",0.625,8,8
7,16,matched_betti,0.5,max_full_branch_node_speed,all_interior,coexact,coexact,random_tangent,metaphor_shift,metaphor_05,7,semantic_margin_delta,even,0.625,2,0.5521725521332655,0.007194251083828801,0.02184773344980762,3,0.25,1.0,2,"16,17",0.6111111111111112,8,8
7,16,matched_betti,0.5,max_full_branch_node_speed,all_interior,coexact,coexact,random_tangent,ontology_collapse,ontology_01,7,semantic_margin_delta,even,0.625,2,0.20640998055989007,0.049040150256870564,0.370183288313175,3,0.25,1.0,2,"19,20",0.6290322580645161,8,8
7,16,matched_betti,0.5,max_full_branch_node_speed,all_interior,coexact,coexact,random_tangent,ontology_collapse,ontology_02,7,semantic_margin_delta,even,0.625,2,0.5850082040334182,0.005071345474791419,0.014538333433995075,3,0.25,1.0,2,"17,18",0.625,8,8
7,16,matched_betti,0.5,max_full_branch_node_speed,all_interior,coexact,coexact,random_tangent,ontology_collapse,ontology_03,7,semantic_margin_delta,even,0.625,2,-0.15151896868059403,0.025532166137142803,0.2719769667770504,3,0.25,1.0,3,"17,18,19",0.6206896551724138,8,8
7,16,matched_betti,0.5,max_full_branch_node_speed,all_interior,coexact,coexact,random_tangent,ontology_collapse,ontology_04,7,semantic_margin_delta,even,0.625,2,-0.15057978322831833,0.0007947805780838199,0.008852437049448375,3,0.25,1.0,3,"17,18,19",0.6206896551724138,8,8
7,16,matched_betti,0.5,max_full_branch_node_speed,all_interior,coexact,coexact,random_tangent,ontology_collapse,ontology_05,7,semantic_margin_delta,even,0.625,2,0.1223513667133513,0.018454410223944354,0.24525607806757435,3,0.25,1.0,2,"17,18",0.625,8,8
7,16,matched_betti,0.5,max_full_branch_node_speed,all_interior,coexact,coexact,random_tangent,identity_stress,identity_01,8,semantic_margin_delta,even,0.7083333333333334,2,-0.17805992584120076,0.013235914145028546,0.1237193361581277,3,0.25,1.0,3,"23,24,25",0.7058823529411765,8,8
7,16,matched_betti,0.5,max_full_branch_node_speed,all_interior,coexact,coexact,random_tangent,identity_stress,identity_02,8,semantic_margin_delta,even,0.7083333333333334,2,-0.18604846183169424,0.00555727314175637,0.05003692285313088,3,0.25,1.0,3,"21,22,23",0.7096774193548386,8,8
7,16,matched_betti,0.5,max_full_branch_node_speed,all_interior,coexact,coexact,random_tangent,identity_stress,identity_03,8,semantic_margin_delta,even,0.7083333333333334,2,0.023922321907336976,0.009037811264192317,0.5352515832393995,3,0.25,1.0,2,"21,22",0.6935483870967744,8,8
7,16,matched_betti,0.5,max_full_branch_node_speed,all_interior,coexact,coexact,random_tangent,identity_stress,identity_04,8,semantic_margin_delta,even,0.7083333333333334,2,0.02036230722786996,0.004653190368704531,0.35789759428436224,3,0.25,1.0,2,"19,20",0.6964285714285715,8,8
7,16,matched_betti,0.5,max_full_branch_node_speed,all_interior,coexact,coexact,random_tangent,identity_stress,identity_05,8,semantic_margin_delta,even,0.7083333333333334,2,-0.048893534172682655,0.02119987525649074,0.5881574005897084,3,0.25,1.0,2,"19,20",0.6964285714285715,8,8
7,16,matched_betti,0.5,max_full_branch_node_speed,all_interior,coexact,coexact,random_tangent,literal_stable,literal_01,8,semantic_margin_delta,even,0.7083333333333334,2,-0.16078110680197133,0.007635952439160296,0.07940611841242116,3,0.25,1.0,3,"22,23,24",0.6969696969696969,8,8
7,16,matched_betti,0.5,max_full_branch_node_speed,all_interior,coexact,coexact,random_tangent,literal_stable,literal_02,8,semantic_margin_delta,even,0.7083333333333334,2,-0.07694703051706217,0.009991058737075573,0.2127927245784111,3,0.25,1.0,2,"19,20",0.6964285714285715,8,8
7,16,matched_betti,0.5,max_full_branch_node_speed,all_interior,coexact,coexact,random_tangent,literal_stable,literal_03,8,semantic_margin_delta,even,0.7083333333333334,2,-0.030147546594985856,0.0075175430128485085,0.3858500526961856,3,0.25,1.0,3,"18,19,20",0.7037037037037037,8,8
7,16,matched_betti,0.5,max_full_branch_node_speed,all_interior,coexact,coexact,random_tangent,literal_stable,literal_04,8,semantic_margin_delta,even,0.7083333333333334,2,0.24996616878658884,0.04830712905976134,0.3083438883675006,3,0.25,1.0,2,"17,18",0.6999999999999998,8,8
7,16,matched_betti,0.5,max_full_branch_node_speed,all_interior,coexact,coexact,random_tangent,literal_stable,literal_05,8,semantic_margin_delta,even,0.7083333333333334,2,-0.07435353051977334,0.028946322286910058,0.5467334617823881,3,0.25,1.0,2,"18,19",0.7115384615384613,8,8
7,16,matched_betti,0.5,max_full_branch_node_speed,all_interior,coexact,coexact,random_tangent,metaphor_shift,metaphor_01,8,semantic_margin_delta,even,0.7083333333333334,2,-0.13946203998437676,0.009602972243690649,0.11472861076524153,3,0.25,1.0,3,"23,24,25",0.7058823529411765,8,8
7,16,matched_betti,0.5,max_full_branch_node_speed,all_interior,coexact,coexact,random_tangent,metaphor_shift,metaphor_02,8,semantic_margin_delta,even,0.7083333333333334,2,0.18528436925629757,0.0029037596219780005,0.026276721637194175,3,0.25,1.0,2,"20,21",0.7068965517241379,8,8
7,16,matched_betti,0.5,max_full_branch_node_speed,all_interior,coexact,coexact,random_tangent,metaphor_shift,metaphor_03,8,semantic_margin_delta,even,0.7083333333333334,2,0.3003754585743375,0.025679541720036694,0.1419392887862757,3,0.25,1.0,3,"20,21,22",0.6999999999999998,8,8
7,16,matched_betti,0.5,max_full_branch_node_speed,all_interior,coexact,coexact,random_tangent,metaphor_shift,metaphor_04,8,semantic_margin_delta,even,0.7083333333333334,2,0.01060377585115946,0.01918615973941874,0.9497660668811707,3,0.25,1.0,2,"19,20",0.6964285714285715,8,8
7,16,matched_betti,0.5,max_full_branch_node_speed,all_interior,coexact,coexact,random_tangent,metaphor_shift,metaphor_05,8,semantic_margin_delta,even,0.7083333333333334,2,0.041009297506189424,0.014958335498880784,0.5218697110851807,3,0.25,1.0,3,"18,19,20",0.7037037037037037,8,8
7,16,matched_betti,0.5,max_full_branch_node_speed,all_interior,coexact,coexact,random_tangent,ontology_collapse,ontology_01,8,semantic_margin_delta,even,0.7083333333333334,2,-0.3901185649495492,0.10240789996528443,0.40295887290900195,3,0.25,1.0,2,"21,23",0.7096774193548386,8,8
7,16,matched_betti,0.5,max_full_branch_node_speed,all_interior,coexact,coexact,random_tangent,ontology_collapse,ontology_02,8,semantic_margin_delta,even,0.7083333333333334,2,-0.0314958576968161,0.012324755733466268,0.5487048773597011,3,0.25,1.0,2,"19,20",0.6964285714285715,8,8
7,16,matched_betti,0.5,max_full_branch_node_speed,all_interior,coexact,coexact,random_tangent,ontology_collapse,ontology_03,8,semantic_margin_delta,even,0.7083333333333334,2,0.2517989624148875,0.012125492773228205,0.08050683609203758,3,0.25,1.0,2,"20,21",0.7068965517241379,8,8
7,16,matched_betti,0.5,max_full_branch_node_speed,all_interior,coexact,coexact,random_tangent,ontology_collapse,ontology_04,8,semantic_margin_delta,even,0.7083333333333334,2,-0.0975640464979131,0.004049359848905583,0.06944581519665169,3,0.25,1.0,2,"20,21",0.7068965517241379,8,8
7,16,matched_betti,0.5,max_full_branch_node_speed,all_interior,coexact,coexact,random_tangent,ontology_collapse,ontology_05,8,semantic_margin_delta,even,0.7083333333333334,2,0.05137443360906421,0.005685328250456151,0.18249568207480482,3,0.25,1.0,2,"19,20",0.6964285714285715,8,8
7,16,matched_betti,0.5,max_full_branch_node_speed,all_interior,coexact,coexact,random_tangent,identity_stress,identity_01,9,semantic_margin_delta,even,0.7916666666666666,2,0.003735226555858963,0.00755823146673235,0.9592287367003755,3,0.25,1.0,3,"26,27,28",0.7941176470588235,8,8
7,16,matched_betti,0.5,max_full_branch_node_speed,all_interior,coexact,coexact,random_tangent,identity_stress,identity_02,9,semantic_margin_delta,even,0.7916666666666666,2,-0.035603243585878235,0.025794702870429828,0.7721595700647607,3,0.25,1.0,2,"24,25",0.7903225806451614,8,8
7,16,matched_betti,0.5,max_full_branch_node_speed,all_interior,coexact,coexact,random_tangent,identity_stress,identity_03,9,semantic_margin_delta,even,0.7916666666666666,2,-0.11417863598845317,0.010193036604926544,0.1480823667405334,3,0.25,1.0,2,"24,25",0.7903225806451614,8,8
7,16,matched_betti,0.5,max_full_branch_node_speed,all_interior,coexact,coexact,random_tangent,identity_stress,identity_04,9,semantic_margin_delta,even,0.7916666666666666,2,0.03737480168631002,0.05290097302492103,0.9215779734636197,3,0.25,1.0,3,"21,22,23",0.7857142857142857,8,8
7,16,matched_betti,0.5,max_full_branch_node_speed,all_interior,coexact,coexact,random_tangent,identity_stress,identity_05,9,semantic_margin_delta,even,0.7916666666666666,2,0.005799321303059127,0.006977015789531086,0.8960079927887983,3,0.25,1.0,3,"21,22,23",0.7857142857142857,8,8
7,16,matched_betti,0.5,max_full_branch_node_speed,all_interior,coexact,coexact,random_tangent,literal_stable,literal_01,9,semantic_margin_delta,even,0.7916666666666666,2,0.03824496261072406,0.025890220653098383,0.7504444730010598,3,0.25,1.0,2,"25,26",0.7727272727272728,8,8
7,16,matched_betti,0.5,max_full_branch_node_speed,all_interior,coexact,coexact,random_tangent,literal_stable,literal_02,9,semantic_margin_delta,even,0.7916666666666666,2,-0.24382504999464535,0.013331826909863908,0.09132547795870254,3,0.25,1.0,1,21,0.75,8,8
7,16,matched_betti,0.5,max_full_branch_node_speed,all_interior,coexact,coexact,random_tangent,literal_stable,literal_03,9,semantic_margin_delta,even,0.7916666666666666,2,-0.051685631147772144,0.013529388625453621,0.4020047961401724,3,0.25,1.0,2,"21,22",0.7962962962962963,8,8
7,16,matched_betti,0.5,max_full_branch_node_speed,all_interior,coexact,coexact,random_tangent,literal_stable,literal_04,9,semantic_margin_delta,even,0.7916666666666666,2,-0.37002824476957985,0.03325014530477633,0.14903237080746237,3,0.25,1.0,2,"19,20",0.7799999999999999,8,8
7,16,matched_betti,0.5,max_full_branch_node_speed,all_interior,coexact,coexact,random_tangent,literal_stable,literal_05,9,semantic_margin_delta,even,0.7916666666666666,2,-0.011985508566301867,0.00916449491796235,0.7886025310869265,3,0.25,1.0,2,"20,21",0.7884615384615387,8,8
7,16,matched_betti,0.5,max_full_branch_node_speed,all_interior,coexact,coexact,random_tangent,metaphor_shift,metaphor_01,9,semantic_margin_delta,even,0.7916666666666666,2,-0.2323896303940641,0.005274748616466628,0.038042567251796985,3,0.25,1.0,3,"26,27,28",0.7941176470588235,8,8
7,16,matched_betti,0.5,max_full_branch_node_speed,all_interior,coexact,coexact,random_tangent,metaphor_shift,metaphor_02,9,semantic_margin_delta,even,0.7916666666666666,2,-0.13436597985054952,0.0017777923537661946,0.022186259287791152,3,0.25,1.0,3,"22,23,24",0.7931034482758621,8,8
7,16,matched_betti,0.5,max_full_branch_node_speed,all_interior,coexact,coexact,random_tangent,metaphor_shift,metaphor_03,9,semantic_margin_delta,even,0.7916666666666666,2,-0.13132224666856657,0.013615240286785851,0.17132361275940003,3,0.25,1.0,2,"23,24",0.7833333333333335,8,8
7,16,matched_betti,0.5,max_full_branch_node_speed,all_interior,coexact,coexact,random_tangent,metaphor_shift,metaphor_04,9,semantic_margin_delta,even,0.7916666666666666,2,-0.1570106590963887,0.008490168833367598,0.09032492181034806,3,0.25,1.0,3,"21,22,23",0.7857142857142857,8,8
7,16,matched_betti,0.5,max_full_branch_node_speed,all_interior,coexact,coexact,random_tangent,metaphor_shift,metaphor_05,9,semantic_margin_delta,even,0.7916666666666666,2,0.048874252539604306,0.0008405482735817824,0.02883375542096524,3,0.25,1.0,2,"21,22",0.7962962962962963,8,8
7,16,matched_betti,0.5,max_full_branch_node_speed,all_interior,coexact,coexact,random_tangent,ontology_collapse,ontology_01,9,semantic_margin_delta,even,0.7916666666666666,2,-0.015087491560374732,0.004120962376215062,0.4164957273247565,3,0.25,1.0,2,"24,25",0.7903225806451614,8,8
7,16,matched_betti,0.5,max_full_branch_node_speed,all_interior,coexact,coexact,random_tangent,ontology_collapse,ontology_02,9,semantic_margin_delta,even,0.7916666666666666,2,-0.18078903275625743,0.0010079964129243227,0.009351196921119421,3,0.25,1.0,3,"21,22,23",0.7857142857142857,8,8
7,16,matched_betti,0.5,max_full_branch_node_speed,all_interior,coexact,coexact,random_tangent,ontology_collapse,ontology_03,9,semantic_margin_delta,even,0.7916666666666666,2,0.10813392124733,0.021632693326171553,0.3181123665052364,3,0.25,1.0,2,"22,23",0.7758620689655172,8,8
7,16,matched_betti,0.5,max_full_branch_node_speed,all_interior,coexact,coexact,random_tangent,ontology_collapse,ontology_04,9,semantic_margin_delta,even,0.7916666666666666,2,-0.12034661430071426,0.009992273945718487,0.13793001403647215,3,0.25,1.0,3,"22,23,24",0.7931034482758621,8,8
7,16,matched_betti,0.5,max_full_branch_node_speed,all_interior,coexact,coexact,random_tangent,ontology_collapse,ontology_05,9,semantic_margin_delta,even,0.7916666666666666,2,0.19422610354590591,0.006510338026928129,0.05613192819671772,3,0.25,1.0,3,"21,22,23",0.7857142857142857,8,8
7,16,matched_betti,0.5,max_full_branch_node_speed,all_interior,coexact,coexact,random_tangent,identity_stress,identity_01,10,semantic_margin_delta,even,0.875,2,0.11301015557173438,0.0013085357061890898,0.019417150910178687,3,0.25,1.0,3,"29,30,31",0.8823529411764706,8,8
7,16,matched_betti,0.5,max_full_branch_node_speed,all_interior,coexact,coexact,random_tangent,identity_stress,identity_02,10,semantic_margin_delta,even,0.875,2,0.4115271808558434,0.03830343085320932,0.15424452504552788,3,0.25,1.0,1,26,0.8387096774193549,8,8
7,16,matched_betti,0.5,max_full_branch_node_speed,all_interior,coexact,coexact,random_tangent,identity_stress,identity_03,10,semantic_margin_delta,even,0.875,2,0.34037809238459893,0.01181148628274426,0.05810424796038904,3,0.25,1.0,3,"26,27,28",0.8709677419354839,8,8
7,16,matched_betti,0.5,max_full_branch_node_speed,all_interior,coexact,coexact,random_tangent,identity_stress,identity_04,10,semantic_margin_delta,even,0.875,2,0.4901505747173415,0.018347055229005167,0.06265877701056986,3,0.25,1.0,1,24,0.8571428571428571,8,8
7,16,matched_betti,0.5,max_full_branch_node_speed,all_interior,coexact,coexact,random_tangent,identity_stress,identity_05,10,semantic_margin_delta,even,0.875,2,0.12067472910304189,0.03495667411086436,0.4370115633267432,3,0.25,1.0,2,"24,25",0.875,8,8
7,16,matched_betti,0.5,max_full_branch_node_speed,all_interior,coexact,coexact,random_tangent,literal_stable,literal_01,10,semantic_margin_delta,even,0.875,2,-0.3323787917956554,0.0014291374961302634,0.0072115513826273925,3,0.25,1.0,2,"29,30",0.8939393939393939,8,8
7,16,matched_betti,0.5,max_full_branch_node_speed,all_interior,coexact,coexact,random_tangent,literal_stable,literal_03,10,semantic_margin_delta,even,0.875,2,0.19271872703814114,0.01255555977869692,0.10862604242696466,3,0.25,1.0,2,"23,24",0.8703703703703703,8,8
7,16,matched_betti,0.5,max_full_branch_node_speed,all_interior,coexact,coexact,random_tangent,literal_stable,literal_04,10,semantic_margin_delta,even,0.875,2,-0.1083868317563775,0.025035190146156544,0.3612501492127757,3,0.25,1.0,2,"21,22",0.86,8,8
7,16,matched_betti,0.5,max_full_branch_node_speed,all_interior,coexact,coexact,random_tangent,literal_stable,literal_05,10,semantic_margin_delta,even,0.875,2,0.049547085078788015,0.0029592732185712194,0.09967768755419668,3,0.25,1.0,2,"22,23",0.8653846153846154,8,8
7,16,matched_betti,0.5,max_full_branch_node_speed,all_interior,coexact,coexact,random_tangent,metaphor_shift,metaphor_01,10,semantic_margin_delta,even,0.875,2,-0.08752271450364357,0.02217149302114184,0.39105255099574154,3,0.25,1.0,3,"29,30,31",0.8823529411764706,8,8
7,16,matched_betti,0.5,max_full_branch_node_speed,all_interior,coexact,coexact,random_tangent,metaphor_shift,metaphor_02,10,semantic_margin_delta,even,0.875,2,0.1502849553732351,0.022709233392454106,0.24567867501558724,3,0.25,1.0,1,26,0.896551724137931,8,8
7,16,matched_betti,0.5,max_full_branch_node_speed,all_interior,coexact,coexact,random_tangent,metaphor_shift,metaphor_03,10,semantic_margin_delta,even,0.875,2,-0.2267954358253938,0.007153580102192523,0.05283010951834229,3,0.25,1.0,2,"25,27",0.8666666666666667,8,8
7,16,matched_betti,0.5,max_full_branch_node_speed,all_interior,coexact,coexact,random_tangent,metaphor_shift,metaphor_04,10,semantic_margin_delta,even,0.875,2,-0.3029935188703121,0.03643538779708078,0.1977109777360111,3,0.25,1.0,2,"24,25",0.875,8,8
7,16,matched_betti,0.5,max_full_branch_node_speed,all_interior,coexact,coexact,random_tangent,metaphor_shift,metaphor_05,10,semantic_margin_delta,even,0.875,2,-0.11674197342802212,0.005276002297464645,0.07558456307484931,3,0.25,1.0,1,23,0.8518518518518517,8,8
7,16,matched_betti,0.5,max_full_branch_node_speed,all_interior,coexact,coexact,random_tangent,ontology_collapse,ontology_01,10,semantic_margin_delta,even,0.875,2,-0.13968217062889082,0.014058831936537234,0.1664584379194073,3,0.25,1.0,3,"26,27,28",0.8709677419354839,8,8
7,16,matched_betti,0.5,max_full_branch_node_speed,all_interior,coexact,coexact,random_tangent,ontology_collapse,ontology_02,10,semantic_margin_delta,even,0.875,2,0.08420218445228243,0.007179842879981069,0.14157746026432838,3,0.25,1.0,2,"24,25",0.875,8,8
7,16,matched_betti,0.5,max_full_branch_node_speed,all_interior,coexact,coexact,random_tangent,ontology_collapse,ontology_03,10,semantic_margin_delta,even,0.875,2,0.08553955539164933,0.004011059627658433,0.07840655351592926,3,0.25,1.0,2,"25,26",0.8793103448275862,8,8
7,16,matched_betti,0.5,max_full_branch_node_speed,all_interior,coexact,coexact,random_tangent,ontology_collapse,ontology_04,10,semantic_margin_delta,even,0.875,2,-0.10140235712269736,0.014914189877555063,0.23950949292091128,3,0.25,1.0,2,"25,26",0.8793103448275862,8,8
7,16,matched_betti,0.5,max_full_branch_node_speed,all_interior,coexact,coexact,random_tangent,ontology_collapse,ontology_05,10,semantic_margin_delta,even,0.875,2,-0.1662054408131065,0.01224957630349062,0.12268232544405792,3,0.25,1.0,2,"24,25",0.875,8,8
7,16,matched_betti,0.5,max_full_branch_node_speed,all_interior,coexact,coexact,random_tangent,identity_stress,identity_01,11,semantic_margin_delta,even,0.9583333333333334,2,-0.05597113945317667,0.0026802102079261634,0.08005855337430075,3,0.25,1.0,2,"32,33",0.9558823529411763,8,8
7,16,matched_betti,0.5,max_full_branch_node_speed,all_interior,coexact,coexact,random_tangent,identity_stress,identity_02,11,semantic_margin_delta,even,0.9583333333333334,2,0.08398437461858282,0.00601903432490258,0.11934724012081642,3,0.25,1.0,2,"29,30",0.9516129032258065,8,8
7,16,matched_betti,0.5,max_full_branch_node_speed,all_interior,coexact,coexact,random_tangent,identity_stress,identity_03,11,semantic_margin_delta,even,0.9583333333333334,2,0.17555770737984572,0.016631188244164652,0.15692367351786884,3,0.25,1.0,1,29,0.9354838709677419,8,8
7,16,matched_betti,0.5,max_full_branch_node_speed,all_interior,coexact,coexact,random_tangent,identity_stress,identity_04,11,semantic_margin_delta,even,0.9583333333333334,2,0.029529723718784772,0.014244829964075832,0.6289947690400245,3,0.25,1.0,1,26,0.9285714285714285,8,8
7,16,matched_betti,0.5,max_full_branch_node_speed,all_interior,coexact,coexact,random_tangent,identity_stress,identity_05,11,semantic_margin_delta,even,0.9583333333333334,2,0.013008337843142594,0.010980714645809755,0.8168054152524772,3,0.25,1.0,2,"26,27",0.9464285714285715,8,8
7,16,matched_betti,0.5,max_full_branch_node_speed,all_interior,coexact,coexact,random_tangent,literal_stable,literal_02,11,semantic_margin_delta,even,0.9583333333333334,2,0.13923092976817739,0.03252982030456743,0.36485836792575643,3,0.25,1.0,2,"26,27",0.9464285714285715,8,8
7,16,matched_betti,0.5,max_full_branch_node_speed,all_interior,coexact,coexact,random_tangent,literal_stable,literal_03,11,semantic_margin_delta,even,0.9583333333333334,2,0.1578613728112724,0.01899793379587656,0.19785995388665126,3,0.25,1.0,1,25,0.9259259259259259,8,8
7,16,matched_betti,0.5,max_full_branch_node_speed,all_interior,coexact,coexact,random_tangent,literal_stable,literal_04,11,semantic_margin_delta,even,0.9583333333333334,2,-0.20993987839329656,0.00377957571735059,0.030182102721564987,3,0.25,1.0,2,"23,24",0.94,8,8
7,16,matched_betti,0.5,max_full_branch_node_speed,all_interior,coexact,coexact,random_tangent,literal_stable,literal_05,11,semantic_margin_delta,even,0.9583333333333334,2,0.9062503628513385,0.04411522246076478,0.08137609032340223,3,0.25,1.0,1,25,0.9615384615384616,8,8
7,16,matched_betti,0.5,max_full_branch_node_speed,all_interior,coexact,coexact,random_tangent,metaphor_shift,metaphor_01,11,semantic_margin_delta,even,0.9583333333333334,2,0.13099868231054432,0.006397569763279703,0.0816385515662454,3,0.25,1.0,1,32,0.9411764705882352,8,8
7,16,matched_betti,0.5,max_full_branch_node_speed,all_interior,coexact,coexact,random_tangent,metaphor_shift,metaphor_02,11,semantic_margin_delta,even,0.9583333333333334,2,0.23386517215386834,0.013750747054095127,0.09814277379985388,3,0.25,1.0,2,"27,28",0.9482758620689656,8,8
7,16,matched_betti,0.5,max_full_branch_node_speed,all_interior,coexact,coexact,random_tangent,metaphor_shift,metaphor_03,11,semantic_margin_delta,even,0.9583333333333334,2,-0.05440817086207464,0.007882153572474916,0.23611495090654933,3,0.25,1.0,2,"28,29",0.9499999999999998,8,8
7,16,matched_betti,0.5,max_full_branch_node_speed,all_interior,coexact,coexact,random_tangent,metaphor_shift,metaphor_04,11,semantic_margin_delta,even,0.9583333333333334,2,0.04522665683714673,0.007681343645443137,0.27396758997215753,3,0.25,1.0,1,26,0.9285714285714285,8,8
7,16,matched_betti,0.5,max_full_branch_node_speed,all_interior,coexact,coexact,random_tangent,metaphor_shift,metaphor_05,11,semantic_margin_delta,even,0.9583333333333334,2,-0.2047493036661111,0.033776405330888416,0.26666862442567113,3,0.25,1.0,2,"25,26",0.9444444444444443,8,8
7,16,matched_betti,0.5,max_full_branch_node_speed,all_interior,coexact,coexact,random_tangent,ontology_collapse,ontology_01,11,semantic_margin_delta,even,0.9583333333333334,2,0.10743478272404276,0.00828225407246961,0.12823379423322417,3,0.25,1.0,1,29,0.9354838709677419,8,8
7,16,matched_betti,0.5,max_full_branch_node_speed,all_interior,coexact,coexact,random_tangent,ontology_collapse,ontology_02,11,semantic_margin_delta,even,0.9583333333333334,2,0.23394670966239822,0.01288992061128281,0.0920207975258122,3,0.25,1.0,2,"26,27",0.9464285714285715,8,8
7,16,matched_betti,0.5,max_full_branch_node_speed,all_interior,coexact,coexact,random_tangent,ontology_collapse,ontology_03,11,semantic_margin_delta,even,0.9583333333333334,2,0.15590386124698702,0.01527309131275131,0.1621378727037219,3,0.25,1.0,2,"27,28",0.9482758620689656,8,8
7,16,matched_betti,0.5,max_full_branch_node_speed,all_interior,coexact,coexact,random_tangent,ontology_collapse,ontology_04,11,semantic_margin_delta,even,0.9583333333333334,2,0.07916100552023217,0.015457514014600094,0.3112447118564361,3,0.25,1.0,2,"27,28",0.9482758620689656,8,8
7,16,matched_betti,0.5,max_full_branch_node_speed,all_interior,coexact,coexact,random_tangent,ontology_collapse,ontology_05,11,semantic_margin_delta,even,0.9583333333333334,2,0.8297093214026011,0.026536830896111634,0.053567131180967405,3,0.25,1.0,1,26,0.9285714285714285,8,8
7,16,matched_betti,0.5,max_full_branch_node_speed,all_interior,coexact,coexact,random_tangent,identity_stress,identity_01,0,semantic_margin_delta,odd,0.041666666666666664,1,0.19220756820443516,0.04814448314822825,0.3541492788448932,3,0.25,1.0,2,"1,2",0.04411764705882352,8,8
7,16,matched_betti,0.5,max_full_branch_node_speed,all_interior,coexact,coexact,random_tangent,identity_stress,identity_02,0,semantic_margin_delta,odd,0.041666666666666664,1,0.12948407011026347,0.042635778233498144,0.4456487821113275,3,0.25,1.0,2,"1,2",0.04838709677419354,8,8
7,16,matched_betti,0.5,max_full_branch_node_speed,all_interior,coexact,coexact,random_tangent,identity_stress,identity_03,0,semantic_margin_delta,odd,0.041666666666666664,1,-0.1763720920585806,0.03347082745177737,0.27578465761418824,3,0.25,1.0,2,"1,2",0.04838709677419354,8,8
7,16,matched_betti,0.5,max_full_branch_node_speed,all_interior,coexact,coexact,random_tangent,identity_stress,identity_04,0,semantic_margin_delta,odd,0.041666666666666664,1,0.117155970382352,0.005947581295750718,0.07652644096064606,3,0.25,1.0,2,"1,2",0.05357142857142857,8,8
7,16,matched_betti,0.5,max_full_branch_node_speed,all_interior,coexact,coexact,random_tangent,identity_stress,identity_05,0,semantic_margin_delta,odd,0.041666666666666664,1,0.2631779970515546,0.005798429747479401,0.033291318320418706,3,0.25,1.0,2,"1,2",0.05357142857142857,8,8
7,16,matched_betti,0.5,max_full_branch_node_speed,all_interior,coexact,coexact,random_tangent,literal_stable,literal_01,0,semantic_margin_delta,odd,0.041666666666666664,1,-0.934958676585362,0.004102671042864797,0.006634003468789408,3,0.25,1.0,2,"1,2",0.04545454545454545,8,8
7,16,matched_betti,0.5,max_full_branch_node_speed,all_interior,coexact,coexact,random_tangent,literal_stable,literal_02,0,semantic_margin_delta,odd,0.041666666666666664,1,0.2588900250435428,0.006914389965514193,0.04034556214589241,3,0.25,1.0,2,"1,2",0.05357142857142857,8,8
7,16,matched_betti,0.5,max_full_branch_node_speed,all_interior,coexact,coexact,random_tangent,literal_stable,literal_03,0,semantic_margin_delta,odd,0.041666666666666664,1,-0.15190738057776768,0.010984950058780384,0.10868012012014319,3,0.25,1.0,2,"1,2",0.05555555555555555,8,8
7,16,matched_betti,0.5,max_full_branch_node_speed,all_interior,coexact,coexact,random_tangent,literal_stable,literal_04,0,semantic_margin_delta,odd,0.041666666666666664,1,-0.2858857116512687,0.06055324646942224,0.3049705558619918,3,0.25,1.0,2,"1,2",0.06,8,8
7,16,matched_betti,0.5,max_full_branch_node_speed,all_interior,coexact,coexact,random_tangent,literal_stable,literal_05,0,semantic_margin_delta,odd,0.041666666666666664,1,-0.2841430477666118,0.06391642287274885,0.3219741502058476,3,0.25,1.0,2,"1,2",0.05769230769230769,8,8
7,16,matched_betti,0.5,max_full_branch_node_speed,all_interior,coexact,coexact,random_tangent,metaphor_shift,metaphor_01,0,semantic_margin_delta,odd,0.041666666666666664,1,0.29455711103497817,0.036274794540069634,0.1830402137743013,3,0.25,1.0,2,"1,2",0.04411764705882352,8,8
7,16,matched_betti,0.5,max_full_branch_node_speed,all_interior,coexact,coexact,random_tangent,metaphor_shift,metaphor_02,0,semantic_margin_delta,odd,0.041666666666666664,1,-0.6068672013716506,0.010413444312797625,0.025933767330534856,3,0.25,1.0,2,"1,2",0.05172413793103448,8,8
7,16,matched_betti,0.5,max_full_branch_node_speed,all_interior,coexact,coexact,random_tangent,metaphor_shift,metaphor_03,0,semantic_margin_delta,odd,0.041666666666666664,1,-0.24197153740943886,0.027582751200761698,0.1698356034940294,3,0.25,1.0,2,"1,2",0.05000000000000001,8,8
7,16,matched_betti,0.5,max_full_branch_node_speed,all_interior,coexact,coexact,random_tangent,metaphor_shift,metaphor_04,0,semantic_margin_delta,odd,0.041666666666666664,1,0.06295004973091535,0.05039837126862767,0.7709309034433905,3,0.25,1.0,2,"1,2",0.05357142857142857,8,8
7,16,matched_betti,0.5,max_full_branch_node_speed,all_interior,coexact,coexact,random_tangent,metaphor_shift,metaphor_05,0,semantic_margin_delta,odd,0.041666666666666664,1,0.1185693394327277,0.02558909398318972,0.310188431850381,3,0.25,1.0,2,"1,2",0.05555555555555555,8,8
7,16,matched_betti,0.5,max_full_branch_node_speed,all_interior,coexact,coexact,random_tangent,ontology_collapse,ontology_01,0,semantic_margin_delta,odd,0.041666666666666664,1,0.8531578904836353,0.02322365372411154,0.04111919900823441,3,0.25,1.0,2,"1,2",0.04838709677419354,8,8
7,16,matched_betti,0.5,max_full_branch_node_speed,all_interior,coexact,coexact,random_tangent,ontology_collapse,ontology_02,0,semantic_margin_delta,odd,0.041666666666666664,1,-0.1028467110708702,0.03156754270264278,0.42093265996473944,3,0.25,1.0,2,"1,2",0.05357142857142857,8,8
7,16,matched_betti,0.5,max_full_branch_node_speed,all_interior,coexact,coexact,random_tangent,ontology_collapse,ontology_03,0,semantic_margin_delta,odd,0.041666666666666664,1,0.11912829061434574,0.009988711443934562,0.12576035431596874,3,0.25,1.0,2,"1,2",0.05172413793103448,8,8
7,16,matched_betti,0.5,max_full_branch_node_speed,all_interior,coexact,coexact,random_tangent,ontology_collapse,ontology_04,0,semantic_margin_delta,odd,0.041666666666666664,1,-0.362594603982985,0.007559080759374237,0.03150235463627755,3,0.25,1.0,2,"1,2",0.05172413793103448,8,8
7,16,matched_betti,0.5,max_full_branch_node_speed,all_interior,coexact,coexact,random_tangent,ontology_collapse,ontology_05,0,semantic_margin_delta,odd,0.041666666666666664,1,0.11975511663818822,0.07135214786369129,0.6692892917293463,3,0.25,1.0,2,"1,2",0.05357142857142857,8,8
7,16,matched_betti,0.5,max_full_branch_node_speed,all_interior,coexact,coexact,random_tangent,identity_stress,identity_01,1,semantic_margin_delta,odd,0.125,1,-0.7537795904422578,0.025164307079565813,0.050407958403102034,3,0.25,1.0,3,"3,4,5",0.11764705882352942,8,8
7,16,matched_betti,0.5,max_full_branch_node_speed,all_interior,coexact,coexact,random_tangent,identity_stress,identity_02,1,semantic_margin_delta,odd,0.125,1,0.04065981096650865,0.010542216491061442,0.3649547421073907,3,0.25,1.0,3,"3,4,5",0.12903225806451613,8,8
7,16,matched_betti,0.5,max_full_branch_node_speed,all_interior,coexact,coexact,random_tangent,identity_stress,identity_03,1,semantic_margin_delta,odd,0.125,1,-0.052101831777118586,0.018692775894928182,0.4767917216782456,3,0.25,1.0,3,"3,4,5",0.12903225806451613,8,8
7,16,matched_betti,0.5,max_full_branch_node_speed,all_interior,coexact,coexact,random_tangent,identity_stress,identity_04,1,semantic_margin_delta,odd,0.125,1,0.5531529893965802,0.06736283640848048,0.18107031496150539,3,0.25,1.0,2,"3,4",0.125,8,8
7,16,matched_betti,0.5,max_full_branch_node_speed,all_interior,coexact,coexact,random_tangent,identity_stress,identity_05,1,semantic_margin_delta,odd,0.125,1,-0.2206754298420445,0.145846266616567,0.7068236719917341,3,0.25,1.0,2,"3,4",0.125,8,8
7,16,matched_betti,0.5,max_full_branch_node_speed,all_interior,coexact,coexact,random_tangent,literal_stable,literal_01,1,semantic_margin_delta,odd,0.125,1,-0.30674040384062357,0.013290686672853593,0.06536685432893588,3,0.25,1.0,3,"3,4,5",0.12121212121212122,8,8
7,16,matched_betti,0.5,max_full_branch_node_speed,all_interior,coexact,coexact,random_tangent,literal_stable,literal_02,1,semantic_margin_delta,odd,0.125,1,0.3660134879766354,0.026615227627803953,0.10927865082513288,3,0.25,1.0,2,"3,4",0.125,8,8
7,16,matched_betti,0.5,max_full_branch_node_speed,all_interior,coexact,coexact,random_tangent,literal_stable,literal_03,1,semantic_margin_delta,odd,0.125,1,0.3176669514423422,0.04139599135495117,0.19329837974856562,3,0.25,1.0,2,"3,4",0.12962962962962962,8,8
7,16,matched_betti,0.5,max_full_branch_node_speed,all_interior,coexact,coexact,random_tangent,literal_stable,literal_04,1,semantic_margin_delta,odd,0.125,1,-0.033649346013572806,0.030479639632738045,0.8076010096581623,3,0.25,1.0,2,"3,4",0.14,8,8
7,16,matched_betti,0.5,max_full_branch_node_speed,all_interior,coexact,coexact,random_tangent,literal_stable,literal_05,1,semantic_margin_delta,odd,0.125,1,0.18070662117343103,0.03823706071860202,0.3046938888048514,3,0.25,1.0,2,"3,4",0.13461538461538464,8,8
7,16,matched_betti,0.5,max_full_branch_node_speed,all_interior,coexact,coexact,random_tangent,metaphor_shift,metaphor_01,1,semantic_margin_delta,odd,0.125,1,0.8823357430981893,0.011176902863316148,0.019147802799048628,3,0.25,1.0,2,"3,5",0.1176470588235294,8,8
7,16,matched_betti,0.5,max_full_branch_node_speed,all_interior,coexact,coexact,random_tangent,metaphor_shift,metaphor_02,1,semantic_margin_delta,odd,0.125,1,0.32267988557335103,0.05562065295332195,0.25217806374746243,3,0.25,1.0,2,"3,4",0.12068965517241377,8,8
7,16,matched_betti,0.5,max_full_branch_node_speed,all_interior,coexact,coexact,random_tangent,metaphor_shift,metaphor_03,1,semantic_margin_delta,odd,0.125,1,-0.43111571527483694,0.0035815884858370417,0.01255910087372658,3,0.25,1.0,2,"3,4",0.11666666666666665,8,8
7,16,matched_betti,0.5,max_full_branch_node_speed,all_interior,coexact,coexact,random_tangent,metaphor_shift,metaphor_04,1,semantic_margin_delta,odd,0.125,1,-0.09073013982020091,0.05081469716404576,0.6462017264115903,3,0.25,1.0,2,"3,4",0.125,8,8
7,16,matched_betti,0.5,max_full_branch_node_speed,all_interior,coexact,coexact,random_tangent,metaphor_shift,metaphor_05,1,semantic_margin_delta,odd,0.125,1,0.07916189385239217,0.06467205167459852,0.7772031094205147,3,0.25,1.0,2,"3,4",0.12962962962962962,8,8
7,16,matched_betti,0.5,max_full_branch_node_speed,all_interior,coexact,coexact,random_tangent,ontology_collapse,ontology_01,1,semantic_margin_delta,odd,0.125,1,0.26897294414416956,0.009913859860266687,0.05563805098369987,3,0.25,1.0,3,"3,4,5",0.12903225806451613,8,8
7,16,matched_betti,0.5,max_full_branch_node_speed,all_interior,coexact,coexact,random_tangent,ontology_collapse,ontology_02,1,semantic_margin_delta,odd,0.125,1,-0.0288050994138702,0.018606179521406047,0.6986719749884958,3,0.25,1.0,2,"3,4",0.125,8,8
7,16,matched_betti,0.5,max_full_branch_node_speed,all_interior,coexact,coexact,random_tangent,ontology_collapse,ontology_03,1,semantic_margin_delta,odd,0.125,1,-0.18637688753359832,0.055858858978768806,0.4127248206919469,3,0.25,1.0,2,"3,4",0.12068965517241377,8,8
7,16,matched_betti,0.5,max_full_branch_node_speed,all_interior,coexact,coexact,random_tangent,ontology_collapse,ontology_04,1,semantic_margin_delta,odd,0.125,1,-0.4323417425411402,0.03947920487739093,0.13675792269553946,3,0.25,1.0,2,"3,4",0.12068965517241377,8,8
7,16,matched_betti,0.5,max_full_branch_node_speed,all_interior,coexact,coexact,random_tangent,ontology_collapse,ontology_05,1,semantic_margin_delta,odd,0.125,1,-0.511416954803275,0.008536532278904638,0.025227783240324014,3,0.25,1.0,2,"3,4",0.125,8,8
7,16,matched_betti,0.5,max_full_branch_node_speed,all_interior,coexact,coexact,random_tangent,identity_stress,identity_01,2,semantic_margin_delta,odd,0.20833333333333334,1,-0.18700198469805868,0.03965902328560673,0.30532153635851816,3,0.25,1.0,3,"6,7,8",0.2058823529411765,8,8
7,16,matched_betti,0.5,max_full_branch_node_speed,all_interior,coexact,coexact,random_tangent,identity_stress,identity_02,2,semantic_margin_delta,odd,0.20833333333333334,1,0.8889600489532199,0.042327988745057506,0.07180157482976267,3,0.25,1.0,2,"6,7",0.20967741935483866,8,8
7,16,matched_betti,0.5,max_full_branch_node_speed,all_interior,coexact,coexact,random_tangent,identity_stress,identity_03,2,semantic_margin_delta,odd,0.20833333333333334,1,-0.23179807408009986,0.00555860131419883,0.03623109327598748,3,0.25,1.0,2,"6,7",0.20967741935483866,8,8
7,16,matched_betti,0.5,max_full_branch_node_speed,all_interior,coexact,coexact,random_tangent,identity_stress,identity_04,2,semantic_margin_delta,odd,0.20833333333333334,1,-0.6237667409076882,0.018458231415376572,0.04469352976967107,3,0.25,1.0,2,"5,6",0.19642857142857142,8,8
7,16,matched_betti,0.5,max_full_branch_node_speed,all_interior,coexact,coexact,random_tangent,identity_stress,identity_05,2,semantic_margin_delta,odd,0.20833333333333334,1,-0.7178239075930906,0.0552475503132849,0.11558079454289909,3,0.25,1.0,2,"5,6",0.19642857142857142,8,8
7,16,matched_betti,0.5,max_full_branch_node_speed,all_interior,coexact,coexact,random_tangent,literal_stable,literal_01,2,semantic_margin_delta,odd,0.20833333333333334,1,0.26783195271847027,0.008758995293502991,0.04938245637622155,3,0.25,1.0,3,"6,7,8",0.21212121212121213,8,8
7,16,matched_betti,0.5,max_full_branch_node_speed,all_interior,coexact,coexact,random_tangent,literal_stable,literal_02,2,semantic_margin_delta,odd,0.20833333333333334,1,-0.978300632300735,0.06071305784264749,0.09341519277699337,3,0.25,1.0,2,"5,6",0.19642857142857142,8,8
7,16,matched_betti,0.5,max_full_branch_node_speed,all_interior,coexact,coexact,random_tangent,literal_stable,literal_03,2,semantic_margin_delta,odd,0.20833333333333334,1,0.1910601767160133,0.08089661127992669,0.5391339608540568,3,0.25,1.0,2,"5,6",0.2037037037037037,8,8
7,16,matched_betti,0.5,max_full_branch_node_speed,all_interior,coexact,coexact,random_tangent,literal_stable,literal_04,2,semantic_margin_delta,odd,0.20833333333333334,1,0.45620532952282095,0.03884114476682792,0.12766571947162053,3,0.25,1.0,2,"5,6",0.22,8,8
7,16,matched_betti,0.5,max_full_branch_node_speed,all_interior,coexact,coexact,random_tangent,literal_stable,literal_05,2,semantic_margin_delta,odd,0.20833333333333334,1,0.10804892929292939,0.0023459706469049816,0.032807959684522825,3,0.25,1.0,2,"5,6",0.21153846153846156,8,8
7,16,matched_betti,0.5,max_full_branch_node_speed,all_interior,coexact,coexact,random_tangent,metaphor_shift,metaphor_01,2,semantic_margin_delta,odd,0.20833333333333334,1,-0.20812745607516803,0.036012365999804036,0.25308101905192615,3,0.25,1.0,3,"6,7,8",0.2058823529411765,8,8
7,16,matched_betti,0.5,max_full_branch_node_speed,all_interior,coexact,coexact,random_tangent,metaphor_shift,metaphor_02,2,semantic_margin_delta,odd,0.20833333333333334,1,-0.17645478200092465,0.054215135073948956,0.4212810447037115,3,0.25,1.0,3,"5,6,7",0.20689655172413793,8,8
7,16,matched_betti,0.5,max_full_branch_node_speed,all_interior,coexact,coexact,random_tangent,metaphor_shift,metaphor_03,2,semantic_margin_delta,odd,0.20833333333333334,1,0.2715603218404071,0.04024331934020043,0.21862664255748654,3,0.25,1.0,3,"5,6,7",0.19999999999999998,8,8
7,16,matched_betti,0.5,max_full_branch_node_speed,all_interior,coexact,coexact,random_tangent,metaphor_shift,metaphor_04,2,semantic_margin_delta,odd,0.20833333333333334,1,-0.3035079906858236,0.020985073791527864,0.10396602391262479,3,0.25,1.0,2,"5,6",0.19642857142857142,8,8
7,16,matched_betti,0.5,max_full_branch_node_speed,all_interior,coexact,coexact,random_tangent,metaphor_shift,metaphor_05,2,semantic_margin_delta,odd,0.20833333333333334,1,0.47653004904616836,0.09267729622699453,0.2820903598301462,3,0.25,1.0,2,"5,6",0.2037037037037037,8,8
7,16,matched_betti,0.5,max_full_branch_node_speed,all_interior,coexact,coexact,random_tangent,ontology_collapse,ontology_01,2,semantic_margin_delta,odd,0.20833333333333334,1,-0.6099062896054392,0.02917485609048644,0.07213131195285617,3,0.25,1.0,2,"6,7",0.20967741935483866,8,8
7,16,matched_betti,0.5,max_full_branch_node_speed,all_interior,coexact,coexact,random_tangent,ontology_collapse,ontology_02,2,semantic_margin_delta,odd,0.20833333333333334,1,-0.09443689732451643,0.001695346617474264,0.02713112890379146,3,0.25,1.0,2,"5,6",0.19642857142857142,8,8
7,16,matched_betti,0.5,max_full_branch_node_speed,all_interior,coexact,coexact,random_tangent,ontology_collapse,ontology_03,2,semantic_margin_delta,odd,0.20833333333333334,1,-0.03940915406912236,0.014278435342011016,0.4804132640160467,3,0.25,1.0,3,"5,6,7",0.20689655172413793,8,8
7,16,matched_betti,0.5,max_full_branch_node_speed,all_interior,coexact,coexact,random_tangent,ontology_collapse,ontology_04,2,semantic_margin_delta,odd,0.20833333333333334,1,-0.2540956657494024,0.032816397647718695,0.1916371952947931,3,0.25,1.0,3,"5,6,7",0.20689655172413793,8,8
7,16,matched_betti,0.5,max_full_branch_node_speed,all_interior,coexact,coexact,random_tangent,ontology_collapse,ontology_05,2,semantic_margin_delta,odd,0.20833333333333334,1,-0.11157720989326846,0.07221301073336295,0.699373339554157,3,0.25,1.0,2,"5,6",0.19642857142857142,8,8
7,16,matched_betti,0.5,max_full_branch_node_speed,all_interior,coexact,coexact,random_tangent,identity_stress,identity_01,3,semantic_margin_delta,odd,0.2916666666666667,1,-0.10197786869767561,0.027328302319156724,0.3755031721134574,3,0.25,1.0,3,"9,10,11",0.29411764705882354,8,8
7,16,matched_betti,0.5,max_full_branch_node_speed,all_interior,coexact,coexact,random_tangent,identity_stress,identity_02,3,semantic_margin_delta,odd,0.2916666666666667,1,0.06483706773240318,0.04781828035644998,0.7444601106145444,3,0.25,1.0,3,"8,9,10",0.2903225806451613,8,8
7,16,matched_betti,0.5,max_full_branch_node_speed,all_interior,coexact,coexact,random_tangent,identity_stress,identity_03,3,semantic_margin_delta,odd,0.2916666666666667,1,0.13754075571812407,0.0012630784544320863,0.01388251139261155,3,0.25,1.0,3,"8,9,10",0.2903225806451613,8,8
7,16,matched_betti,0.5,max_full_branch_node_speed,all_interior,coexact,coexact,random_tangent,identity_stress,identity_04,3,semantic_margin_delta,odd,0.2916666666666667,1,0.6900184222559973,0.0019348922256527032,0.004239387964058725,3,0.25,1.0,3,"7,8,9",0.28571428571428575,8,8
7,16,matched_betti,0.5,max_full_branch_node_speed,all_interior,coexact,coexact,random_tangent,identity_stress,identity_05,3,semantic_margin_delta,odd,0.2916666666666667,1,0.05836719693464326,0.009869215502577647,0.24767290074085052,3,0.25,1.0,3,"7,8,9",0.28571428571428575,8,8
7,16,matched_betti,0.5,max_full_branch_node_speed,all_interior,coexact,coexact,random_tangent,literal_stable,literal_01,3,semantic_margin_delta,odd,0.2916666666666667,1,0.2090345072718169,0.025774814783728603,0.18326116704768122,3,0.25,1.0,2,"9,10",0.28787878787878785,8,8
7,16,matched_betti,0.5,max_full_branch_node_speed,all_interior,coexact,coexact,random_tangent,literal_stable,literal_02,3,semantic_margin_delta,odd,0.2916666666666667,1,0.1369511501773409,0.04111726579072733,0.41332314696462774,3,0.25,1.0,3,"7,8,9",0.28571428571428575,8,8
7,16,matched_betti,0.5,max_full_branch_node_speed,all_interior,coexact,coexact,random_tangent,literal_stable,literal_03,3,semantic_margin_delta,odd,0.2916666666666667,1,-0.27976710747679184,0.015071427308456654,0.08117700605792808,3,0.25,1.0,2,"7,8",0.2777777777777778,8,8
7,16,matched_betti,0.5,max_full_branch_node_speed,all_interior,coexact,coexact,random_tangent,literal_stable,literal_04,3,semantic_margin_delta,odd,0.2916666666666667,1,0.599504869986098,0.03551878409794037,0.08921565375010396,3,0.25,1.0,2,"7,8",0.30000000000000004,8,8
7,16,matched_betti,0.5,max_full_branch_node_speed,all_interior,coexact,coexact,random_tangent,literal_stable,literal_05,3,semantic_margin_delta,odd,0.2916666666666667,1,0.2749904774334816,0.01466167399302978,0.08034715445459278,3,0.25,1.0,2,"7,8",0.28846153846153844,8,8
7,16,matched_betti,0.5,max_full_branch_node_speed,all_interior,coexact,coexact,random_tangent,metaphor_shift,metaphor_01,3,semantic_margin_delta,odd,0.2916666666666667,1,-0.14651972589255682,0.010117405949248611,0.10383177211498294,3,0.25,1.0,3,"9,10,11",0.29411764705882354,8,8
7,16,matched_betti,0.5,max_full_branch_node_speed,all_interior,coexact,coexact,random_tangent,metaphor_shift,metaphor_02,3,semantic_margin_delta,odd,0.2916666666666667,1,-1.0842563222578376,0.029511052978822595,0.04111462513557436,3,0.25,1.0,2,"8,9",0.2931034482758621,8,8
7,16,matched_betti,0.5,max_full_branch_node_speed,all_interior,coexact,coexact,random_tangent,metaphor_shift,metaphor_03,3,semantic_margin_delta,odd,0.2916666666666667,1,0.42869834416524455,0.048350748539082763,0.16808880226167028,3,0.25,1.0,2,"8,9",0.2833333333333333,8,8
7,16,matched_betti,0.5,max_full_branch_node_speed,all_interior,coexact,coexact,random_tangent,metaphor_shift,metaphor_04,3,semantic_margin_delta,odd,0.2916666666666667,1,0.4124437944849906,0.012544589303877883,0.045935026855230446,3,0.25,1.0,3,"7,8,9",0.28571428571428575,8,8
7,16,matched_betti,0.5,max_full_branch_node_speed,all_interior,coexact,coexact,random_tangent,metaphor_shift,metaphor_05,3,semantic_margin_delta,odd,0.2916666666666667,1,-0.6710743252919096,0.026993476130826397,0.06070124180518004,3,0.25,1.0,2,"7,8",0.2777777777777778,8,8
7,16,matched_betti,0.5,max_full_branch_node_speed,all_interior,coexact,coexact,random_tangent,ontology_collapse,ontology_01,3,semantic_margin_delta,odd,0.2916666666666667,1,-0.3157795215075954,0.05293849163895637,0.2456852229340016,3,0.25,1.0,3,"8,9,10",0.2903225806451613,8,8
7,16,matched_betti,0.5,max_full_branch_node_speed,all_interior,coexact,coexact,random_tangent,ontology_collapse,ontology_02,3,semantic_margin_delta,odd,0.2916666666666667,1,-0.4947191377178658,0.0706727834219919,0.2111079896250564,3,0.25,1.0,3,"7,8,9",0.28571428571428575,8,8
7,16,matched_betti,0.5,max_full_branch_node_speed,all_interior,coexact,coexact,random_tangent,ontology_collapse,ontology_03,3,semantic_margin_delta,odd,0.2916666666666667,1,0.23998143393468468,0.08052724856654744,0.45242355547468016,3,0.25,1.0,2,"8,9",0.2931034482758621,8,8
7,16,matched_betti,0.5,max_full_branch_node_speed,all_interior,coexact,coexact,random_tangent,ontology_collapse,ontology_04,3,semantic_margin_delta,odd,0.2916666666666667,1,-0.27143675718576576,0.019163238727920938,0.10613321971175796,3,0.25,1.0,2,"8,9",0.2931034482758621,8,8
7,16,matched_betti,0.5,max_full_branch_node_speed,all_interior,coexact,coexact,random_tangent,ontology_collapse,ontology_05,3,semantic_margin_delta,odd,0.2916666666666667,1,-0.05815544824707661,0.0035757319321838223,0.09255868539378524,3,0.25,1.0,3,"7,8,9",0.28571428571428575,8,8
7,16,matched_betti,0.5,max_full_branch_node_speed,all_interior,coexact,coexact,random_tangent,identity_stress,identity_01,4,semantic_margin_delta,odd,0.375,1,-0.2298167853586952,0.01591806342475973,0.10414807141168952,3,0.25,1.0,3,"12,13,14",0.38235294117647056,8,8
7,16,matched_betti,0.5,max_full_branch_node_speed,all_interior,coexact,coexact,random_tangent,identity_stress,identity_02,4,semantic_margin_delta,odd,0.375,1,0.1103974708768769,0.026957406947057883,0.34632641200326225,3,0.25,1.0,2,"11,12",0.3709677419354838,8,8
7,16,matched_betti,0.5,max_full_branch_node_speed,all_interior,coexact,coexact,random_tangent,identity_stress,identity_03,4,semantic_margin_delta,odd,0.375,1,0.3263693264793521,0.02352194861711603,0.10832083306048625,3,0.25,1.0,2,"11,12",0.3709677419354838,8,8
7,16,matched_betti,0.5,max_full_branch_node_speed,all_interior,coexact,coexact,random_tangent,identity_stress,identity_04,4,semantic_margin_delta,odd,0.375,1,-0.9456557891449586,0.0030005077946894596,0.0047969771331581165,3,0.25,1.0,2,"10,11",0.375,8,8
7,16,matched_betti,0.5,max_full_branch_node_speed,all_interior,coexact,coexact,random_tangent,identity_stress,identity_05,4,semantic_margin_delta,odd,0.375,1,-0.5660495798999017,0.009152170786700444,0.024437169491078888,3,0.25,1.0,2,"10,11",0.375,8,8
7,16,matched_betti,0.5,max_full_branch_node_speed,all_interior,coexact,coexact,random_tangent,literal_stable,literal_01,4,semantic_margin_delta,odd,0.375,1,-0.21931732155866696,0.041294646065192175,0.2737866376674932,3,0.25,1.0,3,"11,12,13",0.3636363636363636,8,8
7,16,matched_betti,0.5,max_full_branch_node_speed,all_interior,coexact,coexact,random_tangent,literal_stable,literal_02,4,semantic_margin_delta,odd,0.375,1,-0.23824103735034713,0.050907466990001364,0.3074112221922121,3,0.25,1.0,2,"10,11",0.375,8,8
7,16,matched_betti,0.5,max_full_branch_node_speed,all_interior,coexact,coexact,random_tangent,literal_stable,literal_03,4,semantic_margin_delta,odd,0.375,1,0.03778053054170532,0.03183777756077056,0.7866294114274011,3,0.25,1.0,3,"9,10,11",0.3703703703703704,8,8
7,16,matched_betti,0.5,max_full_branch_node_speed,all_interior,coexact,coexact,random_tangent,literal_stable,literal_04,4,semantic_margin_delta,odd,0.375,1,-0.862749530501292,0.042728399015306354,0.07466702389100559,3,0.25,1.0,2,"9,10",0.38000000000000006,8,8
7,16,matched_betti,0.5,max_full_branch_node_speed,all_interior,coexact,coexact,random_tangent,literal_stable,literal_05,4,semantic_margin_delta,odd,0.375,1,0.8566224196626868,0.03894847519009928,0.06857855629215132,3,0.25,1.0,2,"9,10",0.3653846153846154,8,8
7,16,matched_betti,0.5,max_full_branch_node_speed,all_interior,coexact,coexact,random_tangent,metaphor_shift,metaphor_01,4,semantic_margin_delta,odd,0.375,1,-0.38240415863217453,0.053857232506865554,0.20825909458741101,3,0.25,1.0,3,"12,13,14",0.38235294117647056,8,8
7,16,matched_betti,0.5,max_full_branch_node_speed,all_interior,coexact,coexact,random_tangent,metaphor_shift,metaphor_02,4,semantic_margin_delta,odd,0.375,1,0.6285573606644134,0.07630605205176826,0.1805222391523557,3,0.25,1.0,3,"10,11,12",0.37931034482758624,8,8
7,16,matched_betti,0.5,max_full_branch_node_speed,all_interior,coexact,coexact,random_tangent,metaphor_shift,metaphor_03,4,semantic_margin_delta,odd,0.375,1,0.43537549474521803,0.011404742147786652,0.039572377898134774,3,0.25,1.0,3,"10,11,12",0.3666666666666667,8,8
7,16,matched_betti,0.5,max_full_branch_node_speed,all_interior,coexact,coexact,random_tangent,metaphor_shift,metaphor_04,4,semantic_margin_delta,odd,0.375,1,0.6262842175633481,0.0434929168912317,0.10441849569603999,3,0.25,1.0,2,"10,11",0.375,8,8
7,16,matched_betti,0.5,max_full_branch_node_speed,all_interior,coexact,coexact,random_tangent,metaphor_shift,metaphor_05,4,semantic_margin_delta,odd,0.375,1,0.18783702403039734,0.01718077558141129,0.13698068656766013,3,0.25,1.0,3,"9,10,11",0.3703703703703704,8,8
7,16,matched_betti,0.5,max_full_branch_node_speed,all_interior,coexact,coexact,random_tangent,ontology_collapse,ontology_01,4,semantic_margin_delta,odd,0.375,1,0.0796449674608554,0.09457058420770832,0.8736038369536815,3,0.25,1.0,1,12,0.3870967741935483,8,8
7,16,matched_betti,0.5,max_full_branch_node_speed,all_interior,coexact,coexact,random_tangent,ontology_collapse,ontology_02,4,semantic_margin_delta,odd,0.375,1,0.37946928768292804,0.03590851064880895,0.14162246732643402,3,0.25,1.0,2,"10,11",0.375,8,8
7,16,matched_betti,0.5,max_full_branch_node_speed,all_interior,coexact,coexact,random_tangent,ontology_collapse,ontology_03,4,semantic_margin_delta,odd,0.375,1,-0.5467802040781243,0.0061264943361601975,0.01693744591477627,3,0.25,1.0,3,"10,11,12",0.37931034482758624,8,8
7,16,matched_betti,0.5,max_full_branch_node_speed,all_interior,coexact,coexact,random_tangent,ontology_collapse,ontology_04,4,semantic_margin_delta,odd,0.375,1,-0.13376669655276094,0.02057967474951071,0.2265480995589888,3,0.25,1.0,3,"10,11,12",0.37931034482758624,8,8
7,16,matched_betti,0.5,max_full_branch_node_speed,all_interior,coexact,coexact,random_tangent,ontology_collapse,ontology_05,4,semantic_margin_delta,odd,0.375,1,-0.17383058918599867,0.03257681404979545,0.27260007805102293,3,0.25,1.0,2,"10,11",0.375,8,8
7,16,matched_betti,0.5,max_full_branch_node_speed,all_interior,coexact,coexact,random_tangent,identity_stress,identity_01,5,semantic_margin_delta,odd,0.4583333333333333,1,-0.3931088291909294,0.011149001743088518,0.04283860239482197,3,0.25,1.0,2,"15,16",0.45588235294117646,8,8
7,16,matched_betti,0.5,max_full_branch_node_speed,all_interior,coexact,coexact,random_tangent,identity_stress,identity_02,5,semantic_margin_delta,odd,0.4583333333333333,1,-0.08106250796977285,0.043046545250227525,0.6260446832032286,3,0.25,1.0,2,"13,15",0.4516129032258065,8,8
7,16,matched_betti,0.5,max_full_branch_node_speed,all_interior,coexact,coexact,random_tangent,identity_stress,identity_03,5,semantic_margin_delta,odd,0.4583333333333333,1,0.3351336467795991,0.013286341650430057,0.059830089347882774,3,0.25,1.0,3,"13,14,15",0.4516129032258065,8,8
7,16,matched_betti,0.5,max_full_branch_node_speed,all_interior,coexact,coexact,random_tangent,identity_stress,identity_04,5,semantic_margin_delta,odd,0.4583333333333333,1,0.5007188954215449,0.05429586973249406,0.16177996783845577,3,0.25,1.0,1,13,0.46428571428571425,8,8
7,16,matched_betti,0.5,max_full_branch_node_speed,all_interior,coexact,coexact,random_tangent,identity_stress,identity_05,5,semantic_margin_delta,odd,0.4583333333333333,1,-0.020090734297634777,0.025363474703885655,0.8857864277896358,3,0.25,1.0,2,"12,13",0.4464285714285714,8,8
7,16,matched_betti,0.5,max_full_branch_node_speed,all_interior,coexact,coexact,random_tangent,literal_stable,literal_01,5,semantic_margin_delta,odd,0.4583333333333333,1,-0.43447351522174604,0.034067165604995744,0.11772083937666357,3,0.25,1.0,3,"14,15,16",0.4545454545454546,8,8
7,16,matched_betti,0.5,max_full_branch_node_speed,all_interior,coexact,coexact,random_tangent,literal_stable,literal_02,5,semantic_margin_delta,odd,0.4583333333333333,1,-0.759533190735458,0.07685674732777556,0.15122466578346083,3,0.25,1.0,2,"12,13",0.4464285714285714,8,8
7,16,matched_betti,0.5,max_full_branch_node_speed,all_interior,coexact,coexact,random_tangent,literal_stable,literal_03,5,semantic_margin_delta,odd,0.4583333333333333,1,-0.8690213971082399,0.048565970089982806,0.08419143387278194,3,0.25,1.0,2,"12,13",0.46296296296296297,8,8
7,16,matched_betti,0.5,max_full_branch_node_speed,all_interior,coexact,coexact,random_tangent,literal_stable,literal_04,5,semantic_margin_delta,odd,0.4583333333333333,1,0.15880526255767144,0.016998277684771173,0.15974877593392864,3,0.25,1.0,2,"11,12",0.45999999999999996,8,8
7,16,matched_betti,0.5,max_full_branch_node_speed,all_interior,coexact,coexact,random_tangent,literal_stable,literal_05,5,semantic_margin_delta,odd,0.4583333333333333,1,-0.309839766012907,0.11524455664475228,0.49015123064380195,3,0.25,1.0,2,"11,12",0.4423076923076923,8,8
7,16,matched_betti,0.5,max_full_branch_node_speed,all_interior,coexact,coexact,random_tangent,metaphor_shift,metaphor_01,5,semantic_margin_delta,odd,0.4583333333333333,1,-0.3552231111448721,0.03255677811755151,0.1372528778547451,3,0.25,1.0,2,"15,16",0.45588235294117646,8,8
7,16,matched_betti,0.5,max_full_branch_node_speed,all_interior,coexact,coexact,random_tangent,metaphor_shift,metaphor_02,5,semantic_margin_delta,odd,0.4583333333333333,1,-0.3001018838375838,0.010767960637124306,0.05416735633886244,3,0.25,1.0,2,"13,14",0.46551724137931033,8,8
7,16,matched_betti,0.5,max_full_branch_node_speed,all_interior,coexact,coexact,random_tangent,metaphor_shift,metaphor_03,5,semantic_margin_delta,odd,0.4583333333333333,1,0.462592221463872,0.0013285306364561396,0.004341903087741115,3,0.25,1.0,2,"13,14",0.45,8,8
7,16,matched_betti,0.5,max_full_branch_node_speed,all_interior,coexact,coexact,random_tangent,metaphor_shift,metaphor_04,5,semantic_margin_delta,odd,0.4583333333333333,1,-0.5245195553864789,0.010399845506781876,0.02996271339416367,3,0.25,1.0,2,"12,13",0.4464285714285714,8,8
7,16,matched_betti,0.5,max_full_branch_node_speed,all_interior,coexact,coexact,random_tangent,metaphor_shift,metaphor_05,5,semantic_margin_delta,odd,0.4583333333333333,1,-0.3305844116166332,0.009801462034494163,0.044779948734316385,3,0.25,1.0,2,"12,13",0.46296296296296297,8,8
7,16,matched_betti,0.5,max_full_branch_node_speed,all_interior,coexact,coexact,random_tangent,ontology_collapse,ontology_01,5,semantic_margin_delta,odd,0.4583333333333333,1,0.3005424112193016,0.036908451327287164,0.18254575211470878,3,0.25,1.0,3,"13,14,15",0.4516129032258065,8,8
7,16,matched_betti,0.5,max_full_branch_node_speed,all_interior,coexact,coexact,random_tangent,ontology_collapse,ontology_02,5,semantic_margin_delta,odd,0.4583333333333333,1,-1.061937110443615,0.04035181754180844,0.05735348446161589,3,0.25,1.0,2,"12,13",0.4464285714285714,8,8
7,16,matched_betti,0.5,max_full_branch_node_speed,all_interior,coexact,coexact,random_tangent,ontology_collapse,ontology_03,5,semantic_margin_delta,odd,0.4583333333333333,1,0.7022335668195795,0.1316379552856874,0.27266814613361046,3,0.25,1.0,2,"13,14",0.46551724137931033,8,8
7,16,matched_betti,0.5,max_full_branch_node_speed,all_interior,coexact,coexact,random_tangent,ontology_collapse,ontology_04,5,semantic_margin_delta,odd,0.4583333333333333,1,-0.020111605307731678,0.04205444186863125,0.9534378561421973,3,0.25,1.0,2,"13,14",0.46551724137931033,8,8
7,16,matched_betti,0.5,max_full_branch_node_speed,all_interior,coexact,coexact,random_tangent,ontology_collapse,ontology_05,5,semantic_margin_delta,odd,0.4583333333333333,1,-0.6526059925468278,0.029609230719923687,0.06843333770955673,3,0.25,1.0,2,"12,13",0.4464285714285714,8,8
7,16,matched_betti,0.5,max_full_branch_node_speed,all_interior,coexact,coexact,random_tangent,identity_stress,identity_01,6,semantic_margin_delta,odd,0.5416666666666666,1,-0.6249048057190956,0.05315492519288042,0.1275495184516123,3,0.25,1.0,3,"17,18,19",0.5294117647058824,8,8
7,16,matched_betti,0.5,max_full_branch_node_speed,all_interior,coexact,coexact,random_tangent,identity_stress,identity_02,6,semantic_margin_delta,odd,0.5416666666666666,1,0.4548968683246041,0.01603715621862947,0.05322422818618995,3,0.25,1.0,2,"16,17",0.532258064516129,8,8
7,16,matched_betti,0.5,max_full_branch_node_speed,all_interior,coexact,coexact,random_tangent,identity_stress,identity_03,6,semantic_margin_delta,odd,0.5416666666666666,1,0.09973411208804006,0.0023885801954375576,0.0361844996538478,3,0.25,1.0,3,"16,17,18",0.5483870967741935,8,8
7,16,matched_betti,0.5,max_full_branch_node_speed,all_interior,coexact,coexact,random_tangent,identity_stress,identity_04,6,semantic_margin_delta,odd,0.5416666666666666,1,-0.45062903801232135,0.04970318103725443,0.16448269992372402,3,0.25,1.0,3,"14,15,16",0.5357142857142857,8,8
7,16,matched_betti,0.5,max_full_branch_node_speed,all_interior,coexact,coexact,random_tangent,identity_stress,identity_05,6,semantic_margin_delta,odd,0.5416666666666666,1,-0.6769099149250061,0.08461009943457476,0.18568762533798627,3,0.25,1.0,3,"14,15,16",0.5357142857142857,8,8
7,16,matched_betti,0.5,max_full_branch_node_speed,all_interior,coexact,coexact,random_tangent,literal_stable,literal_01,6,semantic_margin_delta,odd,0.5416666666666666,1,0.27413484397826593,0.009472893436608247,0.052172004147755045,3,0.25,1.0,3,"17,18,19",0.5454545454545454,8,8
7,16,matched_betti,0.5,max_full_branch_node_speed,all_interior,coexact,coexact,random_tangent,literal_stable,literal_02,6,semantic_margin_delta,odd,0.5416666666666666,1,0.37580224515026067,0.0017661573045766126,0.0071050971477261814,3,0.25,1.0,3,"14,15,16",0.5357142857142857,8,8
7,16,matched_betti,0.5,max_full_branch_node_speed,all_interior,coexact,coexact,random_tangent,literal_stable,literal_03,6,semantic_margin_delta,odd,0.5416666666666666,1,-0.27059991187067733,0.06330907780509398,0.3334659147278733,3,0.25,1.0,2,"14,15",0.537037037037037,8,8
7,16,matched_betti,0.5,max_full_branch_node_speed,all_interior,coexact,coexact,random_tangent,literal_stable,literal_04,6,semantic_margin_delta,odd,0.5416666666666666,1,0.7774279019289471,0.06246226877990038,0.12058353665324438,3,0.25,1.0,2,"13,14",0.54,8,8
7,16,matched_betti,0.5,max_full_branch_node_speed,all_interior,coexact,coexact,random_tangent,literal_stable,literal_05,6,semantic_margin_delta,odd,0.5416666666666666,1,0.5345454391749913,0.01730094601122793,0.04887388730200533,3,0.25,1.0,3,"13,14,15",0.5384615384615384,8,8
7,16,matched_betti,0.5,max_full_branch_node_speed,all_interior,coexact,coexact,random_tangent,metaphor_shift,metaphor_01,6,semantic_margin_delta,odd,0.5416666666666666,1,0.06620696827038591,0.046145705492458215,0.7253653146240046,3,0.25,1.0,3,"17,18,19",0.5294117647058824,8,8
7,16,matched_betti,0.5,max_full_branch_node_speed,all_interior,coexact,coexact,random_tangent,metaphor_shift,metaphor_02,6,semantic_margin_delta,odd,0.5416666666666666,1,0.2031790899412727,0.05646534462608031,0.3873572940093414,3,0.25,1.0,1,16,0.5517241379310345,8,8
7,16,matched_betti,0.5,max_full_branch_node_speed,all_interior,coexact,coexact,random_tangent,metaphor_shift,metaphor_03,6,semantic_margin_delta,odd,0.5416666666666666,1,-0.9662041512224071,0.02081277492396265,0.032549316969860145,3,0.25,1.0,2,"16,17",0.55,8,8
7,16,matched_betti,0.5,max_full_branch_node_speed,all_interior,coexact,coexact,random_tangent,metaphor_shift,metaphor_04,6,semantic_margin_delta,odd,0.5416666666666666,1,-0.16401128495983372,0.1025343472517704,0.6868994133250175,3,0.25,1.0,3,"14,15,16",0.5357142857142857,8,8
7,16,matched_betti,0.5,max_full_branch_node_speed,all_interior,coexact,coexact,random_tangent,metaphor_shift,metaphor_05,6,semantic_margin_delta,odd,0.5416666666666666,1,0.37984465897560643,0.02913821773021819,0.1152037663644073,3,0.25,1.0,2,"14,15",0.537037037037037,8,8
7,16,matched_betti,0.5,max_full_branch_node_speed,all_interior,coexact,coexact,random_tangent,ontology_collapse,ontology_01,6,semantic_margin_delta,odd,0.5416666666666666,1,-0.4574811156413503,0.0065097906979410015,0.021508214000244164,3,0.25,1.0,3,"16,17,18",0.5483870967741935,8,8
7,16,matched_betti,0.5,max_full_branch_node_speed,all_interior,coexact,coexact,random_tangent,ontology_collapse,ontology_02,6,semantic_margin_delta,odd,0.5416666666666666,1,-0.0863961421125066,0.00878216040246559,0.15189697027366175,3,0.25,1.0,3,"14,15,16",0.5357142857142857,8,8
7,16,matched_betti,0.5,max_full_branch_node_speed,all_interior,coexact,coexact,random_tangent,ontology_collapse,ontology_03,6,semantic_margin_delta,odd,0.5416666666666666,1,-0.08348065434870033,0.022982571100671055,0.3842645846086156,3,0.25,1.0,2,"15,16",0.5344827586206897,8,8
7,16,matched_betti,0.5,max_full_branch_node_speed,all_interior,coexact,coexact,random_tangent,ontology_collapse,ontology_04,6,semantic_margin_delta,odd,0.5416666666666666,1,-0.210975151205223,0.11647354663476414,0.6407829980361195,3,0.25,1.0,2,"15,16",0.5344827586206897,8,8
7,16,matched_betti,0.5,max_full_branch_node_speed,all_interior,coexact,coexact,random_tangent,ontology_collapse,ontology_05,6,semantic_margin_delta,odd,0.5416666666666666,1,0.7882339259772745,0.0317764420619849,0.06083534526474484,3,0.25,1.0,2,"15,16",0.5535714285714286,8,8
7,16,matched_betti,0.5,max_full_branch_node_speed,all_interior,coexact,coexact,random_tangent,identity_stress,identity_01,7,semantic_margin_delta,odd,0.625,1,-0.3383457297432749,0.023021476314307572,0.10232874963915171,3,0.25,1.0,3,"20,21,22",0.6176470588235294,8,8
7,16,matched_betti,0.5,max_full_branch_node_speed,all_interior,coexact,coexact,random_tangent,identity_stress,identity_02,7,semantic_margin_delta,odd,0.625,1,0.4467976343426385,0.06538729585487324,0.2160306091031961,3,0.25,1.0,2,"19,20",0.6290322580645161,8,8
7,16,matched_betti,0.5,max_full_branch_node_speed,all_interior,coexact,coexact,random_tangent,identity_stress,identity_03,7,semantic_margin_delta,odd,0.625,1,0.9313359965577399,0.016668119632222048,0.02704782024434932,3,0.25,1.0,1,19,0.6129032258064516,8,8
7,16,matched_betti,0.5,max_full_branch_node_speed,all_interior,coexact,coexact,random_tangent,identity_stress,identity_04,7,semantic_margin_delta,odd,0.625,1,-0.3245225787041209,0.022721323953829083,0.10526406853615917,3,0.25,1.0,2,"17,18",0.625,8,8
7,16,matched_betti,0.5,max_full_branch_node_speed,all_interior,coexact,coexact,random_tangent,identity_stress,identity_05,7,semantic_margin_delta,odd,0.625,1,0.31951361342237267,0.01618760283897745,0.07637195142709803,3,0.25,1.0,1,17,0.6071428571428571,8,8
7,16,matched_betti,0.5,max_full_branch_node_speed,all_interior,coexact,coexact,random_tangent,literal_stable,literal_01,7,semantic_margin_delta,odd,0.625,1,-0.07773228437622696,0.011592158381445963,0.21994138122354143,3,0.25,1.0,2,"20,21",0.6212121212121212,8,8
7,16,matched_betti,0.5,max_full_branch_node_speed,all_interior,coexact,coexact,random_tangent,literal_stable,literal_02,7,semantic_margin_delta,odd,0.625,1,-1.2193304761655088,0.0776717223814207,0.09586228166384084,3,0.25,1.0,2,"17,18",0.625,8,8
7,16,matched_betti,0.5,max_full_branch_node_speed,all_interior,coexact,coexact,random_tangent,literal_stable,literal_03,7,semantic_margin_delta,odd,0.625,1,0.7605737274908239,0.0069279100119935405,0.01376989765998185,3,0.25,1.0,2,"16,17",0.6111111111111112,8,8
7,16,matched_betti,0.5,max_full_branch_node_speed,all_interior,coexact,coexact,random_tangent,literal_stable,literal_04,7,semantic_margin_delta,odd,0.625,1,-0.1552096444479452,0.05140965354181784,0.44776318787193387,3,0.25,1.0,2,"15,16",0.62,8,8
7,16,matched_betti,0.5,max_full_branch_node_speed,all_interior,coexact,coexact,random_tangent,literal_stable,literal_05,7,semantic_margin_delta,odd,0.625,1,-0.06142617914163579,0.06434097059855819,0.8455292695955762,3,0.25,1.0,2,"16,17",0.6346153846153846,8,8
7,16,matched_betti,0.5,max_full_branch_node_speed,all_interior,coexact,coexact,random_tangent,metaphor_shift,metaphor_01,7,semantic_margin_delta,odd,0.625,1,-0.02364718284169204,0.01443226840425864,0.6781352729453661,3,0.25,1.0,2,"20,21",0.6029411764705883,8,8
7,16,matched_betti,0.5,max_full_branch_node_speed,all_interior,coexact,coexact,random_tangent,metaphor_shift,metaphor_02,7,semantic_margin_delta,odd,0.625,1,0.5965121615995351,0.09618254670947418,0.2368386870111613,3,0.25,1.0,3,"17,18,19",0.6206896551724138,8,8
7,16,matched_betti,0.5,max_full_branch_node_speed,all_interior,coexact,coexact,random_tangent,metaphor_shift,metaphor_03,7,semantic_margin_delta,odd,0.625,1,0.35448175680125715,0.057931526394483436,0.23986382169679302,3,0.25,1.0,2,"18,19",0.6166666666666667,8,8
7,16,matched_betti,0.5,max_full_branch_node_speed,all_interior,coexact,coexact,random_tangent,metaphor_shift,metaphor_04,7,semantic_margin_delta,odd,0.625,1,-0.09413328915260097,0.07103953161190858,0.7520322577758969,3,0.25,1.0,2,"17,18",0.625,8,8
7,16,matched_betti,0.5,max_full_branch_node_speed,all_interior,coexact,coexact,random_tangent,metaphor_shift,metaphor_05,7,semantic_margin_delta,odd,0.625,1,0.2840964708720103,0.016615749700163572,0.08807930613700128,3,0.25,1.0,2,"16,17",0.6111111111111112,8,8
7,16,matched_betti,0.5,max_full_branch_node_speed,all_interior,coexact,coexact,random_tangent,ontology_collapse,ontology_01,7,semantic_margin_delta,odd,0.625,1,0.27735515750008793,0.09029215826489624,0.44159245829291394,3,0.25,1.0,2,"19,20",0.6290322580645161,8,8
7,16,matched_betti,0.5,max_full_branch_node_speed,all_interior,coexact,coexact,random_tangent,ontology_collapse,ontology_02,7,semantic_margin_delta,odd,0.625,1,-1.0246587458098428,0.05557272989153871,0.08172188514961085,3,0.25,1.0,2,"17,18",0.625,8,8
7,16,matched_betti,0.5,max_full_branch_node_speed,all_interior,coexact,coexact,random_tangent,ontology_collapse,ontology_03,7,semantic_margin_delta,odd,0.625,1,-0.30319483453845664,0.023659151078224687,0.1171620374314371,3,0.25,1.0,3,"17,18,19",0.6206896551724138,8,8
7,16,matched_betti,0.5,max_full_branch_node_speed,all_interior,coexact,coexact,random_tangent,ontology_collapse,ontology_04,7,semantic_margin_delta,odd,0.625,1,0.19250056813168065,0.047019751727047435,0.34641718108363023,3,0.25,1.0,3,"17,18,19",0.6206896551724138,8,8
7,16,matched_betti,0.5,max_full_branch_node_speed,all_interior,coexact,coexact,random_tangent,ontology_collapse,ontology_05,7,semantic_margin_delta,odd,0.625,1,0.12273627546094946,0.03662795536242303,0.41125962563879837,3,0.25,1.0,2,"17,18",0.625,8,8
7,16,matched_betti,0.5,max_full_branch_node_speed,all_interior,coexact,coexact,random_tangent,identity_stress,identity_01,8,semantic_margin_delta,odd,0.7083333333333334,1,0.007276847913901473,0.006604686857861639,0.8081668196296172,3,0.25,1.0,3,"23,24,25",0.7058823529411765,8,8
7,16,matched_betti,0.5,max_full_branch_node_speed,all_interior,coexact,coexact,random_tangent,identity_stress,identity_02,8,semantic_margin_delta,odd,0.7083333333333334,1,-0.301296746744258,0.027791985338034057,0.13811905172775407,3,0.25,1.0,3,"21,22,23",0.7096774193548386,8,8
7,16,matched_betti,0.5,max_full_branch_node_speed,all_interior,coexact,coexact,random_tangent,identity_stress,identity_03,8,semantic_margin_delta,odd,0.7083333333333334,1,0.41041137350948226,0.009089560278490012,0.03346502367475006,3,0.25,1.0,2,"21,22",0.6935483870967744,8,8
7,16,matched_betti,0.5,max_full_branch_node_speed,all_interior,coexact,coexact,random_tangent,identity_stress,identity_04,8,semantic_margin_delta,odd,0.7083333333333334,1,0.1808780881940582,0.03894563612576673,0.30953721733595896,3,0.25,1.0,2,"19,20",0.6964285714285715,8,8
7,16,matched_betti,0.5,max_full_branch_node_speed,all_interior,coexact,coexact,random_tangent,identity_stress,identity_05,8,semantic_margin_delta,odd,0.7083333333333334,1,-0.967146409967871,0.005883328291016201,0.009196518817961866,3,0.25,1.0,2,"19,20",0.6964285714285715,8,8
7,16,matched_betti,0.5,max_full_branch_node_speed,all_interior,coexact,coexact,random_tangent,literal_stable,literal_01,8,semantic_margin_delta,odd,0.7083333333333334,1,-0.27447550240084645,0.0035821461639229304,0.01972723249364008,3,0.25,1.0,3,"22,23,24",0.6969696969696969,8,8
7,16,matched_betti,0.5,max_full_branch_node_speed,all_interior,coexact,coexact,random_tangent,literal_stable,literal_02,8,semantic_margin_delta,odd,0.7083333333333334,1,0.23157165699124338,0.09660777423522118,0.5334744580460833,3,0.25,1.0,2,"19,20",0.6964285714285715,8,8
7,16,matched_betti,0.5,max_full_branch_node_speed,all_interior,coexact,coexact,random_tangent,literal_stable,literal_03,8,semantic_margin_delta,odd,0.7083333333333334,1,-0.4374399011412385,0.025280142750755328,0.0870403687154911,3,0.25,1.0,3,"18,19,20",0.7037037037037037,8,8
7,16,matched_betti,0.5,max_full_branch_node_speed,all_interior,coexact,coexact,random_tangent,literal_stable,literal_04,8,semantic_margin_delta,odd,0.7083333333333334,1,0.21406863438529233,0.07810789484004729,0.4830184029900705,3,0.25,1.0,2,"17,18",0.6999999999999998,8,8
7,16,matched_betti,0.5,max_full_branch_node_speed,all_interior,coexact,coexact,random_tangent,literal_stable,literal_05,8,semantic_margin_delta,odd,0.7083333333333334,1,0.16604429144484875,0.04875020637549631,0.40570597825835947,3,0.25,1.0,2,"18,19",0.7115384615384613,8,8
7,16,matched_betti,0.5,max_full_branch_node_speed,all_interior,coexact,coexact,random_tangent,metaphor_shift,metaphor_01,8,semantic_margin_delta,odd,0.7083333333333334,1,0.6560379250617687,0.006517045304187736,0.015017021081660838,3,0.25,1.0,3,"23,24,25",0.7058823529411765,8,8
7,16,matched_betti,0.5,max_full_branch_node_speed,all_interior,coexact,coexact,random_tangent,metaphor_shift,metaphor_02,8,semantic_margin_delta,odd,0.7083333333333334,1,-0.496491894146928,0.012122693675108872,0.03688945490420857,3,0.25,1.0,2,"20,21",0.7068965517241379,8,8
7,16,matched_betti,0.5,max_full_branch_node_speed,all_interior,coexact,coexact,random_tangent,metaphor_shift,metaphor_03,8,semantic_margin_delta,odd,0.7083333333333334,1,0.07308807445557075,0.002191088425567632,0.045277114672831006,3,0.25,1.0,3,"20,21,22",0.6999999999999998,8,8
7,16,matched_betti,0.5,max_full_branch_node_speed,all_interior,coexact,coexact,random_tangent,metaphor_shift,metaphor_04,8,semantic_margin_delta,odd,0.7083333333333334,1,-0.06838971662716375,0.04921155441341471,0.7362222888829638,3,0.25,1.0,2,"19,20",0.6964285714285715,8,8
7,16,matched_betti,0.5,max_full_branch_node_speed,all_interior,coexact,coexact,random_tangent,metaphor_shift,metaphor_05,8,semantic_margin_delta,odd,0.7083333333333334,1,-0.3676184765700867,0.010458031179833228,0.0429696941581643,3,0.25,1.0,3,"18,19,20",0.7037037037037037,8,8
7,16,matched_betti,0.5,max_full_branch_node_speed,all_interior,coexact,coexact,random_tangent,ontology_collapse,ontology_01,8,semantic_margin_delta,odd,0.7083333333333334,1,-0.9832043787300452,0.22181757146739922,0.32282340791995645,3,0.25,1.0,2,"21,23",0.7096774193548386,8,8
7,16,matched_betti,0.5,max_full_branch_node_speed,all_interior,coexact,coexact,random_tangent,ontology_collapse,ontology_02,8,semantic_margin_delta,odd,0.7083333333333334,1,0.43115679247349753,0.01074323950371904,0.037644631922658434,3,0.25,1.0,2,"19,20",0.6964285714285715,8,8
7,16,matched_betti,0.5,max_full_branch_node_speed,all_interior,coexact,coexact,random_tangent,ontology_collapse,ontology_03,8,semantic_margin_delta,odd,0.7083333333333334,1,0.21111086840289925,0.011478645661061871,0.08192729300362135,3,0.25,1.0,2,"20,21",0.7068965517241379,8,8
7,16,matched_betti,0.5,max_full_branch_node_speed,all_interior,coexact,coexact,random_tangent,ontology_collapse,ontology_04,8,semantic_margin_delta,odd,0.7083333333333334,1,-0.3625216294120715,0.020572103254566373,0.08547975513525204,3,0.25,1.0,2,"20,21",0.7068965517241379,8,8
7,16,matched_betti,0.5,max_full_branch_node_speed,all_interior,coexact,coexact,random_tangent,ontology_collapse,ontology_05,8,semantic_margin_delta,odd,0.7083333333333334,1,-0.04239371859372968,0.03992218666379943,0.8183133596962334,3,0.25,1.0,2,"19,20",0.6964285714285715,8,8
7,16,matched_betti,0.5,max_full_branch_node_speed,all_interior,coexact,coexact,random_tangent,identity_stress,identity_01,9,semantic_margin_delta,odd,0.7916666666666666,1,-0.0986279779370736,0.021994355488987902,0.31948017104332527,3,0.25,1.0,3,"26,27,28",0.7941176470588235,8,8
7,16,matched_betti,0.5,max_full_branch_node_speed,all_interior,coexact,coexact,random_tangent,identity_stress,identity_02,9,semantic_margin_delta,odd,0.7916666666666666,1,-0.030110498513350577,0.016044788205038695,0.627357147133015,3,0.25,1.0,2,"24,25",0.7903225806451614,8,8
7,16,matched_betti,0.5,max_full_branch_node_speed,all_interior,coexact,coexact,random_tangent,identity_stress,identity_03,9,semantic_margin_delta,odd,0.7916666666666666,1,0.2843805950299131,0.024210691922763424,0.12765865695658835,3,0.25,1.0,2,"24,25",0.7903225806451614,8,8
7,16,matched_betti,0.5,max_full_branch_node_speed,all_interior,coexact,coexact,random_tangent,identity_stress,identity_04,9,semantic_margin_delta,odd,0.7916666666666666,1,0.032058955121729585,0.022238560949968702,0.7237246013083212,3,0.25,1.0,3,"21,22,23",0.7857142857142857,8,8
7,16,matched_betti,0.5,max_full_branch_node_speed,all_interior,coexact,coexact,random_tangent,identity_stress,identity_05,9,semantic_margin_delta,odd,0.7916666666666666,1,0.7986317506885785,0.0025859035944502387,0.004895212232126893,3,0.25,1.0,3,"21,22,23",0.7857142857142857,8,8
7,16,matched_betti,0.5,max_full_branch_node_speed,all_interior,coexact,coexact,random_tangent,literal_stable,literal_01,9,semantic_margin_delta,odd,0.7916666666666666,1,0.024436951979750297,0.05144040880640628,0.9540120758698015,3,0.25,1.0,2,"25,26",0.7727272727272728,8,8
7,16,matched_betti,0.5,max_full_branch_node_speed,all_interior,coexact,coexact,random_tangent,literal_stable,literal_02,9,semantic_margin_delta,odd,0.7916666666666666,1,0.13949081679186148,0.043110803860535,0.42332112679050843,3,0.25,1.0,1,21,0.75,8,8
7,16,matched_betti,0.5,max_full_branch_node_speed,all_interior,coexact,coexact,random_tangent,literal_stable,literal_03,9,semantic_margin_delta,odd,0.7916666666666666,1,-0.2713366007255057,0.09545997264224346,0.46959758786221095,3,0.25,1.0,2,"21,22",0.7962962962962963,8,8
7,16,matched_betti,0.5,max_full_branch_node_speed,all_interior,coexact,coexact,random_tangent,literal_stable,literal_04,9,semantic_margin_delta,odd,0.7916666666666666,1,0.5889687798942669,0.03705036443882053,0.09467947738958683,3,0.25,1.0,2,"19,20",0.7799999999999999,8,8
7,16,matched_betti,0.5,max_full_branch_node_speed,all_interior,coexact,coexact,random_tangent,literal_stable,literal_05,9,semantic_margin_delta,odd,0.7916666666666666,1,-0.4664079426578939,0.03056296891431946,0.09858701315165382,3,0.25,1.0,2,"20,21",0.7884615384615387,8,8
7,16,matched_betti,0.5,max_full_branch_node_speed,all_interior,coexact,coexact,random_tangent,metaphor_shift,metaphor_01,9,semantic_margin_delta,odd,0.7916666666666666,1,-0.7714432796873235,0.002609428292291783,0.005113834388596514,3,0.25,1.0,3,"26,27,28",0.7941176470588235,8,8
7,16,matched_betti,0.5,max_full_branch_node_speed,all_interior,coexact,coexact,random_tangent,metaphor_shift,metaphor_02,9,semantic_margin_delta,odd,0.7916666666666666,1,0.2915193726992508,0.02315549127533453,0.1192307941189841,3,0.25,1.0,3,"22,23,24",0.7931034482758621,8,8
7,16,matched_betti,0.5,max_full_branch_node_speed,all_interior,coexact,coexact,random_tangent,metaphor_shift,metaphor_03,9,semantic_margin_delta,odd,0.7916666666666666,1,-0.3183039741502536,0.03060070352324204,0.14383375760963826,3,0.25,1.0,2,"23,24",0.7833333333333335,8,8
7,16,matched_betti,0.5,max_full_branch_node_speed,all_interior,coexact,coexact,random_tangent,metaphor_shift,metaphor_04,9,semantic_margin_delta,odd,0.7916666666666666,1,-0.5296797691618896,0.03959361683178585,0.11229670231177231,3,0.25,1.0,3,"21,22,23",0.7857142857142857,8,8
7,16,matched_betti,0.5,max_full_branch_node_speed,all_interior,coexact,coexact,random_tangent,metaphor_shift,metaphor_05,9,semantic_margin_delta,odd,0.7916666666666666,1,0.07354302899824157,0.048023351803303915,0.7025513212099119,3,0.25,1.0,2,"21,22",0.7962962962962963,8,8
7,16,matched_betti,0.5,max_full_branch_node_speed,all_interior,coexact,coexact,random_tangent,ontology_collapse,ontology_01,9,semantic_margin_delta,odd,0.7916666666666666,1,0.11744781854788129,0.011867696348045464,0.15101597033539338,3,0.25,1.0,2,"24,25",0.7903225806451614,8,8
7,16,matched_betti,0.5,max_full_branch_node_speed,all_interior,coexact,coexact,random_tangent,ontology_collapse,ontology_02,9,semantic_margin_delta,odd,0.7916666666666666,1,-0.5209611891784188,0.047782650805711466,0.137353585734215,3,0.25,1.0,3,"21,22,23",0.7857142857142857,8,8
7,16,matched_betti,0.5,max_full_branch_node_speed,all_interior,coexact,coexact,random_tangent,ontology_collapse,ontology_03,9,semantic_margin_delta,odd,0.7916666666666666,1,0.2810121905510001,0.11244551423951793,0.5176139487405864,3,0.25,1.0,2,"22,23",0.7758620689655172,8,8
7,16,matched_betti,0.5,max_full_branch_node_speed,all_interior,coexact,coexact,random_tangent,ontology_collapse,ontology_04,9,semantic_margin_delta,odd,0.7916666666666666,1,0.07267245622237772,0.020989059491603405,0.40016540255811556,3,0.25,1.0,3,"22,23,24",0.7931034482758621,8,8
7,16,matched_betti,0.5,max_full_branch_node_speed,all_interior,coexact,coexact,random_tangent,ontology_collapse,ontology_05,9,semantic_margin_delta,odd,0.7916666666666666,1,0.6261971415418778,0.00830531792052022,0.020047898692501964,3,0.25,1.0,3,"21,22,23",0.7857142857142857,8,8
7,16,matched_betti,0.5,max_full_branch_node_speed,all_interior,coexact,coexact,random_tangent,identity_stress,identity_01,10,semantic_margin_delta,odd,0.875,1,0.1462479383321688,0.011685751821148572,0.11993111360112896,3,0.25,1.0,3,"29,30,31",0.8823529411764706,8,8
7,16,matched_betti,0.5,max_full_branch_node_speed,all_interior,coexact,coexact,random_tangent,identity_stress,identity_02,10,semantic_margin_delta,odd,0.875,1,-0.6014735876751695,0.016586642084294497,0.041655826968183485,3,0.25,1.0,1,26,0.8387096774193549,8,8
7,16,matched_betti,0.5,max_full_branch_node_speed,all_interior,coexact,coexact,random_tangent,identity_stress,identity_03,10,semantic_margin_delta,odd,0.875,1,-0.22838393367599868,0.025861937233107965,0.1687459741599394,3,0.25,1.0,3,"26,27,28",0.8709677419354839,8,8
7,16,matched_betti,0.5,max_full_branch_node_speed,all_interior,coexact,coexact,random_tangent,identity_stress,identity_04,10,semantic_margin_delta,odd,0.875,1,0.4067427397753525,0.020785483968066145,0.07702984089354116,3,0.25,1.0,1,24,0.8571428571428571,8,8
7,16,matched_betti,0.5,max_full_branch_node_speed,all_interior,coexact,coexact,random_tangent,identity_stress,identity_05,10,semantic_margin_delta,odd,0.875,1,0.07467347039682197,0.044478529198831065,0.6691796306997372,3,0.25,1.0,2,"24,25",0.875,8,8
7,16,matched_betti,0.5,max_full_branch_node_speed,all_interior,coexact,coexact,random_tangent,literal_stable,literal_01,10,semantic_margin_delta,odd,0.875,1,-0.011835450660567718,0.06638829606501194,0.9931192758824039,3,0.25,1.0,2,"29,30",0.8939393939393939,8,8
7,16,matched_betti,0.5,max_full_branch_node_speed,all_interior,coexact,coexact,random_tangent,literal_stable,literal_03,10,semantic_margin_delta,odd,0.875,1,0.5649743853014891,0.01836052169850591,0.04907312012338946,3,0.25,1.0,2,"23,24",0.8703703703703703,8,8
7,16,matched_betti,0.5,max_full_branch_node_speed,all_interior,coexact,coexact,random_tangent,literal_stable,literal_04,10,semantic_margin_delta,odd,0.875,1,-0.6627150276780382,0.13287568480786988,0.29009523761412737,3,0.25,1.0,2,"21,22",0.86,8,8
7,16,matched_betti,0.5,max_full_branch_node_speed,all_interior,coexact,coexact,random_tangent,literal_stable,literal_05,10,semantic_margin_delta,odd,0.875,1,0.3358446177600822,0.08970837452160169,0.37445535098685706,3,0.25,1.0,2,"22,23",0.8653846153846154,8,8
7,16,matched_betti,0.5,max_full_branch_node_speed,all_interior,coexact,coexact,random_tangent,metaphor_shift,metaphor_01,10,semantic_margin_delta,odd,0.875,1,0.20578666586398373,0.01807330098042392,0.13162433287743275,3,0.25,1.0,3,"29,30,31",0.8823529411764706,8,8
7,16,matched_betti,0.5,max_full_branch_node_speed,all_interior,coexact,coexact,random_tangent,metaphor_shift,metaphor_02,10,semantic_margin_delta,odd,0.875,1,0.026343329152661323,0.04620554309069991,0.9356791536787148,3,0.25,1.0,1,26,0.896551724137931,8,8
7,16,matched_betti,0.5,max_full_branch_node_speed,all_interior,coexact,coexact,random_tangent,metaphor_shift,metaphor_03,10,semantic_margin_delta,odd,0.875,1,-0.2997055754557784,0.014743279091977939,0.07416729802212507,3,0.25,1.0,2,"25,27",0.8666666666666667,8,8
7,16,matched_betti,0.5,max_full_branch_node_speed,all_interior,coexact,coexact,random_tangent,metaphor_shift,metaphor_04,10,semantic_margin_delta,odd,0.875,1,-0.9078365086533527,0.019111726691110293,0.03181144494816922,3,0.25,1.0,2,"24,25",0.875,8,8
7,16,matched_betti,0.5,max_full_branch_node_speed,all_interior,coexact,coexact,random_tangent,metaphor_shift,metaphor_05,10,semantic_margin_delta,odd,0.875,1,0.07911803200168353,0.021090182768533097,0.3737961714190576,3,0.25,1.0,1,23,0.8518518518518517,8,8
7,16,matched_betti,0.5,max_full_branch_node_speed,all_interior,coexact,coexact,random_tangent,ontology_collapse,ontology_01,10,semantic_margin_delta,odd,0.875,1,0.02387427074025164,0.0018618064595305054,0.11708943717690456,3,0.25,1.0,3,"26,27,28",0.8709677419354839,8,8
7,16,matched_betti,0.5,max_full_branch_node_speed,all_interior,coexact,coexact,random_tangent,ontology_collapse,ontology_02,10,semantic_margin_delta,odd,0.875,1,-0.10188980250833843,0.01640374712398563,0.23649678817767053,3,0.25,1.0,2,"24,25",0.875,8,8
7,16,matched_betti,0.5,max_full_branch_node_speed,all_interior,coexact,coexact,random_tangent,ontology_collapse,ontology_03,10,semantic_margin_delta,odd,0.875,1,0.045961743534599545,0.0030378568122092424,0.09943155642552241,3,0.25,1.0,2,"25,26",0.8793103448275862,8,8
7,16,matched_betti,0.5,max_full_branch_node_speed,all_interior,coexact,coexact,random_tangent,ontology_collapse,ontology_04,10,semantic_margin_delta,odd,0.875,1,0.4495108030932456,0.013186931068808798,0.0443085808508221,3,0.25,1.0,2,"25,26",0.8793103448275862,8,8
7,16,matched_betti,0.5,max_full_branch_node_speed,all_interior,coexact,coexact,random_tangent,ontology_collapse,ontology_05,10,semantic_margin_delta,odd,0.875,1,0.018438492787552867,0.02721002417494282,0.9125303590626189,3,0.25,1.0,2,"24,25",0.875,8,8
7,16,matched_betti,0.5,max_full_branch_node_speed,all_interior,coexact,coexact,random_tangent,identity_stress,identity_01,11,semantic_margin_delta,odd,0.9583333333333334,1,0.12491155628002171,0.015620192978876847,0.18576708642243192,3,0.25,1.0,2,"32,33",0.9558823529411763,8,8
7,16,matched_betti,0.5,max_full_branch_node_speed,all_interior,coexact,coexact,random_tangent,identity_stress,identity_02,11,semantic_margin_delta,odd,0.9583333333333334,1,-0.5264261358375766,0.008960785882039362,0.025726213207751137,3,0.25,1.0,2,"29,30",0.9516129032258065,8,8
7,16,matched_betti,0.5,max_full_branch_node_speed,all_interior,coexact,coexact,random_tangent,identity_stress,identity_03,11,semantic_margin_delta,odd,0.9583333333333334,1,-0.8554968932491162,0.024943577917717747,0.04403821901465662,3,0.25,1.0,1,29,0.9354838709677419,8,8
7,16,matched_betti,0.5,max_full_branch_node_speed,all_interior,coexact,coexact,random_tangent,identity_stress,identity_04,11,semantic_margin_delta,odd,0.9583333333333334,1,-0.043366698398289695,0.00414121528378897,0.1428903484292417,3,0.25,1.0,1,26,0.9285714285714285,8,8
7,16,matched_betti,0.5,max_full_branch_node_speed,all_interior,coexact,coexact,random_tangent,identity_stress,identity_05,11,semantic_margin_delta,odd,0.9583333333333334,1,0.007059990272528307,0.02271597666948555,0.9795172473902677,3,0.25,1.0,2,"26,27",0.9464285714285715,8,8
7,16,matched_betti,0.5,max_full_branch_node_speed,all_interior,coexact,coexact,random_tangent,literal_stable,literal_02,11,semantic_margin_delta,odd,0.9583333333333334,1,0.33561620333437153,0.03346099891777234,0.149048811253936,3,0.25,1.0,2,"26,27",0.9464285714285715,8,8
7,16,matched_betti,0.5,max_full_branch_node_speed,all_interior,coexact,coexact,random_tangent,literal_stable,literal_03,11,semantic_margin_delta,odd,0.9583333333333334,1,-0.17885570275301457,0.022235916006308882,0.18472432951761258,3,0.25,1.0,1,25,0.9259259259259259,8,8
7,16,matched_betti,0.5,max_full_branch_node_speed,all_interior,coexact,coexact,random_tangent,literal_stable,literal_04,11,semantic_margin_delta,odd,0.9583333333333334,1,0.5366014525574927,0.0958858213808575,0.2608056036594526,3,0.25,1.0,2,"23,24",0.94,8,8
7,16,matched_betti,0.5,max_full_branch_node_speed,all_interior,coexact,coexact,random_tangent,literal_stable,literal_05,11,semantic_margin_delta,odd,0.9583333333333334,1,-0.08867092636789867,0.013752836390924335,0.22829629614816593,3,0.25,1.0,1,25,0.9615384615384616,8,8
7,16,matched_betti,0.5,max_full_branch_node_speed,all_interior,coexact,coexact,random_tangent,metaphor_shift,metaphor_01,11,semantic_margin_delta,odd,0.9583333333333334,1,-0.032083713578964994,0.08683124116613297,0.9714094118729638,3,0.25,1.0,1,32,0.9411764705882352,8,8
7,16,matched_betti,0.5,max_full_branch_node_speed,all_interior,coexact,coexact,random_tangent,metaphor_shift,metaphor_02,11,semantic_margin_delta,odd,0.9583333333333334,1,0.0032282410902340288,0.0493927336517345,0.9990668625013913,3,0.25,1.0,2,"27,28",0.9482758620689656,8,8
7,16,matched_betti,0.5,max_full_branch_node_speed,all_interior,coexact,coexact,random_tangent,metaphor_shift,metaphor_03,11,semantic_margin_delta,odd,0.9583333333333334,1,0.19818887393454973,0.011822119376305907,0.0898189787394458,3,0.25,1.0,2,"28,29",0.9499999999999998,8,8
7,16,matched_betti,0.5,max_full_branch_node_speed,all_interior,coexact,coexact,random_tangent,metaphor_shift,metaphor_04,11,semantic_margin_delta,odd,0.9583333333333334,1,-0.9446845638751797,0.008816038914525579,0.014107641944427433,3,0.25,1.0,1,26,0.9285714285714285,8,8
7,16,matched_betti,0.5,max_full_branch_node_speed,all_interior,coexact,coexact,random_tangent,metaphor_shift,metaphor_05,11,semantic_margin_delta,odd,0.9583333333333334,1,-0.42222840442515425,0.06444550357005323,0.22484881231174542,3,0.25,1.0,2,"25,26",0.9444444444444443,8,8
7,16,matched_betti,0.5,max_full_branch_node_speed,all_interior,coexact,coexact,random_tangent,ontology_collapse,ontology_01,11,semantic_margin_delta,odd,0.9583333333333334,1,0.05019968609379515,0.04168102778706711,0.7821564671217891,3,0.25,1.0,1,29,0.9354838709677419,8,8
7,16,matched_betti,0.5,max_full_branch_node_speed,all_interior,coexact,coexact,random_tangent,ontology_collapse,ontology_02,11,semantic_margin_delta,odd,0.9583333333333334,1,-0.18582973063038244,0.025086681123979982,0.19997551116426765,3,0.25,1.0,2,"26,27",0.9464285714285715,8,8
7,16,matched_betti,0.5,max_full_branch_node_speed,all_interior,coexact,coexact,random_tangent,ontology_collapse,ontology_03,11,semantic_margin_delta,odd,0.9583333333333334,1,-0.11388228596616995,0.00934080495834439,0.12306240218584971,3,0.25,1.0,2,"27,28",0.9482758620689656,8,8
7,16,matched_betti,0.5,max_full_branch_node_speed,all_interior,coexact,coexact,random_tangent,ontology_collapse,ontology_04,11,semantic_margin_delta,odd,0.9583333333333334,1,-0.47968373290542354,0.013406515984775536,0.0422167264487945,3,0.25,1.0,2,"27,28",0.9482758620689656,8,8
7,16,matched_betti,0.5,max_full_branch_node_speed,all_interior,coexact,coexact,random_tangent,ontology_collapse,ontology_05,11,semantic_margin_delta,odd,0.9583333333333334,1,-0.9821865542687068,0.07334179355685737,0.11218078558203137,3,0.25,1.0,1,26,0.9285714285714285,8,8
