layer,k,complex_mode,betti_1_fraction_target,random_tangent_reference,token_selector,selector_component,component,baseline_component,family,prompt_id,position_bin,metric,contrast_type,position_bin_center,response_power,response_coefficient,response_rmse,relative_response_rmse,n_alpha_magnitudes,min_alpha_abs,max_alpha_abs,n_tokens,token_set,mean_position_frac,min_null_seeds,max_null_seeds
8,16,matched_betti,0.5,max_full_branch_node_speed,all_interior,coexact,coexact,random_tangent,identity_stress,identity_01,0,next_token_logprob_delta,even,0.041666666666666664,2,-0.5062153339952795,0.023084861728305713,0.07626487802049507,3,0.25,1.0,2,"1,2",0.04411764705882352,8,8
8,16,matched_betti,0.5,max_full_branch_node_speed,all_interior,coexact,coexact,random_tangent,identity_stress,identity_02,0,next_token_logprob_delta,even,0.041666666666666664,2,0.04893385494896668,0.012477586942069867,0.3932279152450452,3,0.25,1.0,2,"1,2",0.04838709677419354,8,8
8,16,matched_betti,0.5,max_full_branch_node_speed,all_interior,coexact,coexact,random_tangent,identity_stress,identity_03,0,next_token_logprob_delta,even,0.041666666666666664,2,0.1283088220672491,0.0009152552526190826,0.01196338054810518,3,0.25,1.0,2,"1,2",0.04838709677419354,8,8
8,16,matched_betti,0.5,max_full_branch_node_speed,all_interior,coexact,coexact,random_tangent,identity_stress,identity_04,0,next_token_logprob_delta,even,0.041666666666666664,2,0.0820670837750197,0.000590461276345321,0.012066743634024853,3,0.25,1.0,2,"1,2",0.05357142857142857,8,8
8,16,matched_betti,0.5,max_full_branch_node_speed,all_interior,coexact,coexact,random_tangent,identity_stress,identity_05,0,next_token_logprob_delta,even,0.041666666666666664,2,-0.018607206186975582,0.01981197861237837,0.8725223192718154,3,0.25,1.0,2,"1,2",0.05357142857142857,8,8
8,16,matched_betti,0.5,max_full_branch_node_speed,all_interior,coexact,coexact,random_tangent,literal_stable,literal_01,0,next_token_logprob_delta,even,0.041666666666666664,2,-0.07571876375925247,0.016070510241079066,0.3353645203325025,3,0.25,1.0,2,"1,2",0.04545454545454545,8,8
8,16,matched_betti,0.5,max_full_branch_node_speed,all_interior,coexact,coexact,random_tangent,literal_stable,literal_02,0,next_token_logprob_delta,even,0.041666666666666664,2,0.21218524299074193,0.005134118417444458,0.04055016623151926,3,0.25,1.0,2,"1,2",0.05357142857142857,8,8
8,16,matched_betti,0.5,max_full_branch_node_speed,all_interior,coexact,coexact,random_tangent,literal_stable,literal_03,0,next_token_logprob_delta,even,0.041666666666666664,2,0.10754444136870904,0.00022230259442825284,0.0034669951938390347,3,0.25,1.0,2,"1,2",0.05555555555555555,8,8
8,16,matched_betti,0.5,max_full_branch_node_speed,all_interior,coexact,coexact,random_tangent,literal_stable,literal_04,0,next_token_logprob_delta,even,0.041666666666666664,2,-0.2270135721824342,0.021737422112872756,0.15857164160491558,3,0.25,1.0,2,"1,2",0.06,8,8
8,16,matched_betti,0.5,max_full_branch_node_speed,all_interior,coexact,coexact,random_tangent,literal_stable,literal_05,0,next_token_logprob_delta,even,0.041666666666666664,2,-0.3034861368199507,0.02124909364217999,0.1166343795781118,3,0.25,1.0,2,"1,2",0.05769230769230769,8,8
8,16,matched_betti,0.5,max_full_branch_node_speed,all_interior,coexact,coexact,random_tangent,metaphor_shift,metaphor_01,0,next_token_logprob_delta,even,0.041666666666666664,2,0.02545157389186727,0.016411065771713616,0.7342265939799522,3,0.25,1.0,2,"1,2",0.04411764705882352,8,8
8,16,matched_betti,0.5,max_full_branch_node_speed,all_interior,coexact,coexact,random_tangent,metaphor_shift,metaphor_02,0,next_token_logprob_delta,even,0.041666666666666664,2,-0.42244442763906426,0.015742769530206917,0.062382695928652594,3,0.25,1.0,2,"1,2",0.05172413793103448,8,8
8,16,matched_betti,0.5,max_full_branch_node_speed,all_interior,coexact,coexact,random_tangent,metaphor_shift,metaphor_03,0,next_token_logprob_delta,even,0.041666666666666664,2,-0.30223325150363806,0.006906651089493462,0.038300618270344984,3,0.25,1.0,2,"1,2",0.05000000000000001,8,8
8,16,matched_betti,0.5,max_full_branch_node_speed,all_interior,coexact,coexact,random_tangent,metaphor_shift,metaphor_04,0,next_token_logprob_delta,even,0.041666666666666664,2,0.43165208822999657,0.01310488589441815,0.05085531593687109,3,0.25,1.0,2,"1,2",0.05357142857142857,8,8
8,16,matched_betti,0.5,max_full_branch_node_speed,all_interior,coexact,coexact,random_tangent,metaphor_shift,metaphor_05,0,next_token_logprob_delta,even,0.041666666666666664,2,0.007680785305248451,0.02169696277549326,0.97844424968322,3,0.25,1.0,2,"1,2",0.05555555555555555,8,8
8,16,matched_betti,0.5,max_full_branch_node_speed,all_interior,coexact,coexact,random_tangent,ontology_collapse,ontology_01,0,next_token_logprob_delta,even,0.041666666666666664,2,0.012332365892782129,0.01220712897992802,0.8566116033086453,3,0.25,1.0,2,"1,2",0.04838709677419354,8,8
8,16,matched_betti,0.5,max_full_branch_node_speed,all_interior,coexact,coexact,random_tangent,ontology_collapse,ontology_02,0,next_token_logprob_delta,even,0.041666666666666664,2,0.07434709265577713,0.01895037165670114,0.39309976984486444,3,0.25,1.0,2,"1,2",0.05357142857142857,8,8
8,16,matched_betti,0.5,max_full_branch_node_speed,all_interior,coexact,coexact,random_tangent,ontology_collapse,ontology_03,0,next_token_logprob_delta,even,0.041666666666666664,2,-0.3075486450306775,0.05491584658729527,0.28690013460364566,3,0.25,1.0,2,"1,2",0.05172413793103448,8,8
8,16,matched_betti,0.5,max_full_branch_node_speed,all_interior,coexact,coexact,random_tangent,ontology_collapse,ontology_04,0,next_token_logprob_delta,even,0.041666666666666664,2,0.17275366803524983,0.031531337070223264,0.29272611491064654,3,0.25,1.0,2,"1,2",0.05172413793103448,8,8
8,16,matched_betti,0.5,max_full_branch_node_speed,all_interior,coexact,coexact,random_tangent,ontology_collapse,ontology_05,0,next_token_logprob_delta,even,0.041666666666666664,2,0.07389499226751142,0.012638960922253624,0.275754205706634,3,0.25,1.0,2,"1,2",0.05357142857142857,8,8
8,16,matched_betti,0.5,max_full_branch_node_speed,all_interior,coexact,coexact,random_tangent,identity_stress,identity_01,1,next_token_logprob_delta,even,0.125,2,-0.034604825744983414,0.0004002557228277474,0.01939628069441417,3,0.25,1.0,3,"3,4,5",0.11764705882352942,8,8
8,16,matched_betti,0.5,max_full_branch_node_speed,all_interior,coexact,coexact,random_tangent,identity_stress,identity_02,1,next_token_logprob_delta,even,0.125,2,0.08216309913510615,0.0018528592849909877,0.037796751500922314,3,0.25,1.0,3,"3,4,5",0.12903225806451613,8,8
8,16,matched_betti,0.5,max_full_branch_node_speed,all_interior,coexact,coexact,random_tangent,identity_stress,identity_03,1,next_token_logprob_delta,even,0.125,2,0.09299290856194653,0.005372732603100585,0.0964528516367778,3,0.25,1.0,3,"3,4,5",0.12903225806451613,8,8
8,16,matched_betti,0.5,max_full_branch_node_speed,all_interior,coexact,coexact,random_tangent,identity_stress,identity_04,1,next_token_logprob_delta,even,0.125,2,-0.37884361240012393,0.007147133235995133,0.031626700493091645,3,0.25,1.0,2,"3,4",0.125,8,8
8,16,matched_betti,0.5,max_full_branch_node_speed,all_interior,coexact,coexact,random_tangent,identity_stress,identity_05,1,next_token_logprob_delta,even,0.125,2,-0.3293748434713333,0.014653066740266266,0.07441007349637567,3,0.25,1.0,2,"3,4",0.125,8,8
8,16,matched_betti,0.5,max_full_branch_node_speed,all_interior,coexact,coexact,random_tangent,literal_stable,literal_01,1,next_token_logprob_delta,even,0.125,2,-0.4072793661781723,0.04718941944798903,0.190766344050948,3,0.25,1.0,3,"3,4,5",0.12121212121212122,8,8
8,16,matched_betti,0.5,max_full_branch_node_speed,all_interior,coexact,coexact,random_tangent,literal_stable,literal_02,1,next_token_logprob_delta,even,0.125,2,-0.046336423062982156,0.0036062163686095363,0.12943736069735165,3,0.25,1.0,2,"3,4",0.125,8,8
8,16,matched_betti,0.5,max_full_branch_node_speed,all_interior,coexact,coexact,random_tangent,literal_stable,literal_03,1,next_token_logprob_delta,even,0.125,2,0.3788901869762175,0.005425430372857602,0.024010151734811604,3,0.25,1.0,2,"3,4",0.12962962962962962,8,8
8,16,matched_betti,0.5,max_full_branch_node_speed,all_interior,coexact,coexact,random_tangent,literal_stable,literal_04,1,next_token_logprob_delta,even,0.125,2,0.23831378726484165,0.007877216317822348,0.055354953735503434,3,0.25,1.0,2,"3,4",0.14,8,8
8,16,matched_betti,0.5,max_full_branch_node_speed,all_interior,coexact,coexact,random_tangent,literal_stable,literal_05,1,next_token_logprob_delta,even,0.125,2,0.13055493072448568,0.01699310484362842,0.2132890131743954,3,0.25,1.0,2,"3,4",0.13461538461538464,8,8
8,16,matched_betti,0.5,max_full_branch_node_speed,all_interior,coexact,coexact,random_tangent,metaphor_shift,metaphor_01,1,next_token_logprob_delta,even,0.125,2,0.007136601477431147,0.018509691193929884,0.9745816511676938,3,0.25,1.0,2,"3,5",0.1176470588235294,8,8
8,16,matched_betti,0.5,max_full_branch_node_speed,all_interior,coexact,coexact,random_tangent,metaphor_shift,metaphor_02,1,next_token_logprob_delta,even,0.125,2,-0.2396608327068319,0.02898438418706728,0.19879725544685517,3,0.25,1.0,2,"3,4",0.12068965517241377,8,8
8,16,matched_betti,0.5,max_full_branch_node_speed,all_interior,coexact,coexact,random_tangent,metaphor_shift,metaphor_03,1,next_token_logprob_delta,even,0.125,2,-0.08638458586536424,0.017719639246534025,0.32533100978712914,3,0.25,1.0,2,"3,4",0.11666666666666665,8,8
8,16,matched_betti,0.5,max_full_branch_node_speed,all_interior,coexact,coexact,random_tangent,metaphor_shift,metaphor_04,1,next_token_logprob_delta,even,0.125,2,0.37729367229830285,0.026636626323514958,0.11759135027550571,3,0.25,1.0,2,"3,4",0.125,8,8
8,16,matched_betti,0.5,max_full_branch_node_speed,all_interior,coexact,coexact,random_tangent,metaphor_shift,metaphor_05,1,next_token_logprob_delta,even,0.125,2,-0.000558934207269071,0.010520768934813277,0.9994987305900872,3,0.25,1.0,2,"3,4",0.12962962962962962,8,8
8,16,matched_betti,0.5,max_full_branch_node_speed,all_interior,coexact,coexact,random_tangent,ontology_collapse,ontology_01,1,next_token_logprob_delta,even,0.125,2,-0.0832322390690481,0.004882545440501536,0.09791787254488407,3,0.25,1.0,3,"3,4,5",0.12903225806451613,8,8
8,16,matched_betti,0.5,max_full_branch_node_speed,all_interior,coexact,coexact,random_tangent,ontology_collapse,ontology_02,1,next_token_logprob_delta,even,0.125,2,0.054921823390152065,0.003832089585964564,0.11623481244882257,3,0.25,1.0,2,"3,4",0.125,8,8
8,16,matched_betti,0.5,max_full_branch_node_speed,all_interior,coexact,coexact,random_tangent,ontology_collapse,ontology_03,1,next_token_logprob_delta,even,0.125,2,-0.5642810571423507,0.04928600600521167,0.14494942411194103,3,0.25,1.0,2,"3,4",0.12068965517241377,8,8
8,16,matched_betti,0.5,max_full_branch_node_speed,all_interior,coexact,coexact,random_tangent,ontology_collapse,ontology_04,1,next_token_logprob_delta,even,0.125,2,0.07804941378126377,0.012606914699730203,0.2614919445104066,3,0.25,1.0,2,"3,4",0.12068965517241377,8,8
8,16,matched_betti,0.5,max_full_branch_node_speed,all_interior,coexact,coexact,random_tangent,ontology_collapse,ontology_05,1,next_token_logprob_delta,even,0.125,2,-0.054081727401896304,0.015341519358436178,0.42964021925554774,3,0.25,1.0,2,"3,4",0.125,8,8
8,16,matched_betti,0.5,max_full_branch_node_speed,all_interior,coexact,coexact,random_tangent,identity_stress,identity_01,2,next_token_logprob_delta,even,0.20833333333333334,2,-0.09016015515045075,0.0024643571815870435,0.04579651017770529,3,0.25,1.0,3,"6,7,8",0.2058823529411765,8,8
8,16,matched_betti,0.5,max_full_branch_node_speed,all_interior,coexact,coexact,random_tangent,identity_stress,identity_02,2,next_token_logprob_delta,even,0.20833333333333334,2,0.10713575728096027,0.0018397281307826353,0.028789785843620293,3,0.25,1.0,2,"6,7",0.20967741935483866,8,8
8,16,matched_betti,0.5,max_full_branch_node_speed,all_interior,coexact,coexact,random_tangent,identity_stress,identity_03,2,next_token_logprob_delta,even,0.20833333333333334,2,0.10159799485938766,0.017232358522701205,0.273627523041904,3,0.25,1.0,2,"6,7",0.20967741935483866,8,8
8,16,matched_betti,0.5,max_full_branch_node_speed,all_interior,coexact,coexact,random_tangent,identity_stress,identity_04,2,next_token_logprob_delta,even,0.20833333333333334,2,-0.13482052115845855,0.0017930647474932269,0.02230135402285142,3,0.25,1.0,2,"5,6",0.19642857142857142,8,8
8,16,matched_betti,0.5,max_full_branch_node_speed,all_interior,coexact,coexact,random_tangent,identity_stress,identity_05,2,next_token_logprob_delta,even,0.20833333333333334,2,-0.1212299058155954,0.009945440590632914,0.1363140625206524,3,0.25,1.0,2,"5,6",0.19642857142857142,8,8
8,16,matched_betti,0.5,max_full_branch_node_speed,all_interior,coexact,coexact,random_tangent,literal_stable,literal_01,2,next_token_logprob_delta,even,0.20833333333333334,2,0.1558109259533248,0.00723208201357929,0.0776162414442783,3,0.25,1.0,3,"6,7,8",0.21212121212121213,8,8
8,16,matched_betti,0.5,max_full_branch_node_speed,all_interior,coexact,coexact,random_tangent,literal_stable,literal_02,2,next_token_logprob_delta,even,0.20833333333333334,2,0.29247428123028435,0.0073296226311076055,0.04199619108684801,3,0.25,1.0,2,"5,6",0.19642857142857142,8,8
8,16,matched_betti,0.5,max_full_branch_node_speed,all_interior,coexact,coexact,random_tangent,literal_stable,literal_03,2,next_token_logprob_delta,even,0.20833333333333334,2,0.27737018976201366,0.014431538079873435,0.08693700623372878,3,0.25,1.0,2,"5,6",0.2037037037037037,8,8
8,16,matched_betti,0.5,max_full_branch_node_speed,all_interior,coexact,coexact,random_tangent,literal_stable,literal_04,2,next_token_logprob_delta,even,0.20833333333333334,2,-0.08672036425536786,0.019507988944991405,0.3530121154666553,3,0.25,1.0,2,"5,6",0.22,8,8
8,16,matched_betti,0.5,max_full_branch_node_speed,all_interior,coexact,coexact,random_tangent,literal_stable,literal_05,2,next_token_logprob_delta,even,0.20833333333333334,2,-0.26137859077628744,0.0033203424370586107,0.021301667192122575,3,0.25,1.0,2,"5,6",0.21153846153846156,8,8
8,16,matched_betti,0.5,max_full_branch_node_speed,all_interior,coexact,coexact,random_tangent,metaphor_shift,metaphor_01,2,next_token_logprob_delta,even,0.20833333333333334,2,0.09762518546323794,0.00225683161312263,0.038744526550612286,3,0.25,1.0,3,"6,7,8",0.2058823529411765,8,8
8,16,matched_betti,0.5,max_full_branch_node_speed,all_interior,coexact,coexact,random_tangent,metaphor_shift,metaphor_02,2,next_token_logprob_delta,even,0.20833333333333334,2,0.07048366740357986,0.006478905078460205,0.1523741379391825,3,0.25,1.0,3,"5,6,7",0.20689655172413793,8,8
8,16,matched_betti,0.5,max_full_branch_node_speed,all_interior,coexact,coexact,random_tangent,metaphor_shift,metaphor_03,2,next_token_logprob_delta,even,0.20833333333333334,2,0.057658407828874825,0.009182129520260252,0.25805691199515557,3,0.25,1.0,3,"5,6,7",0.19999999999999998,8,8
8,16,matched_betti,0.5,max_full_branch_node_speed,all_interior,coexact,coexact,random_tangent,metaphor_shift,metaphor_04,2,next_token_logprob_delta,even,0.20833333333333334,2,-0.09626054646670691,0.004171083723071794,0.07248629699817216,3,0.25,1.0,2,"5,6",0.19642857142857142,8,8
8,16,matched_betti,0.5,max_full_branch_node_speed,all_interior,coexact,coexact,random_tangent,metaphor_shift,metaphor_05,2,next_token_logprob_delta,even,0.20833333333333334,2,0.3126974990548836,0.009465455867512546,0.05070577124460696,3,0.25,1.0,2,"5,6",0.2037037037037037,8,8
8,16,matched_betti,0.5,max_full_branch_node_speed,all_interior,coexact,coexact,random_tangent,ontology_collapse,ontology_01,2,next_token_logprob_delta,even,0.20833333333333334,2,-0.37915301940654483,0.011812457690589783,0.0521834646781978,3,0.25,1.0,2,"6,7",0.20967741935483866,8,8
8,16,matched_betti,0.5,max_full_branch_node_speed,all_interior,coexact,coexact,random_tangent,ontology_collapse,ontology_02,2,next_token_logprob_delta,even,0.20833333333333334,2,-0.22547757196337093,0.0035672242303278804,0.02652610596885905,3,0.25,1.0,2,"5,6",0.19642857142857142,8,8
8,16,matched_betti,0.5,max_full_branch_node_speed,all_interior,coexact,coexact,random_tangent,ontology_collapse,ontology_03,2,next_token_logprob_delta,even,0.20833333333333334,2,0.10180024683030169,0.005717663766211977,0.09378870101075715,3,0.25,1.0,2,"6,7",0.22413793103448276,8,8
8,16,matched_betti,0.5,max_full_branch_node_speed,all_interior,coexact,coexact,random_tangent,ontology_collapse,ontology_04,2,next_token_logprob_delta,even,0.20833333333333334,2,0.1374851454993011,0.0016774742267794945,0.020460132627175852,3,0.25,1.0,3,"5,6,7",0.20689655172413793,8,8
8,16,matched_betti,0.5,max_full_branch_node_speed,all_interior,coexact,coexact,random_tangent,ontology_collapse,ontology_05,2,next_token_logprob_delta,even,0.20833333333333334,2,0.26346577137221583,0.007620190995301465,0.04845409925244449,3,0.25,1.0,2,"5,6",0.19642857142857142,8,8
8,16,matched_betti,0.5,max_full_branch_node_speed,all_interior,coexact,coexact,random_tangent,identity_stress,identity_01,3,next_token_logprob_delta,even,0.2916666666666667,2,0.06196397969903981,0.005784051449815328,0.15467977801993843,3,0.25,1.0,3,"9,10,11",0.29411764705882354,8,8
8,16,matched_betti,0.5,max_full_branch_node_speed,all_interior,coexact,coexact,random_tangent,identity_stress,identity_02,3,next_token_logprob_delta,even,0.2916666666666667,2,-0.1860413719155297,0.005206251860578173,0.04688533904657107,3,0.25,1.0,3,"8,9,10",0.2903225806451613,8,8
8,16,matched_betti,0.5,max_full_branch_node_speed,all_interior,coexact,coexact,random_tangent,identity_stress,identity_03,3,next_token_logprob_delta,even,0.2916666666666667,2,-0.10894753335824756,0.005647823430691667,0.08662186314284416,3,0.25,1.0,3,"8,9,10",0.2903225806451613,8,8
8,16,matched_betti,0.5,max_full_branch_node_speed,all_interior,coexact,coexact,random_tangent,identity_stress,identity_04,3,next_token_logprob_delta,even,0.2916666666666667,2,0.2761969712003598,0.0218217580747358,0.13136811326717623,3,0.25,1.0,3,"7,8,9",0.28571428571428575,8,8
8,16,matched_betti,0.5,max_full_branch_node_speed,all_interior,coexact,coexact,random_tangent,identity_stress,identity_05,3,next_token_logprob_delta,even,0.2916666666666667,2,0.19473236354758136,0.0023708973443279865,0.020416597528016965,3,0.25,1.0,3,"7,8,9",0.28571428571428575,8,8
8,16,matched_betti,0.5,max_full_branch_node_speed,all_interior,coexact,coexact,random_tangent,literal_stable,literal_01,3,next_token_logprob_delta,even,0.2916666666666667,2,-0.02419839029023106,0.017463978411945174,0.7709486177484369,3,0.25,1.0,2,"9,10",0.28787878787878785,8,8
8,16,matched_betti,0.5,max_full_branch_node_speed,all_interior,coexact,coexact,random_tangent,literal_stable,literal_02,3,next_token_logprob_delta,even,0.2916666666666667,2,0.1126124657465918,0.017080794534524178,0.24654890722542733,3,0.25,1.0,3,"7,8,9",0.28571428571428575,8,8
8,16,matched_betti,0.5,max_full_branch_node_speed,all_interior,coexact,coexact,random_tangent,literal_stable,literal_03,3,next_token_logprob_delta,even,0.2916666666666667,2,-0.01584942900386659,0.008550455950438775,0.6709478401427258,3,0.25,1.0,2,"7,8",0.2777777777777778,8,8
8,16,matched_betti,0.5,max_full_branch_node_speed,all_interior,coexact,coexact,random_tangent,literal_stable,literal_04,3,next_token_logprob_delta,even,0.2916666666666667,2,0.0011190100537682203,0.015494258055048183,0.9990742484676208,3,0.25,1.0,2,"7,8",0.30000000000000004,8,8
8,16,matched_betti,0.5,max_full_branch_node_speed,all_interior,coexact,coexact,random_tangent,literal_stable,literal_05,3,next_token_logprob_delta,even,0.2916666666666667,2,0.19934209367957773,0.008405192583779251,0.07054473327726027,3,0.25,1.0,2,"7,8",0.28846153846153844,8,8
8,16,matched_betti,0.5,max_full_branch_node_speed,all_interior,coexact,coexact,random_tangent,metaphor_shift,metaphor_01,3,next_token_logprob_delta,even,0.2916666666666667,2,0.3026608292690491,0.015340296289384995,0.08470580088017668,3,0.25,1.0,3,"9,10,11",0.29411764705882354,8,8
8,16,matched_betti,0.5,max_full_branch_node_speed,all_interior,coexact,coexact,random_tangent,metaphor_shift,metaphor_02,3,next_token_logprob_delta,even,0.2916666666666667,2,0.18650047423760555,0.018126103266942205,0.1608899017356993,3,0.25,1.0,2,"8,9",0.2931034482758621,8,8
8,16,matched_betti,0.5,max_full_branch_node_speed,all_interior,coexact,coexact,random_tangent,metaphor_shift,metaphor_03,3,next_token_logprob_delta,even,0.2916666666666667,2,0.4030925681564278,0.002699316047478966,0.01123106239473996,3,0.25,1.0,2,"8,9",0.2833333333333333,8,8
8,16,matched_betti,0.5,max_full_branch_node_speed,all_interior,coexact,coexact,random_tangent,metaphor_shift,metaphor_04,3,next_token_logprob_delta,even,0.2916666666666667,2,-0.03734861319965767,0.003111767199614073,0.13839878196663738,3,0.25,1.0,3,"7,8,9",0.28571428571428575,8,8
8,16,matched_betti,0.5,max_full_branch_node_speed,all_interior,coexact,coexact,random_tangent,metaphor_shift,metaphor_05,3,next_token_logprob_delta,even,0.2916666666666667,2,0.10964297500560923,0.014088460954617292,0.21067997967943108,3,0.25,1.0,2,"7,8",0.2777777777777778,8,8
8,16,matched_betti,0.5,max_full_branch_node_speed,all_interior,coexact,coexact,random_tangent,ontology_collapse,ontology_01,3,next_token_logprob_delta,even,0.2916666666666667,2,-0.016985591522033962,0.018107656316190632,0.872778632999144,3,0.25,1.0,3,"8,9,10",0.2903225806451613,8,8
8,16,matched_betti,0.5,max_full_branch_node_speed,all_interior,coexact,coexact,random_tangent,ontology_collapse,ontology_02,3,next_token_logprob_delta,even,0.2916666666666667,2,0.09539855213485053,0.0027417666717027647,0.048148637381178985,3,0.25,1.0,3,"7,8,9",0.28571428571428575,8,8
8,16,matched_betti,0.5,max_full_branch_node_speed,all_interior,coexact,coexact,random_tangent,ontology_collapse,ontology_03,3,next_token_logprob_delta,even,0.2916666666666667,2,0.15781908248632429,0.004627546424088613,0.04912086181810514,3,0.25,1.0,2,"8,9",0.2931034482758621,8,8
8,16,matched_betti,0.5,max_full_branch_node_speed,all_interior,coexact,coexact,random_tangent,ontology_collapse,ontology_04,3,next_token_logprob_delta,even,0.2916666666666667,2,-0.10217799888608728,0.0042993695287140005,0.07039921226350888,3,0.25,1.0,2,"8,9",0.2931034482758621,8,8
8,16,matched_betti,0.5,max_full_branch_node_speed,all_interior,coexact,coexact,random_tangent,ontology_collapse,ontology_05,3,next_token_logprob_delta,even,0.2916666666666667,2,0.044189622506623866,0.014036319950124023,0.47019478454234886,3,0.25,1.0,3,"7,8,9",0.28571428571428575,8,8
8,16,matched_betti,0.5,max_full_branch_node_speed,all_interior,coexact,coexact,random_tangent,identity_stress,identity_01,4,next_token_logprob_delta,even,0.375,2,0.0459549967536252,0.00863434389973129,0.3005632333860932,3,0.25,1.0,3,"12,13,14",0.38235294117647056,8,8
8,16,matched_betti,0.5,max_full_branch_node_speed,all_interior,coexact,coexact,random_tangent,identity_stress,identity_02,4,next_token_logprob_delta,even,0.375,2,-0.0386400991586023,0.006963256370836631,0.28932756294822665,3,0.25,1.0,2,"11,12",0.3709677419354838,8,8
8,16,matched_betti,0.5,max_full_branch_node_speed,all_interior,coexact,coexact,random_tangent,identity_stress,identity_03,4,next_token_logprob_delta,even,0.375,2,0.04427897777913181,0.0004856242730709664,0.018391985697977405,3,0.25,1.0,2,"11,12",0.3709677419354838,8,8
8,16,matched_betti,0.5,max_full_branch_node_speed,all_interior,coexact,coexact,random_tangent,identity_stress,identity_04,4,next_token_logprob_delta,even,0.375,2,0.08206129062900325,0.006149944943430834,0.1247176762789351,3,0.25,1.0,2,"10,11",0.375,8,8
8,16,matched_betti,0.5,max_full_branch_node_speed,all_interior,coexact,coexact,random_tangent,identity_stress,identity_05,4,next_token_logprob_delta,even,0.375,2,-0.0711762301914316,0.018207516323927333,0.39429627037519027,3,0.25,1.0,2,"10,11",0.375,8,8
8,16,matched_betti,0.5,max_full_branch_node_speed,all_interior,coexact,coexact,random_tangent,literal_stable,literal_01,4,next_token_logprob_delta,even,0.375,2,-0.22243583203814657,0.011887204326489369,0.0892763875081757,3,0.25,1.0,3,"11,12,13",0.3636363636363636,8,8
8,16,matched_betti,0.5,max_full_branch_node_speed,all_interior,coexact,coexact,random_tangent,literal_stable,literal_02,4,next_token_logprob_delta,even,0.375,2,-0.15721167095848215,0.025834365102609197,0.26571301876251496,3,0.25,1.0,2,"10,11",0.375,8,8
8,16,matched_betti,0.5,max_full_branch_node_speed,all_interior,coexact,coexact,random_tangent,literal_stable,literal_03,4,next_token_logprob_delta,even,0.375,2,0.11720829639275473,0.0007747398626297915,0.011085879326879267,3,0.25,1.0,3,"9,10,11",0.3703703703703704,8,8
8,16,matched_betti,0.5,max_full_branch_node_speed,all_interior,coexact,coexact,random_tangent,literal_stable,literal_04,4,next_token_logprob_delta,even,0.375,2,0.10889316895069713,0.007602484706480577,0.11630459139313676,3,0.25,1.0,2,"9,10",0.38000000000000006,8,8
8,16,matched_betti,0.5,max_full_branch_node_speed,all_interior,coexact,coexact,random_tangent,literal_stable,literal_05,4,next_token_logprob_delta,even,0.375,2,0.3000304860136125,0.005778428963822731,0.03228622041753905,3,0.25,1.0,2,"9,10",0.3653846153846154,8,8
8,16,matched_betti,0.5,max_full_branch_node_speed,all_interior,coexact,coexact,random_tangent,metaphor_shift,metaphor_01,4,next_token_logprob_delta,even,0.375,2,0.0007546230075192278,0.0020487106051530063,0.9767245372910642,3,0.25,1.0,2,"12,13",0.36764705882352944,8,8
8,16,matched_betti,0.5,max_full_branch_node_speed,all_interior,coexact,coexact,random_tangent,metaphor_shift,metaphor_02,4,next_token_logprob_delta,even,0.375,2,0.16936373700565951,0.025290991071160403,0.2429589039775772,3,0.25,1.0,3,"10,11,12",0.37931034482758624,8,8
8,16,matched_betti,0.5,max_full_branch_node_speed,all_interior,coexact,coexact,random_tangent,metaphor_shift,metaphor_03,4,next_token_logprob_delta,even,0.375,2,-0.12792791213819438,0.0014760609760913815,0.01934893038236448,3,0.25,1.0,3,"10,11,12",0.3666666666666667,8,8
8,16,matched_betti,0.5,max_full_branch_node_speed,all_interior,coexact,coexact,random_tangent,metaphor_shift,metaphor_04,4,next_token_logprob_delta,even,0.375,2,-0.08165323221789203,0.003260792970622797,0.06683086782142757,3,0.25,1.0,2,"10,11",0.375,8,8
8,16,matched_betti,0.5,max_full_branch_node_speed,all_interior,coexact,coexact,random_tangent,metaphor_shift,metaphor_05,4,next_token_logprob_delta,even,0.375,2,-0.434467032120754,0.03866931998462197,0.14764642699560784,3,0.25,1.0,3,"9,10,11",0.3703703703703704,8,8
8,16,matched_betti,0.5,max_full_branch_node_speed,all_interior,coexact,coexact,random_tangent,ontology_collapse,ontology_01,4,next_token_logprob_delta,even,0.375,2,0.15910876569686422,0.004831883060582737,0.05086967342973341,3,0.25,1.0,2,"11,12",0.3709677419354838,8,8
8,16,matched_betti,0.5,max_full_branch_node_speed,all_interior,coexact,coexact,random_tangent,ontology_collapse,ontology_02,4,next_token_logprob_delta,even,0.375,2,-0.12763744790604584,0.007864240877747005,0.10279481913347312,3,0.25,1.0,2,"10,11",0.375,8,8
8,16,matched_betti,0.5,max_full_branch_node_speed,all_interior,coexact,coexact,random_tangent,ontology_collapse,ontology_03,4,next_token_logprob_delta,even,0.375,2,0.14025649793587333,0.005028974444997044,0.06003047594948666,3,0.25,1.0,3,"10,11,12",0.37931034482758624,8,8
8,16,matched_betti,0.5,max_full_branch_node_speed,all_interior,coexact,coexact,random_tangent,ontology_collapse,ontology_04,4,next_token_logprob_delta,even,0.375,2,-0.22974883458483925,0.007865759745120948,0.05732866126894,3,0.25,1.0,3,"10,11,12",0.37931034482758624,8,8
8,16,matched_betti,0.5,max_full_branch_node_speed,all_interior,coexact,coexact,random_tangent,ontology_collapse,ontology_05,4,next_token_logprob_delta,even,0.375,2,-0.01863315362422495,0.0021974026111718863,0.1940389139749732,3,0.25,1.0,2,"10,11",0.375,8,8
8,16,matched_betti,0.5,max_full_branch_node_speed,all_interior,coexact,coexact,random_tangent,identity_stress,identity_01,5,next_token_logprob_delta,even,0.4583333333333333,2,-0.04925840254689413,0.0010935900171783499,0.037211109147739056,3,0.25,1.0,2,"15,16",0.45588235294117646,8,8
8,16,matched_betti,0.5,max_full_branch_node_speed,all_interior,coexact,coexact,random_tangent,identity_stress,identity_02,5,next_token_logprob_delta,even,0.4583333333333333,2,0.2576660595886969,0.009044356687050729,0.05877172016673133,3,0.25,1.0,2,"13,15",0.4516129032258065,8,8
8,16,matched_betti,0.5,max_full_branch_node_speed,all_interior,coexact,coexact,random_tangent,identity_stress,identity_03,5,next_token_logprob_delta,even,0.4583333333333333,2,-0.1998945598475452,0.011074638057495917,0.09252537721358205,3,0.25,1.0,3,"13,14,15",0.4516129032258065,8,8
8,16,matched_betti,0.5,max_full_branch_node_speed,all_interior,coexact,coexact,random_tangent,identity_stress,identity_05,5,next_token_logprob_delta,even,0.4583333333333333,2,-0.058478011547565475,0.001645602949941374,0.04714640022135981,3,0.25,1.0,2,"12,13",0.4464285714285714,8,8
8,16,matched_betti,0.5,max_full_branch_node_speed,all_interior,coexact,coexact,random_tangent,literal_stable,literal_01,5,next_token_logprob_delta,even,0.4583333333333333,2,0.039565973247592194,0.0059165228772312724,0.2432745477376785,3,0.25,1.0,3,"14,15,16",0.4545454545454546,8,8
8,16,matched_betti,0.5,max_full_branch_node_speed,all_interior,coexact,coexact,random_tangent,literal_stable,literal_02,5,next_token_logprob_delta,even,0.4583333333333333,2,-0.4339442726080512,0.007878056518312202,0.03043569157302935,3,0.25,1.0,2,"12,13",0.4464285714285714,8,8
8,16,matched_betti,0.5,max_full_branch_node_speed,all_interior,coexact,coexact,random_tangent,literal_stable,literal_03,5,next_token_logprob_delta,even,0.4583333333333333,2,0.14167899426028205,0.004498462521702256,0.05317934160920872,3,0.25,1.0,2,"12,13",0.46296296296296297,8,8
8,16,matched_betti,0.5,max_full_branch_node_speed,all_interior,coexact,coexact,random_tangent,literal_stable,literal_04,5,next_token_logprob_delta,even,0.4583333333333333,2,-0.3622031450429265,0.009331542719626072,0.04317133009230188,3,0.25,1.0,2,"11,12",0.45999999999999996,8,8
8,16,matched_betti,0.5,max_full_branch_node_speed,all_interior,coexact,coexact,random_tangent,literal_stable,literal_05,5,next_token_logprob_delta,even,0.4583333333333333,2,0.30432894226318863,0.0014723665068861948,0.008114423333026609,3,0.25,1.0,2,"11,12",0.4423076923076923,8,8
8,16,matched_betti,0.5,max_full_branch_node_speed,all_interior,coexact,coexact,random_tangent,metaphor_shift,metaphor_01,5,next_token_logprob_delta,even,0.4583333333333333,2,0.06104893430590713,0.01343951375475696,0.34637890490758894,3,0.25,1.0,2,"15,16",0.45588235294117646,8,8
8,16,matched_betti,0.5,max_full_branch_node_speed,all_interior,coexact,coexact,random_tangent,metaphor_shift,metaphor_02,5,next_token_logprob_delta,even,0.4583333333333333,2,0.3058038615152178,0.021725319012645492,0.11832076916794486,3,0.25,1.0,2,"13,14",0.46551724137931033,8,8
8,16,matched_betti,0.5,max_full_branch_node_speed,all_interior,coexact,coexact,random_tangent,metaphor_shift,metaphor_03,5,next_token_logprob_delta,even,0.4583333333333333,2,0.20308611075966793,0.0018709537096571463,0.015450063408978575,3,0.25,1.0,2,"13,14",0.45,8,8
8,16,matched_betti,0.5,max_full_branch_node_speed,all_interior,coexact,coexact,random_tangent,metaphor_shift,metaphor_04,5,next_token_logprob_delta,even,0.4583333333333333,2,0.25275059833719105,0.003965797209466632,0.026307964998040494,3,0.25,1.0,2,"12,13",0.4464285714285714,8,8
8,16,matched_betti,0.5,max_full_branch_node_speed,all_interior,coexact,coexact,random_tangent,metaphor_shift,metaphor_05,5,next_token_logprob_delta,even,0.4583333333333333,2,-0.20287165649454264,0.009433250555191201,0.0777539559672187,3,0.25,1.0,2,"12,13",0.46296296296296297,8,8
8,16,matched_betti,0.5,max_full_branch_node_speed,all_interior,coexact,coexact,random_tangent,ontology_collapse,ontology_01,5,next_token_logprob_delta,even,0.4583333333333333,2,0.0885727718699643,0.007045811077952733,0.13225084960604908,3,0.25,1.0,3,"13,14,15",0.4516129032258065,8,8
8,16,matched_betti,0.5,max_full_branch_node_speed,all_interior,coexact,coexact,random_tangent,ontology_collapse,ontology_02,5,next_token_logprob_delta,even,0.4583333333333333,2,-0.30098012203476354,0.008454234147456703,0.04706025781052512,3,0.25,1.0,2,"12,13",0.4464285714285714,8,8
8,16,matched_betti,0.5,max_full_branch_node_speed,all_interior,coexact,coexact,random_tangent,ontology_collapse,ontology_03,5,next_token_logprob_delta,even,0.4583333333333333,2,-0.10209233000349845,0.02308502079056622,0.35461265335599146,3,0.25,1.0,2,"13,14",0.46551724137931033,8,8
8,16,matched_betti,0.5,max_full_branch_node_speed,all_interior,coexact,coexact,random_tangent,ontology_collapse,ontology_04,5,next_token_logprob_delta,even,0.4583333333333333,2,-0.3102930349860463,0.0014075851290966336,0.007608330309153128,3,0.25,1.0,1,13,0.4482758620689655,8,8
8,16,matched_betti,0.5,max_full_branch_node_speed,all_interior,coexact,coexact,random_tangent,ontology_collapse,ontology_05,5,next_token_logprob_delta,even,0.4583333333333333,2,-0.19176510174351655,0.019368290552890542,0.16702334970775007,3,0.25,1.0,2,"12,13",0.4464285714285714,8,8
8,16,matched_betti,0.5,max_full_branch_node_speed,all_interior,coexact,coexact,random_tangent,identity_stress,identity_01,6,next_token_logprob_delta,even,0.5416666666666666,2,-0.1819023379022117,0.006944303580383662,0.063900054647132,3,0.25,1.0,3,"17,18,19",0.5294117647058824,8,8
8,16,matched_betti,0.5,max_full_branch_node_speed,all_interior,coexact,coexact,random_tangent,identity_stress,identity_02,6,next_token_logprob_delta,even,0.5416666666666666,2,0.08446085561225371,0.03259395340495104,0.5433721521254029,3,0.25,1.0,3,"16,17,18",0.5483870967741935,8,8
8,16,matched_betti,0.5,max_full_branch_node_speed,all_interior,coexact,coexact,random_tangent,identity_stress,identity_03,6,next_token_logprob_delta,even,0.5416666666666666,2,-0.0034504679630489444,0.005359373255058896,0.9335839369369597,3,0.25,1.0,3,"16,17,18",0.5483870967741935,8,8
8,16,matched_betti,0.5,max_full_branch_node_speed,all_interior,coexact,coexact,random_tangent,identity_stress,identity_04,6,next_token_logprob_delta,even,0.5416666666666666,2,-0.09887659765983928,0.0167361193098347,0.2731043233080683,3,0.25,1.0,2,"14,15",0.5178571428571428,8,8
8,16,matched_betti,0.5,max_full_branch_node_speed,all_interior,coexact,coexact,random_tangent,identity_stress,identity_05,6,next_token_logprob_delta,even,0.5416666666666666,2,-0.14737493293300388,0.004690186839404612,0.0533025493859023,3,0.25,1.0,3,"14,15,16",0.5357142857142857,8,8
8,16,matched_betti,0.5,max_full_branch_node_speed,all_interior,coexact,coexact,random_tangent,literal_stable,literal_01,6,next_token_logprob_delta,even,0.5416666666666666,2,-0.2733799196178026,0.0014658247677888704,0.008992846261850231,3,0.25,1.0,3,"17,18,19",0.5454545454545454,8,8
8,16,matched_betti,0.5,max_full_branch_node_speed,all_interior,coexact,coexact,random_tangent,literal_stable,literal_02,6,next_token_logprob_delta,even,0.5416666666666666,2,0.0432211297937215,0.0019524895780323212,0.07555249817664345,3,0.25,1.0,3,"14,15,16",0.5357142857142857,8,8
8,16,matched_betti,0.5,max_full_branch_node_speed,all_interior,coexact,coexact,random_tangent,literal_stable,literal_03,6,next_token_logprob_delta,even,0.5416666666666666,2,-0.27288137910962146,0.0022418561897482813,0.013778181726016265,3,0.25,1.0,2,"14,15",0.537037037037037,8,8
8,16,matched_betti,0.5,max_full_branch_node_speed,all_interior,coexact,coexact,random_tangent,literal_stable,literal_04,6,next_token_logprob_delta,even,0.5416666666666666,2,0.0019616863288858368,0.010292617973162348,0.993605631103949,3,0.25,1.0,2,"13,14",0.54,8,8
8,16,matched_betti,0.5,max_full_branch_node_speed,all_interior,coexact,coexact,random_tangent,literal_stable,literal_05,6,next_token_logprob_delta,even,0.5416666666666666,2,-0.004805456874974734,0.007202681885511331,0.9291868163185238,3,0.25,1.0,3,"13,14,15",0.5384615384615384,8,8
8,16,matched_betti,0.5,max_full_branch_node_speed,all_interior,coexact,coexact,random_tangent,metaphor_shift,metaphor_01,6,next_token_logprob_delta,even,0.5416666666666666,2,-0.19295262200231514,0.02075433878764732,0.17754257949481342,3,0.25,1.0,3,"17,18,19",0.5294117647058824,8,8
8,16,matched_betti,0.5,max_full_branch_node_speed,all_interior,coexact,coexact,random_tangent,metaphor_shift,metaphor_02,6,next_token_logprob_delta,even,0.5416666666666666,2,-0.6840442244484364,0.024241087968192007,0.059333695806076454,3,0.25,1.0,2,"15,16",0.5344827586206897,8,8
8,16,matched_betti,0.5,max_full_branch_node_speed,all_interior,coexact,coexact,random_tangent,metaphor_shift,metaphor_03,6,next_token_logprob_delta,even,0.5416666666666666,2,0.34083507129770935,0.024378890043806,0.11911485109423896,3,0.25,1.0,2,"16,17",0.55,8,8
8,16,matched_betti,0.5,max_full_branch_node_speed,all_interior,coexact,coexact,random_tangent,metaphor_shift,metaphor_04,6,next_token_logprob_delta,even,0.5416666666666666,2,-0.32834980477017983,0.03748228064512902,0.18804882914371418,3,0.25,1.0,3,"14,15,16",0.5357142857142857,8,8
8,16,matched_betti,0.5,max_full_branch_node_speed,all_interior,coexact,coexact,random_tangent,metaphor_shift,metaphor_05,6,next_token_logprob_delta,even,0.5416666666666666,2,0.19995025436962033,0.019319309973233098,0.15997041929784056,3,0.25,1.0,2,"14,15",0.537037037037037,8,8
8,16,matched_betti,0.5,max_full_branch_node_speed,all_interior,coexact,coexact,random_tangent,ontology_collapse,ontology_01,6,next_token_logprob_delta,even,0.5416666666666666,2,0.24515917837492904,0.01825554249493754,0.12393237681072845,3,0.25,1.0,3,"16,17,18",0.5483870967741935,8,8
8,16,matched_betti,0.5,max_full_branch_node_speed,all_interior,coexact,coexact,random_tangent,ontology_collapse,ontology_02,6,next_token_logprob_delta,even,0.5416666666666666,2,0.19369835532764584,0.009024151533100492,0.07790365879932146,3,0.25,1.0,3,"14,15,16",0.5357142857142857,8,8
8,16,matched_betti,0.5,max_full_branch_node_speed,all_interior,coexact,coexact,random_tangent,ontology_collapse,ontology_03,6,next_token_logprob_delta,even,0.5416666666666666,2,-0.36054213647816985,0.022069977218776272,0.10213348001843325,3,0.25,1.0,2,"15,16",0.5344827586206897,8,8
8,16,matched_betti,0.5,max_full_branch_node_speed,all_interior,coexact,coexact,random_tangent,ontology_collapse,ontology_04,6,next_token_logprob_delta,even,0.5416666666666666,2,0.10378816856351246,0.0028681909251165334,0.04630133066956494,3,0.25,1.0,2,"15,16",0.5344827586206897,8,8
8,16,matched_betti,0.5,max_full_branch_node_speed,all_interior,coexact,coexact,random_tangent,ontology_collapse,ontology_05,6,next_token_logprob_delta,even,0.5416666666666666,2,-0.5375984752968034,0.09966487054418659,0.29692179486847226,3,0.25,1.0,2,"15,16",0.5535714285714286,8,8
8,16,matched_betti,0.5,max_full_branch_node_speed,all_interior,coexact,coexact,random_tangent,identity_stress,identity_01,7,next_token_logprob_delta,even,0.625,2,-0.030958428998862777,0.014266177230998238,0.6115371934837353,3,0.25,1.0,3,"20,21,22",0.6176470588235294,8,8
8,16,matched_betti,0.5,max_full_branch_node_speed,all_interior,coexact,coexact,random_tangent,identity_stress,identity_02,7,next_token_logprob_delta,even,0.625,2,-0.07064129278816167,0.004421605903949553,0.10440961160536484,3,0.25,1.0,2,"19,20",0.6290322580645161,8,8
8,16,matched_betti,0.5,max_full_branch_node_speed,all_interior,coexact,coexact,random_tangent,identity_stress,identity_03,7,next_token_logprob_delta,even,0.625,2,0.06527315155855684,0.013341791367333537,0.3243013696745411,3,0.25,1.0,2,"19,20",0.6290322580645161,8,8
8,16,matched_betti,0.5,max_full_branch_node_speed,all_interior,coexact,coexact,random_tangent,identity_stress,identity_04,7,next_token_logprob_delta,even,0.625,2,-0.2320059846677218,0.016835283269227244,0.12081685608400279,3,0.25,1.0,2,"17,18",0.625,8,8
8,16,matched_betti,0.5,max_full_branch_node_speed,all_interior,coexact,coexact,random_tangent,identity_stress,identity_05,7,next_token_logprob_delta,even,0.625,2,0.2683062166354635,0.007274537637690122,0.04542818150108155,3,0.25,1.0,2,"17,18",0.625,8,8
8,16,matched_betti,0.5,max_full_branch_node_speed,all_interior,coexact,coexact,random_tangent,literal_stable,literal_01,7,next_token_logprob_delta,even,0.625,2,-0.07851466533499778,0.02599447512265332,0.48547380309881727,3,0.25,1.0,2,"20,21",0.6212121212121212,8,8
8,16,matched_betti,0.5,max_full_branch_node_speed,all_interior,coexact,coexact,random_tangent,literal_stable,literal_02,7,next_token_logprob_delta,even,0.625,2,0.02323586915305503,0.02610662579493847,0.8833348888237929,3,0.25,1.0,2,"17,18",0.625,8,8
8,16,matched_betti,0.5,max_full_branch_node_speed,all_interior,coexact,coexact,random_tangent,literal_stable,literal_03,7,next_token_logprob_delta,even,0.625,2,0.05943704344388534,0.002528237481888688,0.07116352830007575,3,0.25,1.0,2,"16,17",0.6111111111111112,8,8
8,16,matched_betti,0.5,max_full_branch_node_speed,all_interior,coexact,coexact,random_tangent,literal_stable,literal_04,7,next_token_logprob_delta,even,0.625,2,0.2913907439812245,0.003121039059259167,0.01796191630385913,3,0.25,1.0,2,"15,16",0.62,8,8
8,16,matched_betti,0.5,max_full_branch_node_speed,all_interior,coexact,coexact,random_tangent,literal_stable,literal_05,7,next_token_logprob_delta,even,0.625,2,0.015330211738301035,0.008907496595057967,0.6979371052059565,3,0.25,1.0,2,"16,17",0.6346153846153846,8,8
8,16,matched_betti,0.5,max_full_branch_node_speed,all_interior,coexact,coexact,random_tangent,metaphor_shift,metaphor_01,7,next_token_logprob_delta,even,0.625,2,0.10111082349409298,0.00810888491011474,0.1333118995756042,3,0.25,1.0,2,"20,21",0.6029411764705883,8,8
8,16,matched_betti,0.5,max_full_branch_node_speed,all_interior,coexact,coexact,random_tangent,metaphor_shift,metaphor_02,7,next_token_logprob_delta,even,0.625,2,0.10536601474884344,0.008191185129942687,0.12929586806824023,3,0.25,1.0,3,"17,18,19",0.6206896551724138,8,8
8,16,matched_betti,0.5,max_full_branch_node_speed,all_interior,coexact,coexact,random_tangent,metaphor_shift,metaphor_03,7,next_token_logprob_delta,even,0.625,2,-0.15510161189623545,0.002241477195692114,0.02423202763783154,3,0.25,1.0,2,"18,19",0.6166666666666667,8,8
8,16,matched_betti,0.5,max_full_branch_node_speed,all_interior,coexact,coexact,random_tangent,metaphor_shift,metaphor_04,7,next_token_logprob_delta,even,0.625,2,0.03521356877707766,0.03970881512079979,0.8840415209883318,3,0.25,1.0,2,"17,18",0.625,8,8
8,16,matched_betti,0.5,max_full_branch_node_speed,all_interior,coexact,coexact,random_tangent,metaphor_shift,metaphor_05,7,next_token_logprob_delta,even,0.625,2,0.06307454862980338,0.004401512767446712,0.11624989144703168,3,0.25,1.0,2,"16,17",0.6111111111111112,8,8
8,16,matched_betti,0.5,max_full_branch_node_speed,all_interior,coexact,coexact,random_tangent,ontology_collapse,ontology_01,7,next_token_logprob_delta,even,0.625,2,-0.0013175466021916546,0.007183831928944217,0.9940746006643163,3,0.25,1.0,2,"19,20",0.6290322580645161,8,8
8,16,matched_betti,0.5,max_full_branch_node_speed,all_interior,coexact,coexact,random_tangent,ontology_collapse,ontology_02,7,next_token_logprob_delta,even,0.625,2,0.03744951721797486,0.0005270847170536489,0.023600027594513986,3,0.25,1.0,2,"17,18",0.625,8,8
8,16,matched_betti,0.5,max_full_branch_node_speed,all_interior,coexact,coexact,random_tangent,ontology_collapse,ontology_03,7,next_token_logprob_delta,even,0.625,2,-0.12145316452637975,0.01766795096452415,0.2370388432443486,3,0.25,1.0,3,"17,18,19",0.6206896551724138,8,8
8,16,matched_betti,0.5,max_full_branch_node_speed,all_interior,coexact,coexact,random_tangent,ontology_collapse,ontology_04,7,next_token_logprob_delta,even,0.625,2,0.0060642614579372684,0.00798672577614033,0.9109989697010775,3,0.25,1.0,3,"17,18,19",0.6206896551724138,8,8
8,16,matched_betti,0.5,max_full_branch_node_speed,all_interior,coexact,coexact,random_tangent,ontology_collapse,ontology_05,7,next_token_logprob_delta,even,0.625,2,0.3768112321450599,0.026199301180192213,0.1158328949984662,3,0.25,1.0,2,"17,18",0.625,8,8
8,16,matched_betti,0.5,max_full_branch_node_speed,all_interior,coexact,coexact,random_tangent,identity_stress,identity_01,8,next_token_logprob_delta,even,0.7083333333333334,2,0.19862678091983926,0.0011746914685249372,0.00991890959343078,3,0.25,1.0,3,"23,24,25",0.7058823529411765,8,8
8,16,matched_betti,0.5,max_full_branch_node_speed,all_interior,coexact,coexact,random_tangent,identity_stress,identity_02,8,next_token_logprob_delta,even,0.7083333333333334,2,0.07875169599828404,0.01380945853513127,0.2821632972235001,3,0.25,1.0,3,"21,22,23",0.7096774193548386,8,8
8,16,matched_betti,0.5,max_full_branch_node_speed,all_interior,coexact,coexact,random_tangent,identity_stress,identity_03,8,next_token_logprob_delta,even,0.7083333333333334,2,-0.14783109054181692,0.006473720251998873,0.07325193782696715,3,0.25,1.0,2,"21,22",0.6935483870967744,8,8
8,16,matched_betti,0.5,max_full_branch_node_speed,all_interior,coexact,coexact,random_tangent,identity_stress,identity_04,8,next_token_logprob_delta,even,0.7083333333333334,2,-0.1016909512488853,0.011714193860637297,0.18970155925239637,3,0.25,1.0,2,"19,20",0.6964285714285715,8,8
8,16,matched_betti,0.5,max_full_branch_node_speed,all_interior,coexact,coexact,random_tangent,identity_stress,identity_05,8,next_token_logprob_delta,even,0.7083333333333334,2,-0.4078520415887756,0.034202000033315555,0.13928175319784622,3,0.25,1.0,2,"19,20",0.6964285714285715,8,8
8,16,matched_betti,0.5,max_full_branch_node_speed,all_interior,coexact,coexact,random_tangent,literal_stable,literal_01,8,next_token_logprob_delta,even,0.7083333333333334,2,0.0752611746855208,0.007565687883984189,0.16626072510869896,3,0.25,1.0,3,"22,23,24",0.6969696969696969,8,8
8,16,matched_betti,0.5,max_full_branch_node_speed,all_interior,coexact,coexact,random_tangent,literal_stable,literal_02,8,next_token_logprob_delta,even,0.7083333333333334,2,-0.3273873868450674,0.010640524396180186,0.0544322192844251,3,0.25,1.0,2,"19,20",0.6964285714285715,8,8
8,16,matched_betti,0.5,max_full_branch_node_speed,all_interior,coexact,coexact,random_tangent,literal_stable,literal_03,8,next_token_logprob_delta,even,0.7083333333333334,2,0.04671039942893409,0.008733176024400931,0.29921968556687767,3,0.25,1.0,3,"18,19,20",0.7037037037037037,8,8
8,16,matched_betti,0.5,max_full_branch_node_speed,all_interior,coexact,coexact,random_tangent,literal_stable,literal_04,8,next_token_logprob_delta,even,0.7083333333333334,2,0.3578270812645065,0.013239174682549606,0.06193731349377639,3,0.25,1.0,2,"17,18",0.6999999999999998,8,8
8,16,matched_betti,0.5,max_full_branch_node_speed,all_interior,coexact,coexact,random_tangent,literal_stable,literal_05,8,next_token_logprob_delta,even,0.7083333333333334,2,-0.23594562942743208,0.012392745272947274,0.08775586056926099,3,0.25,1.0,2,"18,19",0.7115384615384613,8,8
8,16,matched_betti,0.5,max_full_branch_node_speed,all_interior,coexact,coexact,random_tangent,metaphor_shift,metaphor_01,8,next_token_logprob_delta,even,0.7083333333333334,2,-0.05594179970123173,0.0007291539827332941,0.021856385822563548,3,0.25,1.0,3,"23,24,25",0.7058823529411765,8,8
8,16,matched_betti,0.5,max_full_branch_node_speed,all_interior,coexact,coexact,random_tangent,metaphor_shift,metaphor_02,8,next_token_logprob_delta,even,0.7083333333333334,2,-0.2481311941802345,0.016361780066512226,0.10992802953722122,3,0.25,1.0,2,"20,21",0.7068965517241379,8,8
8,16,matched_betti,0.5,max_full_branch_node_speed,all_interior,coexact,coexact,random_tangent,metaphor_shift,metaphor_03,8,next_token_logprob_delta,even,0.7083333333333334,2,0.19068185628200332,0.008661084014095457,0.07596359267403326,3,0.25,1.0,3,"20,21,22",0.6999999999999998,8,8
8,16,matched_betti,0.5,max_full_branch_node_speed,all_interior,coexact,coexact,random_tangent,metaphor_shift,metaphor_04,8,next_token_logprob_delta,even,0.7083333333333334,2,-0.25784344273683035,0.020449472216121298,0.13186103439179797,3,0.25,1.0,2,"19,20",0.6964285714285715,8,8
8,16,matched_betti,0.5,max_full_branch_node_speed,all_interior,coexact,coexact,random_tangent,metaphor_shift,metaphor_05,8,next_token_logprob_delta,even,0.7083333333333334,2,-0.45330286300689027,0.005459007414849123,0.02019463150553746,3,0.25,1.0,3,"18,19,20",0.7037037037037037,8,8
8,16,matched_betti,0.5,max_full_branch_node_speed,all_interior,coexact,coexact,random_tangent,ontology_collapse,ontology_01,8,next_token_logprob_delta,even,0.7083333333333334,2,-0.13189552252624226,0.007710865411867029,0.09758756490840881,3,0.25,1.0,3,"21,22,23",0.7096774193548386,8,8
8,16,matched_betti,0.5,max_full_branch_node_speed,all_interior,coexact,coexact,random_tangent,ontology_collapse,ontology_02,8,next_token_logprob_delta,even,0.7083333333333334,2,-0.029772603666076935,0.013677884178980264,0.6103675683812664,3,0.25,1.0,2,"19,20",0.6964285714285715,8,8
8,16,matched_betti,0.5,max_full_branch_node_speed,all_interior,coexact,coexact,random_tangent,ontology_collapse,ontology_03,8,next_token_logprob_delta,even,0.7083333333333334,2,-0.1525109089220441,0.014936150016467172,0.16208977853234327,3,0.25,1.0,2,"20,21",0.7068965517241379,8,8
8,16,matched_betti,0.5,max_full_branch_node_speed,all_interior,coexact,coexact,random_tangent,ontology_collapse,ontology_04,8,next_token_logprob_delta,even,0.7083333333333334,2,0.03416699827120721,0.008025471993958564,0.3665490896555006,3,0.25,1.0,2,"20,21",0.7068965517241379,8,8
8,16,matched_betti,0.5,max_full_branch_node_speed,all_interior,coexact,coexact,random_tangent,ontology_collapse,ontology_05,8,next_token_logprob_delta,even,0.7083333333333334,2,-0.1365273484422731,0.010131391521860104,0.12351239777337024,3,0.25,1.0,1,19,0.6785714285714285,8,8
8,16,matched_betti,0.5,max_full_branch_node_speed,all_interior,coexact,coexact,random_tangent,identity_stress,identity_01,9,next_token_logprob_delta,even,0.7916666666666666,2,-0.018919781494531974,0.002859161589608419,0.24569760812073213,3,0.25,1.0,3,"26,27,28",0.7941176470588235,8,8
8,16,matched_betti,0.5,max_full_branch_node_speed,all_interior,coexact,coexact,random_tangent,identity_stress,identity_02,9,next_token_logprob_delta,even,0.7916666666666666,2,-0.018100158870176786,0.00544080431829407,0.450192423894673,3,0.25,1.0,2,"24,25",0.7903225806451614,8,8
8,16,matched_betti,0.5,max_full_branch_node_speed,all_interior,coexact,coexact,random_tangent,identity_stress,identity_03,9,next_token_logprob_delta,even,0.7916666666666666,2,-0.07341574036232612,0.0025853078231075047,0.05896117825717307,3,0.25,1.0,2,"24,25",0.7903225806451614,8,8
8,16,matched_betti,0.5,max_full_branch_node_speed,all_interior,coexact,coexact,random_tangent,identity_stress,identity_04,9,next_token_logprob_delta,even,0.7916666666666666,2,0.09472512610517668,0.0054105899346001025,0.095366267395762,3,0.25,1.0,3,"21,22,23",0.7857142857142857,8,8
8,16,matched_betti,0.5,max_full_branch_node_speed,all_interior,coexact,coexact,random_tangent,identity_stress,identity_05,9,next_token_logprob_delta,even,0.7916666666666666,2,-0.18916826318210697,0.0129544559848317,0.11411010899156737,3,0.25,1.0,3,"21,22,23",0.7857142857142857,8,8
8,16,matched_betti,0.5,max_full_branch_node_speed,all_interior,coexact,coexact,random_tangent,literal_stable,literal_01,9,next_token_logprob_delta,even,0.7916666666666666,2,-0.07502811319117651,0.004093850884906091,0.09113729258337562,3,0.25,1.0,2,"25,26",0.7727272727272728,8,8
8,16,matched_betti,0.5,max_full_branch_node_speed,all_interior,coexact,coexact,random_tangent,literal_stable,literal_02,9,next_token_logprob_delta,even,0.7916666666666666,2,-0.08385343658473722,0.010403258578594522,0.20372440098931255,3,0.25,1.0,1,21,0.75,8,8
8,16,matched_betti,0.5,max_full_branch_node_speed,all_interior,coexact,coexact,random_tangent,literal_stable,literal_03,9,next_token_logprob_delta,even,0.7916666666666666,2,-0.0991211416040866,0.05056548918007454,0.650129507299302,3,0.25,1.0,2,"21,22",0.7962962962962963,8,8
8,16,matched_betti,0.5,max_full_branch_node_speed,all_interior,coexact,coexact,random_tangent,literal_stable,literal_04,9,next_token_logprob_delta,even,0.7916666666666666,2,-0.20775479881995396,0.007523790985708871,0.06062967632641789,3,0.25,1.0,2,"19,20",0.7799999999999999,8,8
8,16,matched_betti,0.5,max_full_branch_node_speed,all_interior,coexact,coexact,random_tangent,literal_stable,literal_05,9,next_token_logprob_delta,even,0.7916666666666666,2,-0.11780387259041031,0.0015640032859221698,0.02226228475370273,3,0.25,1.0,2,"20,21",0.7884615384615387,8,8
8,16,matched_betti,0.5,max_full_branch_node_speed,all_interior,coexact,coexact,random_tangent,metaphor_shift,metaphor_01,9,next_token_logprob_delta,even,0.7916666666666666,2,-0.04008480249966529,0.015621046421647211,0.5471205664799818,3,0.25,1.0,3,"26,27,28",0.7941176470588235,8,8
8,16,matched_betti,0.5,max_full_branch_node_speed,all_interior,coexact,coexact,random_tangent,metaphor_shift,metaphor_02,9,next_token_logprob_delta,even,0.7916666666666666,2,0.06773379144126843,0.009490438882949757,0.2287741843207106,3,0.25,1.0,3,"22,23,24",0.7931034482758621,8,8
8,16,matched_betti,0.5,max_full_branch_node_speed,all_interior,coexact,coexact,random_tangent,metaphor_shift,metaphor_03,9,next_token_logprob_delta,even,0.7916666666666666,2,-0.08836420693035257,0.01650695943990411,0.29898895556471383,3,0.25,1.0,2,"23,24",0.7833333333333335,8,8
8,16,matched_betti,0.5,max_full_branch_node_speed,all_interior,coexact,coexact,random_tangent,metaphor_shift,metaphor_04,9,next_token_logprob_delta,even,0.7916666666666666,2,-0.01657463622837479,0.031716169222682986,0.9547307925928152,3,0.25,1.0,3,"21,22,23",0.7857142857142857,8,8
8,16,matched_betti,0.5,max_full_branch_node_speed,all_interior,coexact,coexact,random_tangent,metaphor_shift,metaphor_05,9,next_token_logprob_delta,even,0.7916666666666666,2,-0.11616747942561288,0.015946157545038652,0.22436490835595574,3,0.25,1.0,2,"21,22",0.7962962962962963,8,8
8,16,matched_betti,0.5,max_full_branch_node_speed,all_interior,coexact,coexact,random_tangent,ontology_collapse,ontology_01,9,next_token_logprob_delta,even,0.7916666666666666,2,-0.03765956602893861,0.012462348669351198,0.4852980833884559,3,0.25,1.0,2,"24,25",0.7903225806451614,8,8
8,16,matched_betti,0.5,max_full_branch_node_speed,all_interior,coexact,coexact,random_tangent,ontology_collapse,ontology_02,9,next_token_logprob_delta,even,0.7916666666666666,2,-0.18410117422291522,0.010444099285067098,0.09472324642459855,3,0.25,1.0,3,"21,22,23",0.7857142857142857,8,8
8,16,matched_betti,0.5,max_full_branch_node_speed,all_interior,coexact,coexact,random_tangent,ontology_collapse,ontology_03,9,next_token_logprob_delta,even,0.7916666666666666,2,-0.07299219901959567,0.013951096157566359,0.30527334569959874,3,0.25,1.0,3,"22,23,24",0.7931034482758621,8,8
8,16,matched_betti,0.5,max_full_branch_node_speed,all_interior,coexact,coexact,random_tangent,ontology_collapse,ontology_04,9,next_token_logprob_delta,even,0.7916666666666666,2,0.10810469839251606,0.002689081359659305,0.041685115141190124,3,0.25,1.0,3,"22,23,24",0.7931034482758621,8,8
8,16,matched_betti,0.5,max_full_branch_node_speed,all_interior,coexact,coexact,random_tangent,ontology_collapse,ontology_05,9,next_token_logprob_delta,even,0.7916666666666666,2,0.17188787062637273,0.0024977885360881226,0.02436580510252358,3,0.25,1.0,3,"21,22,23",0.7857142857142857,8,8
8,16,matched_betti,0.5,max_full_branch_node_speed,all_interior,coexact,coexact,random_tangent,identity_stress,identity_01,10,next_token_logprob_delta,even,0.875,2,-0.20989022681168287,0.003947888258463864,0.031532318700379064,3,0.25,1.0,3,"29,30,31",0.8823529411764706,8,8
8,16,matched_betti,0.5,max_full_branch_node_speed,all_interior,coexact,coexact,random_tangent,identity_stress,identity_02,10,next_token_logprob_delta,even,0.875,2,-0.32278175900400724,0.009101126179116152,0.04723896006350435,3,0.25,1.0,1,26,0.8387096774193549,8,8
8,16,matched_betti,0.5,max_full_branch_node_speed,all_interior,coexact,coexact,random_tangent,identity_stress,identity_03,10,next_token_logprob_delta,even,0.875,2,-0.17969414795020433,0.02575803308724162,0.23376285134538052,3,0.25,1.0,3,"26,27,28",0.8709677419354839,8,8
8,16,matched_betti,0.5,max_full_branch_node_speed,all_interior,coexact,coexact,random_tangent,identity_stress,identity_04,10,next_token_logprob_delta,even,0.875,2,0.3860048375306466,0.053622357800122034,0.22692000611910843,3,0.25,1.0,1,24,0.8571428571428571,8,8
8,16,matched_betti,0.5,max_full_branch_node_speed,all_interior,coexact,coexact,random_tangent,identity_stress,identity_05,10,next_token_logprob_delta,even,0.875,2,0.23166862020614926,0.018677652664851628,0.13400455856816074,3,0.25,1.0,2,"24,25",0.875,8,8
8,16,matched_betti,0.5,max_full_branch_node_speed,all_interior,coexact,coexact,random_tangent,literal_stable,literal_01,10,next_token_logprob_delta,even,0.875,2,0.24752616054247012,0.009882871949767199,0.06681742121759134,3,0.25,1.0,2,"29,30",0.8939393939393939,8,8
8,16,matched_betti,0.5,max_full_branch_node_speed,all_interior,coexact,coexact,random_tangent,literal_stable,literal_02,10,next_token_logprob_delta,even,0.875,2,-0.06093984514701916,0.007391753217773722,0.19936035102709498,3,0.25,1.0,2,"24,25",0.875,8,8
8,16,matched_betti,0.5,max_full_branch_node_speed,all_interior,coexact,coexact,random_tangent,literal_stable,literal_03,10,next_token_logprob_delta,even,0.875,2,0.3131621908330281,0.0048251675459691735,0.025834340933390824,3,0.25,1.0,2,"23,24",0.8703703703703703,8,8
8,16,matched_betti,0.5,max_full_branch_node_speed,all_interior,coexact,coexact,random_tangent,literal_stable,literal_04,10,next_token_logprob_delta,even,0.875,2,-0.17753515925521332,0.01523178264568915,0.14243442166705889,3,0.25,1.0,2,"21,22",0.86,8,8
8,16,matched_betti,0.5,max_full_branch_node_speed,all_interior,coexact,coexact,random_tangent,literal_stable,literal_05,10,next_token_logprob_delta,even,0.875,2,-0.08446502395402798,0.003710874649118212,0.07348906947554262,3,0.25,1.0,2,"22,23",0.8653846153846154,8,8
8,16,matched_betti,0.5,max_full_branch_node_speed,all_interior,coexact,coexact,random_tangent,metaphor_shift,metaphor_01,10,next_token_logprob_delta,even,0.875,2,0.03189997032892241,0.045703269706769974,0.9232481251054296,3,0.25,1.0,3,"29,30,31",0.8823529411764706,8,8
8,16,matched_betti,0.5,max_full_branch_node_speed,all_interior,coexact,coexact,random_tangent,metaphor_shift,metaphor_02,10,next_token_logprob_delta,even,0.875,2,0.15244448963446017,0.01826792364807036,0.19705030575948992,3,0.25,1.0,1,26,0.896551724137931,8,8
8,16,matched_betti,0.5,max_full_branch_node_speed,all_interior,coexact,coexact,random_tangent,metaphor_shift,metaphor_03,10,next_token_logprob_delta,even,0.875,2,-0.6736794909040907,0.03593781870812762,0.08911815681448713,3,0.25,1.0,2,"25,27",0.8666666666666667,8,8
8,16,matched_betti,0.5,max_full_branch_node_speed,all_interior,coexact,coexact,random_tangent,metaphor_shift,metaphor_04,10,next_token_logprob_delta,even,0.875,2,0.013972546249724532,0.0009838014733289347,0.1172799301270494,3,0.25,1.0,2,"24,25",0.875,8,8
8,16,matched_betti,0.5,max_full_branch_node_speed,all_interior,coexact,coexact,random_tangent,metaphor_shift,metaphor_05,10,next_token_logprob_delta,even,0.875,2,-0.41249080213793876,0.003045034767540968,0.012380665389950677,3,0.25,1.0,2,"23,24",0.8703703703703703,8,8
8,16,matched_betti,0.5,max_full_branch_node_speed,all_interior,coexact,coexact,random_tangent,ontology_collapse,ontology_01,10,next_token_logprob_delta,even,0.875,2,-0.16146674184515833,0.041132455731017474,0.39290680904174846,3,0.25,1.0,3,"26,27,28",0.8709677419354839,8,8
8,16,matched_betti,0.5,max_full_branch_node_speed,all_interior,coexact,coexact,random_tangent,ontology_collapse,ontology_02,10,next_token_logprob_delta,even,0.875,2,0.16958907621236802,0.01202326650325903,0.11807961833855145,3,0.25,1.0,2,"24,25",0.875,8,8
8,16,matched_betti,0.5,max_full_branch_node_speed,all_interior,coexact,coexact,random_tangent,ontology_collapse,ontology_03,10,next_token_logprob_delta,even,0.875,2,-0.09721875511537384,0.011948272348321728,0.2018914596031328,3,0.25,1.0,2,"25,26",0.8793103448275862,8,8
8,16,matched_betti,0.5,max_full_branch_node_speed,all_interior,coexact,coexact,random_tangent,ontology_collapse,ontology_04,10,next_token_logprob_delta,even,0.875,2,-0.013807171329105727,0.006377705476718544,0.612445939281387,3,0.25,1.0,2,"25,26",0.8793103448275862,8,8
8,16,matched_betti,0.5,max_full_branch_node_speed,all_interior,coexact,coexact,random_tangent,ontology_collapse,ontology_05,10,next_token_logprob_delta,even,0.875,2,0.3076867995959713,0.015054933901535637,0.08179216203150164,3,0.25,1.0,2,"24,25",0.875,8,8
8,16,matched_betti,0.5,max_full_branch_node_speed,all_interior,coexact,coexact,random_tangent,identity_stress,identity_01,11,next_token_logprob_delta,even,0.9583333333333334,2,-0.01755634639859134,0.013717370372183109,0.7949852064235735,3,0.25,1.0,2,"32,33",0.9558823529411763,8,8
8,16,matched_betti,0.5,max_full_branch_node_speed,all_interior,coexact,coexact,random_tangent,identity_stress,identity_02,11,next_token_logprob_delta,even,0.9583333333333334,2,0.0707966210521177,0.0023894952083136395,0.056519478169163265,3,0.25,1.0,1,30,0.967741935483871,8,8
8,16,matched_betti,0.5,max_full_branch_node_speed,all_interior,coexact,coexact,random_tangent,identity_stress,identity_03,11,next_token_logprob_delta,even,0.9583333333333334,2,0.4652244151863322,0.009595954712470356,0.034575242448937255,3,0.25,1.0,1,29,0.9354838709677419,8,8
8,16,matched_betti,0.5,max_full_branch_node_speed,all_interior,coexact,coexact,random_tangent,identity_stress,identity_04,11,next_token_logprob_delta,even,0.9583333333333334,2,0.0699090399749005,0.0030462628397340385,0.07289143609816319,3,0.25,1.0,1,26,0.9285714285714285,8,8
8,16,matched_betti,0.5,max_full_branch_node_speed,all_interior,coexact,coexact,random_tangent,identity_stress,identity_05,11,next_token_logprob_delta,even,0.9583333333333334,2,0.17766326723989773,0.003568405236521354,0.03366894534728178,3,0.25,1.0,2,"26,27",0.9464285714285715,8,8
8,16,matched_betti,0.5,max_full_branch_node_speed,all_interior,coexact,coexact,random_tangent,literal_stable,literal_01,11,next_token_logprob_delta,even,0.9583333333333334,2,-0.083867116086145,0.028183236876501358,0.49101258604167186,3,0.25,1.0,1,32,0.9696969696969697,8,8
8,16,matched_betti,0.5,max_full_branch_node_speed,all_interior,coexact,coexact,random_tangent,literal_stable,literal_02,11,next_token_logprob_delta,even,0.9583333333333334,2,-0.5678297628905588,0.02681840881204658,0.07896883915011367,3,0.25,1.0,2,"26,27",0.9464285714285715,8,8
8,16,matched_betti,0.5,max_full_branch_node_speed,all_interior,coexact,coexact,random_tangent,literal_stable,literal_03,11,next_token_logprob_delta,even,0.9583333333333334,2,-0.016968738449588978,0.015987323387074613,0.845018258631271,3,0.25,1.0,1,25,0.9259259259259259,8,8
8,16,matched_betti,0.5,max_full_branch_node_speed,all_interior,coexact,coexact,random_tangent,literal_stable,literal_04,11,next_token_logprob_delta,even,0.9583333333333334,2,0.09649884968322645,0.011349560891729152,0.1935380172386582,3,0.25,1.0,2,"23,24",0.94,8,8
8,16,matched_betti,0.5,max_full_branch_node_speed,all_interior,coexact,coexact,random_tangent,literal_stable,literal_05,11,next_token_logprob_delta,even,0.9583333333333334,2,0.012611153617029832,0.003611283428275981,0.43294554268669333,3,0.25,1.0,1,25,0.9615384615384616,8,8
8,16,matched_betti,0.5,max_full_branch_node_speed,all_interior,coexact,coexact,random_tangent,metaphor_shift,metaphor_01,11,next_token_logprob_delta,even,0.9583333333333334,2,0.17591947130079674,0.019461776827301786,0.18243885225876194,3,0.25,1.0,1,32,0.9411764705882352,8,8
8,16,matched_betti,0.5,max_full_branch_node_speed,all_interior,coexact,coexact,random_tangent,metaphor_shift,metaphor_02,11,next_token_logprob_delta,even,0.9583333333333334,2,0.08536092638643519,0.08559006135031559,0.8595278550779515,3,0.25,1.0,2,"27,28",0.9482758620689656,8,8
8,16,matched_betti,0.5,max_full_branch_node_speed,all_interior,coexact,coexact,random_tangent,metaphor_shift,metaphor_03,11,next_token_logprob_delta,even,0.9583333333333334,2,0.012982326944243235,0.004739763938848605,0.5222223186339946,3,0.25,1.0,2,"28,29",0.9499999999999998,8,8
8,16,matched_betti,0.5,max_full_branch_node_speed,all_interior,coexact,coexact,random_tangent,metaphor_shift,metaphor_04,11,next_token_logprob_delta,even,0.9583333333333334,2,-0.026880156722740745,0.01518755466044802,0.6878585081459446,3,0.25,1.0,1,26,0.9285714285714285,8,8
8,16,matched_betti,0.5,max_full_branch_node_speed,all_interior,coexact,coexact,random_tangent,metaphor_shift,metaphor_05,11,next_token_logprob_delta,even,0.9583333333333334,2,-0.22179708559520223,0.0024214820004898013,0.018308463413270446,3,0.25,1.0,2,"25,26",0.9444444444444443,8,8
8,16,matched_betti,0.5,max_full_branch_node_speed,all_interior,coexact,coexact,random_tangent,ontology_collapse,ontology_01,11,next_token_logprob_delta,even,0.9583333333333334,2,-0.15133198064309833,0.0056112055376923535,0.062070681453139286,3,0.25,1.0,2,"29,30",0.9516129032258065,8,8
8,16,matched_betti,0.5,max_full_branch_node_speed,all_interior,coexact,coexact,random_tangent,ontology_collapse,ontology_02,11,next_token_logprob_delta,even,0.9583333333333334,2,-0.3289504608653089,0.027244607927883968,0.13759380871703164,3,0.25,1.0,2,"26,27",0.9464285714285715,8,8
8,16,matched_betti,0.5,max_full_branch_node_speed,all_interior,coexact,coexact,random_tangent,ontology_collapse,ontology_03,11,next_token_logprob_delta,even,0.9583333333333334,2,0.11198657164030787,0.0012349262606607778,0.018492690043571874,3,0.25,1.0,2,"27,28",0.9482758620689656,8,8
8,16,matched_betti,0.5,max_full_branch_node_speed,all_interior,coexact,coexact,random_tangent,ontology_collapse,ontology_04,11,next_token_logprob_delta,even,0.9583333333333334,2,0.1905415219424813,0.0128812709948281,0.1126663759891667,3,0.25,1.0,2,"27,28",0.9482758620689656,8,8
8,16,matched_betti,0.5,max_full_branch_node_speed,all_interior,coexact,coexact,random_tangent,ontology_collapse,ontology_05,11,next_token_logprob_delta,even,0.9583333333333334,2,0.2568253989178196,0.0061410583188774084,0.04007334042199898,3,0.25,1.0,2,"26,27",0.9464285714285715,8,8
8,16,matched_betti,0.5,max_full_branch_node_speed,all_interior,coexact,coexact,random_tangent,identity_stress,identity_01,0,next_token_logprob_delta,odd,0.041666666666666664,1,1.2206353670004173,0.009250114482827391,0.011456280229277997,3,0.25,1.0,2,"1,2",0.04411764705882352,8,8
8,16,matched_betti,0.5,max_full_branch_node_speed,all_interior,coexact,coexact,random_tangent,identity_stress,identity_02,0,next_token_logprob_delta,odd,0.041666666666666664,1,0.6169909079361824,0.02670439450571032,0.0652960843837438,3,0.25,1.0,2,"1,2",0.04838709677419354,8,8
8,16,matched_betti,0.5,max_full_branch_node_speed,all_interior,coexact,coexact,random_tangent,identity_stress,identity_03,0,next_token_logprob_delta,odd,0.041666666666666664,1,2.0652667787317385,0.05716830810026,0.04181288913909177,3,0.25,1.0,2,"1,2",0.04838709677419354,8,8
8,16,matched_betti,0.5,max_full_branch_node_speed,all_interior,coexact,coexact,random_tangent,identity_stress,identity_04,0,next_token_logprob_delta,odd,0.041666666666666664,1,1.4092619559613346,0.02830627676462051,0.030353015300401825,3,0.25,1.0,2,"1,2",0.05357142857142857,8,8
8,16,matched_betti,0.5,max_full_branch_node_speed,all_interior,coexact,coexact,random_tangent,identity_stress,identity_05,0,next_token_logprob_delta,odd,0.041666666666666664,1,0.9823442347367694,0.005971679354855712,0.009190209468218283,3,0.25,1.0,2,"1,2",0.05357142857142857,8,8
8,16,matched_betti,0.5,max_full_branch_node_speed,all_interior,coexact,coexact,random_tangent,literal_stable,literal_01,0,next_token_logprob_delta,odd,0.041666666666666664,1,-0.21445341227035103,0.07078658550234264,0.44652102551222894,3,0.25,1.0,2,"1,2",0.04545454545454545,8,8
8,16,matched_betti,0.5,max_full_branch_node_speed,all_interior,coexact,coexact,random_tangent,literal_stable,literal_02,0,next_token_logprob_delta,odd,0.041666666666666664,1,0.8283905251184118,0.005581268433865014,0.01018559091665132,3,0.25,1.0,2,"1,2",0.05357142857142857,8,8
8,16,matched_betti,0.5,max_full_branch_node_speed,all_interior,coexact,coexact,random_tangent,literal_stable,literal_03,0,next_token_logprob_delta,odd,0.041666666666666664,1,1.347454417552284,0.06602802810140396,0.0738816644862035,3,0.25,1.0,2,"1,2",0.05555555555555555,8,8
8,16,matched_betti,0.5,max_full_branch_node_speed,all_interior,coexact,coexact,random_tangent,literal_stable,literal_04,0,next_token_logprob_delta,odd,0.041666666666666664,1,0.7097863079725748,0.027569210069289786,0.058621936141056125,3,0.25,1.0,2,"1,2",0.06,8,8
8,16,matched_betti,0.5,max_full_branch_node_speed,all_interior,coexact,coexact,random_tangent,literal_stable,literal_05,0,next_token_logprob_delta,odd,0.041666666666666664,1,0.5139913497059846,0.006934560842141235,0.02039312580039453,3,0.25,1.0,2,"1,2",0.05769230769230769,8,8
8,16,matched_betti,0.5,max_full_branch_node_speed,all_interior,coexact,coexact,random_tangent,metaphor_shift,metaphor_01,0,next_token_logprob_delta,odd,0.041666666666666664,1,-0.17176255525543,0.03862068243971283,0.32185191316878387,3,0.25,1.0,2,"1,2",0.04411764705882352,8,8
8,16,matched_betti,0.5,max_full_branch_node_speed,all_interior,coexact,coexact,random_tangent,metaphor_shift,metaphor_02,0,next_token_logprob_delta,odd,0.041666666666666664,1,0.16987372464197967,0.0855607743439599,0.6058302299599484,3,0.25,1.0,2,"1,2",0.05172413793103448,8,8
8,16,matched_betti,0.5,max_full_branch_node_speed,all_interior,coexact,coexact,random_tangent,metaphor_shift,metaphor_03,0,next_token_logprob_delta,odd,0.041666666666666664,1,-0.3290835097057786,0.05909420768102111,0.2620035577779626,3,0.25,1.0,2,"1,2",0.05000000000000001,8,8
8,16,matched_betti,0.5,max_full_branch_node_speed,all_interior,coexact,coexact,random_tangent,metaphor_shift,metaphor_04,0,next_token_logprob_delta,odd,0.041666666666666664,1,1.6603581141931787,0.022640419695556756,0.02061111128024257,3,0.25,1.0,2,"1,2",0.05357142857142857,8,8
8,16,matched_betti,0.5,max_full_branch_node_speed,all_interior,coexact,coexact,random_tangent,metaphor_shift,metaphor_05,0,next_token_logprob_delta,odd,0.041666666666666664,1,0.3169660232949461,0.008740644444539007,0.04165475753228718,3,0.25,1.0,2,"1,2",0.05555555555555555,8,8
8,16,matched_betti,0.5,max_full_branch_node_speed,all_interior,coexact,coexact,random_tangent,ontology_collapse,ontology_01,0,next_token_logprob_delta,odd,0.041666666666666664,1,0.7063623087190377,0.04407774826568445,0.09392446369458159,3,0.25,1.0,2,"1,2",0.04838709677419354,8,8
8,16,matched_betti,0.5,max_full_branch_node_speed,all_interior,coexact,coexact,random_tangent,ontology_collapse,ontology_02,0,next_token_logprob_delta,odd,0.041666666666666664,1,2.021325734934936,0.007855065518957977,0.005875123258139738,3,0.25,1.0,2,"1,2",0.05357142857142857,8,8
8,16,matched_betti,0.5,max_full_branch_node_speed,all_interior,coexact,coexact,random_tangent,ontology_collapse,ontology_03,0,next_token_logprob_delta,odd,0.041666666666666664,1,0.6055616129947061,0.0026780390504239676,0.006685899324099085,3,0.25,1.0,2,"1,2",0.05172413793103448,8,8
8,16,matched_betti,0.5,max_full_branch_node_speed,all_interior,coexact,coexact,random_tangent,ontology_collapse,ontology_04,0,next_token_logprob_delta,odd,0.041666666666666664,1,1.7873778610578785,0.18026095803837558,0.1507320968563282,3,0.25,1.0,2,"1,2",0.05172413793103448,8,8
8,16,matched_betti,0.5,max_full_branch_node_speed,all_interior,coexact,coexact,random_tangent,ontology_collapse,ontology_05,0,next_token_logprob_delta,odd,0.041666666666666664,1,0.25573073256940965,0.048475852007336215,0.27549491330183523,3,0.25,1.0,2,"1,2",0.05357142857142857,8,8
8,16,matched_betti,0.5,max_full_branch_node_speed,all_interior,coexact,coexact,random_tangent,identity_stress,identity_01,1,next_token_logprob_delta,odd,0.125,1,-0.14942717557983934,0.025528419568740978,0.2500814702516226,3,0.25,1.0,3,"3,4,5",0.11764705882352942,8,8
8,16,matched_betti,0.5,max_full_branch_node_speed,all_interior,coexact,coexact,random_tangent,identity_stress,identity_02,1,next_token_logprob_delta,odd,0.125,1,-0.17715984243799215,0.002121704922324432,0.01810337268520335,3,0.25,1.0,3,"3,4,5",0.12903225806451613,8,8
8,16,matched_betti,0.5,max_full_branch_node_speed,all_interior,coexact,coexact,random_tangent,identity_stress,identity_03,1,next_token_logprob_delta,odd,0.125,1,0.1340640937184266,0.017080790783925614,0.18914525580194605,3,0.25,1.0,3,"3,4,5",0.12903225806451613,8,8
8,16,matched_betti,0.5,max_full_branch_node_speed,all_interior,coexact,coexact,random_tangent,identity_stress,identity_04,1,next_token_logprob_delta,odd,0.125,1,0.7006797326407185,0.019664319011787248,0.042391594469375356,3,0.25,1.0,2,"3,4",0.125,8,8
8,16,matched_betti,0.5,max_full_branch_node_speed,all_interior,coexact,coexact,random_tangent,identity_stress,identity_05,1,next_token_logprob_delta,odd,0.125,1,0.11401242590680447,0.002091801578037968,0.027727598695083254,3,0.25,1.0,2,"3,4",0.125,8,8
8,16,matched_betti,0.5,max_full_branch_node_speed,all_interior,coexact,coexact,random_tangent,literal_stable,literal_01,1,next_token_logprob_delta,odd,0.125,1,0.7069755002601533,0.10526824033245764,0.21961875707807085,3,0.25,1.0,3,"3,4,5",0.12121212121212122,8,8
8,16,matched_betti,0.5,max_full_branch_node_speed,all_interior,coexact,coexact,random_tangent,literal_stable,literal_02,1,next_token_logprob_delta,odd,0.125,1,0.8781368679313777,0.007640218741671824,0.013152762687646051,3,0.25,1.0,2,"3,4",0.125,8,8
8,16,matched_betti,0.5,max_full_branch_node_speed,all_interior,coexact,coexact,random_tangent,literal_stable,literal_03,1,next_token_logprob_delta,odd,0.125,1,0.4403807274578242,0.024546214849655194,0.08397125266391682,3,0.25,1.0,2,"3,4",0.12962962962962962,8,8
8,16,matched_betti,0.5,max_full_branch_node_speed,all_interior,coexact,coexact,random_tangent,literal_stable,literal_04,1,next_token_logprob_delta,odd,0.125,1,1.0598029296389486,0.05902696070075755,0.08390774372989056,3,0.25,1.0,2,"3,4",0.14,8,8
8,16,matched_betti,0.5,max_full_branch_node_speed,all_interior,coexact,coexact,random_tangent,literal_stable,literal_05,1,next_token_logprob_delta,odd,0.125,1,0.08146731062671447,0.029770358010236617,0.48358028127704045,3,0.25,1.0,2,"3,4",0.13461538461538464,8,8
8,16,matched_betti,0.5,max_full_branch_node_speed,all_interior,coexact,coexact,random_tangent,metaphor_shift,metaphor_01,1,next_token_logprob_delta,odd,0.125,1,1.3068938392970655,0.017541781982434567,0.020288734846494908,3,0.25,1.0,2,"3,5",0.1176470588235294,8,8
8,16,matched_betti,0.5,max_full_branch_node_speed,all_interior,coexact,coexact,random_tangent,metaphor_shift,metaphor_02,1,next_token_logprob_delta,odd,0.125,1,1.1232572482284826,0.01292702963466033,0.0173966152334646,3,0.25,1.0,2,"3,4",0.12068965517241377,8,8
8,16,matched_betti,0.5,max_full_branch_node_speed,all_interior,coexact,coexact,random_tangent,metaphor_shift,metaphor_03,1,next_token_logprob_delta,odd,0.125,1,2.056594913933563,0.003710783057896155,0.0027278856618756448,3,0.25,1.0,2,"3,4",0.11666666666666665,8,8
8,16,matched_betti,0.5,max_full_branch_node_speed,all_interior,coexact,coexact,random_tangent,metaphor_shift,metaphor_04,1,next_token_logprob_delta,odd,0.125,1,0.7482527473003198,0.05460138856480717,0.1096577561586958,3,0.25,1.0,2,"3,4",0.125,8,8
8,16,matched_betti,0.5,max_full_branch_node_speed,all_interior,coexact,coexact,random_tangent,metaphor_shift,metaphor_05,1,next_token_logprob_delta,odd,0.125,1,1.6363089670321844,0.023105202113522,0.021343050606966976,3,0.25,1.0,2,"3,4",0.12962962962962962,8,8
8,16,matched_betti,0.5,max_full_branch_node_speed,all_interior,coexact,coexact,random_tangent,ontology_collapse,ontology_01,1,next_token_logprob_delta,odd,0.125,1,1.2068460805177281,0.030738786815953323,0.038479024707523006,3,0.25,1.0,3,"3,4,5",0.12903225806451613,8,8
8,16,matched_betti,0.5,max_full_branch_node_speed,all_interior,coexact,coexact,random_tangent,ontology_collapse,ontology_02,1,next_token_logprob_delta,odd,0.125,1,0.6622139690596833,0.013899078775849453,0.03171612412937168,3,0.25,1.0,2,"3,4",0.125,8,8
8,16,matched_betti,0.5,max_full_branch_node_speed,all_interior,coexact,coexact,random_tangent,ontology_collapse,ontology_03,1,next_token_logprob_delta,odd,0.125,1,0.019398798445684907,0.11118999399417928,0.9934074256330037,3,0.25,1.0,2,"3,4",0.12068965517241377,8,8
8,16,matched_betti,0.5,max_full_branch_node_speed,all_interior,coexact,coexact,random_tangent,ontology_collapse,ontology_04,1,next_token_logprob_delta,odd,0.125,1,-0.05794619001687608,0.004923097288937833,0.12740048914055102,3,0.25,1.0,2,"3,4",0.12068965517241377,8,8
8,16,matched_betti,0.5,max_full_branch_node_speed,all_interior,coexact,coexact,random_tangent,ontology_collapse,ontology_05,1,next_token_logprob_delta,odd,0.125,1,0.09430131905334493,0.027131283051749458,0.39887389423054803,3,0.25,1.0,2,"3,4",0.125,8,8
8,16,matched_betti,0.5,max_full_branch_node_speed,all_interior,coexact,coexact,random_tangent,identity_stress,identity_01,2,next_token_logprob_delta,odd,0.20833333333333334,1,-0.1296200025148105,0.02563876346295711,0.2865080411718999,3,0.25,1.0,3,"6,7,8",0.2058823529411765,8,8
8,16,matched_betti,0.5,max_full_branch_node_speed,all_interior,coexact,coexact,random_tangent,identity_stress,identity_02,2,next_token_logprob_delta,odd,0.20833333333333334,1,-0.023462747083400327,0.07315810683293347,0.9782320563470605,3,0.25,1.0,2,"6,7",0.20967741935483866,8,8
8,16,matched_betti,0.5,max_full_branch_node_speed,all_interior,coexact,coexact,random_tangent,identity_stress,identity_03,2,next_token_logprob_delta,odd,0.20833333333333334,1,0.2505738804133867,0.03416695146249354,0.20190352631531802,3,0.25,1.0,2,"6,7",0.20967741935483866,8,8
8,16,matched_betti,0.5,max_full_branch_node_speed,all_interior,coexact,coexact,random_tangent,identity_stress,identity_04,2,next_token_logprob_delta,odd,0.20833333333333334,1,1.2293405149148746,0.02526251105729254,0.031053159740330988,3,0.25,1.0,2,"5,6",0.19642857142857142,8,8
8,16,matched_betti,0.5,max_full_branch_node_speed,all_interior,coexact,coexact,random_tangent,identity_stress,identity_05,2,next_token_logprob_delta,odd,0.20833333333333334,1,0.7478922423634935,0.014776805687610127,0.029857870760251027,3,0.25,1.0,2,"5,6",0.19642857142857142,8,8
8,16,matched_betti,0.5,max_full_branch_node_speed,all_interior,coexact,coexact,random_tangent,literal_stable,literal_01,2,next_token_logprob_delta,odd,0.20833333333333334,1,0.20414341957245324,0.034162123259083195,0.245271900026575,3,0.25,1.0,3,"6,7,8",0.21212121212121213,8,8
8,16,matched_betti,0.5,max_full_branch_node_speed,all_interior,coexact,coexact,random_tangent,literal_stable,literal_02,2,next_token_logprob_delta,odd,0.20833333333333334,1,0.9470816667524263,0.0034221308931871243,0.005462779590918127,3,0.25,1.0,2,"5,6",0.19642857142857142,8,8
8,16,matched_betti,0.5,max_full_branch_node_speed,all_interior,coexact,coexact,random_tangent,literal_stable,literal_03,2,next_token_logprob_delta,odd,0.20833333333333334,1,-0.049145882241705054,0.01652742297844478,0.4532132871123209,3,0.25,1.0,2,"5,6",0.2037037037037037,8,8
8,16,matched_betti,0.5,max_full_branch_node_speed,all_interior,coexact,coexact,random_tangent,literal_stable,literal_04,2,next_token_logprob_delta,odd,0.20833333333333334,1,1.0021357635001462,0.024664063361229945,0.0371833574491651,3,0.25,1.0,2,"5,6",0.22,8,8
8,16,matched_betti,0.5,max_full_branch_node_speed,all_interior,coexact,coexact,random_tangent,literal_stable,literal_05,2,next_token_logprob_delta,odd,0.20833333333333334,1,0.9745669982220411,0.04197688466396038,0.06498163054046073,3,0.25,1.0,2,"5,6",0.21153846153846156,8,8
8,16,matched_betti,0.5,max_full_branch_node_speed,all_interior,coexact,coexact,random_tangent,metaphor_shift,metaphor_01,2,next_token_logprob_delta,odd,0.20833333333333334,1,-0.11437361255053285,0.034380871663897146,0.4137434825239958,3,0.25,1.0,3,"6,7,8",0.2058823529411765,8,8
8,16,matched_betti,0.5,max_full_branch_node_speed,all_interior,coexact,coexact,random_tangent,metaphor_shift,metaphor_02,2,next_token_logprob_delta,odd,0.20833333333333334,1,1.2775410858634133,0.005599613223221613,0.006626505922974539,3,0.25,1.0,3,"5,6,7",0.20689655172413793,8,8
8,16,matched_betti,0.5,max_full_branch_node_speed,all_interior,coexact,coexact,random_tangent,metaphor_shift,metaphor_03,2,next_token_logprob_delta,odd,0.20833333333333334,1,0.6464643120158046,0.021558844950656787,0.050354768925809756,3,0.25,1.0,3,"5,6,7",0.19999999999999998,8,8
8,16,matched_betti,0.5,max_full_branch_node_speed,all_interior,coexact,coexact,random_tangent,metaphor_shift,metaphor_04,2,next_token_logprob_delta,odd,0.20833333333333334,1,0.32931532321804496,0.0337138413973302,0.15295603645387743,3,0.25,1.0,2,"5,6",0.19642857142857142,8,8
8,16,matched_betti,0.5,max_full_branch_node_speed,all_interior,coexact,coexact,random_tangent,metaphor_shift,metaphor_05,2,next_token_logprob_delta,odd,0.20833333333333334,1,0.8468076860614356,0.04343479700589333,0.07731469909815364,3,0.25,1.0,2,"5,6",0.2037037037037037,8,8
8,16,matched_betti,0.5,max_full_branch_node_speed,all_interior,coexact,coexact,random_tangent,ontology_collapse,ontology_01,2,next_token_logprob_delta,odd,0.20833333333333334,1,-0.14934448263670047,0.004327158507408887,0.0437631234841689,3,0.25,1.0,2,"6,7",0.20967741935483866,8,8
8,16,matched_betti,0.5,max_full_branch_node_speed,all_interior,coexact,coexact,random_tangent,ontology_collapse,ontology_02,2,next_token_logprob_delta,odd,0.20833333333333334,1,1.1097630436568655,0.05570322879552556,0.07566833712812991,3,0.25,1.0,2,"5,6",0.19642857142857142,8,8
8,16,matched_betti,0.5,max_full_branch_node_speed,all_interior,coexact,coexact,random_tangent,ontology_collapse,ontology_03,2,next_token_logprob_delta,odd,0.20833333333333334,1,0.014141678138826386,0.0461494418543032,0.9800711845183823,3,0.25,1.0,2,"6,7",0.22413793103448276,8,8
8,16,matched_betti,0.5,max_full_branch_node_speed,all_interior,coexact,coexact,random_tangent,ontology_collapse,ontology_04,2,next_token_logprob_delta,odd,0.20833333333333334,1,-0.021137277973703027,0.016383778927595717,0.7606827355431875,3,0.25,1.0,3,"5,6,7",0.20689655172413793,8,8
8,16,matched_betti,0.5,max_full_branch_node_speed,all_interior,coexact,coexact,random_tangent,ontology_collapse,ontology_05,2,next_token_logprob_delta,odd,0.20833333333333334,1,0.29871075238212763,0.05627529744727171,0.2739302019600518,3,0.25,1.0,2,"5,6",0.19642857142857142,8,8
8,16,matched_betti,0.5,max_full_branch_node_speed,all_interior,coexact,coexact,random_tangent,identity_stress,identity_01,3,next_token_logprob_delta,odd,0.2916666666666667,1,0.1494697275510449,0.010990362349440227,0.11048485072581744,3,0.25,1.0,3,"9,10,11",0.29411764705882354,8,8
8,16,matched_betti,0.5,max_full_branch_node_speed,all_interior,coexact,coexact,random_tangent,identity_stress,identity_02,3,next_token_logprob_delta,odd,0.2916666666666667,1,0.5666143305685446,0.01761663413322647,0.04695340538428949,3,0.25,1.0,3,"8,9,10",0.2903225806451613,8,8
8,16,matched_betti,0.5,max_full_branch_node_speed,all_interior,coexact,coexact,random_tangent,identity_stress,identity_03,3,next_token_logprob_delta,odd,0.2916666666666667,1,-0.130385642545715,0.005778013722986385,0.06684781914157245,3,0.25,1.0,3,"8,9,10",0.2903225806451613,8,8
8,16,matched_betti,0.5,max_full_branch_node_speed,all_interior,coexact,coexact,random_tangent,identity_stress,identity_04,3,next_token_logprob_delta,odd,0.2916666666666667,1,-0.9833359873190581,0.04652366700461635,0.07134684829416277,3,0.25,1.0,3,"7,8,9",0.28571428571428575,8,8
8,16,matched_betti,0.5,max_full_branch_node_speed,all_interior,coexact,coexact,random_tangent,identity_stress,identity_05,3,next_token_logprob_delta,odd,0.2916666666666667,1,0.5171936082000622,0.004889310790992204,0.014290950462855466,3,0.25,1.0,3,"7,8,9",0.28571428571428575,8,8
8,16,matched_betti,0.5,max_full_branch_node_speed,all_interior,coexact,coexact,random_tangent,literal_stable,literal_01,3,next_token_logprob_delta,odd,0.2916666666666667,1,0.021573993823492062,0.010129158838385563,0.5788292645741765,3,0.25,1.0,2,"9,10",0.28787878787878785,8,8
8,16,matched_betti,0.5,max_full_branch_node_speed,all_interior,coexact,coexact,random_tangent,literal_stable,literal_02,3,next_token_logprob_delta,odd,0.2916666666666667,1,0.34164966516525397,0.03312391127421015,0.14502921811795122,3,0.25,1.0,3,"7,8,9",0.28571428571428575,8,8
8,16,matched_betti,0.5,max_full_branch_node_speed,all_interior,coexact,coexact,random_tangent,literal_stable,literal_03,3,next_token_logprob_delta,odd,0.2916666666666667,1,0.2106578764196561,0.019171707717348305,0.13630806277107646,3,0.25,1.0,2,"7,8",0.2777777777777778,8,8
8,16,matched_betti,0.5,max_full_branch_node_speed,all_interior,coexact,coexact,random_tangent,literal_stable,literal_04,3,next_token_logprob_delta,odd,0.2916666666666667,1,0.825434414051081,0.05280374752929832,0.09626567109541412,3,0.25,1.0,2,"7,8",0.30000000000000004,8,8
8,16,matched_betti,0.5,max_full_branch_node_speed,all_interior,coexact,coexact,random_tangent,literal_stable,literal_05,3,next_token_logprob_delta,odd,0.2916666666666667,1,-0.42190860479651426,0.001379149209800468,0.004941952194056963,3,0.25,1.0,2,"7,8",0.28846153846153844,8,8
8,16,matched_betti,0.5,max_full_branch_node_speed,all_interior,coexact,coexact,random_tangent,metaphor_shift,metaphor_01,3,next_token_logprob_delta,odd,0.2916666666666667,1,0.8735618365315471,0.042806302987166034,0.07388163463642987,3,0.25,1.0,3,"9,10,11",0.29411764705882354,8,8
8,16,matched_betti,0.5,max_full_branch_node_speed,all_interior,coexact,coexact,random_tangent,metaphor_shift,metaphor_02,3,next_token_logprob_delta,odd,0.2916666666666667,1,1.0195547992892247,0.021069858465074857,0.031228429784607215,3,0.25,1.0,2,"8,9",0.2931034482758621,8,8
8,16,matched_betti,0.5,max_full_branch_node_speed,all_interior,coexact,coexact,random_tangent,metaphor_shift,metaphor_03,3,next_token_logprob_delta,odd,0.2916666666666667,1,1.2519500809206168,0.0038404418544754257,0.0046376768328955445,3,0.25,1.0,2,"8,9",0.2833333333333333,8,8
8,16,matched_betti,0.5,max_full_branch_node_speed,all_interior,coexact,coexact,random_tangent,metaphor_shift,metaphor_04,3,next_token_logprob_delta,odd,0.2916666666666667,1,1.163908423476982,0.006918872223382052,0.008986900466991835,3,0.25,1.0,3,"7,8,9",0.28571428571428575,8,8
8,16,matched_betti,0.5,max_full_branch_node_speed,all_interior,coexact,coexact,random_tangent,metaphor_shift,metaphor_05,3,next_token_logprob_delta,odd,0.2916666666666667,1,0.3065205014813831,0.01329907635816555,0.06545466404321101,3,0.25,1.0,2,"7,8",0.2777777777777778,8,8
8,16,matched_betti,0.5,max_full_branch_node_speed,all_interior,coexact,coexact,random_tangent,ontology_collapse,ontology_01,3,next_token_logprob_delta,odd,0.2916666666666667,1,0.13641931933191553,0.00891345925965507,0.09830434552631412,3,0.25,1.0,3,"8,9,10",0.2903225806451613,8,8
8,16,matched_betti,0.5,max_full_branch_node_speed,all_interior,coexact,coexact,random_tangent,ontology_collapse,ontology_02,3,next_token_logprob_delta,odd,0.2916666666666667,1,0.8466240268812384,0.012089088085746217,0.021583046534919468,3,0.25,1.0,3,"7,8,9",0.28571428571428575,8,8
8,16,matched_betti,0.5,max_full_branch_node_speed,all_interior,coexact,coexact,random_tangent,ontology_collapse,ontology_03,3,next_token_logprob_delta,odd,0.2916666666666667,1,1.0033481959108965,0.0010520154831181665,0.0015851883910876679,3,0.25,1.0,2,"8,9",0.2931034482758621,8,8
8,16,matched_betti,0.5,max_full_branch_node_speed,all_interior,coexact,coexact,random_tangent,ontology_collapse,ontology_04,3,next_token_logprob_delta,odd,0.2916666666666667,1,-0.28570653062263734,0.004987611916084603,0.0263834904840457,3,0.25,1.0,2,"8,9",0.2931034482758621,8,8
8,16,matched_betti,0.5,max_full_branch_node_speed,all_interior,coexact,coexact,random_tangent,ontology_collapse,ontology_05,3,next_token_logprob_delta,odd,0.2916666666666667,1,0.3845307953471134,0.025813217000276438,0.10097102538124,3,0.25,1.0,3,"7,8,9",0.28571428571428575,8,8
8,16,matched_betti,0.5,max_full_branch_node_speed,all_interior,coexact,coexact,random_tangent,identity_stress,identity_01,4,next_token_logprob_delta,odd,0.375,1,0.037886616189107145,0.032186919568514466,0.7890507182921849,3,0.25,1.0,3,"12,13,14",0.38235294117647056,8,8
8,16,matched_betti,0.5,max_full_branch_node_speed,all_interior,coexact,coexact,random_tangent,identity_stress,identity_02,4,next_token_logprob_delta,odd,0.375,1,0.013763820549660407,0.013008462030075876,0.8192914440512644,3,0.25,1.0,2,"11,12",0.3709677419354838,8,8
8,16,matched_betti,0.5,max_full_branch_node_speed,all_interior,coexact,coexact,random_tangent,identity_stress,identity_03,4,next_token_logprob_delta,odd,0.375,1,1.3185050810565666,0.005309497982951362,0.006087999040059168,3,0.25,1.0,2,"11,12",0.3709677419354838,8,8
8,16,matched_betti,0.5,max_full_branch_node_speed,all_interior,coexact,coexact,random_tangent,identity_stress,identity_04,4,next_token_logprob_delta,odd,0.375,1,-0.019440572670808693,0.004823419065047027,0.3512125088691975,3,0.25,1.0,2,"10,11",0.375,8,8
8,16,matched_betti,0.5,max_full_branch_node_speed,all_interior,coexact,coexact,random_tangent,identity_stress,identity_05,4,next_token_logprob_delta,odd,0.375,1,0.60102126107251,0.03295021324450142,0.08260239852931758,3,0.25,1.0,2,"10,11",0.375,8,8
8,16,matched_betti,0.5,max_full_branch_node_speed,all_interior,coexact,coexact,random_tangent,literal_stable,literal_01,4,next_token_logprob_delta,odd,0.375,1,0.8559489018020091,0.006336522003470336,0.011191463442511377,3,0.25,1.0,3,"11,12,13",0.3636363636363636,8,8
8,16,matched_betti,0.5,max_full_branch_node_speed,all_interior,coexact,coexact,random_tangent,literal_stable,literal_02,4,next_token_logprob_delta,odd,0.375,1,0.10196861007781086,0.0458215293081498,0.5619604310427535,3,0.25,1.0,2,"10,11",0.375,8,8
8,16,matched_betti,0.5,max_full_branch_node_speed,all_interior,coexact,coexact,random_tangent,literal_stable,literal_03,4,next_token_logprob_delta,odd,0.375,1,0.5266491925976912,0.034314663569116145,0.09803300475592508,3,0.25,1.0,3,"9,10,11",0.3703703703703704,8,8
8,16,matched_betti,0.5,max_full_branch_node_speed,all_interior,coexact,coexact,random_tangent,literal_stable,literal_04,4,next_token_logprob_delta,odd,0.375,1,0.13419427696475206,0.026810149306472575,0.2891461702027912,3,0.25,1.0,2,"9,10",0.38000000000000006,8,8
8,16,matched_betti,0.5,max_full_branch_node_speed,all_interior,coexact,coexact,random_tangent,literal_stable,literal_05,4,next_token_logprob_delta,odd,0.375,1,0.2664090373224791,0.03265295564699887,0.18220209881349603,3,0.25,1.0,2,"9,10",0.3653846153846154,8,8
8,16,matched_betti,0.5,max_full_branch_node_speed,all_interior,coexact,coexact,random_tangent,metaphor_shift,metaphor_01,4,next_token_logprob_delta,odd,0.375,1,0.23081188624059554,0.05603608339688933,0.34456858598713636,3,0.25,1.0,2,"12,13",0.36764705882352944,8,8
8,16,matched_betti,0.5,max_full_branch_node_speed,all_interior,coexact,coexact,random_tangent,metaphor_shift,metaphor_02,4,next_token_logprob_delta,odd,0.375,1,0.6627172455930623,0.009225243601622123,0.021040903543354892,3,0.25,1.0,3,"10,11,12",0.37931034482758624,8,8
8,16,matched_betti,0.5,max_full_branch_node_speed,all_interior,coexact,coexact,random_tangent,metaphor_shift,metaphor_03,4,next_token_logprob_delta,odd,0.375,1,1.0764644162401278,0.012139921029126198,0.017047631054294,3,0.25,1.0,3,"10,11,12",0.3666666666666667,8,8
8,16,matched_betti,0.5,max_full_branch_node_speed,all_interior,coexact,coexact,random_tangent,metaphor_shift,metaphor_04,4,next_token_logprob_delta,odd,0.375,1,1.3135996144596507,0.0024723609120167736,0.0028454965905743345,3,0.25,1.0,2,"10,11",0.375,8,8
8,16,matched_betti,0.5,max_full_branch_node_speed,all_interior,coexact,coexact,random_tangent,metaphor_shift,metaphor_05,4,next_token_logprob_delta,odd,0.375,1,0.4632319669333309,0.08727653646854323,0.2739488939959367,3,0.25,1.0,3,"9,10,11",0.3703703703703704,8,8
8,16,matched_betti,0.5,max_full_branch_node_speed,all_interior,coexact,coexact,random_tangent,ontology_collapse,ontology_01,4,next_token_logprob_delta,odd,0.375,1,1.1504819257329626,0.021270022055896065,0.0279402011302457,3,0.25,1.0,2,"11,12",0.3709677419354838,8,8
8,16,matched_betti,0.5,max_full_branch_node_speed,all_interior,coexact,coexact,random_tangent,ontology_collapse,ontology_02,4,next_token_logprob_delta,odd,0.375,1,0.40173699153401676,0.02461982326496365,0.09225671014139795,3,0.25,1.0,2,"10,11",0.375,8,8
8,16,matched_betti,0.5,max_full_branch_node_speed,all_interior,coexact,coexact,random_tangent,ontology_collapse,ontology_03,4,next_token_logprob_delta,odd,0.375,1,0.7400439209679929,0.022509178409140705,0.045936132367856215,3,0.25,1.0,3,"10,11,12",0.37931034482758624,8,8
8,16,matched_betti,0.5,max_full_branch_node_speed,all_interior,coexact,coexact,random_tangent,ontology_collapse,ontology_04,4,next_token_logprob_delta,odd,0.375,1,-0.0955207290567673,0.034759869723904185,0.48202847964726614,3,0.25,1.0,3,"10,11,12",0.37931034482758624,8,8
8,16,matched_betti,0.5,max_full_branch_node_speed,all_interior,coexact,coexact,random_tangent,ontology_collapse,ontology_05,4,next_token_logprob_delta,odd,0.375,1,0.995720558202783,0.05239784453075049,0.07930796448363595,3,0.25,1.0,2,"10,11",0.375,8,8
8,16,matched_betti,0.5,max_full_branch_node_speed,all_interior,coexact,coexact,random_tangent,identity_stress,identity_01,5,next_token_logprob_delta,odd,0.4583333333333333,1,0.756774577633481,0.04148087463376259,0.08258596128730455,3,0.25,1.0,2,"15,16",0.45588235294117646,8,8
8,16,matched_betti,0.5,max_full_branch_node_speed,all_interior,coexact,coexact,random_tangent,identity_stress,identity_02,5,next_token_logprob_delta,odd,0.4583333333333333,1,-0.15468771487566166,0.04051533893721626,0.36816734674608326,3,0.25,1.0,2,"13,15",0.4516129032258065,8,8
8,16,matched_betti,0.5,max_full_branch_node_speed,all_interior,coexact,coexact,random_tangent,identity_stress,identity_03,5,next_token_logprob_delta,odd,0.4583333333333333,1,-0.06992917550069686,0.014045658547959382,0.2905635400249024,3,0.25,1.0,3,"13,14,15",0.4516129032258065,8,8
8,16,matched_betti,0.5,max_full_branch_node_speed,all_interior,coexact,coexact,random_tangent,identity_stress,identity_05,5,next_token_logprob_delta,odd,0.4583333333333333,1,0.2972088467202202,0.001009044898275605,0.005132796059231522,3,0.25,1.0,2,"12,13",0.4464285714285714,8,8
8,16,matched_betti,0.5,max_full_branch_node_speed,all_interior,coexact,coexact,random_tangent,literal_stable,literal_01,5,next_token_logprob_delta,odd,0.4583333333333333,1,0.17200663237869232,0.020334307146509085,0.17594100829224724,3,0.25,1.0,3,"14,15,16",0.4545454545454546,8,8
8,16,matched_betti,0.5,max_full_branch_node_speed,all_interior,coexact,coexact,random_tangent,literal_stable,literal_02,5,next_token_logprob_delta,odd,0.4583333333333333,1,-0.7718445590809999,0.04667742713806183,0.09105008475377986,3,0.25,1.0,2,"12,13",0.4464285714285714,8,8
8,16,matched_betti,0.5,max_full_branch_node_speed,all_interior,coexact,coexact,random_tangent,literal_stable,literal_03,5,next_token_logprob_delta,odd,0.4583333333333333,1,1.0097135171443608,0.04292322543653047,0.06413720870141561,3,0.25,1.0,2,"12,13",0.46296296296296297,8,8
8,16,matched_betti,0.5,max_full_branch_node_speed,all_interior,coexact,coexact,random_tangent,literal_stable,literal_04,5,next_token_logprob_delta,odd,0.4583333333333333,1,-0.8270014529014743,0.027742229329155616,0.05065102558828949,3,0.25,1.0,2,"11,12",0.45999999999999996,8,8
8,16,matched_betti,0.5,max_full_branch_node_speed,all_interior,coexact,coexact,random_tangent,literal_stable,literal_05,5,next_token_logprob_delta,odd,0.4583333333333333,1,0.1861027687903302,0.08354813707799114,0.5615893599552945,3,0.25,1.0,2,"11,12",0.4423076923076923,8,8
8,16,matched_betti,0.5,max_full_branch_node_speed,all_interior,coexact,coexact,random_tangent,metaphor_shift,metaphor_01,5,next_token_logprob_delta,odd,0.4583333333333333,1,0.49667582931983634,0.01406621961487447,0.04277771773529454,3,0.25,1.0,2,"15,16",0.45588235294117646,8,8
8,16,matched_betti,0.5,max_full_branch_node_speed,all_interior,coexact,coexact,random_tangent,metaphor_shift,metaphor_02,5,next_token_logprob_delta,odd,0.4583333333333333,1,1.2337951850394522,0.024082073194304533,0.029496654452530198,3,0.25,1.0,2,"13,14",0.46551724137931033,8,8
8,16,matched_betti,0.5,max_full_branch_node_speed,all_interior,coexact,coexact,random_tangent,metaphor_shift,metaphor_03,5,next_token_logprob_delta,odd,0.4583333333333333,1,-0.7294430416070201,0.06462196834503744,0.13275132956444924,3,0.25,1.0,2,"13,14",0.45,8,8
8,16,matched_betti,0.5,max_full_branch_node_speed,all_interior,coexact,coexact,random_tangent,metaphor_shift,metaphor_04,5,next_token_logprob_delta,odd,0.4583333333333333,1,0.9919839744048798,0.004615593870081963,0.0070343367952325694,3,0.25,1.0,2,"12,13",0.4464285714285714,8,8
8,16,matched_betti,0.5,max_full_branch_node_speed,all_interior,coexact,coexact,random_tangent,metaphor_shift,metaphor_05,5,next_token_logprob_delta,odd,0.4583333333333333,1,0.382005031142113,0.06876731838360402,0.2626077211671308,3,0.25,1.0,2,"12,13",0.46296296296296297,8,8
8,16,matched_betti,0.5,max_full_branch_node_speed,all_interior,coexact,coexact,random_tangent,ontology_collapse,ontology_01,5,next_token_logprob_delta,odd,0.4583333333333333,1,0.897869862206663,0.012607240200441655,0.021223635087380528,3,0.25,1.0,3,"13,14,15",0.4516129032258065,8,8
8,16,matched_betti,0.5,max_full_branch_node_speed,all_interior,coexact,coexact,random_tangent,ontology_collapse,ontology_02,5,next_token_logprob_delta,odd,0.4583333333333333,1,1.0222480098725615,0.0018851613371581397,0.002788056264754772,3,0.25,1.0,2,"12,13",0.4464285714285714,8,8
8,16,matched_betti,0.5,max_full_branch_node_speed,all_interior,coexact,coexact,random_tangent,ontology_collapse,ontology_03,5,next_token_logprob_delta,odd,0.4583333333333333,1,0.3575631943526035,0.003919845213375273,0.01657171437325889,3,0.25,1.0,2,"13,14",0.46551724137931033,8,8
8,16,matched_betti,0.5,max_full_branch_node_speed,all_interior,coexact,coexact,random_tangent,ontology_collapse,ontology_04,5,next_token_logprob_delta,odd,0.4583333333333333,1,0.6956448216886508,0.014821100684778439,0.03219427790608572,3,0.25,1.0,1,13,0.4482758620689655,8,8
8,16,matched_betti,0.5,max_full_branch_node_speed,all_interior,coexact,coexact,random_tangent,ontology_collapse,ontology_05,5,next_token_logprob_delta,odd,0.4583333333333333,1,0.29591031861275485,0.04001033908840609,0.20027812953657634,3,0.25,1.0,2,"12,13",0.4464285714285714,8,8
8,16,matched_betti,0.5,max_full_branch_node_speed,all_interior,coexact,coexact,random_tangent,identity_stress,identity_01,6,next_token_logprob_delta,odd,0.5416666666666666,1,0.3555119384520958,0.05222849670028101,0.21682424937808548,3,0.25,1.0,3,"17,18,19",0.5294117647058824,8,8
8,16,matched_betti,0.5,max_full_branch_node_speed,all_interior,coexact,coexact,random_tangent,identity_stress,identity_02,6,next_token_logprob_delta,odd,0.5416666666666666,1,0.28545806604118973,0.01677624807386162,0.08850258275238286,3,0.25,1.0,3,"16,17,18",0.5483870967741935,8,8
8,16,matched_betti,0.5,max_full_branch_node_speed,all_interior,coexact,coexact,random_tangent,identity_stress,identity_03,6,next_token_logprob_delta,odd,0.5416666666666666,1,0.19855678716328756,0.009500503082239322,0.0721505227682238,3,0.25,1.0,3,"16,17,18",0.5483870967741935,8,8
8,16,matched_betti,0.5,max_full_branch_node_speed,all_interior,coexact,coexact,random_tangent,identity_stress,identity_04,6,next_token_logprob_delta,odd,0.5416666666666666,1,0.6452705393230682,0.009165214952948624,0.021468993225496297,3,0.25,1.0,2,"14,15",0.5178571428571428,8,8
8,16,matched_betti,0.5,max_full_branch_node_speed,all_interior,coexact,coexact,random_tangent,identity_stress,identity_05,6,next_token_logprob_delta,odd,0.5416666666666666,1,0.029078985353772853,0.017243701293365127,0.6675338217947241,3,0.25,1.0,3,"14,15,16",0.5357142857142857,8,8
8,16,matched_betti,0.5,max_full_branch_node_speed,all_interior,coexact,coexact,random_tangent,literal_stable,literal_01,6,next_token_logprob_delta,odd,0.5416666666666666,1,0.39719659825349546,0.006690935298022016,0.025459594522687486,3,0.25,1.0,3,"17,18,19",0.5454545454545454,8,8
8,16,matched_betti,0.5,max_full_branch_node_speed,all_interior,coexact,coexact,random_tangent,literal_stable,literal_02,6,next_token_logprob_delta,odd,0.5416666666666666,1,-0.14492716605497116,0.022042797304575944,0.22409869968702645,3,0.25,1.0,3,"14,15,16",0.5357142857142857,8,8
8,16,matched_betti,0.5,max_full_branch_node_speed,all_interior,coexact,coexact,random_tangent,literal_stable,literal_03,6,next_token_logprob_delta,odd,0.5416666666666666,1,-0.5979102452301783,0.05573416283355675,0.13954878057901088,3,0.25,1.0,2,"14,15",0.537037037037037,8,8
8,16,matched_betti,0.5,max_full_branch_node_speed,all_interior,coexact,coexact,random_tangent,literal_stable,literal_04,6,next_token_logprob_delta,odd,0.5416666666666666,1,0.40252673923574245,0.0012211754679540905,0.004586588092681561,3,0.25,1.0,2,"13,14",0.54,8,8
8,16,matched_betti,0.5,max_full_branch_node_speed,all_interior,coexact,coexact,random_tangent,literal_stable,literal_05,6,next_token_logprob_delta,odd,0.5416666666666666,1,1.0698696324819439,0.004772608368802827,0.006744131541364486,3,0.25,1.0,3,"13,14,15",0.5384615384615384,8,8
8,16,matched_betti,0.5,max_full_branch_node_speed,all_interior,coexact,coexact,random_tangent,metaphor_shift,metaphor_01,6,next_token_logprob_delta,odd,0.5416666666666666,1,0.21311878631890058,0.032286697044667606,0.22325958872861246,3,0.25,1.0,3,"17,18,19",0.5294117647058824,8,8
8,16,matched_betti,0.5,max_full_branch_node_speed,all_interior,coexact,coexact,random_tangent,metaphor_shift,metaphor_02,6,next_token_logprob_delta,odd,0.5416666666666666,1,1.7390118635699092,0.004793485269751916,0.004167312344958614,3,0.25,1.0,2,"15,16",0.5344827586206897,8,8
8,16,matched_betti,0.5,max_full_branch_node_speed,all_interior,coexact,coexact,random_tangent,metaphor_shift,metaphor_03,6,next_token_logprob_delta,odd,0.5416666666666666,1,0.27352483810261385,0.013506109562286574,0.07444536583454482,3,0.25,1.0,2,"16,17",0.55,8,8
8,16,matched_betti,0.5,max_full_branch_node_speed,all_interior,coexact,coexact,random_tangent,metaphor_shift,metaphor_04,6,next_token_logprob_delta,odd,0.5416666666666666,1,-0.1496633566193005,0.1299369261715255,0.7954510710257245,3,0.25,1.0,3,"14,15,16",0.5357142857142857,8,8
8,16,matched_betti,0.5,max_full_branch_node_speed,all_interior,coexact,coexact,random_tangent,metaphor_shift,metaphor_05,6,next_token_logprob_delta,odd,0.5416666666666666,1,0.5722473979292213,0.05905831475752165,0.154164717117138,3,0.25,1.0,2,"14,15",0.537037037037037,8,8
8,16,matched_betti,0.5,max_full_branch_node_speed,all_interior,coexact,coexact,random_tangent,ontology_collapse,ontology_01,6,next_token_logprob_delta,odd,0.5416666666666666,1,0.3131331544116191,0.06539999346699718,0.3011073930357515,3,0.25,1.0,3,"16,17,18",0.5483870967741935,8,8
8,16,matched_betti,0.5,max_full_branch_node_speed,all_interior,coexact,coexact,random_tangent,ontology_collapse,ontology_02,6,next_token_logprob_delta,odd,0.5416666666666666,1,0.9293218696636988,0.024488703009717474,0.039807620968859696,3,0.25,1.0,3,"14,15,16",0.5357142857142857,8,8
8,16,matched_betti,0.5,max_full_branch_node_speed,all_interior,coexact,coexact,random_tangent,ontology_collapse,ontology_03,6,next_token_logprob_delta,odd,0.5416666666666666,1,0.5555034046253011,0.15897700864784045,0.3970962018342785,3,0.25,1.0,2,"15,16",0.5344827586206897,8,8
8,16,matched_betti,0.5,max_full_branch_node_speed,all_interior,coexact,coexact,random_tangent,ontology_collapse,ontology_04,6,next_token_logprob_delta,odd,0.5416666666666666,1,-0.6291289922515061,0.021673277700541234,0.052012487382093964,3,0.25,1.0,2,"15,16",0.5344827586206897,8,8
8,16,matched_betti,0.5,max_full_branch_node_speed,all_interior,coexact,coexact,random_tangent,ontology_collapse,ontology_05,6,next_token_logprob_delta,odd,0.5416666666666666,1,0.9389527324286104,0.24121464981249652,0.36204436152393626,3,0.25,1.0,2,"15,16",0.5535714285714286,8,8
8,16,matched_betti,0.5,max_full_branch_node_speed,all_interior,coexact,coexact,random_tangent,identity_stress,identity_01,7,next_token_logprob_delta,odd,0.625,1,0.5283940797102289,0.027029218981592076,0.07710661505582078,3,0.25,1.0,3,"20,21,22",0.6176470588235294,8,8
8,16,matched_betti,0.5,max_full_branch_node_speed,all_interior,coexact,coexact,random_tangent,identity_stress,identity_02,7,next_token_logprob_delta,odd,0.625,1,-0.15815832694037713,0.012281242918885951,0.11659740191972184,3,0.25,1.0,2,"19,20",0.6290322580645161,8,8
8,16,matched_betti,0.5,max_full_branch_node_speed,all_interior,coexact,coexact,random_tangent,identity_stress,identity_03,7,next_token_logprob_delta,odd,0.625,1,0.06542532550266306,0.08311271794137,0.8869713044971254,3,0.25,1.0,2,"19,20",0.6290322580645161,8,8
8,16,matched_betti,0.5,max_full_branch_node_speed,all_interior,coexact,coexact,random_tangent,identity_stress,identity_04,7,next_token_logprob_delta,odd,0.625,1,1.7199150410408117,0.10103431402957555,0.08846405029717881,3,0.25,1.0,2,"17,18",0.625,8,8
8,16,matched_betti,0.5,max_full_branch_node_speed,all_interior,coexact,coexact,random_tangent,identity_stress,identity_05,7,next_token_logprob_delta,odd,0.625,1,1.2582417779935884,0.020074617117543197,0.02411392118621327,3,0.25,1.0,2,"17,18",0.625,8,8
8,16,matched_betti,0.5,max_full_branch_node_speed,all_interior,coexact,coexact,random_tangent,literal_stable,literal_01,7,next_token_logprob_delta,odd,0.625,1,0.880237758947654,0.04365197832708807,0.07476488947336872,3,0.25,1.0,2,"20,21",0.6212121212121212,8,8
8,16,matched_betti,0.5,max_full_branch_node_speed,all_interior,coexact,coexact,random_tangent,literal_stable,literal_02,7,next_token_logprob_delta,odd,0.625,1,1.709662757428346,0.003134095511869375,0.002771475728615169,3,0.25,1.0,2,"17,18",0.625,8,8
8,16,matched_betti,0.5,max_full_branch_node_speed,all_interior,coexact,coexact,random_tangent,literal_stable,literal_03,7,next_token_logprob_delta,odd,0.625,1,0.11825778737538904,0.03165043679327619,0.3750898095736888,3,0.25,1.0,2,"16,17",0.6111111111111112,8,8
8,16,matched_betti,0.5,max_full_branch_node_speed,all_interior,coexact,coexact,random_tangent,literal_stable,literal_04,7,next_token_logprob_delta,odd,0.625,1,-0.20972999020010846,0.023009351849319563,0.1636294747573131,3,0.25,1.0,2,"15,16",0.62,8,8
8,16,matched_betti,0.5,max_full_branch_node_speed,all_interior,coexact,coexact,random_tangent,literal_stable,literal_05,7,next_token_logprob_delta,odd,0.625,1,0.089015129510105,0.003816548188283724,0.0646855678321903,3,0.25,1.0,2,"16,17",0.6346153846153846,8,8
8,16,matched_betti,0.5,max_full_branch_node_speed,all_interior,coexact,coexact,random_tangent,metaphor_shift,metaphor_01,7,next_token_logprob_delta,odd,0.625,1,0.14211238951498842,0.020339818526398153,0.2114899002831019,3,0.25,1.0,2,"20,21",0.6029411764705883,8,8
8,16,matched_betti,0.5,max_full_branch_node_speed,all_interior,coexact,coexact,random_tangent,metaphor_shift,metaphor_02,7,next_token_logprob_delta,odd,0.625,1,1.1133730318637614,0.0354269629271055,0.048050979645124475,3,0.25,1.0,3,"17,18,19",0.6206896551724138,8,8
8,16,matched_betti,0.5,max_full_branch_node_speed,all_interior,coexact,coexact,random_tangent,metaphor_shift,metaphor_03,7,next_token_logprob_delta,odd,0.625,1,0.4242050888849673,0.02921832624618311,0.10357344190827082,3,0.25,1.0,2,"18,19",0.6166666666666667,8,8
8,16,matched_betti,0.5,max_full_branch_node_speed,all_interior,coexact,coexact,random_tangent,metaphor_shift,metaphor_04,7,next_token_logprob_delta,odd,0.625,1,0.9298412450115352,0.04275180156432206,0.0693441597514873,3,0.25,1.0,2,"17,18",0.625,8,8
8,16,matched_betti,0.5,max_full_branch_node_speed,all_interior,coexact,coexact,random_tangent,metaphor_shift,metaphor_05,7,next_token_logprob_delta,odd,0.625,1,-0.07979728145011078,0.004476940336646708,0.08451766333230691,3,0.25,1.0,2,"16,17",0.6111111111111112,8,8
8,16,matched_betti,0.5,max_full_branch_node_speed,all_interior,coexact,coexact,random_tangent,ontology_collapse,ontology_01,7,next_token_logprob_delta,odd,0.625,1,0.12934865404611667,0.01731108253554982,0.19831723586038602,3,0.25,1.0,2,"19,20",0.6290322580645161,8,8
8,16,matched_betti,0.5,max_full_branch_node_speed,all_interior,coexact,coexact,random_tangent,ontology_collapse,ontology_02,7,next_token_logprob_delta,odd,0.625,1,-0.025061153132078403,0.01181616041063171,0.580453302823173,3,0.25,1.0,2,"17,18",0.625,8,8
8,16,matched_betti,0.5,max_full_branch_node_speed,all_interior,coexact,coexact,random_tangent,ontology_collapse,ontology_03,7,next_token_logprob_delta,odd,0.625,1,0.8651467831207375,0.01071562155112503,0.018722438434285414,3,0.25,1.0,3,"17,18,19",0.6206896551724138,8,8
8,16,matched_betti,0.5,max_full_branch_node_speed,all_interior,coexact,coexact,random_tangent,ontology_collapse,ontology_04,7,next_token_logprob_delta,odd,0.625,1,0.5808329112872078,0.0410969064607745,0.106364864757984,3,0.25,1.0,3,"17,18,19",0.6206896551724138,8,8
8,16,matched_betti,0.5,max_full_branch_node_speed,all_interior,coexact,coexact,random_tangent,ontology_collapse,ontology_05,7,next_token_logprob_delta,odd,0.625,1,0.802081032784356,0.039608603711042266,0.07445180764142495,3,0.25,1.0,2,"17,18",0.625,8,8
8,16,matched_betti,0.5,max_full_branch_node_speed,all_interior,coexact,coexact,random_tangent,identity_stress,identity_01,8,next_token_logprob_delta,odd,0.7083333333333334,1,0.08853078286390811,0.0033677898347542587,0.05741753984078509,3,0.25,1.0,3,"23,24,25",0.7058823529411765,8,8
8,16,matched_betti,0.5,max_full_branch_node_speed,all_interior,coexact,coexact,random_tangent,identity_stress,identity_02,8,next_token_logprob_delta,odd,0.7083333333333334,1,-0.28861485784245194,0.00489474883344372,0.02563185203071764,3,0.25,1.0,3,"21,22,23",0.7096774193548386,8,8
8,16,matched_betti,0.5,max_full_branch_node_speed,all_interior,coexact,coexact,random_tangent,identity_stress,identity_03,8,next_token_logprob_delta,odd,0.7083333333333334,1,-0.8274448331728262,0.04287910397878326,0.07810679599007357,3,0.25,1.0,2,"21,22",0.6935483870967744,8,8
8,16,matched_betti,0.5,max_full_branch_node_speed,all_interior,coexact,coexact,random_tangent,identity_stress,identity_04,8,next_token_logprob_delta,odd,0.7083333333333334,1,0.7134901377157117,0.04991027045691914,0.1051714028715122,3,0.25,1.0,2,"19,20",0.6964285714285715,8,8
8,16,matched_betti,0.5,max_full_branch_node_speed,all_interior,coexact,coexact,random_tangent,identity_stress,identity_05,8,next_token_logprob_delta,odd,0.7083333333333334,1,-0.1961252861689425,0.013530919178991485,0.1037420878344646,3,0.25,1.0,2,"19,20",0.6964285714285715,8,8
8,16,matched_betti,0.5,max_full_branch_node_speed,all_interior,coexact,coexact,random_tangent,literal_stable,literal_01,8,next_token_logprob_delta,odd,0.7083333333333334,1,0.5360333593535578,0.01848344965004142,0.05206103973631784,3,0.25,1.0,3,"22,23,24",0.6969696969696969,8,8
8,16,matched_betti,0.5,max_full_branch_node_speed,all_interior,coexact,coexact,random_tangent,literal_stable,literal_02,8,next_token_logprob_delta,odd,0.7083333333333334,1,0.28688416314827725,0.013296300239098092,0.06989911111824076,3,0.25,1.0,2,"19,20",0.6964285714285715,8,8
8,16,matched_betti,0.5,max_full_branch_node_speed,all_interior,coexact,coexact,random_tangent,literal_stable,literal_03,8,next_token_logprob_delta,odd,0.7083333333333334,1,0.3715265883384945,0.01619485892126962,0.0657593024889052,3,0.25,1.0,3,"18,19,20",0.7037037037037037,8,8
8,16,matched_betti,0.5,max_full_branch_node_speed,all_interior,coexact,coexact,random_tangent,literal_stable,literal_04,8,next_token_logprob_delta,odd,0.7083333333333334,1,0.430329259196676,0.023279016911970984,0.08151304344801653,3,0.25,1.0,2,"17,18",0.6999999999999998,8,8
8,16,matched_betti,0.5,max_full_branch_node_speed,all_interior,coexact,coexact,random_tangent,literal_stable,literal_05,8,next_token_logprob_delta,odd,0.7083333333333334,1,0.5391344208671977,0.004855201897001762,0.01361384984631168,3,0.25,1.0,2,"18,19",0.7115384615384613,8,8
8,16,matched_betti,0.5,max_full_branch_node_speed,all_interior,coexact,coexact,random_tangent,metaphor_shift,metaphor_01,8,next_token_logprob_delta,odd,0.7083333333333334,1,-0.023634537187635106,0.008562060573302496,0.4803687524730208,3,0.25,1.0,3,"23,24,25",0.7058823529411765,8,8
8,16,matched_betti,0.5,max_full_branch_node_speed,all_interior,coexact,coexact,random_tangent,metaphor_shift,metaphor_02,8,next_token_logprob_delta,odd,0.7083333333333334,1,-0.26527335142101677,0.07713530136138015,0.40244177969023714,3,0.25,1.0,2,"20,21",0.7068965517241379,8,8
8,16,matched_betti,0.5,max_full_branch_node_speed,all_interior,coexact,coexact,random_tangent,metaphor_shift,metaphor_03,8,next_token_logprob_delta,odd,0.7083333333333334,1,-0.7744016057559958,0.016402250591415122,0.03200557389269647,3,0.25,1.0,3,"20,21,22",0.6999999999999998,8,8
8,16,matched_betti,0.5,max_full_branch_node_speed,all_interior,coexact,coexact,random_tangent,metaphor_shift,metaphor_04,8,next_token_logprob_delta,odd,0.7083333333333334,1,0.8151280491504641,0.011241039805186967,0.020844776705281443,3,0.25,1.0,2,"19,20",0.6964285714285715,8,8
8,16,matched_betti,0.5,max_full_branch_node_speed,all_interior,coexact,coexact,random_tangent,metaphor_shift,metaphor_05,8,next_token_logprob_delta,odd,0.7083333333333334,1,0.581805905482406,0.15660511811255604,0.37693182038790995,3,0.25,1.0,3,"18,19,20",0.7037037037037037,8,8
8,16,matched_betti,0.5,max_full_branch_node_speed,all_interior,coexact,coexact,random_tangent,ontology_collapse,ontology_01,8,next_token_logprob_delta,odd,0.7083333333333334,1,0.3659010521979577,0.0074897478095659765,0.03093190341534013,3,0.25,1.0,3,"21,22,23",0.7096774193548386,8,8
8,16,matched_betti,0.5,max_full_branch_node_speed,all_interior,coexact,coexact,random_tangent,ontology_collapse,ontology_02,8,next_token_logprob_delta,odd,0.7083333333333334,1,0.15440877676504142,0.03410719477962168,0.31675646355007764,3,0.25,1.0,2,"19,20",0.6964285714285715,8,8
8,16,matched_betti,0.5,max_full_branch_node_speed,all_interior,coexact,coexact,random_tangent,ontology_collapse,ontology_03,8,next_token_logprob_delta,odd,0.7083333333333334,1,0.5994697646645691,0.03017993390981969,0.07589402901279793,3,0.25,1.0,2,"20,21",0.7068965517241379,8,8
8,16,matched_betti,0.5,max_full_branch_node_speed,all_interior,coexact,coexact,random_tangent,ontology_collapse,ontology_04,8,next_token_logprob_delta,odd,0.7083333333333334,1,-0.08255915339099364,0.008920485386998337,0.1612187694547346,3,0.25,1.0,2,"20,21",0.7068965517241379,8,8
8,16,matched_betti,0.5,max_full_branch_node_speed,all_interior,coexact,coexact,random_tangent,ontology_collapse,ontology_05,8,next_token_logprob_delta,odd,0.7083333333333334,1,-0.36692994610307633,0.021711913988302176,0.08910355171762102,3,0.25,1.0,1,19,0.6785714285714285,8,8
8,16,matched_betti,0.5,max_full_branch_node_speed,all_interior,coexact,coexact,random_tangent,identity_stress,identity_01,9,next_token_logprob_delta,odd,0.7916666666666666,1,0.15311722841923914,0.022424704073343245,0.21618247651705408,3,0.25,1.0,3,"26,27,28",0.7941176470588235,8,8
8,16,matched_betti,0.5,max_full_branch_node_speed,all_interior,coexact,coexact,random_tangent,identity_stress,identity_02,9,next_token_logprob_delta,odd,0.7916666666666666,1,0.5531997001712793,0.006803621438172687,0.018590630309488054,3,0.25,1.0,2,"24,25",0.7903225806451614,8,8
8,16,matched_betti,0.5,max_full_branch_node_speed,all_interior,coexact,coexact,random_tangent,identity_stress,identity_03,9,next_token_logprob_delta,odd,0.7916666666666666,1,-0.0542633376088325,0.02806011994927217,0.615911602689138,3,0.25,1.0,2,"24,25",0.7903225806451614,8,8
8,16,matched_betti,0.5,max_full_branch_node_speed,all_interior,coexact,coexact,random_tangent,identity_stress,identity_04,9,next_token_logprob_delta,odd,0.7916666666666666,1,-0.04460679698212077,0.01979444731157977,0.5571276417462389,3,0.25,1.0,3,"21,22,23",0.7857142857142857,8,8
8,16,matched_betti,0.5,max_full_branch_node_speed,all_interior,coexact,coexact,random_tangent,identity_stress,identity_05,9,next_token_logprob_delta,odd,0.7916666666666666,1,1.0071592729915086,0.08947362243761275,0.13311457193839332,3,0.25,1.0,3,"21,22,23",0.7857142857142857,8,8
8,16,matched_betti,0.5,max_full_branch_node_speed,all_interior,coexact,coexact,random_tangent,literal_stable,literal_01,9,next_token_logprob_delta,odd,0.7916666666666666,1,-0.11827733994030949,0.026656798071275085,0.32252673193966114,3,0.25,1.0,2,"25,26",0.7727272727272728,8,8
8,16,matched_betti,0.5,max_full_branch_node_speed,all_interior,coexact,coexact,random_tangent,literal_stable,literal_02,9,next_token_logprob_delta,odd,0.7916666666666666,1,0.08319108608848005,0.04120881915291053,0.5994368104574368,3,0.25,1.0,1,21,0.75,8,8
8,16,matched_betti,0.5,max_full_branch_node_speed,all_interior,coexact,coexact,random_tangent,literal_stable,literal_03,9,next_token_logprob_delta,odd,0.7916666666666666,1,0.24842815513302915,0.04029112801813791,0.23814501600789964,3,0.25,1.0,2,"21,22",0.7962962962962963,8,8
8,16,matched_betti,0.5,max_full_branch_node_speed,all_interior,coexact,coexact,random_tangent,literal_stable,literal_04,9,next_token_logprob_delta,odd,0.7916666666666666,1,0.053932337029817964,0.0018838908200374573,0.05273666955325405,3,0.25,1.0,2,"19,20",0.7799999999999999,8,8
8,16,matched_betti,0.5,max_full_branch_node_speed,all_interior,coexact,coexact,random_tangent,literal_stable,literal_05,9,next_token_logprob_delta,odd,0.7916666666666666,1,0.23461105003833352,0.05817555196621609,0.3510325466094329,3,0.25,1.0,2,"20,21",0.7884615384615387,8,8
8,16,matched_betti,0.5,max_full_branch_node_speed,all_interior,coexact,coexact,random_tangent,metaphor_shift,metaphor_01,9,next_token_logprob_delta,odd,0.7916666666666666,1,0.5654200621861685,0.06662157453477933,0.17537634599822832,3,0.25,1.0,3,"26,27,28",0.7941176470588235,8,8
8,16,matched_betti,0.5,max_full_branch_node_speed,all_interior,coexact,coexact,random_tangent,metaphor_shift,metaphor_02,9,next_token_logprob_delta,odd,0.7916666666666666,1,0.4503967695717538,0.01171220437973607,0.03928429594235837,3,0.25,1.0,3,"22,23,24",0.7931034482758621,8,8
8,16,matched_betti,0.5,max_full_branch_node_speed,all_interior,coexact,coexact,random_tangent,metaphor_shift,metaphor_03,9,next_token_logprob_delta,odd,0.7916666666666666,1,0.15972377817189684,0.022027376861813663,0.20410977556543278,3,0.25,1.0,2,"23,24",0.7833333333333335,8,8
8,16,matched_betti,0.5,max_full_branch_node_speed,all_interior,coexact,coexact,random_tangent,metaphor_shift,metaphor_04,9,next_token_logprob_delta,odd,0.7916666666666666,1,0.8529374171358568,0.10207378629255208,0.17803833434127672,3,0.25,1.0,3,"21,22,23",0.7857142857142857,8,8
8,16,matched_betti,0.5,max_full_branch_node_speed,all_interior,coexact,coexact,random_tangent,metaphor_shift,metaphor_05,9,next_token_logprob_delta,odd,0.7916666666666666,1,-0.31739779857317324,0.04215215157898902,0.19685417542824316,3,0.25,1.0,2,"21,22",0.7962962962962963,8,8
8,16,matched_betti,0.5,max_full_branch_node_speed,all_interior,coexact,coexact,random_tangent,ontology_collapse,ontology_01,9,next_token_logprob_delta,odd,0.7916666666666666,1,0.14217604757264313,0.08314280318262005,0.6623639254704833,3,0.25,1.0,2,"24,25",0.7903225806451614,8,8
8,16,matched_betti,0.5,max_full_branch_node_speed,all_interior,coexact,coexact,random_tangent,ontology_collapse,ontology_02,9,next_token_logprob_delta,odd,0.7916666666666666,1,-0.1038725401500185,0.04172425143993002,0.5190723328267635,3,0.25,1.0,3,"21,22,23",0.7857142857142857,8,8
8,16,matched_betti,0.5,max_full_branch_node_speed,all_interior,coexact,coexact,random_tangent,ontology_collapse,ontology_03,9,next_token_logprob_delta,odd,0.7916666666666666,1,1.3262645161982256,0.04340915865703337,0.04942322998673806,3,0.25,1.0,3,"22,23,24",0.7931034482758621,8,8
8,16,matched_betti,0.5,max_full_branch_node_speed,all_interior,coexact,coexact,random_tangent,ontology_collapse,ontology_04,9,next_token_logprob_delta,odd,0.7916666666666666,1,1.3806427221581916,0.01153763686531762,0.01263315633465182,3,0.25,1.0,3,"22,23,24",0.7931034482758621,8,8
8,16,matched_betti,0.5,max_full_branch_node_speed,all_interior,coexact,coexact,random_tangent,ontology_collapse,ontology_05,9,next_token_logprob_delta,odd,0.7916666666666666,1,0.4137323700366436,0.0037271179264627913,0.01361834489075372,3,0.25,1.0,3,"21,22,23",0.7857142857142857,8,8
8,16,matched_betti,0.5,max_full_branch_node_speed,all_interior,coexact,coexact,random_tangent,identity_stress,identity_01,10,next_token_logprob_delta,odd,0.875,1,0.6309802895659059,0.04936445655066666,0.11746072933663967,3,0.25,1.0,3,"29,30,31",0.8823529411764706,8,8
8,16,matched_betti,0.5,max_full_branch_node_speed,all_interior,coexact,coexact,random_tangent,identity_stress,identity_02,10,next_token_logprob_delta,odd,0.875,1,-0.4941729228393727,0.006385805666509904,0.019532816025083485,3,0.25,1.0,1,26,0.8387096774193549,8,8
8,16,matched_betti,0.5,max_full_branch_node_speed,all_interior,coexact,coexact,random_tangent,identity_stress,identity_03,10,next_token_logprob_delta,odd,0.875,1,0.29019978699633486,0.07657684239963,0.37054453825818434,3,0.25,1.0,3,"26,27,28",0.8709677419354839,8,8
8,16,matched_betti,0.5,max_full_branch_node_speed,all_interior,coexact,coexact,random_tangent,identity_stress,identity_04,10,next_token_logprob_delta,odd,0.875,1,-1.0463725011230522,0.18232234393930333,0.2547390029540213,3,0.25,1.0,1,24,0.8571428571428571,8,8
8,16,matched_betti,0.5,max_full_branch_node_speed,all_interior,coexact,coexact,random_tangent,identity_stress,identity_05,10,next_token_logprob_delta,odd,0.875,1,-0.1062554979290528,0.05282351115421697,0.6008183047980513,3,0.25,1.0,2,"24,25",0.875,8,8
8,16,matched_betti,0.5,max_full_branch_node_speed,all_interior,coexact,coexact,random_tangent,literal_stable,literal_01,10,next_token_logprob_delta,odd,0.875,1,0.4927545137120239,0.009799187079078026,0.03005205736458539,3,0.25,1.0,2,"29,30",0.8939393939393939,8,8
8,16,matched_betti,0.5,max_full_branch_node_speed,all_interior,coexact,coexact,random_tangent,literal_stable,literal_02,10,next_token_logprob_delta,odd,0.875,1,0.06647935693355962,0.0007668689716184004,0.017437302106167455,3,0.25,1.0,2,"24,25",0.875,8,8
8,16,matched_betti,0.5,max_full_branch_node_speed,all_interior,coexact,coexact,random_tangent,literal_stable,literal_03,10,next_token_logprob_delta,odd,0.875,1,0.8700557762457448,0.030698760250540722,0.053268158512723124,3,0.25,1.0,2,"23,24",0.8703703703703703,8,8
8,16,matched_betti,0.5,max_full_branch_node_speed,all_interior,coexact,coexact,random_tangent,literal_stable,literal_04,10,next_token_logprob_delta,odd,0.875,1,-0.4582402184811914,0.0463899150755591,0.15129107168262607,3,0.25,1.0,2,"21,22",0.86,8,8
8,16,matched_betti,0.5,max_full_branch_node_speed,all_interior,coexact,coexact,random_tangent,literal_stable,literal_05,10,next_token_logprob_delta,odd,0.875,1,0.28253947651313754,0.018098160544465083,0.09639161361475927,3,0.25,1.0,2,"22,23",0.8653846153846154,8,8
8,16,matched_betti,0.5,max_full_branch_node_speed,all_interior,coexact,coexact,random_tangent,metaphor_shift,metaphor_01,10,next_token_logprob_delta,odd,0.875,1,-0.0691466496343046,0.13418954025325008,0.9465322124827587,3,0.25,1.0,3,"29,30,31",0.8823529411764706,8,8
8,16,matched_betti,0.5,max_full_branch_node_speed,all_interior,coexact,coexact,random_tangent,metaphor_shift,metaphor_02,10,next_token_logprob_delta,odd,0.875,1,1.0471099676095452,0.023392203451583594,0.03375532134636271,3,0.25,1.0,1,26,0.896551724137931,8,8
8,16,matched_betti,0.5,max_full_branch_node_speed,all_interior,coexact,coexact,random_tangent,metaphor_shift,metaphor_03,10,next_token_logprob_delta,odd,0.875,1,1.1550260519730011,0.10018209773119728,0.13001907296097537,3,0.25,1.0,2,"25,27",0.8666666666666667,8,8
8,16,matched_betti,0.5,max_full_branch_node_speed,all_interior,coexact,coexact,random_tangent,metaphor_shift,metaphor_04,10,next_token_logprob_delta,odd,0.875,1,0.963016713465189,0.01262401255132986,0.01981478161362331,3,0.25,1.0,2,"24,25",0.875,8,8
8,16,matched_betti,0.5,max_full_branch_node_speed,all_interior,coexact,coexact,random_tangent,metaphor_shift,metaphor_05,10,next_token_logprob_delta,odd,0.875,1,0.524800503949971,0.007576336900816164,0.02182089636638187,3,0.25,1.0,2,"23,24",0.8703703703703703,8,8
8,16,matched_betti,0.5,max_full_branch_node_speed,all_interior,coexact,coexact,random_tangent,ontology_collapse,ontology_01,10,next_token_logprob_delta,odd,0.875,1,1.1863752097879352,0.04628160395990137,0.058876674133508416,3,0.25,1.0,3,"26,27,28",0.8709677419354839,8,8
8,16,matched_betti,0.5,max_full_branch_node_speed,all_interior,coexact,coexact,random_tangent,ontology_collapse,ontology_02,10,next_token_logprob_delta,odd,0.875,1,0.2459845537468906,0.010227213262164851,0.06273417062681959,3,0.25,1.0,2,"24,25",0.875,8,8
8,16,matched_betti,0.5,max_full_branch_node_speed,all_interior,coexact,coexact,random_tangent,ontology_collapse,ontology_03,10,next_token_logprob_delta,odd,0.875,1,0.391297658906008,0.007714767398804307,0.029794335961357332,3,0.25,1.0,2,"25,26",0.8793103448275862,8,8
8,16,matched_betti,0.5,max_full_branch_node_speed,all_interior,coexact,coexact,random_tangent,ontology_collapse,ontology_04,10,next_token_logprob_delta,odd,0.875,1,1.005621315366675,0.04030052901807324,0.06047718643467966,3,0.25,1.0,2,"25,26",0.8793103448275862,8,8
8,16,matched_betti,0.5,max_full_branch_node_speed,all_interior,coexact,coexact,random_tangent,ontology_collapse,ontology_05,10,next_token_logprob_delta,odd,0.875,1,-0.06480939546546542,0.01864031615505132,0.3987678939692453,3,0.25,1.0,2,"24,25",0.875,8,8
8,16,matched_betti,0.5,max_full_branch_node_speed,all_interior,coexact,coexact,random_tangent,identity_stress,identity_01,11,next_token_logprob_delta,odd,0.9583333333333334,1,-0.5795396055857399,0.010812986392639964,0.028196862886685235,3,0.25,1.0,2,"32,33",0.9558823529411763,8,8
8,16,matched_betti,0.5,max_full_branch_node_speed,all_interior,coexact,coexact,random_tangent,identity_stress,identity_02,11,next_token_logprob_delta,odd,0.9583333333333334,1,0.0785778541065335,8.926407821165466e-05,0.001717461027895292,3,0.25,1.0,1,30,0.967741935483871,8,8
8,16,matched_betti,0.5,max_full_branch_node_speed,all_interior,coexact,coexact,random_tangent,identity_stress,identity_03,11,next_token_logprob_delta,odd,0.9583333333333334,1,1.4311991653849376,0.04172953982284258,0.04403854377707173,3,0.25,1.0,1,29,0.9354838709677419,8,8
8,16,matched_betti,0.5,max_full_branch_node_speed,all_interior,coexact,coexact,random_tangent,identity_stress,identity_04,11,next_token_logprob_delta,odd,0.9583333333333334,1,0.45890253061329034,0.005030815057825976,0.01657178265830519,3,0.25,1.0,1,26,0.9285714285714285,8,8
8,16,matched_betti,0.5,max_full_branch_node_speed,all_interior,coexact,coexact,random_tangent,identity_stress,identity_05,11,next_token_logprob_delta,odd,0.9583333333333334,1,-0.43270073919572943,0.018897673588677513,0.06588507182834273,3,0.25,1.0,2,"26,27",0.9464285714285715,8,8
8,16,matched_betti,0.5,max_full_branch_node_speed,all_interior,coexact,coexact,random_tangent,literal_stable,literal_01,11,next_token_logprob_delta,odd,0.9583333333333334,1,-0.3303713630100773,0.015878690123246587,0.07247357676167379,3,0.25,1.0,1,32,0.9696969696969697,8,8
8,16,matched_betti,0.5,max_full_branch_node_speed,all_interior,coexact,coexact,random_tangent,literal_stable,literal_02,11,next_token_logprob_delta,odd,0.9583333333333334,1,0.11897095896782856,0.07649896489584966,0.697045406886399,3,0.25,1.0,2,"26,27",0.9464285714285715,8,8
8,16,matched_betti,0.5,max_full_branch_node_speed,all_interior,coexact,coexact,random_tangent,literal_stable,literal_03,11,next_token_logprob_delta,odd,0.9583333333333334,1,-1.0951822256652899,0.016635673256985253,0.02295886824344622,3,0.25,1.0,1,25,0.9259259259259259,8,8
8,16,matched_betti,0.5,max_full_branch_node_speed,all_interior,coexact,coexact,random_tangent,literal_stable,literal_04,11,next_token_logprob_delta,odd,0.9583333333333334,1,0.271761332808217,0.008459716227852625,0.04701091138413011,3,0.25,1.0,2,"23,24",0.94,8,8
8,16,matched_betti,0.5,max_full_branch_node_speed,all_interior,coexact,coexact,random_tangent,literal_stable,literal_05,11,next_token_logprob_delta,odd,0.9583333333333334,1,0.0004987738853154148,0.017464732552970968,0.999821632638434,3,0.25,1.0,1,25,0.9615384615384616,8,8
8,16,matched_betti,0.5,max_full_branch_node_speed,all_interior,coexact,coexact,random_tangent,metaphor_shift,metaphor_01,11,next_token_logprob_delta,odd,0.9583333333333334,1,0.20795536810619802,0.013867588131265199,0.10031034675884729,3,0.25,1.0,1,32,0.9411764705882352,8,8
8,16,matched_betti,0.5,max_full_branch_node_speed,all_interior,coexact,coexact,random_tangent,metaphor_shift,metaphor_02,11,next_token_logprob_delta,odd,0.9583333333333334,1,-0.026369816763877032,0.12929143789044223,0.9910227406782932,3,0.25,1.0,2,"27,28",0.9482758620689656,8,8
8,16,matched_betti,0.5,max_full_branch_node_speed,all_interior,coexact,coexact,random_tangent,metaphor_shift,metaphor_03,11,next_token_logprob_delta,odd,0.9583333333333334,1,0.0012634189337150615,0.001739901103435096,0.9014178212818664,3,0.25,1.0,2,"28,29",0.9499999999999998,8,8
8,16,matched_betti,0.5,max_full_branch_node_speed,all_interior,coexact,coexact,random_tangent,metaphor_shift,metaphor_04,11,next_token_logprob_delta,odd,0.9583333333333334,1,0.44521692948605884,0.1285873190801545,0.40016798116801205,3,0.25,1.0,1,26,0.9285714285714285,8,8
8,16,matched_betti,0.5,max_full_branch_node_speed,all_interior,coexact,coexact,random_tangent,metaphor_shift,metaphor_05,11,next_token_logprob_delta,odd,0.9583333333333334,1,0.770442071103979,0.009558997639814057,0.018754562789363178,3,0.25,1.0,2,"25,26",0.9444444444444443,8,8
8,16,matched_betti,0.5,max_full_branch_node_speed,all_interior,coexact,coexact,random_tangent,ontology_collapse,ontology_01,11,next_token_logprob_delta,odd,0.9583333333333334,1,-0.3109863906914399,0.04006897748216148,0.19120121858352476,3,0.25,1.0,2,"29,30",0.9516129032258065,8,8
8,16,matched_betti,0.5,max_full_branch_node_speed,all_interior,coexact,coexact,random_tangent,ontology_collapse,ontology_02,11,next_token_logprob_delta,odd,0.9583333333333334,1,-0.9556422265753399,0.05049577277748289,0.0796323040496192,3,0.25,1.0,2,"26,27",0.9464285714285715,8,8
8,16,matched_betti,0.5,max_full_branch_node_speed,all_interior,coexact,coexact,random_tangent,ontology_collapse,ontology_03,11,next_token_logprob_delta,odd,0.9583333333333334,1,0.07045095934600314,0.006368631852144632,0.1354102840285112,3,0.25,1.0,2,"27,28",0.9482758620689656,8,8
8,16,matched_betti,0.5,max_full_branch_node_speed,all_interior,coexact,coexact,random_tangent,ontology_collapse,ontology_04,11,next_token_logprob_delta,odd,0.9583333333333334,1,-0.3414232540269863,0.029620787738599833,0.13005002874834728,3,0.25,1.0,2,"27,28",0.9482758620689656,8,8
8,16,matched_betti,0.5,max_full_branch_node_speed,all_interior,coexact,coexact,random_tangent,ontology_collapse,ontology_05,11,next_token_logprob_delta,odd,0.9583333333333334,1,0.25404541876061204,0.04987195549364033,0.284527457366993,3,0.25,1.0,2,"26,27",0.9464285714285715,8,8
8,16,matched_betti,0.5,max_full_branch_node_speed,all_interior,coexact,coexact,random_tangent,identity_stress,identity_01,0,semantic_margin_delta,even,0.041666666666666664,2,0.1763990604213778,0.006137273562376237,0.05825595186991973,3,0.25,1.0,2,"1,2",0.04411764705882352,8,8
8,16,matched_betti,0.5,max_full_branch_node_speed,all_interior,coexact,coexact,random_tangent,identity_stress,identity_02,0,semantic_margin_delta,even,0.041666666666666664,2,0.0375232045242272,0.0003362629222593712,0.015028972722873742,3,0.25,1.0,2,"1,2",0.04838709677419354,8,8
8,16,matched_betti,0.5,max_full_branch_node_speed,all_interior,coexact,coexact,random_tangent,identity_stress,identity_03,0,semantic_margin_delta,even,0.041666666666666664,2,-0.26621574434154216,0.007944064812892818,0.049987917431686485,3,0.25,1.0,2,"1,2",0.04838709677419354,8,8
8,16,matched_betti,0.5,max_full_branch_node_speed,all_interior,coexact,coexact,random_tangent,identity_stress,identity_04,0,semantic_margin_delta,even,0.041666666666666664,2,-0.12216740073977073,0.021590983560572086,0.28420269829052136,3,0.25,1.0,2,"1,2",0.05357142857142857,8,8
8,16,matched_betti,0.5,max_full_branch_node_speed,all_interior,coexact,coexact,random_tangent,identity_stress,identity_05,0,semantic_margin_delta,even,0.041666666666666664,2,0.173068156648695,0.005602745819543863,0.05421803500492259,3,0.25,1.0,2,"1,2",0.05357142857142857,8,8
8,16,matched_betti,0.5,max_full_branch_node_speed,all_interior,coexact,coexact,random_tangent,literal_stable,literal_01,0,semantic_margin_delta,even,0.041666666666666664,2,-0.21589016107033399,0.02169622504366979,0.16621379035516987,3,0.25,1.0,2,"1,2",0.04545454545454545,8,8
8,16,matched_betti,0.5,max_full_branch_node_speed,all_interior,coexact,coexact,random_tangent,literal_stable,literal_02,0,semantic_margin_delta,even,0.041666666666666664,2,-0.14501235176492486,0.012662295053502711,0.14490998412440104,3,0.25,1.0,2,"1,2",0.05357142857142857,8,8
8,16,matched_betti,0.5,max_full_branch_node_speed,all_interior,coexact,coexact,random_tangent,literal_stable,literal_03,0,semantic_margin_delta,even,0.041666666666666664,2,-0.284578032558044,0.016139766846596935,0.09469762528074097,3,0.25,1.0,2,"1,2",0.05555555555555555,8,8
8,16,matched_betti,0.5,max_full_branch_node_speed,all_interior,coexact,coexact,random_tangent,literal_stable,literal_04,0,semantic_margin_delta,even,0.041666666666666664,2,-0.4924100214055145,0.018297796830185013,0.06220557603862345,3,0.25,1.0,2,"1,2",0.06,8,8
8,16,matched_betti,0.5,max_full_branch_node_speed,all_interior,coexact,coexact,random_tangent,literal_stable,literal_05,0,semantic_margin_delta,even,0.041666666666666664,2,-0.21918110173478314,0.045851647307393696,0.331084987035281,3,0.25,1.0,2,"1,2",0.05769230769230769,8,8
8,16,matched_betti,0.5,max_full_branch_node_speed,all_interior,coexact,coexact,random_tangent,metaphor_shift,metaphor_01,0,semantic_margin_delta,even,0.041666666666666664,2,-0.24844445186846156,0.00797974955093263,0.05379352025847843,3,0.25,1.0,2,"1,2",0.04411764705882352,8,8
8,16,matched_betti,0.5,max_full_branch_node_speed,all_interior,coexact,coexact,random_tangent,metaphor_shift,metaphor_02,0,semantic_margin_delta,even,0.041666666666666664,2,0.057976942157988265,0.009327240224345409,0.2605167345379706,3,0.25,1.0,2,"1,2",0.05172413793103448,8,8
8,16,matched_betti,0.5,max_full_branch_node_speed,all_interior,coexact,coexact,random_tangent,metaphor_shift,metaphor_03,0,semantic_margin_delta,even,0.041666666666666664,2,-0.0571476327866703,0.016513423634233564,0.43613697237907095,3,0.25,1.0,2,"1,2",0.05000000000000001,8,8
8,16,matched_betti,0.5,max_full_branch_node_speed,all_interior,coexact,coexact,random_tangent,metaphor_shift,metaphor_04,0,semantic_margin_delta,even,0.041666666666666664,2,0.1080608759915852,0.0009051877685030082,0.014048392084661306,3,0.25,1.0,2,"1,2",0.05357142857142857,8,8
8,16,matched_betti,0.5,max_full_branch_node_speed,all_interior,coexact,coexact,random_tangent,metaphor_shift,metaphor_05,0,semantic_margin_delta,even,0.041666666666666664,2,-0.3919171388910519,0.0020420864743891614,0.008739016816654515,3,0.25,1.0,2,"1,2",0.05555555555555555,8,8
8,16,matched_betti,0.5,max_full_branch_node_speed,all_interior,coexact,coexact,random_tangent,ontology_collapse,ontology_01,0,semantic_margin_delta,even,0.041666666666666664,2,-0.3521712709772513,0.07706421486510835,0.34455288627289316,3,0.25,1.0,2,"1,2",0.04838709677419354,8,8
8,16,matched_betti,0.5,max_full_branch_node_speed,all_interior,coexact,coexact,random_tangent,ontology_collapse,ontology_02,0,semantic_margin_delta,even,0.041666666666666664,2,-0.3369402991422554,0.02201589079693562,0.10894067408813858,3,0.25,1.0,2,"1,2",0.05357142857142857,8,8
8,16,matched_betti,0.5,max_full_branch_node_speed,all_interior,coexact,coexact,random_tangent,ontology_collapse,ontology_03,0,semantic_margin_delta,even,0.041666666666666664,2,-0.09501070261179122,0.009508658667791586,0.1655434910604436,3,0.25,1.0,2,"1,2",0.05172413793103448,8,8
8,16,matched_betti,0.5,max_full_branch_node_speed,all_interior,coexact,coexact,random_tangent,ontology_collapse,ontology_04,0,semantic_margin_delta,even,0.041666666666666664,2,0.026168256867124165,0.015932524749095903,0.7144828161268936,3,0.25,1.0,2,"1,2",0.05172413793103448,8,8
8,16,matched_betti,0.5,max_full_branch_node_speed,all_interior,coexact,coexact,random_tangent,ontology_collapse,ontology_05,0,semantic_margin_delta,even,0.041666666666666664,2,0.23529158420513868,0.003788057814555641,0.026993003774172308,3,0.25,1.0,2,"1,2",0.05357142857142857,8,8
8,16,matched_betti,0.5,max_full_branch_node_speed,all_interior,coexact,coexact,random_tangent,identity_stress,identity_01,1,semantic_margin_delta,even,0.125,2,-0.003921198909218027,0.011777412247387514,0.9808618087413097,3,0.25,1.0,3,"3,4,5",0.11764705882352942,8,8
8,16,matched_betti,0.5,max_full_branch_node_speed,all_interior,coexact,coexact,random_tangent,identity_stress,identity_02,1,semantic_margin_delta,even,0.125,2,0.21576126781527416,0.015625805661072505,0.12058343188395577,3,0.25,1.0,3,"3,4,5",0.12903225806451613,8,8
8,16,matched_betti,0.5,max_full_branch_node_speed,all_interior,coexact,coexact,random_tangent,identity_stress,identity_03,1,semantic_margin_delta,even,0.125,2,0.14120808264902351,0.0015272781621872985,0.018137875769779842,3,0.25,1.0,3,"3,4,5",0.12903225806451613,8,8
8,16,matched_betti,0.5,max_full_branch_node_speed,all_interior,coexact,coexact,random_tangent,identity_stress,identity_04,1,semantic_margin_delta,even,0.125,2,-0.22049874881318426,0.01827467743995708,0.1376850729780225,3,0.25,1.0,2,"3,4",0.125,8,8
8,16,matched_betti,0.5,max_full_branch_node_speed,all_interior,coexact,coexact,random_tangent,identity_stress,identity_05,1,semantic_margin_delta,even,0.125,2,0.08543835134992124,0.04071108161040655,0.6243170644951652,3,0.25,1.0,2,"3,4",0.125,8,8
8,16,matched_betti,0.5,max_full_branch_node_speed,all_interior,coexact,coexact,random_tangent,literal_stable,literal_01,1,semantic_margin_delta,even,0.125,2,0.3839288267485907,0.03158084706958763,0.1366714700169586,3,0.25,1.0,3,"3,4,5",0.12121212121212122,8,8
8,16,matched_betti,0.5,max_full_branch_node_speed,all_interior,coexact,coexact,random_tangent,literal_stable,literal_02,1,semantic_margin_delta,even,0.125,2,-0.011956732511419231,0.011300953761447899,0.8457826481539991,3,0.25,1.0,2,"3,4",0.125,8,8
8,16,matched_betti,0.5,max_full_branch_node_speed,all_interior,coexact,coexact,random_tangent,literal_stable,literal_03,1,semantic_margin_delta,even,0.125,2,-0.129690418463649,0.018725962011020857,0.23537441169911383,3,0.25,1.0,2,"3,4",0.12962962962962962,8,8
8,16,matched_betti,0.5,max_full_branch_node_speed,all_interior,coexact,coexact,random_tangent,literal_stable,literal_04,1,semantic_margin_delta,even,0.125,2,-0.0943939547279649,0.005028491805714941,0.08899511533964875,3,0.25,1.0,2,"3,4",0.14,8,8
8,16,matched_betti,0.5,max_full_branch_node_speed,all_interior,coexact,coexact,random_tangent,literal_stable,literal_05,1,semantic_margin_delta,even,0.125,2,-0.18639202585445436,0.024463114541747624,0.21498499206226804,3,0.25,1.0,2,"3,4",0.13461538461538464,8,8
8,16,matched_betti,0.5,max_full_branch_node_speed,all_interior,coexact,coexact,random_tangent,metaphor_shift,metaphor_01,1,semantic_margin_delta,even,0.125,2,-0.09230693228373091,0.013105586176573484,0.23165621781166104,3,0.25,1.0,2,"3,5",0.1176470588235294,8,8
8,16,matched_betti,0.5,max_full_branch_node_speed,all_interior,coexact,coexact,random_tangent,metaphor_shift,metaphor_02,1,semantic_margin_delta,even,0.125,2,0.06330130729185916,0.004713761268636082,0.12393471415765037,3,0.25,1.0,2,"3,4",0.12068965517241377,8,8
8,16,matched_betti,0.5,max_full_branch_node_speed,all_interior,coexact,coexact,random_tangent,metaphor_shift,metaphor_03,1,semantic_margin_delta,even,0.125,2,-0.17228465741424373,0.007563241070194577,0.07343219959983013,3,0.25,1.0,2,"3,4",0.11666666666666665,8,8
8,16,matched_betti,0.5,max_full_branch_node_speed,all_interior,coexact,coexact,random_tangent,metaphor_shift,metaphor_04,1,semantic_margin_delta,even,0.125,2,-0.22361115700158501,0.023822949192862188,0.17590418209245773,3,0.25,1.0,2,"3,4",0.125,8,8
8,16,matched_betti,0.5,max_full_branch_node_speed,all_interior,coexact,coexact,random_tangent,metaphor_shift,metaphor_05,1,semantic_margin_delta,even,0.125,2,-0.039815831322065245,0.010435701559162127,0.4024376029244874,3,0.25,1.0,2,"3,4",0.12962962962962962,8,8
8,16,matched_betti,0.5,max_full_branch_node_speed,all_interior,coexact,coexact,random_tangent,ontology_collapse,ontology_01,1,semantic_margin_delta,even,0.125,2,-0.021360722946049047,0.018742922078067277,0.8271248302906582,3,0.25,1.0,3,"3,4,5",0.12903225806451613,8,8
8,16,matched_betti,0.5,max_full_branch_node_speed,all_interior,coexact,coexact,random_tangent,ontology_collapse,ontology_02,1,semantic_margin_delta,even,0.125,2,0.2661541935264005,0.012630871602501526,0.07934651216323238,3,0.25,1.0,2,"3,4",0.125,8,8
8,16,matched_betti,0.5,max_full_branch_node_speed,all_interior,coexact,coexact,random_tangent,ontology_collapse,ontology_03,1,semantic_margin_delta,even,0.125,2,0.15257613088438854,0.0024151038735533456,0.026539668930659302,3,0.25,1.0,2,"3,4",0.12068965517241377,8,8
8,16,matched_betti,0.5,max_full_branch_node_speed,all_interior,coexact,coexact,random_tangent,ontology_collapse,ontology_04,1,semantic_margin_delta,even,0.125,2,0.1639655897700377,0.008912676290652396,0.09079401476804283,3,0.25,1.0,2,"3,4",0.12068965517241377,8,8
8,16,matched_betti,0.5,max_full_branch_node_speed,all_interior,coexact,coexact,random_tangent,ontology_collapse,ontology_05,1,semantic_margin_delta,even,0.125,2,-0.17698896554439217,0.0023917162986060105,0.022659547588615842,3,0.25,1.0,2,"3,4",0.125,8,8
8,16,matched_betti,0.5,max_full_branch_node_speed,all_interior,coexact,coexact,random_tangent,identity_stress,identity_01,2,semantic_margin_delta,even,0.20833333333333334,2,-0.3593665032165348,0.022404422396968545,0.10400015323345632,3,0.25,1.0,3,"6,7,8",0.2058823529411765,8,8
8,16,matched_betti,0.5,max_full_branch_node_speed,all_interior,coexact,coexact,random_tangent,identity_stress,identity_02,2,semantic_margin_delta,even,0.20833333333333334,2,-0.2538121497297875,0.006922341069040031,0.045696817134775164,3,0.25,1.0,2,"6,7",0.20967741935483866,8,8
8,16,matched_betti,0.5,max_full_branch_node_speed,all_interior,coexact,coexact,random_tangent,identity_stress,identity_03,2,semantic_margin_delta,even,0.20833333333333334,2,0.20367025451479454,0.010443770774908805,0.08568971060230322,3,0.25,1.0,2,"6,7",0.20967741935483866,8,8
8,16,matched_betti,0.5,max_full_branch_node_speed,all_interior,coexact,coexact,random_tangent,identity_stress,identity_04,2,semantic_margin_delta,even,0.20833333333333334,2,-0.04016730211948894,0.004971301765677759,0.20325231823440998,3,0.25,1.0,2,"5,6",0.19642857142857142,8,8
8,16,matched_betti,0.5,max_full_branch_node_speed,all_interior,coexact,coexact,random_tangent,identity_stress,identity_05,2,semantic_margin_delta,even,0.20833333333333334,2,0.6634874342351079,0.0267477838387974,0.06746272021957975,3,0.25,1.0,2,"5,6",0.19642857142857142,8,8
8,16,matched_betti,0.5,max_full_branch_node_speed,all_interior,coexact,coexact,random_tangent,literal_stable,literal_01,2,semantic_margin_delta,even,0.20833333333333334,2,-0.2106092157597454,0.01381475413702849,0.10935848815793019,3,0.25,1.0,3,"6,7,8",0.21212121212121213,8,8
8,16,matched_betti,0.5,max_full_branch_node_speed,all_interior,coexact,coexact,random_tangent,literal_stable,literal_02,2,semantic_margin_delta,even,0.20833333333333334,2,-0.14472103398994404,0.031093374515616157,0.3390185210401064,3,0.25,1.0,2,"5,6",0.19642857142857142,8,8
8,16,matched_betti,0.5,max_full_branch_node_speed,all_interior,coexact,coexact,random_tangent,literal_stable,literal_03,2,semantic_margin_delta,even,0.20833333333333334,2,-0.1153166417792138,0.0016206078207137065,0.023564846471291742,3,0.25,1.0,2,"5,6",0.2037037037037037,8,8
8,16,matched_betti,0.5,max_full_branch_node_speed,all_interior,coexact,coexact,random_tangent,literal_stable,literal_04,2,semantic_margin_delta,even,0.20833333333333334,2,-0.32054580017288303,0.009517544951348334,0.04973890878080809,3,0.25,1.0,2,"5,6",0.22,8,8
8,16,matched_betti,0.5,max_full_branch_node_speed,all_interior,coexact,coexact,random_tangent,literal_stable,literal_05,2,semantic_margin_delta,even,0.20833333333333334,2,-0.6066895212544526,0.009564516470538815,0.026432852901328713,3,0.25,1.0,2,"5,6",0.21153846153846156,8,8
8,16,matched_betti,0.5,max_full_branch_node_speed,all_interior,coexact,coexact,random_tangent,metaphor_shift,metaphor_01,2,semantic_margin_delta,even,0.20833333333333334,2,0.023987020891759418,0.0037467717052310414,0.25343409065285327,3,0.25,1.0,3,"6,7,8",0.2058823529411765,8,8
8,16,matched_betti,0.5,max_full_branch_node_speed,all_interior,coexact,coexact,random_tangent,metaphor_shift,metaphor_02,2,semantic_margin_delta,even,0.20833333333333334,2,0.002976894789656907,0.004342504749120943,0.925667837665615,3,0.25,1.0,3,"5,6,7",0.20689655172413793,8,8
8,16,matched_betti,0.5,max_full_branch_node_speed,all_interior,coexact,coexact,random_tangent,metaphor_shift,metaphor_03,2,semantic_margin_delta,even,0.20833333333333334,2,-0.06162262107532589,0.002707533659207602,0.07349484624370121,3,0.25,1.0,3,"5,6,7",0.19999999999999998,8,8
8,16,matched_betti,0.5,max_full_branch_node_speed,all_interior,coexact,coexact,random_tangent,metaphor_shift,metaphor_04,2,semantic_margin_delta,even,0.20833333333333334,2,0.0730668291132915,0.016517075653703576,0.3545239606735229,3,0.25,1.0,2,"5,6",0.19642857142857142,8,8
8,16,matched_betti,0.5,max_full_branch_node_speed,all_interior,coexact,coexact,random_tangent,metaphor_shift,metaphor_05,2,semantic_margin_delta,even,0.20833333333333334,2,-0.182738056829127,0.0066643192193009005,0.06105414071760657,3,0.25,1.0,2,"5,6",0.2037037037037037,8,8
8,16,matched_betti,0.5,max_full_branch_node_speed,all_interior,coexact,coexact,random_tangent,ontology_collapse,ontology_01,2,semantic_margin_delta,even,0.20833333333333334,2,0.09301302821956536,0.004994358616140613,0.08969764999134021,3,0.25,1.0,2,"6,7",0.20967741935483866,8,8
8,16,matched_betti,0.5,max_full_branch_node_speed,all_interior,coexact,coexact,random_tangent,ontology_collapse,ontology_02,2,semantic_margin_delta,even,0.20833333333333334,2,0.15222747502331055,0.000824663701923455,0.00908584230956129,3,0.25,1.0,2,"5,6",0.19642857142857142,8,8
8,16,matched_betti,0.5,max_full_branch_node_speed,all_interior,coexact,coexact,random_tangent,ontology_collapse,ontology_03,2,semantic_margin_delta,even,0.20833333333333334,2,-0.1412861163054194,0.005137616637040624,0.06087728026044137,3,0.25,1.0,2,"6,7",0.22413793103448276,8,8
8,16,matched_betti,0.5,max_full_branch_node_speed,all_interior,coexact,coexact,random_tangent,ontology_collapse,ontology_04,2,semantic_margin_delta,even,0.20833333333333334,2,-0.04411864809616495,0.003072252717232932,0.11600903014725812,3,0.25,1.0,3,"5,6,7",0.20689655172413793,8,8
8,16,matched_betti,0.5,max_full_branch_node_speed,all_interior,coexact,coexact,random_tangent,ontology_collapse,ontology_05,2,semantic_margin_delta,even,0.20833333333333334,2,-0.07754800340722579,0.03650065340965288,0.6196369463286765,3,0.25,1.0,2,"5,6",0.19642857142857142,8,8
8,16,matched_betti,0.5,max_full_branch_node_speed,all_interior,coexact,coexact,random_tangent,identity_stress,identity_01,3,semantic_margin_delta,even,0.2916666666666667,2,-0.2521331652058011,0.02374843627508238,0.15604552120999537,3,0.25,1.0,3,"9,10,11",0.29411764705882354,8,8
8,16,matched_betti,0.5,max_full_branch_node_speed,all_interior,coexact,coexact,random_tangent,identity_stress,identity_02,3,semantic_margin_delta,even,0.2916666666666667,2,-0.10078165901662564,0.008012244936308111,0.1321736664708358,3,0.25,1.0,3,"8,9,10",0.2903225806451613,8,8
8,16,matched_betti,0.5,max_full_branch_node_speed,all_interior,coexact,coexact,random_tangent,identity_stress,identity_03,3,semantic_margin_delta,even,0.2916666666666667,2,-0.0837520800674946,0.0028460112468729733,0.05690311492019451,3,0.25,1.0,3,"8,9,10",0.2903225806451613,8,8
8,16,matched_betti,0.5,max_full_branch_node_speed,all_interior,coexact,coexact,random_tangent,identity_stress,identity_04,3,semantic_margin_delta,even,0.2916666666666667,2,-0.11693407860455246,0.005272264959313117,0.0754079466580401,3,0.25,1.0,3,"7,8,9",0.28571428571428575,8,8
8,16,matched_betti,0.5,max_full_branch_node_speed,all_interior,coexact,coexact,random_tangent,identity_stress,identity_05,3,semantic_margin_delta,even,0.2916666666666667,2,-0.3457862871143675,0.012344618021774202,0.05977120447684591,3,0.25,1.0,3,"7,8,9",0.28571428571428575,8,8
8,16,matched_betti,0.5,max_full_branch_node_speed,all_interior,coexact,coexact,random_tangent,literal_stable,literal_01,3,semantic_margin_delta,even,0.2916666666666667,2,0.3770521849837973,0.005147060431319212,0.022889868026200192,3,0.25,1.0,2,"9,10",0.28787878787878785,8,8
8,16,matched_betti,0.5,max_full_branch_node_speed,all_interior,coexact,coexact,random_tangent,literal_stable,literal_02,3,semantic_margin_delta,even,0.2916666666666667,2,-0.14256525833532224,0.011389354692565457,0.13280687281185594,3,0.25,1.0,3,"7,8,9",0.28571428571428575,8,8
8,16,matched_betti,0.5,max_full_branch_node_speed,all_interior,coexact,coexact,random_tangent,literal_stable,literal_03,3,semantic_margin_delta,even,0.2916666666666667,2,-0.15929838029618726,0.013500809502503118,0.14073549643400868,3,0.25,1.0,2,"7,8",0.2777777777777778,8,8
8,16,matched_betti,0.5,max_full_branch_node_speed,all_interior,coexact,coexact,random_tangent,literal_stable,literal_04,3,semantic_margin_delta,even,0.2916666666666667,2,-0.4406700351005104,0.033133107198495694,0.12511854317726007,3,0.25,1.0,2,"7,8",0.30000000000000004,8,8
8,16,matched_betti,0.5,max_full_branch_node_speed,all_interior,coexact,coexact,random_tangent,literal_stable,literal_05,3,semantic_margin_delta,even,0.2916666666666667,2,-0.01218322161573551,0.00022693113718068016,0.031226218423431932,3,0.25,1.0,2,"7,8",0.28846153846153844,8,8
8,16,matched_betti,0.5,max_full_branch_node_speed,all_interior,coexact,coexact,random_tangent,metaphor_shift,metaphor_01,3,semantic_margin_delta,even,0.2916666666666667,2,-0.04832431908468731,0.023385712345963393,0.6302084377670629,3,0.25,1.0,3,"9,10,11",0.29411764705882354,8,8
8,16,matched_betti,0.5,max_full_branch_node_speed,all_interior,coexact,coexact,random_tangent,metaphor_shift,metaphor_02,3,semantic_margin_delta,even,0.2916666666666667,2,0.05291864019333046,0.004094374242212998,0.1286920497893595,3,0.25,1.0,2,"8,9",0.2931034482758621,8,8
8,16,matched_betti,0.5,max_full_branch_node_speed,all_interior,coexact,coexact,random_tangent,metaphor_shift,metaphor_03,3,semantic_margin_delta,even,0.2916666666666667,2,-0.01071055498002117,0.0053332978170943755,0.6410231573744526,3,0.25,1.0,2,"8,9",0.2833333333333333,8,8
8,16,matched_betti,0.5,max_full_branch_node_speed,all_interior,coexact,coexact,random_tangent,metaphor_shift,metaphor_04,3,semantic_margin_delta,even,0.2916666666666667,2,-0.15259152448685873,0.01564859542835371,0.16951685679607992,3,0.25,1.0,3,"7,8,9",0.28571428571428575,8,8
8,16,matched_betti,0.5,max_full_branch_node_speed,all_interior,coexact,coexact,random_tangent,metaphor_shift,metaphor_05,3,semantic_margin_delta,even,0.2916666666666667,2,0.06162182271634342,0.009546162202211883,0.2514820423637779,3,0.25,1.0,2,"7,8",0.2777777777777778,8,8
8,16,matched_betti,0.5,max_full_branch_node_speed,all_interior,coexact,coexact,random_tangent,ontology_collapse,ontology_01,3,semantic_margin_delta,even,0.2916666666666667,2,-0.04037474283093883,0.023129672227751277,0.692853544724061,3,0.25,1.0,3,"8,9,10",0.2903225806451613,8,8
8,16,matched_betti,0.5,max_full_branch_node_speed,all_interior,coexact,coexact,random_tangent,ontology_collapse,ontology_02,3,semantic_margin_delta,even,0.2916666666666667,2,0.43238857047348533,0.002229386989881501,0.008647574343433708,3,0.25,1.0,3,"7,8,9",0.28571428571428575,8,8
8,16,matched_betti,0.5,max_full_branch_node_speed,all_interior,coexact,coexact,random_tangent,ontology_collapse,ontology_03,3,semantic_margin_delta,even,0.2916666666666667,2,-0.39794081803442277,0.005395010619656276,0.0227332145923975,3,0.25,1.0,2,"8,9",0.2931034482758621,8,8
8,16,matched_betti,0.5,max_full_branch_node_speed,all_interior,coexact,coexact,random_tangent,ontology_collapse,ontology_04,3,semantic_margin_delta,even,0.2916666666666667,2,-0.057052029425245676,0.007145065868461482,0.20556942154468003,3,0.25,1.0,2,"8,9",0.2931034482758621,8,8
8,16,matched_betti,0.5,max_full_branch_node_speed,all_interior,coexact,coexact,random_tangent,ontology_collapse,ontology_05,3,semantic_margin_delta,even,0.2916666666666667,2,-0.04724432136316016,0.010554053544438637,0.3508667034248872,3,0.25,1.0,3,"7,8,9",0.28571428571428575,8,8
8,16,matched_betti,0.5,max_full_branch_node_speed,all_interior,coexact,coexact,random_tangent,identity_stress,identity_01,4,semantic_margin_delta,even,0.375,2,-0.006996104452041611,0.0011220514274674627,0.25976762491245875,3,0.25,1.0,3,"12,13,14",0.38235294117647056,8,8
8,16,matched_betti,0.5,max_full_branch_node_speed,all_interior,coexact,coexact,random_tangent,identity_stress,identity_02,4,semantic_margin_delta,even,0.375,2,0.06423589624892094,0.03551413495427699,0.6799524032445559,3,0.25,1.0,2,"11,12",0.3709677419354838,8,8
8,16,matched_betti,0.5,max_full_branch_node_speed,all_interior,coexact,coexact,random_tangent,identity_stress,identity_03,4,semantic_margin_delta,even,0.375,2,-0.1370468116459136,0.006756657280190007,0.08241048260106898,3,0.25,1.0,2,"11,12",0.3709677419354838,8,8
8,16,matched_betti,0.5,max_full_branch_node_speed,all_interior,coexact,coexact,random_tangent,identity_stress,identity_04,4,semantic_margin_delta,even,0.375,2,-0.19295150412605658,0.032322452157370646,0.2704931494080422,3,0.25,1.0,2,"10,11",0.375,8,8
8,16,matched_betti,0.5,max_full_branch_node_speed,all_interior,coexact,coexact,random_tangent,identity_stress,identity_05,4,semantic_margin_delta,even,0.375,2,-0.2877989843070208,0.017095821469303257,0.09914141211765438,3,0.25,1.0,2,"10,11",0.375,8,8
8,16,matched_betti,0.5,max_full_branch_node_speed,all_interior,coexact,coexact,random_tangent,literal_stable,literal_01,4,semantic_margin_delta,even,0.375,2,-0.38858778873828625,0.0010646476722487004,0.004595274519467914,3,0.25,1.0,3,"11,12,13",0.3636363636363636,8,8
8,16,matched_betti,0.5,max_full_branch_node_speed,all_interior,coexact,coexact,random_tangent,literal_stable,literal_02,4,semantic_margin_delta,even,0.375,2,0.050285616334022475,0.013147493970303037,0.40160978941634007,3,0.25,1.0,2,"10,11",0.375,8,8
8,16,matched_betti,0.5,max_full_branch_node_speed,all_interior,coexact,coexact,random_tangent,literal_stable,literal_03,4,semantic_margin_delta,even,0.375,2,-0.2861933344683184,0.0121351143434855,0.07093949806443073,3,0.25,1.0,3,"9,10,11",0.3703703703703704,8,8
8,16,matched_betti,0.5,max_full_branch_node_speed,all_interior,coexact,coexact,random_tangent,literal_stable,literal_04,4,semantic_margin_delta,even,0.375,2,0.036270098630272724,0.008247051935274741,0.35633802950057786,3,0.25,1.0,2,"9,10",0.38000000000000006,8,8
8,16,matched_betti,0.5,max_full_branch_node_speed,all_interior,coexact,coexact,random_tangent,literal_stable,literal_05,4,semantic_margin_delta,even,0.375,2,0.07636716061653077,0.014052676449436051,0.29491264179338683,3,0.25,1.0,2,"9,10",0.3653846153846154,8,8
8,16,matched_betti,0.5,max_full_branch_node_speed,all_interior,coexact,coexact,random_tangent,metaphor_shift,metaphor_01,4,semantic_margin_delta,even,0.375,2,0.01955393473461845,0.029487579017189798,0.929956294002084,3,0.25,1.0,2,"12,13",0.36764705882352944,8,8
8,16,matched_betti,0.5,max_full_branch_node_speed,all_interior,coexact,coexact,random_tangent,metaphor_shift,metaphor_02,4,semantic_margin_delta,even,0.375,2,0.3295923983207605,0.05042449126412689,0.24855154189718995,3,0.25,1.0,3,"10,11,12",0.37931034482758624,8,8
8,16,matched_betti,0.5,max_full_branch_node_speed,all_interior,coexact,coexact,random_tangent,metaphor_shift,metaphor_03,4,semantic_margin_delta,even,0.375,2,0.08231364363315037,0.008411216016139528,0.1689271734667646,3,0.25,1.0,3,"10,11,12",0.3666666666666667,8,8
8,16,matched_betti,0.5,max_full_branch_node_speed,all_interior,coexact,coexact,random_tangent,metaphor_shift,metaphor_04,4,semantic_margin_delta,even,0.375,2,0.2547696427830738,0.004179530191587782,0.027505195319448342,3,0.25,1.0,2,"10,11",0.375,8,8
8,16,matched_betti,0.5,max_full_branch_node_speed,all_interior,coexact,coexact,random_tangent,metaphor_shift,metaphor_05,4,semantic_margin_delta,even,0.375,2,-0.3015160343606552,0.004718887344875597,0.026240910954994454,3,0.25,1.0,3,"9,10,11",0.3703703703703704,8,8
8,16,matched_betti,0.5,max_full_branch_node_speed,all_interior,coexact,coexact,random_tangent,ontology_collapse,ontology_01,4,semantic_margin_delta,even,0.375,2,-0.05460833575191379,0.00768401198118195,0.22969845641219072,3,0.25,1.0,2,"11,12",0.3709677419354838,8,8
8,16,matched_betti,0.5,max_full_branch_node_speed,all_interior,coexact,coexact,random_tangent,ontology_collapse,ontology_02,4,semantic_margin_delta,even,0.375,2,0.0891406226567592,0.010613353179118134,0.19583245935679294,3,0.25,1.0,2,"10,11",0.375,8,8
8,16,matched_betti,0.5,max_full_branch_node_speed,all_interior,coexact,coexact,random_tangent,ontology_collapse,ontology_03,4,semantic_margin_delta,even,0.375,2,-0.20671724534689698,0.007721209370337893,0.06252552089030748,3,0.25,1.0,3,"10,11,12",0.37931034482758624,8,8
8,16,matched_betti,0.5,max_full_branch_node_speed,all_interior,coexact,coexact,random_tangent,ontology_collapse,ontology_04,4,semantic_margin_delta,even,0.375,2,0.2007788494528958,0.020577349089554844,0.16941320496452,3,0.25,1.0,3,"10,11,12",0.37931034482758624,8,8
8,16,matched_betti,0.5,max_full_branch_node_speed,all_interior,coexact,coexact,random_tangent,ontology_collapse,ontology_05,4,semantic_margin_delta,even,0.375,2,0.2965605429145092,0.008824276388805142,0.04984537112046884,3,0.25,1.0,2,"10,11",0.375,8,8
8,16,matched_betti,0.5,max_full_branch_node_speed,all_interior,coexact,coexact,random_tangent,identity_stress,identity_01,5,semantic_margin_delta,even,0.4583333333333333,2,-0.1474412999498145,9.465598991330231e-05,0.0010767824910952943,3,0.25,1.0,2,"15,16",0.45588235294117646,8,8
8,16,matched_betti,0.5,max_full_branch_node_speed,all_interior,coexact,coexact,random_tangent,identity_stress,identity_02,5,semantic_margin_delta,even,0.4583333333333333,2,-0.206699725181842,0.01194697787919951,0.09649087161166385,3,0.25,1.0,2,"13,15",0.4516129032258065,8,8
8,16,matched_betti,0.5,max_full_branch_node_speed,all_interior,coexact,coexact,random_tangent,identity_stress,identity_03,5,semantic_margin_delta,even,0.4583333333333333,2,0.034112815759497594,0.011172650097059943,0.4814717531138466,3,0.25,1.0,3,"13,14,15",0.4516129032258065,8,8
8,16,matched_betti,0.5,max_full_branch_node_speed,all_interior,coexact,coexact,random_tangent,identity_stress,identity_05,5,semantic_margin_delta,even,0.4583333333333333,2,0.05460819598140042,0.005207936182305604,0.15795046955275238,3,0.25,1.0,2,"12,13",0.4464285714285714,8,8
8,16,matched_betti,0.5,max_full_branch_node_speed,all_interior,coexact,coexact,random_tangent,literal_stable,literal_01,5,semantic_margin_delta,even,0.4583333333333333,2,0.19807623746188804,0.00817446413957794,0.06905390944158099,3,0.25,1.0,3,"14,15,16",0.4545454545454546,8,8
8,16,matched_betti,0.5,max_full_branch_node_speed,all_interior,coexact,coexact,random_tangent,literal_stable,literal_02,5,semantic_margin_delta,even,0.4583333333333333,2,-0.3509548860695755,0.023269805548766512,0.11052783235877815,3,0.25,1.0,2,"12,13",0.4464285714285714,8,8
8,16,matched_betti,0.5,max_full_branch_node_speed,all_interior,coexact,coexact,random_tangent,literal_stable,literal_03,5,semantic_margin_delta,even,0.4583333333333333,2,-0.1867474342756026,0.008826501380831513,0.07902652001531428,3,0.25,1.0,2,"12,13",0.46296296296296297,8,8
8,16,matched_betti,0.5,max_full_branch_node_speed,all_interior,coexact,coexact,random_tangent,literal_stable,literal_04,5,semantic_margin_delta,even,0.4583333333333333,2,-0.09838884135717565,0.007951555359311616,0.13432344122304907,3,0.25,1.0,2,"11,12",0.45999999999999996,8,8
8,16,matched_betti,0.5,max_full_branch_node_speed,all_interior,coexact,coexact,random_tangent,literal_stable,literal_05,5,semantic_margin_delta,even,0.4583333333333333,2,-0.051565733269653954,0.005908798034318774,0.18873863942753344,3,0.25,1.0,2,"11,12",0.4423076923076923,8,8
8,16,matched_betti,0.5,max_full_branch_node_speed,all_interior,coexact,coexact,random_tangent,metaphor_shift,metaphor_01,5,semantic_margin_delta,even,0.4583333333333333,2,0.16400813153497265,0.018945304467543694,0.19021006385711203,3,0.25,1.0,2,"15,16",0.45588235294117646,8,8
8,16,matched_betti,0.5,max_full_branch_node_speed,all_interior,coexact,coexact,random_tangent,metaphor_shift,metaphor_02,5,semantic_margin_delta,even,0.4583333333333333,2,-0.0577403846889081,0.00045288651567434275,0.013154411562490535,3,0.25,1.0,2,"13,14",0.46551724137931033,8,8
8,16,matched_betti,0.5,max_full_branch_node_speed,all_interior,coexact,coexact,random_tangent,metaphor_shift,metaphor_03,5,semantic_margin_delta,even,0.4583333333333333,2,-0.3133906935193359,0.00618052024372249,0.033059841168923756,3,0.25,1.0,2,"13,14",0.45,8,8
8,16,matched_betti,0.5,max_full_branch_node_speed,all_interior,coexact,coexact,random_tangent,metaphor_shift,metaphor_04,5,semantic_margin_delta,even,0.4583333333333333,2,0.15437129006051703,0.012884157043120199,0.13863554824221938,3,0.25,1.0,2,"12,13",0.4464285714285714,8,8
8,16,matched_betti,0.5,max_full_branch_node_speed,all_interior,coexact,coexact,random_tangent,metaphor_shift,metaphor_05,5,semantic_margin_delta,even,0.4583333333333333,2,0.1515055590055106,0.009974450763956902,0.10975592928230686,3,0.25,1.0,2,"12,13",0.46296296296296297,8,8
8,16,matched_betti,0.5,max_full_branch_node_speed,all_interior,coexact,coexact,random_tangent,ontology_collapse,ontology_01,5,semantic_margin_delta,even,0.4583333333333333,2,-0.19590286868255505,0.003944940320114452,0.0337560292603841,3,0.25,1.0,3,"13,14,15",0.4516129032258065,8,8
8,16,matched_betti,0.5,max_full_branch_node_speed,all_interior,coexact,coexact,random_tangent,ontology_collapse,ontology_02,5,semantic_margin_delta,even,0.4583333333333333,2,0.5048204763546262,0.0070558181809840985,0.0234363730034635,3,0.25,1.0,2,"12,13",0.4464285714285714,8,8
8,16,matched_betti,0.5,max_full_branch_node_speed,all_interior,coexact,coexact,random_tangent,ontology_collapse,ontology_03,5,semantic_margin_delta,even,0.4583333333333333,2,-0.3212949074004387,0.031023611054033486,0.15986954118352173,3,0.25,1.0,2,"13,14",0.46551724137931033,8,8
8,16,matched_betti,0.5,max_full_branch_node_speed,all_interior,coexact,coexact,random_tangent,ontology_collapse,ontology_04,5,semantic_margin_delta,even,0.4583333333333333,2,0.13533599748494296,0.012531145851855566,0.15346226358074988,3,0.25,1.0,1,13,0.4482758620689655,8,8
8,16,matched_betti,0.5,max_full_branch_node_speed,all_interior,coexact,coexact,random_tangent,ontology_collapse,ontology_05,5,semantic_margin_delta,even,0.4583333333333333,2,0.057748776937690184,0.031018837585309402,0.6693386948685591,3,0.25,1.0,2,"12,13",0.4464285714285714,8,8
8,16,matched_betti,0.5,max_full_branch_node_speed,all_interior,coexact,coexact,random_tangent,identity_stress,identity_01,6,semantic_margin_delta,even,0.5416666666666666,2,-0.00949033636284112,0.007312604025460954,0.7908869384152355,3,0.25,1.0,3,"17,18,19",0.5294117647058824,8,8
8,16,matched_betti,0.5,max_full_branch_node_speed,all_interior,coexact,coexact,random_tangent,identity_stress,identity_02,6,semantic_margin_delta,even,0.5416666666666666,2,-0.2282726472678631,0.008563090382035472,0.06279398092738808,3,0.25,1.0,3,"16,17,18",0.5483870967741935,8,8
8,16,matched_betti,0.5,max_full_branch_node_speed,all_interior,coexact,coexact,random_tangent,identity_stress,identity_03,6,semantic_margin_delta,even,0.5416666666666666,2,0.026834284303607646,0.003686812542231235,0.22455610195923642,3,0.25,1.0,3,"16,17,18",0.5483870967741935,8,8
8,16,matched_betti,0.5,max_full_branch_node_speed,all_interior,coexact,coexact,random_tangent,identity_stress,identity_04,6,semantic_margin_delta,even,0.5416666666666666,2,0.02283871394988802,0.0016623690433745094,0.1211832368177575,3,0.25,1.0,2,"14,15",0.5178571428571428,8,8
8,16,matched_betti,0.5,max_full_branch_node_speed,all_interior,coexact,coexact,random_tangent,identity_stress,identity_05,6,semantic_margin_delta,even,0.5416666666666666,2,-0.2711872237244723,0.013764214407812897,0.08482297146073307,3,0.25,1.0,3,"14,15,16",0.5357142857142857,8,8
8,16,matched_betti,0.5,max_full_branch_node_speed,all_interior,coexact,coexact,random_tangent,literal_stable,literal_01,6,semantic_margin_delta,even,0.5416666666666666,2,-0.06165193034082828,0.023708035913585033,0.5420209974633995,3,0.25,1.0,3,"17,18,19",0.5454545454545454,8,8
8,16,matched_betti,0.5,max_full_branch_node_speed,all_interior,coexact,coexact,random_tangent,literal_stable,literal_02,6,semantic_margin_delta,even,0.5416666666666666,2,0.20013151488564784,0.014997619345187731,0.12471031456155433,3,0.25,1.0,3,"14,15,16",0.5357142857142857,8,8
8,16,matched_betti,0.5,max_full_branch_node_speed,all_interior,coexact,coexact,random_tangent,literal_stable,literal_03,6,semantic_margin_delta,even,0.5416666666666666,2,-0.03548173203458826,0.010343020768362979,0.43923601055166056,3,0.25,1.0,2,"14,15",0.537037037037037,8,8
8,16,matched_betti,0.5,max_full_branch_node_speed,all_interior,coexact,coexact,random_tangent,literal_stable,literal_04,6,semantic_margin_delta,even,0.5416666666666666,2,0.15757670849940897,0.0015905934907650301,0.01692794460366174,3,0.25,1.0,2,"13,14",0.54,8,8
8,16,matched_betti,0.5,max_full_branch_node_speed,all_interior,coexact,coexact,random_tangent,literal_stable,literal_05,6,semantic_margin_delta,even,0.5416666666666666,2,0.04204368874026142,0.030881205289428698,0.7764095661144405,3,0.25,1.0,3,"13,14,15",0.5384615384615384,8,8
8,16,matched_betti,0.5,max_full_branch_node_speed,all_interior,coexact,coexact,random_tangent,metaphor_shift,metaphor_01,6,semantic_margin_delta,even,0.5416666666666666,2,0.42100191623985106,0.02834183418880638,0.11219982796638488,3,0.25,1.0,3,"17,18,19",0.5294117647058824,8,8
8,16,matched_betti,0.5,max_full_branch_node_speed,all_interior,coexact,coexact,random_tangent,metaphor_shift,metaphor_02,6,semantic_margin_delta,even,0.5416666666666666,2,0.3095036400764313,0.0075648994270099005,0.04096114093934766,3,0.25,1.0,2,"15,16",0.5344827586206897,8,8
8,16,matched_betti,0.5,max_full_branch_node_speed,all_interior,coexact,coexact,random_tangent,metaphor_shift,metaphor_03,6,semantic_margin_delta,even,0.5416666666666666,2,0.03548492628787358,0.01310723222153217,0.5266545710574408,3,0.25,1.0,2,"16,17",0.55,8,8
8,16,matched_betti,0.5,max_full_branch_node_speed,all_interior,coexact,coexact,random_tangent,metaphor_shift,metaphor_04,6,semantic_margin_delta,even,0.5416666666666666,2,0.06062185195718022,0.013937574517848798,0.35979385779881684,3,0.25,1.0,3,"14,15,16",0.5357142857142857,8,8
8,16,matched_betti,0.5,max_full_branch_node_speed,all_interior,coexact,coexact,random_tangent,metaphor_shift,metaphor_05,6,semantic_margin_delta,even,0.5416666666666666,2,-0.1829582852663185,0.013720408362239376,0.12479744434314016,3,0.25,1.0,2,"14,15",0.537037037037037,8,8
8,16,matched_betti,0.5,max_full_branch_node_speed,all_interior,coexact,coexact,random_tangent,ontology_collapse,ontology_01,6,semantic_margin_delta,even,0.5416666666666666,2,-0.10467877504994666,0.009700256693860617,0.15358208406549828,3,0.25,1.0,3,"16,17,18",0.5483870967741935,8,8
8,16,matched_betti,0.5,max_full_branch_node_speed,all_interior,coexact,coexact,random_tangent,ontology_collapse,ontology_02,6,semantic_margin_delta,even,0.5416666666666666,2,0.037060165543314094,0.026305008183272766,0.7657119097899175,3,0.25,1.0,3,"14,15,16",0.5357142857142857,8,8
8,16,matched_betti,0.5,max_full_branch_node_speed,all_interior,coexact,coexact,random_tangent,ontology_collapse,ontology_03,6,semantic_margin_delta,even,0.5416666666666666,2,0.20322836964894653,0.010611333439166622,0.08724204709110549,3,0.25,1.0,2,"15,16",0.5344827586206897,8,8
8,16,matched_betti,0.5,max_full_branch_node_speed,all_interior,coexact,coexact,random_tangent,ontology_collapse,ontology_04,6,semantic_margin_delta,even,0.5416666666666666,2,-0.4069871941636089,0.022568981466317622,0.09261046462574372,3,0.25,1.0,2,"15,16",0.5344827586206897,8,8
8,16,matched_betti,0.5,max_full_branch_node_speed,all_interior,coexact,coexact,random_tangent,ontology_collapse,ontology_05,6,semantic_margin_delta,even,0.5416666666666666,2,-0.1303819228010573,0.045870223815012566,0.5082015917583435,3,0.25,1.0,2,"15,16",0.5535714285714286,8,8
8,16,matched_betti,0.5,max_full_branch_node_speed,all_interior,coexact,coexact,random_tangent,identity_stress,identity_01,7,semantic_margin_delta,even,0.625,2,-0.05904593286685642,0.017807184103868272,0.45137058189901696,3,0.25,1.0,3,"20,21,22",0.6176470588235294,8,8
8,16,matched_betti,0.5,max_full_branch_node_speed,all_interior,coexact,coexact,random_tangent,identity_stress,identity_02,7,semantic_margin_delta,even,0.625,2,-0.10285620062141805,0.009840370919492454,0.1584381358383566,3,0.25,1.0,2,"19,20",0.6290322580645161,8,8
8,16,matched_betti,0.5,max_full_branch_node_speed,all_interior,coexact,coexact,random_tangent,identity_stress,identity_03,7,semantic_margin_delta,even,0.625,2,-0.12772688313547784,0.010276983521316372,0.13374065891354947,3,0.25,1.0,2,"19,20",0.6290322580645161,8,8
8,16,matched_betti,0.5,max_full_branch_node_speed,all_interior,coexact,coexact,random_tangent,identity_stress,identity_04,7,semantic_margin_delta,even,0.625,2,-0.1496414366853586,0.005770605653862018,0.06454495140959593,3,0.25,1.0,2,"17,18",0.625,8,8
8,16,matched_betti,0.5,max_full_branch_node_speed,all_interior,coexact,coexact,random_tangent,identity_stress,identity_05,7,semantic_margin_delta,even,0.625,2,-0.05226273214074277,0.0022367838476010037,0.07160034294308773,3,0.25,1.0,2,"17,18",0.625,8,8
8,16,matched_betti,0.5,max_full_branch_node_speed,all_interior,coexact,coexact,random_tangent,literal_stable,literal_01,7,semantic_margin_delta,even,0.625,2,-0.4318837700281425,0.04090709514024466,0.15689843372323195,3,0.25,1.0,2,"20,21",0.6212121212121212,8,8
8,16,matched_betti,0.5,max_full_branch_node_speed,all_interior,coexact,coexact,random_tangent,literal_stable,literal_02,7,semantic_margin_delta,even,0.625,2,-0.32917131844130226,0.019709142921771367,0.09992312476233235,3,0.25,1.0,2,"17,18",0.625,8,8
8,16,matched_betti,0.5,max_full_branch_node_speed,all_interior,coexact,coexact,random_tangent,literal_stable,literal_03,7,semantic_margin_delta,even,0.625,2,-0.008091377123078534,0.005796903075718334,0.7686499651511961,3,0.25,1.0,2,"16,17",0.6111111111111112,8,8
8,16,matched_betti,0.5,max_full_branch_node_speed,all_interior,coexact,coexact,random_tangent,literal_stable,literal_04,7,semantic_margin_delta,even,0.625,2,0.10948703976837838,0.035117655716901126,0.47376762276905815,3,0.25,1.0,2,"15,16",0.62,8,8
8,16,matched_betti,0.5,max_full_branch_node_speed,all_interior,coexact,coexact,random_tangent,literal_stable,literal_05,7,semantic_margin_delta,even,0.625,2,-0.15767631043991656,0.0029181108128167907,0.03102597857019969,3,0.25,1.0,2,"16,17",0.6346153846153846,8,8
8,16,matched_betti,0.5,max_full_branch_node_speed,all_interior,coexact,coexact,random_tangent,metaphor_shift,metaphor_01,7,semantic_margin_delta,even,0.625,2,-0.041302651662887074,0.0010824719786402663,0.043915600388973575,3,0.25,1.0,2,"20,21",0.6029411764705883,8,8
8,16,matched_betti,0.5,max_full_branch_node_speed,all_interior,coexact,coexact,random_tangent,metaphor_shift,metaphor_02,7,semantic_margin_delta,even,0.625,2,-0.17080036002487683,0.006759520386406704,0.06623258714004118,3,0.25,1.0,3,"17,18,19",0.6206896551724138,8,8
8,16,matched_betti,0.5,max_full_branch_node_speed,all_interior,coexact,coexact,random_tangent,metaphor_shift,metaphor_03,7,semantic_margin_delta,even,0.625,2,-0.02655633026744771,0.0037857755990743434,0.2325485146487005,3,0.25,1.0,2,"18,19",0.6166666666666667,8,8
8,16,matched_betti,0.5,max_full_branch_node_speed,all_interior,coexact,coexact,random_tangent,metaphor_shift,metaphor_04,7,semantic_margin_delta,even,0.625,2,-0.09164604584268363,0.009028892487349132,0.16303106424058253,3,0.25,1.0,2,"17,18",0.625,8,8
8,16,matched_betti,0.5,max_full_branch_node_speed,all_interior,coexact,coexact,random_tangent,metaphor_shift,metaphor_05,7,semantic_margin_delta,even,0.625,2,0.13022805522756825,0.001981692275004972,0.025514645558293265,3,0.25,1.0,2,"16,17",0.6111111111111112,8,8
8,16,matched_betti,0.5,max_full_branch_node_speed,all_interior,coexact,coexact,random_tangent,ontology_collapse,ontology_01,7,semantic_margin_delta,even,0.625,2,0.0076835768883647074,0.01295616334821469,0.9428011453623787,3,0.25,1.0,2,"19,20",0.6290322580645161,8,8
8,16,matched_betti,0.5,max_full_branch_node_speed,all_interior,coexact,coexact,random_tangent,ontology_collapse,ontology_02,7,semantic_margin_delta,even,0.625,2,0.6535715698678852,0.010776718131315288,0.027645639026097946,3,0.25,1.0,2,"17,18",0.625,8,8
8,16,matched_betti,0.5,max_full_branch_node_speed,all_interior,coexact,coexact,random_tangent,ontology_collapse,ontology_03,7,semantic_margin_delta,even,0.625,2,-0.08849665436494401,0.016901749134694534,0.305064914219454,3,0.25,1.0,3,"17,18,19",0.6206896551724138,8,8
8,16,matched_betti,0.5,max_full_branch_node_speed,all_interior,coexact,coexact,random_tangent,ontology_collapse,ontology_04,7,semantic_margin_delta,even,0.625,2,0.07080428878192338,0.0019192173327474324,0.04541669340811992,3,0.25,1.0,3,"17,18,19",0.6206896551724138,8,8
8,16,matched_betti,0.5,max_full_branch_node_speed,all_interior,coexact,coexact,random_tangent,ontology_collapse,ontology_05,7,semantic_margin_delta,even,0.625,2,0.2519251321589506,0.010667155655718137,0.070840879109284,3,0.25,1.0,2,"17,18",0.625,8,8
8,16,matched_betti,0.5,max_full_branch_node_speed,all_interior,coexact,coexact,random_tangent,identity_stress,identity_01,8,semantic_margin_delta,even,0.7083333333333334,2,0.02227538808030539,0.02754668098113303,0.9007761235006421,3,0.25,1.0,3,"23,24,25",0.7058823529411765,8,8
8,16,matched_betti,0.5,max_full_branch_node_speed,all_interior,coexact,coexact,random_tangent,identity_stress,identity_02,8,semantic_margin_delta,even,0.7083333333333334,2,-0.1282644570335906,0.009534397120538822,0.12371909957250307,3,0.25,1.0,3,"21,22,23",0.7096774193548386,8,8
8,16,matched_betti,0.5,max_full_branch_node_speed,all_interior,coexact,coexact,random_tangent,identity_stress,identity_03,8,semantic_margin_delta,even,0.7083333333333334,2,0.03367031803245053,0.0019338280675416373,0.0958879714250065,3,0.25,1.0,2,"21,22",0.6935483870967744,8,8
8,16,matched_betti,0.5,max_full_branch_node_speed,all_interior,coexact,coexact,random_tangent,identity_stress,identity_04,8,semantic_margin_delta,even,0.7083333333333334,2,-0.024559895663738257,0.02731011709336356,0.8813122112993472,3,0.25,1.0,2,"19,20",0.6964285714285715,8,8
8,16,matched_betti,0.5,max_full_branch_node_speed,all_interior,coexact,coexact,random_tangent,identity_stress,identity_05,8,semantic_margin_delta,even,0.7083333333333334,2,-0.12901928656410225,0.031443658567948105,0.3783774024266586,3,0.25,1.0,2,"19,20",0.6964285714285715,8,8
8,16,matched_betti,0.5,max_full_branch_node_speed,all_interior,coexact,coexact,random_tangent,literal_stable,literal_01,8,semantic_margin_delta,even,0.7083333333333334,2,0.01654177733340762,0.022273749952561928,0.9143749695323666,3,0.25,1.0,3,"22,23,24",0.6969696969696969,8,8
8,16,matched_betti,0.5,max_full_branch_node_speed,all_interior,coexact,coexact,random_tangent,literal_stable,literal_02,8,semantic_margin_delta,even,0.7083333333333334,2,-0.1663892618828951,0.005705975481375399,0.057423106729676994,3,0.25,1.0,2,"19,20",0.6964285714285715,8,8
8,16,matched_betti,0.5,max_full_branch_node_speed,all_interior,coexact,coexact,random_tangent,literal_stable,literal_03,8,semantic_margin_delta,even,0.7083333333333334,2,0.06036216979416708,0.009709655245418301,0.2604838085316905,3,0.25,1.0,3,"18,19,20",0.7037037037037037,8,8
8,16,matched_betti,0.5,max_full_branch_node_speed,all_interior,coexact,coexact,random_tangent,literal_stable,literal_04,8,semantic_margin_delta,even,0.7083333333333334,2,0.1749336334925326,0.020916660621188236,0.1966327371601568,3,0.25,1.0,2,"17,18",0.6999999999999998,8,8
8,16,matched_betti,0.5,max_full_branch_node_speed,all_interior,coexact,coexact,random_tangent,literal_stable,literal_05,8,semantic_margin_delta,even,0.7083333333333334,2,-0.315969075718863,0.01895301686401693,0.10010278075194921,3,0.25,1.0,2,"18,19",0.7115384615384613,8,8
8,16,matched_betti,0.5,max_full_branch_node_speed,all_interior,coexact,coexact,random_tangent,metaphor_shift,metaphor_01,8,semantic_margin_delta,even,0.7083333333333334,2,-0.06333260783961744,0.015263642907677321,0.3747701639583537,3,0.25,1.0,3,"23,24,25",0.7058823529411765,8,8
8,16,matched_betti,0.5,max_full_branch_node_speed,all_interior,coexact,coexact,random_tangent,metaphor_shift,metaphor_02,8,semantic_margin_delta,even,0.7083333333333334,2,0.18441913383259367,0.003953235791134448,0.03593068574900017,3,0.25,1.0,2,"20,21",0.7068965517241379,8,8
8,16,matched_betti,0.5,max_full_branch_node_speed,all_interior,coexact,coexact,random_tangent,metaphor_shift,metaphor_03,8,semantic_margin_delta,even,0.7083333333333334,2,-0.27032633055305677,0.0031522741687243483,0.019554732083186397,3,0.25,1.0,3,"20,21,22",0.6999999999999998,8,8
8,16,matched_betti,0.5,max_full_branch_node_speed,all_interior,coexact,coexact,random_tangent,metaphor_shift,metaphor_04,8,semantic_margin_delta,even,0.7083333333333334,2,0.16691832513227203,0.003715859683429306,0.03731230247753343,3,0.25,1.0,2,"19,20",0.6964285714285715,8,8
8,16,matched_betti,0.5,max_full_branch_node_speed,all_interior,coexact,coexact,random_tangent,metaphor_shift,metaphor_05,8,semantic_margin_delta,even,0.7083333333333334,2,0.04209019417904539,0.007282175959163362,0.2786910364471166,3,0.25,1.0,3,"18,19,20",0.7037037037037037,8,8
8,16,matched_betti,0.5,max_full_branch_node_speed,all_interior,coexact,coexact,random_tangent,ontology_collapse,ontology_01,8,semantic_margin_delta,even,0.7083333333333334,2,-0.14775438715482403,0.007010018676720776,0.0793245080185898,3,0.25,1.0,3,"21,22,23",0.7096774193548386,8,8
8,16,matched_betti,0.5,max_full_branch_node_speed,all_interior,coexact,coexact,random_tangent,ontology_collapse,ontology_02,8,semantic_margin_delta,even,0.7083333333333334,2,0.06770522530396247,0.022759061587225057,0.49112670895320876,3,0.25,1.0,2,"19,20",0.6964285714285715,8,8
8,16,matched_betti,0.5,max_full_branch_node_speed,all_interior,coexact,coexact,random_tangent,ontology_collapse,ontology_03,8,semantic_margin_delta,even,0.7083333333333334,2,0.528865235668637,0.010635338476456205,0.03370999467909486,3,0.25,1.0,2,"20,21",0.7068965517241379,8,8
8,16,matched_betti,0.5,max_full_branch_node_speed,all_interior,coexact,coexact,random_tangent,ontology_collapse,ontology_04,8,semantic_margin_delta,even,0.7083333333333334,2,-0.019435039682030152,0.0037583632986853167,0.3085259680311714,3,0.25,1.0,2,"20,21",0.7068965517241379,8,8
8,16,matched_betti,0.5,max_full_branch_node_speed,all_interior,coexact,coexact,random_tangent,ontology_collapse,ontology_05,8,semantic_margin_delta,even,0.7083333333333334,2,0.4565280877068703,0.006032051294156337,0.022155940455814847,3,0.25,1.0,1,19,0.6785714285714285,8,8
8,16,matched_betti,0.5,max_full_branch_node_speed,all_interior,coexact,coexact,random_tangent,identity_stress,identity_01,9,semantic_margin_delta,even,0.7916666666666666,2,0.2719628620335189,0.02018858765839241,0.12355354285842877,3,0.25,1.0,3,"26,27,28",0.7941176470588235,8,8
8,16,matched_betti,0.5,max_full_branch_node_speed,all_interior,coexact,coexact,random_tangent,identity_stress,identity_02,9,semantic_margin_delta,even,0.7916666666666666,2,-0.1375752186224375,0.004258484504591701,0.05184771582306242,3,0.25,1.0,2,"24,25",0.7903225806451614,8,8
8,16,matched_betti,0.5,max_full_branch_node_speed,all_interior,coexact,coexact,random_tangent,identity_stress,identity_03,9,semantic_margin_delta,even,0.7916666666666666,2,0.08702816430903218,0.0015618194936764885,0.03008663730644488,3,0.25,1.0,2,"24,25",0.7903225806451614,8,8
8,16,matched_betti,0.5,max_full_branch_node_speed,all_interior,coexact,coexact,random_tangent,identity_stress,identity_04,9,semantic_margin_delta,even,0.7916666666666666,2,-0.008821419835409962,0.002668486144572479,0.45246461664940574,3,0.25,1.0,3,"21,22,23",0.7857142857142857,8,8
8,16,matched_betti,0.5,max_full_branch_node_speed,all_interior,coexact,coexact,random_tangent,identity_stress,identity_05,9,semantic_margin_delta,even,0.7916666666666666,2,-0.1274883686948731,0.010556393306348368,0.1375611558923427,3,0.25,1.0,3,"21,22,23",0.7857142857142857,8,8
8,16,matched_betti,0.5,max_full_branch_node_speed,all_interior,coexact,coexact,random_tangent,literal_stable,literal_01,9,semantic_margin_delta,even,0.7916666666666666,2,-0.03744357436301784,0.011074668935250661,0.4444029128955756,3,0.25,1.0,2,"25,26",0.7727272727272728,8,8
8,16,matched_betti,0.5,max_full_branch_node_speed,all_interior,coexact,coexact,random_tangent,literal_stable,literal_02,9,semantic_margin_delta,even,0.7916666666666666,2,-0.16586658240785582,0.014145861089248033,0.14160267123573014,3,0.25,1.0,1,21,0.75,8,8
8,16,matched_betti,0.5,max_full_branch_node_speed,all_interior,coexact,coexact,random_tangent,literal_stable,literal_03,9,semantic_margin_delta,even,0.7916666666666666,2,-0.29408662426814736,0.028389302819793762,0.15983042895980096,3,0.25,1.0,2,"21,22",0.7962962962962963,8,8
8,16,matched_betti,0.5,max_full_branch_node_speed,all_interior,coexact,coexact,random_tangent,literal_stable,literal_04,9,semantic_margin_delta,even,0.7916666666666666,2,-0.23827378213717862,0.020220322322133985,0.14091455167819666,3,0.25,1.0,2,"19,20",0.7799999999999999,8,8
8,16,matched_betti,0.5,max_full_branch_node_speed,all_interior,coexact,coexact,random_tangent,literal_stable,literal_05,9,semantic_margin_delta,even,0.7916666666666666,2,-0.28655408552748524,0.0014759800101223303,0.008638870246866067,3,0.25,1.0,2,"20,21",0.7884615384615387,8,8
8,16,matched_betti,0.5,max_full_branch_node_speed,all_interior,coexact,coexact,random_tangent,metaphor_shift,metaphor_01,9,semantic_margin_delta,even,0.7916666666666666,2,-0.17622015494404483,0.007355009088691528,0.06983374898302179,3,0.25,1.0,3,"26,27,28",0.7941176470588235,8,8
8,16,matched_betti,0.5,max_full_branch_node_speed,all_interior,coexact,coexact,random_tangent,metaphor_shift,metaphor_02,9,semantic_margin_delta,even,0.7916666666666666,2,-0.14652921766126306,0.01074669630017444,0.1220924319964749,3,0.25,1.0,3,"22,23,24",0.7931034482758621,8,8
8,16,matched_betti,0.5,max_full_branch_node_speed,all_interior,coexact,coexact,random_tangent,metaphor_shift,metaphor_03,9,semantic_margin_delta,even,0.7916666666666666,2,0.15138478164954786,0.004146972637872827,0.04589763566777658,3,0.25,1.0,2,"23,24",0.7833333333333335,8,8
8,16,matched_betti,0.5,max_full_branch_node_speed,all_interior,coexact,coexact,random_tangent,metaphor_shift,metaphor_04,9,semantic_margin_delta,even,0.7916666666666666,2,-0.06847756582104414,0.012436209038603674,0.2913879679801906,3,0.25,1.0,3,"21,22,23",0.7857142857142857,8,8
8,16,matched_betti,0.5,max_full_branch_node_speed,all_interior,coexact,coexact,random_tangent,metaphor_shift,metaphor_05,9,semantic_margin_delta,even,0.7916666666666666,2,0.04511121444590542,0.017274704652826062,0.5404148201200113,3,0.25,1.0,2,"21,22",0.7962962962962963,8,8
8,16,matched_betti,0.5,max_full_branch_node_speed,all_interior,coexact,coexact,random_tangent,ontology_collapse,ontology_01,9,semantic_margin_delta,even,0.7916666666666666,2,-0.011253552616146908,0.009240039752380158,0.8091743234793214,3,0.25,1.0,2,"24,25",0.7903225806451614,8,8
8,16,matched_betti,0.5,max_full_branch_node_speed,all_interior,coexact,coexact,random_tangent,ontology_collapse,ontology_02,9,semantic_margin_delta,even,0.7916666666666666,2,0.09222966644601768,0.006468682916970264,0.1168315456016604,3,0.25,1.0,3,"21,22,23",0.7857142857142857,8,8
8,16,matched_betti,0.5,max_full_branch_node_speed,all_interior,coexact,coexact,random_tangent,ontology_collapse,ontology_03,9,semantic_margin_delta,even,0.7916666666666666,2,-0.16393550356805792,0.018096162453597645,0.18205136688099302,3,0.25,1.0,3,"22,23,24",0.7931034482758621,8,8
8,16,matched_betti,0.5,max_full_branch_node_speed,all_interior,coexact,coexact,random_tangent,ontology_collapse,ontology_04,9,semantic_margin_delta,even,0.7916666666666666,2,0.03550607086373033,0.0018112080012008863,0.08524741173447714,3,0.25,1.0,3,"22,23,24",0.7931034482758621,8,8
8,16,matched_betti,0.5,max_full_branch_node_speed,all_interior,coexact,coexact,random_tangent,ontology_collapse,ontology_05,9,semantic_margin_delta,even,0.7916666666666666,2,0.2850410403604914,0.010413415634124474,0.06116053960601876,3,0.25,1.0,3,"21,22,23",0.7857142857142857,8,8
8,16,matched_betti,0.5,max_full_branch_node_speed,all_interior,coexact,coexact,random_tangent,identity_stress,identity_01,10,semantic_margin_delta,even,0.875,2,-0.3261459919646825,0.006771692674716591,0.03480336981447285,3,0.25,1.0,3,"29,30,31",0.8823529411764706,8,8
8,16,matched_betti,0.5,max_full_branch_node_speed,all_interior,coexact,coexact,random_tangent,identity_stress,identity_02,10,semantic_margin_delta,even,0.875,2,0.0009096591060022696,0.0166798650946171,0.9994717986486724,3,0.25,1.0,1,26,0.8387096774193549,8,8
8,16,matched_betti,0.5,max_full_branch_node_speed,all_interior,coexact,coexact,random_tangent,identity_stress,identity_03,10,semantic_margin_delta,even,0.875,2,0.01691739264522191,0.012700297172057371,0.7830861514737336,3,0.25,1.0,3,"26,27,28",0.8709677419354839,8,8
8,16,matched_betti,0.5,max_full_branch_node_speed,all_interior,coexact,coexact,random_tangent,identity_stress,identity_04,10,semantic_margin_delta,even,0.875,2,0.03291687815992188,0.029419018080214777,0.8318837387661722,3,0.25,1.0,1,24,0.8571428571428571,8,8
8,16,matched_betti,0.5,max_full_branch_node_speed,all_interior,coexact,coexact,random_tangent,identity_stress,identity_05,10,semantic_margin_delta,even,0.875,2,0.14406770844345299,0.019338903622489245,0.21964788542142616,3,0.25,1.0,2,"24,25",0.875,8,8
8,16,matched_betti,0.5,max_full_branch_node_speed,all_interior,coexact,coexact,random_tangent,literal_stable,literal_01,10,semantic_margin_delta,even,0.875,2,0.4152173195816301,0.008732533089333708,0.035252833974807794,3,0.25,1.0,2,"29,30",0.8939393939393939,8,8
8,16,matched_betti,0.5,max_full_branch_node_speed,all_interior,coexact,coexact,random_tangent,literal_stable,literal_02,10,semantic_margin_delta,even,0.875,2,0.05028917642654274,0.031094761601163486,0.7198584528508702,3,0.25,1.0,2,"24,25",0.875,8,8
8,16,matched_betti,0.5,max_full_branch_node_speed,all_interior,coexact,coexact,random_tangent,literal_stable,literal_03,10,semantic_margin_delta,even,0.875,2,0.11322028618673567,0.0038855541125317507,0.05746583518704413,3,0.25,1.0,2,"23,24",0.8703703703703703,8,8
8,16,matched_betti,0.5,max_full_branch_node_speed,all_interior,coexact,coexact,random_tangent,literal_stable,literal_04,10,semantic_margin_delta,even,0.875,2,0.04528504270056895,0.01725910732012923,0.5385983661761011,3,0.25,1.0,2,"21,22",0.86,8,8
8,16,matched_betti,0.5,max_full_branch_node_speed,all_interior,coexact,coexact,random_tangent,literal_stable,literal_05,10,semantic_margin_delta,even,0.875,2,-0.1977744097973897,0.0173839452480608,0.14585067660885956,3,0.25,1.0,2,"22,23",0.8653846153846154,8,8
8,16,matched_betti,0.5,max_full_branch_node_speed,all_interior,coexact,coexact,random_tangent,metaphor_shift,metaphor_01,10,semantic_margin_delta,even,0.875,2,-0.27524173434076515,0.02367233090398842,0.14277552639388358,3,0.25,1.0,3,"29,30,31",0.8823529411764706,8,8
8,16,matched_betti,0.5,max_full_branch_node_speed,all_interior,coexact,coexact,random_tangent,metaphor_shift,metaphor_02,10,semantic_margin_delta,even,0.875,2,0.20221528496715946,0.014509028619099668,0.1194816846603167,3,0.25,1.0,1,26,0.896551724137931,8,8
8,16,matched_betti,0.5,max_full_branch_node_speed,all_interior,coexact,coexact,random_tangent,metaphor_shift,metaphor_03,10,semantic_margin_delta,even,0.875,2,-0.09952862275023307,0.07311284744094755,0.7764466823136177,3,0.25,1.0,2,"25,27",0.8666666666666667,8,8
8,16,matched_betti,0.5,max_full_branch_node_speed,all_interior,coexact,coexact,random_tangent,metaphor_shift,metaphor_04,10,semantic_margin_delta,even,0.875,2,-0.15246739986053875,0.014168050376293762,0.15399991343420225,3,0.25,1.0,2,"24,25",0.875,8,8
8,16,matched_betti,0.5,max_full_branch_node_speed,all_interior,coexact,coexact,random_tangent,metaphor_shift,metaphor_05,10,semantic_margin_delta,even,0.875,2,-0.04809667847751844,0.012682712662274491,0.4044840954429558,3,0.25,1.0,2,"23,24",0.8703703703703703,8,8
8,16,matched_betti,0.5,max_full_branch_node_speed,all_interior,coexact,coexact,random_tangent,ontology_collapse,ontology_01,10,semantic_margin_delta,even,0.875,2,-0.14501559607792672,0.01884739438318262,0.21298785329942163,3,0.25,1.0,3,"26,27,28",0.8709677419354839,8,8
8,16,matched_betti,0.5,max_full_branch_node_speed,all_interior,coexact,coexact,random_tangent,ontology_collapse,ontology_02,10,semantic_margin_delta,even,0.875,2,0.015413185709343866,0.021550038161726216,0.9198575995654711,3,0.25,1.0,2,"24,25",0.875,8,8
8,16,matched_betti,0.5,max_full_branch_node_speed,all_interior,coexact,coexact,random_tangent,ontology_collapse,ontology_03,10,semantic_margin_delta,even,0.875,2,0.2245865280707707,0.006583795572656834,0.04910973400042617,3,0.25,1.0,2,"25,26",0.8793103448275862,8,8
8,16,matched_betti,0.5,max_full_branch_node_speed,all_interior,coexact,coexact,random_tangent,ontology_collapse,ontology_04,10,semantic_margin_delta,even,0.875,2,-0.16247967202073246,0.019702953889183143,0.19931019139264858,3,0.25,1.0,2,"25,26",0.8793103448275862,8,8
8,16,matched_betti,0.5,max_full_branch_node_speed,all_interior,coexact,coexact,random_tangent,ontology_collapse,ontology_05,10,semantic_margin_delta,even,0.875,2,-0.15194490322532803,0.0013715353060462785,0.015138065287258294,3,0.25,1.0,2,"24,25",0.875,8,8
8,16,matched_betti,0.5,max_full_branch_node_speed,all_interior,coexact,coexact,random_tangent,identity_stress,identity_01,11,semantic_margin_delta,even,0.9583333333333334,2,0.022096590184767836,0.00883544846391197,0.5569943362782496,3,0.25,1.0,2,"32,33",0.9558823529411763,8,8
8,16,matched_betti,0.5,max_full_branch_node_speed,all_interior,coexact,coexact,random_tangent,identity_stress,identity_02,11,semantic_margin_delta,even,0.9583333333333334,2,-0.3988086637742701,0.04709393722286504,0.19428721447440697,3,0.25,1.0,1,30,0.967741935483871,8,8
8,16,matched_betti,0.5,max_full_branch_node_speed,all_interior,coexact,coexact,random_tangent,identity_stress,identity_03,11,semantic_margin_delta,even,0.9583333333333334,2,-0.09688272721949273,0.005837878305343418,0.10055442236383144,3,0.25,1.0,1,29,0.9354838709677419,8,8
8,16,matched_betti,0.5,max_full_branch_node_speed,all_interior,coexact,coexact,random_tangent,identity_stress,identity_04,11,semantic_margin_delta,even,0.9583333333333334,2,0.30704495441970076,0.012702276664192444,0.06922069039215832,3,0.25,1.0,1,26,0.9285714285714285,8,8
8,16,matched_betti,0.5,max_full_branch_node_speed,all_interior,coexact,coexact,random_tangent,identity_stress,identity_05,11,semantic_margin_delta,even,0.9583333333333334,2,-0.29115496282280445,0.001372074204644088,0.007903857888865712,3,0.25,1.0,2,"26,27",0.9464285714285715,8,8
8,16,matched_betti,0.5,max_full_branch_node_speed,all_interior,coexact,coexact,random_tangent,literal_stable,literal_01,11,semantic_margin_delta,even,0.9583333333333334,2,0.3664534557551274,0.041714843063634426,0.18754095202614887,3,0.25,1.0,1,32,0.9696969696969697,8,8
8,16,matched_betti,0.5,max_full_branch_node_speed,all_interior,coexact,coexact,random_tangent,literal_stable,literal_02,11,semantic_margin_delta,even,0.9583333333333334,2,-0.2926166096630135,0.02297339470913401,0.13055466971011775,3,0.25,1.0,2,"26,27",0.9464285714285715,8,8
8,16,matched_betti,0.5,max_full_branch_node_speed,all_interior,coexact,coexact,random_tangent,literal_stable,literal_03,11,semantic_margin_delta,even,0.9583333333333334,2,0.11749005132380254,0.0021976646920396884,0.03135782953651804,3,0.25,1.0,1,25,0.9259259259259259,8,8
8,16,matched_betti,0.5,max_full_branch_node_speed,all_interior,coexact,coexact,random_tangent,literal_stable,literal_04,11,semantic_margin_delta,even,0.9583333333333334,2,-0.0009184562641260621,0.01734650761851843,0.9995021026158197,3,0.25,1.0,2,"23,24",0.94,8,8
8,16,matched_betti,0.5,max_full_branch_node_speed,all_interior,coexact,coexact,random_tangent,literal_stable,literal_05,11,semantic_margin_delta,even,0.9583333333333334,2,0.12640989113586068,0.006594170452706473,0.08716104370475995,3,0.25,1.0,1,25,0.9615384615384616,8,8
8,16,matched_betti,0.5,max_full_branch_node_speed,all_interior,coexact,coexact,random_tangent,metaphor_shift,metaphor_01,11,semantic_margin_delta,even,0.9583333333333334,2,-0.05821359296932829,0.0015140448354696153,0.043581361145253454,3,0.25,1.0,1,32,0.9411764705882352,8,8
8,16,matched_betti,0.5,max_full_branch_node_speed,all_interior,coexact,coexact,random_tangent,metaphor_shift,metaphor_02,11,semantic_margin_delta,even,0.9583333333333334,2,-0.1947943662357374,0.007760819506727962,0.06667499401112188,3,0.25,1.0,2,"27,28",0.9482758620689656,8,8
8,16,matched_betti,0.5,max_full_branch_node_speed,all_interior,coexact,coexact,random_tangent,metaphor_shift,metaphor_03,11,semantic_margin_delta,even,0.9583333333333334,2,-0.026970624744861078,0.007925995404511485,0.44211429212103537,3,0.25,1.0,2,"28,29",0.9499999999999998,8,8
8,16,matched_betti,0.5,max_full_branch_node_speed,all_interior,coexact,coexact,random_tangent,metaphor_shift,metaphor_04,11,semantic_margin_delta,even,0.9583333333333334,2,-0.03935251280028465,0.007334665854205309,0.29837332205326816,3,0.25,1.0,1,26,0.9285714285714285,8,8
8,16,matched_betti,0.5,max_full_branch_node_speed,all_interior,coexact,coexact,random_tangent,metaphor_shift,metaphor_05,11,semantic_margin_delta,even,0.9583333333333334,2,-0.2073116747069665,0.007368139085303522,0.05950631521730657,3,0.25,1.0,2,"25,26",0.9444444444444443,8,8
8,16,matched_betti,0.5,max_full_branch_node_speed,all_interior,coexact,coexact,random_tangent,ontology_collapse,ontology_01,11,semantic_margin_delta,even,0.9583333333333334,2,-0.30785656045256726,0.025288107381699294,0.1364847142705989,3,0.25,1.0,2,"29,30",0.9516129032258065,8,8
8,16,matched_betti,0.5,max_full_branch_node_speed,all_interior,coexact,coexact,random_tangent,ontology_collapse,ontology_02,11,semantic_margin_delta,even,0.9583333333333334,2,0.036170252576024485,0.06453986214871808,0.9484544538931815,3,0.25,1.0,2,"26,27",0.9464285714285715,8,8
8,16,matched_betti,0.5,max_full_branch_node_speed,all_interior,coexact,coexact,random_tangent,ontology_collapse,ontology_03,11,semantic_margin_delta,even,0.9583333333333334,2,0.08921640906176108,0.01577238640268554,0.2842842630434157,3,0.25,1.0,2,"27,28",0.9482758620689656,8,8
8,16,matched_betti,0.5,max_full_branch_node_speed,all_interior,coexact,coexact,random_tangent,ontology_collapse,ontology_04,11,semantic_margin_delta,even,0.9583333333333334,2,0.26662635275306446,0.0024883085565480284,0.015651185858905528,3,0.25,1.0,2,"27,28",0.9482758620689656,8,8
8,16,matched_betti,0.5,max_full_branch_node_speed,all_interior,coexact,coexact,random_tangent,ontology_collapse,ontology_05,11,semantic_margin_delta,even,0.9583333333333334,2,-0.0152273805105284,0.005906108679663271,0.5453078539206071,3,0.25,1.0,2,"26,27",0.9464285714285715,8,8
8,16,matched_betti,0.5,max_full_branch_node_speed,all_interior,coexact,coexact,random_tangent,identity_stress,identity_01,0,semantic_margin_delta,odd,0.041666666666666664,1,0.5410126950007091,0.021317901965621232,0.05946736597719093,3,0.25,1.0,2,"1,2",0.04411764705882352,8,8
8,16,matched_betti,0.5,max_full_branch_node_speed,all_interior,coexact,coexact,random_tangent,identity_stress,identity_02,0,semantic_margin_delta,odd,0.041666666666666664,1,-0.02182414197390162,0.013377983204801144,0.6797349431207724,3,0.25,1.0,2,"1,2",0.04838709677419354,8,8
8,16,matched_betti,0.5,max_full_branch_node_speed,all_interior,coexact,coexact,random_tangent,identity_stress,identity_03,0,semantic_margin_delta,odd,0.041666666666666664,1,-0.09116860115101415,0.004117941362381613,0.06812955828020453,3,0.25,1.0,2,"1,2",0.04838709677419354,8,8
8,16,matched_betti,0.5,max_full_branch_node_speed,all_interior,coexact,coexact,random_tangent,identity_stress,identity_04,0,semantic_margin_delta,odd,0.041666666666666664,1,0.026606102895130206,0.04399130140092699,0.9284638643426935,3,0.25,1.0,2,"1,2",0.05357142857142857,8,8
8,16,matched_betti,0.5,max_full_branch_node_speed,all_interior,coexact,coexact,random_tangent,identity_stress,identity_05,0,semantic_margin_delta,odd,0.041666666666666664,1,-0.4155675034029449,0.03707120661252384,0.1336570536279003,3,0.25,1.0,2,"1,2",0.05357142857142857,8,8
8,16,matched_betti,0.5,max_full_branch_node_speed,all_interior,coexact,coexact,random_tangent,literal_stable,literal_01,0,semantic_margin_delta,odd,0.041666666666666664,1,-0.6316661348258651,0.001939936656746961,0.004643080843773015,3,0.25,1.0,2,"1,2",0.04545454545454545,8,8
8,16,matched_betti,0.5,max_full_branch_node_speed,all_interior,coexact,coexact,random_tangent,literal_stable,literal_02,0,semantic_margin_delta,odd,0.041666666666666664,1,-0.05392995083170044,0.021147577873682398,0.5099634357553813,3,0.25,1.0,2,"1,2",0.05357142857142857,8,8
8,16,matched_betti,0.5,max_full_branch_node_speed,all_interior,coexact,coexact,random_tangent,literal_stable,literal_03,0,semantic_margin_delta,odd,0.041666666666666664,1,-0.43225658174778947,0.02068355282455746,0.07215410235502272,3,0.25,1.0,2,"1,2",0.05555555555555555,8,8
8,16,matched_betti,0.5,max_full_branch_node_speed,all_interior,coexact,coexact,random_tangent,literal_stable,literal_04,0,semantic_margin_delta,odd,0.041666666666666664,1,-0.9775017733944072,0.0021058339509625597,0.0032569810903155783,3,0.25,1.0,2,"1,2",0.06,8,8
8,16,matched_betti,0.5,max_full_branch_node_speed,all_interior,coexact,coexact,random_tangent,literal_stable,literal_05,0,semantic_margin_delta,odd,0.041666666666666664,1,-0.6435597028575115,0.10152679722715655,0.2320004013153351,3,0.25,1.0,2,"1,2",0.05769230769230769,8,8
8,16,matched_betti,0.5,max_full_branch_node_speed,all_interior,coexact,coexact,random_tangent,metaphor_shift,metaphor_01,0,semantic_margin_delta,odd,0.041666666666666664,1,0.18314648154883884,0.07840926514064255,0.54337120418366,3,0.25,1.0,2,"1,2",0.04411764705882352,8,8
8,16,matched_betti,0.5,max_full_branch_node_speed,all_interior,coexact,coexact,random_tangent,metaphor_shift,metaphor_02,0,semantic_margin_delta,odd,0.041666666666666664,1,-0.7760672036302968,0.002883994407859957,0.00561822593668682,3,0.25,1.0,2,"1,2",0.05172413793103448,8,8
8,16,matched_betti,0.5,max_full_branch_node_speed,all_interior,coexact,coexact,random_tangent,metaphor_shift,metaphor_03,0,semantic_margin_delta,odd,0.041666666666666664,1,-0.38157282912897306,0.06270221953373825,0.24110778967365765,3,0.25,1.0,2,"1,2",0.05000000000000001,8,8
8,16,matched_betti,0.5,max_full_branch_node_speed,all_interior,coexact,coexact,random_tangent,metaphor_shift,metaphor_04,0,semantic_margin_delta,odd,0.041666666666666664,1,0.05587946754252091,0.013470339186705305,0.3424176513731148,3,0.25,1.0,2,"1,2",0.05357142857142857,8,8
8,16,matched_betti,0.5,max_full_branch_node_speed,all_interior,coexact,coexact,random_tangent,metaphor_shift,metaphor_05,0,semantic_margin_delta,odd,0.041666666666666664,1,-0.5659114827274911,0.11166359974069248,0.2858655746962333,3,0.25,1.0,2,"1,2",0.05555555555555555,8,8
8,16,matched_betti,0.5,max_full_branch_node_speed,all_interior,coexact,coexact,random_tangent,ontology_collapse,ontology_01,0,semantic_margin_delta,odd,0.041666666666666664,1,0.9547384383624333,0.025753308975640356,0.04074729312112683,3,0.25,1.0,2,"1,2",0.04838709677419354,8,8
8,16,matched_betti,0.5,max_full_branch_node_speed,all_interior,coexact,coexact,random_tangent,ontology_collapse,ontology_02,0,semantic_margin_delta,odd,0.041666666666666664,1,0.07653993473502922,0.04803632228603038,0.688306735162466,3,0.25,1.0,2,"1,2",0.05357142857142857,8,8
8,16,matched_betti,0.5,max_full_branch_node_speed,all_interior,coexact,coexact,random_tangent,ontology_collapse,ontology_03,0,semantic_margin_delta,odd,0.041666666666666664,1,0.12998504508573133,0.006795476207796372,0.07879255225917117,3,0.25,1.0,2,"1,2",0.05172413793103448,8,8
8,16,matched_betti,0.5,max_full_branch_node_speed,all_interior,coexact,coexact,random_tangent,ontology_collapse,ontology_04,0,semantic_margin_delta,odd,0.041666666666666664,1,-0.2596150523697859,0.012160487329094681,0.07063920889746053,3,0.25,1.0,2,"1,2",0.05172413793103448,8,8
8,16,matched_betti,0.5,max_full_branch_node_speed,all_interior,coexact,coexact,random_tangent,ontology_collapse,ontology_05,0,semantic_margin_delta,odd,0.041666666666666664,1,0.045833404643707144,0.0678656703255354,0.9130438407894501,3,0.25,1.0,2,"1,2",0.05357142857142857,8,8
8,16,matched_betti,0.5,max_full_branch_node_speed,all_interior,coexact,coexact,random_tangent,identity_stress,identity_01,1,semantic_margin_delta,odd,0.125,1,-0.6022607237391296,0.060382616443761195,0.14986686030839816,3,0.25,1.0,3,"3,4,5",0.11764705882352942,8,8
8,16,matched_betti,0.5,max_full_branch_node_speed,all_interior,coexact,coexact,random_tangent,identity_stress,identity_02,1,semantic_margin_delta,odd,0.125,1,0.04555868444001298,0.01380918967295658,0.41659647756946394,3,0.25,1.0,3,"3,4,5",0.12903225806451613,8,8
8,16,matched_betti,0.5,max_full_branch_node_speed,all_interior,coexact,coexact,random_tangent,identity_stress,identity_03,1,semantic_margin_delta,odd,0.125,1,0.33333312066440063,0.006651138936217375,0.030153032917375564,3,0.25,1.0,3,"3,4,5",0.12903225806451613,8,8
8,16,matched_betti,0.5,max_full_branch_node_speed,all_interior,coexact,coexact,random_tangent,identity_stress,identity_04,1,semantic_margin_delta,odd,0.125,1,0.09348267950179394,0.015104592700248979,0.23730282545261006,3,0.25,1.0,2,"3,4",0.125,8,8
8,16,matched_betti,0.5,max_full_branch_node_speed,all_interior,coexact,coexact,random_tangent,identity_stress,identity_05,1,semantic_margin_delta,odd,0.125,1,-0.43649320863109553,0.16485869879577217,0.495866307118198,3,0.25,1.0,2,"3,4",0.125,8,8
8,16,matched_betti,0.5,max_full_branch_node_speed,all_interior,coexact,coexact,random_tangent,literal_stable,literal_01,1,semantic_margin_delta,odd,0.125,1,-0.05626275773670913,0.11818551659418926,0.9538312996763569,3,0.25,1.0,3,"3,4,5",0.12121212121212122,8,8
8,16,matched_betti,0.5,max_full_branch_node_speed,all_interior,coexact,coexact,random_tangent,literal_stable,literal_02,1,semantic_margin_delta,odd,0.125,1,0.5074162668182497,0.014795996635915847,0.04404221941315513,3,0.25,1.0,2,"3,4",0.125,8,8
8,16,matched_betti,0.5,max_full_branch_node_speed,all_interior,coexact,coexact,random_tangent,literal_stable,literal_03,1,semantic_margin_delta,odd,0.125,1,0.34763179765749386,0.01739920000469789,0.07545377047306147,3,0.25,1.0,2,"3,4",0.12962962962962962,8,8
8,16,matched_betti,0.5,max_full_branch_node_speed,all_interior,coexact,coexact,random_tangent,literal_stable,literal_04,1,semantic_margin_delta,odd,0.125,1,-0.053699832755566626,0.011851617464546507,0.31651419121738666,3,0.25,1.0,2,"3,4",0.14,8,8
8,16,matched_betti,0.5,max_full_branch_node_speed,all_interior,coexact,coexact,random_tangent,literal_stable,literal_05,1,semantic_margin_delta,odd,0.125,1,0.10295141175285041,0.07210536701465498,0.7270310461029633,3,0.25,1.0,2,"3,4",0.13461538461538464,8,8
8,16,matched_betti,0.5,max_full_branch_node_speed,all_interior,coexact,coexact,random_tangent,metaphor_shift,metaphor_01,1,semantic_margin_delta,odd,0.125,1,-0.2239713110375638,0.07630223524828127,0.45789064048426925,3,0.25,1.0,2,"3,5",0.1176470588235294,8,8
8,16,matched_betti,0.5,max_full_branch_node_speed,all_interior,coexact,coexact,random_tangent,metaphor_shift,metaphor_02,1,semantic_margin_delta,odd,0.125,1,0.07040626186966137,0.009660520743103794,0.20311931434785696,3,0.25,1.0,2,"3,4",0.12068965517241377,8,8
8,16,matched_betti,0.5,max_full_branch_node_speed,all_interior,coexact,coexact,random_tangent,metaphor_shift,metaphor_03,1,semantic_margin_delta,odd,0.125,1,-0.647003178792883,0.05433885169112228,0.12596271072433837,3,0.25,1.0,2,"3,4",0.11666666666666665,8,8
8,16,matched_betti,0.5,max_full_branch_node_speed,all_interior,coexact,coexact,random_tangent,metaphor_shift,metaphor_04,1,semantic_margin_delta,odd,0.125,1,-0.267099766069155,0.04264024731032269,0.23461865070310933,3,0.25,1.0,2,"3,4",0.125,8,8
8,16,matched_betti,0.5,max_full_branch_node_speed,all_interior,coexact,coexact,random_tangent,metaphor_shift,metaphor_05,1,semantic_margin_delta,odd,0.125,1,-0.15535604847195184,0.04393321638424682,0.39311720022067415,3,0.25,1.0,2,"3,4",0.12962962962962962,8,8
8,16,matched_betti,0.5,max_full_branch_node_speed,all_interior,coexact,coexact,random_tangent,ontology_collapse,ontology_01,1,semantic_margin_delta,odd,0.125,1,0.20856894606998796,0.022148880004705874,0.15852096014419048,3,0.25,1.0,3,"3,4,5",0.12903225806451613,8,8
8,16,matched_betti,0.5,max_full_branch_node_speed,all_interior,coexact,coexact,random_tangent,ontology_collapse,ontology_02,1,semantic_margin_delta,odd,0.125,1,-0.04551824425390186,0.024910198257919763,0.6374713538482488,3,0.25,1.0,2,"3,4",0.125,8,8
8,16,matched_betti,0.5,max_full_branch_node_speed,all_interior,coexact,coexact,random_tangent,ontology_collapse,ontology_03,1,semantic_margin_delta,odd,0.125,1,-0.15736669775748643,0.11159696387133389,0.7312803717578864,3,0.25,1.0,2,"3,4",0.12068965517241377,8,8
8,16,matched_betti,0.5,max_full_branch_node_speed,all_interior,coexact,coexact,random_tangent,ontology_collapse,ontology_04,1,semantic_margin_delta,odd,0.125,1,-1.00966474891903,0.032024823981311616,0.047898483480120504,3,0.25,1.0,2,"3,4",0.12068965517241377,8,8
8,16,matched_betti,0.5,max_full_branch_node_speed,all_interior,coexact,coexact,random_tangent,ontology_collapse,ontology_05,1,semantic_margin_delta,odd,0.125,1,-0.29528173890536924,0.026099892040357304,0.13245536492597937,3,0.25,1.0,2,"3,4",0.125,8,8
8,16,matched_betti,0.5,max_full_branch_node_speed,all_interior,coexact,coexact,random_tangent,identity_stress,identity_01,2,semantic_margin_delta,odd,0.20833333333333334,1,-0.010835419168124059,0.016620406121655513,0.918264068396116,3,0.25,1.0,3,"6,7,8",0.2058823529411765,8,8
8,16,matched_betti,0.5,max_full_branch_node_speed,all_interior,coexact,coexact,random_tangent,identity_stress,identity_02,2,semantic_margin_delta,odd,0.20833333333333334,1,0.3109174013502984,0.041894310351059394,0.19961421837779503,3,0.25,1.0,2,"6,7",0.20967741935483866,8,8
8,16,matched_betti,0.5,max_full_branch_node_speed,all_interior,coexact,coexact,random_tangent,identity_stress,identity_03,2,semantic_margin_delta,odd,0.20833333333333334,1,-0.04491972601697544,0.01419108107590403,0.4309903306427915,3,0.25,1.0,2,"6,7",0.20967741935483866,8,8
8,16,matched_betti,0.5,max_full_branch_node_speed,all_interior,coexact,coexact,random_tangent,identity_stress,identity_04,2,semantic_margin_delta,odd,0.20833333333333334,1,-0.6724555318134896,0.02318494889551358,0.052055225369646296,3,0.25,1.0,2,"5,6",0.19642857142857142,8,8
8,16,matched_betti,0.5,max_full_branch_node_speed,all_interior,coexact,coexact,random_tangent,identity_stress,identity_05,2,semantic_margin_delta,odd,0.20833333333333334,1,-0.8137581125627394,0.04364515233580731,0.08082180758766423,3,0.25,1.0,2,"5,6",0.19642857142857142,8,8
8,16,matched_betti,0.5,max_full_branch_node_speed,all_interior,coexact,coexact,random_tangent,literal_stable,literal_01,2,semantic_margin_delta,odd,0.20833333333333334,1,0.30963750638617477,0.030295689434134864,0.1463315551299257,3,0.25,1.0,3,"6,7,8",0.21212121212121213,8,8
8,16,matched_betti,0.5,max_full_branch_node_speed,all_interior,coexact,coexact,random_tangent,literal_stable,literal_02,2,semantic_margin_delta,odd,0.20833333333333334,1,-0.5928363651873665,0.025120329965843183,0.06393109391177584,3,0.25,1.0,2,"5,6",0.19642857142857142,8,8
8,16,matched_betti,0.5,max_full_branch_node_speed,all_interior,coexact,coexact,random_tangent,literal_stable,literal_03,2,semantic_margin_delta,odd,0.20833333333333334,1,0.49606253260715105,0.0026356056674612053,0.008032319361310238,3,0.25,1.0,2,"5,6",0.2037037037037037,8,8
8,16,matched_betti,0.5,max_full_branch_node_speed,all_interior,coexact,coexact,random_tangent,literal_stable,literal_04,2,semantic_margin_delta,odd,0.20833333333333334,1,0.5356899731147454,0.07598712310443248,0.2096879322046875,3,0.25,1.0,2,"5,6",0.22,8,8
8,16,matched_betti,0.5,max_full_branch_node_speed,all_interior,coexact,coexact,random_tangent,literal_stable,literal_05,2,semantic_margin_delta,odd,0.20833333333333334,1,0.8145210367756013,0.016133356888431226,0.02993220903155207,3,0.25,1.0,2,"5,6",0.21153846153846156,8,8
8,16,matched_betti,0.5,max_full_branch_node_speed,all_interior,coexact,coexact,random_tangent,metaphor_shift,metaphor_01,2,semantic_margin_delta,odd,0.20833333333333334,1,-0.08327162595290069,0.016389341025143778,0.28520212825532537,3,0.25,1.0,3,"6,7,8",0.2058823529411765,8,8
8,16,matched_betti,0.5,max_full_branch_node_speed,all_interior,coexact,coexact,random_tangent,metaphor_shift,metaphor_02,2,semantic_margin_delta,odd,0.20833333333333334,1,-0.2523049729007398,0.051932116607520486,0.2971324557086242,3,0.25,1.0,3,"5,6,7",0.20689655172413793,8,8
8,16,matched_betti,0.5,max_full_branch_node_speed,all_interior,coexact,coexact,random_tangent,metaphor_shift,metaphor_03,2,semantic_margin_delta,odd,0.20833333333333334,1,-0.5452231496757166,0.002892893784280421,0.008021492831481626,3,0.25,1.0,3,"5,6,7",0.19999999999999998,8,8
8,16,matched_betti,0.5,max_full_branch_node_speed,all_interior,coexact,coexact,random_tangent,metaphor_shift,metaphor_04,2,semantic_margin_delta,odd,0.20833333333333334,1,-0.5662272113653773,0.0392749399568877,0.10429436536427816,3,0.25,1.0,2,"5,6",0.19642857142857142,8,8
8,16,matched_betti,0.5,max_full_branch_node_speed,all_interior,coexact,coexact,random_tangent,metaphor_shift,metaphor_05,2,semantic_margin_delta,odd,0.20833333333333334,1,-0.1587497555767467,0.004894517997127249,0.04656252620560304,3,0.25,1.0,2,"5,6",0.2037037037037037,8,8
8,16,matched_betti,0.5,max_full_branch_node_speed,all_interior,coexact,coexact,random_tangent,ontology_collapse,ontology_01,2,semantic_margin_delta,odd,0.20833333333333334,1,-0.26039016228907963,0.06329635141091328,0.3449494553035787,3,0.25,1.0,2,"6,7",0.20967741935483866,8,8
8,16,matched_betti,0.5,max_full_branch_node_speed,all_interior,coexact,coexact,random_tangent,ontology_collapse,ontology_02,2,semantic_margin_delta,odd,0.20833333333333334,1,0.1256632818969385,0.030771578131623317,0.34718505034475644,3,0.25,1.0,2,"5,6",0.19642857142857142,8,8
8,16,matched_betti,0.5,max_full_branch_node_speed,all_interior,coexact,coexact,random_tangent,ontology_collapse,ontology_03,2,semantic_margin_delta,odd,0.20833333333333334,1,-0.5892322159556213,0.007029994194508507,0.018034695555584693,3,0.25,1.0,2,"6,7",0.22413793103448276,8,8
8,16,matched_betti,0.5,max_full_branch_node_speed,all_interior,coexact,coexact,random_tangent,ontology_collapse,ontology_04,2,semantic_margin_delta,odd,0.20833333333333334,1,0.12264905086145335,0.01691565639767088,0.20412394366856554,3,0.25,1.0,3,"5,6,7",0.20689655172413793,8,8
8,16,matched_betti,0.5,max_full_branch_node_speed,all_interior,coexact,coexact,random_tangent,ontology_collapse,ontology_05,2,semantic_margin_delta,odd,0.20833333333333334,1,-0.11991356989138525,0.042455654713844736,0.47192148778440945,3,0.25,1.0,2,"5,6",0.19642857142857142,8,8
8,16,matched_betti,0.5,max_full_branch_node_speed,all_interior,coexact,coexact,random_tangent,identity_stress,identity_01,3,semantic_margin_delta,odd,0.2916666666666667,1,-0.5586577030969816,0.025920783527588375,0.06997572545726685,3,0.25,1.0,3,"9,10,11",0.29411764705882354,8,8
8,16,matched_betti,0.5,max_full_branch_node_speed,all_interior,coexact,coexact,random_tangent,identity_stress,identity_02,3,semantic_margin_delta,odd,0.2916666666666667,1,0.16757922181274643,0.002650756245704116,0.023907625487796787,3,0.25,1.0,3,"8,9,10",0.2903225806451613,8,8
8,16,matched_betti,0.5,max_full_branch_node_speed,all_interior,coexact,coexact,random_tangent,identity_stress,identity_03,3,semantic_margin_delta,odd,0.2916666666666667,1,-0.0029800277207704343,0.023813112347992688,0.9965917484138513,3,0.25,1.0,3,"8,9,10",0.2903225806451613,8,8
8,16,matched_betti,0.5,max_full_branch_node_speed,all_interior,coexact,coexact,random_tangent,identity_stress,identity_04,3,semantic_margin_delta,odd,0.2916666666666667,1,0.7925636102008647,0.09392027358457126,0.1763501407900308,3,0.25,1.0,3,"7,8,9",0.28571428571428575,8,8
8,16,matched_betti,0.5,max_full_branch_node_speed,all_interior,coexact,coexact,random_tangent,identity_stress,identity_05,3,semantic_margin_delta,odd,0.2916666666666667,1,0.548594975152856,0.01117768548470308,0.03078967304991061,3,0.25,1.0,3,"7,8,9",0.28571428571428575,8,8
8,16,matched_betti,0.5,max_full_branch_node_speed,all_interior,coexact,coexact,random_tangent,literal_stable,literal_01,3,semantic_margin_delta,odd,0.2916666666666667,1,0.3212975546388806,0.02185870621321946,0.1023158248835533,3,0.25,1.0,2,"9,10",0.28787878787878785,8,8
8,16,matched_betti,0.5,max_full_branch_node_speed,all_interior,coexact,coexact,random_tangent,literal_stable,literal_02,3,semantic_margin_delta,odd,0.2916666666666667,1,0.11042530967729416,0.037601954061690514,0.4577214334555018,3,0.25,1.0,3,"7,8,9",0.28571428571428575,8,8
8,16,matched_betti,0.5,max_full_branch_node_speed,all_interior,coexact,coexact,random_tangent,literal_stable,literal_03,3,semantic_margin_delta,odd,0.2916666666666667,1,-0.33956941267101304,0.017687472453269473,0.07850651615247724,3,0.25,1.0,2,"7,8",0.2777777777777778,8,8
8,16,matched_betti,0.5,max_full_branch_node_speed,all_interior,coexact,coexact,random_tangent,literal_stable,literal_04,3,semantic_margin_delta,odd,0.2916666666666667,1,0.22616635892364323,0.01893295472473089,0.12555982570808538,3,0.25,1.0,2,"7,8",0.30000000000000004,8,8
8,16,matched_betti,0.5,max_full_branch_node_speed,all_interior,coexact,coexact,random_tangent,literal_stable,literal_05,3,semantic_margin_delta,odd,0.2916666666666667,1,-0.23490740627233464,0.020134853939923356,0.12851283210709213,3,0.25,1.0,2,"7,8",0.28846153846153844,8,8
8,16,matched_betti,0.5,max_full_branch_node_speed,all_interior,coexact,coexact,random_tangent,metaphor_shift,metaphor_01,3,semantic_margin_delta,odd,0.2916666666666667,1,0.5997624128143513,0.05566335015084459,0.13895283379233048,3,0.25,1.0,3,"9,10,11",0.29411764705882354,8,8
8,16,matched_betti,0.5,max_full_branch_node_speed,all_interior,coexact,coexact,random_tangent,metaphor_shift,metaphor_02,3,semantic_margin_delta,odd,0.2916666666666667,1,-0.6733460097271066,0.009131035546117208,0.02049752669384623,3,0.25,1.0,2,"8,9",0.2931034482758621,8,8
8,16,matched_betti,0.5,max_full_branch_node_speed,all_interior,coexact,coexact,random_tangent,metaphor_shift,metaphor_03,3,semantic_margin_delta,odd,0.2916666666666667,1,-0.3971413397843109,0.022866033540013174,0.08671965223820922,3,0.25,1.0,2,"8,9",0.2833333333333333,8,8
8,16,matched_betti,0.5,max_full_branch_node_speed,all_interior,coexact,coexact,random_tangent,metaphor_shift,metaphor_04,3,semantic_margin_delta,odd,0.2916666666666667,1,0.32648128435126716,0.004185799690740344,0.01937981164580439,3,0.25,1.0,3,"7,8,9",0.28571428571428575,8,8
8,16,matched_betti,0.5,max_full_branch_node_speed,all_interior,coexact,coexact,random_tangent,metaphor_shift,metaphor_05,3,semantic_margin_delta,odd,0.2916666666666667,1,-0.7187500310797302,0.029618086063655052,0.06217973941819326,3,0.25,1.0,2,"7,8",0.2777777777777778,8,8
8,16,matched_betti,0.5,max_full_branch_node_speed,all_interior,coexact,coexact,random_tangent,ontology_collapse,ontology_01,3,semantic_margin_delta,odd,0.2916666666666667,1,-0.9797213720792486,0.023959625710408192,0.036948071500557136,3,0.25,1.0,3,"8,9,10",0.2903225806451613,8,8
8,16,matched_betti,0.5,max_full_branch_node_speed,all_interior,coexact,coexact,random_tangent,ontology_collapse,ontology_02,3,semantic_margin_delta,odd,0.2916666666666667,1,-0.3789788728061105,0.06268407773148679,0.24259513208203476,3,0.25,1.0,3,"7,8,9",0.28571428571428575,8,8
8,16,matched_betti,0.5,max_full_branch_node_speed,all_interior,coexact,coexact,random_tangent,ontology_collapse,ontology_03,3,semantic_margin_delta,odd,0.2916666666666667,1,0.5458244878595974,0.060898581156562395,0.16633087595854476,3,0.25,1.0,2,"8,9",0.2931034482758621,8,8
8,16,matched_betti,0.5,max_full_branch_node_speed,all_interior,coexact,coexact,random_tangent,ontology_collapse,ontology_04,3,semantic_margin_delta,odd,0.2916666666666667,1,-0.09325690631327664,0.01352651735075657,0.21419888053420497,3,0.25,1.0,2,"8,9",0.2931034482758621,8,8
8,16,matched_betti,0.5,max_full_branch_node_speed,all_interior,coexact,coexact,random_tangent,ontology_collapse,ontology_05,3,semantic_margin_delta,odd,0.2916666666666667,1,-0.030796321757036584,0.004149599165469358,0.19961301923765884,3,0.25,1.0,3,"7,8,9",0.28571428571428575,8,8
8,16,matched_betti,0.5,max_full_branch_node_speed,all_interior,coexact,coexact,random_tangent,identity_stress,identity_01,4,semantic_margin_delta,odd,0.375,1,0.5917638527139595,0.0067754787755113744,0.01730762473577778,3,0.25,1.0,3,"12,13,14",0.38235294117647056,8,8
8,16,matched_betti,0.5,max_full_branch_node_speed,all_interior,coexact,coexact,random_tangent,identity_stress,identity_02,4,semantic_margin_delta,odd,0.375,1,0.19990169136651514,0.03236895942644284,0.23778507195395648,3,0.25,1.0,2,"11,12",0.3709677419354838,8,8
8,16,matched_betti,0.5,max_full_branch_node_speed,all_interior,coexact,coexact,random_tangent,identity_stress,identity_03,4,semantic_margin_delta,odd,0.375,1,0.8266172760535853,0.09097228806356802,0.1641291732657015,3,0.25,1.0,2,"11,12",0.3709677419354838,8,8
8,16,matched_betti,0.5,max_full_branch_node_speed,all_interior,coexact,coexact,random_tangent,identity_stress,identity_04,4,semantic_margin_delta,odd,0.375,1,-0.5965024899854044,0.05496089838467523,0.13796827532955455,3,0.25,1.0,2,"10,11",0.375,8,8
8,16,matched_betti,0.5,max_full_branch_node_speed,all_interior,coexact,coexact,random_tangent,identity_stress,identity_05,4,semantic_margin_delta,odd,0.375,1,0.04987556906690194,0.029848835586666938,0.6709270810031998,3,0.25,1.0,2,"10,11",0.375,8,8
8,16,matched_betti,0.5,max_full_branch_node_speed,all_interior,coexact,coexact,random_tangent,literal_stable,literal_01,4,semantic_margin_delta,odd,0.375,1,-0.17305582223098132,0.11017625847302238,0.6934785743297607,3,0.25,1.0,3,"11,12,13",0.3636363636363636,8,8
8,16,matched_betti,0.5,max_full_branch_node_speed,all_interior,coexact,coexact,random_tangent,literal_stable,literal_02,4,semantic_margin_delta,odd,0.375,1,-0.6471817889055463,0.08209178901480503,0.1883396934795366,3,0.25,1.0,2,"10,11",0.375,8,8
8,16,matched_betti,0.5,max_full_branch_node_speed,all_interior,coexact,coexact,random_tangent,literal_stable,literal_03,4,semantic_margin_delta,odd,0.375,1,0.21379176354326818,0.016254548972157657,0.11419435181421835,3,0.25,1.0,3,"9,10,11",0.3703703703703704,8,8
8,16,matched_betti,0.5,max_full_branch_node_speed,all_interior,coexact,coexact,random_tangent,literal_stable,literal_04,4,semantic_margin_delta,odd,0.375,1,-1.0579912891369656,0.03052319458519698,0.043575877470217135,3,0.25,1.0,2,"9,10",0.38000000000000006,8,8
8,16,matched_betti,0.5,max_full_branch_node_speed,all_interior,coexact,coexact,random_tangent,literal_stable,literal_05,4,semantic_margin_delta,odd,0.375,1,0.778519070756444,0.06279886706994225,0.12105640143854629,3,0.25,1.0,2,"9,10",0.3653846153846154,8,8
8,16,matched_betti,0.5,max_full_branch_node_speed,all_interior,coexact,coexact,random_tangent,metaphor_shift,metaphor_01,4,semantic_margin_delta,odd,0.375,1,-0.09672984349733922,0.12985628408012567,0.8970295745279346,3,0.25,1.0,2,"12,13",0.36764705882352944,8,8
8,16,matched_betti,0.5,max_full_branch_node_speed,all_interior,coexact,coexact,random_tangent,metaphor_shift,metaphor_02,4,semantic_margin_delta,odd,0.375,1,0.4448726522422111,0.025030739533241992,0.08475851241202893,3,0.25,1.0,3,"10,11,12",0.37931034482758624,8,8
8,16,matched_betti,0.5,max_full_branch_node_speed,all_interior,coexact,coexact,random_tangent,metaphor_shift,metaphor_03,4,semantic_margin_delta,odd,0.375,1,0.46308434168235313,0.04210947813257706,0.1361961892068503,3,0.25,1.0,3,"10,11,12",0.3666666666666667,8,8
8,16,matched_betti,0.5,max_full_branch_node_speed,all_interior,coexact,coexact,random_tangent,metaphor_shift,metaphor_04,4,semantic_margin_delta,odd,0.375,1,0.2934470960693023,0.03174112490312409,0.16138851868601875,3,0.25,1.0,2,"10,11",0.375,8,8
8,16,matched_betti,0.5,max_full_branch_node_speed,all_interior,coexact,coexact,random_tangent,metaphor_shift,metaphor_05,4,semantic_margin_delta,odd,0.375,1,0.5320532711434602,0.05278714384454877,0.14833803404840554,3,0.25,1.0,3,"9,10,11",0.3703703703703704,8,8
8,16,matched_betti,0.5,max_full_branch_node_speed,all_interior,coexact,coexact,random_tangent,ontology_collapse,ontology_01,4,semantic_margin_delta,odd,0.375,1,0.6112675216207952,0.0159777931778383,0.03948731414056193,3,0.25,1.0,2,"11,12",0.3709677419354838,8,8
8,16,matched_betti,0.5,max_full_branch_node_speed,all_interior,coexact,coexact,random_tangent,ontology_collapse,ontology_02,4,semantic_margin_delta,odd,0.375,1,0.7259901089251622,0.03387447332566545,0.07036795198704734,3,0.25,1.0,2,"10,11",0.375,8,8
8,16,matched_betti,0.5,max_full_branch_node_speed,all_interior,coexact,coexact,random_tangent,ontology_collapse,ontology_03,4,semantic_margin_delta,odd,0.375,1,-0.32365224424229566,0.006818400067641167,0.031834252407680314,3,0.25,1.0,3,"10,11,12",0.37931034482758624,8,8
8,16,matched_betti,0.5,max_full_branch_node_speed,all_interior,coexact,coexact,random_tangent,ontology_collapse,ontology_04,4,semantic_margin_delta,odd,0.375,1,-0.3983340839925319,0.04203915981258764,0.15756452968954002,3,0.25,1.0,3,"10,11,12",0.37931034482758624,8,8
8,16,matched_betti,0.5,max_full_branch_node_speed,all_interior,coexact,coexact,random_tangent,ontology_collapse,ontology_05,4,semantic_margin_delta,odd,0.375,1,-0.14877827525021908,0.0698689786937829,0.5789197015734436,3,0.25,1.0,2,"10,11",0.375,8,8
8,16,matched_betti,0.5,max_full_branch_node_speed,all_interior,coexact,coexact,random_tangent,identity_stress,identity_01,5,semantic_margin_delta,odd,0.4583333333333333,1,-0.2955335082766478,0.009762574600678255,0.049880140238569654,3,0.25,1.0,2,"15,16",0.45588235294117646,8,8
8,16,matched_betti,0.5,max_full_branch_node_speed,all_interior,coexact,coexact,random_tangent,identity_stress,identity_02,5,semantic_margin_delta,odd,0.4583333333333333,1,-0.060068057086809366,0.06322663244536371,0.846703935180905,3,0.25,1.0,2,"13,15",0.4516129032258065,8,8
8,16,matched_betti,0.5,max_full_branch_node_speed,all_interior,coexact,coexact,random_tangent,identity_stress,identity_03,5,semantic_margin_delta,odd,0.4583333333333333,1,0.4314972017131667,0.010583304359136007,0.03705577470269765,3,0.25,1.0,3,"13,14,15",0.4516129032258065,8,8
8,16,matched_betti,0.5,max_full_branch_node_speed,all_interior,coexact,coexact,random_tangent,identity_stress,identity_05,5,semantic_margin_delta,odd,0.4583333333333333,1,0.07049166394054672,0.023196369713369948,0.4454221780580181,3,0.25,1.0,2,"12,13",0.4464285714285714,8,8
8,16,matched_betti,0.5,max_full_branch_node_speed,all_interior,coexact,coexact,random_tangent,literal_stable,literal_01,5,semantic_margin_delta,odd,0.4583333333333333,1,-0.7378785156707983,0.08804058200334096,0.17752338106948243,3,0.25,1.0,3,"14,15,16",0.4545454545454546,8,8
8,16,matched_betti,0.5,max_full_branch_node_speed,all_interior,coexact,coexact,random_tangent,literal_stable,literal_02,5,semantic_margin_delta,odd,0.4583333333333333,1,-0.6933278591347877,0.026534109248491835,0.05776317962500751,3,0.25,1.0,2,"12,13",0.4464285714285714,8,8
8,16,matched_betti,0.5,max_full_branch_node_speed,all_interior,coexact,coexact,random_tangent,literal_stable,literal_03,5,semantic_margin_delta,odd,0.4583333333333333,1,-0.8986334472542413,0.07161866100969473,0.11962575558107029,3,0.25,1.0,2,"12,13",0.46296296296296297,8,8
8,16,matched_betti,0.5,max_full_branch_node_speed,all_interior,coexact,coexact,random_tangent,literal_stable,literal_04,5,semantic_margin_delta,odd,0.4583333333333333,1,0.9399474481426889,0.06956846660299532,0.11120333332578905,3,0.25,1.0,2,"11,12",0.45999999999999996,8,8
8,16,matched_betti,0.5,max_full_branch_node_speed,all_interior,coexact,coexact,random_tangent,literal_stable,literal_05,5,semantic_margin_delta,odd,0.4583333333333333,1,0.8685685848213528,0.03309253421738673,0.05750658566286804,3,0.25,1.0,2,"11,12",0.4423076923076923,8,8
8,16,matched_betti,0.5,max_full_branch_node_speed,all_interior,coexact,coexact,random_tangent,metaphor_shift,metaphor_01,5,semantic_margin_delta,odd,0.4583333333333333,1,-0.20473716981509754,0.0019601052159595885,0.01447265375824688,3,0.25,1.0,2,"15,16",0.45588235294117646,8,8
8,16,matched_betti,0.5,max_full_branch_node_speed,all_interior,coexact,coexact,random_tangent,metaphor_shift,metaphor_02,5,semantic_margin_delta,odd,0.4583333333333333,1,-0.3475400120004907,0.02133717084873386,0.0924230192316836,3,0.25,1.0,2,"13,14",0.46551724137931033,8,8
8,16,matched_betti,0.5,max_full_branch_node_speed,all_interior,coexact,coexact,random_tangent,metaphor_shift,metaphor_03,5,semantic_margin_delta,odd,0.4583333333333333,1,-0.5195915368366727,0.056033185156595736,0.16091531524650174,3,0.25,1.0,2,"13,14",0.45,8,8
8,16,matched_betti,0.5,max_full_branch_node_speed,all_interior,coexact,coexact,random_tangent,metaphor_shift,metaphor_04,5,semantic_margin_delta,odd,0.4583333333333333,1,-0.6174925604162949,0.019298475987187255,0.047197391874255604,3,0.25,1.0,2,"12,13",0.4464285714285714,8,8
8,16,matched_betti,0.5,max_full_branch_node_speed,all_interior,coexact,coexact,random_tangent,metaphor_shift,metaphor_05,5,semantic_margin_delta,odd,0.4583333333333333,1,-0.1074409275070805,0.004103680614002394,0.05764901671111141,3,0.25,1.0,2,"12,13",0.46296296296296297,8,8
8,16,matched_betti,0.5,max_full_branch_node_speed,all_interior,coexact,coexact,random_tangent,ontology_collapse,ontology_01,5,semantic_margin_delta,odd,0.4583333333333333,1,0.0685000753656879,0.008274191051739665,0.17964776719744613,3,0.25,1.0,3,"13,14,15",0.4516129032258065,8,8
8,16,matched_betti,0.5,max_full_branch_node_speed,all_interior,coexact,coexact,random_tangent,ontology_collapse,ontology_02,5,semantic_margin_delta,odd,0.4583333333333333,1,-1.4694572827989374,0.011542167342105204,0.01187437478329351,3,0.25,1.0,2,"12,13",0.4464285714285714,8,8
8,16,matched_betti,0.5,max_full_branch_node_speed,all_interior,coexact,coexact,random_tangent,ontology_collapse,ontology_03,5,semantic_margin_delta,odd,0.4583333333333333,1,0.798749634983192,0.1468391415488854,0.2677838577813196,3,0.25,1.0,2,"13,14",0.46551724137931033,8,8
8,16,matched_betti,0.5,max_full_branch_node_speed,all_interior,coexact,coexact,random_tangent,ontology_collapse,ontology_04,5,semantic_margin_delta,odd,0.4583333333333333,1,0.8166821402185801,0.006424980196628524,0.0118932073120072,3,0.25,1.0,1,13,0.4482758620689655,8,8
8,16,matched_betti,0.5,max_full_branch_node_speed,all_interior,coexact,coexact,random_tangent,ontology_collapse,ontology_05,5,semantic_margin_delta,odd,0.4583333333333333,1,-0.6958647881240901,0.03394748040118829,0.07355557729590194,3,0.25,1.0,2,"12,13",0.4464285714285714,8,8
8,16,matched_betti,0.5,max_full_branch_node_speed,all_interior,coexact,coexact,random_tangent,identity_stress,identity_01,6,semantic_margin_delta,odd,0.5416666666666666,1,-0.38896061587986674,0.05153010587773584,0.19639263476661786,3,0.25,1.0,3,"17,18,19",0.5294117647058824,8,8
8,16,matched_betti,0.5,max_full_branch_node_speed,all_interior,coexact,coexact,random_tangent,identity_stress,identity_02,6,semantic_margin_delta,odd,0.5416666666666666,1,0.41660915849099744,0.010488724117356293,0.03803561516134578,3,0.25,1.0,3,"16,17,18",0.5483870967741935,8,8
8,16,matched_betti,0.5,max_full_branch_node_speed,all_interior,coexact,coexact,random_tangent,identity_stress,identity_03,6,semantic_margin_delta,odd,0.5416666666666666,1,0.346475723975744,0.0008010063313125089,0.00349519537061904,3,0.25,1.0,3,"16,17,18",0.5483870967741935,8,8
8,16,matched_betti,0.5,max_full_branch_node_speed,all_interior,coexact,coexact,random_tangent,identity_stress,identity_04,6,semantic_margin_delta,odd,0.5416666666666666,1,0.09778064426914616,0.09008769288433509,0.8123345271202234,3,0.25,1.0,2,"14,15",0.5178571428571428,8,8
8,16,matched_betti,0.5,max_full_branch_node_speed,all_interior,coexact,coexact,random_tangent,identity_stress,identity_05,6,semantic_margin_delta,odd,0.5416666666666666,1,0.0866456231922348,0.010900953979283824,0.1868578875567159,3,0.25,1.0,3,"14,15,16",0.5357142857142857,8,8
8,16,matched_betti,0.5,max_full_branch_node_speed,all_interior,coexact,coexact,random_tangent,literal_stable,literal_01,6,semantic_margin_delta,odd,0.5416666666666666,1,0.4231954273629291,0.03939920901258479,0.13937907501144856,3,0.25,1.0,3,"17,18,19",0.5454545454545454,8,8
8,16,matched_betti,0.5,max_full_branch_node_speed,all_interior,coexact,coexact,random_tangent,literal_stable,literal_02,6,semantic_margin_delta,odd,0.5416666666666666,1,0.2602471074331768,0.02168441260444838,0.12498385064043599,3,0.25,1.0,3,"14,15,16",0.5357142857142857,8,8
8,16,matched_betti,0.5,max_full_branch_node_speed,all_interior,coexact,coexact,random_tangent,literal_stable,literal_03,6,semantic_margin_delta,odd,0.5416666666666666,1,0.3685687874295323,0.03092030795297494,0.12582611897824814,3,0.25,1.0,2,"14,15",0.537037037037037,8,8
8,16,matched_betti,0.5,max_full_branch_node_speed,all_interior,coexact,coexact,random_tangent,literal_stable,literal_04,6,semantic_margin_delta,odd,0.5416666666666666,1,0.5178246101326712,0.01525023797607948,0.04448103052888986,3,0.25,1.0,2,"13,14",0.54,8,8
8,16,matched_betti,0.5,max_full_branch_node_speed,all_interior,coexact,coexact,random_tangent,literal_stable,literal_05,6,semantic_margin_delta,odd,0.5416666666666666,1,0.2773626610687906,0.010706965686498291,0.058262754903957555,3,0.25,1.0,3,"13,14,15",0.5384615384615384,8,8
8,16,matched_betti,0.5,max_full_branch_node_speed,all_interior,coexact,coexact,random_tangent,metaphor_shift,metaphor_01,6,semantic_margin_delta,odd,0.5416666666666666,1,0.3884009632343538,0.009016858351944903,0.035076688297296287,3,0.25,1.0,3,"17,18,19",0.5294117647058824,8,8
8,16,matched_betti,0.5,max_full_branch_node_speed,all_interior,coexact,coexact,random_tangent,metaphor_shift,metaphor_02,6,semantic_margin_delta,odd,0.5416666666666666,1,1.2951588869657744,0.043098053615298754,0.0502454424014092,3,0.25,1.0,2,"15,16",0.5344827586206897,8,8
8,16,matched_betti,0.5,max_full_branch_node_speed,all_interior,coexact,coexact,random_tangent,metaphor_shift,metaphor_03,6,semantic_margin_delta,odd,0.5416666666666666,1,0.09102366849803314,0.014841076756389075,0.23933858899041682,3,0.25,1.0,2,"16,17",0.55,8,8
8,16,matched_betti,0.5,max_full_branch_node_speed,all_interior,coexact,coexact,random_tangent,metaphor_shift,metaphor_04,6,semantic_margin_delta,odd,0.5416666666666666,1,-0.15262260854138313,0.12198396136338609,0.770400144395938,3,0.25,1.0,3,"14,15,16",0.5357142857142857,8,8
8,16,matched_betti,0.5,max_full_branch_node_speed,all_interior,coexact,coexact,random_tangent,metaphor_shift,metaphor_05,6,semantic_margin_delta,odd,0.5416666666666666,1,0.09340446079977428,0.010221799836218086,0.1632324120258602,3,0.25,1.0,2,"14,15",0.537037037037037,8,8
8,16,matched_betti,0.5,max_full_branch_node_speed,all_interior,coexact,coexact,random_tangent,ontology_collapse,ontology_01,6,semantic_margin_delta,odd,0.5416666666666666,1,0.10136420761130689,0.0864054525056587,0.7900523474440369,3,0.25,1.0,3,"16,17,18",0.5483870967741935,8,8
8,16,matched_betti,0.5,max_full_branch_node_speed,all_interior,coexact,coexact,random_tangent,ontology_collapse,ontology_02,6,semantic_margin_delta,odd,0.5416666666666666,1,0.47377887798277046,0.03694377508091306,0.11707910912966343,3,0.25,1.0,3,"14,15,16",0.5357142857142857,8,8
8,16,matched_betti,0.5,max_full_branch_node_speed,all_interior,coexact,coexact,random_tangent,ontology_collapse,ontology_03,6,semantic_margin_delta,odd,0.5416666666666666,1,-0.1810968136723734,0.01158517504970717,0.09626778302031164,3,0.25,1.0,2,"15,16",0.5344827586206897,8,8
8,16,matched_betti,0.5,max_full_branch_node_speed,all_interior,coexact,coexact,random_tangent,ontology_collapse,ontology_04,6,semantic_margin_delta,odd,0.5416666666666666,1,-0.5613412999290337,0.06693837366171124,0.17742448459215493,3,0.25,1.0,2,"15,16",0.5344827586206897,8,8
8,16,matched_betti,0.5,max_full_branch_node_speed,all_interior,coexact,coexact,random_tangent,ontology_collapse,ontology_05,6,semantic_margin_delta,odd,0.5416666666666666,1,0.9790446902202141,0.06308785901740498,0.09696232816982873,3,0.25,1.0,2,"15,16",0.5535714285714286,8,8
8,16,matched_betti,0.5,max_full_branch_node_speed,all_interior,coexact,coexact,random_tangent,identity_stress,identity_01,7,semantic_margin_delta,odd,0.625,1,-0.25194758576466303,0.042329344918312826,0.2461873307730709,3,0.25,1.0,3,"20,21,22",0.6176470588235294,8,8
8,16,matched_betti,0.5,max_full_branch_node_speed,all_interior,coexact,coexact,random_tangent,identity_stress,identity_02,7,semantic_margin_delta,odd,0.625,1,0.4875856589890458,0.03524564764181036,0.1086394137840569,3,0.25,1.0,2,"19,20",0.6290322580645161,8,8
8,16,matched_betti,0.5,max_full_branch_node_speed,all_interior,coexact,coexact,random_tangent,identity_stress,identity_03,7,semantic_margin_delta,odd,0.625,1,-0.20618670111850376,0.012136756144527042,0.08864209085774319,3,0.25,1.0,2,"19,20",0.6290322580645161,8,8
8,16,matched_betti,0.5,max_full_branch_node_speed,all_interior,coexact,coexact,random_tangent,identity_stress,identity_04,7,semantic_margin_delta,odd,0.625,1,-0.48797797931610015,0.06600415593431253,0.20034849494557827,3,0.25,1.0,2,"17,18",0.625,8,8
8,16,matched_betti,0.5,max_full_branch_node_speed,all_interior,coexact,coexact,random_tangent,identity_stress,identity_05,7,semantic_margin_delta,odd,0.625,1,0.004286165306769348,0.0026357303352019857,0.6808949847046527,3,0.25,1.0,2,"17,18",0.625,8,8
8,16,matched_betti,0.5,max_full_branch_node_speed,all_interior,coexact,coexact,random_tangent,literal_stable,literal_01,7,semantic_margin_delta,odd,0.625,1,0.7848678012573759,0.1043159895340337,0.19700172760343132,3,0.25,1.0,2,"20,21",0.6212121212121212,8,8
8,16,matched_betti,0.5,max_full_branch_node_speed,all_interior,coexact,coexact,random_tangent,literal_stable,literal_02,7,semantic_margin_delta,odd,0.625,1,-1.7212379884835514,0.03275690302564236,0.028760285651345197,3,0.25,1.0,2,"17,18",0.625,8,8
8,16,matched_betti,0.5,max_full_branch_node_speed,all_interior,coexact,coexact,random_tangent,literal_stable,literal_03,7,semantic_margin_delta,odd,0.625,1,0.37972579563731024,0.03320833806196575,0.13107648125752538,3,0.25,1.0,2,"16,17",0.6111111111111112,8,8
8,16,matched_betti,0.5,max_full_branch_node_speed,all_interior,coexact,coexact,random_tangent,literal_stable,literal_04,7,semantic_margin_delta,odd,0.625,1,-0.7711263088179036,0.03101703554573358,0.06069937242504885,3,0.25,1.0,2,"15,16",0.62,8,8
8,16,matched_betti,0.5,max_full_branch_node_speed,all_interior,coexact,coexact,random_tangent,literal_stable,literal_05,7,semantic_margin_delta,odd,0.625,1,0.15583144997762224,0.011647570572820757,0.11228864713248896,3,0.25,1.0,2,"16,17",0.6346153846153846,8,8
8,16,matched_betti,0.5,max_full_branch_node_speed,all_interior,coexact,coexact,random_tangent,metaphor_shift,metaphor_01,7,semantic_margin_delta,odd,0.625,1,0.2739887782824493,0.01486852784260639,0.08176913477126592,3,0.25,1.0,2,"20,21",0.6029411764705883,8,8
8,16,matched_betti,0.5,max_full_branch_node_speed,all_interior,coexact,coexact,random_tangent,metaphor_shift,metaphor_02,7,semantic_margin_delta,odd,0.625,1,0.8496093692974853,0.03538712732509193,0.0628459998080053,3,0.25,1.0,3,"17,18,19",0.6206896551724138,8,8
8,16,matched_betti,0.5,max_full_branch_node_speed,all_interior,coexact,coexact,random_tangent,metaphor_shift,metaphor_03,7,semantic_margin_delta,odd,0.625,1,0.26572461631814726,0.0019482083622860962,0.011083780271347697,3,0.25,1.0,2,"18,19",0.6166666666666667,8,8
8,16,matched_betti,0.5,max_full_branch_node_speed,all_interior,coexact,coexact,random_tangent,metaphor_shift,metaphor_04,7,semantic_margin_delta,odd,0.625,1,0.008387205486640424,0.04426045038167916,0.9922362718265804,3,0.25,1.0,2,"17,18",0.625,8,8
8,16,matched_betti,0.5,max_full_branch_node_speed,all_interior,coexact,coexact,random_tangent,metaphor_shift,metaphor_05,7,semantic_margin_delta,odd,0.625,1,0.7660922923668665,0.012794188262199763,0.02524086455957211,3,0.25,1.0,2,"16,17",0.6111111111111112,8,8
8,16,matched_betti,0.5,max_full_branch_node_speed,all_interior,coexact,coexact,random_tangent,ontology_collapse,ontology_01,7,semantic_margin_delta,odd,0.625,1,0.5102256836045779,0.053733051050508004,0.15723675028850395,3,0.25,1.0,2,"19,20",0.6290322580645161,8,8
8,16,matched_betti,0.5,max_full_branch_node_speed,all_interior,coexact,coexact,random_tangent,ontology_collapse,ontology_02,7,semantic_margin_delta,odd,0.625,1,-0.9009372829019759,0.025514258957996836,0.0427761477613922,3,0.25,1.0,2,"17,18",0.625,8,8
8,16,matched_betti,0.5,max_full_branch_node_speed,all_interior,coexact,coexact,random_tangent,ontology_collapse,ontology_03,7,semantic_margin_delta,odd,0.625,1,0.17422346928712018,0.005919454682519271,0.05129957956222964,3,0.25,1.0,3,"17,18,19",0.6206896551724138,8,8
8,16,matched_betti,0.5,max_full_branch_node_speed,all_interior,coexact,coexact,random_tangent,ontology_collapse,ontology_04,7,semantic_margin_delta,odd,0.625,1,-0.18143026058031594,0.03364167246469567,0.26992989242094656,3,0.25,1.0,3,"17,18,19",0.6206896551724138,8,8
8,16,matched_betti,0.5,max_full_branch_node_speed,all_interior,coexact,coexact,random_tangent,ontology_collapse,ontology_05,7,semantic_margin_delta,odd,0.625,1,0.08720838856427114,0.02178388190202773,0.3532948863448027,3,0.25,1.0,2,"17,18",0.625,8,8
8,16,matched_betti,0.5,max_full_branch_node_speed,all_interior,coexact,coexact,random_tangent,identity_stress,identity_01,8,semantic_margin_delta,odd,0.7083333333333334,1,-0.403161444417107,0.0025560900704652326,0.009584913143019406,3,0.25,1.0,3,"23,24,25",0.7058823529411765,8,8
8,16,matched_betti,0.5,max_full_branch_node_speed,all_interior,coexact,coexact,random_tangent,identity_stress,identity_02,8,semantic_margin_delta,odd,0.7083333333333334,1,-0.13660598413173103,0.008440777548749225,0.09301156570052908,3,0.25,1.0,3,"21,22,23",0.7096774193548386,8,8
8,16,matched_betti,0.5,max_full_branch_node_speed,all_interior,coexact,coexact,random_tangent,identity_stress,identity_03,8,semantic_margin_delta,odd,0.7083333333333334,1,0.48683698405834,0.001779525987945034,0.005526181075514205,3,0.25,1.0,2,"21,22",0.6935483870967744,8,8
8,16,matched_betti,0.5,max_full_branch_node_speed,all_interior,coexact,coexact,random_tangent,identity_stress,identity_04,8,semantic_margin_delta,odd,0.7083333333333334,1,0.17688716888058748,0.04381151636323257,0.3506782662829653,3,0.25,1.0,2,"19,20",0.6964285714285715,8,8
8,16,matched_betti,0.5,max_full_branch_node_speed,all_interior,coexact,coexact,random_tangent,identity_stress,identity_05,8,semantic_margin_delta,odd,0.7083333333333334,1,-0.6127850250952682,0.04777009362900544,0.11704783726171834,3,0.25,1.0,2,"19,20",0.6964285714285715,8,8
8,16,matched_betti,0.5,max_full_branch_node_speed,all_interior,coexact,coexact,random_tangent,literal_stable,literal_01,8,semantic_margin_delta,odd,0.7083333333333334,1,-0.11267888426012265,0.010626943501144967,0.1411582661360787,3,0.25,1.0,3,"22,23,24",0.6969696969696969,8,8
8,16,matched_betti,0.5,max_full_branch_node_speed,all_interior,coexact,coexact,random_tangent,literal_stable,literal_02,8,semantic_margin_delta,odd,0.7083333333333334,1,0.5017009718672255,0.04824817232564721,0.14388130464304574,3,0.25,1.0,2,"19,20",0.6964285714285715,8,8
8,16,matched_betti,0.5,max_full_branch_node_speed,all_interior,coexact,coexact,random_tangent,literal_stable,literal_03,8,semantic_margin_delta,odd,0.7083333333333334,1,-0.11790289681937262,0.00801962222040896,0.10229540562262796,3,0.25,1.0,3,"18,19,20",0.7037037037037037,8,8
8,16,matched_betti,0.5,max_full_branch_node_speed,all_interior,coexact,coexact,random_tangent,literal_stable,literal_04,8,semantic_margin_delta,odd,0.7083333333333334,1,-0.06819386165144425,0.07403675111809148,0.8539927939452535,3,0.25,1.0,2,"17,18",0.6999999999999998,8,8
8,16,matched_betti,0.5,max_full_branch_node_speed,all_interior,coexact,coexact,random_tangent,literal_stable,literal_05,8,semantic_margin_delta,odd,0.7083333333333334,1,-0.37830961713979816,0.002861339839714816,0.011434169860037709,3,0.25,1.0,2,"18,19",0.7115384615384613,8,8
8,16,matched_betti,0.5,max_full_branch_node_speed,all_interior,coexact,coexact,random_tangent,metaphor_shift,metaphor_01,8,semantic_margin_delta,odd,0.7083333333333334,1,0.6797161217812999,0.01679128645791448,0.037321981167675454,3,0.25,1.0,3,"23,24,25",0.7058823529411765,8,8
8,16,matched_betti,0.5,max_full_branch_node_speed,all_interior,coexact,coexact,random_tangent,metaphor_shift,metaphor_02,8,semantic_margin_delta,odd,0.7083333333333334,1,-0.7039321022991063,0.02292725896444155,0.049182029808725866,3,0.25,1.0,2,"20,21",0.7068965517241379,8,8
8,16,matched_betti,0.5,max_full_branch_node_speed,all_interior,coexact,coexact,random_tangent,metaphor_shift,metaphor_03,8,semantic_margin_delta,odd,0.7083333333333334,1,-0.20871825943176878,0.043607782057850666,0.3012050660438869,3,0.25,1.0,3,"20,21,22",0.6999999999999998,8,8
8,16,matched_betti,0.5,max_full_branch_node_speed,all_interior,coexact,coexact,random_tangent,metaphor_shift,metaphor_04,8,semantic_margin_delta,odd,0.7083333333333334,1,0.11736251628156136,0.07731420945299691,0.7056732584175043,3,0.25,1.0,2,"19,20",0.6964285714285715,8,8
8,16,matched_betti,0.5,max_full_branch_node_speed,all_interior,coexact,coexact,random_tangent,metaphor_shift,metaphor_05,8,semantic_margin_delta,odd,0.7083333333333334,1,-0.3873132869270717,0.02956587916003558,0.11464793406279934,3,0.25,1.0,3,"18,19,20",0.7037037037037037,8,8
8,16,matched_betti,0.5,max_full_branch_node_speed,all_interior,coexact,coexact,random_tangent,ontology_collapse,ontology_01,8,semantic_margin_delta,odd,0.7083333333333334,1,-0.03834240680333695,0.12680974687947133,0.9805819115780688,3,0.25,1.0,3,"21,22,23",0.7096774193548386,8,8
8,16,matched_betti,0.5,max_full_branch_node_speed,all_interior,coexact,coexact,random_tangent,ontology_collapse,ontology_02,8,semantic_margin_delta,odd,0.7083333333333334,1,0.746667405547568,0.006296179980582962,0.012747517679157295,3,0.25,1.0,2,"19,20",0.6964285714285715,8,8
8,16,matched_betti,0.5,max_full_branch_node_speed,all_interior,coexact,coexact,random_tangent,ontology_collapse,ontology_03,8,semantic_margin_delta,odd,0.7083333333333334,1,-0.01786708127999091,0.04559812851532338,0.9680163565998485,3,0.25,1.0,2,"20,21",0.7068965517241379,8,8
8,16,matched_betti,0.5,max_full_branch_node_speed,all_interior,coexact,coexact,random_tangent,ontology_collapse,ontology_04,8,semantic_margin_delta,odd,0.7083333333333334,1,-0.2173940792539885,0.02939640559385173,0.20029335604329251,3,0.25,1.0,2,"20,21",0.7068965517241379,8,8
8,16,matched_betti,0.5,max_full_branch_node_speed,all_interior,coexact,coexact,random_tangent,ontology_collapse,ontology_05,8,semantic_margin_delta,odd,0.7083333333333334,1,-0.8271138453731747,0.01364726305278768,0.02493768644467375,3,0.25,1.0,1,19,0.6785714285714285,8,8
8,16,matched_betti,0.5,max_full_branch_node_speed,all_interior,coexact,coexact,random_tangent,identity_stress,identity_01,9,semantic_margin_delta,odd,0.7916666666666666,1,-0.3520235241079266,0.0023834804897298278,0.01023594947582786,3,0.25,1.0,3,"26,27,28",0.7941176470588235,8,8
8,16,matched_betti,0.5,max_full_branch_node_speed,all_interior,coexact,coexact,random_tangent,identity_stress,identity_02,9,semantic_margin_delta,odd,0.7916666666666666,1,0.06011389928863116,0.05436722663593079,0.80716679018575,3,0.25,1.0,2,"24,25",0.7903225806451614,8,8
8,16,matched_betti,0.5,max_full_branch_node_speed,all_interior,coexact,coexact,random_tangent,identity_stress,identity_03,9,semantic_margin_delta,odd,0.7916666666666666,1,0.42151902269526853,0.0018404703916852963,0.006601052178989684,3,0.25,1.0,2,"24,25",0.7903225806451614,8,8
8,16,matched_betti,0.5,max_full_branch_node_speed,all_interior,coexact,coexact,random_tangent,identity_stress,identity_04,9,semantic_margin_delta,odd,0.7916666666666666,1,0.1376791511646784,0.046891769275295266,0.45779362789234496,3,0.25,1.0,3,"21,22,23",0.7857142857142857,8,8
8,16,matched_betti,0.5,max_full_branch_node_speed,all_interior,coexact,coexact,random_tangent,identity_stress,identity_05,9,semantic_margin_delta,odd,0.7916666666666666,1,0.4264067996560171,0.007074173947553677,0.025074138374007564,3,0.25,1.0,3,"21,22,23",0.7857142857142857,8,8
8,16,matched_betti,0.5,max_full_branch_node_speed,all_interior,coexact,coexact,random_tangent,literal_stable,literal_01,9,semantic_margin_delta,odd,0.7916666666666666,1,0.3321995347427918,0.07625044943446349,0.32784109413139834,3,0.25,1.0,2,"25,26",0.7727272727272728,8,8
8,16,matched_betti,0.5,max_full_branch_node_speed,all_interior,coexact,coexact,random_tangent,literal_stable,literal_02,9,semantic_margin_delta,odd,0.7916666666666666,1,0.24956185001422743,0.025939644428995882,0.1552385834300076,3,0.25,1.0,1,21,0.75,8,8
8,16,matched_betti,0.5,max_full_branch_node_speed,all_interior,coexact,coexact,random_tangent,literal_stable,literal_03,9,semantic_margin_delta,odd,0.7916666666666666,1,0.7086124966277229,0.035409676980125836,0.07533352306768308,3,0.25,1.0,2,"21,22",0.7962962962962963,8,8
8,16,matched_betti,0.5,max_full_branch_node_speed,all_interior,coexact,coexact,random_tangent,literal_stable,literal_04,9,semantic_margin_delta,odd,0.7916666666666666,1,0.9079618693178108,0.0016676404684557947,0.0027767968770215042,3,0.25,1.0,2,"19,20",0.7799999999999999,8,8
8,16,matched_betti,0.5,max_full_branch_node_speed,all_interior,coexact,coexact,random_tangent,literal_stable,literal_05,9,semantic_margin_delta,odd,0.7916666666666666,1,-1.03772616525911,0.02682092050847196,0.03904546318311541,3,0.25,1.0,2,"20,21",0.7884615384615387,8,8
8,16,matched_betti,0.5,max_full_branch_node_speed,all_interior,coexact,coexact,random_tangent,metaphor_shift,metaphor_01,9,semantic_margin_delta,odd,0.7916666666666666,1,-0.8700927385331528,0.04734057485331518,0.08198126155173927,3,0.25,1.0,3,"26,27,28",0.7941176470588235,8,8
8,16,matched_betti,0.5,max_full_branch_node_speed,all_interior,coexact,coexact,random_tangent,metaphor_shift,metaphor_02,9,semantic_margin_delta,odd,0.7916666666666666,1,-0.08065441299532858,0.014825569568761411,0.2677564351903553,3,0.25,1.0,3,"22,23,24",0.7931034482758621,8,8
8,16,matched_betti,0.5,max_full_branch_node_speed,all_interior,coexact,coexact,random_tangent,metaphor_shift,metaphor_03,9,semantic_margin_delta,odd,0.7916666666666666,1,-0.19292912674372203,0.018331139992371435,0.14218946165130716,3,0.25,1.0,2,"23,24",0.7833333333333335,8,8
8,16,matched_betti,0.5,max_full_branch_node_speed,all_interior,coexact,coexact,random_tangent,metaphor_shift,metaphor_04,9,semantic_margin_delta,odd,0.7916666666666666,1,-0.3508108566643123,0.01699762586243137,0.07305738282529581,3,0.25,1.0,3,"21,22,23",0.7857142857142857,8,8
8,16,matched_betti,0.5,max_full_branch_node_speed,all_interior,coexact,coexact,random_tangent,metaphor_shift,metaphor_05,9,semantic_margin_delta,odd,0.7916666666666666,1,0.4268562688161944,0.06354525975549942,0.21957472016748553,3,0.25,1.0,2,"21,22",0.7962962962962963,8,8
8,16,matched_betti,0.5,max_full_branch_node_speed,all_interior,coexact,coexact,random_tangent,ontology_collapse,ontology_01,9,semantic_margin_delta,odd,0.7916666666666666,1,-0.021613963847070754,0.018624020113675758,0.7932385421880793,3,0.25,1.0,2,"24,25",0.7903225806451614,8,8
8,16,matched_betti,0.5,max_full_branch_node_speed,all_interior,coexact,coexact,random_tangent,ontology_collapse,ontology_02,9,semantic_margin_delta,odd,0.7916666666666666,1,-0.6888211116319338,0.016408198298318362,0.035990175665798825,3,0.25,1.0,3,"21,22,23",0.7857142857142857,8,8
8,16,matched_betti,0.5,max_full_branch_node_speed,all_interior,coexact,coexact,random_tangent,ontology_collapse,ontology_03,9,semantic_margin_delta,odd,0.7916666666666666,1,0.5545469152119382,0.056969369067616224,0.15347514924610964,3,0.25,1.0,3,"22,23,24",0.7931034482758621,8,8
8,16,matched_betti,0.5,max_full_branch_node_speed,all_interior,coexact,coexact,random_tangent,ontology_collapse,ontology_04,9,semantic_margin_delta,odd,0.7916666666666666,1,0.010432808293875648,0.010845172250728627,0.8436903517916138,3,0.25,1.0,3,"22,23,24",0.7931034482758621,8,8
8,16,matched_betti,0.5,max_full_branch_node_speed,all_interior,coexact,coexact,random_tangent,ontology_collapse,ontology_05,9,semantic_margin_delta,odd,0.7916666666666666,1,0.7600004762759005,0.03323151138077317,0.06596298588520408,3,0.25,1.0,3,"21,22,23",0.7857142857142857,8,8
8,16,matched_betti,0.5,max_full_branch_node_speed,all_interior,coexact,coexact,random_tangent,identity_stress,identity_01,10,semantic_margin_delta,odd,0.875,1,0.2880622520640652,0.04009761276224101,0.20593633949247522,3,0.25,1.0,3,"29,30,31",0.8823529411764706,8,8
8,16,matched_betti,0.5,max_full_branch_node_speed,all_interior,coexact,coexact,random_tangent,identity_stress,identity_02,10,semantic_margin_delta,odd,0.875,1,-0.8590733503372997,0.03664289211471828,0.06435307818667331,3,0.25,1.0,1,26,0.8387096774193549,8,8
8,16,matched_betti,0.5,max_full_branch_node_speed,all_interior,coexact,coexact,random_tangent,identity_stress,identity_03,10,semantic_margin_delta,odd,0.875,1,-0.4677100241264343,0.016346985155693022,0.052767496695079553,3,0.25,1.0,3,"26,27,28",0.8709677419354839,8,8
8,16,matched_betti,0.5,max_full_branch_node_speed,all_interior,coexact,coexact,random_tangent,identity_stress,identity_04,10,semantic_margin_delta,odd,0.875,1,0.8583034134587797,0.0743901856878532,0.12992388320052775,3,0.25,1.0,1,24,0.8571428571428571,8,8
8,16,matched_betti,0.5,max_full_branch_node_speed,all_interior,coexact,coexact,random_tangent,identity_stress,identity_05,10,semantic_margin_delta,odd,0.875,1,0.42713799203423297,0.019475432697131242,0.06877023125561373,3,0.25,1.0,2,"24,25",0.875,8,8
8,16,matched_betti,0.5,max_full_branch_node_speed,all_interior,coexact,coexact,random_tangent,literal_stable,literal_01,10,semantic_margin_delta,odd,0.875,1,-0.2600689623634057,0.03478204145162876,0.19818752581366395,3,0.25,1.0,2,"29,30",0.8939393939393939,8,8
8,16,matched_betti,0.5,max_full_branch_node_speed,all_interior,coexact,coexact,random_tangent,literal_stable,literal_02,10,semantic_margin_delta,odd,0.875,1,0.9612821519983864,0.0533259119974647,0.08357499066634816,3,0.25,1.0,2,"24,25",0.875,8,8
8,16,matched_betti,0.5,max_full_branch_node_speed,all_interior,coexact,coexact,random_tangent,literal_stable,literal_03,10,semantic_margin_delta,odd,0.875,1,0.7830293927572785,0.002998683362275872,0.0057897023584797536,3,0.25,1.0,2,"23,24",0.8703703703703703,8,8
8,16,matched_betti,0.5,max_full_branch_node_speed,all_interior,coexact,coexact,random_tangent,literal_stable,literal_04,10,semantic_margin_delta,odd,0.875,1,-0.5358135475106378,0.05213733781014226,0.14554484169054469,3,0.25,1.0,2,"21,22",0.86,8,8
8,16,matched_betti,0.5,max_full_branch_node_speed,all_interior,coexact,coexact,random_tangent,literal_stable,literal_05,10,semantic_margin_delta,odd,0.875,1,0.4737827516110655,0.07721847765828906,0.23925075757319714,3,0.25,1.0,2,"22,23",0.8653846153846154,8,8
8,16,matched_betti,0.5,max_full_branch_node_speed,all_interior,coexact,coexact,random_tangent,metaphor_shift,metaphor_01,10,semantic_margin_delta,odd,0.875,1,0.25971484994031274,0.010216750787621926,0.059369072052593876,3,0.25,1.0,3,"29,30,31",0.8823529411764706,8,8
8,16,matched_betti,0.5,max_full_branch_node_speed,all_interior,coexact,coexact,random_tangent,metaphor_shift,metaphor_02,10,semantic_margin_delta,odd,0.875,1,-0.409561791533205,0.11182282509392917,0.3815546090095587,3,0.25,1.0,1,26,0.896551724137931,8,8
8,16,matched_betti,0.5,max_full_branch_node_speed,all_interior,coexact,coexact,random_tangent,metaphor_shift,metaphor_03,10,semantic_margin_delta,odd,0.875,1,-0.16749641958171124,0.06374121176870881,0.4986936129807053,3,0.25,1.0,2,"25,27",0.8666666666666667,8,8
8,16,matched_betti,0.5,max_full_branch_node_speed,all_interior,coexact,coexact,random_tangent,metaphor_shift,metaphor_04,10,semantic_margin_delta,odd,0.875,1,-1.4016589179327188,0.041637805323946175,0.0448661604561791,3,0.25,1.0,2,"24,25",0.875,8,8
8,16,matched_betti,0.5,max_full_branch_node_speed,all_interior,coexact,coexact,random_tangent,metaphor_shift,metaphor_05,10,semantic_margin_delta,odd,0.875,1,-0.3227434774158229,0.007029165448783934,0.03290955096956833,3,0.25,1.0,2,"23,24",0.8703703703703703,8,8
8,16,matched_betti,0.5,max_full_branch_node_speed,all_interior,coexact,coexact,random_tangent,ontology_collapse,ontology_01,10,semantic_margin_delta,odd,0.875,1,-0.20908844364618334,0.029717999579775174,0.21008665895266074,3,0.25,1.0,3,"26,27,28",0.8709677419354839,8,8
8,16,matched_betti,0.5,max_full_branch_node_speed,all_interior,coexact,coexact,random_tangent,ontology_collapse,ontology_02,10,semantic_margin_delta,odd,0.875,1,0.1468401611182688,0.04326097873482543,0.4068768174494985,3,0.25,1.0,2,"24,25",0.875,8,8
8,16,matched_betti,0.5,max_full_branch_node_speed,all_interior,coexact,coexact,random_tangent,ontology_collapse,ontology_03,10,semantic_margin_delta,odd,0.875,1,-0.023998823724420255,0.00381218930444424,0.23351740902119522,3,0.25,1.0,2,"25,26",0.8793103448275862,8,8
8,16,matched_betti,0.5,max_full_branch_node_speed,all_interior,coexact,coexact,random_tangent,ontology_collapse,ontology_04,10,semantic_margin_delta,odd,0.875,1,0.36732472251455134,0.013039255214820028,0.053590654715089885,3,0.25,1.0,2,"25,26",0.8793103448275862,8,8
8,16,matched_betti,0.5,max_full_branch_node_speed,all_interior,coexact,coexact,random_tangent,ontology_collapse,ontology_05,10,semantic_margin_delta,odd,0.875,1,-0.6867583985111638,0.007670741907344138,0.016884276272632417,3,0.25,1.0,2,"24,25",0.875,8,8
8,16,matched_betti,0.5,max_full_branch_node_speed,all_interior,coexact,coexact,random_tangent,identity_stress,identity_01,11,semantic_margin_delta,odd,0.9583333333333334,1,0.3919221774300138,0.012351624200166843,0.04759296761704883,3,0.25,1.0,2,"32,33",0.9558823529411763,8,8
8,16,matched_betti,0.5,max_full_branch_node_speed,all_interior,coexact,coexact,random_tangent,identity_stress,identity_02,11,semantic_margin_delta,odd,0.9583333333333334,1,-0.20321410318760488,0.24209561070338106,0.8742861285587872,3,0.25,1.0,1,30,0.967741935483871,8,8
8,16,matched_betti,0.5,max_full_branch_node_speed,all_interior,coexact,coexact,random_tangent,identity_stress,identity_03,11,semantic_margin_delta,odd,0.9583333333333334,1,-0.8297365159532284,0.04152650023844814,0.07544951088217518,3,0.25,1.0,1,29,0.9354838709677419,8,8
8,16,matched_betti,0.5,max_full_branch_node_speed,all_interior,coexact,coexact,random_tangent,identity_stress,identity_04,11,semantic_margin_delta,odd,0.9583333333333334,1,-0.3726714521506848,0.00984305647320233,0.03989962857648697,3,0.25,1.0,1,26,0.9285714285714285,8,8
8,16,matched_betti,0.5,max_full_branch_node_speed,all_interior,coexact,coexact,random_tangent,identity_stress,identity_05,11,semantic_margin_delta,odd,0.9583333333333334,1,0.3022292789930656,0.04027055682955234,0.19748044528382,3,0.25,1.0,2,"26,27",0.9464285714285715,8,8
8,16,matched_betti,0.5,max_full_branch_node_speed,all_interior,coexact,coexact,random_tangent,literal_stable,literal_01,11,semantic_margin_delta,odd,0.9583333333333334,1,0.08572281583727313,0.12464400552615494,0.9102455387670058,3,0.25,1.0,1,32,0.9696969696969697,8,8
8,16,matched_betti,0.5,max_full_branch_node_speed,all_interior,coexact,coexact,random_tangent,literal_stable,literal_02,11,semantic_margin_delta,odd,0.9583333333333334,1,-0.060414864088193895,0.04702509101351109,0.7620244808567886,3,0.25,1.0,2,"26,27",0.9464285714285715,8,8
8,16,matched_betti,0.5,max_full_branch_node_speed,all_interior,coexact,coexact,random_tangent,literal_stable,literal_03,11,semantic_margin_delta,odd,0.9583333333333334,1,-0.3739510035795264,0.04745506112299671,0.18842102516269532,3,0.25,1.0,1,25,0.9259259259259259,8,8
8,16,matched_betti,0.5,max_full_branch_node_speed,all_interior,coexact,coexact,random_tangent,literal_stable,literal_04,11,semantic_margin_delta,odd,0.9583333333333334,1,0.5497793083773586,0.012455840766829342,0.03423268858278693,3,0.25,1.0,2,"23,24",0.94,8,8
8,16,matched_betti,0.5,max_full_branch_node_speed,all_interior,coexact,coexact,random_tangent,literal_stable,literal_05,11,semantic_margin_delta,odd,0.9583333333333334,1,0.4464202127343258,0.07213941580975632,0.23732907497506855,3,0.25,1.0,1,25,0.9615384615384616,8,8
8,16,matched_betti,0.5,max_full_branch_node_speed,all_interior,coexact,coexact,random_tangent,metaphor_shift,metaphor_01,11,semantic_margin_delta,odd,0.9583333333333334,1,0.015045918580324457,0.02695471203594753,0.938102912604464,3,0.25,1.0,1,32,0.9411764705882352,8,8
8,16,matched_betti,0.5,max_full_branch_node_speed,all_interior,coexact,coexact,random_tangent,metaphor_shift,metaphor_02,11,semantic_margin_delta,odd,0.9583333333333334,1,0.17135098033532042,0.07510138001165625,0.552369491828161,3,0.25,1.0,2,"27,28",0.9482758620689656,8,8
8,16,matched_betti,0.5,max_full_branch_node_speed,all_interior,coexact,coexact,random_tangent,metaphor_shift,metaphor_03,11,semantic_margin_delta,odd,0.9583333333333334,1,0.06765862937339003,0.021351661334662753,0.4306107130643441,3,0.25,1.0,2,"28,29",0.9499999999999998,8,8
8,16,matched_betti,0.5,max_full_branch_node_speed,all_interior,coexact,coexact,random_tangent,metaphor_shift,metaphor_04,11,semantic_margin_delta,odd,0.9583333333333334,1,-1.370033259469591,0.026144770800224818,0.028839254047055913,3,0.25,1.0,1,26,0.9285714285714285,8,8
8,16,matched_betti,0.5,max_full_branch_node_speed,all_interior,coexact,coexact,random_tangent,metaphor_shift,metaphor_05,11,semantic_margin_delta,odd,0.9583333333333334,1,-0.3017029866351315,0.006344920137528752,0.03177884547744496,3,0.25,1.0,2,"25,26",0.9444444444444443,8,8
8,16,matched_betti,0.5,max_full_branch_node_speed,all_interior,coexact,coexact,random_tangent,ontology_collapse,ontology_01,11,semantic_margin_delta,odd,0.9583333333333334,1,0.7811888204972856,0.012444254616015976,0.02407675345502651,3,0.25,1.0,2,"29,30",0.9516129032258065,8,8
8,16,matched_betti,0.5,max_full_branch_node_speed,all_interior,coexact,coexact,random_tangent,ontology_collapse,ontology_02,11,semantic_margin_delta,odd,0.9583333333333334,1,-0.07093299717810415,0.08612812043869152,0.878157787184488,3,0.25,1.0,2,"26,27",0.9464285714285715,8,8
8,16,matched_betti,0.5,max_full_branch_node_speed,all_interior,coexact,coexact,random_tangent,ontology_collapse,ontology_03,11,semantic_margin_delta,odd,0.9583333333333334,1,-0.28847039996037555,0.034175160171836,0.17630454005912033,3,0.25,1.0,2,"27,28",0.9482758620689656,8,8
8,16,matched_betti,0.5,max_full_branch_node_speed,all_interior,coexact,coexact,random_tangent,ontology_collapse,ontology_04,11,semantic_margin_delta,odd,0.9583333333333334,1,0.011199113305503536,0.03232676052260706,0.974736905917065,3,0.25,1.0,2,"27,28",0.9482758620689656,8,8
8,16,matched_betti,0.5,max_full_branch_node_speed,all_interior,coexact,coexact,random_tangent,ontology_collapse,ontology_05,11,semantic_margin_delta,odd,0.9583333333333334,1,0.03164455591592142,0.019762587565526256,0.6865227130485441,3,0.25,1.0,2,"26,27",0.9464285714285715,8,8
