node_index,prompt_id,family,token_index,prefix_length,token_count,relative_position,position_bin,recovery_status,distance_supported,target_norm,prediction_norm,recovery_cosine,nearest_cosine,nearest_distance,eighth_distance,resultant_fraction,cancellation_fraction,pairwise_agreement,effective_contributors,max_contribution_share,inactive_donors,unique_donor_prompts,largest_donor_prompt_mass,weighted_token_gap,weighted_relative_gap,same_position_bin_mass,geometric_mass_early,contribution_mass_early,geometric_mass_middle,contribution_mass_middle,geometric_mass_late,contribution_mass_late
0,fresh_identity_01,identity_stress,1,2,33,0.03125,early,DEFINED,True,0.36476931639129095,0.17764260173116378,0.4182689607783766,0.21419513084209163,0.17848011539087297,0.28467839882412416,0.4597947281985663,0.5402052718014336,0.08619105522649188,7.297619757822464,0.2064364064173507,0,8,0.14637246404061513,0.11613300460782129,0.006866588113606773,1.0,1.0,1.0,0.0,0.0,0.0,0.0
1,fresh_identity_01,identity_stress,2,3,33,0.0625,early,DEFINED,True,0.6979875757308471,0.2451453630591241,0.1978832231959052,-0.15235182223941973,0.1597391306205405,0.28304315647515865,0.42096183708940343,0.5790381629105965,0.05002006310878265,7.469053078766806,0.19615622914588438,0,7,0.25989328121506045,0.7973344677260494,0.03359578968625564,1.0,1.0,1.0,0.0,0.0,0.0,0.0
2,fresh_identity_01,identity_stress,3,4,33,0.09375,early,DEFINED,True,0.594670312612069,0.2653889107667379,0.1042033603560175,0.23666667102032973,0.2612009384380543,0.3301607294243812,0.5109815317172974,0.48901846828270257,0.12566450181533453,6.4556322884599915,0.27754879471652033,0,7,0.26357127006059244,1.866387771730392,0.0649592505769771,0.9999999999999999,0.9999999999999999,1.0,0.0,0.0,0.0,0.0
3,fresh_identity_01,identity_stress,4,5,33,0.125,early,DEFINED,True,0.805578977233526,0.24292868773598192,0.33540269162046754,0.035407605208336766,0.1747758566810221,0.28787058824644657,0.5069155500975718,0.49308444990242817,0.1441538848877452,7.586649977640979,0.18109591560256103,0,7,0.24070719805847574,2.9704448965349375,0.10334635283255775,0.6660674449143413,0.6660674449143413,0.6347041158599961,0.33393255508565856,0.36529588414000386,0.0,0.0
4,fresh_identity_01,identity_stress,5,6,33,0.15625,early,DEFINED,True,0.3895093260881728,0.25509515585336706,0.21249238038938859,0.3153091487439094,0.11101043502536047,0.27659986302903933,0.5105657751696034,0.48943422483039656,0.14201456472087154,7.230447134995356,0.22116892579999425,0,6,0.23356834463592469,3.46745185054071,0.1277566960107795,0.6210951692143647,0.6210951692143647,0.6644902425378065,0.3789048307856353,0.33550975746219336,0.0,0.0
5,fresh_identity_01,identity_stress,6,7,33,0.1875,early,DEFINED,True,0.2977441487752567,0.2557034056877901,0.02518223169847836,0.22528699615415335,0.17444052782303854,0.3008293935882511,0.5225371356909059,0.4774628643090941,0.047080488797564435,4.217119143162179,0.4306512547598314,0,6,0.2678543496306337,5.366418502041061,0.177777836936864,0.6583067483846253,0.6583067483846253,0.7879066675143157,0.11126240527615863,0.08410447537696956,0.230430846339216,0.12798885710871494
6,fresh_identity_01,identity_stress,7,8,33,0.21875,early,DEFINED,True,0.8392832851678835,0.18110854866489334,-0.0189609644998032,0.06424733552427013,0.20244425644631864,0.2818207874977117,0.35860623230786365,0.6413937676921364,-0.035986249771149954,6.294548509348372,0.20092580934675516,0,8,0.13760361698919762,4.916371304150582,0.16106623184685723,0.6152533843347935,0.6152533843347935,0.6866246376152804,0.3847466156652065,0.3133753623847197,0.0,0.0
7,fresh_identity_01,identity_stress,8,9,33,0.25,early,DEFINED,True,1.3829658621653462,0.2734331807384294,-0.022673436940266134,0.304478100293672,0.2974041247993295,0.3364503190041025,0.3446961740709989,0.6553038259290012,-0.03051458559008372,6.900919596137282,0.19520416325867038,0,6,0.25439373326638415,5.052562420318749,0.16046459438694793,0.7507775951118979,0.7507775951118979,0.8269629010176965,0.11908595073893315,0.08815852912064137,0.13013645414916888,0.08487856986166205
8,fresh_identity_01,identity_stress,9,10,33,0.28125,early,DEFINED,True,0.8109511926194278,0.1982685284891854,0.22538434752673994,0.22248255195975716,0.20237061569774076,0.25968317263320606,0.5093072117744727,0.4906927882255273,0.14860299261259302,7.684723589254662,0.15746289585289147,0,6,0.26142894502685554,7.966032041277902,0.25416126383975685,0.24517891655372923,0.24517891655372923,0.30413515414370196,0.49339213841941515,0.4968555544064541,0.26142894502685554,0.19900929144984392
9,fresh_identity_01,identity_stress,10,11,33,0.3125,early,DEFINED,True,0.6901285829695704,0.33305091210480686,0.02252133231624866,0.017277110735932782,0.2564080139550619,0.32674855939380953,0.5490955724868848,0.4509044275131152,0.0826446419181202,4.191491751824786,0.4356260555979987,0,7,0.27856314320008313,8.080180993965342,0.2816597264208993,0.26531491340795466,0.26531491340795466,0.13636828263666273,0.2590185513484192,0.5594464015974253,0.47566653524362623,0.3041853157659119
10,fresh_identity_01,identity_stress,11,12,33,0.34375,middle,INACTIVE_TARGET,True,0.0,0.02976759488774201,,,0.07092789357474497,0.13984966309588528,0.5810244170976097,0.41897558290239034,-0.012585145767713222,2.891658560904933,0.3945422276944744,4,8,0.1297305645482588,2.7567143948297437,0.08829309002880906,0.5051221812085926,0.49487781879140724,0.6242132448025628,0.5051221812085926,0.3757867551974373,0.0,0.0
11,fresh_identity_01,identity_stress,12,13,33,0.375,middle,DEFINED,True,0.0056342346058270345,0.33548709158826495,-0.3268346426921794,0.01907470212976564,0.05349619650108229,0.3205984362907518,0.5131231945131245,0.4868768054868755,0.07047122872585197,4.820602643756013,0.31529733082862754,1,6,0.2602111920836284,4.101167020726532,0.13527052371618858,0.34042496240455333,0.5428618192001223,0.43869426128092054,0.34042496240455333,0.47411669929964684,0.1167132183953244,0.0871890394194327
12,fresh_identity_01,identity_stress,13,14,33,0.40625,middle,DEFINED,True,0.2693634014512369,0.40678341270534957,0.09843421103858059,0.45243105652241555,0.20631034651433464,0.27708578187687166,0.4856495948068651,0.5143504051931349,0.07693471967817836,5.8083348847279535,0.2756895338356914,0,6,0.2604093170466314,4.952047378025793,0.1616496778596174,0.63122125324061,0.12118145732028322,0.04962097753714742,0.63122125324061,0.8298133172016954,0.24759728943910675,0.12056570526115726
13,fresh_identity_01,identity_stress,14,15,33,0.4375,middle,DEFINED,True,0.39113690062883233,0.37433549232566343,-0.06138849419046156,-0.17206762213343715,0.19235162954697677,0.3232983160131075,0.5001746205289203,0.49982537947107974,0.047806582940295925,4.70525526131325,0.3292678131020443,0,7,0.29087122518823694,6.6777604499026175,0.21052921273487057,0.536708645278898,0.22344311015226895,0.15542109740830845,0.536708645278898,0.7387757755731996,0.23984824456883305,0.10580312701849204
14,fresh_identity_01,identity_stress,15,16,33,0.46875,middle,DEFINED,True,1.1917214993262226,0.36172794280310905,0.19288605400926076,0.11948953578049848,0.23477985194197337,0.34064640763929904,0.4646565325836631,0.5353434674163369,0.058607919225889205,5.984776876080409,0.25500481962539784,0,7,0.2667061804561777,7.689865388806751,0.259453737986495,0.35408282750145453,0.27533157049019996,0.16800530835754912,0.35408282750145453,0.44301836865780353,0.3705856020083456,0.38897632298464735
15,fresh_identity_01,identity_stress,16,17,33,0.5,middle,DEFINED,True,0.5527773052560626,0.1909382802552745,0.46333966972537555,0.2573381875748793,0.1905915019709523,0.23446204517594849,0.3849502895721562,0.6150497104278438,-0.04615810975903649,5.382999289271272,0.33789656529889406,0,7,0.25229514998232305,3.3129165818342274,0.11871397325847541,0.6363569245916646,0.11978611680272347,0.08384019168232329,0.6363569245916646,0.77181548090796,0.24385695860561185,0.1443443274097168
16,fresh_identity_01,identity_stress,17,18,33,0.53125,middle,DEFINED,True,0.5673051644368388,0.25953631116549203,0.4617005302056028,0.31263500176748255,0.22862085365092505,0.3750478983725313,0.35456776371045184,0.6454322362895482,-0.011224349538140168,7.384290868260941,0.17146130566666257,0,8,0.1650288245562675,8.301039815686199,0.2648313857005298,0.2474190881199701,0.12688676497420806,0.14679682961308457,0.2474190881199701,0.2888191659157892,0.6256941469058219,0.5643840044711264
17,fresh_identity_01,identity_stress,18,19,33,0.5625,middle,DEFINED,True,0.46547408938826573,0.2604612858891758,0.4903001192256418,0.4372692052110048,0.2468743787454536,0.299668986796087,0.46663490231658394,0.5333650976834161,-0.01537814247134981,4.355485646191168,0.42257989044526567,0,6,0.24888046614187181,5.0329685284093095,0.16222513366551053,0.3638010501488206,0.12421727326108326,0.04223863305120634,0.3638010501488206,0.28090707324067277,0.5119816765900961,0.676854293708121
18,fresh_identity_01,identity_stress,19,20,33,0.59375,middle,DEFINED,True,0.33445961382417455,0.1515707133771175,0.09960485654983725,0.09780550924558587,0.1386439226457179,0.19862013256776018,0.4515226101953061,0.548477389804694,0.039871336773173546,5.854395564162577,0.21539331320647695,2,8,0.13233379727567818,1.9876005968078232,0.07221777011365946,0.6218673134806877,0.0,0.0,0.6218673134806877,0.7846066867935232,0.3781326865193123,0.21539331320647695
19,fresh_identity_01,identity_stress,20,21,33,0.625,middle,INACTIVE_TARGET,True,0.0,0.3171450064706423,,,0.09828716138183363,0.13350902156761446,0.6022211832712957,0.3977788167287043,0.11702411281174853,3.5945019326342145,0.44417816910940267,2,8,0.12785925427519768,2.744503860322175,0.08353143708887839,0.3723742863353743,0.0,0.0,0.3723742863353743,0.10541274576069526,0.6276257136646257,0.8945872542393047
20,fresh_identity_01,identity_stress,21,22,33,0.65625,middle,DEFINED,True,0.13694188962774498,0.16319666433183078,0.11956817687333501,0.17436182206685916,0.20018663881366686,0.24871377420307558,0.4512321884864204,0.5487678115135797,0.061704064582516684,6.612075150007336,0.22428997714585158,0,8,0.132117251537428,10.797227794881358,0.3179151195900701,0.5172581896098521,0.48274181039014774,0.6153461796129003,0.5172581896098521,0.3846538203870997,0.0,0.0
21,fresh_identity_01,identity_stress,22,23,33,0.6875,late,DEFINED,True,0.30816328426056944,0.2205455018234387,0.32638824468491556,0.05970442269273391,0.15419265903875956,0.2975070217463683,0.4171234384518186,0.5828765615481815,0.04736925558087813,7.5233800046155945,0.16579224652433497,0,7,0.2803315263976764,5.537396339122489,0.18505047378691994,0.6432192016333655,0.230929136744312,0.26914744484292585,0.12585166162232247,0.14129309411067362,0.6432192016333655,0.5895594610464007
22,fresh_identity_01,identity_stress,23,24,33,0.71875,late,DEFINED,True,0.292221597237142,0.1463019775233851,0.13689818094624698,0.44019648395908545,0.15041078483849352,0.2002582599504178,0.36956708388732523,0.6304329161126747,0.004494159561900188,7.536819406355962,0.1774482594657341,0,7,0.2426502265511091,7.127932571940719,0.1889320300325818,0.382469132291944,0.2444428107928227,0.2840904971751178,0.37308805691523333,0.40695024740560337,0.382469132291944,0.3089592554192788
23,fresh_identity_01,identity_stress,24,25,33,0.75,late,DEFINED,True,0.4873448612293902,0.186776542961998,-0.10006465519227464,0.11238203161834345,0.17742862982675134,0.2898264183162009,0.44769229515260883,0.5523077048473912,0.03527632993443137,5.841426761671076,0.31057369246091243,0,8,0.14214557652093868,8.20884934216333,0.2004716208134314,0.5222626449293809,0.2273031808078484,0.17935054182427085,0.2504341742627707,0.20289270319070227,0.5222626449293809,0.617756754985027
24,fresh_identity_01,identity_stress,25,26,33,0.78125,late,DEFINED,True,0.6170541834917379,0.2637334179708727,0.06663099768472712,0.11551759688890238,0.12788256662544958,0.27319488890110816,0.4407284411301878,0.5592715588698123,0.026447783000547256,5.80207586508415,0.32166204666248666,0,8,0.1511604691241059,4.948045528453488,0.14470105856986812,0.7627354089095348,0.11412254780209427,0.07217180593785898,0.12314204328837086,0.11748538156633938,0.7627354089095348,0.8103428124958016
25,fresh_identity_01,identity_stress,26,27,33,0.8125,late,DEFINED,True,0.5365683861530938,0.3177900557232976,0.02844898564384503,-0.045440792791224614,0.283256005570148,0.35710557108312635,0.44744703989089424,0.5525529601091057,0.043890460793382734,6.1164238104565225,0.27737181825131496,0,8,0.14293826774570217,4.0097790845495815,0.15076970814779475,0.7677244840407775,0.0,0.0,0.23227551595922252,0.254423638857928,0.7677244840407775,0.7455763611420719
26,fresh_identity_01,identity_stress,27,28,33,0.84375,late,DEFINED,True,0.39928909304155513,0.3368830109019554,0.1406745236200625,-0.009665448946070212,0.24111029911180984,0.30998300359734177,0.5839240924140846,0.4160759075859154,0.17906656857671907,5.070595990963013,0.36918354676336784,0,8,0.1358929006816575,3.4033570171122234,0.12984382015051898,0.7387297792172461,0.0,0.0,0.26127022078275386,0.2399535448215605,0.7387297792172461,0.7600464551784395
27,fresh_identity_01,identity_stress,28,29,33,0.875,late,DEFINED,True,0.34957025061183905,0.3900392890678725,0.1069530651951278,0.07969244575995434,0.2273073470411441,0.32764144025789127,0.47943766318425407,0.5205623368157459,0.05939237783859454,5.517792768994493,0.25613012434893934,0,7,0.2689867097479119,5.787731385257496,0.17757178428772913,0.7508032358127059,0.0,0.0,0.24919676418729403,0.23863955247055968,0.7508032358127059,0.7613604475294402
28,fresh_identity_01,identity_stress,29,30,33,0.90625,late,DEFINED,True,0.7955863777748775,0.28151365653403926,-0.07064002764785797,-0.030398181710029,0.25211835663739945,0.3068757693090533,0.46191084466472243,0.5380891553352776,0.09237602956112045,7.501917410071061,0.20186911905821325,0,7,0.24681586094880303,5.4719343820757,0.13851693147082542,0.7608365486016568,0.11586060696046209,0.20186911905821325,0.12330284443788116,0.10020625928352514,0.7608365486016568,0.6979246216582616
29,fresh_identity_01,identity_stress,30,31,33,0.9375,late,DEFINED,True,0.3874288638325555,0.42038240523999026,0.3843348904007947,0.2717936783135579,0.19247156290288292,0.29529694162829273,0.5549458761507756,0.4450541238492244,0.14811419790822528,5.329258209557811,0.3508419344704284,0,8,0.14431623890667458,7.023604963117651,0.18068484361010628,0.6510072069723751,0.0,0.0,0.34899279302762476,0.5314852688566924,0.6510072069723751,0.4685147311433076
30,fresh_identity_01,identity_stress,31,32,33,0.96875,late,DEFINED,True,0.2801920458566613,0.26337413937349263,0.06697146771816674,-0.007964346858550676,0.09633847784129544,0.41292840805258474,0.3905978389738783,0.6094021610261218,-0.010113360228188237,6.209203106036178,0.259318693036389,0,7,0.23111834573985013,12.906279306136554,0.38282119914262686,0.43559241095480894,0.21912493009307699,0.16045553203350488,0.34528265895211396,0.32344304157242665,0.43559241095480894,0.5161014263940685
31,fresh_identity_02,identity_stress,1,2,32,0.03225806451612903,early,DEFINED,True,0.4134326440983479,0.16627270779492648,0.48919249014617766,0.3966147318250343,0.18662350498621294,0.2832333520395621,0.4976002171344569,0.5023997828655431,0.13427536874629373,7.638930484250424,0.18008192342592202,0,8,0.14256132636544083,0.0,0.0017250399724834213,1.0,1.0,0.9999999999999999,0.0,0.0,0.0,0.0
32,fresh_identity_02,identity_stress,2,3,32,0.06451612903225806,early,DEFINED,True,0.5784020853995634,0.24525739403310484,0.1315235527065188,0.3230798017404254,0.12713921129539266,0.31165101173224485,0.41497290520829144,0.5850270947917086,0.046772835299688884,7.599694022528652,0.16887507809329466,0,7,0.2597754156370018,0.7076650203940269,0.028042297693279164,1.0,1.0,1.0,0.0,0.0,0.0,0.0
33,fresh_identity_02,identity_stress,3,4,32,0.0967741935483871,early,DEFINED,True,0.516361317877426,0.35541661066022934,0.2960924290461652,0.015758648947094125,0.12440869626796457,0.32016537731849465,0.4267807705612065,0.5732192294387934,0.049772529072507524,7.178609330989318,0.17749005301061097,0,5,0.35733548615380994,5.909154219737794,0.21343597086498373,0.7569786253356106,0.7569786253356106,0.8444504156076917,0.10842455599950676,0.08111736063015518,0.13459681866488263,0.07443222376215305
34,fresh_identity_02,identity_stress,4,5,32,0.12903225806451613,early,DEFINED,True,0.5586748752164262,0.2820168183582133,0.30982478466192226,0.004774096882173529,0.10947465443601426,0.2663113205525983,0.5687732624003615,0.4312267375996385,0.1886352240452291,6.016000676938611,0.29905882786699095,0,6,0.2613244953174847,4.46358823472133,0.1535233383937815,0.7784281976727238,0.7784281976727238,0.8516276141593606,0.2215718023272763,0.14837238584063925,0.0,0.0
35,fresh_identity_02,identity_stress,5,6,32,0.16129032258064516,early,DEFINED,True,0.6718224663244934,0.27081883917549043,0.07749137969480706,-0.07604176040358991,0.08442094190640023,0.2595386753975497,0.5427466597294724,0.45725334027052755,0.18160340038654518,7.2443366801677564,0.19596511772560207,0,6,0.2396615314635176,2.871176620076821,0.09894602553436807,0.6185993897320796,0.6185993897320796,0.5971784113591616,0.38140061026792044,0.4028215886408384,0.0,0.0
36,fresh_identity_02,identity_stress,6,7,32,0.1935483870967742,early,DEFINED,True,0.4091189202736101,0.276237727163796,0.23682042059524588,-0.029357027245896804,0.06469798636377116,0.2818460326750142,0.5164953875862708,0.4835046124137292,0.14884525426867015,7.217932849308235,0.21245001905199756,0,6,0.23371617512228998,3.121828741293455,0.10797001407449928,0.6108186079393598,0.6108186079393598,0.6749593561362648,0.3891813920606403,0.3250406438637351,0.0,0.0
37,fresh_identity_02,identity_stress,7,8,32,0.22580645161290322,early,DEFINED,True,1.685700122739884,0.1741572810226707,0.1301881048205091,-0.0666425340632236,0.2475403392335015,0.3160024129646678,0.42623099486445365,0.5737690051355464,0.03211614051148698,6.47168416394871,0.2785901054389001,0,7,0.23916287173052153,4.7656182082033745,0.16448403428000422,0.6483776909509206,0.6483776909509206,0.5074753005771312,0.11440530312982006,0.10357133209274348,0.23721700591925943,0.38895336733012525
38,fresh_identity_02,identity_stress,8,9,32,0.25806451612903225,early,DEFINED,True,0.6586006942602144,0.2156758654951733,-0.09564536502538337,-0.2193971528037853,0.10823652306282135,0.3712193256616126,0.4344488870795744,0.5655511129204256,0.06654590394090237,7.63874483615963,0.16956553325040555,0,3,0.43860786074377917,6.57579178637209,0.21210873427913907,0.5471523625491388,0.5471523625491388,0.5559388937918937,0.2338743905844398,0.20087370849339925,0.21897324686642133,0.24318739771470713
39,fresh_identity_02,identity_stress,9,10,32,0.2903225806451613,early,DEFINED,True,0.5866321881786868,0.20083966906498213,0.2618693585202936,0.09605177942089671,0.21560412756017228,0.38401240117410346,0.5471157392559772,0.45288426074402277,0.193822417674228,7.640536651216872,0.17183713753592395,0,7,0.21895139410341308,11.711119134763571,0.4054479788525388,0.22983709500275507,0.22983709500275507,0.19000432762062097,0.27732706031312154,0.31720264904296397,0.49283584468412334,0.49279302333641506
40,fresh_identity_02,identity_stress,10,11,32,0.3225806451612903,early,DEFINED,True,0.5236257991926799,0.3373691480065345,0.2607411559431728,0.03576444959552072,0.3059727196372097,0.35851340379393254,0.4784518089243316,0.5215481910756684,0.080184379630158,6.184393020765613,0.2763178564287473,0,7,0.2564186372795096,10.033865067473254,0.33027079484767285,0.5075389759246967,0.5075389759246967,0.50829910321132,0.12968640066337905,0.0877136393683021,0.3627746234119243,0.40398725742037805
41,fresh_identity_02,identity_stress,11,12,32,0.3548387096774194,middle,DEFINED,True,0.5663739524914281,0.210329555218935,0.2460052804954115,-0.020708498310051338,0.24273859736649533,0.2846958051847709,0.427263641753075,0.5727363582469249,0.050904794310256726,7.209262052300803,0.195608143941365,0,8,0.13233622201012898,5.504624414041477,0.1838890210656013,0.2613488269434734,0.4979735027702164,0.5033105190322711,0.2613488269434734,0.3157046237608653,0.2406776702863102,0.18098485720686366
42,fresh_identity_02,identity_stress,12,13,32,0.3870967741935484,middle,DEFINED,True,1.04544186297795,0.39312068400864475,-0.1282513408211711,-0.08904838042658644,0.2878440976944052,0.31703853028511503,0.37345552430699036,0.6265444756930096,-0.057325696692308234,5.372733923287681,0.2779465359043275,0,6,0.37380596100350577,7.209502248245821,0.21763492764256065,0.1254241861251802,0.7431647953354977,0.6688155098143976,0.1254241861251802,0.07595461005279752,0.13141101853932202,0.2552298801328049
43,fresh_identity_02,identity_stress,13,14,32,0.41935483870967744,middle,INACTIVE_TARGET,True,0.0,0.05428073462136352,,,0.07792524263758818,0.1264281404228087,0.7529480440236098,0.24705195597639018,0.2372907375592621,2.3137641592701614,0.5819978133878301,5,8,0.12838035801621356,2.7328380401024766,0.09308922715357275,0.6298279803082711,0.3701720196917288,0.15372090796547178,0.6298279803082711,0.8462790920345282,0.0,0.0
44,fresh_identity_02,identity_stress,14,15,32,0.45161290322580644,middle,DEFINED,True,0.40582602939464557,0.1452394194290882,0.19096861261111603,-0.24252230758031015,0.07729194547818266,0.20897399065455838,0.4357059516111328,0.5642940483888672,0.031986741500559523,6.132374161539825,0.24799772046856444,0,8,0.13535926233769363,5.43302257935855,0.16907930752971387,0.3831728262939968,0.6168271737060032,0.8404685851358029,0.3831728262939968,0.159531414864197,0.0,0.0
45,fresh_identity_02,identity_stress,15,16,32,0.4838709677419355,middle,DEFINED,True,0.7045413379400899,0.32166007614746867,-0.04051897280785053,0.04264801292092489,0.2536966219538297,0.3464831597055636,0.4873067181968371,0.5126932818031629,0.048920704799158596,5.044252230590002,0.2943358274534461,0,7,0.24901223195953787,7.117910900402828,0.22650753595255527,0.4978730919571781,0.24223795748131755,0.19007046234152564,0.4978730919571781,0.6790090305618774,0.2598889505615043,0.1309205070965971
46,fresh_identity_02,identity_stress,16,17,32,0.5161290322580645,middle,DEFINED,True,0.5872439602247125,0.470687599741259,0.09625057819361173,0.11252799812104836,0.178939364559956,0.302175992393316,0.5440149699762201,0.4559850300237799,0.1496800359804271,5.813269125534018,0.29022215278269,0,6,0.2474046627820437,8.834047103933067,0.29803169382766925,0.1201588298629075,0.3583814354906324,0.3308654388141787,0.1201588298629075,0.16550402432737887,0.52145973464646,0.5036305368584425
47,fresh_identity_02,identity_stress,17,18,32,0.5483870967741935,middle,DEFINED,True,0.34400158990798807,0.2340882193557183,0.21499886882770727,-0.11939350622166728,0.1661033751786838,0.21474651978740747,0.4357790722838087,0.5642209277161914,0.02572128321209412,5.934134221163538,0.293674293248972,0,8,0.13214574416999986,5.297487350459916,0.17042334842421974,0.6319230888484598,0.12085155441813704,0.10532892218174907,0.6319230888484598,0.7821516221461844,0.24722535673340323,0.11251945567206653
48,fresh_identity_02,identity_stress,18,19,32,0.5806451612903226,middle,DEFINED,True,0.20497287256666766,0.33227964993978903,0.002893720323521268,0.028016539350044473,0.22257889222512675,0.31132843083916667,0.4138260486752703,0.5861739513247297,-0.017522171821049263,5.390155706976993,0.2792459131283684,0,7,0.262341463932246,5.971167338549758,0.20611625704277448,0.40112144693215035,0.3543921778783401,0.17586751135127787,0.40112144693215035,0.5902449399782805,0.2444863751895095,0.23388754867044165
49,fresh_identity_02,identity_stress,19,20,32,0.6129032258064516,middle,DEFINED,True,0.7477790158175389,0.16078076438123254,0.25802977678437505,0.025636368065133516,0.19438764469144104,0.2715646489101324,0.3605721574422517,0.6394278425577483,-0.02940209229632153,6.45739824334658,0.21802754414772124,0,7,0.23975017533791265,7.936753308346363,0.24900195269624253,0.2507329642156442,0.36244208287032714,0.43382978433195385,0.2507329642156442,0.20406980499712635,0.38682495291402863,0.36210041067091975
50,fresh_identity_02,identity_stress,20,21,32,0.6451612903225806,middle,DEFINED,True,0.3548052795247818,0.33235648350688235,0.00935885130991964,0.36996625214361334,0.26939757947608367,0.3126111555740628,0.4264242381517939,0.573575761848206,0.02090038270438946,6.0837352966725025,0.25583959288233843,0,7,0.2556210194449065,8.585090597683616,0.2678465769041921,0.6222318397170897,0.25591136113762425,0.21151243638165224,0.6222318397170897,0.6672612886472801,0.1218567991452861,0.12122627497106775
51,fresh_identity_02,identity_stress,21,22,32,0.6774193548387096,late,DEFINED,True,0.35495349620438954,0.19797362495690632,0.03399362542493063,-0.185341649360921,0.15576827053518472,0.22036910285026157,0.39534859096827957,0.6046514090317204,-0.031025267835630047,5.503915631159568,0.3288374382369765,0,8,0.13184482260838712,5.112504278981588,0.15746574288306991,0.5025196190935144,0.0,0.0,0.49748038090648555,0.6983527171606077,0.5025196190935144,0.30164728283939235
52,fresh_identity_02,identity_stress,22,23,32,0.7096774193548387,late,DEFINED,True,0.21865731329577623,0.3782810856320009,-0.01832704441101387,-0.001321255090211485,0.27011008278861653,0.3368467096488344,0.507949450177785,0.49205054982221497,0.015006370618369496,4.05336708363288,0.4248209685817664,0,6,0.3891043098054828,4.668901532008225,0.153359892995746,0.6041968690622072,0.131904449105675,0.04991275247281777,0.26389868183211784,0.2964234959587782,0.6041968690622072,0.6536637515684041
53,fresh_identity_02,identity_stress,23,24,32,0.7419354838709677,late,DEFINED,True,0.25294968375509014,0.2531049412206,0.0021025632513954327,0.23715275291155316,0.21306169608746126,0.31914158352569194,0.38402112431791263,0.6159788756820874,0.01005554375473671,7.203961375267318,0.19810342710676118,0,8,0.15044541842154494,4.595840277992879,0.1407133897208717,0.608068913002122,0.0,0.0,0.39193108699787804,0.4915254760588187,0.608068913002122,0.5084745239411812
54,fresh_identity_02,identity_stress,24,25,32,0.7741935483870968,late,INACTIVE_TARGET,True,0.0,0.2289484801537642,,,0.24312589996064773,0.340241774018942,0.44897415695119175,0.5510258430488082,0.05106557664059189,6.304700325768709,0.2151103356000806,1,8,0.14543102522794665,7.161752387207633,0.21014009798182393,0.47480833345755613,0.14161257148729087,0.0,0.38357909505515286,0.38556372127187477,0.47480833345755613,0.6144362787281252
55,fresh_identity_02,identity_stress,25,26,32,0.8064516129032258,late,DEFINED,True,0.09563301428994747,0.20540834024070953,-0.13143911124151447,0.18495846168285515,0.2858792586902821,0.3743344624045474,0.41372141490110426,0.5862785850988957,0.015711940689194858,6.331721440960227,0.2615872171354759,0,8,0.15253983678264682,4.160580671730623,0.1383611531834843,0.6304231376330256,0.0,0.0,0.3695768623669744,0.33448467356277656,0.6304231376330256,0.6655153264372233
56,fresh_identity_02,identity_stress,26,27,32,0.8387096774193549,late,DEFINED,True,0.5208967377685675,0.2790758569203112,-0.07323438291661472,-0.16224048120316684,0.25614233095506456,0.3209485752039054,0.49551143207273063,0.5044885679272694,0.1284232430159886,7.442482615074883,0.2035482380556912,0,8,0.1414666703965231,9.275719819902037,0.2707874753822161,0.5134002785282077,0.11812020220245813,0.074872396485778,0.3684795192693342,0.35265967779886354,0.5134002785282077,0.5724679257153585
57,fresh_identity_02,identity_stress,27,28,32,0.8709677419354839,late,DEFINED,True,0.5232714960372402,0.23541333861934308,0.41780318593493226,0.2603392414629484,0.15154634287735003,0.2798033349540114,0.4564136183981564,0.5435863816018436,0.07121753036428781,6.7746937429564325,0.18465678777868116,0,8,0.15234413252995638,7.624096018384481,0.20639086419797942,0.7596648789738,0.12072659585851493,0.11055709846873926,0.11960852516768519,0.004950465414152822,0.7596648789738,0.8844924361171079
58,fresh_identity_02,identity_stress,28,29,32,0.9032258064516129,late,DEFINED,False,0.15567409724179515,0.15750561990511416,0.005072425085816797,-0.03100428474267275,0.3642386900049691,0.40617406794993727,0.36371015185438565,0.6362898481456143,-0.008763389094303053,7.151892072733337,0.20681278824227936,0,6,0.2623563067127006,8.0159994216625,0.2558476006991145,0.48019309405430033,0.1381571571280442,0.11657599653430292,0.38164974881765545,0.3635953023329125,0.48019309405430033,0.5198287011327845
59,fresh_identity_02,identity_stress,29,30,32,0.9354838709677419,late,DEFINED,True,0.5364981020700823,0.1966243748981254,-0.08092815823624107,-0.28115678839022995,0.3034780877598123,0.38509134148794943,0.33758900063421027,0.6624109993657897,-0.019270883489481323,7.650046343459275,0.1564464048364919,0,8,0.14323020472166736,7.5637886409017145,0.20166158433360618,0.602684864268042,0.11967586377096136,0.1042121167614028,0.2776392719609966,0.299234844317578,0.602684864268042,0.5965530389210191
60,fresh_identity_02,identity_stress,30,31,32,0.967741935483871,late,DEFINED,True,0.3146272388974837,0.284489728884399,0.17615246147157979,0.03596755862425747,0.2822447580984811,0.3350937862610507,0.5460103315363719,0.4539896684636281,0.0908121678851036,4.385535687366648,0.4191750001618004,0,7,0.26160233556442736,11.999347435629312,0.35888619380820574,0.24584336822668734,0.12313210829169435,0.081054089963949,0.6310245234816185,0.6951784222395657,0.24584336822668734,0.22376748779648536
61,fresh_identity_03,identity_stress,1,2,33,0.03125,early,DEFINED,True,0.28226564219257877,0.1987492287732957,0.4444896318083661,0.24462572515285924,0.16974910901095386,0.2548953761218832,0.5061585345356234,0.49384146546437657,0.1367853533683108,7.228930841705647,0.21036251180834623,0,8,0.1403559505014741,0.0,0.001471657784688629,1.0,1.0,1.0000000000000002,0.0,0.0,0.0,0.0
62,fresh_identity_03,identity_stress,2,3,33,0.0625,early,DEFINED,True,0.5202725413840421,0.3146569465407517,-0.01294066540962934,0.04290346968906518,0.23837473664520445,0.2953181007869196,0.5048883264113467,0.49511167358865327,0.13568426639053818,7.249270761455634,0.2180502278046718,0,8,0.13650377236686695,0.5913187162377913,0.026196979531530145,1.0,1.0,1.0,0.0,0.0,0.0,0.0
63,fresh_identity_03,identity_stress,3,4,33,0.09375,early,DEFINED,True,1.3103574288317585,0.3106829141939636,0.27651499277327823,0.41706204567763666,0.1928643347076264,0.29374145654553063,0.45020206377795274,0.5497979362220473,0.07460588042921933,7.225350502470581,0.17787530284633807,0,8,0.14014331797597626,2.9845686017521116,0.09823146154766885,1.0,1.0,0.9999999999999999,0.0,0.0,0.0,0.0
64,fresh_identity_03,identity_stress,4,5,33,0.125,early,DEFINED,True,0.27619373464805963,0.19814511191077502,0.10766320917057923,0.5761812467042405,0.09232353517169783,0.21436195372392572,0.4635572303856177,0.5364427696143823,0.0947818053288445,7.536984274376658,0.17764968973193734,0,7,0.25114552068719465,4.956165362305493,0.17534308878282873,0.6460954982774993,0.6460954982774993,0.7132747853023542,0.3539045017225007,0.28672521469764584,0.0,0.0
65,fresh_identity_03,identity_stress,5,6,33,0.15625,early,DEFINED,True,0.26458389813805544,0.17142750862140102,0.3737311228609624,0.36216084283670114,0.2076316442690709,0.2679807998890447,0.4479676299850925,0.5520323700149075,0.07961307556497584,7.602612858063421,0.16475408292450727,0,8,0.13482730090283948,6.027622713956291,0.20972483303459918,0.7342293579257626,0.7342293579257626,0.6978914810551754,0.0,0.0,0.2657706420742373,0.3021085189448246
66,fresh_identity_03,identity_stress,6,7,33,0.1875,early,DEFINED,True,0.8775807341675423,0.36503211722328377,-0.20171942670872092,0.170866242321884,0.2976950886637771,0.3748941833718604,0.462481256311993,0.537518743688007,0.00014867160707113296,4.67788061104902,0.39394671810432663,0,7,0.23844865744060245,15.480164717933045,0.5141933573799576,0.14192801592494886,0.14192801592494886,0.06888897568066331,0.26519066529506385,0.49863420773451755,0.5928813187799873,0.43247681658481907
67,fresh_identity_03,identity_stress,7,8,33,0.21875,early,DEFINED,True,0.2818033864404786,0.4092498656370381,-0.021373266821858045,0.24419044478569518,0.29366498481163017,0.3592605701950855,0.5345349569757541,0.46546504302424585,0.041484420923510366,3.924430984370363,0.4434241594144769,0,8,0.1387464260839739,12.53272762613305,0.41932372955543795,0.13771590679529164,0.13771590679529164,0.07692728580140865,0.23323940417354677,0.2575425254496314,0.6290446890311615,0.6655301887489599
68,fresh_identity_03,identity_stress,8,9,33,0.25,early,DEFINED,True,0.36072999081010243,0.23252418310505646,0.4520630671583784,0.23570063106615494,0.28744904896394635,0.3512094541545477,0.49736898924011347,0.5026310107598866,0.1139573274695842,6.641073874754405,0.23821531843319668,0,6,0.37533551857545405,7.011285822311361,0.24543010034976226,0.49843169955199956,0.49843169955199956,0.3616544312047121,0.23561012066130393,0.3805861182828174,0.26595817978669667,0.25775945051247057
69,fresh_identity_03,identity_stress,9,10,33,0.28125,early,DEFINED,True,0.875451652910746,0.37379809806533687,0.04522416567602107,0.06382789613506813,0.31757716731281066,0.3550270438514235,0.4169888539048515,0.5830111460951485,0.03941264194001164,7.1436628519847325,0.2158442086410474,0,6,0.36103801699650506,6.520789492859938,0.2197628933756544,0.4999710159020603,0.4999710159020603,0.4360280693664068,0.24921384192852197,0.2122551935192702,0.2508151421694177,0.35171673711432305
70,fresh_identity_03,identity_stress,10,11,33,0.3125,early,INACTIVE_TARGET,True,0.0,0.06927938612901091,,,0.08971284292707805,0.14051305624750954,0.5641648383104165,0.4358351616895835,0.03728933410072201,3.4261064553617104,0.3776285017589869,2,8,0.1290224032711123,2.112994489569507,0.08302975005221785,0.12373519571842881,0.12373519571842881,0.3776285017589869,0.8762648042815712,0.622371498241013,0.0,0.0
71,fresh_identity_03,identity_stress,11,12,33,0.34375,middle,DEFINED,True,0.014431009792702492,0.16836752329485055,-0.151076872380936,0.24963555940505616,0.07444004443718319,0.22084414743644354,0.4399524231121461,0.5600475768878539,0.05951074674908513,7.016095339963898,0.21597786394250515,0,8,0.1335375698654,3.7715051248976765,0.11912845283320024,0.4847532505130133,0.5152467494869868,0.6162546525703091,0.4847532505130133,0.38374534742969096,0.0,0.0
72,fresh_identity_03,identity_stress,12,13,33,0.375,middle,DEFINED,True,0.14621184539707188,0.3676536747176604,0.008539825901828061,-0.03861351090607991,0.15262038292521504,0.3200801826051226,0.49989864209103396,0.500101357908966,0.07299230423091964,5.240104188173717,0.3589518370174448,0,7,0.2281764121396354,4.625961709460471,0.14349846134112298,0.5108461028128763,0.48915389718712365,0.4265963614397127,0.5108461028128763,0.5734036385602874,0.0,0.0
73,fresh_identity_03,identity_stress,13,14,33,0.40625,middle,DEFINED,True,0.3124432912079812,0.1788725165903475,0.10367204157119846,-0.10668876717193826,0.27952571821768984,0.3390551918676114,0.4172921719963735,0.5827078280036265,0.049872560561177996,7.646273449789659,0.1715031827818535,0,7,0.25871396877263564,6.135017160824775,0.1888950903736641,0.38297228314588455,0.5002233855772608,0.46597868478350873,0.38297228314588455,0.40370812918242605,0.11680433127685472,0.1303131860340652
74,fresh_identity_03,identity_stress,14,15,33,0.4375,middle,DEFINED,True,0.4943733360878342,0.21565823252160365,0.23615245501631957,0.07801323899227094,0.2352327922188861,0.37246938939528856,0.4550729340386268,0.5449270659613732,0.06281644444072186,6.495817048832621,0.2374256139671307,0,6,0.3980221356441465,7.139377681163081,0.2168541813850755,0.23057549561387444,0.643575041103257,0.602877757287559,0.23057549561387444,0.19224377121861136,0.1258494632828686,0.20487847149382954
75,fresh_identity_03,identity_stress,15,16,33,0.46875,middle,DEFINED,True,0.47009591215216284,0.2129605633614165,0.2279831386487565,0.4597062608802414,0.2596683758887909,0.32042530485358967,0.33251428760595103,0.667485712394049,-0.0406629171689476,6.881386489673457,0.22045189730162587,0,8,0.13765981305023015,6.849500816531737,0.237690411569987,0.2609552007270209,0.4831183564049525,0.39534869286487906,0.2609552007270209,0.31055483396682226,0.25592644286802674,0.2940964731682987
76,fresh_identity_03,identity_stress,16,17,33,0.5,middle,DEFINED,True,0.34428185493730296,0.21653170677692188,0.3531427678712173,0.22903102238764067,0.13506718615628802,0.22855592382240583,0.4114975521571469,0.5885024478428531,-0.011651614040504422,5.589795976739527,0.31006994797707627,0,8,0.141289977852305,4.583959682884505,0.1451078780530149,0.5120254109818237,0.11992556119508975,0.10485742886259751,0.5120254109818237,0.5418777300924302,0.36804902782308657,0.3532648410449724
77,fresh_identity_03,identity_stress,17,18,33,0.53125,middle,DEFINED,True,0.36990484002573737,0.19369316146666085,0.23626451662493875,0.35113179142860335,0.24314773319578967,0.30712142570987233,0.4330068293188983,0.5669931706811018,0.04581629100946873,6.734846000440397,0.2390585076495567,0,6,0.25298900849724076,5.8999879611422505,0.23529866152822027,0.0,0.24021925722243603,0.1941966950196732,0.0,0.0,0.7597807427775639,0.8058033049803267
78,fresh_identity_03,identity_stress,18,19,33,0.5625,middle,DEFINED,True,0.37508010999651764,0.2333065592385537,0.3443173358909635,-0.025505964713262604,0.205807467171423,0.3639206899294342,0.4805235769031238,0.5194764230968762,0.10979642551558716,7.350585670710774,0.18523498437033586,0,8,0.1563925604585296,7.535083926055938,0.23884083722844107,0.3207587865093779,0.1533096075362876,0.18523498437033586,0.3207587865093779,0.3765813427013864,0.5259316059543344,0.43818367292827776
79,fresh_identity_03,identity_stress,19,20,33,0.59375,middle,DEFINED,True,0.5129236773662884,0.24590818069141043,0.2612500738452292,-0.00012523834768373847,0.3163125268169957,0.3874567623134831,0.39984820719839953,0.6001517928016005,0.01222686607066423,6.689885601548711,0.2516126778071233,0,7,0.2785141229408018,7.3608089108293075,0.27031688723437053,0.11604599190695399,0.13408503424581486,0.2516126778071233,0.11604599190695399,0.13692302037153556,0.7498689738472311,0.6114643018213413
80,fresh_identity_03,identity_stress,20,21,33,0.625,middle,DEFINED,True,0.4769137649180203,0.1907647214170307,0.2842564926832936,-0.009665448946070212,0.24111029911180984,0.3355335804464934,0.4453289274394344,0.5546710725605656,0.07479432651682831,7.4901170264727766,0.16475924726085087,0,7,0.22907476981310237,6.325245005136175,0.22940734617364994,0.1143285802765302,0.11474618953657217,0.1402626864817545,0.1143285802765302,0.15673147231625162,0.7709252301868976,0.7030058412019939
81,fresh_identity_03,identity_stress,21,22,33,0.65625,middle,DEFINED,True,0.09329708533279875,0.20562551872307172,0.026866848758006233,0.3058717156726795,0.14545995813759627,0.2308123213945325,0.5155909780343397,0.48440902196566027,0.0856681222440743,5.074943167642944,0.24091258839218033,2,8,0.13835398683203667,4.080762555830188,0.13036867189528686,0.49428243147507095,0.12179258256956853,0.13155697165520955,0.49428243147507095,0.4649429486206273,0.38392498595536056,0.4035000797241631
82,fresh_identity_03,identity_stress,22,23,33,0.6875,late,DEFINED,True,0.7753704885980772,0.29673474510692677,0.16211677949073422,0.028826529743894318,0.28015356677609154,0.31483907322830684,0.4152208750207839,0.584779124979216,-0.0016461720812571477,5.754783133062821,0.29724467416159134,0,7,0.25132695214181844,4.257261573622029,0.14022642262013763,0.4996792552717436,0.0,0.0,0.5003207447282565,0.48948335001278453,0.4996792552717436,0.5105166499872155
83,fresh_identity_03,identity_stress,23,24,33,0.71875,late,DEFINED,True,0.23271157591126934,0.15381068046855698,-0.07704559380541894,0.44019648395908545,0.15041078483849352,0.1967565232654458,0.4223177882576426,0.5776822117423575,0.05602619329405055,7.7168620986798615,0.1743201183784644,0,6,0.24889927355788066,3.963295097553365,0.12498232774225528,0.5058697985145986,0.0,0.0,0.4941302014854014,0.4922621979411168,0.5058697985145986,0.5077378020588832
84,fresh_identity_03,identity_stress,24,25,33,0.75,late,DEFINED,True,0.33560785669092474,0.18359526680230695,-0.053991711107474145,0.06803640601404017,0.31587150772136435,0.36299257749508834,0.4426081386147594,0.5573918613852407,0.048601604484236484,6.458900686097315,0.22735288923616728,0,7,0.23557545756819737,7.1991528393661115,0.2379223110454272,0.5010706024166036,0.26335394001519896,0.3319870936995603,0.23557545756819737,0.34022195779263875,0.5010706024166036,0.3277909485078011
85,fresh_identity_03,identity_stress,25,26,33,0.78125,late,DEFINED,True,0.5278377759000535,0.16290696005885325,0.1272415731496184,-0.13349064832964835,0.1419332948482177,0.4104673837677727,0.32031338878754195,0.679686611212458,-0.03495140329146414,7.524069981814123,0.17246616223034858,0,8,0.1929697745500625,6.5367418745534795,0.18816887301408128,0.4887224043336238,0.0,0.0,0.5112775956663763,0.46417128936214425,0.4887224043336238,0.5358287106378556
86,fresh_identity_03,identity_stress,26,27,33,0.8125,late,DEFINED,True,0.4376167092808716,0.23877570333292383,0.2847553232754299,0.2785023769922886,0.1884759006500554,0.3726908557166233,0.48206820604149087,0.5179317939585091,0.08393933596026655,6.1708189728384735,0.29625851831706224,0,8,0.1478167784112115,9.866812828990735,0.30692126766033845,0.25021243974301277,0.11816261792296685,0.07905340360548958,0.6316249423340203,0.7401812087302697,0.25021243974301277,0.1807653876642406
87,fresh_identity_03,identity_stress,27,28,33,0.84375,late,DEFINED,True,0.5083877707140235,0.21945705833891024,0.013865807184066476,-0.019457602834303873,0.25040853204834757,0.3220417945430642,0.35615961198136625,0.6438403880186337,-0.003525959934884976,7.697189778044674,0.1599431355517312,0,8,0.14097605958575243,4.536485766160561,0.11950711325434685,0.7387405308610753,0.0,0.0,0.2612594691389248,0.2392335426499425,0.7387405308610753,0.7607664573500574
88,fresh_identity_03,identity_stress,28,29,33,0.875,late,DEFINED,True,1.1937329909143952,0.3282591843065467,0.16291750632450996,0.016368234523351625,0.33672832858943125,0.3583985358477091,0.4967115776633372,0.5032884223366628,0.07898541855453041,5.490826297297148,0.30960357388558446,0,7,0.2520304914245899,5.45367616667574,0.17410860917658416,0.7553912775052141,0.0,0.0,0.24460872249478594,0.34048636783957487,0.7553912775052141,0.6595136321604251
89,fresh_identity_03,identity_stress,29,30,33,0.90625,late,DEFINED,True,0.6887298952055854,0.3662852871831932,0.043933060254972185,-0.11737118960399008,0.3148203524245761,0.3728441615985327,0.48951694244075644,0.5104830575592436,0.08322620199585484,5.861701254293443,0.29436243787635635,0,7,0.24987065459040247,4.929016480840539,0.13609827574508376,0.7465009547076599,0.0,0.0,0.2534990452923402,0.29290812528651333,0.7465009547076599,0.7070918747134867
90,fresh_identity_03,identity_stress,30,31,33,0.9375,late,DEFINED,True,0.35436136190943907,0.2394553519838475,0.2835184299553628,0.22248255195975716,0.20237061569774076,0.27781001946638956,0.43517709817698336,0.5648229018230166,0.027277834913314463,6.000706557689622,0.2796428471269081,0,7,0.2602082081451639,14.391658871260711,0.4339526332793733,0.11719167382695085,0.1395618386505204,0.20568512402226521,0.7432464875225286,0.7285793896076742,0.11719167382695085,0.06573548637006055
91,fresh_identity_03,identity_stress,31,32,33,0.96875,late,DEFINED,True,0.21943584434467012,0.29900897737893195,-0.010569644076748883,0.07688521602565566,0.3031374272191786,0.3419216475978674,0.4955992640309038,0.5044007359690962,0.023667851186068557,4.398867856183169,0.4077018240880074,0,8,0.13145288042904701,10.110568432311116,0.28404778754295856,0.506834871642092,0.11883831945319792,0.13593551647734076,0.37432680890471015,0.5259162502763163,0.506834871642092,0.3381482332463429
92,fresh_identity_04,identity_stress,1,2,32,0.03225806451612903,early,DEFINED,True,0.5354140622285625,0.1951035541886783,0.47578677238500394,0.03483930635199637,0.22608341146227784,0.2936597277795703,0.5102048545520895,0.4897951454479105,0.14090720092827402,7.194974043416218,0.1982360223391179,0,8,0.13761966847927376,0.0,0.0012385019465655646,0.9999999999999999,0.9999999999999999,1.0,0.0,0.0,0.0,0.0
93,fresh_identity_04,identity_stress,2,3,32,0.06451612903225806,early,DEFINED,True,0.42993986743697066,0.24546261727463348,-0.00995779002460736,-0.24280116260812207,0.22894354281055257,0.33274566832058955,0.45582251089508147,0.5441774891049185,0.08749119596810288,7.58635107192284,0.15871305674877098,0,8,0.14428235340606974,0.10891763299880973,0.006261867698290182,1.0,1.0,0.9999999999999999,0.0,0.0,0.0,0.0
94,fresh_identity_04,identity_stress,3,4,32,0.0967741935483871,early,DEFINED,True,0.3994494936796312,0.32622316651188815,0.14945512683835313,-0.028076980836522207,0.29540872614869856,0.38610080988976375,0.5422655431242596,0.45773445687574044,0.16572551763445384,6.501191273179532,0.26683566765107736,0,7,0.26007170000959856,8.531553515360343,0.2888308357779324,0.6478480176694709,0.6478480176694709,0.7317329104770386,0.10776929352046348,0.112038376359469,0.24438268881006572,0.15622871316349218
95,fresh_identity_04,identity_stress,4,5,32,0.12903225806451613,early,DEFINED,True,0.6784872822577002,0.3255644869825287,0.07456943728847786,0.15837040934182328,0.22250078081738872,0.3029726334893906,0.5209726606634093,0.4790273393365907,0.10463736986182223,5.368681521947621,0.34400995757693126,0,7,0.24322450573399906,7.5385365333047485,0.24968034986427193,0.36117778271159023,0.36117778271159023,0.3188419635458013,0.6388222172884097,0.6811580364541987,0.0,0.0
96,fresh_identity_04,identity_stress,5,6,32,0.16129032258064516,early,DEFINED,True,0.4681753970292544,0.17855001639709353,0.01534777815671917,0.3326478226109779,0.162542729099244,0.218407879006823,0.3712805248680924,0.6287194751319076,-0.04543988025972638,5.703775250756821,0.3298338060988098,0,8,0.1314650008898386,5.681395803793064,0.18980692063089366,0.504591127483774,0.504591127483774,0.38144189840999554,0.495408872516226,0.6185581015900046,0.0,0.0
97,fresh_identity_04,identity_stress,6,7,32,0.1935483870967742,early,DEFINED,True,0.2621171142958101,0.11811574143624831,0.07384122312583877,0.02819343688729586,0.25132747054413074,0.3676458062244235,0.34183879741955664,0.6581612025804433,-0.027304520939166778,7.126226047271517,0.20903458492122262,0,7,0.2745101903022882,4.3391746823053365,0.1349451611026714,0.7254898096977118,0.7254898096977118,0.6748512940546726,0.2745101903022882,0.3251487059453275,0.0,0.0
98,fresh_identity_04,identity_stress,7,8,32,0.22580645161290322,early,DEFINED,True,1.022609309957043,0.33753583603033055,-0.012403118419769859,0.09036340462279181,0.14689726036347062,0.29987945431875723,0.480058844605618,0.519941155394382,0.09795744070048103,6.807916999425044,0.23237905435692838,0,6,0.4035974395067432,6.723119340212555,0.23503267891701873,0.6580478625099242,0.6580478625099242,0.7755175544127525,0.11288793233652741,0.07678058055226486,0.22906420515354844,0.14770186503498273
99,fresh_identity_04,identity_stress,8,9,32,0.25806451612903225,early,DEFINED,True,0.4359206051436795,0.28005647831398117,0.39897467705562806,0.31181442253519187,0.09593473477325294,0.23245233681051541,0.5492005677019669,0.4507994322980331,0.1443067139336087,5.4393779092648895,0.31497570516075024,0,7,0.25153528436490863,3.0709652263293012,0.09424488559675562,0.6420094933767629,0.6420094933767629,0.8379496682219961,0.35799050662323717,0.16205033177800382,0.0,0.0
100,fresh_identity_04,identity_stress,9,10,32,0.2903225806451613,early,DEFINED,True,1.2499288986408352,0.31950064162504277,0.14497188147623477,-0.31355485418007534,0.2452730916641174,0.30806919773294106,0.4765509877601378,0.5234490122398622,0.10009988030388328,7.0857739497850165,0.23390944930340082,0,6,0.2453424747814253,6.122988414790061,0.1961761230093503,0.7623556849350939,0.7623556849350939,0.8162950505642232,0.1214174628943008,0.10634996514817659,0.11622685217060527,0.07735498428760024
101,fresh_identity_04,identity_stress,10,11,32,0.3225806451612903,early,DEFINED,True,0.37708450081512185,0.2764357288057438,0.438269461119399,0.5116478001505744,0.1533488005050247,0.32423491831323237,0.45312182112642835,0.5468781788735717,0.06343729687305784,6.600993239788459,0.2652133403787604,0,8,0.15005977190380393,5.142914143960795,0.1762693436815385,0.7796306483434237,0.7796306483434237,0.8528028326572251,0.10884926073799954,0.07134572146114386,0.1115200909185768,0.07585144588163088
102,fresh_identity_04,identity_stress,11,12,32,0.3548387096774194,middle,DEFINED,True,0.5706148619120935,0.2656675842735165,0.5599225204598417,-0.038364734435989416,0.12648427908782062,0.25777345413589664,0.4666570906819581,0.533342909318042,0.09758566992194681,7.508658053880607,0.16468428252720368,0,7,0.22944500894392514,5.855188741543386,0.2005420871275326,0.25742828972022447,0.6317949010558643,0.6155613591304947,0.25742828972022447,0.2267537950105204,0.1107768092239112,0.15768484585898493
103,fresh_identity_04,identity_stress,12,13,32,0.3870967741935484,middle,DEFINED,True,0.45880928356477974,0.2704685683346776,0.30301763071139104,0.22169858031199619,0.10584662887223409,0.31035589698116367,0.5226343944221168,0.4773656055778832,0.15322636752186433,7.0611341940377645,0.21095921720293295,0,7,0.23051352322810847,5.826164901520029,0.19150622893006186,0.27033087070234396,0.6379303032128008,0.7077600326658222,0.27033087070234396,0.2294224561792042,0.09173882608485526,0.06281751115497348
104,fresh_identity_04,identity_stress,13,14,32,0.41935483870967744,middle,DEFINED,True,0.3371759536605031,0.18817931569426685,0.3880403110429837,0.07733109559647666,0.3042846614069201,0.3855277786700305,0.33340648092135444,0.6665935190786456,-0.09928433421336677,5.22363767699975,0.32482156572502807,0,7,0.28211373858783767,5.3722965956220365,0.1712650440842457,0.4087119731544639,0.5912880268455362,0.5819850009060399,0.4087119731544639,0.4180149990939602,0.0,0.0
105,fresh_identity_04,identity_stress,14,15,32,0.45161290322580644,middle,INACTIVE_TARGET,True,0.0,0.08879411571576591,,,0.09318871726678897,0.15179195954882768,0.7605474976476486,0.23945250235235138,-0.019635561221216614,1.7048821594904682,0.7424279386831132,5,8,0.12879610703303943,3.605774805233124,0.1141209121298708,0.6272638219593866,0.37273617804061343,0.09577182408703887,0.6272638219593866,0.9042281759129611,0.0,0.0
106,fresh_identity_04,identity_stress,15,16,32,0.4838709677419355,middle,DEFINED,True,0.0642877833955909,0.33422566663405845,-0.016854280068272505,,0.09383876877960262,0.3420196105214218,0.5438333185688706,0.4561666814311294,0.08983548047075621,4.4200080844599015,0.3328394100726429,1,7,0.2552290464463229,4.569939570052533,0.15238159756873115,0.43777967901227216,0.5622203209877279,0.4725680417734475,0.43777967901227216,0.5274319582265525,0.0,0.0
107,fresh_identity_04,identity_stress,16,17,32,0.5161290322580645,middle,DEFINED,True,0.919872371653587,0.23916587482911275,0.2520063483682137,0.45243105652241555,0.20631034651433464,0.32054234332960124,0.3771638207346537,0.6228361792653463,-0.02550118898288228,6.113134702315192,0.2661420943836862,0,7,0.25715771349699235,6.223260785275283,0.20923347809686915,0.4049566666484423,0.47333093134778537,0.4294007681242994,0.4049566666484423,0.5039561071154917,0.12171240200377238,0.06664312476020891
108,fresh_identity_04,identity_stress,17,18,32,0.5483870967741935,middle,DEFINED,True,0.5936023237051149,0.21969521483062318,0.05181849924417617,0.03171386303383516,0.23701806049915375,0.3195098488334237,0.4313800644247899,0.5686199355752102,0.06001268160110608,7.455715076658626,0.19362657060927682,0,8,0.13773965820413872,8.603162454296509,0.2814668839254433,0.13773965820413872,0.4660433003087164,0.533013881926691,0.13773965820413872,0.19362657060927682,0.396217041487145,0.2733595474640323
109,fresh_identity_04,identity_stress,18,19,32,0.5806451612903226,middle,DEFINED,True,0.6230444571521441,0.22686697005334303,0.09261365750788422,-0.019457602834303873,0.25040853204834757,0.3156033661989385,0.35052477745180066,0.6494752225481993,-0.026572934784618675,6.869440085788626,0.2171259153572373,0,7,0.2527972218125994,8.331619444465138,0.2645129701544967,0.2460398194805754,0.37134997850982593,0.3727727378050487,0.2460398194805754,0.29877634959842003,0.3826102020095987,0.3284509125965312
110,fresh_identity_04,identity_stress,19,20,32,0.6129032258064516,middle,DEFINED,True,0.4802205408797111,0.3109957927768501,0.036453005868167764,-0.3094068310590643,0.1631456023667899,0.3317648062017771,0.5496542807943842,0.45034571920561584,0.11122970007583402,4.655925938901343,0.3836927951416856,0,7,0.2866098959066528,6.723280796941124,0.22635936221096903,0.4655856585576644,0.2839181323294922,0.483656496143209,0.4655856585576644,0.2434119763579976,0.2504962091128433,0.27293152749879335
111,fresh_identity_04,identity_stress,20,21,32,0.6451612903225806,middle,DEFINED,True,0.47464834805649087,0.1360104270977478,0.04168775024100525,0.16249942537117437,0.17968523201620518,0.2035600522742135,0.40536857963458783,0.5946314203654122,-0.0006328806595575317,6.0660385023502155,0.2203425347114069,1,8,0.1278394093705304,2.267450186668351,0.07326028917264235,0.6302171716644531,0.0,0.0,0.6302171716644531,0.6261023605650483,0.3697828283355468,0.3738976394349516
112,fresh_identity_04,identity_stress,21,22,32,0.6774193548387096,late,DEFINED,True,0.8107814497303977,0.2578966922107337,0.3054471726102517,,0.09828716138183363,0.16089857833100707,0.5530520179092057,0.44694798209079434,0.006182858678162358,3.3162204733102625,0.4862221108611416,2,8,0.129317141919548,2.6178631819371656,0.07250360821128317,0.49663354373226676,0.0,0.0,0.5033664562677332,0.119091430076454,0.49663354373226676,0.8809085699235458
113,fresh_identity_04,identity_stress,22,23,32,0.7096774193548387,late,DEFINED,True,0.48842289815310946,0.3933518609197626,-0.053958639758798374,0.19229454412481822,0.2169133604879898,0.2997711768109531,0.5632379398878274,0.43676206011217256,0.10472520298455756,4.212824449195663,0.37818211505687416,1,6,0.26400005403723625,10.740739099507577,0.34533993617237,0.11024015319005068,0.5050380472500369,0.38374329982253463,0.3847217995599125,0.5551002212237769,0.11024015319005068,0.06115647895368854
114,fresh_identity_04,identity_stress,23,24,32,0.7419354838709677,late,DEFINED,True,0.7421623002691796,0.17980773076891904,0.23815025440748966,-0.20148946235366896,0.33941343872932117,0.3917921943089863,0.2923432941527524,0.7076567058472476,-0.06539728127920438,7.0620706880441935,0.19018724462441733,0,7,0.24440854213554403,5.624617909718178,0.18743015188291956,0.7387100708412255,0.14005866914157672,0.15328586893760052,0.1212312600171976,0.17192127545886876,0.7387100708412255,0.6747928556035309
115,fresh_identity_04,identity_stress,24,25,32,0.7741935483870968,late,DEFINED,True,0.7714894527151072,0.1936611235309794,0.17027980754655664,0.06060484300312416,0.29750110719083256,0.34846070628603215,0.43820906870574444,0.5617909312942555,0.044609039213285635,6.480823218335705,0.2718546734652324,0,7,0.24157919613598144,10.258037822774211,0.3246499266238872,0.11906053625481244,0.26338425162240087,0.34119130495502864,0.6175552121227867,0.573071464595228,0.11906053625481244,0.08573723044974349
116,fresh_identity_04,identity_stress,25,26,32,0.8064516129032258,late,DEFINED,True,0.5515912668927243,0.23626963113577212,0.040545520063975944,0.05970442269273391,0.15419265903875956,0.3391735126881776,0.48746608196842434,0.5125339180315757,0.11005677604013765,6.976313424792351,0.2104951607935019,0,8,0.1603169679576505,3.0105725529497613,0.09552873236043152,0.886616147173899,0.0,0.0,0.11338385282610107,0.16747662068724892,0.886616147173899,0.8325233793127511
117,fresh_identity_04,identity_stress,26,27,32,0.8387096774193549,late,DEFINED,True,0.9840049267287574,0.3129440338631452,0.2675029914771624,-0.21711219414272492,0.25671606413638665,0.331958896882355,0.48824292257950835,0.5117570774204916,0.0828591070985584,5.8971761638815945,0.30748650259708,0,6,0.26571295368664616,3.1704665699799044,0.06394744901533932,1.0,0.0,0.0,0.0,0.0,1.0,1.0
118,fresh_identity_04,identity_stress,27,28,32,0.8709677419354839,late,DEFINED,True,0.5173946998804074,0.433288191571847,0.3215282438561024,0.4692441669322674,0.15722636864803813,0.3232024123742701,0.547522685656427,0.45247731434357297,0.13299874276489781,5.198399379828986,0.361902833857012,0,7,0.22188115580124487,5.066312364736739,0.16161101847568185,0.6484621759099357,0.0,0.0,0.3515378240900643,0.5740143587354484,0.6484621759099357,0.42598564126455174
119,fresh_identity_04,identity_stress,28,29,32,0.9032258064516129,late,DEFINED,True,0.3227936722549536,0.21676287602222083,0.09711025811200184,0.36980443032890126,0.2897401094414904,0.363606892881333,0.415366771322119,0.584633228677881,0.030619538595173034,6.8309516684288605,0.23083167993809217,0,7,0.24202000520286493,8.927552731123786,0.24948202274672893,0.7579799947971352,0.11361728692505806,0.05760426919892337,0.12840271827780686,0.09101460273644219,0.7579799947971352,0.8513811280646346
120,fresh_identity_04,identity_stress,29,30,32,0.9354838709677419,late,DEFINED,True,0.341131525350571,0.1827012493931734,0.2650380603356954,0.4019598342469657,0.1954248975716245,0.38853797155291914,0.3983907946429732,0.6016092053570268,0.030469108647967945,7.559923972694758,0.18106034084729128,0,8,0.16581942529710275,6.403874281440899,0.183790900390094,0.6976876343597213,0.1415434142169373,0.18106034084729128,0.16076895142334138,0.1314903833518814,0.6976876343597213,0.6874492758008275
121,fresh_identity_04,identity_stress,30,31,32,0.967741935483871,late,DEFINED,True,0.21604504416759315,0.19921812521949123,0.27089141629104063,0.597947174743292,0.19094034348782432,0.39805846960520896,0.3555586142571255,0.6444413857428746,-0.01294006493367024,7.268409717435399,0.18096738683254765,0,8,0.1802968259279679,7.907609897169456,0.24319154112753802,0.6210505518248665,0.11625772772365849,0.1782335508438931,0.26269172045147515,0.30956154928469487,0.6210505518248665,0.5122048998714119
122,fresh_identity_05,identity_stress,1,2,31,0.03333333333333333,early,DEFINED,True,0.2419032823887693,0.18075984066904674,0.3369165343285602,0.0944650590011323,0.22424700638155085,0.25251609770320316,0.5109133388570408,0.4890866611429592,0.14742778432301595,7.5047295547165085,0.19351705351492543,0,8,0.12840552454557227,0.0,0.0016129724783283848,1.0,1.0,1.0,0.0,0.0,0.0,0.0
123,fresh_identity_05,identity_stress,2,3,31,0.06666666666666667,early,DEFINED,True,0.4493783129686126,0.27174571129976033,0.2738317919909527,0.2544550627775004,0.22843250009442015,0.3011664928502745,0.4453562666353879,0.5546437333646121,0.07259903925347555,7.375358818980423,0.2031052000265806,0,7,0.23276544341655436,0.11190359139966732,0.0057504306871636645,1.0,1.0,1.0,0.0,0.0,0.0,0.0
124,fresh_identity_05,identity_stress,3,4,31,0.1,early,DEFINED,True,0.7896304605120773,0.3445531632389213,0.21295936213838013,0.015758648947094125,0.12440869626796457,0.3326998276770575,0.4218836367443755,0.5781163632556245,0.03981205554470207,6.949134422911338,0.1896875060892499,0,6,0.25496503743084903,5.599316889086342,0.1953074383301015,0.7604391745685332,0.7604391745685332,0.8635361358390746,0.11762599896949981,0.06770585692968467,0.12193482646196696,0.0687580072312407
125,fresh_identity_05,identity_stress,4,5,31,0.13333333333333333,early,DEFINED,True,0.4974364955130142,0.30975916555828126,-0.13977421956307678,0.11655238407002554,0.2939549377251186,0.323225555181225,0.46247751195796283,0.5375224880420372,0.04548552036328787,5.668140639875746,0.3043860973687117,0,7,0.2593099005845032,5.482587205424245,0.16892785507632152,0.6246685382600139,0.6246685382600139,0.6749142798342354,0.3753314617399861,0.3250857201657647,0.0,0.0
126,fresh_identity_05,identity_stress,5,6,31,0.16666666666666666,early,DEFINED,True,0.27746182045965356,0.2430226296869856,-0.09867966393630222,0.2177432916829487,0.22407597875705876,0.26428829659472564,0.44403600324154646,0.5559639967584535,0.05764637136837809,6.7541772971740635,0.21914158266711106,0,8,0.1312507254411091,3.270436053506054,0.10992774455427802,0.8754695397262608,0.8754695397262608,0.780858417332889,0.12453046027373901,0.21914158266711106,0.0,0.0
127,fresh_identity_05,identity_stress,6,7,31,0.2,early,DEFINED,True,0.6445682304181471,0.2585819071866881,0.21497272023910294,0.048587290658651,0.25990305055953977,0.3438095184919635,0.4985939359997565,0.5014060640002436,0.12294220852690485,6.979959683966982,0.21971904338873102,0,8,0.1510551376489649,5.757782223415075,0.1839452984827123,0.6413881944938511,0.6413881944938511,0.500839354128979,0.23825651954179905,0.35168448004169023,0.12035528596434979,0.14747616582933082
128,fresh_identity_05,identity_stress,7,8,31,0.23333333333333334,early,DEFINED,True,0.8589843924632703,0.24786489969070333,-0.046324135559266955,-0.029790894130247395,0.2767718908600806,0.3496533933232396,0.3353300312561695,0.6646699687438304,-0.026921771164253205,7.36841860111681,0.1817472485321095,0,7,0.2605475783121186,3.8833932155481743,0.12249266441040775,0.7281591158360072,0.7281591158360072,0.6420883029019967,0.27184088416399277,0.3579116970980033,0.0,0.0
129,fresh_identity_05,identity_stress,8,9,31,0.26666666666666666,early,DEFINED,True,0.7095789254176024,0.35765573278532714,-0.007740673834504773,0.09036340462279181,0.14689726036347062,0.29501555360751447,0.47053364079263893,0.5294663592073611,0.07896111601002151,6.466117443103203,0.22659574841991945,0,8,0.15428954216782365,3.5385653145181886,0.14108652102560051,0.8833745294695856,0.8833745294695856,0.9293392937041153,0.0,0.0,0.11662547053041443,0.07066070629588454
130,fresh_identity_05,identity_stress,9,10,31,0.3,early,DEFINED,True,1.11134981665971,0.24416858267006156,0.3577492135316546,0.31181442253519187,0.09593473477325294,0.22338493872624848,0.519400514913868,0.48059948508613204,0.15958755305900627,7.6269849057517165,0.17101081491707876,0,6,0.27177422709869525,3.3152245816361474,0.11044308854686312,0.7628550245712461,0.7628550245712461,0.796761477437315,0.2371449754287539,0.20323852256268504,0.0,0.0
131,fresh_identity_05,identity_stress,10,11,31,0.3333333333333333,middle,DEFINED,True,0.5547681411268119,0.3111091167628756,0.305049136656313,0.40656492192945415,0.13865284571038208,0.29835453193341804,0.5002080746518447,0.4997919253481553,0.1364967479269044,7.5938162729128305,0.15963149200861473,0,8,0.14433616648930023,5.177352214085766,0.18180512681472166,0.37423014166191815,0.5166312742320844,0.47594877337163133,0.37423014166191815,0.38185172341105045,0.10913858410599754,0.1421995032173183
132,fresh_identity_05,identity_stress,11,12,31,0.36666666666666664,middle,DEFINED,True,0.5550773766736375,0.3048408332121744,0.3462546166648855,0.22169858031199619,0.10584662887223409,0.30592283323368546,0.5178149570123853,0.48218504298761466,0.14806935740363975,7.095698417766624,0.20625999914243498,0,6,0.2292372763860724,3.8373963741826826,0.13492045409834838,0.3716831379224168,0.6283168620775832,0.6105121408406938,0.3716831379224168,0.38948785915930606,0.0,0.0
133,fresh_identity_05,identity_stress,12,13,31,0.4,middle,DEFINED,True,0.9625923603230884,0.42593261619864986,-0.12472767252169108,-0.10604181049469778,0.3092636005320995,0.35771470822412843,0.5098371548093044,0.49016284519069564,0.08558737581262835,5.244799116875008,0.26960514891597237,0,6,0.38155713187333656,3.910524963955451,0.1362069347579443,0.49356478768022377,0.5064352123197762,0.6997616690246637,0.49356478768022377,0.30023833097533614,0.0,0.0
134,fresh_identity_05,identity_stress,13,14,31,0.43333333333333335,middle,DEFINED,True,0.5606406672883524,0.2602436036888271,0.12690061682223788,0.014435386888506856,0.30454386121318416,0.3769898795602838,0.4160635165820544,0.5839364834179456,0.0022757341896647034,5.840344608051568,0.2895453391078621,0,7,0.25213367861024016,7.775170057871147,0.22687129314911753,0.2695921342350379,0.36338574549472824,0.4841234389229301,0.2695921342350379,0.290593501734237,0.36702212027023384,0.2252830593428329
135,fresh_identity_05,identity_stress,14,15,31,0.4666666666666667,middle,DEFINED,True,0.1484049968669732,0.10442136981328635,0.17471553959962416,,0.07092789357474497,0.12482796235528845,0.7388053829896285,0.2611946170103715,0.11429259263569014,2.0524302793587363,0.6284860413536992,5,8,0.12937204667756963,3.3500616685038658,0.12064611961436503,0.7537231095053538,0.2462768904946463,0.07800435946088284,0.7537231095053538,0.921995640539117,0.0,0.0
136,fresh_identity_05,identity_stress,15,16,31,0.5,middle,DEFINED,True,0.2611492466661151,0.17213944698321582,-0.17301755372429223,-0.22389238596232103,0.07387596351630472,0.2064771045685062,0.5096522699679022,0.49034773003209775,0.11646785231456144,6.166576258554015,0.21093409777564584,1,6,0.25659084697456125,4.584305791091929,0.16062032707074853,0.6363805698037388,0.24989896375147222,0.37369893213985894,0.6363805698037388,0.42630698169916115,0.11372046644478889,0.19999408616097994
137,fresh_identity_05,identity_stress,16,17,31,0.5333333333333333,middle,DEFINED,True,0.6374701501802541,0.311463479089506,0.09100231219521694,0.09859666622553745,0.23046343546931158,0.30512469922744384,0.5042709068900614,0.4957290931099386,0.08806260693251675,5.486111843260499,0.30061733876519925,0,7,0.27047676386238106,5.5492203177880945,0.19719229131686736,0.634720506049828,0.3652794939501721,0.1902824120866321,0.634720506049828,0.8097175879133679,0.0,0.0
138,fresh_identity_05,identity_stress,17,18,31,0.5666666666666667,middle,DEFINED,True,0.6258676809501132,0.3083433743462638,0.19132111363653242,0.30140000604372347,0.26458955641215176,0.3207421753405557,0.42711342403937147,0.5728865759606285,0.04843520269304094,7.101724073461369,0.18513726154625737,0,7,0.24136645440827792,5.661918134654149,0.18888958319592308,0.25985794786635,0.24780765424175155,0.2663256548031732,0.25985794786635,0.3244628390117083,0.4923343978918985,0.4092115061851186
139,fresh_identity_05,identity_stress,18,19,31,0.6,middle,DEFINED,True,0.1204776360893776,0.18640541295532556,0.2415165315639699,-0.032197073616016085,0.20329178339461712,0.2517083644607521,0.40566912456173226,0.5943308754382677,0.03455945463265123,7.426009662924843,0.19874965109633588,0,7,0.24447685975934602,4.951000361400921,0.17188805459031678,0.7443369771454938,0.12677657268889633,0.12295525046361169,0.7443369771454938,0.6782950984400525,0.1288864501656098,0.19874965109633588
140,fresh_identity_05,identity_stress,19,20,31,0.6333333333333333,middle,DEFINED,True,0.2605934803384388,0.2686954624140342,0.025609032357651416,0.16079158907713945,0.2450433386068605,0.3375183808216567,0.3452084064291438,0.6547915935708561,-0.0739950565129867,5.560019519108866,0.2931823877763114,0,6,0.26906983432593706,6.045073797962896,0.21107724756682966,0.6351275404731727,0.24214014726770666,0.2295614171090762,0.6351275404731727,0.7078933621612465,0.1227323122591207,0.06254522072967716
141,fresh_identity_05,identity_stress,20,21,31,0.6666666666666666,late,DEFINED,True,0.19859276725862487,0.22935803961851614,0.07914046426067657,0.14121356697095794,0.3066553712291088,0.39412600364741707,0.42622426650034506,0.5737757334996549,0.05698451327280958,7.563327965209433,0.15841475773956373,0,7,0.2749122202073842,6.038044390784449,0.21111883439258014,0.3986307285948161,0.23462682442852734,0.23988826818150194,0.3667424469766567,0.46306980599889336,0.3986307285948161,0.2970419258196045
142,fresh_identity_05,identity_stress,21,22,31,0.7,late,DEFINED,True,0.03655620847327096,0.2053602721047924,0.09578749363233353,-0.18538677622387936,0.22954821208060802,0.2786119825593215,0.4241722645481738,0.5758277354518262,0.033211850430964,6.589778740289903,0.2690061789737603,0,7,0.2506546693638277,4.201935907502167,0.16499184911262035,0.24742154594915503,0.13547513801534256,0.07821083190484818,0.6171033160355024,0.7363877722818478,0.24742154594915503,0.18540139581330398
143,fresh_identity_05,identity_stress,22,23,31,0.7333333333333333,late,DEFINED,True,0.14038389440489735,0.15704109650763096,0.1935579850561989,0.06162879663890309,0.20846005994942296,0.3196221796706886,0.36257885286372443,0.6374211471362756,-0.026566285436085347,6.496033470956937,0.2699742998214116,0,7,0.25895223222676844,7.870096003512829,0.2495217529979561,0.3829885153828062,0.34550991388734376,0.25556442011318564,0.27150157072984993,0.21105717267970658,0.3829885153828062,0.5333784072071077
144,fresh_identity_05,identity_stress,23,24,31,0.7666666666666667,late,DEFINED,True,0.19900470812215268,0.16846348629682217,-0.05725843350413905,0.3058717156726795,0.14545995813759627,0.24395624067498894,0.43502929337970375,0.5649707066202962,-0.01311135088536689,5.0064348396205505,0.24332841605644348,2,8,0.14001499555799354,7.747028783055956,0.27349944486557404,0.13523311252001066,0.23579128245391395,0.3983042795506727,0.6289756050260755,0.49916016767383203,0.13523311252001066,0.1025355527754952
145,fresh_identity_05,identity_stress,24,25,31,0.8,late,DEFINED,True,0.4109635694553773,0.21823669332537207,0.08259602775478037,0.12076837984390942,0.24458381943871552,0.3124959152085552,0.41376227313239766,0.5862377268676023,0.04371798501045158,7.501355199940515,0.16727893901732957,0,7,0.2573293753486779,5.6678358143709,0.17798277063368956,0.517549893274163,0.11437687206039977,0.14305790062570894,0.36807323466543723,0.46683414707404924,0.517549893274163,0.39010795230024187
146,fresh_identity_05,identity_stress,25,26,31,0.8333333333333334,late,DEFINED,True,0.4462150222120159,0.3443650900833846,-0.11753042208927637,0.1861335405371758,0.2472946560822901,0.30806919773294106,0.45796878692828247,0.5420312130717175,0.0789375063477562,7.04187505562408,0.19120504623298776,0,6,0.36688700626219284,5.779944839968266,0.15559200988075897,0.7654079216045369,0.23459207839546317,0.35380981350614815,0.0,0.0,0.7654079216045369,0.6461901864938518
147,fresh_identity_05,identity_stress,26,27,31,0.8666666666666667,late,INACTIVE_TARGET,True,0.0,0.2205644851129509,,,0.20395617447701372,0.2824510560899892,0.48805966969545483,0.5119403303045451,0.10809218993176474,6.855026198893657,0.179387487809548,0,7,0.24821694215184148,7.134397090045208,0.2282069007249592,0.6405895146201324,0.12112438801254519,0.09682555666009934,0.2382860973673224,0.11424337084180557,0.6405895146201324,0.788931072498095
148,fresh_identity_05,identity_stress,27,28,31,0.9,late,DEFINED,True,0.4666693442149529,0.38439466731287747,-0.014173864974244632,-0.02887448484575305,0.21343264917296279,0.33118314639910806,0.4672721143992841,0.5327278856007158,0.04387085336747075,5.480117661839783,0.33713677037254197,0,7,0.285629394113697,7.230848029525317,0.2458437057377223,0.636247528952006,0.12121388116684802,0.0909186299163462,0.24253858988114602,0.3922390999875818,0.636247528952006,0.5168422700960721
149,fresh_identity_05,identity_stress,28,29,31,0.9333333333333333,late,DEFINED,True,0.3453737491195479,0.3694131470183067,0.13515279928828783,0.24620704324075773,0.2571482858365073,0.3251950940783966,0.5223895013169121,0.4776104986830879,0.13200310919248007,6.160913992911894,0.2853110706606905,0,7,0.2328649628689905,3.851183138504094,0.13619320698187465,0.7491816603402599,0.0,0.0,0.25081833965974004,0.18842217362889985,0.7491816603402599,0.8115778263711002
150,fresh_identity_05,identity_stress,29,30,31,0.9666666666666667,late,DEFINED,True,0.38933685136730406,0.23308651419047116,0.4144700271024872,0.05315502022886827,0.23930037198013349,0.3017453839971893,0.431954104082681,0.568045895917319,0.05432513441900206,7.150162470606724,0.20027957249042183,0,6,0.2542659639333859,10.569275531451352,0.36016192718883566,0.36702974287694873,0.13195427767058135,0.08734451548879515,0.5010159794524699,0.4948985285555607,0.36702974287694873,0.41775695595564405
151,fresh_literal_01,literal_stable,1,2,32,0.03225806451612903,early,DEFINED,True,0.28178722438712617,0.20970205911578915,0.2685640748164004,0.208488271483063,0.19413642102432846,0.307457513358552,0.46280456266987524,0.5371954373301248,0.09152010074654232,7.406007900313653,0.17969324977972134,0,7,0.2808246644156253,4.214377587978718,0.13561094595844064,0.886723660252607,0.886723660252607,0.9183489014473718,0.11327633974739312,0.08165109855262823,0.0,0.0
152,fresh_literal_01,literal_stable,2,3,32,0.06451612903225806,early,DEFINED,True,0.47537367510837186,0.2813768624675948,0.1519965617021728,0.07056130147577398,0.25355125974514847,0.2941307399077827,0.5341280530566632,0.4658719469433368,0.14316408104826714,6.0285919943171145,0.2830310006667157,0,7,0.24521589307743175,2.24599526537499,0.07481742364662834,1.0,1.0,1.0,0.0,0.0,0.0,0.0
153,fresh_literal_01,literal_stable,3,4,32,0.0967741935483871,early,DEFINED,True,0.6747746838141283,0.28692527271472146,0.05363694125259626,0.31501207479653,0.19131268292396075,0.33776622276074825,0.46206940412222375,0.5379305958777763,0.08173761799639716,6.968648285512583,0.20645565084599166,0,8,0.1595118305061322,5.7194007815594805,0.19414764919406935,0.626656950605042,0.626656950605042,0.6644210317054012,0.37334304939495794,0.3355789682945987,0.0,0.0
154,fresh_literal_01,literal_stable,4,5,32,0.12903225806451613,early,DEFINED,True,0.44357394042145615,0.1307418676249949,0.08795701095375638,0.24254665831841749,0.09889903433807906,0.24765670191979014,0.39510804302934954,0.6048919569706505,0.011824344993875505,6.848727620317086,0.23664319025441471,0,8,0.1384455498395787,6.1351085544151385,0.2006101525293401,0.5055397078540446,0.5055397078540446,0.6340567456849107,0.49446029214595544,0.3659432543150893,0.0,0.0
155,fresh_literal_01,literal_stable,5,6,32,0.16129032258064516,early,DEFINED,True,0.8468358409597192,0.31020193701059934,-0.36469195367082213,0.13371505739394002,0.3229935539345378,0.39178206146332684,0.48087616430192487,0.5191238356980752,0.11039299893904159,7.361317320821966,0.17349996159514094,0,8,0.1384375283495516,11.435149837408101,0.3639833811753601,0.1384375283495516,0.1384375283495516,0.057777716651197755,0.5157927745685751,0.48484790428026153,0.3457696970818732,0.4573743790685406
156,fresh_literal_01,literal_stable,6,7,32,0.1935483870967742,early,DEFINED,True,0.5409511688529253,0.16752504585514585,0.15575413217019546,0.16404810253282132,0.1997311246465873,0.30512469922744384,0.4746096545056434,0.5253903454943566,0.09678571981199895,7.030622655570237,0.20930384633105228,0,5,0.2514250457668067,5.32199556457866,0.17666857075611425,0.7681833203795624,0.7681833203795624,0.7109766823619484,0.23181667962043767,0.28902331763805134,0.0,0.0
157,fresh_literal_01,literal_stable,7,8,32,0.22580645161290322,early,DEFINED,True,0.48065638498656726,0.3060210490130077,0.2939815480971581,0.28408621862556066,0.24218819291899757,0.3526862207586638,0.49172074659958354,0.5082792534004165,0.11728188919095621,7.089683716643105,0.221821803536293,0,7,0.27153376767824916,8.036278521177334,0.25187680062992035,0.481333885407474,0.481333885407474,0.498501892079678,0.3906920837997091,0.3644404375755983,0.12797403079281675,0.13705767034472366
158,fresh_literal_01,literal_stable,8,9,32,0.25806451612903225,early,DEFINED,True,0.416676280606083,0.26612482796206277,0.25185644521041656,0.1326010448558604,0.2561846264966447,0.31703853028511503,0.41255735930905335,0.5874426406909466,-0.012363322904212562,5.545163641810283,0.26624416631894354,0,6,0.2511116466079066,6.201259578708549,0.18904698085486998,0.6454178178497793,0.6454178178497793,0.5085633263804091,0.23474536076975977,0.2251925073006473,0.11983682138046109,0.26624416631894354
159,fresh_literal_01,literal_stable,9,10,32,0.2903225806451613,early,DEFINED,True,0.6423986225140599,0.21289442077041973,-0.10936896052800564,-0.13386885896742565,0.2938504799771889,0.342603239647993,0.4394837134857782,0.5605162865142218,0.04602631949583825,6.48434052115205,0.2619860729215326,0,7,0.25034140327229526,6.452330184584461,0.20319703944567272,0.3736718335220934,0.3736718335220934,0.35330779237046667,0.48926577166862806,0.38470613470800075,0.13706239480927873,0.2619860729215326
160,fresh_literal_01,literal_stable,10,11,32,0.3225806451612903,early,DEFINED,True,0.6845834103672979,0.2569114588567801,0.15539992050047768,0.031769456897496495,0.2775807536414165,0.32949206396242614,0.4565651208189689,0.5434348791810311,0.07821461113314887,7.077748199883319,0.2001409193080473,0,8,0.13784441367229378,5.205237190348324,0.17384973772771656,0.36798043213036447,0.36798043213036447,0.2638094380796485,0.5136104138132271,0.6500608059282189,0.11840915405640845,0.08612975599213242
161,fresh_literal_01,literal_stable,11,12,32,0.3548387096774194,middle,DEFINED,True,0.40369435765834644,0.15888717104114256,0.02007724608165232,0.1338074055515873,0.23363031864026984,0.28969705684883723,0.3935914292662583,0.6064085707337417,0.007336183331536394,6.726365825644949,0.1882763769865403,0,8,0.13540634558686707,4.710442607961124,0.16952387309003375,0.8727514998750387,0.0,0.0,0.8727514998750387,0.9936398214840175,0.12724850012496125,0.006360178515982535
162,fresh_literal_01,literal_stable,12,13,32,0.3870967741935484,middle,DEFINED,True,0.2814847400840305,0.44276662862215993,0.08021376263146471,0.13018889581375626,0.24854287264352548,0.33859341502960466,0.5520685512652388,0.4479314487347612,0.022264127781442853,3.460821346689314,0.4959578323799765,0,8,0.148172396935623,6.490017245838833,0.20733642150528425,0.3555230640184654,0.4963045390459115,0.7445552352639506,0.3555230640184654,0.19869694844317667,0.148172396935623,0.056747816292872566
163,fresh_literal_01,literal_stable,13,14,32,0.41935483870967744,middle,DEFINED,True,0.36384392035877605,0.4546749652148106,0.26384939214674824,-0.16173768896741342,0.2682753363672844,0.34770090636597994,0.5388175584761122,0.46118244152388777,0.10251950580467849,4.778792815139903,0.31731520349465986,0,7,0.23837094682191481,6.222845682411577,0.21681741033131519,0.6271610343397894,0.11786862240282064,0.06212343266060833,0.6271610343397894,0.8101996852059182,0.25497034325739,0.1276768821334735
164,fresh_literal_01,literal_stable,14,15,32,0.45161290322580644,middle,DEFINED,True,0.10203741983989066,0.1006186648213867,0.11689915214261554,,0.1333349327747367,0.1665286401957065,0.6487912522566065,0.3512087477433935,0.014901518710686474,2.426180208392711,0.49136814475861273,2,8,0.12825815956822378,4.011585185653772,0.11846228450816654,0.6247211664431216,0.37527883355687836,0.8996405162915093,0.6247211664431216,0.10035948370849081,0.0,0.0
165,fresh_literal_01,literal_stable,15,16,32,0.4838709677419355,middle,DEFINED,True,0.38385427312853776,0.1507301573175439,0.031017209352198576,-0.1534518831774099,0.10344067582547924,0.18513655762613854,0.408957083344149,0.5910429166558511,-0.01637600562830555,5.535156735222358,0.2782493481368402,1,7,0.25029681190864783,4.026254007501574,0.14054434639272972,0.6405073756137079,0.12063995468864723,0.18513246037581113,0.6405073756137079,0.344298214009177,0.2388526696976449,0.47056932561501197
166,fresh_literal_01,literal_stable,16,17,32,0.5161290322580645,middle,DEFINED,True,0.32460818493576427,0.20239804464098293,0.03363976235632185,0.07232467681021176,0.24861588972047324,0.3492286221752017,0.45847957134802336,0.5415204286519766,0.09203695443302687,7.683756074509226,0.14940730443567596,0,7,0.23566007533969774,5.69140385370855,0.20311754554581513,0.24844658419078108,0.3564463745597389,0.34870767484246623,0.24844658419078108,0.2486231637771857,0.39510704124948004,0.40266916138034803
167,fresh_literal_01,literal_stable,17,18,32,0.5483870967741935,middle,DEFINED,True,0.6852213027613072,0.47782423243495015,0.23100838913641958,0.22142681126415698,0.2526590730858694,0.3779279523077127,0.5348583264820702,0.4651416735179298,0.07672372670039303,4.410210577622107,0.3883010838204865,0,7,0.25548396276874186,5.87277331798423,0.173813831076034,0.6295967984178577,0.2635906557729674,0.06673418356203445,0.6295967984178577,0.9095216851971336,0.10681254580917483,0.023744131240831974
168,fresh_literal_01,literal_stable,18,19,32,0.5806451612903226,middle,DEFINED,True,0.4323485751301673,0.2695280351052056,0.44639923948329674,0.10051960823806624,0.16006756027256816,0.23730764335295698,0.4096761381344085,0.5903238618655915,0.01447138829369817,6.426110917691243,0.22170196964214414,0,7,0.2366658713836751,6.792370368323747,0.19376345066321365,0.6353303638944837,0.36466963610551634,0.2635270622287725,0.6353303638944837,0.7364729377712277,0.0,0.0
169,fresh_literal_01,literal_stable,19,20,32,0.6129032258064516,middle,DEFINED,True,0.3670550273610788,0.408596089610635,-0.09871236004695132,0.028016539350044473,0.22257889222512675,0.3080397277293484,0.4046657371036306,0.5953342628963694,-0.03616994795888269,5.182811259078432,0.29925910649358023,0,7,0.2620167389714332,7.119806838523523,0.21514758697659025,0.634737918491406,0.24145857816783795,0.43436654525101137,0.634737918491406,0.5178958444203803,0.12380350334075621,0.047737610328608335
170,fresh_literal_01,literal_stable,20,21,32,0.6451612903225806,middle,DEFINED,True,1.110584235717196,0.23510379678409893,-0.38350163881987703,-0.05663053711152699,0.2252863416366578,0.30845946075013964,0.37924670244055525,0.6207532975594447,0.011852703908340582,7.48736215253468,0.20318012739452268,0,6,0.35759138816441083,6.723756373451472,0.21480206065942303,0.3944209005290244,0.11861610532167688,0.20318012739452268,0.3944209005290244,0.3601196111451417,0.4869629941492986,0.43670026146033575
171,fresh_literal_01,literal_stable,21,22,32,0.6774193548387096,late,DEFINED,True,1.2789445803794974,0.17628421358258908,0.16984015903981892,0.17573530302697327,0.1531505011766515,0.3182165086564675,0.3463162832117514,0.6536837167882485,-0.047704556198907844,6.249746657869155,0.25350705765288295,0,7,0.22698710827928564,9.098017182754141,0.28408431258129685,0.2673263699328045,0.5149552149539754,0.4597745085658995,0.21771841511322015,0.1587472431647817,0.2673263699328045,0.38147824826931886
172,fresh_literal_01,literal_stable,22,23,32,0.7096774193548387,late,DEFINED,True,0.2936153222579798,0.17267485398262442,-0.15712433042995827,-0.26717961279002156,0.16841653130094025,0.21830846563174866,0.5041724913458793,0.49582750865412073,0.0458731455604086,4.580173362863637,0.28335463222156554,2,8,0.13136127965122213,3.987034990004625,0.11978317316152712,0.5076831886129459,0.0,0.0,0.4923168113870541,0.512841514272205,0.5076831886129459,0.4871584857277949
173,fresh_literal_01,literal_stable,23,24,32,0.7419354838709677,late,DEFINED,True,1.8181377766763818,0.48229162016075217,-0.43833444921932063,-0.03593874318144152,0.2634024280945205,0.33109213508965984,0.4130303688978034,0.5869696311021966,0.01790021630217622,6.431821971695437,0.22249749788447923,0,6,0.2518370492934705,10.343331077252156,0.30006502405342705,0.373226584576873,0.36751359071064305,0.4074751336053113,0.2592598247124838,0.31982083005278084,0.373226584576873,0.2727040363419079
174,fresh_literal_01,literal_stable,24,25,32,0.7741935483870968,late,DEFINED,True,0.5857213218960614,0.2437736922381048,0.1546132218700684,-0.19279150963939415,0.19265184664320123,0.2704303967126305,0.3611601763312594,0.6388398236687406,-0.02076750392483234,6.750921336325484,0.19748821211153894,0,6,0.25616522500218697,6.850768472728876,0.19706824264380862,0.6245512119567675,0.11698650710654106,0.07876766369396399,0.2584622809366915,0.34639655890204346,0.6245512119567675,0.5748357774039927
175,fresh_literal_01,literal_stable,25,26,32,0.8064516129032258,late,DEFINED,True,0.1871009523177732,0.4288825759562817,0.2944908174056073,0.14190243620788656,0.28703357770287913,0.35850643930679454,0.5627283960536738,0.43727160394632625,0.11204044222767816,4.339494591590552,0.3351199292757375,0,8,0.14001083416325957,5.589786399358137,0.2183973958049763,0.523670004232787,0.0,0.0,0.476329995767213,0.7901643740134632,0.523670004232787,0.20983562598653677
176,fresh_literal_01,literal_stable,26,27,32,0.8387096774193549,late,DEFINED,False,0.1198228921520765,0.2385386935303614,0.16854836761638928,0.3070133237534145,0.14789225390166652,0.43683139162069323,0.48363249874303815,0.5163675012569618,0.11765911049082776,7.590598314846933,0.17759345964582404,0,8,0.18410395787440836,5.1372292309977166,0.11619032857848373,0.7719804005893165,0.08774429266830776,0.15794401243993245,0.14027530674237582,0.13142213710024087,0.7719804005893165,0.7106338504598269
177,fresh_literal_01,literal_stable,27,28,32,0.8709677419354839,late,DEFINED,True,1.2843007422172346,0.2818317889740692,0.11202872087312671,-0.0971109664085912,0.2290277373379515,0.41496698649103775,0.4768064538200167,0.5231935461799833,0.0638836358560564,5.726856845993246,0.307914331448937,0,7,0.28357968106579845,6.347850983106683,0.1873013676143551,0.7894836059920946,0.21051639400790556,0.3851459129582866,0.0,0.0,0.7894836059920946,0.6148540870417135
178,fresh_literal_01,literal_stable,28,29,32,0.9032258064516129,late,DEFINED,True,1.0815572833799505,0.26615417760881205,0.10655010708235904,0.10140915768652628,0.18582820165182454,0.2970706302105368,0.42120251845280143,0.5787974815471986,0.042606392376047436,7.1020541236186165,0.19025583853026481,0,6,0.26139085079485513,6.875080819308751,0.18899035067765999,0.7582571569028494,0.11503063641558779,0.14558178992854948,0.1267122066815627,0.14967017953708586,0.7582571569028494,0.7047480305343647
179,fresh_literal_01,literal_stable,29,30,32,0.9354838709677419,late,DEFINED,True,0.3055376057372805,0.3382958899335428,0.08088290201438879,0.19685087020490008,0.28550659580344195,0.41504537494791227,0.39832248751163596,0.601677512488364,-0.041066738209875546,5.212434531520046,0.29758733179328156,0,8,0.1714917596750693,6.698638741224485,0.18571035138411157,0.7704271800830891,0.0,0.0,0.22957281991691098,0.37685131100479907,0.7704271800830891,0.6231486889952009
180,fresh_literal_01,literal_stable,30,31,32,0.967741935483871,late,DEFINED,True,0.36244255763198685,0.2505180632346734,-0.036356123322188294,-0.07985724373450648,0.31532314691330066,0.3865720125715728,0.46727398992140606,0.532726010078594,0.05396341663872258,5.755125784668639,0.3066699598168975,0,7,0.25879087307528875,6.4800495965526945,0.11262112935415254,0.8833334237026371,0.0,0.0,0.11666657629736289,0.1800658106688838,0.8833334237026371,0.8199341893311161
181,fresh_literal_02,literal_stable,1,2,31,0.03333333333333333,early,DEFINED,True,0.5315331856059163,0.1750282242001477,0.1273030925113143,0.0319367673001682,0.25032933792852824,0.3177534235013061,0.414649616958383,0.585350383041617,0.04507148997587553,7.527253049041905,0.1697336260822127,0,7,0.2603182872858518,4.9413538283085385,0.15679927091481122,0.8817578071520008,0.8817578071520008,0.8638657145394162,0.11824219284799906,0.13613428546058376,0.0,0.0
182,fresh_literal_02,literal_stable,2,3,31,0.06666666666666667,early,DEFINED,True,0.26188121426235933,0.23133785730723183,0.22666171512093602,0.11359632533446215,0.19284448017193898,0.32710072519976374,0.5151316531916501,0.4848683468083499,0.10565302221221047,5.599902506231228,0.3233766010577599,0,7,0.26137408349091273,2.8332989970866045,0.09806250124836371,1.0,1.0,1.0,0.0,0.0,0.0,0.0
183,fresh_literal_02,literal_stable,3,4,31,0.1,early,DEFINED,True,0.5933295242879925,0.17239989421274668,0.17891096647424531,0.003120235712641618,0.3004135710156721,0.34807926546474,0.3376024479318719,0.6623975520681281,-0.02230284763813483,7.50158421438173,0.2001969289493944,0,8,0.13657924167560728,1.4810246301889005,0.04922309542974697,1.0,1.0,1.0,0.0,0.0,0.0,0.0
184,fresh_literal_02,literal_stable,4,5,31,0.13333333333333333,early,DEFINED,True,0.7670862221281727,0.2600595654892759,0.22227061014469612,-0.11328703457784355,0.2215576601550628,0.3523727554459981,0.3873980830233667,0.6126019169766332,0.010721648869149704,7.098948069146445,0.19755827855635932,0,7,0.23851581587708484,8.232656242188272,0.27674236577593975,0.3654322007237015,0.3654322007237015,0.3524563579567344,0.5091334646474943,0.4800302446718982,0.12543433462880435,0.16751339737136742
185,fresh_literal_02,literal_stable,5,6,31,0.16666666666666666,early,DEFINED,True,0.4456507448321561,0.2035851906900022,0.14082565977423342,-0.06412303344471439,0.21898325423370343,0.2485028770935862,0.48566470453433763,0.5143352954656624,0.10625462659719714,6.895354577182603,0.20259952206631787,0,8,0.1307075471410823,7.611407712936153,0.24657055008915307,0.25289343227893574,0.25289343227893574,0.2519931330470331,0.7471065677210642,0.7480068669529669,0.0,0.0
186,fresh_literal_02,literal_stable,6,7,31,0.2,early,DEFINED,True,0.448465133598788,0.27020295918349574,0.18743670499999746,-0.005427727988607431,0.21730665502703522,0.3143112561478338,0.5397339526265357,0.4602660473734643,0.1560886330065724,6.240835218969468,0.24084178659563013,0,6,0.3704651626023855,6.436519292185294,0.2300611912990739,0.6085956600535295,0.6085956600535295,0.6536108121223799,0.2710045996054763,0.2945561038037037,0.12039974034099432,0.051833084073916486
187,fresh_literal_02,literal_stable,7,8,31,0.23333333333333334,early,DEFINED,True,0.4447505970228021,0.593405650462076,-0.2185652239095934,0.05424650546681891,0.19231759646857613,0.30168331981379565,0.4719966380481685,0.5280033619518315,0.038672563413589454,5.221533359582446,0.3083464695332274,0,7,0.2762965864640697,3.19647756345163,0.10682308578105906,0.6291253752626425,0.6291253752626425,0.6175451893203598,0.3708746247373576,0.3824548106796402,0.0,0.0
188,fresh_literal_02,literal_stable,8,9,31,0.26666666666666666,early,INACTIVE_TARGET,True,0.0,0.10483683491980919,,,0.10158629252647275,0.14169963725584603,0.47408054514691694,0.525919454853083,-0.03657743774284857,3.966548911217571,0.35247840017223614,1,8,0.1292123251944359,3.123621951626837,0.09422678543628252,0.37551517973139614,0.37551517973139614,0.6986126270080776,0.6244848202686039,0.30138737299192236,0.0,0.0
189,fresh_literal_02,literal_stable,9,10,31,0.3,early,INACTIVE_TARGET,True,0.0,0.14379513378245246,,,0.08228253391678332,0.2717551591018041,0.42206851242735394,0.577931487572646,0.029651488266153225,6.5347584613573595,0.2109750155588353,0,7,0.24111543582654968,6.843363287436871,0.20896044211195852,0.2759025380196848,0.2759025380196848,0.2983240858210621,0.5131870797132092,0.3632464655441286,0.21091038226710596,0.3384294486348093
190,fresh_literal_02,literal_stable,10,11,31,0.3333333333333333,middle,DEFINED,True,0.302839694158362,0.5117147389794229,-0.22110270889449996,0.16214867060839644,0.32343088368832507,0.3628001713475703,0.46214098845009194,0.537859011549908,-0.020540831626294356,4.359140966902367,0.3527716768035897,0,6,0.365535097970615,6.3287914162051155,0.21359542068792695,0.38076029212783224,0.4853184390350006,0.5361804037807483,0.38076029212783224,0.41090347095765817,0.13392126883716707,0.05291612526159364
191,fresh_literal_02,literal_stable,11,12,31,0.36666666666666664,middle,DEFINED,True,0.5072039281269095,0.3083901530391353,0.08338786492119328,0.10355211897616025,0.20437722652746212,0.3085087505675273,0.47597070153703885,0.5240292984629611,0.014702549616898,4.651017725114773,0.3996093004619908,0,8,0.1449330225809208,5.988497776783624,0.21581351667961202,0.2327672540418424,0.5287262841253779,0.380537656721044,0.2327672540418424,0.4601021890426273,0.23850646183277957,0.1593601542363286
192,fresh_literal_02,literal_stable,12,13,31,0.4,middle,DEFINED,True,0.6086893804705341,0.39974983074338877,0.12280956986309012,0.1219093263522051,0.26516720462548793,0.3182819087086417,0.45692664314486364,0.5430733568551364,0.019454442534112708,5.179096969161199,0.3115938626271056,0,7,0.23890850745956652,3.5220840262303166,0.1074189656736427,0.8708792510645131,0.1291207489354868,0.10013731483560205,0.8708792510645131,0.8998626851643977,0.0,0.0
193,fresh_literal_02,literal_stable,13,14,31,0.43333333333333335,middle,DEFINED,True,2.227895170757196,0.2465722928460575,0.3328315177206358,0.39026430844747284,0.25218679771298097,0.2969251517710516,0.47082481586571345,0.5291751841342865,0.10173699625563792,7.4893314227766465,0.20451759380543477,0,7,0.25377691515043804,11.499586789287825,0.3674136972806643,0.11818289031984881,0.13065421608730665,0.09557780160048174,0.11818289031984881,0.20451759380543477,0.7511628935928446,0.6999046045940835
194,fresh_literal_02,literal_stable,14,15,31,0.4666666666666667,middle,DEFINED,True,0.4689058454833107,0.32333172046025144,0.08607472649516631,-0.07979898496414499,0.22521115399304473,0.28945581063452047,0.40036414026129485,0.5996358597387051,-0.008539580037342063,5.973662607131596,0.2754585908765057,0,6,0.26593351807424526,6.050105522190025,0.1767259971598328,0.515390421479256,0.11903745265692194,0.11351233098854956,0.515390421479256,0.48219897920479643,0.36557212586382193,0.40428868980665417
195,fresh_literal_02,literal_stable,15,16,31,0.5,middle,DEFINED,True,0.49529399657464557,0.2682631003330341,0.13744495239820417,-0.09117691932565579,0.20594063980095512,0.28506775020517333,0.36008359061547857,0.6399164093845214,-0.007065212065890278,7.365604199513168,0.1974532151586122,0,7,0.2703015562103292,9.6739981365042,0.29873745475699365,0.23377110908936624,0.13853082514644516,0.1974532151586122,0.23377110908936624,0.2714449868940758,0.6276980657641886,0.5311017979473119
196,fresh_literal_02,literal_stable,16,17,31,0.5333333333333333,middle,DEFINED,True,0.3239650619628182,0.26261853595990464,-0.24009380096580676,-0.185341649360921,0.15576827053518472,0.21050662886253188,0.5443416559910139,0.4556583440089861,0.13674988302283625,5.410260583260259,0.3445848124601634,0,6,0.26014730969870536,5.5459977009286465,0.1697866489832533,0.5069868692691958,0.0,0.0,0.5069868692691958,0.6926855560638246,0.4930131307308042,0.30731444393617524
197,fresh_literal_02,literal_stable,17,18,31,0.5666666666666667,middle,DEFINED,True,0.5280706991781703,0.2142097114186939,-0.0751292195790844,-0.10668876717193826,0.27952571821768984,0.3977918632130376,0.48721180545550674,0.5127881945444932,0.09896357714536104,6.509825337813644,0.2659574029737686,0,8,0.15350623306750202,4.918254877100473,0.16382079238518396,0.7291542877858526,0.12932307270634116,0.12035332472463026,0.7291542877858526,0.743404046509561,0.14152263950780625,0.13624262876580873
198,fresh_literal_02,literal_stable,18,19,31,0.6,middle,DEFINED,True,0.355560395971564,0.2874613694547399,-0.08728927534084831,-0.2758079466172599,0.23072144548489562,0.2970009139640612,0.42664331185089915,0.5733566881491008,-0.008741652969893406,5.287843545906391,0.29707805893558975,0,7,0.24567618310690764,3.9717783252371976,0.12751836240835135,0.3904075351400998,0.13213418971816918,0.03681159556544601,0.3904075351400998,0.44126955815234603,0.4774582751417311,0.5219188462822081
199,fresh_literal_02,literal_stable,19,20,31,0.6333333333333333,middle,DEFINED,True,0.3886887429788586,0.16301137802443583,0.017006533352010193,0.09780550924558587,0.1386439226457179,0.2025329320897671,0.4836206633175255,0.5163793366824745,0.04014291042627454,4.954202478478552,0.2879753397916607,2,7,0.24816199796388203,2.346974766963835,0.08248912234947882,0.8731973981448737,0.0,0.0,0.8731973981448737,1.0,0.12680260185512618,0.0
200,fresh_literal_02,literal_stable,20,21,31,0.6666666666666666,late,DEFINED,True,0.6487018219344449,0.16565986813239483,0.19685284321622482,-0.1400849992083781,0.29012958931889754,0.32250523108197904,0.33491846926691576,0.6650815307330842,-0.04568343729020976,6.624378480323883,0.19920919628904551,0,8,0.1318322474623548,3.31976269753721,0.11785368428358103,0.49662283101428845,0.0,0.0,0.5033771689857115,0.607290827745722,0.49662283101428845,0.3927091722542779
201,fresh_literal_02,literal_stable,21,22,31,0.7,late,DEFINED,True,0.24569642455419072,0.25531162897916715,0.28928096553062776,0.10288174856490183,0.2606783760011884,0.3111284967204536,0.4387858311686455,0.5612141688313546,0.06386372654965318,7.2755227985233955,0.17266424066465838,0,8,0.1368531875832942,4.970290766379219,0.1432196049301797,0.4930504434067808,0.11952958733128415,0.12526897692462896,0.3874199692619351,0.46695306388162094,0.4930504434067808,0.40777795919375015
202,fresh_literal_02,literal_stable,22,23,31,0.7333333333333333,late,DEFINED,True,0.37616156887024504,0.19973534902318818,0.02886157232064085,-0.06131976414098257,0.15849430233398792,0.23804279813776222,0.39631715950984064,0.6036828404901593,-0.0007434938978042845,6.341413833286658,0.2432709593303009,0,8,0.13608179883111218,4.366647193761653,0.10944084321771891,0.6162724361537543,0.0,0.0,0.38372756384624596,0.4799584444950198,0.6162724361537543,0.5200415555049802
203,fresh_literal_02,literal_stable,23,24,31,0.7666666666666667,late,DEFINED,True,0.2911218963171341,0.48637732786406596,-0.2343531112364324,-0.030227776762877235,0.23960440212852158,0.2963126376142287,0.43387595206449,0.5661240479355101,-0.05995329827838355,4.270533015130844,0.34887138954915997,0,8,0.1364979467705568,7.495965671227353,0.25926883726871,0.1364979467705568,0.11905703879894645,0.34887138954915997,0.7444450144304967,0.599710091403376,0.1364979467705568,0.05141851904746375
204,fresh_literal_02,literal_stable,24,25,31,0.8,late,DEFINED,True,0.7082328739353503,0.6441269861665322,-0.2770284630854439,-0.4768057719924441,0.2572699193489159,0.30189048455860157,0.42531001219824477,0.5746899878017553,-0.01392006605193428,5.204696756537751,0.29248524051337965,0,5,0.3799737164539918,14.344000856472915,0.4701055596235344,0.0,0.499260835249138,0.6060026586271177,0.500739164750862,0.3939973413728822,0.0,0.0
205,fresh_literal_02,literal_stable,25,26,31,0.8333333333333334,late,DEFINED,True,1.7466824150996783,0.22844744385648555,-0.036582616219726215,-0.10017898429179797,0.27876488866726257,0.3333876634981146,0.4146442895140536,0.5853557104859464,0.030135774696296875,6.839947094646208,0.22131426107130697,0,8,0.136010216764475,13.393349559798938,0.4225922580425562,0.2549223828290355,0.6112657422672865,0.5151983136917001,0.13381187490367796,0.12236748130904154,0.2549223828290355,0.36243420499925827
206,fresh_literal_02,literal_stable,26,27,31,0.8666666666666667,late,DEFINED,True,0.3580942469055502,0.1636802675444737,0.10308727281308733,0.2442783075853244,0.18403091351974765,0.2280357928399386,0.39955917915715067,0.6004408208428493,0.012145569335138943,6.697228802836243,0.1818329677893791,1,7,0.24352126756491177,8.362354850948105,0.259786171260367,0.4928244258586165,0.12656731480888767,0.17668656764318072,0.38060825933249576,0.48893891017207086,0.4928244258586165,0.3343745221847485
207,fresh_literal_02,literal_stable,27,28,31,0.9,late,INACTIVE_TARGET,False,0.0,0.2711455427964287,,,0.09823958213279844,0.44531962805159525,0.4810927621150576,0.5189072378849424,0.06563872042179272,5.635080418416186,0.248647471609655,1,7,0.295195045938469,6.166450476616564,0.1892613276223803,0.6150689362461277,0.0,0.0,0.38493106375387237,0.35813360117041515,0.6150689362461277,0.6418663988295848
208,fresh_literal_02,literal_stable,28,29,31,0.9333333333333333,late,DEFINED,True,0.6538737423398475,0.2899431198707637,0.1510703421384808,0.300480140370234,0.2949519998531104,0.36686235527182415,0.5321411933247236,0.46785880667527635,-0.01266540481383875,3.423021185943152,0.5042308469397354,0,7,0.24006793001361,7.514984738157343,0.25346206067136906,0.6238379577852711,0.13143868880707912,0.08263538826680152,0.24472335340764984,0.5702886969214748,0.6238379577852711,0.34707591481172373
209,fresh_literal_02,literal_stable,29,30,31,0.9666666666666667,late,DEFINED,True,0.45145266025177494,0.25612989858610874,0.11706861353381832,0.14962578339630073,0.2226930685383534,0.3078469224300036,0.4499272761962507,0.5500727238037493,-0.041696496866810026,4.266956184977695,0.4076768064507687,0,8,0.1428536961765284,10.201507865539838,0.3159162395942189,0.5106782902392747,0.11488679619759336,0.12957077062930042,0.374434913563132,0.6529087951024588,0.5106782902392747,0.21752043426824066
210,fresh_literal_03,literal_stable,1,2,32,0.03225806451612903,early,DEFINED,True,0.3042247239451165,0.15491644842700614,0.2495960666714139,0.28652492794733925,0.27405871007347604,0.33998411988772514,0.3835444822130303,0.6164555177869697,0.012660783795242353,7.343783052163501,0.19644848422355868,0,8,0.14010756421866555,1.6195209909363126,0.055064800262904584,0.8840862786456608,0.8840862786456608,0.9025463519957175,0.11591372135433911,0.09745364800428226,0.0,0.0
211,fresh_literal_03,literal_stable,2,3,32,0.06451612903225806,early,DEFINED,True,0.2422054949573262,0.2975803206916505,0.09886767564020833,0.25409462552899137,0.2651498513428886,0.30832484608509114,0.517600350303989,0.482399649696011,0.09790850100299517,5.306369964815512,0.34476546215508186,0,7,0.2587330071714298,3.280968942364431,0.10595149364658289,0.8725114034507337,0.8725114034507337,0.858641623740309,0.12748859654926628,0.14135837625969103,0.0,0.0
212,fresh_literal_03,literal_stable,3,4,32,0.0967741935483871,early,DEFINED,True,0.46250052961802374,0.2551760362059373,0.38755220399548196,0.2736576320692953,0.23284212231767062,0.31720025205662855,0.4190642122562372,0.5809357877437629,0.04195624769950272,7.167843998790264,0.22537961042939886,0,7,0.25147194219605207,2.0225595400519523,0.06494792908669796,0.8863822733275608,0.8863822733275608,0.8750177015383293,0.11361772667243916,0.12498229846167068,0.0,0.0
213,fresh_literal_03,literal_stable,4,5,32,0.12903225806451613,early,DEFINED,True,0.5636149283176525,0.23063086456361948,0.3715924928121521,-0.021980316170684643,0.2844016762604471,0.3584659109491752,0.3947043681511,0.6052956318489,0.016142316034686403,7.045207044089609,0.23223995814214868,0,7,0.25877946638136784,5.6061607765669805,0.18411851721001848,0.7535232474658611,0.7535232474658611,0.7381978924216336,0.24647675253413895,0.2618021075783663,0.0,0.0
214,fresh_literal_03,literal_stable,5,6,32,0.16129032258064516,early,DEFINED,True,0.8121546200455403,0.20984161399066867,0.14462281011133934,-0.03486916762473037,0.3085719456406992,0.36493422773996614,0.42334218433676046,0.5766578156632396,0.0056139195856310725,5.727875822115144,0.27715378516864225,0,7,0.24533163909625716,2.2935676124866387,0.06910164884126724,0.7591949184629625,0.7591949184629625,0.8431333481886814,0.24080508153703767,0.15686665181131862,0.0,0.0
215,fresh_literal_03,literal_stable,6,7,32,0.1935483870967742,early,DEFINED,True,0.8878255705720383,0.3059407474672407,0.014832368412139892,0.3972155653731452,0.1423261059909658,0.33609044643371444,0.45742136697383906,0.5425786330261609,0.06559308160375577,6.505144439219319,0.25145186968323585,0,8,0.1643697013687257,5.068650495400386,0.17724251387794673,0.76253490151887,0.76253490151887,0.767666071289092,0.13234940653963123,0.09143906573963463,0.10511569194149875,0.14089486297127332
216,fresh_literal_03,literal_stable,7,8,32,0.22580645161290322,early,DEFINED,True,0.36126099144592455,0.14532770280659685,0.3103854294320304,-0.09642437527755934,0.2548303324033915,0.2813683739478208,0.3661671900760614,0.6338328099239385,-0.02196860408094203,6.549107030167946,0.18996617837033525,1,8,0.1305710164327835,9.965266357769117,0.3189336025813656,0.3751638602583385,0.3751638602583385,0.4227587817537359,0.25440776866658843,0.2974381005345452,0.3704283710750731,0.2798031177117189
217,fresh_literal_03,literal_stable,8,9,32,0.25806451612903225,early,DEFINED,True,0.38897884369748104,0.3659353884903643,-0.1812490502126258,0.18480027957153697,0.2312299902854511,0.3144510273866107,0.4765687625770073,0.5234312374229927,0.08556962206268981,6.460206589495624,0.23613343128223815,0,6,0.24242831677796334,6.649798561056365,0.2183179791364458,0.5121541464661401,0.5121541464661401,0.5185191571125736,0.1256698002492268,0.08798021461910012,0.3621760532846331,0.39350062826832644
218,fresh_literal_03,literal_stable,9,10,32,0.2903225806451613,early,DEFINED,True,0.3121961916985651,0.27968206182568905,0.23173722760843812,-0.016834545965278537,0.26315708190558085,0.3283711053621955,0.443944912991297,0.556055087008703,0.07822345843399045,7.754908395599377,0.1576788545858496,0,7,0.24292396243116465,4.988521372823094,0.15843262655909165,0.7755702700713871,0.7755702700713871,0.7128981266050356,0.11247973859154876,0.1576788545858496,0.11194999133706418,0.12942301880911478
219,fresh_literal_03,literal_stable,10,11,32,0.3225806451612903,early,DEFINED,True,0.3995219585595626,0.21000167297761627,0.33351382366790244,0.2621913087334088,0.1961450599615426,0.2944174116389049,0.5173640240041342,0.48263597599586583,0.1418670201137725,6.821487455782976,0.17542157901270927,0,7,0.24521448530735615,5.570811751140294,0.18956779362157403,0.655759984729015,0.655759984729015,0.626375561986808,0.23445436088313926,0.23651297655736891,0.10978565438784575,0.13711146145582295
220,fresh_literal_03,literal_stable,11,12,32,0.3548387096774194,middle,DEFINED,True,0.28987889614475415,0.26484382093870973,-0.16709958428800709,-0.023298603999979368,0.1658073692082909,0.2987063417108375,0.44920285820554573,0.5507971417944543,-0.019920822563715596,4.60037113803631,0.3883967135573848,0,7,0.2580135791016131,8.374130034307656,0.2943351816347241,0.23203030500208743,0.40494779936840175,0.2883842946393881,0.23203030500208743,0.544858416623045,0.3630218956295109,0.16675728873756698
221,fresh_literal_03,literal_stable,12,13,32,0.3870967741935484,middle,DEFINED,True,0.0722437307781223,0.12852527473643707,-0.24044620851291887,0.04075903036515063,0.11899942771426891,0.1510770556437666,0.5046176752349086,0.49538232476509136,-0.009808799856008747,3.8185562800445405,0.36045777410440555,0,8,0.12747189895621208,2.5053596532334383,0.07735754881364851,0.4992684674385053,0.5007315325614947,0.4008559555975759,0.4992684674385053,0.5991440444024241,0.0,0.0
222,fresh_literal_03,literal_stable,13,14,32,0.41935483870967744,middle,INACTIVE_TARGET,True,0.0,0.0014455007401064307,,,0.08047739012482043,0.25210097046028485,0.9999999999999999,1.1102230246251565e-16,,1.0,1.0,7,8,0.1431274331487222,2.9790537561473927,0.09886727822444641,0.7478910224990486,0.2521089775009513,0.0,0.7478910224990486,1.0,0.0,0.0
223,fresh_literal_03,literal_stable,14,15,32,0.45161290322580644,middle,DEFINED,True,0.2427385514156136,0.3027831778287308,0.4258459127207133,0.09859666622553745,0.23046343546931158,0.326000919927639,0.44915650294519405,0.550843497054806,0.042886007182531806,6.025058305552631,0.29153742431307195,0,7,0.266473020862351,5.562961184065015,0.18502917960263052,0.6444092981774447,0.35559070182255526,0.2908207337020893,0.6444092981774447,0.7091792662979108,0.0,0.0
224,fresh_literal_03,literal_stable,15,16,32,0.4838709677419355,middle,DEFINED,True,0.9631140791691454,0.1942762026753123,0.1624173000460171,0.13717078069414476,0.2472013526834413,0.31947235381384576,0.42462273735062545,0.5753772626493745,0.049477896896810175,7.26551255816399,0.20705580771254842,0,6,0.26334485761596105,8.578792804644028,0.2887643522644555,0.35566953172030613,0.507044586078189,0.5240088846205974,0.35566953172030613,0.3607443434404919,0.13728588220150498,0.11524677193891081
225,fresh_literal_03,literal_stable,16,17,32,0.5161290322580645,middle,DEFINED,True,0.9084424395718503,0.2228634006000401,-0.1606127995392678,-0.07066655863163404,0.2747108050077873,0.3481597477574133,0.3579973495660053,0.6420026504339946,-0.012510143618325946,7.197653929780359,0.19585400165156813,0,7,0.25725020775074503,5.4673046363741085,0.17886982259042786,0.4725505109148515,0.40834509440346034,0.43038900821678133,0.4725505109148515,0.4487681043023819,0.11910439468168807,0.12084288748083681
226,fresh_literal_03,literal_stable,17,18,32,0.5483870967741935,middle,DEFINED,True,0.5141817772250682,0.2901708542556295,0.32845661385477737,0.3910577247218921,0.24723116812878634,0.37788008626035596,0.4902645206976372,0.5097354793023627,0.0939595523480307,6.188811528749607,0.2850249125389422,0,8,0.15538350524742592,8.488954418953913,0.28250088589497935,0.27697817890218374,0.367379649014261,0.25172906788741506,0.27697817890218374,0.3456969876019303,0.3556421720835552,0.40257394451065465
227,fresh_literal_03,literal_stable,18,19,32,0.5806451612903226,middle,DEFINED,True,0.5814419714858782,0.18910351961747685,0.4882165151871551,0.07618863973104549,0.21973797651068974,0.2980123302733217,0.4507946983445151,0.549205301655485,0.06583495337177811,6.799817159299313,0.19236836146796157,0,8,0.13662032204653524,4.743291911472231,0.14735855429677794,0.6510049327251666,0.0,0.0,0.6510049327251666,0.7158588736114752,0.3489950672748335,0.2841411263885249
228,fresh_literal_03,literal_stable,19,20,32,0.6129032258064516,middle,DEFINED,True,1.5298612360770711,0.34973768996253873,-0.05655618804658407,0.04688174113525607,0.27367150568230186,0.3577906442790143,0.45594342500101476,0.5440565749989852,0.08380044344535251,7.383706417595702,0.2007771844866776,0,7,0.2507806156203858,7.79560138846823,0.23452189816681418,0.4935550656669203,0.10720802428604245,0.0761285706965932,0.4935550656669203,0.43730204443308873,0.3992369100470372,0.486569384870318
229,fresh_literal_03,literal_stable,20,21,32,0.6451612903225806,middle,DEFINED,True,0.2082806895171202,0.33051261889681355,0.06766837713894382,-0.16173768896741342,0.2682753363672844,0.31352515316809143,0.5142951649727917,0.4857048350272083,0.0564146516306002,4.534617873286651,0.3775769967601696,0,6,0.2509864774896109,8.853847777111822,0.2884644075396161,0.5155484632982967,0.24152952469200042,0.3049431405233721,0.5155484632982967,0.5348563879721685,0.24292201200970304,0.16020047150445926
230,fresh_literal_03,literal_stable,21,22,32,0.6774193548387096,late,DEFINED,True,0.002585888081789765,0.16031667393981516,0.16562861444473437,0.014400987355774574,0.18499740138203863,0.21182610247125375,0.45452825786369605,0.545471742136304,0.015329598750480854,5.148163598723738,0.24099670280519078,0,8,0.12870252729735815,4.50202660920698,0.12670230522808187,0.12390820256570087,0.0,0.0,0.876091797434299,0.9926407025654997,0.12390820256570087,0.00735929743450023
231,fresh_literal_03,literal_stable,22,23,32,0.7096774193548387,late,DEFINED,True,0.925936883534427,0.33273225973270776,-0.07158792390685294,-0.13386885896742565,0.2938504799771889,0.38824385460692745,0.3498240653019581,0.6501759346980419,-0.061811261728897435,5.764818901973343,0.27301277137742985,0,5,0.4108020964123455,8.530283156499577,0.2561222460796599,0.14282406845043577,0.397110541113808,0.37614613154581494,0.4600653904357561,0.35084109707675526,0.14282406845043577,0.27301277137742985
232,fresh_literal_03,literal_stable,23,24,32,0.7419354838709677,late,DEFINED,True,1.1049604271509366,0.28169415888970095,0.015841657217031607,-0.29682017365848323,0.2685391311770277,0.3886286197495702,0.4324896249237544,0.5675103750762456,0.021515711481147445,5.911164395342033,0.31714963450080924,0,8,0.15910968739074632,6.975166091639795,0.23000605720713874,0.3941235464246148,0.0,0.0,0.6058764535753852,0.7438891746383389,0.3941235464246148,0.25611082536166113
233,fresh_literal_03,literal_stable,24,25,32,0.7741935483870968,late,DEFINED,True,0.4753947695308679,0.26068382826861275,0.2704852268566025,-0.04232103434936273,0.1731784861913978,0.2224662828364969,0.4482397236034928,0.5517602763965073,0.06255006681986663,6.775010322996132,0.24953274220406454,0,5,0.26185289836069986,7.634167535264471,0.20810982919506654,0.24314937677123458,0.11999137347014596,0.24953274220406454,0.6368592497586194,0.5309307053132435,0.24314937677123458,0.219536552482692
234,fresh_literal_03,literal_stable,25,26,32,0.8064516129032258,late,INACTIVE_TARGET,True,0.0,0.3884413425826091,,,0.16945115125291646,0.19534467883651466,0.5502448442304536,0.4497551557695464,0.15508497057552345,5.721084463168487,0.2582059844138605,1,8,0.12743552043877204,5.240589756221473,0.1256016671847912,0.623533858259313,0.0,0.0,0.37646614174068704,0.4808977361809267,0.623533858259313,0.5191022638190735
235,fresh_literal_03,literal_stable,26,27,32,0.8387096774193549,late,DEFINED,True,0.25803161052110546,0.3942735764720975,0.13155325356065373,-0.21136798756371838,0.3195379457445909,0.3554345244673974,0.46486491596484564,0.5351350840351543,0.06611470577355645,6.226537719177677,0.23254164941797986,0,7,0.262496257226803,10.939164304641885,0.3415473915879025,0.12286733646923764,0.12661390103677575,0.04581911152583087,0.7505187624939866,0.7216392390561892,0.12286733646923764,0.23254164941797986
236,fresh_literal_03,literal_stable,27,28,32,0.8709677419354839,late,DEFINED,True,0.5607463547791357,0.2323798643358765,-0.02021800750947292,0.05301323798642336,0.24299182178464743,0.31914158352569194,0.35075575396312897,0.649244246036871,-0.030591217334831753,6.708669061508325,0.21029181038186462,0,7,0.2573766201518924,6.6514256044958495,0.20537988765563708,0.4943598237951245,0.0,0.0,0.5056401762048754,0.5343864391959576,0.4943598237951245,0.46561356080404237
237,fresh_literal_03,literal_stable,28,29,32,0.9032258064516129,late,DEFINED,True,0.5705615467550846,0.40155110168475006,0.40393841232547906,0.407813178757634,0.23865649871833797,0.2969251517710516,0.5222488785021843,0.47775112149781573,0.11215044760488208,5.528554174379227,0.3380792992056051,0,7,0.24014087576959456,5.440079857208453,0.16463218593448503,0.6423172069743143,0.0,0.0,0.3576827930256856,0.5723304900234341,0.6423172069743143,0.4276695099765658
238,fresh_literal_03,literal_stable,29,30,32,0.9354838709677419,late,DEFINED,True,0.42326118926233214,0.2540619303353555,0.14169520708890568,0.2270465925252021,0.29366251395561976,0.3412522838323682,0.4056572841757281,0.5943427158242719,-0.014952467441293136,5.65400687003548,0.3037160496556981,0,8,0.13482716428086694,9.191846730883587,0.29190542574299966,0.23965769815555754,0.0,0.0,0.7603423018444424,0.834476133460674,0.23965769815555754,0.1655238665393259
239,fresh_literal_03,literal_stable,30,31,32,0.967741935483871,late,DEFINED,True,0.3182458157091676,0.378689895193992,-0.04391133905536525,0.17897629398179823,0.2742519511493829,0.351645769883511,0.4966274093466032,0.5033725906533968,0.03616111489388155,4.579292855663418,0.3786887476284161,0,7,0.25510342167715583,12.6072551530436,0.40671378060107316,0.3827657920693144,0.11602568000960875,0.028561767206392866,0.501208527921077,0.3936307670363319,0.3827657920693144,0.5778074657572752
240,fresh_literal_04,literal_stable,1,2,34,0.030303030303030304,early,DEFINED,True,0.5464463260417943,0.17640664186649627,0.17027236535108525,0.208488271483063,0.19413642102432846,0.31189743506644574,0.4810691660119784,0.5189308339880216,0.11517520445087577,7.611243012339837,0.16857610382408936,0,7,0.26988392908010517,6.819516637621374,0.2395070333027138,0.6629446504382044,0.6629446504382044,0.6471364956098188,0.2287802990402577,0.1842874005660918,0.10827505052153776,0.16857610382408936
241,fresh_literal_04,literal_stable,2,3,34,0.06060606060606061,early,DEFINED,True,0.8115752057100473,0.17154161530690112,0.10830807210375591,-0.2276533928706779,0.21981743127843759,0.3580854513657445,0.3985328416438591,0.6014671583561408,0.024077374405529157,7.242411951501473,0.193721443517293,0,7,0.22806958484827522,11.330188647232475,0.37032192444528345,0.3702207045837368,0.3702207045837368,0.3846517758849612,0.401709710567988,0.31023765749369175,0.22806958484827522,0.305110566621347
242,fresh_literal_04,literal_stable,3,4,34,0.09090909090909091,early,DEFINED,True,0.3798284830763762,0.21112994076933836,0.28549469473520367,-0.17648182348941205,0.23203788025936817,0.32177642564436837,0.5350459285122592,0.4649540714877408,0.15661206966060395,6.504507382863971,0.25939335568549127,0,8,0.1441102820554511,2.93284435812824,0.09677683909506302,0.8680370966988882,0.8680370966988882,0.8438296920656718,0.13196290330111177,0.15617030793432804,0.0,0.0
243,fresh_literal_04,literal_stable,4,5,34,0.12121212121212122,early,DEFINED,True,0.6363278100550427,0.28134013393476953,0.2810846812000044,0.31501207479653,0.19131268292396075,0.352130816843573,0.39770306316073606,0.6022969368392639,0.03440959568743492,7.8022381106023735,0.16224737857637225,0,8,0.1540439294213928,5.342877709042017,0.179088963485919,0.5895633349641696,0.5895633349641696,0.6727915769367819,0.41043666503583043,0.32720842306321807,0.0,0.0
244,fresh_literal_04,literal_stable,5,6,34,0.15151515151515152,early,DEFINED,True,0.5656057619787246,0.13692265135811313,0.0840400029969396,0.24254665831841749,0.09889903433807906,0.21869537810185044,0.44652833288917915,0.5534716671108209,0.07157211401179901,7.263816484712716,0.19412898541056642,0,7,0.25475235106347405,6.664969145612421,0.22392044719180443,0.391648313745691,0.391648313745691,0.45652868121534473,0.608351686254309,0.5434713187846553,0.0,0.0
245,fresh_literal_04,literal_stable,6,7,34,0.18181818181818182,early,DEFINED,True,0.4588701903197475,0.25044460150777376,0.11276390110957409,-0.19579490918004686,0.23299502056181542,0.30616403978161083,0.49325393070792695,0.5067460692920731,0.08507962754724117,5.7825904186780805,0.31394453966760494,0,8,0.14312574366382982,4.117161280490738,0.11652201779227471,1.0,1.0,0.9999999999999999,0.0,0.0,0.0,0.0
246,fresh_literal_04,literal_stable,7,8,34,0.21212121212121213,early,DEFINED,True,0.4317383126028119,0.22679275178883368,0.1460679625331646,-0.011766635639365888,0.21084093373998783,0.2733301699416489,0.47824765825919086,0.5217523417408092,0.10148016838576927,7.061578211369086,0.22933447462665413,0,7,0.2368881251877923,7.661071643529272,0.28368731608162556,0.36193979472915944,0.36193979472915944,0.30255818487591407,0.2544779714245894,0.22662285559935663,0.3835822338462512,0.47081895952472924
247,fresh_literal_04,literal_stable,8,9,34,0.24242424242424243,early,DEFINED,True,0.5308210503722496,0.5418476405324719,0.06754550128180103,0.12320347547587561,0.20132373924290944,0.35278758183844316,0.46950930130575214,0.5304906986942479,0.0808713575703006,6.585543265719909,0.19138111613332318,0,7,0.24208665875143365,5.879327466250437,0.1945368299655106,0.5207554624886037,0.5207554624886037,0.4658541777476023,0.26323145016054483,0.2886647205974415,0.2160130873508514,0.24548110165495618
248,fresh_literal_04,literal_stable,9,10,34,0.2727272727272727,early,DEFINED,True,0.45446366732591637,0.3550802313715025,0.30660238111721816,0.3782982861190593,0.14528992082974693,0.24297725425849612,0.5335972769868678,0.46640272301313224,0.14075012225941094,5.9680105369431145,0.22579907622564357,0,6,0.2689323983759839,5.26234161655018,0.18939232020052138,0.38478654613242314,0.38478654613242314,0.292615087372975,0.6152134538675769,0.7073849126270251,0.0,0.0
249,fresh_literal_04,literal_stable,10,11,34,0.30303030303030304,early,DEFINED,True,0.18770851952705925,0.2052133374419027,0.17855401601634074,0.055542624831575,0.24992167858504608,0.3209397026129263,0.3933230144300658,0.6066769855699342,-0.010356933170103983,6.121152192715288,0.27381426486910454,0,6,0.2651352620709128,5.6519541611676285,0.20898275460185556,0.3696039214465029,0.3696039214465029,0.23020719337101048,0.5116058661086337,0.6776764444424415,0.11879021244486337,0.09211636218654795
250,fresh_literal_04,literal_stable,11,12,34,0.3333333333333333,middle,DEFINED,True,0.6835987341673052,0.2688536156829858,0.10647393871403091,-0.12841432327308047,0.19805454195401578,0.2466169660828026,0.44656864425873044,0.5534313557412696,0.04988034766284005,6.353479207688896,0.25926264063541926,0,8,0.13406675740827506,6.845353705492336,0.2572673978726671,0.36857799912725264,0.36591789237373173,0.33843472783894624,0.36857799912725264,0.5527347001145795,0.2655041084990156,0.10883057204647428
251,fresh_literal_04,literal_stable,12,13,34,0.36363636363636365,middle,DEFINED,True,0.7993548176087387,0.3985279548591457,0.17301237452099238,0.21988505336305292,0.23498077191051905,0.32835078509733817,0.4163015581613633,0.5836984418386366,0.013416128636511149,6.170358202089032,0.25898227558732334,0,6,0.23985165915347673,6.122565632542697,0.23882384115752775,0.4741723412806216,0.0,0.0,0.4741723412806216,0.48439920928955393,0.5258276587193784,0.515600790710446
252,fresh_literal_04,literal_stable,13,14,34,0.3939393939393939,middle,DEFINED,True,0.7463785563379669,0.17906744959658535,0.021014347741578853,0.1271092317113568,0.1588158665465239,0.2108723600582523,0.3844894522982913,0.6155105477017087,-0.007951053240007111,6.470216967622693,0.27353796820416953,0,7,0.2472955243493625,8.85453364228491,0.3364168363027888,0.24857512444229288,0.0,0.0,0.24857512444229288,0.21210512592737454,0.7514248755577073,0.7878948740726255
253,fresh_literal_04,literal_stable,14,15,34,0.42424242424242425,middle,INACTIVE_TARGET,False,0.0,0.28078002958778964,,,0.1250836533444967,0.43695217366621253,0.5101140938022892,0.4898859061977108,0.0966369782292446,5.522473881001272,0.25483514192278706,1,7,0.30798103713487196,13.183965475654556,0.4416699150576827,0.181618903920846,0.0,0.0,0.181618903920846,0.3787361803959849,0.8183810960791542,0.6212638196040152
254,fresh_literal_04,literal_stable,15,16,34,0.45454545454545453,middle,DEFINED,True,0.48378551835368677,0.3689940728996995,0.2546073668879758,-0.08338326431031673,0.25701326413977366,0.3176627310112026,0.45130240113117986,0.5486975988688201,-0.027099638732879364,4.450682840695221,0.3253379802737464,0,8,0.13809344215627606,3.2829479504679067,0.1303936420305891,0.7431062483483857,0.11880030949533811,0.049835081801740996,0.7431062483483857,0.9009953742074692,0.13809344215627606,0.04916954399078977
255,fresh_literal_04,literal_stable,16,17,34,0.48484848484848486,middle,DEFINED,True,0.7699489576887206,0.2529192990441425,0.09661802501093995,0.23715275291155316,0.21306169608746126,0.32073451844072337,0.3701113978661527,0.6298886021338472,-0.005386033947493184,7.0618582740635905,0.20175729789211858,0,6,0.2470039685058656,6.268397063814402,0.22569333725151347,0.3749645706915049,0.2418674814180425,0.20809155798241624,0.3749645706915049,0.5035531102703381,0.3831679478904525,0.28835533174724576
256,fresh_literal_04,literal_stable,17,18,34,0.5151515151515151,middle,DEFINED,True,0.3106969645375141,0.19661468025964654,0.11568003683132434,0.03154091441255522,0.16828496835399895,0.24677234080761945,0.45212471078565264,0.5478752892143474,0.07902921414730302,7.344994456211744,0.1683087869254769,0,8,0.1403094800395499,7.331247370309921,0.24546472206462844,0.3918046605697751,0.36027877644125783,0.3753520663914277,0.3918046605697751,0.3477239753472269,0.24791656298896694,0.2769239582613454
257,fresh_literal_04,literal_stable,18,19,34,0.5454545454545454,middle,DEFINED,True,0.2904508193854595,0.29493942697391895,-0.18164800415981835,-0.15248672003559693,0.17254601858638194,0.33021954857372915,0.4250419575415118,0.5749580424584881,-0.02923588751555296,4.9035387760853535,0.3365252922052313,0,8,0.15849655562139556,8.256250857082524,0.2803828224099308,0.2814267181115949,0.2336483920590227,0.31685504245527635,0.2814267181115949,0.49146846677266026,0.48492488982938226,0.1916764907720635
258,fresh_literal_04,literal_stable,19,20,34,0.5757575757575758,middle,INACTIVE_TARGET,True,0.0,0.047938895608722755,,,0.1333349327747367,0.1730715569396259,0.6658201674204264,0.3341798325795736,0.07644118740747159,2.5173643268270918,0.5833701937541751,2,8,0.1293723906060511,7.728983236679299,0.20559680642917716,0.7536546145962052,0.24634538540379475,0.0,0.7536546145962052,1.0,0.0,0.0
259,fresh_literal_04,literal_stable,20,21,34,0.6060606060606061,middle,DEFINED,True,0.16467239715947166,0.15125685961958585,-0.3544589365751402,0.11518436595843444,0.08516677406900264,0.2810095927105271,0.47367245079776255,0.5263275492022375,0.06446605759049744,5.850760940571556,0.2202900941805587,1,7,0.24363868941734756,6.493400443951546,0.1852120128096132,0.37151128458794486,0.41068348878833094,0.3127581472148053,0.37151128458794486,0.3143513559218363,0.2178052266237242,0.3728904968633583
260,fresh_literal_04,literal_stable,21,22,34,0.6363636363636364,middle,DEFINED,True,0.4859838742674527,0.16224875841414996,0.31209140863367213,0.21189767221908898,0.26429622188895946,0.36588463392340254,0.3737570913591858,0.6262429086408142,0.008569723281303131,7.560976154178363,0.16278499817370262,0,7,0.2545099434440844,12.503372111717919,0.35893825801157964,0.35845794036303835,0.6415420596369616,0.6639360012985879,0.35845794036303835,0.3360639987014121,0.0,0.0
261,fresh_literal_04,literal_stable,22,23,34,0.6666666666666666,late,DEFINED,True,0.6516727620848654,0.19145374311877758,0.06413400136128944,0.13690810270994458,0.2083188333543192,0.4077160498093559,0.3649545557190771,0.6350454442809229,-0.004467461998500592,7.2967648162779675,0.1840174164968461,0,7,0.25565087682352045,8.649312184173546,0.24003176983948732,0.24337311402206108,0.25295658530143084,0.2776047428302867,0.503670300676508,0.5014989132170625,0.24337311402206108,0.22089634395265062
262,fresh_literal_04,literal_stable,23,24,34,0.696969696969697,late,DEFINED,True,0.576150237217573,0.2181022073531689,0.38275950694739386,-0.03419964081824006,0.2109044505323768,0.3475930860627923,0.36598318110511585,0.6340168188948841,-0.0022755012444229702,7.3578142737178585,0.2082911449224008,0,7,0.24220563349821805,5.391567369676933,0.19389944598689496,0.6427397804717265,0.12263776281151086,0.11940965598230635,0.23462245671676266,0.34192116606534173,0.6427397804717265,0.5386691779523519
263,fresh_literal_04,literal_stable,24,25,34,0.7272727272727273,late,DEFINED,True,0.8994084592251199,0.3709560404141971,0.217929346580826,0.18134901152906924,0.30635860315782365,0.36521967948884376,0.4573334638428714,0.5426665361571286,0.07794100454128206,7.027198144352231,0.22051251110504766,0,8,0.14141048747861554,5.781935514364083,0.17303310078253997,0.39994263540127517,0.0,0.0,0.6000573645987248,0.5918998008292791,0.39994263540127517,0.40810019917072105
264,fresh_literal_04,literal_stable,25,26,34,0.7575757575757576,late,DEFINED,True,0.6942935718812567,0.13686861063845693,0.3389301992367603,0.30141745721276897,0.30415559831883654,0.3456777585659285,0.390111893927682,0.609888106072318,0.026775882060168517,7.760251922888763,0.16076591791507575,0,7,0.24705714694451994,6.902624698557729,0.20965744124499183,0.6287718219310917,0.24211503226684364,0.2617120683795425,0.12911314580206454,0.08841998326932284,0.6287718219310917,0.6498679483511347
265,fresh_literal_04,literal_stable,26,27,34,0.7878787878787878,late,DEFINED,True,1.4331474484142044,0.21507703547035295,-0.006273492233411044,0.1707328356470281,0.3049996010851968,0.33852438661374396,0.28202692229174536,0.7179730777082547,-0.13673156921694796,5.256057731301797,0.32496976126150434,0,6,0.25054754454076406,8.050002381709232,0.24458011667687587,0.3631490973091558,0.13413377356642614,0.07328809749693742,0.502717129124418,0.45509849770959,0.3631490973091558,0.47161340479347263
266,fresh_literal_04,literal_stable,27,28,34,0.8181818181818182,late,DEFINED,True,0.7763436297985172,0.23066748962642472,-0.06575775363689228,0.1939725166540239,0.234986348919862,0.2869802209790993,0.5026254159374849,0.4973745840625151,0.07331223875441123,5.167786078197228,0.28858119866064275,1,8,0.13704506482086073,6.466734780923828,0.1678217257684695,0.620131368157864,0.12190552834221048,0.11443165710138374,0.25796310349992546,0.2478850896795629,0.620131368157864,0.6376832532190533
267,fresh_literal_04,literal_stable,28,29,34,0.8484848484848485,late,DEFINED,True,0.6585048697011103,0.24314233414038833,0.2768813907185186,0.05048506659418976,0.2081756315268394,0.28787192492643915,0.5316420795020976,0.46835792049790237,0.13863860244684761,5.981481215668315,0.21834985711136815,1,7,0.2527267449675733,6.125682215303784,0.1461529366773233,0.754283575551686,0.0,0.0,0.24571642444831404,0.1804386475394738,0.754283575551686,0.819561352460526
268,fresh_literal_04,literal_stable,29,30,34,0.8787878787878788,late,DEFINED,True,0.24229087082300857,0.30879858201922317,0.14887821524113984,0.1859894093578218,0.3491536045185182,0.38524827663225775,0.5419233953887478,0.4580766046112522,0.034202010237193554,3.722066728592499,0.47646214301273804,0,7,0.2530768432076241,10.145652582388468,0.2812611951810039,0.3908606619121353,0.13002485699634594,0.07816597874434336,0.47911448109151866,0.6766387857640015,0.3908606619121353,0.2451952354916552
269,fresh_literal_04,literal_stable,30,31,34,0.9090909090909091,late,DEFINED,True,0.6665216544054938,0.2500429817899699,0.34479226304678984,0.23525499623797144,0.25086296292913,0.36915286360738814,0.47060680709147357,0.5293931929085265,0.1039684079295784,7.625647689695737,0.1787155196325689,0,6,0.2700447765338566,10.199449470111897,0.25333646634341267,0.5962753528781971,0.2510526378466067,0.24911425316208563,0.15267200927519628,0.1787155196325689,0.5962753528781971,0.5721702272053455
270,fresh_literal_04,literal_stable,31,32,34,0.9393939393939394,late,DEFINED,True,0.843226744303464,0.3194728439816047,-0.07377729570082753,0.07509154650808354,0.2885157169279747,0.34232532486258843,0.4319340050232851,0.5680659949767148,-0.025743785167701386,4.831331852966465,0.35397628298450745,0,7,0.25205860596568264,14.074978479191433,0.3620709264588584,0.2441530014640278,0.0,0.0,0.7558469985359724,0.6926864807810967,0.2441530014640278,0.30731351921890343
271,fresh_literal_04,literal_stable,32,33,34,0.9696969696969697,late,DEFINED,True,0.33928328354891685,0.23722186514295146,-0.03216141987249937,0.12742852867472051,0.2461097359684495,0.3522771343338496,0.3487747425256089,0.6512252574743911,-0.03330520599075828,6.668678247935315,0.2151585498787255,0,5,0.2652616744283452,12.47502697883084,0.2974353693895314,0.3486460078717347,0.0,0.0,0.6513539921282654,0.7615748583585669,0.3486460078717347,0.2384251416414332
272,fresh_literal_05,literal_stable,1,2,34,0.030303030303030304,early,DEFINED,True,0.34333326135637676,0.15375343685669515,0.3001639299769723,0.11359632533446215,0.19284448017193898,0.28731979888838616,0.44104746088274405,0.558952539117256,0.05958838925677992,6.969394746870945,0.2136423693459484,0,6,0.2628460336930532,1.7980366442534967,0.06041665412631175,0.9999999999999999,0.9999999999999999,0.9999999999999998,0.0,0.0,0.0,0.0
273,fresh_literal_05,literal_stable,2,3,34,0.06060606060606061,early,DEFINED,True,0.5275129196992423,0.22008223638004135,0.2653141022906608,0.3185640082961283,0.2026418066398536,0.3416549435931523,0.487928116342626,0.512071883657374,0.08197734270357333,5.881122470324911,0.25828707949367075,0,8,0.14174976193495747,3.3463512013445564,0.11029368691125006,0.7806245331012118,0.7806245331012118,0.6534661602728157,0.21937546689878826,0.3465338397271843,0.0,0.0
274,fresh_literal_05,literal_stable,3,4,34,0.09090909090909091,early,DEFINED,True,0.4090747154053074,0.17215882980362374,0.43816156676469187,0.0333216723401007,0.29622918116603725,0.41738764196840294,0.3592259848261063,0.6407740151738937,-0.01359790552062056,7.105925975143426,0.21468805645852299,0,7,0.2451482974850116,8.62080107072917,0.27880173032248035,0.6170859871972094,0.6170859871972094,0.6448070761629696,0.2451482974850116,0.2557976958591657,0.1377657153177791,0.0993952279778648
275,fresh_literal_05,literal_stable,4,5,34,0.12121212121212122,early,DEFINED,True,0.6167171697270933,0.2636341467779089,0.2600199420305506,-0.016834545965278537,0.26315708190558085,0.32753336855598786,0.46342205452053625,0.5365779454794637,0.09028460386341583,7.308395232067765,0.18165241011768285,0,7,0.24608736862179614,4.632917519802878,0.17133626095225826,0.7651557125950795,0.7651557125950795,0.733568841909608,0.11701227957206248,0.18165241011768285,0.11783200783285795,0.084778747972709
276,fresh_literal_05,literal_stable,5,6,34,0.15151515151515152,early,DEFINED,True,0.5140670069448516,0.19217542440059868,-0.011082483744607725,-0.07880269114292951,0.18033752640361292,0.2545300593142032,0.5615999906252248,0.4384000093747752,0.17798112307563724,5.982085582843554,0.21204311088195055,0,8,0.1342336029215381,3.646133730690912,0.11864053093538153,0.7678471033829436,0.7678471033829436,0.875277180784409,0.23215289661705646,0.12472281921559103,0.0,0.0
277,fresh_literal_05,literal_stable,6,7,34,0.18181818181818182,early,DEFINED,False,0.5241856314758966,0.1863509897177964,0.2726832274278205,0.29915173956141494,0.3612303629027472,0.3860115629271164,0.38442523850386695,0.6155747614961331,0.010095035867419026,7.189493047545543,0.1939526540640254,0,6,0.2588846033760576,6.922455600469006,0.24375238963501372,0.500586927097792,0.500586927097792,0.42590976975349204,0.3681439481255578,0.38607807720164766,0.13126912477665018,0.18801215304486021
278,fresh_literal_05,literal_stable,7,8,34,0.21212121212121213,early,DEFINED,True,0.6420293443988969,0.3001075250245474,0.15849010377717465,0.14878308994124198,0.22689330612730407,0.29658488589950927,0.4456225346651253,0.5543774653348748,-0.039788666687199624,4.362113146346822,0.3701958101966122,0,8,0.13779745130508697,5.465874992837623,0.20054425351081775,0.3823021460406329,0.3823021460406329,0.35769170665399835,0.5021313482736208,0.5742413224998718,0.11556650568574632,0.06806697084612978
279,fresh_literal_05,literal_stable,8,9,34,0.24242424242424243,early,DEFINED,True,0.8662893201803626,0.324169106694396,0.356823338282264,0.41706204567763666,0.1928643347076264,0.3197997136012551,0.44378980881344116,0.5562101911865589,0.04867482505556061,6.415969907096667,0.2578769405539796,0,8,0.14375303855217497,3.138210215383313,0.1112446354991631,0.8736677025994832,0.8736677025994832,0.920080869082518,0.12633229740051682,0.07991913091748211,0.0,0.0
280,fresh_literal_05,literal_stable,9,10,34,0.2727272727272727,early,DEFINED,True,0.34942473217438846,0.1821481411337099,0.5604578493477808,0.5761812467042405,0.09232353517169783,0.21731125756285571,0.4243982133554201,0.57560178664458,0.05251067090863772,7.42528034260569,0.17649825284471307,0,7,0.2516715708503975,5.697575109014942,0.21698644692594968,0.5234641615041021,0.5234641615041021,0.5521096982617046,0.3573683684228675,0.28937121899087365,0.1191674700730303,0.15851908274742163
281,fresh_literal_05,literal_stable,10,11,34,0.30303030303030304,early,DEFINED,True,0.4091696666764524,0.16008689426154737,0.3542205260526016,0.31063509752627233,0.2554057663430795,0.3073550445634402,0.3822233330509015,0.6177766669490985,0.019303294057071273,7.734726827436818,0.15454123600447245,0,6,0.2544667274493682,7.283133534033835,0.24096647525211823,0.6298600669931134,0.6298600669931134,0.5996624731962654,0.1331867760491662,0.15454123600447245,0.23695315695772037,0.24579629079926202
282,fresh_literal_05,literal_stable,11,12,34,0.3333333333333333,middle,DEFINED,True,0.3415745997500046,0.23003212000408632,0.09767380834750125,0.13690810270994458,0.2083188333543192,0.39575158227005774,0.37381891366944886,0.6261810863305511,0.004888854100915866,7.379298541884543,0.18840278397541663,0,7,0.27246047157512454,8.62561403402287,0.2943045882824449,0.21019017572450854,0.27833310889281704,0.2576506048788755,0.21019017572450854,0.2653041817841505,0.5114767153826744,0.47704521333697414
283,fresh_literal_05,literal_stable,12,13,34,0.36363636363636365,middle,DEFINED,True,0.3358572229511385,0.11554376205097099,0.009450066584234936,,0.10830870483203688,0.13860947920146602,0.5833193790517378,0.4166806209482622,-0.04231467905457435,2.7244631046844314,0.45037350006129717,3,8,0.12738657240688556,1.6273759391287073,0.055170476609836254,0.748465834463824,0.251534165536176,0.3906749020253296,0.748465834463824,0.6093250979746703,0.0,0.0
284,fresh_literal_05,literal_stable,13,14,34,0.3939393939393939,middle,DEFINED,True,0.7474813899090876,0.15697073615356824,0.02139801037326027,0.029823469672902437,0.26290229720122865,0.33273265535985236,0.47570275396572353,0.5242972460342765,0.07889715244762295,6.2491730576063205,0.22860987917850403,0,8,0.13905264408154538,3.7280261115141506,0.11784592105114548,0.6483682562727934,0.3516317437272068,0.5149047045495159,0.6483682562727934,0.4850952954504842,0.0,0.0
285,fresh_literal_05,literal_stable,14,15,34,0.42424242424242425,middle,DEFINED,True,0.9784273927578412,0.503260402397817,0.12981732838230103,-0.08604579235766624,0.22733569775949428,0.290399550360489,0.5645735744848751,0.4354264255151249,0.15754784953753134,5.226276785473928,0.3002436466962809,0,6,0.25220564705500026,6.2026940987273775,0.15753180399588718,0.3789120592967384,0.50105459332404,0.3749125626246876,0.3789120592967384,0.5464616103642312,0.12003334737922167,0.07862582701108119
286,fresh_literal_05,literal_stable,15,16,34,0.45454545454545453,middle,INACTIVE_TARGET,True,0.0,0.001356570774313738,,,0.29461808699151154,0.3521946142603469,1.0,0.0,,1.0,1.0,7,8,0.13572441040192115,3.783890346390829,0.1345511989134521,0.7447016052058532,0.12405316758818818,0.0,0.7447016052058532,1.0,0.1312452272059588,0.0
287,fresh_literal_05,literal_stable,16,17,34,0.48484848484848486,middle,DEFINED,True,2.2788326874251386,0.388209466997122,0.004885508390469117,-0.06307979578506369,0.2913995126306809,0.30805958900448094,0.3620923571037524,0.6379076428962476,-0.14726543904336772,4.121275341565105,0.380878113977725,0,6,0.25296221222309323,6.995857700678753,0.205574116320977,0.3753171320879267,0.37172065568898005,0.6933281481936681,0.3753171320879267,0.18884276814603493,0.25296221222309323,0.11782908366029708
288,fresh_literal_05,literal_stable,17,18,34,0.5151515151515151,middle,DEFINED,True,1.2338629898178857,0.3188978471883687,-0.08474186841403443,-0.07979898496414499,0.22521115399304473,0.3118127311663128,0.4910066753432955,0.5089933246567044,0.06913080464559228,5.413391403255208,0.3434332027143059,0,5,0.26827063799479,3.700494431106738,0.14705920150760077,0.5106412151049667,0.0,0.0,0.5106412151049667,0.4093376251641166,0.48935878489503326,0.5906623748358832
289,fresh_literal_05,literal_stable,18,19,34,0.5454545454545454,middle,DEFINED,True,0.5834538531031429,0.1888146857571437,-0.1679439483483048,-0.029563207249039773,0.17451727442027104,0.22343037952886827,0.5589996875278469,0.4410003124721531,0.1317206672751567,4.803493098881063,0.2933920522323524,1,5,0.3835340568558608,3.9289925337000806,0.11092288191836154,0.7499373996108493,0.12735394753996165,0.2933920522323524,0.7499373996108493,0.7056685258082874,0.12270865284918897,0.0009394219593602826
290,fresh_literal_05,literal_stable,19,20,34,0.5757575757575758,middle,DEFINED,True,0.9696179162092574,0.4153388105986811,0.014817007350271222,-0.12131346262370687,0.2017694768181396,0.3477484256964921,0.4187992505867084,0.5812007494132916,-0.03256337622634187,4.965292851264803,0.33619649993849293,0,6,0.27839596242739506,6.753429076614209,0.16132332789729514,0.6646388525392933,0.1297668351711363,0.04016088453429004,0.6646388525392933,0.709940030167632,0.20559431228957037,0.24989908529807778
291,fresh_literal_05,literal_stable,20,21,34,0.6060606060606061,middle,DEFINED,True,1.0737482970010408,0.2272883000339982,0.10524577488321762,0.01628134160008701,0.13299051207753934,0.2569948014968547,0.4210279310358438,0.5789720689641562,0.014990793548593931,6.0700474180743775,0.28268798757783625,0,7,0.2228785065873716,6.6848580381281755,0.16533242059478193,0.6540300243146437,0.23501092091748338,0.15942922439693147,0.6540300243146437,0.7676135964039688,0.11095905476787302,0.07295717919909984
292,fresh_literal_05,literal_stable,21,22,34,0.6363636363636364,middle,DEFINED,True,0.4881971613195158,0.2775947919093504,-0.11699363740371387,-0.34857250664056355,0.24069969609269998,0.32958272924337195,0.49357762018926166,0.5064223798107383,0.02307391329346516,4.429600721377284,0.41655047280320223,0,7,0.2340523322027429,2.6046125996225458,0.11698975028779449,0.1456132847883165,0.0,0.0,0.1456132847883165,0.12140338374810766,0.8543867152116835,0.8785966162518924
293,fresh_literal_05,literal_stable,22,23,34,0.6666666666666666,late,DEFINED,True,0.6362184098743002,0.30290342045996244,0.34518925216855273,0.34493478507814707,0.21693617243135277,0.3183216563704865,0.45685229866670424,0.5431477013332957,0.07838752243525576,7.071566220272016,0.19733904863583746,0,8,0.14632418987065843,4.473985792978487,0.15498234905121427,0.6279432655048941,0.0,0.0,0.3720567344951058,0.4070580831158348,0.6279432655048941,0.5929419168841653
294,fresh_literal_05,literal_stable,23,24,34,0.696969696969697,late,DEFINED,True,0.7085747581496201,0.15973585441211954,-0.09134474549501033,-0.032269234658145435,0.2110240269438212,0.2629529825178714,0.3282467158262217,0.6717532841737783,-0.046175533426433706,6.796814883368623,0.1964361273301652,0,8,0.1339763431513306,4.430945802838778,0.14718868656835415,0.48867085477627115,0.0,0.0,0.5113291452237287,0.4455169213981922,0.48867085477627115,0.5544830786018078
295,fresh_literal_05,literal_stable,24,25,34,0.7272727272727273,late,DEFINED,True,0.32820825068020676,0.221478171265198,-0.16497161650122896,-0.27275170613637456,0.29043062152868565,0.3462442963848587,0.4579539541337957,0.5420460458662043,0.07843669628137916,7.019555977004788,0.2145774950466721,0,4,0.3652277023773487,5.159397029699144,0.1443809850682989,0.4888863494783285,0.0,0.0,0.5111136505216716,0.5531590511997009,0.4888863494783285,0.4468409488002991
296,fresh_literal_05,literal_stable,25,26,34,0.7575757575757576,late,DEFINED,True,0.577971133606663,0.2752565971386162,-0.0653956568501375,0.06250749226552385,0.10374637415270345,0.2169966229892221,0.4876848062479921,0.5123151937520078,0.10566432943560986,6.766446129167138,0.25264441411353367,0,5,0.25685980223117527,8.175244080428165,0.19037025487420756,0.24814712810448486,0.11790356814472512,0.25264441411353367,0.6339493037507902,0.5393282975273358,0.24814712810448486,0.20802728835913042
297,fresh_literal_05,literal_stable,26,27,34,0.7878787878787878,late,DEFINED,True,0.5963311913001411,0.37344777675014706,0.3595035342729626,0.4453606876109551,0.06295014574230805,0.20874244001644374,0.6040438867801422,0.3959561132198578,0.17587171058788534,4.360529281474636,0.3068662281163474,3,8,0.1355333908881157,6.002988001330679,0.11252248853350114,0.5996513907930325,0.0,0.0,0.40034860920696747,0.5839299100025142,0.5996513907930325,0.41607008999748585
298,fresh_literal_05,literal_stable,27,28,34,0.8181818181818182,late,DEFINED,True,0.8564851676608216,0.4313071187609857,-0.02620774797476078,0.0070109702582557155,0.2496303022208452,0.4102156143707357,0.5032060242525277,0.4967939757474723,0.07847126317218689,5.273561633327845,0.2973400309624752,0,5,0.2752547399665055,10.938639285990789,0.28702312419483006,0.5266753035566512,0.21245580933309755,0.1046160305155937,0.26086888711025136,0.35432101643301306,0.5266753035566512,0.5410629530513933
299,fresh_literal_05,literal_stable,28,29,34,0.8484848484848485,late,DEFINED,True,1.0287826459231046,0.2098742272427019,-0.20869309076555956,0.10508219619934477,0.14109156209493093,0.28497585097227157,0.3457524351985254,0.6542475648014746,-0.022950182686681194,7.17885323298951,0.19684934754124478,0,6,0.3542818424481385,7.918582215333213,0.17701494542932916,0.629821839172366,0.0,0.0,0.370178160827634,0.3875838737712181,0.629821839172366,0.6124161262287818
300,fresh_literal_05,literal_stable,29,30,34,0.8787878787878788,late,DEFINED,True,2.0444982435214016,0.2774096192745288,-0.0006968921628635698,-0.08904838042658644,0.2878440976944052,0.34853008145448505,0.4196954144036542,0.5803045855963458,0.006938407526482835,5.868956009624624,0.26492141001424246,0,6,0.2615937070933598,15.718754609787046,0.43991421417207965,0.12218375706424894,0.376708084365563,0.24565089700523035,0.5011081585701881,0.4894276929805272,0.12218375706424894,0.26492141001424246
301,fresh_literal_05,literal_stable,30,31,34,0.9090909090909091,late,DEFINED,True,0.6023990079655562,0.3520027283035009,0.07883381091233163,-0.2803410814141837,0.2527757154530837,0.37299723781193733,0.4800839939783788,0.5199160060216212,0.10732930873361868,7.24856705039706,0.19895786107229996,0,8,0.15378469242971823,13.135290654152326,0.32780535414902245,0.3842140840064491,0.12238964098388784,0.049793455692176566,0.4933962750096631,0.5663558278591175,0.3842140840064491,0.3838507164487058
302,fresh_literal_05,literal_stable,31,32,34,0.9393939393939394,late,DEFINED,True,0.9819144505906628,0.38332673515502313,-0.6012042759355258,-0.031134322465322373,0.25594109051190334,0.3497819994313018,0.5726724948057657,0.42732750519423435,0.13461801574118906,4.476057284825985,0.392879098918353,1,8,0.14722498304925696,10.475410022469811,0.25990610843505324,0.5055524384696957,0.11192587501645637,0.14674212138899023,0.38252168651384794,0.5889471868560557,0.5055524384696957,0.264310691754954
303,fresh_literal_05,literal_stable,32,33,34,0.9696969696969697,late,DEFINED,True,0.3783160919818341,0.24518235941311273,0.19908971323836144,-0.08588915079774227,0.30946658521602094,0.35130459987583007,0.4831452924636768,0.5168547075363232,0.10573756121074353,7.003287226078368,0.19989334577626344,0,6,0.382061492030485,12.642019040914654,0.304261558500288,0.5136768179317818,0.2409747654442455,0.18707353828512627,0.24534841662397272,0.25027661061183687,0.5136768179317818,0.5626498511030369
304,fresh_metaphor_01,metaphor_shift,1,2,31,0.03333333333333333,early,DEFINED,True,0.2936578653780634,0.17009923468658247,0.16672322397760586,0.3504184761361708,0.2104768373919534,0.2780497378781472,0.5203794005161565,0.4796205994838435,0.15841888204313412,7.488986330616215,0.18158439416666544,0,7,0.2589806419906078,0.9060153102537691,0.0274731615171004,0.9999999999999999,0.9999999999999999,1.0,0.0,0.0,0.0,0.0
305,fresh_metaphor_01,metaphor_shift,2,3,31,0.06666666666666667,early,DEFINED,True,0.24734852191211795,0.188444057631441,0.3904867061201417,0.007209990318644787,0.08750042513811997,0.27985500219845977,0.4285623828964038,0.5714376171035962,0.041450443602667496,6.740130929758004,0.2458017574657884,0,8,0.14867544651944686,1.934188593485053,0.061412129427643396,0.8877918275780149,0.8877918275780149,0.8967866702345584,0.11220817242198515,0.10321332976544163,0.0,0.0
306,fresh_metaphor_01,metaphor_shift,3,4,31,0.1,early,DEFINED,True,0.4151986691751569,0.1704983403478478,0.026478684557549002,0.12907853119563198,0.059346225981443866,0.23992637000927863,0.5178138769879447,0.4821861230120553,0.13008897694112312,6.301774436795826,0.19680559530152603,1,8,0.14140892071750574,1.7562107915462397,0.054477604833149056,0.8910347698075081,0.8910347698075081,0.866462954152635,0.10896523019249184,0.1335370458473651,0.0,0.0
307,fresh_metaphor_01,metaphor_shift,4,5,31,0.13333333333333333,early,DEFINED,True,0.5763316814216042,0.34000354836950486,0.20095806135053632,0.2628251441847364,0.31561579757894587,0.4191439084643423,0.47341772448234326,0.5265822755176568,0.089770893475399,6.774884586209897,0.2389180309768643,0,5,0.38386022500874617,11.386077666631301,0.377974870078373,0.27104926069677515,0.27104926069677515,0.1949984381981675,0.49753407715514747,0.6127383241809581,0.23141666214807732,0.19226323762087433
308,fresh_metaphor_01,metaphor_shift,5,6,31,0.16666666666666666,early,DEFINED,True,0.4495704096343694,0.1650208846150385,0.36325150759785707,-0.0017961927424466043,0.29657918943258255,0.37803078181869443,0.45127028439264133,0.5487297156073587,0.08071710839461425,7.4782366714571555,0.17073732081882642,0,8,0.14820932101472026,4.7335321807308315,0.16427192986499325,0.6482555111989775,0.6482555111989775,0.5956218695119079,0.2380366468959268,0.2829361302054427,0.11370784190509571,0.12144200028264941
309,fresh_metaphor_01,metaphor_shift,6,7,31,0.2,early,DEFINED,True,0.5741817321170632,0.2317831352387826,0.25317912830095796,0.23199143723791535,0.2722363825454148,0.32426987800666707,0.37097923831586016,0.6290207616841399,0.002250172563683361,7.370243486988789,0.17791055544439985,0,7,0.2623434687416198,3.91802868558284,0.1289222701310954,0.7565853354788481,0.7565853354788481,0.7303893598160753,0.2434146645211518,0.2696106401839247,0.0,0.0
310,fresh_metaphor_01,metaphor_shift,7,8,31,0.23333333333333334,early,DEFINED,True,0.5126618188173772,0.3701589205939533,0.2611298014060342,0.10754685849310917,0.33483267803829747,0.4272617542925919,0.48431005206433053,0.5156899479356695,0.09998797174703879,6.6881452070612015,0.24659921797283332,0,5,0.364291880833868,10.426235102960247,0.3272270968789245,0.12521510194717084,0.12521510194717084,0.24659921797283332,0.5072959039457946,0.3979623535178662,0.36748899410703456,0.35543842850930046
311,fresh_metaphor_01,metaphor_shift,8,9,31,0.26666666666666666,early,DEFINED,True,0.3654065934909613,0.17907764900110779,-0.030297321487307606,-0.2189978135599173,0.2591695766967567,0.33670764305107675,0.4610781510098394,0.5389218489901606,0.08984350025971675,7.414743415294144,0.1752699826700534,0,7,0.25105341238605583,5.315859001979416,0.1634068801432268,0.5086846261681193,0.5086846261681193,0.5722938410478522,0.49131537383188073,0.42770615895214786,0.0,0.0
312,fresh_metaphor_01,metaphor_shift,9,10,31,0.3,early,DEFINED,True,0.5664123293529703,0.30569606928342746,-0.24469741957101793,0.002516432575362657,0.28269678560891714,0.3789808456274906,0.453387697888855,0.546612302111145,0.0866669020278225,7.681942900463381,0.16211152647986365,0,8,0.15715288334121513,5.0390291925611574,0.16944139208763126,0.6399581973720523,0.6399581973720523,0.6311029700297951,0.24220792765631355,0.29736530135504124,0.11783387497163406,0.07153172861516373
313,fresh_metaphor_01,metaphor_shift,10,11,31,0.3333333333333333,middle,DEFINED,True,0.4030256888123612,0.25137585366098747,0.17552232547514457,0.23079073416892773,0.28969705684883723,0.3517957005529611,0.5106591660617407,0.48934083393825933,0.12562710518267653,6.469854628182465,0.1953825160987791,0,6,0.2500926038095057,7.172235302528963,0.23470441211360138,0.638331601928235,0.12435275459987828,0.1951069402193566,0.638331601928235,0.6046668124743592,0.2373156434718867,0.2002262473062842
314,fresh_metaphor_01,metaphor_shift,11,12,31,0.36666666666666664,middle,DEFINED,True,0.5573699999430247,0.2704772626052317,0.028378214145758425,-0.13435910004804663,0.3043277520023607,0.35593904151844036,0.3869265625252628,0.6130734374747372,-0.03126366742319316,5.698350187564979,0.29553014397618976,0,8,0.1380821475071959,7.304428827170252,0.22108938081962604,0.4973425193286276,0.26615938277548123,0.14601270481984188,0.4973425193286276,0.5736036368805759,0.2364980978958912,0.28038365829958206
315,fresh_metaphor_01,metaphor_shift,12,13,31,0.4,middle,DEFINED,True,0.21695456105427854,0.05280866291019373,0.25498182260961955,0.19714222211775456,0.11803105476673453,0.15346171851371673,0.5292208865164921,0.47077911348350787,-0.010476240183219243,3.4777931781775844,0.4652301071603601,1,8,0.1287291643183478,2.4955826657374978,0.08019347431792549,0.3758390452685062,0.6241609547314937,0.7787676082603856,0.3758390452685062,0.22123239173961431,0.0,0.0
316,fresh_metaphor_01,metaphor_shift,13,14,31,0.43333333333333335,middle,INACTIVE_TARGET,True,0.0,0.0012553834576785863,,,0.09659334911150651,0.1854099094731661,1.0,0.0,,1.0,1.0,7,8,0.1316724954847169,3.0409663538547043,0.10702623907937499,0.7431869013845324,0.25681309861546764,0.0,0.7431869013845324,1.0,0.0,0.0
317,fresh_metaphor_01,metaphor_shift,14,15,31,0.4666666666666667,middle,DEFINED,True,0.4815309751556183,0.1804496891960887,0.18325010261216568,-0.020534989756365314,0.30865019094049956,0.3435544001418839,0.40090540140540304,0.599094598594597,0.031159351392250585,7.47759614993941,0.1696729660527319,0,6,0.2501408605685044,5.028001801717269,0.1793486261281661,0.5110153693051976,0.368450051918912,0.291807439161731,0.5110153693051976,0.6056880659816589,0.12053457877589031,0.10250449485660998
318,fresh_metaphor_01,metaphor_shift,15,16,31,0.5,middle,DEFINED,True,0.559269069260528,0.20483615037591435,0.3121150473255311,0.1907052986602597,0.24817396518296952,0.33001533308637776,0.3974013066139923,0.6025986933860077,0.032590639034643126,7.71845608360274,0.15702961295996867,0,5,0.3716580144211452,6.265927571646568,0.19701696035354319,0.5281975165593457,0.12117333833846186,0.10894858364516287,0.5281975165593457,0.5852182826600556,0.35062914510219245,0.3058331336947814
319,fresh_metaphor_01,metaphor_shift,16,17,31,0.5333333333333333,middle,DEFINED,True,0.623269799202088,0.167973207899249,0.24059514534852075,0.06316109849284526,0.22601438893856632,0.3860197129549114,0.36673758907081333,0.6332624109291867,-0.0033530641353442434,7.278611050556586,0.19371574847183223,0,8,0.1745640890627828,7.010574582536258,0.24191612796282122,0.2876556780341769,0.37213545469754417,0.4075850494527419,0.2876556780341769,0.3125278380823677,0.340208867268279,0.27988711246489045
320,fresh_metaphor_01,metaphor_shift,17,18,31,0.5666666666666667,middle,DEFINED,False,0.3499835630544994,0.1793896623634137,0.4907018282656468,0.1424366336284581,0.14319027912950288,0.4406054603664913,0.4791254847290053,0.5208745152709947,0.09467928392642778,6.711948794064515,0.2057752688217049,0,8,0.20922012613314547,7.03043291815704,0.24437476803830283,0.20922012613314547,0.1891958732792518,0.14392065540871662,0.20922012613314547,0.20238912686913701,0.6015840005876028,0.6536902177221464
321,fresh_metaphor_01,metaphor_shift,18,19,31,0.6,middle,DEFINED,True,0.32676496343992995,0.26507856412071745,0.3147748082583878,0.07282103219243423,0.21651354113613253,0.3766558699464499,0.42872330234109945,0.5712766976589005,0.01975753384220266,5.975407219543509,0.2791433399438975,0,8,0.156229979073024,7.737866598612289,0.24670703439515124,0.2544883164165953,0.30082192564515176,0.17791713424820285,0.2544883164165953,0.2541211863020013,0.44468975793825294,0.5679616794497958
322,fresh_metaphor_01,metaphor_shift,19,20,31,0.6333333333333333,middle,DEFINED,True,0.5128176906882645,0.19772964232175344,0.3070125644279318,0.038695595840756145,0.15659024388938544,0.2727275263301125,0.5363194383152782,0.4636805616847218,0.14751344786314416,6.083753735002011,0.21116596059067577,1,7,0.24106959263880282,8.425816746691464,0.27086749165454327,0.5122112847670374,0.11092766310795521,0.1732732305409386,0.5122112847670374,0.5355680140765624,0.3768610521250074,0.29115875538249913
323,fresh_metaphor_01,metaphor_shift,20,21,31,0.6666666666666666,late,DEFINED,True,0.1434305161618536,0.15068936982613548,-0.095424613819134,-0.08752677466703264,0.10266617482695407,0.4094969009288125,0.47454590360816284,0.5254540963918372,0.10514586725524816,7.45413938600466,0.1995644199985628,0,7,0.2405507869440469,7.030657523616537,0.20324424617186837,0.3583172254607433,0.0,0.0,0.6416827745392568,0.5215797938239487,0.3583172254607433,0.4784202061760513
324,fresh_metaphor_01,metaphor_shift,21,22,31,0.7,late,INACTIVE_TARGET,True,0.0,0.1342061162317178,,,0.12494586442554365,0.19836332198782966,0.5902300603440302,0.40976993965596975,0.15397324217412572,4.352027956716875,0.2771449309569517,3,7,0.25285202170952137,3.6042331121368676,0.13156977920353274,0.1228786160453515,0.0,0.0,0.8771213839546484,0.7269752426093037,0.1228786160453515,0.27302475739069626
325,fresh_metaphor_01,metaphor_shift,22,23,31,0.7333333333333333,late,DEFINED,True,0.7883755171256822,0.2489131179823742,0.27915521108654423,0.021835519310377832,0.25508348575165996,0.3264112465222047,0.39280041260209364,0.6071995873979064,0.014030176550174911,7.029487036291744,0.19518054150888414,0,8,0.14025763208873374,4.353010218155806,0.1657988952284448,0.37517985916513497,0.11892217489352236,0.19190961569088488,0.5058979659413427,0.42990720098912305,0.37517985916513497,0.3781831833199919
326,fresh_metaphor_01,metaphor_shift,23,24,31,0.7666666666666667,late,DEFINED,True,1.019272628029245,0.24909035175826885,-0.3436552531857234,0.1617307078438868,0.3108886846443603,0.36595328622432655,0.3778752011782572,0.6221247988217429,0.00786621212880557,7.353308466082885,0.19851303292761466,0,7,0.2585636127013497,5.408459472383181,0.20930056579229694,0.3620550069738738,0.12884631256755724,0.10646707994188455,0.5090986804585689,0.5419755513701529,0.3620550069738738,0.3515573686879625
327,fresh_metaphor_01,metaphor_shift,24,25,31,0.8,late,DEFINED,True,0.7330892389313364,0.23749304265947896,0.25177472704334364,0.06900890444012207,0.32013411396417935,0.33872762518987704,0.5197194103196945,0.4802805896803055,0.14887514761251772,7.020563914200607,0.21630405684526724,0,7,0.2477550417218559,5.379785002070008,0.17758972684289775,0.5035783826065792,0.0,0.0,0.4964216173934209,0.44543597480343794,0.5035783826065792,0.5545640251965621
328,fresh_metaphor_01,metaphor_shift,25,26,31,0.8333333333333334,late,DEFINED,True,0.6132650271565704,0.19559353927484635,-0.15065862128896068,-0.15659672392196486,0.2533458342845745,0.32783838159103745,0.4324010096891607,0.5675989903108394,0.06595036118138131,7.718125429661011,0.15856458395933654,0,6,0.26288012264446603,1.2797441868319648,0.056626015454775705,1.0,0.0,0.0,0.0,0.0,1.0,1.0
329,fresh_metaphor_01,metaphor_shift,26,27,31,0.8666666666666667,late,DEFINED,True,0.29451011003987826,0.28478863854280395,0.33707919343321197,0.11237427873906893,0.3339279331503302,0.3832901616277958,0.4529547839465023,0.5470452160534978,0.0365887384680734,5.71488476890156,0.29827599732675536,0,8,0.1381762255669256,3.3566933136560317,0.08811281128305645,0.8835115005518995,0.0,0.0,0.11648849944810054,0.21523717571624326,0.8835115005518995,0.7847628242837568
330,fresh_metaphor_01,metaphor_shift,27,28,31,0.9,late,DEFINED,True,0.3710843399454866,0.1292895456463476,0.11741006343007286,0.04265160851916722,0.19433429483356185,0.25325073255665126,0.3868591394686073,0.6131408605313927,0.01622725256661931,7.372798747974113,0.20955826708053527,0,8,0.13762940867433676,6.729165338876819,0.24535731853566325,0.6306349377682684,0.12246674204647677,0.20955826708053527,0.24689832018525487,0.24153085672826907,0.6306349377682684,0.5489108761911956
331,fresh_metaphor_01,metaphor_shift,28,29,31,0.9333333333333333,late,DEFINED,True,0.3544738846978178,0.14606846814022925,-0.11208109146595555,0.10642532385337714,0.3099295643034109,0.3631300139799673,0.4994688267877089,0.5005311732122911,0.10411799369160647,6.163571602615195,0.24450241719325572,0,5,0.5136458017986422,7.1379594297324385,0.21801236745511907,0.6114214027971512,0.0,0.0,0.3885785972028488,0.28579735620660773,0.6114214027971512,0.7142026437933924
332,fresh_metaphor_01,metaphor_shift,29,30,31,0.9666666666666667,late,DEFINED,True,0.33835573992909973,0.23463233750467374,-0.08416952286173768,-0.12640912462639592,0.2934845973189669,0.35921181843165395,0.43460236766889726,0.5653976323311027,0.05983323433104522,7.285517449358574,0.1911058233590457,0,7,0.26295139287113267,6.909732015231871,0.22744843702112788,0.7285725276443841,0.0,0.0,0.27142747235561604,0.22850077302268137,0.7285725276443841,0.7714992269773187
333,fresh_metaphor_02,metaphor_shift,1,2,33,0.03125,early,DEFINED,True,0.40475973686244293,0.17280818115303329,0.21986823746302933,0.4150285068928278,0.209810639938124,0.2744392514057516,0.5451533196334997,0.45484668036650033,0.19258822188798866,7.7187525855817745,0.15761693900022927,0,8,0.13552149938127966,0.0,0.0018993060405714706,1.0,1.0,1.0,0.0,0.0,0.0,0.0
334,fresh_metaphor_02,metaphor_shift,2,3,33,0.0625,early,DEFINED,True,0.3871042284963785,0.19085102919392752,0.2161701361195474,0.1290153668736922,0.30138303839907893,0.3607000467149913,0.39584159345899156,0.6041584065410084,0.03494614483256228,7.926883524496509,0.14531193167194462,0,8,0.1385441645891849,2.23550705244664,0.07895893683120639,0.885330716004493,0.885330716004493,0.8669867755067536,0.114669283995507,0.1330132244932463,0.0,0.0
335,fresh_metaphor_02,metaphor_shift,3,4,33,0.09375,early,DEFINED,True,1.1727869095941634,0.19088281981678396,0.22947593318032503,0.1926904454590746,0.25398400707776125,0.37792427847728005,0.3815805114243352,0.6184194885756649,0.014848351538586817,7.534313206064487,0.17206759111922976,0,8,0.14961900136914358,4.380605212008272,0.15053986229011945,0.7708476497314818,0.7708476497314818,0.7248648183931213,0.2291523502685181,0.2751351816068787,0.0,0.0
336,fresh_metaphor_02,metaphor_shift,4,5,33,0.125,early,DEFINED,True,0.5758904167895678,0.11294945331988333,0.2695547294564957,0.34858625541663263,0.15405594331536424,0.25365340908360967,0.40146324717452686,0.5985367528254731,-0.03150055917695801,5.353624865701182,0.24874487286578273,0,8,0.1400771817919889,2.0208587249400445,0.06554383872304713,0.8651851599329966,0.8651851599329966,0.9739480328276633,0.13481484006700342,0.026051967172336828,0.0,0.0
337,fresh_metaphor_02,metaphor_shift,5,6,33,0.15625,early,DEFINED,True,1.2367467814209465,0.29781486899022247,0.002219672975826851,0.14878308994124198,0.22689330612730407,0.3031401512580228,0.4768547429684485,0.5231452570315516,0.025099431341400524,4.819297440505597,0.36460975126660444,0,8,0.14026194947655618,5.641657034617432,0.17688438608062837,0.52187710192074,0.52187710192074,0.4975755206470731,0.4781228980792599,0.502424479352927,0.0,0.0
338,fresh_metaphor_02,metaphor_shift,6,7,33,0.1875,early,DEFINED,True,0.7710906313599273,0.3800815650122746,0.2975693460665782,0.2779266938519374,0.2593199491314389,0.35700864077670313,0.4293051498612155,0.5706948501387845,0.042057789421914085,6.734446814444052,0.20059954683515804,0,7,0.23676270324590426,5.503137170246779,0.18346989970303051,0.7622433401593925,0.7622433401593925,0.7870890532660878,0.0,0.0,0.2377566598406073,0.2129109467339123
339,fresh_metaphor_02,metaphor_shift,7,8,33,0.21875,early,DEFINED,True,0.7723421466679017,0.18559637060086448,0.2720968932794412,0.4248273519561686,0.22861274107832336,0.28997782481152756,0.5417931158932837,0.4582068841067163,0.12402466422966116,5.167535234665583,0.25436460627481955,1,8,0.13663418021545568,6.609012294901419,0.2193409635025692,0.6468130722008002,0.6468130722008002,0.598773640053464,0.1176679420152959,0.007332946705988518,0.23551898578390396,0.3938934132405475
340,fresh_metaphor_02,metaphor_shift,8,9,33,0.25,early,DEFINED,True,0.6243107172284208,0.29746891821007576,0.41172012969515653,0.09278207950040396,0.31086482984651814,0.3918715794655308,0.4566158943703546,0.5433841056296453,0.0835640698122089,7.335360207748148,0.18199862575921663,0,5,0.5195218736552689,7.830868666535947,0.26608814753756954,0.38489259840278045,0.38489259840278045,0.26340548527241675,0.36834070511805983,0.3939671994191082,0.24676669647915972,0.3426273153084751
341,fresh_metaphor_02,metaphor_shift,9,10,33,0.28125,early,DEFINED,True,0.4321654290679968,0.1802775488709296,0.22581492092247635,0.11727387896403499,0.22141468107008394,0.3103058429705712,0.47094388613440435,0.5290561138655956,0.10672199360063239,7.76316930890047,0.16215602338168522,0,7,0.2648682522300458,6.018415843245946,0.20281953009070788,0.35617547207999645,0.35617547207999645,0.4033073418143972,0.5039759691102421,0.4844780922172342,0.13984855880976144,0.11221456596836854
342,fresh_metaphor_02,metaphor_shift,10,11,33,0.3125,early,INACTIVE_TARGET,True,0.0,0.08999837086537235,,,0.08601649535306355,0.1508191333446501,0.5357028393812278,0.46429716061877224,0.08222963499679602,4.48244098177954,0.31896497941820856,0,8,0.13141197745715344,1.862657240352945,0.05700076861695749,0.49995260613888615,0.49995260613888615,0.7062352804245663,0.5000473938611139,0.29376471957543376,0.0,0.0
343,fresh_metaphor_02,metaphor_shift,11,12,33,0.34375,middle,INACTIVE_TARGET,True,0.0,0.001384100486609786,,,0.0569769876367276,0.22150941587580839,0.9999999999999999,1.1102230246251565e-16,,1.0,1.0,7,8,0.1392635984984,3.1305220358841943,0.10268182496253009,0.7395065946311341,0.2604934053688659,0.0,0.7395065946311341,1.0,0.0,0.0
344,fresh_metaphor_02,metaphor_shift,12,13,33,0.375,middle,DEFINED,True,0.540304633140175,0.20087395065955213,0.14364963509074347,0.32329787584538044,0.2601616986175973,0.31733433228599117,0.42767082422481256,0.5723291757751874,0.062476668662648914,7.785079115345001,0.17609233474913086,0,7,0.24526521689851694,4.977870078973513,0.1727782910597264,0.36532063290238836,0.3884294010219482,0.4117265963729324,0.36532063290238836,0.3749825854504296,0.24624996607566346,0.21329081817663817
345,fresh_metaphor_02,metaphor_shift,13,14,33,0.40625,middle,DEFINED,True,0.5922914658209821,0.18354163475833463,0.14205739463187303,0.0054899051280148745,0.26513179183819874,0.3393595338135624,0.35965341110945515,0.6403465888905449,-0.008219021099007481,7.32879241824342,0.17924056906122837,0,8,0.1365604694671346,3.1869819996922315,0.0971108516700391,0.6585237585277457,0.23009780497293808,0.1665518130568746,0.6585237585277457,0.6784388763795484,0.11137843649931613,0.15500931056357706
346,fresh_metaphor_02,metaphor_shift,14,15,33,0.4375,middle,DEFINED,True,0.5082701596077176,0.17747900937654904,0.20240148147896603,0.06316109849284526,0.22601438893856632,0.4220860743193176,0.38673018762734873,0.6132698123726512,0.0012167973702782928,6.732911130009002,0.23776857742049307,0,7,0.19950749317337282,5.763728590590904,0.20252772312903383,0.41212129447477974,0.2542756730550657,0.2825047367323652,0.41212129447477974,0.4838838349649304,0.3336030324701545,0.23361142830270426
347,fresh_metaphor_02,metaphor_shift,15,16,33,0.46875,middle,DEFINED,True,0.6915041259023761,0.19314986358462372,0.45344378666160157,0.2926437762661866,0.2532754802751308,0.35553828438290846,0.4283502465837277,0.5716497534162723,0.04886865595504693,7.065552733958246,0.2025797876213949,0,8,0.15282883366284483,4.804128732155762,0.15056831882478208,0.7676767743055298,0.11913326727365149,0.2025797876213949,0.7676767743055298,0.7567152754296832,0.11318995842081878,0.04070493694892173
348,fresh_metaphor_02,metaphor_shift,16,17,33,0.5,middle,DEFINED,True,0.35552650360170984,0.3930045729688118,0.4452493804621658,0.1664619591110731,0.293602745616552,0.4021040492821235,0.5153033651623683,0.4846966348376317,0.13601666320187855,6.67060968934615,0.25822586462834285,0,7,0.27747486621747147,4.70455336512581,0.13553155375725504,0.6485242212705941,0.1212950167433783,0.08153410485562719,0.6485242212705941,0.6902010111769865,0.23018076198602766,0.22826488396738648
349,fresh_metaphor_02,metaphor_shift,17,18,33,0.53125,middle,DEFINED,True,0.36218616599450104,0.177072116944926,0.3039716359622899,0.1424366336284581,0.14319027912950288,0.4171720147534923,0.43032206819197005,0.56967793180803,0.05651006300165717,7.332803243659922,0.1840627192624021,0,6,0.4015825103491607,4.888532963990241,0.17887469474848697,0.502956195245083,0.09677151418257002,0.0769433718400798,0.502956195245083,0.49196119448472797,0.4002722905723471,0.4310954336751923
350,fresh_metaphor_02,metaphor_shift,18,19,33,0.5625,middle,INACTIVE_TARGET,True,0.0,0.13404736936092784,,,0.13023382546453122,0.1719106156772237,0.5902681957847362,0.4097318042152638,0.15357067628787704,4.344096891510218,0.28067437928879163,3,7,0.25135002930715,1.881175959968877,0.06465966083292138,0.7436750205736503,0.0,0.0,0.7436750205736503,0.7193256207112084,0.2563249794263497,0.28067437928879163
351,fresh_metaphor_02,metaphor_shift,19,20,33,0.59375,middle,INACTIVE_TARGET,True,0.0,0.23508318158198094,,,0.13045120919545272,0.199412491261423,0.6413959102417394,0.35860408975826064,-0.02280785095774035,2.3556332183864037,0.5899123014752744,4,8,0.13127012661016152,2.6183457243555424,0.08321817263700743,0.5059786954011667,0.0,0.0,0.5059786954011667,0.15679668317033785,0.4940213045988333,0.843203316829662
352,fresh_metaphor_02,metaphor_shift,20,21,33,0.625,middle,DEFINED,True,0.21110049740110362,0.28503609637518124,0.019112174660094305,0.2716004356884623,0.1639065892178908,0.4090022926302717,0.47294138873523645,0.5270586112647635,0.08851884839004522,6.743983689347399,0.18261642526097813,0,8,0.1762868649548982,5.774457210346524,0.180991379753352,0.5389741701410934,0.16481161354514726,0.16091432863908645,0.5389741701410934,0.4904955311668365,0.29621421631375927,0.3485901401940771
353,fresh_metaphor_02,metaphor_shift,21,22,33,0.65625,middle,DEFINED,True,0.43025499321857197,0.2264736478171385,0.4591895350311699,0.21387037697616573,0.30497612570875277,0.37197815557227415,0.43764520668061374,0.5623547933193862,0.01853988835147835,5.673395012609703,0.31828228444267587,0,8,0.13401026487623752,9.99308704205881,0.3006889863159146,0.3961598261978184,0.47505785524298993,0.4299319081723378,0.3961598261978184,0.25178580738498624,0.12878231855919167,0.31828228444267587
354,fresh_metaphor_02,metaphor_shift,22,23,33,0.6875,late,DEFINED,True,0.5489467444494552,0.25682701404719793,-0.014374816704962297,-0.15585178869848051,0.18205136435316652,0.3144510273866107,0.469870731717123,0.530129268282877,0.06605499391956769,6.036219075107753,0.2756189138341234,0,8,0.14934312086951185,11.279151967804841,0.3354777062917452,0.11779303179206817,0.4723848107014499,0.4759413467320512,0.4098221575064819,0.24843973943382536,0.11779303179206817,0.2756189138341234
355,fresh_metaphor_02,metaphor_shift,23,24,33,0.71875,late,DEFINED,True,0.5268795101685357,0.12597773428439887,0.13151374994333265,0.3200266780050568,0.21962978148837728,0.2701946828900266,0.5330941869086655,0.4669058130913345,0.07852925365709465,4.480550599827908,0.3000640034648824,2,7,0.2473984823232513,8.08431122074218,0.24906258244075705,0.2445812317276968,0.36802551502604663,0.378763034580812,0.3873932532462566,0.32117296195430567,0.2445812317276968,0.3000640034648824
356,fresh_metaphor_02,metaphor_shift,24,25,33,0.75,late,DEFINED,True,0.8885517315661264,0.34521281001049026,-0.28664502006617043,0.11438575300963716,0.2389081363457767,0.34460607502680707,0.4103940179897834,0.5896059820102166,0.02880974961372352,6.956277492410963,0.22407361382783422,0,7,0.2453912612289779,6.697006098535216,0.1913116871335724,0.11997557141312026,0.0,0.0,0.8800244285868796,0.9011160035011974,0.11997557141312026,0.09888399649880268
357,fresh_metaphor_02,metaphor_shift,25,26,33,0.78125,late,DEFINED,True,0.6099877970431206,0.23763555890885632,0.13219347883312269,0.020364647117237105,0.2646786566063339,0.3498038356793594,0.4828489577835496,0.5171510422164505,0.071700818077092,5.750036970970231,0.30827514063472927,0,8,0.1462516323385569,13.584875921642404,0.40808360859207904,0.11862791783765025,0.489340225494758,0.4220087184133542,0.39203185666759177,0.2697161409519165,0.11862791783765025,0.30827514063472927
358,fresh_metaphor_02,metaphor_shift,26,27,33,0.8125,late,DEFINED,True,0.5505254845375391,0.2552721964917535,-0.37934458684215394,-0.2881158203578381,0.20865684760905792,0.3491350358408796,0.5059530703227841,0.49404692967721586,0.12485791154743998,6.673820626083683,0.2558711011338814,0,8,0.15323977163360167,6.547314546785417,0.19756381401517692,0.46938830740185633,0.0,0.0,0.5306116925981437,0.5734781918722125,0.46938830740185633,0.42652180812778745
359,fresh_metaphor_02,metaphor_shift,27,28,33,0.84375,late,DEFINED,True,0.45572511657593484,0.23511282682000514,-0.20141148168191528,-0.3040489976230692,0.2723540073545018,0.32677495913212184,0.46482516513368566,0.5351748348663143,0.09222241735893441,7.33024434447943,0.21310003720055717,0,6,0.263469747045252,5.876925282028935,0.16646412431475827,0.6125293875612426,0.0,0.0,0.38747061243875736,0.40499536909208544,0.6125293875612426,0.5950046309079143
360,fresh_metaphor_02,metaphor_shift,28,29,33,0.875,late,DEFINED,True,0.5033364789413799,0.20749158842742008,0.43559808391794497,-0.1748640689857303,0.2972788219251205,0.334530028053984,0.37793465469632953,0.6220653453036704,0.0055327889070081685,7.242928406050573,0.18157546585764833,0,6,0.2584770465830861,12.225284556901006,0.35019470144561493,0.25162387635432903,0.0,0.0,0.748376123645671,0.699602076166058,0.25162387635432903,0.30039792383394204
361,fresh_metaphor_02,metaphor_shift,29,30,33,0.90625,late,DEFINED,True,0.896496258810538,0.2636338546711507,0.008078384982181483,-0.2502801923999053,0.2369894826938335,0.302498441145002,0.4318730296730871,0.568126970326913,0.0008433151078130335,5.381328759744567,0.3528455885174746,0,7,0.26124290294073776,10.900666319535668,0.3074231974575695,0.3892171059868098,0.119769436298851,0.09481040611407221,0.4910134577143391,0.4090269092926807,0.3892171059868098,0.49616268459324697
362,fresh_metaphor_02,metaphor_shift,30,31,33,0.9375,late,DEFINED,True,0.4640642915091342,0.18452289523473647,0.2957463782303741,0.42293045510389154,0.16795769566371901,0.2375567017699514,0.5321271904441235,0.4678728095558765,0.1363107035030956,5.881493196311691,0.22722531028066173,1,8,0.13344981550720583,11.823099544164194,0.3490176044067338,0.25527335305341,0.0,0.0,0.7447266469465901,0.862257709363621,0.25527335305341,0.13774229063637905
363,fresh_metaphor_02,metaphor_shift,31,32,33,0.96875,late,DEFINED,True,0.42228065646925356,0.15161800967132713,-0.016164766898916185,-0.11544353288852321,0.23544376489999677,0.3252020875872153,0.5363889686315123,0.4636110313684877,0.17867874685044655,7.5326815454415685,0.15926281010602605,0,7,0.2278135884118814,7.310542939539979,0.1806899012034653,0.7667726995507672,0.0,0.0,0.23322730044923276,0.2954522849980938,0.7667726995507672,0.704547715001906
364,fresh_metaphor_03,metaphor_shift,1,2,33,0.03125,early,DEFINED,True,0.399739980724591,0.15143110830031603,0.11446606454211768,-0.015223713995697667,0.18162644469914238,0.2975677753912729,0.4520305142683218,0.5479694857316781,0.08150415340031167,7.477937366539364,0.19731571528199546,0,8,0.1428281184759052,0.2185144960396401,0.008119332381040094,1.0,1.0,0.9999999999999999,0.0,0.0,0.0,0.0
365,fresh_metaphor_03,metaphor_shift,2,3,33,0.0625,early,DEFINED,True,0.5243309078703817,0.25485152257808424,-0.19226096337622575,0.06255642280494772,0.2648204411424716,0.31046645259459543,0.42944859637666777,0.5705514036233322,0.05281112780979093,7.196665231337747,0.2069912894383496,0,8,0.1336663001073089,0.0,0.002332719042695672,1.0,1.0,0.9999999999999999,0.0,0.0,0.0,0.0
366,fresh_metaphor_03,metaphor_shift,3,4,33,0.09375,early,DEFINED,True,0.5246667661464404,0.2701461608007894,-0.020860322638864788,0.09411514582008866,0.25510578984852966,0.3546009164527773,0.49422922067219877,0.5057707793278012,0.0727879668554811,5.407286400604415,0.2776940225085333,0,8,0.1480137133088584,7.098368338447423,0.23990604563165857,0.38235685434488337,0.38235685434488337,0.43028428853261713,0.6176431456551167,0.5697157114673829,0.0,0.0
367,fresh_metaphor_03,metaphor_shift,4,5,33,0.125,early,DEFINED,True,0.49960305167988917,0.1362307796861582,0.46398122385083523,0.34858625541663263,0.15405594331536424,0.26891884325340515,0.46393125989486433,0.5360687401051356,0.029191146312024043,5.218250283309343,0.2806911959836573,0,8,0.14312336719266083,2.7261034070662435,0.08938139782992396,0.7644699686886389,0.7644699686886389,0.7938558539228786,0.23553003131136113,0.20614414607712134,0.0,0.0
368,fresh_metaphor_03,metaphor_shift,5,6,33,0.15625,early,DEFINED,True,0.35093109255595484,0.27984387182964604,0.09086845414340498,-0.05948316013791708,0.24124869023660336,0.3054238476058225,0.502801228140127,0.49719877185987305,0.09673153608193195,5.787305912614378,0.3043105108840172,0,8,0.1369479814873112,5.45789906549771,0.19092222309717322,0.5050033076194526,0.5050033076194526,0.6055088617990328,0.37936496335394,0.2517974122908069,0.11563172902660745,0.1426937259101603
369,fresh_metaphor_03,metaphor_shift,6,7,33,0.1875,early,DEFINED,True,0.5927025843528121,0.3418026478404823,0.4568539411009784,0.31818885501922894,0.21059324532532195,0.3256919705429824,0.4139358391000924,0.5860641608999075,0.026693171315351587,6.728716186116612,0.23294472504423905,0,8,0.146793051364063,3.372199719760066,0.11761152826162152,0.877650911259616,0.877650911259616,0.8459073010862747,0.0,0.0,0.12234908874038412,0.15409269891372535
370,fresh_metaphor_03,metaphor_shift,7,8,33,0.21875,early,DEFINED,True,0.6377248234449764,0.18121746901155908,0.3283411974427109,0.41075044749182765,0.1878944103156758,0.26457296438485506,0.3960484949642708,0.6039515050357291,0.007180144965357065,6.633203459485293,0.21971565397911036,0,8,0.14126138778020655,5.243445228282425,0.17521799794868478,0.6390051052169405,0.6390051052169405,0.725744948717353,0.24114040992413283,0.1110573900362082,0.1198544848589266,0.16319766124643892
371,fresh_metaphor_03,metaphor_shift,8,9,33,0.25,early,DEFINED,False,0.4294985852378362,0.358969646152967,0.07765324412794161,0.03000873607604211,0.3894592804424251,0.4258982386236142,0.4299823507734101,0.5700176492265898,0.039362616276049714,6.601311319459566,0.22146675757076018,0,7,0.23539406291099085,5.61252986689533,0.1936714317718802,0.3676638560335285,0.3676638560335285,0.4049184147298823,0.4983033609674623,0.4860512022609329,0.13403278299900914,0.10903038300918491
372,fresh_metaphor_03,metaphor_shift,9,10,33,0.28125,early,DEFINED,True,0.3350348826421088,0.18359208385151096,0.1412086368310834,0.15957223507771504,0.2783888245389477,0.3630631625369418,0.47716227165428793,0.5228377283457121,0.1064931020736449,7.3727329432034905,0.18501812734946615,0,6,0.385056042432358,5.968867812995915,0.22464444755420107,0.12021482707245494,0.12021482707245494,0.08775468417813784,0.651580077988588,0.5857602040595807,0.22820509493895708,0.32648511176228157
373,fresh_metaphor_03,metaphor_shift,10,11,33,0.3125,early,DEFINED,True,0.10002017789429138,0.16229008299427744,0.024936280285561677,-0.0007825072850968081,0.09028373384704051,0.12945370976550727,0.46102277472950814,0.5389772252704919,0.026407955566410582,5.23059633487279,0.2528193846152023,0,8,0.12766719574312815,1.2494373782625259,0.04975909486970359,0.6277755128434673,0.6277755128434673,0.7360564350161806,0.37222448715653267,0.26394356498381927,0.0,0.0
374,fresh_metaphor_03,metaphor_shift,11,12,33,0.34375,middle,DEFINED,True,0.3948915786134277,0.23961760472943835,0.0863730191601029,0.069727289799255,0.29906374112721473,0.33393139935996036,0.42895973471682025,0.5710402652831797,0.03496743644518878,6.475033043920885,0.26235534134045974,0,7,0.2419446057394426,5.736700092517623,0.18451104738814428,0.38098525022727037,0.48464677227345704,0.5320360735403133,0.38098525022727037,0.37723648485582206,0.13436797749927262,0.09072744160386471
375,fresh_metaphor_03,metaphor_shift,12,13,33,0.375,middle,DEFINED,True,0.6747862506707111,0.2666178994335902,-0.33990006809037127,-0.22950085065076162,0.27410750306025816,0.37805161321895164,0.4061275812053143,0.5938724187946858,0.027718730692737815,7.085519773058092,0.20204307835219093,0,5,0.29499432160475203,8.199621932571272,0.2630200868587861,0.3817545747634798,0.23384923254088386,0.13613548459156685,0.3817545747634798,0.41998021067512264,0.38439619269563646,0.44388430473331053
376,fresh_metaphor_03,metaphor_shift,13,14,33,0.40625,middle,DEFINED,True,0.4669876196067164,0.2091734698753242,0.09242896456310747,0.10783903765734766,0.2553424874142934,0.30514642379769374,0.45549295908621135,0.5445070409137887,0.0755964741928551,7.009569456820936,0.22904121746415615,0,7,0.25827600684623686,5.305840320910682,0.17568751131009125,0.6273868638267904,0.37261313617320957,0.2580868885561256,0.6273868638267904,0.7419131114438742,0.0,0.0
377,fresh_metaphor_03,metaphor_shift,14,15,33,0.4375,middle,DEFINED,True,0.5784486571099493,0.21226293960031448,0.21827548404118116,0.1384313947468006,0.167238709001725,0.35335049712320576,0.496999198304378,0.503000801695622,0.10859530613524762,6.44018522344705,0.22563614374810476,0,7,0.28653002341348155,5.266393090903472,0.17031694341786063,0.6568973553499713,0.2219908971401377,0.20641923910560583,0.6568973553499713,0.6508471702869247,0.12111174750989102,0.14273359060746946
378,fresh_metaphor_03,metaphor_shift,15,16,33,0.46875,middle,DEFINED,True,0.7730625092549359,0.18898312421489666,0.10332710432531272,-0.3040489976230692,0.2723540073545018,0.3738979522350641,0.4493459345363623,0.5506540654636377,0.08020096307205725,7.557250408369182,0.15972713265010677,0,6,0.280810973859834,5.225562417857415,0.16805992569644426,0.611558175828868,0.10763085031129799,0.14694131930699744,0.611558175828868,0.5336688499755681,0.280810973859834,0.31938983071743454
379,fresh_metaphor_03,metaphor_shift,16,17,33,0.5,middle,DEFINED,True,0.5158613837792552,0.277702400907668,0.1297405244536893,-0.253029637873194,0.27063249848928284,0.3657969357785873,0.4345566682624913,0.5654433317375087,0.053759272701141905,7.005027758029834,0.2070236223437168,0,7,0.2692583139806769,7.574823585409877,0.26386964506297095,0.38004392287535577,0.23800953646396095,0.21886487468065224,0.38004392287535577,0.43947102544842986,0.38194654066068323,0.34166409987091784
380,fresh_metaphor_03,metaphor_shift,17,18,33,0.53125,middle,DEFINED,True,0.48118814457424147,0.2694467825011109,0.13562288255882282,0.3399290437470978,0.20558709118891252,0.37562571842519143,0.5415033365186422,0.45849666348135776,0.15396721541343558,6.075262085688784,0.30135450897198285,0,8,0.15570025529406595,6.257301205472341,0.19267485129786288,0.5065575635373131,0.0981220991226713,0.06534570950560581,0.5065575635373131,0.6250482381388864,0.3953203373400157,0.30960605235550764
381,fresh_metaphor_03,metaphor_shift,18,19,33,0.5625,middle,DEFINED,True,0.33761196171480623,0.08105665287818613,0.16496482975724372,,0.07139149385970463,0.15117262670262915,0.48692534764710643,0.5130746523528935,-0.0737238806606401,3.454485801016004,0.3630351616057202,4,8,0.1327594994478708,2.1065316754404715,0.06338205267101137,0.8768912899187069,0.0,0.0,0.8768912899187069,1.0000000000000002,0.12310871008129307,0.0
382,fresh_metaphor_03,metaphor_shift,19,20,33,0.59375,middle,DEFINED,True,0.47822170769591804,0.2413576196777233,0.16346432088275756,0.3065766510544902,0.18403933876920567,0.3006507182757263,0.40523308813268755,0.5947669118673125,0.03102506385032199,7.275198780356741,0.18365233812555287,0,8,0.14016867960722448,4.252636168296398,0.14676359797193075,0.5255495869873191,0.21369190181543646,0.3108026279632012,0.5255495869873191,0.4645444038267761,0.2607585111972443,0.22465296821002265
383,fresh_metaphor_03,metaphor_shift,20,21,33,0.625,middle,DEFINED,True,0.4740043578805962,0.2913431519785334,0.19610301447464526,0.18442623398020852,0.09664409905364252,0.37877970759730273,0.40736168165717124,0.5926383183428288,0.023771775079715014,6.866540818758046,0.18942707303484452,0,6,0.2448157110239665,4.199965152084699,0.149996185107109,0.22512455713950436,0.1118999975874591,0.08021145817400854,0.22512455713950436,0.24984332700745196,0.6629754452730365,0.6699452148185395
384,fresh_metaphor_03,metaphor_shift,21,22,33,0.65625,middle,DEFINED,True,0.5034258018872112,0.2979094464795591,-0.15708569065487352,0.0995364231018115,0.1873295217404597,0.34950107356072124,0.4443811242454705,0.5556188757545295,0.06900797600641101,7.246957334178961,0.19691200914841903,0,6,0.28698632039158595,4.757814418443219,0.14321607516641988,0.5960628549702377,0.0,0.0,0.5960628549702377,0.554380811257207,0.40393714502976236,0.44561918874279316
385,fresh_metaphor_03,metaphor_shift,22,23,33,0.6875,late,DEFINED,True,0.45456334936184345,0.1650282228167387,0.4099170356480087,0.2589122853630782,0.285465946084583,0.33160744089121125,0.44171912851686285,0.5582808714831371,0.07744924874194849,7.840383112931496,0.16003672781594408,0,6,0.36120587076224014,4.601914777313951,0.1457036925219156,0.6115634737047834,0.0,0.0,0.3884365262952167,0.40569085293417395,0.6115634737047834,0.594309147065826
386,fresh_metaphor_03,metaphor_shift,23,24,33,0.71875,late,DEFINED,True,0.30264485975166827,0.2430206455082885,0.2717363730221314,-0.12050895196528301,0.26576454026182367,0.3713303102639144,0.37267627315634577,0.6273237268436542,0.007241148120837124,7.5410981702694295,0.18973793177804155,0,8,0.14828512746870354,5.909985349022644,0.18597149114082645,0.554327973212291,0.10721006329244263,0.18973793177804155,0.33846196349526636,0.3544737265627218,0.554327973212291,0.4557883416592367
387,fresh_metaphor_03,metaphor_shift,24,25,33,0.75,late,DEFINED,True,0.4253087010364206,0.24858659312665435,0.17159424262835152,-0.08098996368397253,0.2595306396765706,0.36331027182333786,0.3814558904860453,0.6185441095139548,0.008713606959902843,7.2465109811057715,0.2117853921891271,0,8,0.14529083349908078,4.3800816691614255,0.18252143619979033,0.7491442370955635,0.11959123258311428,0.2117853921891271,0.13126453032132204,0.14616324002428033,0.7491442370955635,0.6420513677865927
388,fresh_metaphor_03,metaphor_shift,25,26,33,0.78125,late,DEFINED,True,0.4456118011694172,0.19076601552597983,0.20206210558591792,0.03541945237870641,0.24336545866586728,0.36977900827558347,0.397149000504089,0.602850999495911,0.02541309645705655,7.365699726691352,0.1915262475125143,0,7,0.2479337166079646,6.959872148857756,0.19659412287834818,0.491815225845327,0.0,0.0,0.508184774154673,0.4854465162156347,0.491815225845327,0.5145534837843653
389,fresh_metaphor_03,metaphor_shift,26,27,33,0.8125,late,DEFINED,True,0.16215657786960683,0.2048369099636008,-0.31688819837020504,-0.4239132790701813,0.2042256642386821,0.3161921596992104,0.4874945782592807,0.5125054217407192,0.09550605684989633,6.363182208580622,0.21815084423425815,1,7,0.23170725566224065,8.77077682341303,0.24613860244138547,0.36808747720844665,0.0,0.0,0.6319125227915532,0.6465679370181896,0.36808747720844665,0.35343206298181035
390,fresh_metaphor_03,metaphor_shift,27,28,33,0.84375,late,DEFINED,True,0.28093288213123047,0.1489872490793784,0.02657818225570912,-0.040452636729675105,0.34689252253515845,0.3872241256940284,0.39428894094048755,0.6057110590595125,0.024233013013956282,7.435505343554341,0.17212912379563816,0,7,0.2553984565199826,8.90048880890007,0.24891435568777942,0.6221382531939952,0.2551378563900082,0.29738929675805476,0.1227238904159967,0.10964692045389263,0.6221382531939952,0.5929637827880526
391,fresh_metaphor_03,metaphor_shift,28,29,33,0.875,late,DEFINED,True,0.2900822312633581,0.29154286259738293,0.3080133357153024,-0.2502801923999053,0.2369894826938335,0.33898702794261365,0.43187547056345726,0.5681245294365427,0.016192423957646442,5.776094895141725,0.29685993505071046,0,8,0.15230906344341158,10.47791927659205,0.30548552786363503,0.3915648681898065,0.24048471442246733,0.15855003613102814,0.3679504173877261,0.27401563008184854,0.3915648681898065,0.5674343337871235
392,fresh_metaphor_03,metaphor_shift,29,30,33,0.90625,late,INACTIVE_TARGET,True,0.0,0.22273941507991946,,,0.14430246227932167,0.24537739709907763,0.48794733914016897,0.512052660859831,0.1255960827199786,7.772719489831282,0.17297627592230272,0,7,0.24909123779559417,7.94045200192959,0.22013886564905344,0.5155163199556384,0.0,0.0,0.48448368004436143,0.5430025007434257,0.5155163199556384,0.4569974992565743
393,fresh_metaphor_03,metaphor_shift,30,31,33,0.9375,late,DEFINED,False,0.11393890148096608,0.2579012244587713,-0.28485877802759274,,0.09823958213279844,0.44911307942560746,0.5219892266443483,0.4780107733556517,0.09204641810252776,5.032267511049419,0.2717032335077825,2,7,0.30532984806420244,6.610622804605066,0.1784252285029019,0.6260490080262897,0.0,0.0,0.37395099197371034,0.3548880790193823,0.6260490080262897,0.6451119209806178
394,fresh_metaphor_03,metaphor_shift,31,32,33,0.96875,late,DEFINED,True,0.33124738847700075,0.26441372025753174,-0.0026776579519481713,0.015205683076169969,0.25911853434953924,0.32681855491377,0.4683424080563844,0.5316575919436156,-0.02649729290672013,4.175436635601811,0.4305579152332373,0,8,0.13408020445114044,12.290134749425953,0.35706706951686984,0.37023222906727693,0.0,0.0,0.6297677709327231,0.7826755652615125,0.37023222906727693,0.21732443473848764
395,fresh_metaphor_04,metaphor_shift,1,2,32,0.03225806451612903,early,DEFINED,True,0.2650771116958433,0.19595135363106914,0.2873068566821864,0.21419513084209163,0.17848011539087297,0.265452817723635,0.4816007072083163,0.5183992927916836,0.10601349925177139,7.099314937787308,0.22271726807819797,0,8,0.14004584290912747,2.7277190469077635,0.09213934237506448,0.8809101465070704,0.8809101465070704,0.8825084153819425,0.0,0.0,0.11908985349292953,0.11749158461805755
396,fresh_metaphor_04,metaphor_shift,2,3,32,0.06451612903225806,early,DEFINED,True,0.3068165498702492,0.22123220531741639,0.42033583172399314,0.0252554114860546,0.09112885495808302,0.31911675888696417,0.45667695493783284,0.5433230450621671,0.055624881253456986,6.175253655383105,0.2606645325123413,0,8,0.15458042743219866,1.8722476047872059,0.06359545105922544,0.8989718703214034,0.8989718703214034,0.7991458577769653,0.1010281296785965,0.20085414222303463,0.0,0.0
397,fresh_metaphor_04,metaphor_shift,3,4,32,0.0967741935483871,early,DEFINED,True,0.4039335005465943,0.1488449442253397,0.25837639043981747,0.3160540376889723,0.07990307017552932,0.25135141044987325,0.5059493234216086,0.4940506765783914,0.08567013884779216,5.3684767704400675,0.23097725040241232,1,8,0.14103312227367323,1.1976345312692285,0.04329877080161056,0.8927562869636283,0.8927562869636283,0.9922178223380973,0.10724371303637174,0.0077821776619027986,0.0,0.0
398,fresh_metaphor_04,metaphor_shift,4,5,32,0.12903225806451613,early,DEFINED,True,0.37323766431888306,0.20406316841474156,-0.04454885428605412,0.023080756034128472,0.26832662864603707,0.3639439920159616,0.3983700095921997,0.6016299904078003,0.013027107725489628,6.775330159438045,0.20669195133427215,0,7,0.26556687580782434,5.131461769030896,0.16283008797937945,0.5925574989626269,0.5925574989626269,0.6025314812449841,0.4074425010373732,0.397468518755016,0.0,0.0
399,fresh_metaphor_04,metaphor_shift,5,6,32,0.16129032258064516,early,DEFINED,True,0.3695137833636526,0.21037750922351553,0.23031453260507648,0.009549466997527244,0.2951434406598915,0.34741659367222694,0.41786464751567637,0.5821353524843236,-0.006483935875870926,5.557773820936061,0.33085901635388915,0,7,0.24374924726562935,5.9390929882601355,0.18905274517159415,0.6416019510825742,0.6416019510825742,0.43395106368092207,0.23432848771451958,0.23518991996518868,0.12406956120290612,0.33085901635388915
400,fresh_metaphor_04,metaphor_shift,6,7,32,0.1935483870967742,early,DEFINED,True,0.8163807398395099,0.24426400201904586,0.06196954944728345,0.23199143723791535,0.2722363825454148,0.33610360388541594,0.3638113258194007,0.6361886741805993,-0.0035567400932227542,7.383685629921737,0.17773806747407211,0,8,0.14178558833200333,5.1394132532317505,0.17521303866535703,0.7642047926212596,0.7642047926212596,0.7956070361852643,0.11823588843432181,0.10341525912488231,0.11755931894441847,0.1009777046898532
401,fresh_metaphor_04,metaphor_shift,7,8,32,0.22580645161290322,early,DEFINED,True,0.7382644393308377,0.322895346400398,0.13828718915118365,0.05497381383028233,0.1940450223914046,0.27487244180884024,0.5135729654402903,0.4864270345597097,0.14357591874715775,7.126102648126593,0.1827069462390595,0,6,0.3818556924767753,3.4605602721242628,0.12362716967057555,0.7508672303491621,0.7508672303491621,0.6384133070058423,0.2491327696508378,0.3615866929941577,0.0,0.0
402,fresh_metaphor_04,metaphor_shift,8,9,32,0.25806451612903225,early,DEFINED,True,0.3370244421838055,0.18302823866475798,0.30170683777126195,0.35456938387339165,0.14377475545630275,0.29152807803822356,0.5074834204000715,0.49251657959992845,0.10851813240853891,5.98224502116019,0.2000707327965212,0,8,0.1439484114707458,3.4637232834713396,0.10887332455824576,0.7776995773951052,0.7776995773951052,0.891465184119216,0.22230042260489485,0.10853481588078401,0.0,0.0
403,fresh_metaphor_04,metaphor_shift,9,10,32,0.2903225806451613,early,DEFINED,True,0.3721714845361376,0.26259313260766826,-0.15124676617965607,-0.03544246408411087,0.30081881351452555,0.38093850452378336,0.5147606565063892,0.48523934349361075,0.11703001860805295,5.968089521649239,0.27615207223527155,0,8,0.14619834706985152,3.6392416832715004,0.1223101055427,0.25908519826037407,0.25908519826037407,0.20097813426961733,0.7409148017396258,0.7990218657303827,0.0,0.0
404,fresh_metaphor_04,metaphor_shift,10,11,32,0.3225806451612903,early,DEFINED,True,0.11668127435380853,0.09388210808187426,0.26700329572206566,-0.11173437533891895,0.10091926630308005,0.1328762736546352,0.47841342934315945,0.5215865706568406,0.014101994014372198,4.5903243798989735,0.32352666802610797,0,8,0.12738752310741938,1.7567392776672432,0.045347706208005364,0.6256799911212866,0.6256799911212866,0.7827822395592099,0.3743200088787135,0.21721776044079025,0.0,0.0
405,fresh_metaphor_04,metaphor_shift,11,12,32,0.3548387096774194,middle,DEFINED,True,0.28602369479144585,0.3344189869231319,0.1019106829208505,-0.028807002543412927,0.31530589134045406,0.3439634665952992,0.5331586404754797,0.4668413595245203,0.09434364499886781,4.7687585641237815,0.39033673452025697,0,6,0.3849108064869865,3.551630303513417,0.11795509143710126,0.5003265389632439,0.4996734610367561,0.31978304715699485,0.5003265389632439,0.6802169528430052,0.0,0.0
406,fresh_metaphor_04,metaphor_shift,12,13,32,0.3870967741935484,middle,DEFINED,True,0.8098939420767848,0.3959980311811582,0.16063009460483713,0.08603045882708149,0.2341815477951502,0.2979896984171305,0.5183196077839488,0.4816803922160512,0.10080503342576047,5.357128325890678,0.2922846456432065,0,8,0.13883321187097625,3.2074531216314117,0.106017882947298,0.878327399002566,0.121672600997434,0.05462189374847178,0.878327399002566,0.9453781062515282,0.0,0.0
407,fresh_metaphor_04,metaphor_shift,13,14,32,0.41935483870967744,middle,DEFINED,True,0.49097252895330584,0.2501067666169723,0.03224109729047493,0.1907052986602597,0.24817396518296952,0.3030903402549929,0.46383545115694463,0.5361645488430553,0.099691164798778,7.79811159690515,0.1550564248940999,0,7,0.2519224349915319,3.5487378161571197,0.12496129676796319,0.6334911487480451,0.25024366070276793,0.23918440127685509,0.6334911487480451,0.6349657945719158,0.11626519054918698,0.12584980415122893
408,fresh_metaphor_04,metaphor_shift,14,15,32,0.45161290322580644,middle,DEFINED,True,0.372461517765265,0.2387354853710695,0.01950650305880372,0.2926437762661866,0.2532754802751308,0.29663408372203737,0.47128662467551136,0.5287133753244886,0.0966829878883336,7.201871432411936,0.1926845185514316,0,8,0.13365752839980435,5.462460148325331,0.17501398807226087,0.6262488587292139,0.3737511412707861,0.3791938452916905,0.6262488587292139,0.6208061547083096,0.0,0.0
409,fresh_metaphor_04,metaphor_shift,15,16,32,0.4838709677419355,middle,DEFINED,True,0.6831421135831586,0.3399410930102941,0.1564630937260155,0.1664619591110731,0.293602745616552,0.39421946864257956,0.4585997015876102,0.5414002984123898,0.0693042110769932,6.6002358173157685,0.2571516543170864,0,6,0.28397390662036115,4.721659511319835,0.14345601651176296,0.6297152851715553,0.26603143190640294,0.2157996090145993,0.6297152851715553,0.6287948263417177,0.10425328292204185,0.15540556464368288
410,fresh_metaphor_04,metaphor_shift,16,17,32,0.5161290322580645,middle,DEFINED,True,0.4809789573483526,0.18747148138565242,0.42132637355789554,0.10446866155935143,0.24761297563576257,0.3288569274885609,0.41670964975515995,0.5832903502448401,0.038599871182618165,7.119000751154994,0.22402058929907664,0,7,0.2593891448788415,6.24077280597855,0.1940403975869331,0.3749389333369822,0.5099513154432656,0.4953164630152567,0.3749389333369822,0.4303887238979379,0.11510975121975224,0.07429481308680534
411,fresh_metaphor_04,metaphor_shift,17,18,32,0.5483870967741935,middle,DEFINED,True,0.6926071680234935,0.2686328930794459,0.015052930727593616,0.0434086576890567,0.22596328439273164,0.3477175489484926,0.4511309586402816,0.5488690413597184,0.05773791337154706,6.463535096416388,0.2220180286293133,0,6,0.23484625911246204,7.578293874434179,0.23737706062672165,0.3743364671422792,0.39092726038543246,0.3958051700486867,0.3743364671422792,0.36547734884282806,0.23473627247228826,0.23871748110848506
412,fresh_metaphor_04,metaphor_shift,18,19,32,0.5806451612903226,middle,DEFINED,True,0.39368807055484534,0.20400083881559034,0.16890861178251232,0.038695595840756145,0.15659024388938544,0.24778405986146812,0.5435644423830486,0.4564355576169514,0.15389528792006799,5.976708002662731,0.22034771731653668,1,8,0.1383851488552929,8.253682894750176,0.26160749886780355,0.5069816471627371,0.11583884235218776,0.13755232375355067,0.5069816471627371,0.580999370246162,0.37717951048507514,0.28144830600028736
413,fresh_metaphor_04,metaphor_shift,19,20,32,0.6129032258064516,middle,DEFINED,True,0.1940171721703944,0.12856620757301412,0.44838484599201744,-0.08752677466703264,0.10266617482695407,0.39722997967208484,0.4199148267977423,0.5800851732022577,0.048851248469185,7.461323690272336,0.19793607251160825,0,7,0.22764228505975187,7.155235561209452,0.20930172837409963,0.4520772237274807,0.0,0.0,0.4520772237274807,0.42398033570722504,0.5479227762725194,0.5760196642927751
414,fresh_metaphor_04,metaphor_shift,20,21,32,0.6451612903225806,middle,DEFINED,True,0.11447334021137784,0.10669240679553889,0.11807056494402463,,0.08550027536380098,0.15483897867653668,0.4634650877313663,0.5365349122686337,-0.03818589070009597,4.1037322251799795,0.3103429838751784,3,8,0.13035783011710808,3.8523459707987824,0.11707422350635255,0.8764556132070396,0.0,0.0,0.8764556132070396,1.0000000000000002,0.12354438679296034,0.0
415,fresh_metaphor_04,metaphor_shift,21,22,32,0.6774193548387096,late,DEFINED,True,0.2763361716550614,0.2313071076126836,0.24724090591619796,0.2678427075200247,0.1196348154481429,0.3081695039025957,0.4449849398717479,0.5550150601282521,0.05106082534099574,6.4575310888225985,0.18090141230517962,1,8,0.15580170416970596,2.7279555214578424,0.09005476179196925,0.32972289505028446,0.0,0.0,0.6702771049497155,0.5860159926718913,0.32972289505028446,0.41398400732810886
416,fresh_metaphor_04,metaphor_shift,22,23,32,0.7096774193548387,late,DEFINED,True,0.8580616324922113,0.1893398661979233,0.08576622757117917,0.03600890901529512,0.13665373425139885,0.18426251038092725,0.4864472159073676,0.5135527840926324,0.0854492198409472,6.049349473530912,0.2526656641906446,1,8,0.12780541677708168,3.603320063848709,0.09491816337153361,0.38023196198684006,0.0,0.0,0.6197680380131599,0.4333351982335192,0.38023196198684006,0.5666648017664807
417,fresh_metaphor_04,metaphor_shift,23,24,32,0.7419354838709677,late,DEFINED,True,0.34720798543997977,0.4214993470647905,-0.2769221136337714,-0.04710330081182155,0.2159686209352908,0.3209278473712224,0.4793064409418696,0.5206935590581304,0.060056497758693136,5.5395665879933444,0.28892853199721336,0,7,0.2528420138972731,9.843642682713451,0.31356557607967706,0.0,0.23047593783463333,0.16615699117857843,0.7695240621653666,0.8338430088214215,0.0,0.0
418,fresh_metaphor_04,metaphor_shift,24,25,32,0.7741935483870968,late,DEFINED,True,0.38767947647011103,0.2325016916063409,0.11340044242067358,0.04718714823895975,0.2857639041065427,0.3581297412111384,0.42597931960110225,0.5740206803988978,0.041734939579024646,6.858298454018935,0.23870836830190376,0,5,0.3863506087144543,6.575827916694559,0.1890681248437622,0.5173978432864258,0.0,0.0,0.4826021567135742,0.5816259630381444,0.5173978432864258,0.41837403696185554
419,fresh_metaphor_04,metaphor_shift,25,26,32,0.8064516129032258,late,DEFINED,True,0.6985029375673305,0.19858396458798808,0.18867308606133096,0.21501085817624027,0.20044440696576737,0.3095440601874864,0.4884218746436575,0.5115781253563425,0.06889688605739572,5.488084250091764,0.25202771335124463,2,8,0.14786650016444766,4.892664277020126,0.1489845728578771,0.5978885882891359,0.0,0.0,0.40211141171086406,0.5619578235020126,0.5978885882891359,0.43804217649798727
420,fresh_metaphor_04,metaphor_shift,26,27,32,0.8387096774193549,late,DEFINED,True,0.4074568322028587,0.22191784456264566,0.08448928998688729,0.5369643336779988,0.3138260103857718,0.3637262787626452,0.4445481285049221,0.5554518714950779,0.01379081756910823,5.364724296589018,0.34960088836968256,0,7,0.24324714116598195,7.522656142277549,0.25901202038130045,0.37924389161287164,0.13040531921082169,0.09992049954151756,0.49035078917630665,0.30935578228306754,0.37924389161287164,0.5907237181754148
421,fresh_metaphor_04,metaphor_shift,27,28,32,0.8709677419354839,late,DEFINED,True,1.1286123368104497,0.18803050588757075,0.03552351488967697,-0.07455947662912303,0.2673213702709305,0.3095734331243875,0.34180226286633475,0.6581977371336653,-0.01520887938935416,7.688782359727314,0.1609342846885129,0,6,0.3762542556141721,5.017346824870053,0.15360539292944564,0.6374329902082696,0.0,0.0,0.36256700979173034,0.3556128738424855,0.6374329902082696,0.6443871261575146
422,fresh_metaphor_04,metaphor_shift,28,29,32,0.9032258064516129,late,DEFINED,True,0.8072448937138129,0.24704365938876816,0.5514359045748536,0.24242249391095166,0.2400308414309687,0.2677754482829543,0.5255608499468505,0.4744391500531495,0.15166547706962316,6.811265947280347,0.20323873682818136,0,7,0.24638796472549124,6.89932194626854,0.21721335578295117,0.6251153914821053,0.0,0.0,0.37488460851789485,0.39295666028706167,0.6251153914821053,0.6070433397129383
423,fresh_metaphor_04,metaphor_shift,29,30,32,0.9354838709677419,late,DEFINED,True,0.7891001640230885,0.40143798031699535,0.17717368938463218,0.26793052317309385,0.2605626154986848,0.33196483830144174,0.4300812203208763,0.5699187796791236,0.047001318959539115,6.907362366673919,0.22329971431254877,0,8,0.1409197565138499,11.00570049098328,0.34078560167097127,0.3658101698042193,0.11491084523541048,0.07685884075045653,0.5192789849603703,0.48996964536623966,0.3658101698042193,0.4331715138833037
424,fresh_metaphor_04,metaphor_shift,30,31,32,0.967741935483871,late,DEFINED,True,0.30715933610683277,0.17974657488689236,0.2839935394113625,0.11727387896403499,0.22141468107008394,0.3110984594269516,0.4669476361827936,0.5330523638172064,0.09162415165234589,7.185611440674104,0.20673598058945541,0,7,0.2784288385423122,12.21694166932602,0.39087387740692603,0.36438467808242353,0.14136577918851634,0.1587091156370612,0.49424954272906024,0.3989630411556119,0.36438467808242353,0.442327843207327
425,fresh_metaphor_05,metaphor_shift,1,2,31,0.03333333333333333,early,DEFINED,True,0.2759508912878352,0.17413514227469493,0.36597701191744525,0.2898154827459731,0.21371070418861488,0.303549647739863,0.48475696430277404,0.515243035697226,0.11870234065170895,7.578644715206427,0.17569020053552212,0,7,0.2525591690932668,1.5956382772418058,0.05015650896682666,0.8854704333889947,0.8854704333889947,0.8511116844954936,0.11452956661100523,0.1488883155045065,0.0,0.0
426,fresh_metaphor_05,metaphor_shift,2,3,31,0.06666666666666667,early,DEFINED,True,0.6383654652689685,0.23273446303469916,-0.04636536175844694,0.30373380103857706,0.2407071439470433,0.3390318878668658,0.4963425724606843,0.5036574275393157,0.10999502162856215,6.526832825073021,0.24127493657275273,0,8,0.14560470741870407,5.428626358745916,0.18352872697480302,0.6241761042866504,0.6241761042866504,0.4996375534118613,0.25989552256630466,0.3722314585056339,0.11592837314704495,0.12813098808250484
427,fresh_metaphor_05,metaphor_shift,3,4,31,0.1,early,DEFINED,True,0.33210684353020764,0.2691107613742898,0.24914443103122882,0.15584371812761877,0.14594565867014583,0.35068677370544576,0.5512039658901444,0.4487960341098556,0.17315933210930015,6.327871298744146,0.22996348497772162,0,7,0.22941194526497588,10.12031445163953,0.33326777569632626,0.2618501983222578,0.2618501983222578,0.19247059997977048,0.615142369736634,0.689411709743726,0.12300743194110797,0.11811769027650343
428,fresh_metaphor_05,metaphor_shift,4,5,31,0.13333333333333333,early,INACTIVE_TARGET,True,0.0,0.15632842997943733,,,0.13564261054923735,0.2392956182687176,0.4803536544139213,0.5196463455860787,0.08998004629713317,6.465065527844879,0.17461252533974944,0,8,0.14101084899401797,1.8302452004276142,0.0631879382421822,0.8646902741939594,0.8646902741939594,0.9911241794261733,0.1353097258060405,0.008875820573826772,0.0,0.0
429,fresh_metaphor_05,metaphor_shift,5,6,31,0.16666666666666666,early,DEFINED,True,0.38982413630481155,0.18072766646618524,0.1236311714884132,0.04635742872133774,0.2635463210204616,0.3174183480514169,0.4986957900432057,0.5013042099567944,0.13892919320189992,7.84443982476995,0.15489246237355928,0,7,0.2443241690769184,3.1357245594104874,0.10752540748915511,0.748299915567793,0.748299915567793,0.7523401659436909,0.25170008443220715,0.2476598340563091,0.0,0.0
430,fresh_metaphor_05,metaphor_shift,6,7,31,0.2,early,DEFINED,True,0.29086177884953246,0.36562759704196374,0.39753362400736886,0.3972155653731452,0.1423261059909658,0.3243676934695906,0.45171821930161005,0.54828178069839,0.06663043028890274,6.792147500921213,0.22555061650755368,0,8,0.15984915260873422,2.5446956713232654,0.09784015982961144,0.8806494245375467,0.8806494245375467,0.931862873498581,0.1193505754624533,0.06813712650141893,0.0,0.0
431,fresh_metaphor_05,metaphor_shift,7,8,31,0.23333333333333334,early,DEFINED,True,0.3783938177266478,0.32515435783809365,0.13355173764955663,0.18480027957153697,0.2312299902854511,0.34005023917522326,0.43389265482292666,0.5661073451770733,0.039410438854088,6.453302601433377,0.24134376976423605,0,8,0.1546008056169698,3.5236962715537934,0.12690248582599803,0.6256135377584315,0.6256135377584315,0.6020990453826717,0.2470695763174406,0.18061560122090767,0.1273168859241278,0.2172853533964207
432,fresh_metaphor_05,metaphor_shift,8,9,31,0.26666666666666666,early,DEFINED,True,0.33210096219709295,0.2715273451941665,0.09569116532007832,0.21271743838851648,0.2501035390895592,0.3213285667822132,0.4528927843057317,0.5471072156942682,0.07343071465830504,7.036460564576343,0.24060916807861385,0,7,0.25253102428739477,7.249805880061681,0.23333139629768268,0.37848738841976387,0.37848738841976387,0.45282637396486747,0.5031294360037598,0.4621542074088589,0.11838317557647632,0.08501941862627366
433,fresh_metaphor_05,metaphor_shift,9,10,31,0.3,early,DEFINED,True,0.28222471040752056,0.19408340337210714,0.08945182115223181,0.0333216723401007,0.29622918116603725,0.3954230555279277,0.4271253013805019,0.5728746986194981,0.05567287023301779,7.44953962222349,0.1870533763506916,0,7,0.2657772475066609,12.739447441284586,0.4021252046310533,0.15445817247025542,0.15445817247025542,0.1390530208047863,0.23179907869565508,0.2612641643407827,0.6137427488340894,0.599682814854431
434,fresh_metaphor_05,metaphor_shift,10,11,31,0.3333333333333333,middle,DEFINED,True,0.14313557884213196,0.06024385062597389,0.19012755463961287,,0.09893169440436139,0.14440734465468155,0.5406654670280913,0.45933453297190874,0.02665052836732018,3.663772845189622,0.4239646766195251,1,8,0.12865365422849878,0.9958573394576451,0.036507408581468836,0.37366006669440177,0.6263399333055982,0.7219426796153402,0.37366006669440177,0.2780573203846598,0.0,0.0
435,fresh_metaphor_05,metaphor_shift,11,12,31,0.36666666666666664,middle,DEFINED,True,0.7012917595514351,0.2793551614502079,-0.01876463301958811,0.07646855290654822,0.2978402951558511,0.34524178645228143,0.33187523240846545,0.6681247675915345,-0.036368197878407886,7.073733329760183,0.2360718275607022,0,7,0.24655670013725156,7.943267015380091,0.24349275182119587,0.630868639208704,0.11592666501414411,0.11662743262820054,0.630868639208704,0.631332035453608,0.25320469577715193,0.25204053191819137
436,fresh_metaphor_05,metaphor_shift,12,13,31,0.4,middle,DEFINED,True,0.37884677988411686,0.19410317506592967,0.011590350806470376,0.19213011586293066,0.2869174110338631,0.3461169360726383,0.4176030347797795,0.5823969652202206,-0.0077641118952802525,5.532411025052173,0.33127088091169626,0,6,0.26152471488102286,5.523301094044991,0.1772342381154829,0.4957620385117185,0.3880500527450157,0.5671492703595372,0.4957620385117185,0.34099883151068217,0.11618790874326583,0.09185189812978065
437,fresh_metaphor_05,metaphor_shift,13,14,31,0.43333333333333335,middle,DEFINED,True,0.49859829491726365,0.20528436726865978,-0.06366032999034736,0.10783903765734766,0.2553424874142934,0.32432997958243115,0.43967163979332563,0.5603283602066744,0.0682387660462919,7.449775867801068,0.17232395373780907,0,7,0.24511840599805879,4.201125023277358,0.14150531119443333,0.6355552888132732,0.3644447111867267,0.4100108573980108,0.6355552888132732,0.5899891426019892,0.0,0.0
438,fresh_metaphor_05,metaphor_shift,14,15,31,0.4666666666666667,middle,DEFINED,True,0.7256449033003965,0.2354708275837658,0.18974652621616506,0.10813210277783727,0.2973341160554659,0.3726959518165127,0.42745027229000837,0.5725497277099916,0.034983179586013845,6.532276385717469,0.2736306546077754,0,7,0.26195362003407546,8.551138399765458,0.28195600526315623,0.12150886072902871,0.13061294605426216,0.2736306546077754,0.12150886072902871,0.09404033883096306,0.7478781932167091,0.6323290065612615
439,fresh_metaphor_05,metaphor_shift,15,16,31,0.5,middle,DEFINED,True,0.3986396798244148,0.23045806934658103,0.006233986231470996,0.1423317370883548,0.3007685670761412,0.34523181285313925,0.3558363720174818,0.6441636279825182,-0.017237124079355157,7.0711860739946415,0.23517792537776744,0,7,0.2629371166511155,6.612150665463258,0.2101893652715665,0.49103339677287294,0.0,0.0,0.49103339677287294,0.6148742210729807,0.5089666032271271,0.3851257789270193
440,fresh_metaphor_05,metaphor_shift,16,17,31,0.5333333333333333,middle,DEFINED,True,0.29341206028867134,0.3395511875220998,0.06210909113192922,0.21501085817624027,0.20044440696576737,0.32946219559218154,0.4979095474348819,0.5020904525651181,0.04676668556477163,4.738983010658736,0.3752137748368925,1,7,0.27328933679284084,7.18384286843285,0.21754454531372744,0.37269494271016346,0.0,0.0,0.37269494271016346,0.6082095823165165,0.6273050572898365,0.39179041768348377
441,fresh_metaphor_05,metaphor_shift,17,18,31,0.5666666666666667,middle,DEFINED,True,0.22836155648656165,0.25669009256228204,0.211704030779973,-0.19683737662819642,0.28176503287044014,0.3533854162725702,0.4753777893802757,0.5246222106197242,0.009021263282173708,4.56750572457116,0.4089282242838452,0,8,0.14220288441197276,7.5624353481802995,0.24868889505996636,0.4851230725122543,0.2682411250667417,0.17952401598779683,0.4851230725122543,0.617044602315147,0.2466358024210039,0.20343138169705605
442,fresh_metaphor_05,metaphor_shift,18,19,31,0.6,middle,INACTIVE_TARGET,True,0.0,0.09553787714278177,,,0.07139149385970463,0.1714662558485029,0.5763971572961398,0.42360284270386017,0.0592049864180996,3.4457733768275816,0.3696798922314869,4,8,0.13395917394469137,1.8727450452489578,0.07499305296338285,0.8748822002326087,0.0,0.0,0.8748822002326087,1.0,0.12511779976739157,0.0
443,fresh_metaphor_05,metaphor_shift,19,20,31,0.6333333333333333,middle,DEFINED,True,0.36632612274450305,0.2390129100271539,0.21651505297231619,-0.0039895020413990255,0.1536146666311139,0.24289445074140784,0.49294361184871244,0.5070563881512875,0.09511821582758612,6.119226575641028,0.21019614181137025,1,8,0.13876330037658627,2.7856930354503886,0.08867549816848368,0.6351472510288743,0.0,0.0,0.6351472510288743,0.5500183142184962,0.36485274897112574,0.4499816857815038
444,fresh_metaphor_05,metaphor_shift,20,21,31,0.6666666666666666,late,DEFINED,True,0.6468409884543297,0.2819048377726108,-0.14877125574494768,0.18442623398020852,0.09664409905364252,0.3981287055386214,0.4148344879569554,0.5851655120430446,0.03825674036978569,7.186256486272759,0.18199006436789977,0,6,0.251835035916832,4.627213155032392,0.164082674322746,0.4421372404748746,0.13069667603150356,0.09859794027519254,0.4271660834936218,0.3961768525935442,0.4421372404748746,0.5052252071312631
445,fresh_metaphor_05,metaphor_shift,21,22,31,0.7,late,DEFINED,True,0.3771768930737371,0.24159638098332467,-0.0357296377263755,0.0995364231018115,0.1873295217404597,0.3508906420068401,0.4016116794109873,0.5983883205890127,0.017900728203650056,6.849089650436981,0.22648353146788117,0,5,0.42512845333769567,5.075475314472065,0.1780899519189379,0.23245187390205557,0.0,0.0,0.7675481260979444,0.7055698147598463,0.23245187390205557,0.29443018524015385
446,fresh_metaphor_05,metaphor_shift,22,23,31,0.7333333333333333,late,DEFINED,True,0.38277669303855605,0.20379371322970422,0.10130667548292059,0.33146388462740034,0.2565466527272509,0.33899554865611814,0.5056099420180563,0.4943900579819437,0.13917367139643616,7.391113739273027,0.20677038597659786,0,7,0.2621061089756086,5.319420603512276,0.17593381382946016,0.514297493339732,0.12119182923153887,0.20677038597659786,0.364510677428729,0.35085055507865626,0.514297493339732,0.44237905894474583
447,fresh_metaphor_05,metaphor_shift,23,24,31,0.7666666666666667,late,DEFINED,True,0.1385114659372607,0.18159424451542716,-0.1990692041640965,-0.1378616843863098,0.33538324657955615,0.41069704271373636,0.3980578509307028,0.6019421490692972,0.03601821078648494,7.8736199198272026,0.15351637669020335,0,6,0.26818426959622066,4.141688873897859,0.13551984522089594,0.8603784546700222,0.1396215453299778,0.13168670187089762,0.0,0.0,0.8603784546700222,0.8683132981291022
448,fresh_metaphor_05,metaphor_shift,24,25,31,0.8,late,INACTIVE_TARGET,True,0.0,0.22816106032524916,,,0.26359416870268476,0.38208530033859583,0.45154099525949676,0.5484590047405032,0.07732772000655118,7.290304813156503,0.17947236901352123,0,7,0.22867220638761276,10.022283421843222,0.3297241790639509,0.27075811596054,0.11492271737550133,0.10453143509878746,0.6143191666639586,0.6651576047429407,0.27075811596054,0.23031096015827157
449,fresh_metaphor_05,metaphor_shift,25,26,31,0.8333333333333334,late,DEFINED,True,0.3036099771402685,0.22091905066598522,0.1411103860337852,0.1382753419650103,0.2852413003286378,0.3828007311943006,0.4711635782090724,0.5288364217909276,0.04785213177781033,5.46762113129057,0.33798971718766496,0,6,0.40716027407299665,6.145538638538263,0.19578097298224217,0.7428979414619346,0.1397703947740028,0.12882606977240013,0.11733166376406265,0.07043826138207247,0.7428979414619346,0.8007356688455275
450,fresh_metaphor_05,metaphor_shift,26,27,31,0.8666666666666667,late,DEFINED,True,0.4220657434458597,0.14493404167496826,0.167502157334207,0.014236264803455264,0.3083306097684714,0.4070058346001951,0.3368361287817407,0.6631638712182593,-0.026558153673990587,7.33168203504925,0.17671455169218073,0,6,0.27075457066728514,4.853040382570034,0.15809631894100806,0.6025664884802341,0.0,0.0,0.39743351151976597,0.3287253119381989,0.6025664884802341,0.671274688061801
451,fresh_metaphor_05,metaphor_shift,27,28,31,0.9,late,DEFINED,True,0.370288886701788,0.22943347477117693,0.09482627029105906,-0.01112765890691672,0.21377396353641806,0.34862693149537227,0.4049688984106705,0.5950311015893295,0.012808812876799068,6.529431080727191,0.22854570594456336,0,6,0.267670432097096,8.002726232041617,0.26465171551866173,0.39493982223773205,0.0,0.0,0.605060177762268,0.6239862414775562,0.39493982223773205,0.3760137585224437
452,fresh_metaphor_05,metaphor_shift,28,29,31,0.9333333333333333,late,DEFINED,True,0.36695082006819413,0.18702026030681387,0.3925907089271157,,0.14430246227932167,0.26273598153296196,0.47258483256552586,0.5274151674344741,0.08133922000744881,6.469569501019537,0.22208307816818987,1,8,0.13976010509153158,9.059449925947579,0.2984392963143638,0.3870279373140011,0.11076864116796925,0.08656890119896463,0.5022034215180298,0.6544587093884975,0.3870279373140011,0.2589723894125378
453,fresh_metaphor_05,metaphor_shift,29,30,31,0.9666666666666667,late,DEFINED,True,0.38593494783752164,0.17924614267722908,0.16859186113416672,0.26203014493093835,0.26338484377494903,0.33438930601866834,0.4785976511454255,0.5214023488545745,0.11022712634545609,7.487868942772969,0.18731532434260373,0,8,0.1428680257391272,11.566745566815058,0.391485519017171,0.3675303682153679,0.0,0.0,0.632469631784632,0.6380143030126346,0.3675303682153679,0.36198569698736544
454,fresh_ontology_01,ontology_collapse,1,2,31,0.03333333333333333,early,DEFINED,True,0.28785848242767104,0.16634152661623466,0.4725017506043625,0.1493363699336798,0.16216312011884182,0.3341743729694371,0.4302067191771389,0.5697932808228612,0.05750872934488872,7.388084815557792,0.19372998539858188,0,6,0.2556552585110937,2.55785940909125,0.08385766186902507,0.7868450492423958,0.7868450492423958,0.7336240453613786,0.21315495075760416,0.2663759546386213,0.0,0.0
455,fresh_ontology_01,ontology_collapse,2,3,31,0.06666666666666667,early,DEFINED,True,0.995528931282135,0.23920757426837472,0.1982734239578966,0.04396314671623761,0.15442438732604832,0.2619263793455396,0.4480706317479427,0.5519293682520573,0.07406757138245092,7.30808585178205,0.2139514907699341,0,8,0.14319272623316745,0.12071958846447968,0.007262760854631787,1.0,1.0,1.0,0.0,0.0,0.0,0.0
456,fresh_ontology_01,ontology_collapse,3,4,31,0.1,early,DEFINED,True,0.6061948727503972,0.1850539412513003,0.3245824398583539,0.2323551913106245,0.20581041997511104,0.27389668613316465,0.4986883969834553,0.5013116030165448,0.13927760265040404,7.866763689847003,0.15917189465662182,0,8,0.1379158545200755,3.9620582126975785,0.13337858080077353,0.7506577595294228,0.7506577595294228,0.75485806701585,0.24934224047057726,0.24514193298415,0.0,0.0
457,fresh_ontology_01,ontology_collapse,4,5,31,0.13333333333333333,early,DEFINED,True,0.24481035319095273,0.22575579901511228,0.17816871897531475,0.1539861495704431,0.15308438973265326,0.3407124770391763,0.474978867080573,0.525021132919427,0.06462944563109681,5.810639998343465,0.2635487329976467,0,7,0.2346279329255623,3.725710633302038,0.12474283122741464,0.7051620961231679,0.7051620961231679,0.7208982545021098,0.29483790387683206,0.27910174549789024,0.0,0.0
458,fresh_ontology_01,ontology_collapse,5,6,31,0.16666666666666666,early,DEFINED,True,0.6006596952529177,0.34087964124647346,-0.09020122480154542,0.022446164847454087,0.27101855027724997,0.3716537526423754,0.5022355641381051,0.4977644358618949,0.11112123824197727,6.29877424870446,0.28600841207148336,0,8,0.14971651745552583,8.931240223233377,0.30245049702686905,0.5304334133236991,0.5304334133236991,0.45712220411611665,0.10960016617588358,0.09219113741637541,0.3599664205004174,0.45068665846750805
459,fresh_ontology_01,ontology_collapse,6,7,31,0.2,early,DEFINED,True,0.45917560892726983,0.39640527368866013,0.09162198576278685,0.22829891373786265,0.28734576305756654,0.3160121123768961,0.5094701974419735,0.4905298025580265,0.11697349921019237,6.192923075876018,0.2537520833964881,0,8,0.13070693911170808,10.780599943094884,0.34573333427260305,0.2456520115633526,0.2456520115633526,0.15660424477861323,0.3803971994372639,0.44949711872576525,0.3739507889993836,0.39389863649562146
460,fresh_ontology_01,ontology_collapse,7,8,31,0.23333333333333334,early,DEFINED,True,0.45846923999985456,0.4454835323979866,0.07350061413249748,0.36465391748734094,0.27892907841400183,0.3351070709444732,0.44436957743492517,0.5556304225650748,0.009839993067326561,5.277354040370078,0.29085642817984775,0,5,0.3805052261278638,7.711949732009586,0.27959918232617786,0.239817511728656,0.239817511728656,0.49483010380938086,0.6473024781053055,0.4050861591686034,0.1128800101660387,0.10008373702201584
461,fresh_ontology_01,ontology_collapse,8,9,31,0.26666666666666666,early,DEFINED,True,0.29830216788011543,0.3455968728919639,0.020411594797850072,0.04663398605761524,0.23690890685210933,0.3116538600721793,0.4379244386726609,0.5620755613273392,0.03200766692399887,6.05865583071487,0.25010229768447506,0,7,0.23830347324354983,10.138665734850578,0.3253148728967724,0.11881120776171444,0.11881120776171444,0.1598682371702615,0.5066258216155438,0.36470672004536264,0.37456297062274163,0.4754250427843758
462,fresh_ontology_01,ontology_collapse,9,10,31,0.3,early,DEFINED,True,0.35718376336505747,0.2679615174539808,0.3065060342977019,-0.3094068310590643,0.1631456023667899,0.3156479798058581,0.4511362758928463,0.5488637241071537,0.006619970566941004,5.044997493888777,0.3463163948423421,0,6,0.2352947965628034,12.349338792739516,0.41723833083489587,0.1189794173521077,0.1189794173521077,0.3463163948423421,0.3952075815141415,0.19618067468254505,0.4858130011337508,0.4575029304751128
463,fresh_ontology_01,ontology_collapse,10,11,31,0.3333333333333333,middle,DEFINED,True,0.007836764566822259,0.08293775671828733,-0.12102362783066069,0.03355765948531315,0.08919223554118609,0.12523738283228655,0.48476367933111436,0.5152363206688857,-0.009113674226874988,4.133856643249275,0.3722353136449626,0,8,0.12753758000110957,1.1315810270691071,0.045217555348048694,0.4998476184437608,0.5001523815562392,0.8059399413396451,0.4998476184437608,0.19406005866035486,0.0,0.0
464,fresh_ontology_01,ontology_collapse,11,12,31,0.36666666666666664,middle,INACTIVE_PREDICTION,True,0.010099396798407097,0.0,,,0.08047739012482043,0.21941765727481627,,,,,,8,8,0.13621720171925467,3.153189612817292,0.0953615085169946,0.7453255000453697,0.25467449995463043,,0.7453255000453697,,0.0,
465,fresh_ontology_01,ontology_collapse,12,13,31,0.4,middle,DEFINED,True,0.3790935731604977,0.37294991085441387,-0.16796279169779516,-0.03998086634309263,0.31311778045616606,0.3456731336472051,0.4738355436245342,0.5261644563754658,0.005433416071837758,4.539602610253989,0.36812873486290076,0,5,0.49509446057089534,7.276846206293864,0.24286431795851643,0.37232951077612103,0.3729659223332418,0.19109652737544447,0.37232951077612103,0.6443656269280835,0.2547045668906372,0.16453784569647192
466,fresh_ontology_01,ontology_collapse,13,14,31,0.43333333333333335,middle,DEFINED,True,0.6698255737758968,0.2621318426688768,0.11882838496470477,0.029672917511906684,0.21164603204088764,0.3071263372721629,0.45532618360681104,0.544673816393189,0.08595675408817731,7.5313467215860905,0.18412847316141762,0,8,0.1488043920209689,4.4034304555799215,0.1531669646083996,0.6158813736373112,0.3841186263626889,0.4201557959925253,0.6158813736373112,0.5798442040074745,0.0,0.0
467,fresh_ontology_01,ontology_collapse,14,15,31,0.4666666666666667,middle,DEFINED,True,0.6992947941421184,0.2191367861711545,0.07065390924232012,0.37570775850444665,0.2085575211151418,0.2886042057703353,0.4223026133055352,0.5776973866944648,0.05624972988559178,7.729970257440429,0.15538395523818366,0,8,0.13726478211116605,4.00440827672082,0.13283073836047202,0.8742792423477413,0.0,0.0,0.8742792423477413,0.8600150078711049,0.12572075765225874,0.13998499212889515
468,fresh_ontology_01,ontology_collapse,15,16,31,0.5,middle,DEFINED,True,0.6184053459511147,0.3169960951715273,0.317120540008334,0.19948064471884963,0.15812203581988923,0.3428470304390262,0.3655377609159901,0.6344622390840099,-0.016653487022363588,6.765451586916203,0.22793960690707485,0,5,0.4285004328676657,8.082653986133664,0.21063302272935508,0.5006776829981027,0.1101922351345526,0.07161628927628258,0.5006776829981027,0.6128018436122408,0.38913008186734455,0.31558186711147657
469,fresh_ontology_01,ontology_collapse,16,17,31,0.5333333333333333,middle,DEFINED,True,0.42374003883635664,0.1833855518995138,0.1918941824286951,-0.1859827163903988,0.26516779136467555,0.33452046449421136,0.45933527976041555,0.5406647202395845,0.057155855921320935,6.129009241343383,0.27566060614786214,0,7,0.23802582389493024,7.011693088270849,0.2201181324068755,0.6199172828374696,0.0,0.0,0.6199172828374696,0.47503420630113186,0.38008271716253034,0.5249657936988682
470,fresh_ontology_01,ontology_collapse,17,18,31,0.5666666666666667,middle,DEFINED,True,0.36995351190822434,0.12213772739541763,-0.2123254298317828,0.40068332785069244,0.14367050179537913,0.18035920836223254,0.41893236996563243,0.5810676300343676,-0.017067718058785715,5.281491914926787,0.25097632655113333,2,8,0.1284984851378352,2.7576999017568915,0.07185498000423723,0.8734399275143239,0.0,0.0,0.8734399275143239,0.8132209464389152,0.12656007248567616,0.18677905356108465
471,fresh_ontology_01,ontology_collapse,18,19,31,0.6,middle,DEFINED,True,0.24308297643693502,0.28799834824111836,0.5694745148022547,,0.1017933897404659,0.1642580452957429,0.5953295071103725,0.40467049288962753,0.08060604594515844,3.3577663526374097,0.45226598077591373,3,8,0.12896527050507547,2.618299419091649,0.07331772280413883,0.5017455635684743,0.0,0.0,0.5017455635684743,0.05315708751979699,0.4982544364315256,0.9468429124802029
472,fresh_ontology_01,ontology_collapse,19,20,31,0.6333333333333333,middle,DEFINED,True,0.45586063768476504,0.21441517554600167,0.021126710287893535,,0.06602472237430085,0.18710093421079746,0.492866477342426,0.5071335226575739,0.08641690248364021,5.837574444293368,0.23865533267080932,1,8,0.13363310597226796,2.7382140591597817,0.08830834239654178,0.49810278529956437,0.0,0.0,0.49810278529956437,0.254573086141728,0.5018972147004357,0.745426913858272
473,fresh_ontology_01,ontology_collapse,20,21,31,0.6666666666666666,late,DEFINED,True,0.16911352558804535,0.17618492683177617,0.35323413594810193,0.33227304357187737,0.2516302752749655,0.30514391909581007,0.5191722857155145,0.48082771428448545,0.13976667753674246,6.628744792927602,0.20320131461157492,0,6,0.26354003206097654,6.8465901466867765,0.23534202823277736,0.37913927839229916,0.0,0.0,0.6208607216077009,0.7290558201365185,0.37913927839229916,0.2709441798634816
474,fresh_ontology_01,ontology_collapse,21,22,31,0.7,late,DEFINED,True,0.3588073405916601,0.1854708892724023,-0.07171957147789826,-0.13506284343413835,0.24546961560290254,0.32132578220518065,0.403405879596271,0.5965941204037291,0.018672237405458123,6.811745551017296,0.20430204395544768,0,8,0.1400443956005012,2.6799409320954215,0.093047464121122,0.7650874380890684,0.0,0.0,0.23491256191093163,0.28117976232926734,0.7650874380890684,0.7188202376707328
475,fresh_ontology_01,ontology_collapse,22,23,31,0.7333333333333333,late,INACTIVE_TARGET,True,0.0,0.2643150280854939,,,0.30202917329709195,0.42425532160972756,0.5424784003335753,0.4575215996664247,0.1340815381192702,5.405190767939595,0.25501425038649067,2,7,0.24155076499031275,7.196288265805769,0.22760849714878367,0.5133896589468765,0.24505957606281079,0.25501425038649067,0.24155076499031275,0.2652364362576813,0.5133896589468765,0.47974931335582793
476,fresh_ontology_01,ontology_collapse,23,24,31,0.7666666666666667,late,DEFINED,True,0.3728172989610634,0.543844613048419,-0.014007410913984395,-0.051431055468045876,0.3511990150004008,0.37548968968642626,0.514542922393577,0.485457077606423,0.09507957630382222,5.333262193705522,0.2772017563980806,0,5,0.3649978521660558,8.607783612635902,0.28038850105903135,0.3780352280874305,0.2532545920004528,0.35634864005945244,0.36871017991211674,0.4305813677044487,0.3780352280874305,0.21306999223609907
477,fresh_ontology_01,ontology_collapse,24,25,31,0.8,late,DEFINED,True,0.40930653917078,0.28643871077013483,-0.22270631797179619,-0.058180667538681945,0.2165708578928775,0.3032876978648496,0.4155113011040908,0.5844886988959093,0.030816284439887112,6.83325655337225,0.1921655222196119,0,6,0.2672508663168901,8.88452158859751,0.25338412440681596,0.5015654829413353,0.23118365074177466,0.1923208014402956,0.2672508663168901,0.35487833037517996,0.5015654829413353,0.4528008681845245
478,fresh_ontology_01,ontology_collapse,25,26,31,0.8333333333333334,late,DEFINED,True,0.27710229541354975,0.2868499514565271,-0.061948920278480174,0.06952260073002223,0.26520885706237685,0.3739203095659328,0.46434980302519446,0.5356501969748055,0.04581759019844701,5.619344595996102,0.2984007144179478,0,7,0.2497772195959603,6.756885888634223,0.2291668586109381,0.3606888979794008,0.11575052745663669,0.07090183836284475,0.5235605745639624,0.5607771480456822,0.3606888979794008,0.36832101359147285
479,fresh_ontology_01,ontology_collapse,26,27,31,0.8666666666666667,late,DEFINED,True,0.6195165444671464,0.2882850282383614,-0.2963998127156834,0.037820005280113846,0.2458443368193439,0.3512345217444356,0.394749236664231,0.605250763335769,0.01714349297343585,7.087048868793212,0.20931415267814488,0,8,0.1456604418864358,6.241834254147947,0.2294154015106388,0.36076416795924204,0.0,0.0,0.639235832040758,0.5527359720759445,0.36076416795924204,0.4472640279240555
480,fresh_ontology_01,ontology_collapse,27,28,31,0.9,late,DEFINED,True,0.5420220668621819,0.27164539723457626,0.1923618404342128,-0.22328378028443407,0.28303226275312854,0.35646448238423745,0.4193813595561549,0.5806186404438451,0.04222412920036373,7.165945435838196,0.21644978143845003,0,7,0.26191197532763744,4.115698949660795,0.16553187044113366,0.6426124043432333,0.0,0.0,0.35738759565676675,0.395906967213285,0.6426124043432333,0.6040930327867149
481,fresh_ontology_01,ontology_collapse,28,29,31,0.9333333333333333,late,DEFINED,True,0.40322606667329824,0.16595728359913015,0.12887511263328696,0.4019598342469657,0.1954248975716245,0.36554816210292435,0.3644822843778823,0.6355177156221177,0.003641459285486983,7.711402677181089,0.15397396901199886,0,7,0.27906962642358024,6.6047598477713105,0.2406241419440449,0.4970788165100678,0.11950919177344563,0.15397396901199886,0.3834119917164867,0.3550357833551706,0.4970788165100678,0.4909902476328305
482,fresh_ontology_01,ontology_collapse,29,30,31,0.9666666666666667,late,DEFINED,True,0.2753897284802021,0.17563203761193377,0.3214929088162758,0.597947174743292,0.19094034348782432,0.3927291345006492,0.37900744947031195,0.620992550529688,-0.0021890867475234865,6.8720406356177115,0.23641097673048708,0,7,0.29260911799186257,7.1109350651983725,0.23452038453504834,0.6131462416867397,0.11421964943587834,0.12950514640397653,0.27263410887738193,0.39288477572553704,0.6131462416867397,0.4776100778704864
483,fresh_ontology_02,ontology_collapse,1,2,31,0.03333333333333333,early,DEFINED,True,0.29048087949148294,0.18622940615768574,0.272084817906745,0.26868285379737333,0.25251609770320316,0.29779954044711787,0.4837451734940325,0.5162548265059674,0.11743502871938699,7.570832383644308,0.17238096511931184,0,8,0.1342372569690992,0.7142177228523484,0.023809785942038364,0.9999999999999999,0.9999999999999999,0.9999999999999999,0.0,0.0,0.0,0.0
484,fresh_ontology_02,ontology_collapse,2,3,31,0.06666666666666667,early,DEFINED,True,0.5371131088364282,0.2863519826213072,0.23402389172418842,-0.1219328720937515,0.23843779917798152,0.32955634685873736,0.45698826587570224,0.5430117341242977,0.0758009310230642,6.946914605484394,0.22622337856313698,0,8,0.1423897554218823,0.5875602240716422,0.021349711693539088,1.0,1.0,1.0,0.0,0.0,0.0,0.0
485,fresh_ontology_02,ontology_collapse,3,4,31,0.1,early,DEFINED,True,0.369212462456712,0.18065854640290338,0.2004949023124653,0.10750130176414806,0.21180899140572776,0.26990197840800506,0.40174511446116196,0.5982548855388381,0.012870877676464932,6.64606942048033,0.21523307286652132,0,8,0.1350238216503946,2.01300299882008,0.06672068180945441,0.875961626403174,0.875961626403174,0.8767735131507943,0.12403837359682612,0.12322648684920566,0.0,0.0
486,fresh_ontology_02,ontology_collapse,4,5,31,0.13333333333333333,early,DEFINED,True,0.32717509603121414,0.19263603472552043,0.24189972906689464,0.1086782972490289,0.30706076454384135,0.37246938939528856,0.47903218882153875,0.5209678111784612,0.08447737881397041,6.314190395864469,0.28408638165791633,0,7,0.2733753489445115,3.6957053195087157,0.11675517756279735,0.7543993214385106,0.7543993214385106,0.7486560033676258,0.24560067856148943,0.2513439966323741,0.0,0.0
487,fresh_ontology_02,ontology_collapse,5,6,31,0.16666666666666666,early,DEFINED,True,0.40531427552627264,0.3466723362687302,-0.1516088622491949,-0.15391545222903702,0.26146788414866473,0.3448796260408807,0.4199941314969807,0.5800058685030193,0.023942550705329912,6.402370066832003,0.251542261584081,0,7,0.24022086780795665,10.249354432275622,0.3281505081978307,0.49273602077705786,0.49273602077705786,0.48603772787672106,0.14499503660782007,0.08544446041351542,0.36226894261512216,0.42851781170976355
488,fresh_ontology_02,ontology_collapse,6,7,31,0.2,early,DEFINED,True,0.5446930869228155,0.40073901332427514,-0.10668301189451723,-0.15073299015743263,0.3201969723751228,0.3395816106919589,0.5142380558415834,0.48576194415841656,0.1299405280277648,6.468831631628545,0.2455061377321597,0,5,0.37531787904311714,6.85783224209392,0.2106350116613348,0.6267988467226574,0.6267988467226574,0.5488295895965851,0.12267956561133649,0.17128815117465843,0.25052158766600596,0.27988225922875654
489,fresh_ontology_02,ontology_collapse,7,8,31,0.23333333333333334,early,DEFINED,True,0.3429804370708509,0.34481451807075425,0.16125663271432986,-0.037229820009213814,0.255953600529919,0.2927527844827745,0.5145309876550573,0.48546901234494266,0.07139910480214207,4.802867128988899,0.35200542454342815,0,7,0.24434401838202596,4.226851922253627,0.13959175827306286,0.3752178875616685,0.3752178875616685,0.37415978763834845,0.6247821124383315,0.6258402123616515,0.0,0.0
490,fresh_ontology_02,ontology_collapse,8,9,31,0.26666666666666666,early,DEFINED,True,0.0035928868255677053,0.11544754792560047,0.16522797744315243,-0.028986912244396184,0.09459416190751996,0.14561023875450624,0.5006198410447144,0.49938015895528565,-0.019893263418815723,3.770212230253579,0.3827966487652202,1,8,0.1292787641156313,2.3592372702335305,0.08035722959778717,0.5046432336981206,0.5046432336981206,0.498433857956639,0.49535676630187947,0.501566142043361,0.0,0.0
491,fresh_ontology_02,ontology_collapse,9,10,31,0.3,early,DEFINED,True,0.3831056322861121,0.33438646529186955,0.2697297300236174,,0.19711005659055308,0.2976950886637771,0.5099582390537405,0.4900417609462595,-0.0015625306648543026,3.8283111946487924,0.40779442745268724,1,7,0.2504933577190081,3.8233894947226057,0.12779502009256924,0.49968546350373877,0.49968546350373877,0.485056892341562,0.3743550380738638,0.42111934166417936,0.1259594984223975,0.09382376599425866
492,fresh_ontology_02,ontology_collapse,10,11,31,0.3333333333333333,middle,DEFINED,True,0.3395822993068087,0.16361663079700078,0.13653781885008898,0.05862644063810738,0.3084711049801002,0.35476708784256694,0.367742909271852,0.632257090728148,-0.003861429766351294,7.217025867235343,0.2132067278009965,0,6,0.264262960401245,9.0636539985931,0.27847767891039343,0.5101862191853874,0.24386242093468008,0.22853431590441603,0.5101862191853874,0.6059061294307939,0.24595135987993244,0.16555955466479005
493,fresh_ontology_02,ontology_collapse,11,12,31,0.36666666666666664,middle,DEFINED,True,0.09234771097096316,0.2738206520762162,0.12593471928353983,0.15584371812761877,0.14594565867014583,0.3264250104502853,0.5151727466288695,0.48482725337113053,0.1377363966638406,6.7540285290176945,0.2237558618865343,0,8,0.1544543067750237,7.355358774518285,0.23735077426569723,0.4660512456534641,0.40067951027220006,0.2627428788046051,0.4660512456534641,0.6197081209641261,0.13326924407433594,0.11754900023126867
494,fresh_ontology_02,ontology_collapse,12,13,31,0.4,middle,DEFINED,True,0.021347959367699346,0.17110864691641828,-0.1502767723351301,,0.1641846655767746,0.24481814613162653,0.4046691305762759,0.595330869423724,0.01667340154606779,6.685489784042014,0.20353525654136803,1,8,0.1367475856929211,8.114230817398653,0.27613230125777743,0.12649320244404072,0.6229384773803894,0.5003607699954734,0.12649320244404072,0.12071343317011723,0.2505683201755699,0.3789257968344094
495,fresh_ontology_02,ontology_collapse,13,14,31,0.43333333333333335,middle,DEFINED,True,0.33759952711760843,0.1770426951632306,0.42135209986090916,0.22140266054601854,0.22344228638127497,0.30212251085947506,0.46218904751058615,0.5378109524894139,0.08645238862381857,7.183879827471682,0.19463870339881445,0,6,0.25171355001082063,6.549362469910111,0.21340867480381856,0.2455088895817713,0.6343864438485931,0.6782104515097376,0.2455088895817713,0.22548091082623037,0.12010466656963564,0.09630863766403204
496,fresh_ontology_02,ontology_collapse,14,15,31,0.4666666666666667,middle,DEFINED,True,0.4759007451049745,0.23251435813307889,-0.07709277178485865,0.04958426221544442,0.24679137458873177,0.2806038642875121,0.3795350120333968,0.6204649879666032,0.00718693802960773,7.254229718745291,0.2142049548025311,0,7,0.24810396981982547,6.610461192150892,0.23083183948202823,0.3710680028616136,0.3795987721579633,0.3896509182097962,0.3710680028616136,0.3844027275450168,0.24933322498042304,0.225946354245187
497,fresh_ontology_02,ontology_collapse,15,16,31,0.5,middle,DEFINED,True,0.5273263632404381,0.2774865795635866,0.33319291020165076,-0.12222884574731681,0.2946025714666949,0.37411919405430544,0.3856965434105759,0.6143034565894241,0.005333297761492845,6.934929411226824,0.18050327569175764,0,7,0.26331249739419926,11.056272859785883,0.3172728340407654,0.14659723518617374,0.1269543486506799,0.06567414682560456,0.14659723518617374,0.14477254935672237,0.7264484161631464,0.789553303817673
498,fresh_ontology_02,ontology_collapse,16,17,31,0.5333333333333333,middle,DEFINED,True,0.2821176370490836,0.3239184405428265,0.15216387034447298,0.02108467195675359,0.2723600435049742,0.3216396376866396,0.5023933935998038,0.49760660640019616,0.0480850644380648,4.659077046555168,0.3613099356436608,0,7,0.2648686928790561,5.6611647964446155,0.16788114021197917,0.6173849085022454,0.38261509149775463,0.5196769178943725,0.6173849085022454,0.4803230821056274,0.0,0.0
499,fresh_ontology_02,ontology_collapse,17,18,31,0.5666666666666667,middle,DEFINED,True,0.240911399452798,0.19116298860021091,-0.19324796745992168,0.03843629728067935,0.1639802695156909,0.2016165722665778,0.43439543789243745,0.5656045621075625,0.03012630768480976,6.116256546401797,0.26330834412906584,0,8,0.13079930548426558,2.501538218663032,0.05711265850538068,1.0,0.0,0.0,1.0,1.0,0.0,0.0
500,fresh_ontology_02,ontology_collapse,18,19,31,0.6,middle,DEFINED,True,0.41919939432147824,0.1959505614338281,0.45777850047123847,0.33327051436736965,0.24363047088879472,0.2987729020106299,0.3441716816375958,0.6558283183624042,-0.018844664286537683,7.420637213723008,0.1834178465299879,0,8,0.13220970729774467,4.583519503413596,0.16523520798475014,0.6323671577419212,0.11498445741487012,0.0870026521346435,0.6323671577419212,0.5864677557569657,0.2526483848432088,0.3265295921083908
501,fresh_ontology_02,ontology_collapse,19,20,31,0.6333333333333333,middle,DEFINED,True,0.2550733566811303,0.16174711337218242,0.17003200106885746,0.22903102238764067,0.13506718615628802,0.17920478616493837,0.4009717070052007,0.5990282929947993,-0.009418741480890516,5.9308826667288415,0.2714999539049476,1,7,0.24576687198108255,3.110554082872609,0.11420066510562243,0.7482603530325174,0.0,0.0,0.7482603530325174,0.5457549338198844,0.25173964696748274,0.4542450661801155
502,fresh_ontology_02,ontology_collapse,20,21,31,0.6666666666666666,late,DEFINED,True,0.40141458875688296,0.20361513246639037,0.14307092071103547,0.3066493274879355,0.20435687060366492,0.25332968303576026,0.449798408419282,0.550201591580718,0.067010556218157,6.895298764578596,0.24104132414309318,0,8,0.13273145273057607,8.111286477610745,0.2567453504596796,0.5012775023106171,0.3782232448488477,0.31940037115822945,0.12049925284053527,0.08640754845277239,0.5012775023106171,0.5941920803889982
503,fresh_ontology_02,ontology_collapse,21,22,31,0.7,late,DEFINED,True,0.5347483389043997,0.18124806469861704,0.24049193630112836,0.14043906149845042,0.32338438502442163,0.3646880820240484,0.3738171990808962,0.6261828009191037,-0.0002555463680299389,7.144945576638734,0.21706495194962508,0,6,0.2445813525741823,8.850998005124598,0.2907890388188922,0.37454530478500375,0.2444960183431572,0.3186073478860637,0.38095867687183904,0.3913781312340617,0.37454530478500375,0.2900145208798747
504,fresh_ontology_02,ontology_collapse,22,23,31,0.7333333333333333,late,DEFINED,True,0.42500964224785154,0.23699555385784485,-0.40779073446232633,-0.13349064832964835,0.1419332948482177,0.3983962934928294,0.4123040750543643,0.5876959249456357,0.038014622141050586,7.288870833195193,0.1786713255373129,0,8,0.18793444624058803,7.133577038349019,0.22064318837625632,0.39044379826315684,0.09633211349468972,0.07493026416165631,0.5132240882421534,0.5224832875896099,0.39044379826315684,0.4025864482487337
505,fresh_ontology_02,ontology_collapse,23,24,31,0.7666666666666667,late,DEFINED,True,0.020177150493979647,0.23528642526059884,-0.26554372751934713,-0.293371742962989,0.11699146667556039,0.2923701160363102,0.5434696228791025,0.4565303771208975,0.1735489497346317,6.784739693004978,0.21636716236520642,0,8,0.15837761118882598,6.150090868879052,0.18025797328742366,0.47595136921810255,0.0,0.0,0.5240486307818976,0.5064537910132675,0.47595136921810255,0.49354620898673257
506,fresh_ontology_02,ontology_collapse,24,25,31,0.8,late,DEFINED,True,0.2903675182744637,0.5110930573314885,0.233167649664075,0.1825420633648392,0.2283036692368406,0.3042554662675573,0.5455116814099074,0.45448831859009264,0.11825536586677056,4.916948049694225,0.3307361358661566,0,8,0.14002105182536992,6.118349006392231,0.1954132563536023,0.6091308583871747,0.13123193826027132,0.07808815568455056,0.25963720335255386,0.11672608757401998,0.6091308583871747,0.8051857567414294
507,fresh_ontology_02,ontology_collapse,25,26,31,0.8333333333333334,late,DEFINED,True,0.38841602663722236,0.33848594330197446,0.2992576811404097,0.434821693532876,0.200006744838637,0.31663953324105526,0.48548203721958527,0.5145179627804147,0.05338436860326688,5.192385125590906,0.35586130537259286,0,7,0.24914215552551097,6.352578961480292,0.21715427611958368,0.6212583549642445,0.26544221271215374,0.2286958760932402,0.11329943232360175,0.09277518386013846,0.6212583549642445,0.6785289400466213
508,fresh_ontology_02,ontology_collapse,26,27,31,0.8666666666666667,late,DEFINED,True,0.47463332422717386,0.21397028405782317,-0.20022285187658642,-0.3369776064248755,0.24798139414069148,0.30509859691124225,0.43655521476909687,0.5634447852309031,0.06463629608466036,7.426812866471069,0.20392740294120065,0,6,0.2603265484605146,1.9760973964343043,0.06254392352272078,1.0,0.0,0.0,0.0,0.0,1.0,1.0
509,fresh_ontology_02,ontology_collapse,27,28,31,0.9,late,DEFINED,True,0.3086467012397759,0.16216336909651308,0.37408516939830894,-0.2127399001442007,0.17487869063083603,0.21416775935605842,0.4239664420753428,0.5760335579246572,0.039447562416464625,6.846418842687925,0.2441977056480404,0,8,0.13002825669007623,5.746766317792286,0.20629810175399732,0.750853539658138,0.0,0.0,0.249146460341862,0.3511884450840184,0.750853539658138,0.6488115549159815
510,fresh_ontology_02,ontology_collapse,28,29,31,0.9333333333333333,late,DEFINED,True,0.2453306100051985,0.33605209289850496,0.04157471921822408,0.3612142343681508,0.30365827303701765,0.3780985638944819,0.5144271000288532,0.48557289997114683,0.023327091993111383,4.047409550976466,0.4132282202071572,0,8,0.14560236861047082,4.053763086935038,0.12372541599167093,0.8815431178101584,0.0,0.0,0.11845688218984156,0.4132282202071572,0.8815431178101584,0.5867717797928428
511,fresh_ontology_02,ontology_collapse,29,30,31,0.9666666666666667,late,DEFINED,False,0.17848244087240187,0.1597618689618688,0.1931059836639179,-0.09943719152906902,0.36234199881766493,0.4153431386472894,0.37248421925358904,0.6275157807464109,-0.002555363539563097,7.095232676699105,0.23650632859206128,0,6,0.26286179344362315,13.194702121858933,0.4347037914369791,0.24064959422454568,0.2621201463555384,0.22246429899815448,0.49723025941991605,0.4450477511790529,0.24064959422454568,0.3324879498227927
512,fresh_ontology_03,ontology_collapse,1,2,33,0.03125,early,DEFINED,True,0.3407401913881401,0.218558595339188,0.20182552589120117,0.03483930635199637,0.22608341146227784,0.3162963906068667,0.4984056802842602,0.5015943197157398,0.13203556668821553,7.458491257632788,0.17440497702750715,0,8,0.14284137051460594,0.0,0.0022343842775398052,0.9999999999999999,0.9999999999999999,1.0,0.0,0.0,0.0,0.0
513,fresh_ontology_03,ontology_collapse,2,3,33,0.0625,early,DEFINED,True,0.5710578676386195,0.28115609447098816,0.15879604731207433,0.04396314671623761,0.15442438732604832,0.2733727125185696,0.47819879180974595,0.5218012081902541,0.091548462277213,6.624958363538647,0.247851645107034,0,8,0.14637838376561252,0.8097875880193496,0.034375576660647195,1.0,1.0,1.0,0.0,0.0,0.0,0.0
514,fresh_ontology_03,ontology_collapse,3,4,33,0.09375,early,DEFINED,True,0.3617792197097302,0.1727696669453181,0.06298377838919046,-0.21137493412946273,0.2937137438507511,0.31403615031227033,0.5386362190628984,0.4613637809371016,0.18316677907116505,7.6366533286336935,0.1760493716836392,0,7,0.25403406372268855,1.874340793484041,0.05620501294024192,1.0,1.0,1.0,0.0,0.0,0.0,0.0
515,fresh_ontology_03,ontology_collapse,4,5,33,0.125,early,DEFINED,True,0.5955218600000655,0.21706185779680906,0.22338628604314137,0.1818335208177863,0.26648401403295763,0.3382064476065876,0.4273833287001563,0.5726166712998437,0.05793303915035632,7.55324524782284,0.1593698854226255,0,7,0.25060538209560124,7.335626611191419,0.25386330335032786,0.6246480073554753,0.6246480073554753,0.5747244693996947,0.118095374355835,0.13275121688073768,0.25725661828868956,0.29252431371956766
516,fresh_ontology_03,ontology_collapse,5,6,33,0.15625,early,DEFINED,True,0.3540576909867737,0.21683775743395053,0.3953802782702764,0.14850642783139026,0.31242258865753786,0.3587671390453293,0.38439443752282726,0.6156055624771728,-0.019400372572435515,6.098370956232734,0.24220297929015583,0,8,0.13772583012349496,5.406919465297832,0.17848966758106746,0.6246180381946481,0.6246180381946481,0.6065588009165779,0.37538196180535194,0.393441199083422,0.0,0.0
517,fresh_ontology_03,ontology_collapse,6,7,33,0.1875,early,DEFINED,True,0.46004613986403486,0.19814659450243893,-0.15899688381291233,-0.191511956346164,0.2300544404061217,0.2976298996372759,0.4945972165339423,0.5054027834660577,0.08102690055049132,5.617211944111023,0.24857978583004933,1,8,0.13591566227208707,2.768588769966186,0.08636596954444163,0.8640843377279128,0.8640843377279128,0.9927574595660733,0.13591566227208707,0.0072425404339266876,0.0,0.0
518,fresh_ontology_03,ontology_collapse,7,8,33,0.21875,early,DEFINED,True,0.5574957346982303,0.2213954460676966,0.1724950625830203,0.26625313375743287,0.2408084410955167,0.3103058429705712,0.4984238246848319,0.5015761753151682,0.12604074077325708,7.141032000696967,0.20127012276291895,0,5,0.5137196048069201,5.811124477881334,0.2015176715903319,0.4813406066455003,0.4813406066455003,0.4844233322657481,0.38349400314600357,0.4272191217976119,0.13516539020849608,0.08835754593664001
519,fresh_ontology_03,ontology_collapse,8,9,33,0.25,early,DEFINED,True,0.16711934926096703,0.11386337437493572,0.039736793102810905,-0.028986912244396184,0.09459416190751996,0.14920739470254665,0.5721097129218021,0.4278902870781979,-0.01415696734252665,2.9700043611465405,0.44450053572762943,2,8,0.1307932925342971,2.235428523039374,0.0824574459827148,0.504655898835356,0.504655898835356,0.46308005553808024,0.495344101164644,0.5369199444619197,0.0,0.0
520,fresh_ontology_03,ontology_collapse,9,10,33,0.28125,early,INACTIVE_TARGET,True,0.0,0.2640796868801046,,,0.09383876877960262,0.32996968392426407,0.5582681513227397,0.44173184867726034,0.12995285385335995,4.788095713753571,0.3380742118232146,0,6,0.2591593996049132,4.482798067402374,0.15496723208257251,0.4049658082134493,0.4049658082134493,0.6115509613145198,0.48281809754618904,0.27258223648834967,0.11221609424036162,0.11586680219713055
521,fresh_ontology_03,ontology_collapse,10,11,33,0.3125,early,DEFINED,True,0.5169231311881752,0.24117326773493417,-0.171800608161283,0.04260495124366769,0.27381282523749,0.3712557274920578,0.4871998385073297,0.5128001614926703,0.06495076967332568,5.423313220738317,0.32859509983723545,0,8,0.14674773602178942,5.584102768757623,0.1826675595062326,0.24825030998077335,0.24825030998077335,0.399884220279038,0.6050019539974372,0.45834648700615366,0.14674773602178942,0.1417692927148084
522,fresh_ontology_03,ontology_collapse,11,12,33,0.34375,middle,DEFINED,True,0.4793075905734186,0.21783710239787613,-0.24665204489468612,-0.13973475152389261,0.2713779234456753,0.3302610525977294,0.47670015476095934,0.5232998452390407,0.04528023362969797,5.246785308897877,0.3537130121421093,0,7,0.27197954836623084,6.296270008814686,0.20325319289562999,0.35760052270236964,0.38776843705768127,0.49091446450222787,0.35760052270236964,0.29053908772288617,0.25463104023994915,0.2185464477748859
523,fresh_ontology_03,ontology_collapse,12,13,33,0.375,middle,DEFINED,True,0.20932356987070505,0.25809487938461756,-0.13560642543779128,0.03541945237870641,0.24336545866586728,0.31809212207360726,0.4866857620395618,0.5133142379604382,0.11938411553002833,7.495948367898674,0.18440774156725123,0,7,0.26747131500405097,5.055656525022,0.17033416893113767,0.5099063771956346,0.23318924406227354,0.24361866331656296,0.5099063771956346,0.5103279486119716,0.2569043787420919,0.24605338807146535
524,fresh_ontology_03,ontology_collapse,13,14,33,0.40625,middle,DEFINED,True,0.06944535048142014,0.2813820702512879,-0.20461709149510598,0.0252965366753687,0.2015538919344143,0.3862540943618373,0.5556304909628331,0.4443695090371669,0.15053777560805268,5.36997172499627,0.3129208989958353,1,8,0.15782058248147102,5.926525876487892,0.20771537395195347,0.5022603151261755,0.24550471709952218,0.20063304683032632,0.5022603151261755,0.6043276217839677,0.25223496777430227,0.19503933138570603
525,fresh_ontology_03,ontology_collapse,14,15,33,0.4375,middle,DEFINED,True,0.20254551388837863,0.18102903395262152,0.039495705684399994,-0.1969142882415827,0.2214578993258398,0.30212251085947506,0.46143913203784487,0.5385608679621552,0.07422402713226153,6.674566116938273,0.22389271876995787,0,7,0.2702039661954245,6.8333735814086545,0.21796164937902335,0.5052774740100965,0.25629632928324797,0.3134555960097446,0.5052774740100965,0.3763947260389423,0.23842619670665552,0.31014967795131315
526,fresh_ontology_03,ontology_collapse,15,16,33,0.46875,middle,INACTIVE_TARGET,True,0.0,0.16890056397589429,,,0.12638521486080212,0.15189831556930838,0.5308553092554423,0.46914469074455767,0.05202777269915583,4.125571992958198,0.36176740459996426,1,8,0.1271300357968992,2.123618964673132,0.09097463724346708,0.8761444306960403,0.0,0.0,0.8761444306960403,0.9918451737945938,0.12385556930395974,0.008154826205406295
527,fresh_ontology_03,ontology_collapse,16,17,33,0.5,middle,INACTIVE_TARGET,True,0.0,0.30981995484532276,,,0.1017933897404659,0.15519887289742312,0.5965486170661014,0.4034513829338986,0.11829128090214754,3.7112237378616992,0.43035233043877896,2,8,0.12854412419309924,4.125742025999479,0.15941150536249105,0.4993419465447572,0.0,0.0,0.4993419465447572,0.10939431913991812,0.5006580534552428,0.890605680860082
528,fresh_ontology_03,ontology_collapse,17,18,33,0.53125,middle,INACTIVE_TARGET,True,0.0,0.22488428258869617,,,0.06602472237430085,0.1777080373274285,0.452284849714086,0.547715150285914,0.06675150475598526,6.7719900582696315,0.21168359780235677,0,8,0.13225730551513107,3.746209253628629,0.1532239289918934,0.49737572054812884,0.0,0.0,0.49737572054812884,0.344405553408462,0.5026242794518712,0.6555944465915381
529,fresh_ontology_03,ontology_collapse,18,19,33,0.5625,middle,DEFINED,True,0.7583303311511117,0.32863243921920376,-0.2548887807061171,-0.5087262049414268,0.2815251778826865,0.3428470304390262,0.47969211657966976,0.5203078834203303,0.11292836657169994,7.570410503222491,0.1885749919281453,0,7,0.26019850624505764,5.812040493824716,0.16768711667041972,0.49323499228384277,0.0,0.0,0.49323499228384277,0.4283424237031129,0.5067650077161573,0.5716575762968872
530,fresh_ontology_03,ontology_collapse,19,20,33,0.59375,middle,DEFINED,True,0.2934916547806629,0.2556723417125639,0.4165796538039631,-0.10550180371933736,0.3094807291434075,0.3373043987243076,0.4096073556719251,0.5903926443280749,-0.008249462121028017,5.727790343796871,0.2781634498726905,0,8,0.13118145487665991,5.6625797077248725,0.19027204828490588,0.24189889678295012,0.25491749098919886,0.28570569688074365,0.24189889678295012,0.3226593707952558,0.503183612227851,0.3916349323240005
531,fresh_ontology_03,ontology_collapse,20,21,33,0.625,middle,DEFINED,False,0.7070633564042326,0.33517892221891027,0.2912882378899237,0.14185684587316313,0.35863350805052574,0.4081107123421987,0.4963137521504935,0.5036862478495066,0.041437234160990474,4.678423876203044,0.3920383101650003,0,7,0.23623845264535132,7.121449416221322,0.22328757149076212,0.2426861502434456,0.2522818620587404,0.1279797325362704,0.2426861502434456,0.5488486548534939,0.505031987697814,0.3231716126102357
532,fresh_ontology_03,ontology_collapse,21,22,33,0.65625,middle,DEFINED,True,0.31553598667704663,0.22142325975166338,-0.12439646296431184,0.011585406869231108,0.30084469028489763,0.36683843901708885,0.4425342339570591,0.557465766042941,0.07541732693001843,7.678032320214733,0.16391059879328715,0,7,0.26204609747721413,7.416013877324501,0.22999431103943624,0.3514804003892463,0.25157045492508484,0.2855945233673886,0.3514804003892463,0.42358341550234047,0.3969491446856689,0.29082206113027076
533,fresh_ontology_03,ontology_collapse,22,23,33,0.6875,late,DEFINED,True,0.4428121603378082,0.21277313970960307,0.2822819674538476,0.37946713911308144,0.19883889403128976,0.38269107721233486,0.4020549624951801,0.5979450375048199,0.0033711236046418025,6.296735724512019,0.27858022932742926,0,7,0.23460526495015438,4.908032585494501,0.17554560256598756,0.5185599356297179,0.12903676385130797,0.06881405077587378,0.352403300518974,0.31406355542370934,0.5185599356297179,0.6171223938004169
534,fresh_ontology_03,ontology_collapse,23,24,33,0.71875,late,DEFINED,True,0.5828426658346137,0.2218804577559312,0.3335835537614186,0.43169168772425465,0.17022494484795506,0.3240360096850943,0.3296748598784894,0.6703251401215107,-0.04215003975234319,6.909180356394903,0.20258735278170212,0,7,0.24050064342312907,6.345408767015666,0.19847933190050027,0.5073244533961148,0.2417784605194552,0.22249107471551172,0.25089708608443007,0.3946451935535357,0.5073244533961148,0.38286373173095256
535,fresh_ontology_03,ontology_collapse,24,25,33,0.75,late,DEFINED,True,0.3750117512549747,0.2431680425105787,0.2366088998725801,-0.01540507629305296,0.19044781018747675,0.3008329682463529,0.47049820873605586,0.5295017912639441,0.09780215211857177,7.301319436649082,0.19480429108307462,0,7,0.23165156311988422,5.958386455435839,0.16416158309687728,0.494920599118844,0.12320670697329368,0.08612056990362141,0.3818726939078623,0.3102141171528547,0.494920599118844,0.603665312943524
536,fresh_ontology_03,ontology_collapse,25,26,33,0.78125,late,DEFINED,False,0.21397716644861137,0.1446857941261444,0.3684999600216124,0.27995555601699834,0.3548016091162293,0.38557570628061333,0.33557047047491784,0.6644295295250822,-0.022204029786475975,7.5824651136459345,0.17017183124758445,0,6,0.38075795251323163,5.111688547699319,0.13183692274705672,0.6346353666607341,0.0,0.0,0.365364633339266,0.337412571914274,0.6346353666607341,0.662587428085726
537,fresh_ontology_03,ontology_collapse,26,27,33,0.8125,late,DEFINED,True,0.380101591224222,0.21757751786776208,0.18236119944777135,0.24617747169913534,0.22660474167952302,0.2825421932300351,0.4289496329791407,0.5710503670208593,0.06258192799729083,7.720721780628693,0.16358837717942804,0,8,0.13447354704030973,2.242048767053838,0.06373427573613968,0.9999999999999999,0.0,0.0,0.0,0.0,0.9999999999999999,1.0
538,fresh_ontology_03,ontology_collapse,27,28,33,0.84375,late,DEFINED,True,0.6354886685442642,0.1677864431674902,0.2024931950994589,0.18039915185343006,0.17820139162239204,0.3826489275069034,0.3173552717941625,0.6826447282058374,-0.03509151470610741,7.621845902391845,0.1665962523705632,0,8,0.1882971085069381,4.214227877945642,0.12187590796271787,0.8737575462237577,0.12624245377624235,0.15390870102717477,0.0,0.0,0.8737575462237577,0.8460912989728253
539,fresh_ontology_03,ontology_collapse,28,29,33,0.875,late,DEFINED,True,0.9349112549394574,0.41967989126633637,-0.04460118412254687,-0.21152438605774418,0.2881664593307393,0.3685729605132888,0.5047547542944746,0.4952452457055254,0.11311582975843427,6.260585751934639,0.23225433085125738,0,6,0.2490565269445713,5.490812091872904,0.16704930232409432,0.8689188154965723,0.1310811845034278,0.138017698711326,0.0,0.0,0.8689188154965723,0.8619823012886738
540,fresh_ontology_03,ontology_collapse,29,30,33,0.90625,late,DEFINED,True,0.8682719872466111,0.2137655095215441,-0.06512575614390174,0.11832768443898956,0.2908708717708997,0.3635729156513278,0.3819297532982877,0.6180702467017123,0.0077743964240776465,7.1850454354950735,0.19465810292390995,0,7,0.2673169045289122,3.5586786301448123,0.06959138627804376,1.0,0.0,0.0,0.0,0.0,1.0,1.0
541,fresh_ontology_03,ontology_collapse,30,31,33,0.9375,late,DEFINED,True,0.5173850024978477,0.2698076733428181,-0.0487340768085464,0.08078838495242148,0.2423976417487984,0.32356115048355016,0.40543028604472375,0.5945697139552762,0.016850261629469215,6.664362198893088,0.2557968646318305,0,7,0.2487940581317629,4.900105151179117,0.13324446193063622,0.8769102566686593,0.12308974333134087,0.2557968646318305,0.0,0.0,0.8769102566686593,0.7442031353681694
542,fresh_ontology_03,ontology_collapse,31,32,33,0.96875,late,DEFINED,True,0.3474209892831505,0.29965831983940777,0.14004739940385927,-0.194924456425321,0.2836397282182337,0.35073399892625506,0.5391995084327819,0.46080049156721814,0.1337168149949268,5.517049261755021,0.34159333125576763,0,7,0.2419894876286371,4.835644900783967,0.09794165171874313,0.8837951420844128,0.0,0.0,0.1162048579155871,0.09972115245533932,0.8837951420844128,0.9002788475446607
543,fresh_ontology_04,ontology_collapse,1,2,33,0.03125,early,DEFINED,True,0.30909208656400466,0.24108852746824053,0.08771221973815824,0.10430548647046918,0.22402840506088215,0.31498357373659985,0.5624373166184287,0.43756268338157134,0.17197866241458498,5.735924967436861,0.32011450964263233,0,8,0.14178790562376342,0.3393175498081261,0.015158563730530795,1.0,1.0,1.0000000000000002,0.0,0.0,0.0,0.0
544,fresh_ontology_04,ontology_collapse,2,3,33,0.0625,early,DEFINED,True,0.5029415778436719,0.22654095330582127,-0.14174650390251542,-0.5033272073435522,0.2761975722714909,0.3373761042346456,0.43075486010558267,0.5692451398944174,0.053930960157458824,7.187948199002585,0.2271285527469886,0,8,0.13896897991520127,0.0,0.004681553834335169,1.0,1.0,0.9999999999999998,0.0,0.0,0.0,0.0
545,fresh_ontology_04,ontology_collapse,3,4,33,0.09375,early,DEFINED,True,0.4596056585093669,0.21429853678836747,0.3417213886898694,0.14971021833007578,0.19288311559100285,0.2945228979260496,0.4707278442516145,0.5292721557483855,0.09427789712032435,7.11448295402851,0.21859805622051745,0,7,0.2530367641881276,5.05512934525234,0.1747741469197146,0.529340134479146,0.529340134479146,0.5804281175108373,0.47065986552085387,0.41957188248916266,0.0,0.0
546,fresh_ontology_04,ontology_collapse,4,5,33,0.125,early,DEFINED,True,0.2977663825579313,0.3042777980898179,0.16634154039286506,-0.015538837408037595,0.26161836301087443,0.33205655819054514,0.46523643235866724,0.5347635676413327,-0.034092788660243394,4.127493301989168,0.42181116822664527,0,8,0.14068832809712734,3.3367819123147235,0.12125830746624879,0.7566534381098945,0.7566534381098945,0.8700282960534613,0.24334656189010548,0.12997170394653873,0.0,0.0
547,fresh_ontology_04,ontology_collapse,5,6,33,0.15625,early,DEFINED,True,0.5802486798249257,0.24320690726860095,0.07220856052304839,0.10957494111834883,0.28763837076449905,0.31871088031277445,0.3965090410217402,0.6034909589782598,0.02158441635098073,7.213592067869652,0.22819525905163185,0,7,0.2610608324319174,8.504504159550518,0.2780548531964134,0.37456759682181784,0.37456759682181784,0.42367456110144003,0.5050693417952715,0.4632661734224216,0.1203630613829107,0.11305926547613837
548,fresh_ontology_04,ontology_collapse,6,7,33,0.1875,early,DEFINED,True,0.22458088824662373,0.19843228250896772,0.09764552703769361,0.07801323899227094,0.2352327922188861,0.3300184380805182,0.44220976028145326,0.5577902397185468,0.06323987240643612,7.080061687487785,0.21676292631733657,0,7,0.2565520783465698,6.702269149529108,0.2199935061389116,0.4868478878145033,0.4868478878145033,0.39418551218108655,0.3870741976864471,0.3890515615015769,0.12607791449904976,0.21676292631733657
549,fresh_ontology_04,ontology_collapse,7,8,33,0.21875,early,DEFINED,True,0.43078912343104625,0.23222086802140202,-0.11275973801975636,0.014773883752530881,0.21816445901432324,0.2635848434096297,0.44229364222282774,0.5577063577771723,0.04173370682664866,6.2269578770936755,0.23291897348335738,0,8,0.13202281624666068,6.371226521071288,0.19891216574446538,0.6244505706840239,0.6244505706840239,0.7538720183266223,0.256748408172523,0.20109891168066896,0.11880102114345303,0.04502906999270867
550,fresh_ontology_04,ontology_collapse,8,9,33,0.25,early,DEFINED,True,0.2666918047500239,0.38149358113538817,-0.04186819964403131,-0.12263074368187135,0.2989992853085021,0.36452426725645726,0.5368829109661982,0.4631170890338018,0.11187837920758988,5.035705614186039,0.3640286218972363,0,7,0.2299253920440474,5.938668259092498,0.19898420883505924,0.23105076671244926,0.23105076671244926,0.10142597575940052,0.6537363493855262,0.7834143381199293,0.11521288390202465,0.11515968612067023
551,fresh_ontology_04,ontology_collapse,9,10,33,0.28125,early,DEFINED,True,0.3471147532886685,0.24202198456207388,-0.03403035789857776,0.09051391162284549,0.26552654467767506,0.4007988613571326,0.43210923042482186,0.5678907695751781,0.052650797829352496,7.066205992824115,0.18936525910661325,0,8,0.1650119773770072,7.078965445067603,0.24499403684701557,0.22822270681888018,0.22822270681888018,0.22609166917907206,0.5422622098664773,0.6125146477180579,0.22951508331464243,0.16139368310287
552,fresh_ontology_04,ontology_collapse,10,11,33,0.3125,early,DEFINED,True,0.23867514514290067,0.344685989222473,0.008371414017204967,0.11146649895635624,0.16981398050352647,0.35030610057466033,0.4583464660083939,0.5416535339916061,0.05333741263667951,6.0395432232848645,0.2646957840703738,0,7,0.246179445828946,9.001214509675602,0.29142762110943876,0.2932400156306795,0.2932400156306795,0.31004073287359424,0.3771145219468593,0.2505009503922978,0.3296454624224611,0.43945831673410807
553,fresh_ontology_04,ontology_collapse,11,12,33,0.34375,middle,DEFINED,True,0.054367725150717194,0.22725304207159677,0.024297397258281436,-0.2569672295134911,0.17768099358534592,0.24252196691940314,0.551118966153354,0.448881033846646,0.1836357039914952,6.797574466596969,0.1860534607344242,0,7,0.26215223293680445,6.856883457584928,0.22510529869221188,0.3843864215187084,0.48667914314141403,0.4240900560814791,0.3843864215187084,0.43080482746,0.12893443533987745,0.1451051164585211
554,fresh_ontology_04,ontology_collapse,12,13,33,0.375,middle,DEFINED,True,0.32755014697646223,0.28045409396058096,0.1571739778453607,0.1218935865317738,0.24463759208319574,0.314602580633285,0.48793518296920635,0.5120648170307937,-0.017809621609567054,3.9775222644306605,0.44517066215337464,0,8,0.1400916117564874,3.6935139141167035,0.13658343641065845,0.7641865723458707,0.1173092236543561,0.04996458579508998,0.7641865723458707,0.8742526156479565,0.11850420399977321,0.07578279855695344
555,fresh_ontology_04,ontology_collapse,13,14,33,0.40625,middle,DEFINED,True,0.021631749307174947,0.0745779989330564,0.06691959440667224,,0.08678267683549035,0.1346427860854542,0.5492401735486641,0.45075982645133594,-0.07230242347555417,2.8673703127728776,0.46830241257108846,2,8,0.12812604272942796,2.867790061274449,0.07485672411516588,0.5034359772815268,0.4965640227184734,0.8978959218623258,0.5034359772815268,0.1021040781376742,0.0,0.0
556,fresh_ontology_04,ontology_collapse,14,15,33,0.4375,middle,DEFINED,False,0.507336467441892,0.2658692075992367,0.3395946668629915,0.15880116847600273,0.35751787312430483,0.3801032171167152,0.3591930371398653,0.6408069628601347,-0.02642714475053566,6.60307744587782,0.2524043238190063,0,8,0.13016936523664674,4.664233165017363,0.14815251375802363,0.626928674537118,0.2529509415182246,0.3548241166344923,0.626928674537118,0.49968859098824425,0.1201203839446574,0.14548729237726332
557,fresh_ontology_04,ontology_collapse,15,16,33,0.46875,middle,DEFINED,True,0.5535928097197604,0.31335244231721504,0.17333819500369063,-0.04469731885873527,0.28290196532269024,0.35483038598507943,0.4211857113982998,0.5788142886017003,-0.009022908173589328,5.41262322324408,0.3043121969423785,0,8,0.1466860402549351,5.530323347008848,0.16378937599283067,0.48189197707129194,0.3714219826737729,0.4670668198870145,0.48189197707129194,0.4995899496579229,0.1466860402549351,0.03334323045506248
558,fresh_ontology_04,ontology_collapse,16,17,33,0.5,middle,DEFINED,True,0.47172003406048413,0.25524636076394686,0.18639127203203548,0.06265747957080124,0.22308525298264414,0.35833498143867726,0.4494062172408743,0.5505937827591256,0.058710584187877723,6.570709746156692,0.188337778003453,0,8,0.1467379427017235,6.8873280180290575,0.21093915391415002,0.4959017894946887,0.3982532986429752,0.5210875649029034,0.4959017894946887,0.4274148054319469,0.10584491186233608,0.051497629665149695
559,fresh_ontology_04,ontology_collapse,17,18,33,0.53125,middle,DEFINED,True,0.052087587741523333,0.14340597870401436,0.3022891493922868,,0.1265519832798601,0.2602977287432456,0.42511303182302645,0.5748869681769735,0.024875921061380035,6.257005505334986,0.1982879651838482,1,7,0.24330324410217813,5.126868590392738,0.1513401275188872,0.37343629868830897,0.39509612299317487,0.2818120122764038,0.37343629868830897,0.34318131824223796,0.23146757831851622,0.3750066694813582
560,fresh_ontology_04,ontology_collapse,18,19,33,0.5625,middle,DEFINED,True,0.38032236060125674,0.31049098217724397,-0.1233311538275914,-0.13656581462243886,0.2670563716402717,0.3438388311599197,0.5246993555193253,0.47530064448067466,0.0322657530180295,3.9817300493937795,0.44250568408469665,0,8,0.14219993346138018,6.14977180679446,0.19468240309931029,0.6275393950174968,0.24112612133558659,0.1340803135833204,0.6275393950174968,0.8013073892134333,0.13133448364691655,0.06461229720324628
561,fresh_ontology_04,ontology_collapse,19,20,33,0.59375,middle,DEFINED,True,0.2747565878208586,0.19071320287295732,0.08817652945640102,0.19835670204817987,0.23960407374929596,0.34546813046428854,0.42722712898248855,0.5727728710175115,0.01445954073699175,5.8640965016168725,0.29856000509978803,0,8,0.15741587959983872,6.342426448459837,0.18035148344465912,0.6402134986595805,0.24301866950286916,0.24702738014635356,0.6402134986595805,0.6768215252049592,0.11676783183755025,0.07615109464868734
562,fresh_ontology_04,ontology_collapse,20,21,33,0.625,middle,DEFINED,True,0.6219554983077104,0.17749199031970478,0.25161177953219116,0.28408621862556066,0.24218819291899757,0.3297946902050035,0.3209691778155979,0.6790308221844021,-0.030756893668325905,7.704974442452304,0.16427430257366574,0,8,0.13913260444405373,8.845022580346585,0.28605394033716797,0.2651855181316166,0.2632047951734997,0.2347280368109095,0.2651855181316166,0.2677204481715408,0.4716096866948837,0.4975515150175498
563,fresh_ontology_04,ontology_collapse,21,22,33,0.65625,middle,DEFINED,True,0.3021886551130586,0.18842188114471975,0.3712492189357934,0.03488553187477905,0.24467778135090282,0.32419353630419956,0.4205933717604354,0.5794066282395647,0.05385133433634264,7.689299253369267,0.17950935693689463,0,7,0.2582812882350367,6.539609809671706,0.1805106425078815,0.3997545972426487,0.11694073711871963,0.17950935693689463,0.3997545972426487,0.37459631067937704,0.48330466563863156,0.4458943323837283
564,fresh_ontology_04,ontology_collapse,22,23,33,0.6875,late,DEFINED,True,0.5182551237785387,0.26424921949535835,-0.09160172490462756,-0.4482729647318772,0.27069418582500326,0.3204288024646832,0.5075847376455741,0.4924152623544259,0.12916410400684078,6.778084954081093,0.21371333302662127,0,8,0.13311711541583754,7.9999228457924705,0.234982420424405,0.25966568221448505,0.24118728339240542,0.14840736482602132,0.4991470343931096,0.6372565187482875,0.25966568221448505,0.21433611642569128
565,fresh_ontology_04,ontology_collapse,23,24,33,0.71875,late,DEFINED,True,0.3807198479335314,0.3132164298230435,-0.13401981674746047,-0.08130841269911228,0.2672852778835194,0.3665721281896364,0.41060157241395134,0.5893984275860487,0.030569726732245214,7.023639390944442,0.21016695592027057,0,7,0.2553940764612149,9.865626425575327,0.27692088391495384,0.1202012398536999,0.22255386987096187,0.16389637785068994,0.6572448902753382,0.7713463799332452,0.1202012398536999,0.06475724221606483
566,fresh_ontology_04,ontology_collapse,24,25,33,0.75,late,DEFINED,True,0.5611903442389847,0.2566218578252779,0.13382313125559334,-0.010705525729425685,0.17592189171047753,0.3156792584850513,0.5119965685631817,0.48800343143681835,0.14926414297143628,7.536883571357414,0.1808668876808313,0,7,0.2833535020978603,4.6064244097581355,0.14119322067595924,0.7202376115842257,0.0,0.0,0.2797623884157743,0.33442841612616026,0.7202376115842257,0.6655715838738396
567,fresh_ontology_04,ontology_collapse,25,26,33,0.78125,late,DEFINED,True,0.29709786343410244,0.38972319241010667,0.40852162291454375,0.31175476209148856,0.25642044876529424,0.33775360130410204,0.4621507188050871,0.5378492811949129,0.05951893046554751,6.104468881373368,0.2694760927130924,0,7,0.22464496709344628,6.600101123650063,0.22114321634232503,0.6126270110742604,0.13053811856639963,0.07107936527775044,0.25683487035933994,0.2728856573127075,0.6126270110742604,0.656034977409542
568,fresh_ontology_04,ontology_collapse,26,27,33,0.8125,late,DEFINED,True,0.2565683009866881,0.17255980702414864,-0.04060977823417607,0.005275178641498022,0.1907287341993671,0.23811847442201214,0.43496322908130425,0.5650367709186958,0.054854441072860874,7.035548777110331,0.22883185041474105,0,7,0.24810284481592615,7.469108797447451,0.23109588669735134,0.37377739810384436,0.0,0.0,0.6262226018961555,0.7181752701038661,0.37377739810384436,0.2818247298961338
569,fresh_ontology_04,ontology_collapse,27,28,33,0.84375,late,DEFINED,True,0.1815373278651297,0.19204922877980066,0.3085728863767222,0.18339464450378087,0.3156269645497107,0.3549305003034775,0.47122491610237466,0.5287750838976253,0.07184597464297994,6.179168436839337,0.28472403428141213,0,8,0.13621339914419048,7.046504563877505,0.22512060924561872,0.6338217414226769,0.12399989190336992,0.13949132121973631,0.2421783666739531,0.2625183302906814,0.6338217414226769,0.5979903484895823
570,fresh_ontology_04,ontology_collapse,28,29,33,0.875,late,DEFINED,True,0.6037876634485305,0.29741274314327315,0.4208836402162561,0.29818268153959465,0.22787321785461148,0.30688385517809524,0.3935720265436281,0.6064279734563719,0.003808334520048655,6.593339551479337,0.24348160693214635,0,6,0.3686070022709659,8.466233634304059,0.252249680436578,0.6076554314293121,0.2557774990756555,0.2337121605602402,0.13656706949503242,0.08951044260173922,0.6076554314293121,0.6767773968380206
571,fresh_ontology_04,ontology_collapse,29,30,33,0.90625,late,DEFINED,True,0.45806671649189434,0.18853128892475848,0.3024639277747045,0.29728692441280374,0.2297299231232688,0.2765770521939857,0.5332910536375748,0.4667089463624252,0.10570608001673786,5.004631291527817,0.2725354543887525,1,7,0.24438198481482903,6.961797593631813,0.16535059111582318,0.7396224549742094,0.0,0.0,0.2603775450257905,0.327539346291925,0.7396224549742094,0.672460653708075
572,fresh_ontology_04,ontology_collapse,30,31,33,0.9375,late,DEFINED,True,1.1240120185840459,0.3172767116927407,0.18850368891011268,0.013290675521510075,0.2777451570425148,0.34044486719547734,0.43188160604154135,0.5681183939584586,0.028948339573876252,6.162536132130432,0.2889611542196789,0,7,0.23962637277943077,8.013302597849668,0.21258627904153093,0.6244400596740038,0.0,0.0,0.37555994032599616,0.48499986561600794,0.6244400596740038,0.5150001343839921
573,fresh_ontology_04,ontology_collapse,31,32,33,0.96875,late,DEFINED,True,0.28602919912965574,0.15162708672414013,0.39949870177313707,-0.1626617922719082,0.24277353453618097,0.33278741063439127,0.3505907561274093,0.6494092438725907,-0.009821544032528173,7.607777384696562,0.17766886053204559,0,7,0.22824370851655296,9.857700130530743,0.28589050516145015,0.7448107779933336,0.11173711954147475,0.17766886053204559,0.14345210246519152,0.12716718978535935,0.7448107779933336,0.695163949682595
574,fresh_ontology_05,ontology_collapse,1,2,34,0.030303030303030304,early,DEFINED,True,0.4778064527420576,0.15790596226395304,0.12624555395409878,0.1493363699336798,0.16216312011884182,0.31240461319973895,0.5016078663516742,0.4983921336483258,0.1384470330290828,7.613352247206174,0.18245194582026533,0,8,0.153206174047005,0.0,0.0021227194321829022,1.0,1.0,0.9999999999999999,0.0,0.0,0.0,0.0
575,fresh_ontology_05,ontology_collapse,2,3,34,0.06060606060606061,early,DEFINED,True,0.4566584597156356,0.21929782039558685,0.041537883918609096,0.1184427249769611,0.29365984121952854,0.32539733075210653,0.4259566357168247,0.5740433642831753,0.042576939167655224,6.8947750908801515,0.2478857313302281,0,8,0.12870567955440923,0.12623924791580618,0.0112588066318629,1.0,1.0,0.9999999999999999,0.0,0.0,0.0,0.0
576,fresh_ontology_05,ontology_collapse,3,4,34,0.09090909090909091,early,DEFINED,True,0.41855651478439376,0.36295868475804044,0.2988591487836702,0.1926904454590746,0.25398400707776125,0.36432704336642124,0.47110965961162116,0.5288903403883789,0.06965516106952845,6.109068420419852,0.2537949639794726,0,7,0.23920299819724544,4.012207358897171,0.14467713879544103,0.7774527189916909,0.7774527189916909,0.6738762209172326,0.11060240087059511,0.0723288151032948,0.11194488013771423,0.2537949639794726
577,fresh_ontology_05,ontology_collapse,4,5,34,0.12121212121212122,early,DEFINED,True,0.2672553500136469,0.19484493009922615,0.2877310649199882,0.31366495832531854,0.17295987588478817,0.2699878408350503,0.48975160101946724,0.5102483989805328,0.09988275064974912,6.430608689419991,0.19218681769384235,0,8,0.14203691129769658,3.989614867096172,0.13306779645871938,0.532872626027933,0.532872626027933,0.5432138427992259,0.46712737397206694,0.4567861572007742,0.0,0.0
578,fresh_ontology_05,ontology_collapse,5,6,34,0.15151515151515152,early,DEFINED,True,0.33755588100010386,0.3335552272278691,-0.01178918566455085,-0.2185283572433945,0.30547620130142905,0.33450144422557404,0.48753886649232847,0.5124611335076715,0.03986709917929176,4.853395501767243,0.3355884579275434,0,6,0.25128663837332166,4.387050282882234,0.15531760410195833,0.6264875145388658,0.6264875145388658,0.5829812002341079,0.37351248546113425,0.417018799765892,0.0,0.0
579,fresh_ontology_05,ontology_collapse,6,7,34,0.18181818181818182,early,DEFINED,True,0.36197984353842505,0.2565349657470198,-0.2793689699758777,-0.19936058033858048,0.16935684106086757,0.28233474527914126,0.42967612736987215,0.5703238726301278,0.050415393110215784,7.075565354296293,0.1954982732936293,0,8,0.14645752772138904,3.9122454209967974,0.1292050504675852,0.6441518728263855,0.6441518728263855,0.6938569464952686,0.2413415949819651,0.26797603189297775,0.11450653219164944,0.03816702161175367
580,fresh_ontology_05,ontology_collapse,7,8,34,0.21212121212121213,early,DEFINED,True,0.1582634108462784,0.20834510382448335,-0.1523370456010862,-0.30060435933393964,0.28648478582143083,0.38798041664378985,0.46411470575917163,0.5358852942408283,0.0818728387319579,6.875831383691473,0.24090440076774997,0,7,0.24528059919362533,5.174957456067458,0.17933224142194287,0.4739797073855752,0.4739797073855752,0.378546640247644,0.5260202926144247,0.6214533597523559,0.0,0.0
581,fresh_ontology_05,ontology_collapse,8,9,34,0.24242424242424243,early,DEFINED,True,0.2794997775441229,0.3521692513625937,0.007215172560795715,0.2162038985529409,0.18063396259281625,0.2341911285683933,0.5315483470786896,0.4684516529213104,0.145467417462489,6.233995464641299,0.20652405737737772,0,6,0.24775590484727383,6.790849454572553,0.23408726714652464,0.3672304341639406,0.3672304341639406,0.4100171689645252,0.5093577586562498,0.583173425566829,0.12341180717980972,0.00680940546864579
582,fresh_ontology_05,ontology_collapse,9,10,34,0.2727272727272727,early,DEFINED,True,0.18979895829776489,0.23088315191580738,-0.06891427169656357,0.06241768574966906,0.24683302307799546,0.3118213885812331,0.42328607670090107,0.576713923299099,0.00938513366445265,5.834491930012622,0.3129171135839899,0,6,0.25993692287811554,5.244727071794784,0.18258220463682429,0.3780295494566115,0.3780295494566115,0.4329275671644304,0.6219704505433886,0.5670724328355695,0.0,0.0
583,fresh_ontology_05,ontology_collapse,10,11,34,0.30303030303030304,early,DEFINED,True,1.0618798935724874,0.19917640102933784,0.08455626662731291,-0.09117691932565579,0.20594063980095512,0.28763837076449905,0.40344301301677893,0.596556986983221,0.03725638585016121,7.670660051408098,0.15930347799573005,0,6,0.2469678623311572,7.862374829537019,0.2689725740908146,0.36247871700823137,0.36247871700823137,0.3203910217667738,0.38904544864240703,0.41719993206948464,0.24847583434936155,0.2624090461637415
584,fresh_ontology_05,ontology_collapse,11,12,34,0.3333333333333333,middle,DEFINED,True,0.4467411022248357,0.20802691328583284,-0.0280126482865576,0.3326478226109779,0.162542729099244,0.2201596512989281,0.46030974399421576,0.5396902560057842,0.027987235553199766,5.285613166832599,0.3451105130884444,0,7,0.24503270043491598,5.365091861053512,0.1788431346556804,0.6248733321127382,0.25499679382721774,0.231660264298363,0.6248733321127382,0.7064811975886307,0.12012987406004402,0.061858538113006296
585,fresh_ontology_05,ontology_collapse,12,13,34,0.36363636363636365,middle,DEFINED,True,0.17542915876660814,0.33771107672510514,-0.0891374325779305,0.23368315716983643,0.2020271587016947,0.3014260148745221,0.44125649065306827,0.5587435093469317,0.037566283085541684,6.124650290104483,0.2741602360103905,0,7,0.2498424464984635,7.1464003572470105,0.2372011120448955,0.2510661250363404,0.37268685934334544,0.3587618986016391,0.2510661250363404,0.35458072394701295,0.37624701562031404,0.28665737745134795
586,fresh_ontology_05,ontology_collapse,13,14,34,0.3939393939393939,middle,INACTIVE_TARGET,True,0.0,0.08083958647675958,,,0.08678267683549035,0.16072477155967316,0.5774738795246515,0.42252612047534854,0.005242972381773679,3.030641942824699,0.4493370047076481,2,8,0.13225860539117731,3.0971213021792607,0.06990807370736794,0.5069637094734508,0.4930362905265492,0.7765295052137045,0.5069637094734508,0.22347049478629552,0.0,0.0
587,fresh_ontology_05,ontology_collapse,14,15,34,0.42424242424242425,middle,DEFINED,True,0.13607798289003364,0.16009834679147966,-0.22638789734518366,-0.2176464191162751,0.10888398789704012,0.20417797111465713,0.41636395537068505,0.583636044629315,0.008540739348125558,6.015471814929785,0.26193961355434137,1,7,0.26001285781140765,4.883459892558691,0.16290499205779313,0.6368750401767341,0.24574433393413275,0.32197728561128713,0.6368750401767341,0.4160831008343715,0.11738062588913299,0.26193961355434137
588,fresh_ontology_05,ontology_collapse,15,16,34,0.45454545454545453,middle,DEFINED,True,0.4179176089059875,0.16786119971038466,0.21813153787713113,0.1152896430243621,0.32835811297389217,0.3652589347548421,0.43182812138898774,0.5681718786110123,0.055514436713998756,7.2119555922252525,0.2179659917214146,0,7,0.2529578919850481,9.341349368271075,0.2830358797473822,0.37797813783390366,0.6220218621660963,0.5499744009994918,0.37797813783390366,0.4500255990005083,0.0,0.0
589,fresh_ontology_05,ontology_collapse,16,17,34,0.48484848484848486,middle,DEFINED,True,0.40446383839231553,0.1832828532834264,0.2775542444373521,0.1687970426755508,0.2569211546586998,0.33066400830210946,0.4985049478126171,0.5014950521873829,0.09211314830878889,5.8051245593898315,0.29591966172920314,0,8,0.13921971186174492,10.071872363637963,0.29563130018257744,0.22986335763717997,0.6403900342197572,0.4918300084990004,0.22986335763717997,0.325281131117368,0.1297466081430629,0.18288886038363159
590,fresh_ontology_05,ontology_collapse,17,18,34,0.5151515151515151,middle,DEFINED,True,0.40351556777733,0.16069551518155056,0.00011998736175918137,-0.23193150137402355,0.20765276166648344,0.2541403230604101,0.4276921702441091,0.5723078297558909,0.03492366638968957,6.5209214748722495,0.20363406012782279,0,8,0.1348324665423789,9.714182828089534,0.28573134653756194,0.25640400900921767,0.6207922653352419,0.6652623397864228,0.25640400900921767,0.13110360008575447,0.12280372565554046,0.20363406012782279
591,fresh_ontology_05,ontology_collapse,18,19,34,0.5454545454545454,middle,DEFINED,True,0.24736269708826428,0.3681097109349279,0.015969855020068008,-0.09187593893459432,0.23077112437168978,0.3380926603523294,0.42065509220803265,0.5793449077919673,-0.012140238106595027,5.352663712554599,0.28749585179711973,0,7,0.2746777654060606,6.8332270194956894,0.16894619048294213,0.5960496065379328,0.40395039346206707,0.42333585989661643,0.5960496065379328,0.5766641401033834,0.0,0.0
592,fresh_ontology_05,ontology_collapse,19,20,34,0.5757575757575758,middle,DEFINED,True,0.6482055463065692,0.220831547626585,-0.05364180650075803,0.17686201073719543,0.22742407926532202,0.3022004734564158,0.3792393794673471,0.6207606205326529,0.004862043305564865,7.161302795600218,0.22399876969121083,0,8,0.1420932698692507,6.16021015066284,0.22940635646940363,0.37186846599984436,0.11997479112717024,0.11955189783668457,0.37186846599984436,0.46513761326709546,0.5081567428729854,0.41531048889621996
593,fresh_ontology_05,ontology_collapse,20,21,34,0.6060606060606061,middle,DEFINED,True,0.24026728057136576,0.37391486256158185,0.039930011369809476,-0.20446399792999412,0.2719461320718417,0.30654676665004327,0.5352783824703374,0.46472161752966257,0.05803056483789754,4.1225419741365315,0.4013891493933985,0,8,0.13172970294397393,5.115254860263283,0.14243073220562677,0.6261979174819217,0.0,0.0,0.6261979174819217,0.6508341880885251,0.3738020825180783,0.3491658119114749
594,fresh_ontology_05,ontology_collapse,21,22,34,0.6363636363636364,middle,DEFINED,True,0.13927147540227286,0.16320719775485978,0.3427415066185201,0.19445011345450228,0.14488976741539183,0.19135712614729175,0.42468514803597507,0.575314851964025,0.004779169058678284,5.668244865555326,0.22489613489731616,1,8,0.13074736547722685,3.6340948651644993,0.08206964160672978,0.6272443506681952,0.0,0.0,0.6272443506681952,0.7321942011311826,0.37275564933180483,0.26780579886881745
595,fresh_ontology_05,ontology_collapse,22,23,34,0.6666666666666666,late,DEFINED,True,0.7102431918378088,0.28519827181564356,0.14345819581365563,-0.10317249754357981,0.26856660683674066,0.335501288758148,0.3904045407542449,0.6095954592457551,-0.024877892784316145,5.780681891732801,0.3168575813357794,0,6,0.26487232068647165,8.527075547087975,0.23164921940619287,0.1413855218466076,0.24476239888553733,0.21712269234985063,0.6138520792678551,0.7134333874671361,0.1413855218466076,0.06944392018301324
596,fresh_ontology_05,ontology_collapse,23,24,34,0.696969696969697,late,DEFINED,True,0.4782255716984199,0.26427030094116855,0.07902266274803262,0.09899445819087677,0.2517614483920222,0.3219607181746076,0.5035797069072558,0.49642029309274416,0.08538466540673839,5.43741153011038,0.3453059319794871,0,7,0.26220945740147406,8.317643058888068,0.23896208543800768,0.5050345536907528,0.2472532117965416,0.20491256967466864,0.24771223451270555,0.20501079866311553,0.5050345536907528,0.5900766316622158
597,fresh_ontology_05,ontology_collapse,24,25,34,0.7272727272727273,late,DEFINED,True,0.47801308933497594,0.43722951273272076,-0.39837986323766905,-0.5678732953858,0.24297506667197685,0.3100098379014347,0.5161320808734059,0.4838679191265941,0.10957693091015039,5.678161093734031,0.27991057932678526,0,7,0.2510895113104365,6.746033117567736,0.1919436912055083,0.38997693056185817,0.0,0.0,0.6100230694381418,0.4593810441379075,0.38997693056185817,0.5406189558620924
598,fresh_ontology_05,ontology_collapse,25,26,34,0.7575757575757576,late,DEFINED,True,1.6517659480484779,0.2361609260031376,0.08331810488049655,0.434821693532876,0.200006744838637,0.2908668416799195,0.45249238691801336,0.5475076130819867,0.08426028592872405,7.600188809376519,0.18594664792108817,0,7,0.23942901060122557,6.755460152630867,0.20217787761778777,0.6287088056129546,0.25025973105543065,0.2804975906356759,0.12103146333161478,0.13239545603909125,0.6287088056129546,0.5871069533252328
599,fresh_ontology_05,ontology_collapse,26,27,34,0.7878787878787878,late,DEFINED,True,0.3486473374323601,0.1458710873902564,0.25896802099282396,0.12000217382100538,0.21124072404186953,0.23530958082992315,0.3630571270291684,0.6369428729708315,-0.0018838237652238504,7.493840907082073,0.18200809604218338,0,8,0.12787562774084643,8.198905273312088,0.2388266144691242,0.4954691651253068,0.12787562774084643,0.18200809604218338,0.3766552071338468,0.41311791828233635,0.4954691651253068,0.4048739856754803
600,fresh_ontology_05,ontology_collapse,27,28,34,0.8181818181818182,late,DEFINED,True,0.1403499447112327,0.2427860784292052,-0.1218196950584931,0.13017109157198295,0.25965956706934584,0.2976487163929418,0.4633559316467355,0.5366440683532645,-0.04035428207080959,4.078972904075527,0.43805340571304713,0,8,0.13381922191834264,9.663835277877883,0.2952160284051464,0.5076141845203392,0.0,0.0,0.49238581547966076,0.627008566602993,0.5076141845203392,0.37299143339700713
601,fresh_ontology_05,ontology_collapse,28,29,34,0.8484848484848485,late,DEFINED,True,0.7283212643126727,0.2472444258665578,-0.2115958365270908,0.1650471142367479,0.19887093839209075,0.3097735190335146,0.39619466064661313,0.6038053393533869,0.012992317828397484,6.855272523328602,0.20245976230608323,0,7,0.24514413325244871,8.010291982413358,0.18119626411093037,0.6393974679989443,0.11138955290206749,0.0933207870457982,0.24921297909898818,0.34491209809681866,0.6393974679989443,0.5617671148573832
602,fresh_ontology_05,ontology_collapse,29,30,34,0.8787878787878788,late,DEFINED,True,0.5756566069939902,0.2749229840017272,0.08725144036469001,0.11832768443898956,0.2908708717708997,0.33312442743517284,0.4753387254710323,0.5246612745289677,0.04020882883744212,5.167444373867539,0.3406664088053068,0,8,0.13624301256112498,4.261899530391909,0.10231014593290966,0.8711947482217179,0.0,0.0,0.128805251778282,0.0853827631385229,0.8711947482217179,0.9146172368614772
603,fresh_ontology_05,ontology_collapse,30,31,34,0.9090909090909091,late,DEFINED,True,0.6538418571091347,0.25586807502253733,0.0018961939295411938,0.16683764372694654,0.2297508499483309,0.2673213702709305,0.42530718771241,0.5746928122875901,0.045259078565351364,7.039454083681623,0.2259825566886851,0,8,0.13181280908522508,4.68830214263204,0.093233156390675,0.8681871909147749,0.0,0.0,0.13181280908522508,0.10851937903166786,0.8681871909147749,0.8914806209683321
604,fresh_ontology_05,ontology_collapse,31,32,34,0.9393939393939394,late,DEFINED,True,0.5522012188204318,0.31775031687461397,0.1503100056873759,0.1482315253054092,0.32420194509804134,0.3745724403651786,0.42907514849466877,0.5709248515053312,0.03278118319985379,6.391695304200265,0.206646536918268,0,6,0.2642476458594797,4.999370154468776,0.11155061244596272,0.8823763537928889,0.0,0.0,0.1176236462071112,0.19248353145599204,0.8823763537928889,0.8075164685440078
605,fresh_ontology_05,ontology_collapse,32,33,34,0.9696969696969697,late,DEFINED,True,0.3701702851203328,0.28526237595248327,0.15574093367123198,0.17638223526731858,0.17945514658486642,0.3554560917162081,0.37017542890495053,0.6298245710950494,-0.018551417438301243,6.546748501427052,0.23514438262392948,0,7,0.3107761034813624,7.661950585165103,0.16174345065761925,0.8846396400455395,0.0,0.0,0.11536035995446044,0.057393694498769195,0.8846396400455395,0.9426063055012309
606,identity_01,identity_stress,1,2,35,0.029411764705882353,early,DEFINED,True,0.36849637658189593,0.1657135965532551,0.4480074097260212,0.477123932713455,0.18696196967128095,0.26183402453770327,0.46460938637740945,0.5353906136225905,0.0941834462889395,7.444347464591595,0.18459871420090296,0,8,0.13766170651271298,0.12696032430989634,0.009317647199214558,1.0,1.0,1.0,0.0,0.0,0.0,0.0
607,identity_01,identity_stress,2,3,35,0.058823529411764705,early,DEFINED,True,0.4770171034618097,0.3333295677575536,-0.004488827991683847,0.11487622599712036,0.2598636148381554,0.35328604371673955,0.5081854682440755,0.4918145317559245,0.12528205479077925,6.578289937265017,0.2296038432486355,0,7,0.25444442022566927,9.42180561713978,0.3064629422033648,0.39904670507308565,0.39904670507308565,0.31263379825163445,0.49291593974625564,0.6446597955286998,0.10803735518065878,0.042706406219665816
608,identity_01,identity_stress,3,4,35,0.08823529411764706,early,DEFINED,True,0.30468319128672033,0.23153820311346723,0.3814986095437669,0.4176032599095919,0.20070266805285703,0.2995778070461873,0.426561867989037,0.5734381320109629,0.049464439008231935,7.1743629023368065,0.20857691702915482,0,6,0.26336017903975906,1.349409873243502,0.05390105963060576,1.0,1.0,0.9999999999999999,0.0,0.0,0.0,0.0
609,identity_01,identity_stress,4,5,35,0.11764705882352941,early,DEFINED,True,0.47234154899710584,0.16594097780526507,0.18774587037787654,0.41075044749182765,0.1878944103156758,0.23558472315622767,0.4564979217718942,0.5435020782281058,0.055749417100928296,6.186090120076621,0.22845773726789761,0,8,0.13022290788457377,2.206482656418053,0.06749805738520764,0.8818623029370705,0.8818623029370705,0.9930620681740665,0.11813769706292941,0.00693793182593337,0.0,0.0
610,identity_01,identity_stress,5,6,35,0.14705882352941177,early,DEFINED,True,0.06417243091405796,0.14747552677569448,0.12936950949632833,0.23436264864327006,0.2742691925943317,0.3833082923229353,0.46714041859771893,0.5328595814022811,0.08993540943776311,7.094097394697568,0.20047940574694628,0,7,0.26449271539274954,12.516537949106729,0.45555055138367284,0.25176211655553626,0.25176211655553626,0.19682004010507748,0.2409020447881984,0.30187610943904525,0.5073358386562653,0.5013038504558772
611,identity_01,identity_stress,6,7,35,0.17647058823529413,early,INACTIVE_TARGET,True,0.0,0.10209603873678273,,,0.08815472005080323,0.16766380112441387,0.5329866136968268,0.46701338630317324,0.06830997504133741,4.3180825501192,0.33268531099900106,0,8,0.1327419373634475,2.968103590778148,0.12592977625775942,0.7546589319335993,0.7546589319335993,0.8617524985100443,0.24534106806640066,0.1382475014899558,0.0,0.0
612,identity_01,identity_stress,7,8,35,0.20588235294117646,early,DEFINED,True,0.4346097316700354,0.152058494487377,0.12816994021304937,-0.04131485564457815,0.09399189742635938,0.24705529288796343,0.46343114148242937,0.5365688585175706,0.05725755818829418,5.985253420853932,0.26286202620695237,0,8,0.13676937687853413,4.620891949220748,0.17810150058080604,0.39182622410701096,0.39182622410701096,0.5590144397880004,0.608173775892989,0.44098556021199964,0.0,0.0
613,identity_01,identity_stress,8,9,35,0.23529411764705882,early,DEFINED,True,0.3919164064913985,0.23325892191829978,0.004074284066190422,-0.12913607149609999,0.3157671254919053,0.35992162248551235,0.41745469505184657,0.5825453049481535,0.04287712232917025,7.284522468406441,0.20823688186768252,0,7,0.25498365051350214,4.614939338299807,0.13412476568704512,0.86953672685581,0.86953672685581,0.885853675088012,0.13046327314418996,0.11414632491198785,0.0,0.0
614,identity_01,identity_stress,9,10,35,0.2647058823529412,early,DEFINED,True,1.1540643783237858,0.32344397236767386,0.2986592532258901,0.304478100293672,0.2974041247993295,0.34874773632453765,0.49681445661798124,0.5031855433820187,0.10544483679858703,6.3273209383601525,0.2872887562541144,0,7,0.26954668731198844,7.942892035258499,0.26862444354919596,0.39985115615068634,0.39985115615068634,0.48991508873761636,0.3616625491563543,0.32101450411218535,0.2384862946929594,0.18907040715019816
615,identity_01,identity_stress,10,11,35,0.29411764705882354,early,DEFINED,True,0.43027425977530737,0.21302842605303174,-0.030470198456603995,0.3472051628650605,0.31681299010670966,0.41607754394522817,0.40418488649161227,0.5958151135083878,-0.0029685355873838473,6.0298483082570264,0.2666082440433324,0,8,0.14663808181611418,13.209424688933918,0.4933977621715182,0.12250818111431089,0.12250818111431089,0.20526747517772617,0.10324679003137008,0.1259969297782389,0.7742450288543191,0.6687355950440348
616,identity_01,identity_stress,11,12,35,0.3235294117647059,early,DEFINED,True,0.7451084285328903,0.08713879525355654,0.006431190530504868,,0.1647407740230431,0.1884509899159753,0.6185252381838642,0.3814747618161358,0.010737740044448957,2.660481980455177,0.524037356946874,3,8,0.12763977838875004,5.735572852711227,0.23049997222543653,0.0,0.0,0.0,0.8774123505372897,0.9817716778119105,0.12258764946271009,0.018228322188089327
617,identity_01,identity_stress,12,13,35,0.35294117647058826,middle,DEFINED,True,0.7344702956612535,0.1620851359908516,0.07235082642059444,-0.0039895020413990255,0.1536146666311139,0.23650205385532277,0.5100888227188191,0.48991117728118094,0.0700392876810619,4.8906350760187385,0.28058826260412756,2,8,0.14124101259717983,7.733004654154091,0.2779887938298478,0.75777314625233,0.0,0.0,0.75777314625233,0.613854714249126,0.2422268537476698,0.38614528575087415
618,identity_01,identity_stress,13,14,35,0.38235294117647056,middle,INACTIVE_TARGET,True,0.0,0.00116091240306488,,,0.11566283446529926,0.24228216953199486,1.0,0.0,,1.0,1.0,7,8,0.13593133342762004,3.9658297476812887,0.1461002035570676,0.6349330091904645,0.2558238867110982,0.0,0.6349330091904645,1.0,0.10924310409843736,0.0
619,identity_01,identity_stress,14,15,35,0.4117647058823529,middle,DEFINED,True,0.32754219535017626,0.16525503027619146,0.1527705157750914,0.14255979651154485,0.2738732195933992,0.3669569917432814,0.4327279069551918,0.5672720930448082,0.04433626815140791,6.686836226460041,0.202204894852989,0,7,0.2421873091204903,7.368350283993944,0.24725248567046765,0.11859195951510194,0.5003788488286445,0.5228116021925228,0.11859195951510194,0.1677853942524889,0.3810291916562535,0.3094030035549884
620,identity_01,identity_stress,15,16,35,0.4411764705882353,middle,DEFINED,True,1.1451328846429298,0.23289228924179325,-0.11975178125187337,-0.45063065731955915,0.2802393986726189,0.35434659801221013,0.41654795520530885,0.5834520447946911,0.044829946487861906,7.422702314975465,0.19612991948344768,0,7,0.2667664957395749,7.686646993540116,0.3135195509567035,0.37355435415983457,0.0,0.0,0.37355435415983457,0.30339934130724816,0.6264456458401655,0.6966006586927519
621,identity_01,identity_stress,16,17,35,0.47058823529411764,middle,DEFINED,True,0.4092233481161224,0.23126545349904107,0.21605623190130602,-0.12640912462639592,0.2934845973189669,0.4056118427853815,0.4390576358756509,0.5609423641243492,0.06514656858198464,7.325000160307969,0.19120849188585395,0,8,0.1560979761372019,6.382824498038829,0.24453006418319745,0.3610220045420443,0.10840771205942049,0.0994548687011346,0.3610220045420443,0.4207270225574181,0.5305702833985352,0.4798181087414472
622,identity_01,identity_stress,17,18,35,0.5,middle,DEFINED,True,0.992724539122107,0.19045701099001022,0.2355309132318746,0.2785023769922886,0.1884759006500554,0.34697830871570073,0.4604029835718544,0.5395970164281456,0.09282882536018305,7.614196092663081,0.16596452580327156,0,8,0.1519323457230217,6.568563174118807,0.19918257382708823,0.4973837837199351,0.11809774701697934,0.09460299591478731,0.4973837837199351,0.5436139620249638,0.3845184692630856,0.36178304206024897
623,identity_01,identity_stress,18,19,35,0.5294117647058824,middle,DEFINED,True,0.3626357928070468,0.2670655321758696,0.07203870521866308,0.27037805688762695,0.31252668603900124,0.40270046232940965,0.4478591494204457,0.5521408505795543,0.07848642602349783,7.5477358491432724,0.1759524990057137,0,8,0.15212212804267197,4.796331303325164,0.1501243655975723,0.7444353309708489,0.0,0.0,0.7444353309708489,0.7675396415853021,0.255564669029151,0.23246035841469806
624,identity_01,identity_stress,19,20,35,0.5588235294117647,middle,DEFINED,True,0.5454839890709996,0.21803778335111415,-0.009674184008006454,0.17569315812922703,0.2852740086960923,0.3726296127979443,0.4277678481634375,0.5722321518365625,0.0503934444028083,7.1618752350669865,0.19764697153644498,0,7,0.2575904713839633,6.631398304127687,0.27819181677701643,0.11757297840443207,0.11388879164494868,0.14254358985910276,0.11757297840443207,0.12590636852231668,0.7685382299506192,0.7315500416185805
625,identity_01,identity_stress,20,21,35,0.5882352941176471,middle,DEFINED,True,1.8628188298627029,0.2408355569292102,0.3617046053978545,-0.11510530666395614,0.30539703256637546,0.3759330957372843,0.46284548042051593,0.537154519579484,0.08366787913210251,7.018579500797628,0.19363272850605737,0,8,0.14260779871867835,4.861108073507487,0.16426245464341055,0.2541188257353608,0.14260779871867835,0.07309175121666688,0.2541188257353608,0.3455147576683574,0.6032733755459609,0.5813934911149756
626,identity_01,identity_stress,21,22,35,0.6176470588235294,middle,DEFINED,True,0.6243012530520613,0.26546832850958696,0.2087224649776598,0.08800560013051771,0.16474462541525026,0.3031363449303689,0.45776756904512333,0.5422324309548767,0.08825394329430725,7.516628799558288,0.17000028735029146,0,7,0.24955840240220353,5.441034516215567,0.16871938377048845,0.48545427605930097,0.0,0.0,0.48545427605930097,0.4375083772283759,0.5145457239406991,0.5624916227716241
627,identity_01,identity_stress,22,23,35,0.6470588235294118,middle,DEFINED,True,1.2118575444529958,0.26847954198845775,0.09131876995732244,0.19948064471884963,0.15812203581988923,0.37471110457355417,0.36722176865662415,0.6327782313433759,-0.012347585924605579,6.877388728867039,0.22130265140350297,0,7,0.216269291832403,5.810843429066422,0.1501972613991623,0.6518497430980262,0.0,0.0,0.6518497430980262,0.7034821811286359,0.3481502569019738,0.29651781887136414
628,identity_01,identity_stress,23,24,35,0.6764705882352942,late,DEFINED,True,0.6155849107608039,0.1749557388595712,0.05743074290305828,0.21348228765377844,0.17063407061359648,0.34827535717953834,0.4755670997929481,0.5244329002070519,0.07740894278497366,6.202079194049825,0.24013601724876507,0,6,0.2735773223935771,6.223630425006982,0.20221981710994827,0.6307553957205128,0.0,0.0,0.36924460427948724,0.3728438334844191,0.6307553957205128,0.627156166515581
629,identity_01,identity_stress,24,25,35,0.7058823529411765,late,DEFINED,True,0.43026633950137716,0.14120262993774768,-0.13648455919546085,0.070514882760699,0.15424992421197353,0.20678467415216056,0.4338370501696093,0.5661629498303907,0.03216564092287976,6.20212048200273,0.2234932204216748,1,8,0.13251218970209747,5.742612087535083,0.11661252040257722,0.12620790342565116,0.0,0.0,0.873792096574349,0.7765067795783254,0.12620790342565116,0.2234932204216748
630,identity_01,identity_stress,25,26,35,0.7352941176470589,late,DEFINED,True,0.7630042496581089,0.2767528121501874,0.492647806777613,0.28781849703302653,0.17181810256354868,0.30602342384469283,0.47373093813547373,0.5262690618645263,0.10761660514461804,7.639981206318336,0.17558299050377052,0,8,0.15003183066408474,3.756787591959438,0.099799330163159,0.8881395627471315,0.0,0.0,0.11186043725286857,0.077263879901451,0.8881395627471315,0.9227361200985489
631,identity_01,identity_stress,26,27,35,0.7647058823529411,late,DEFINED,True,0.6932965909569085,0.3078530432114884,-0.19468213632714093,0.14259544449001754,0.20414308783817656,0.3786962415332555,0.3971206378880133,0.6028793621119868,0.017706898677359192,7.016484424189124,0.2169517377522131,0,8,0.17100945756653294,6.97585084524524,0.185372985918553,0.35417817009180824,0.0,0.0,0.6458218299081917,0.6646410421617277,0.35417817009180824,0.3353589578382724
632,identity_01,identity_stress,27,28,35,0.7941176470588235,late,DEFINED,True,2.483697942183099,0.23547403056582372,0.14085886702587103,0.23879998885984768,0.2757717276068461,0.326342637993425,0.4468496260053407,0.5531503739946593,-0.028269365306418524,4.511062255493345,0.4113246253451325,0,8,0.131694659389082,8.66345943647531,0.2225885174287116,0.6162757750032681,0.25374123712715146,0.17173820742430407,0.1299829878695806,0.09456912765837006,0.6162757750032681,0.7336926649173259
633,identity_01,identity_stress,28,29,35,0.8235294117647058,late,DEFINED,True,0.5686707731379469,0.15375526762854158,0.3980728684170928,,0.16180715318432193,0.21371299005746827,0.4675035004158894,0.5324964995841106,0.05280034124364103,5.714311866679526,0.22155309454238276,2,8,0.1316674725639884,6.97017222032937,0.1300927567840517,0.7573822760853529,0.0,0.0,0.24261772391464714,0.25973715298191813,0.7573822760853529,0.7402628470180819
634,identity_01,identity_stress,29,30,35,0.8529411764705882,late,DEFINED,True,1.097713689356444,0.30390866206840617,0.1293939691286033,,0.135173885758292,0.20140790589159469,0.596184617315683,0.40381538268431705,0.06972752937924807,3.2560188004145774,0.45536795706932587,3,8,0.13227833922486418,7.808594372187419,0.1312295427897089,0.7572842398873953,0.0,0.0,0.24271576011260468,0.04753009830911163,0.7572842398873953,0.9524699016908885
635,identity_01,identity_stress,30,31,35,0.8823529411764706,late,DEFINED,True,0.6341847746040955,0.22637168739894267,0.38734905778467876,0.36256007238796556,0.11215975320468873,0.22789642950598663,0.5244513031092931,0.4755486968907069,0.14178442916107134,6.4399297948691485,0.22683780780718613,1,8,0.13737978182508334,8.40900723706004,0.16104693918452634,0.6311975681937732,0.0,0.0,0.3688024318062269,0.2105927866809003,0.6311975681937732,0.7894072133190997
636,identity_01,identity_stress,31,32,35,0.9117647058823529,late,DEFINED,True,0.5168439786656823,0.34487380320894145,-0.21883573023430872,-0.5087262049414268,0.2815251778826865,0.3729693062371006,0.49017161196084547,0.5098283880391545,0.12532174357596684,7.609440202326539,0.16706392470969056,0,8,0.1498180360999589,11.629840030194773,0.28720857922457044,0.3612736989395827,0.0,0.0,0.6387263010604173,0.5778649382267483,0.3612736989395827,0.4221350617732516
637,identity_01,identity_stress,32,33,35,0.9411764705882353,late,DEFINED,True,0.49016931790976215,0.2524970765068887,0.13585974291699757,-0.104983883336023,0.32530693653878395,0.4136082189076264,0.5037007928701244,0.49629920712987563,0.049143188026614666,4.648045980383714,0.31561202335365146,1,7,0.26243224853067537,7.7875218136472,0.1512511242344849,0.7284081819474169,0.0,0.0,0.27159181805258303,0.18861583610345678,0.7284081819474169,0.8113841638965432
638,identity_01,identity_stress,33,34,35,0.9705882352941176,late,DEFINED,True,0.3873438212301009,0.1736570899471491,0.1763217998001295,-0.3289029355469713,0.2654126385622336,0.33950742219633145,0.44015733136360613,0.5598426686363939,0.03822792135471876,6.1846096469471075,0.27816049888036287,0,6,0.24553529075643943,15.95029554018926,0.3894443171285239,0.24724473094138494,0.12459040282389873,0.11279548595762681,0.6281648662347165,0.4664317059586217,0.24724473094138494,0.4207728080837514
639,identity_02,identity_stress,1,2,32,0.03225806451612903,early,DEFINED,True,0.25229565369664264,0.20647255397225986,0.41029246776402667,0.24462572515285924,0.16974910901095386,0.25203595907319176,0.4678531061084144,0.5321468938915856,0.09098985634384713,7.107379148511619,0.20536926317745274,0,8,0.1358576068105061,0.12410140852208433,0.0065163708719757855,1.0,1.0,1.0,0.0,0.0,0.0,0.0
640,identity_02,identity_stress,2,3,32,0.06451612903225806,early,DEFINED,True,0.5579681730071653,0.25250779734277023,0.08516123030521945,0.3230798017404254,0.12713921129539266,0.2713286829996158,0.42119383408321104,0.5788061659167889,0.0504228086359849,7.478078781043872,0.18432882538856663,0,7,0.24630772813905716,0.7010769599737028,0.02775218800153723,1.0,1.0,1.0000000000000002,0.0,0.0,0.0,0.0
641,identity_02,identity_stress,3,4,32,0.0967741935483871,early,DEFINED,True,0.560264854293636,0.2962924358850611,0.29585463557421576,0.004774096882173529,0.10947465443601426,0.30795162734589254,0.5783410317813753,0.4216589682186247,0.20604579803289988,6.1818767573275135,0.2891294332517705,0,6,0.2649465530781196,5.417140618690196,0.18377550006171528,0.7894201794621447,0.7894201794621447,0.8344402156531339,0.21057982053785515,0.1655597843468662,0.0,0.0
642,identity_02,identity_stress,4,5,32,0.12903225806451613,early,DEFINED,True,0.4903049308833555,0.27169946563350655,0.23361077378897507,-0.07604176040358991,0.08442094190640023,0.26428829659472564,0.5159950065837863,0.4840049934162137,0.14564908636294538,7.084066686949574,0.19562703283112595,0,6,0.23254232529752766,3.255564806256709,0.11163120853496082,0.6213052266079694,0.6213052266079694,0.6228329923503289,0.3786947733920307,0.37716700764967115,0.0,0.0
643,identity_02,identity_stress,5,6,32,0.16129032258064516,early,DEFINED,True,0.8014784646394209,0.25287730491291976,0.17972049242513088,-0.029357027245896804,0.06469798636377116,0.2984460547807832,0.5290067057016543,0.4709932942983457,0.1714710976763588,7.644877836173276,0.16869567206714786,0,6,0.23447898174828868,3.5549239263191144,0.1222046794022343,0.6068694892909776,0.6068694892909776,0.6343651974860671,0.3931305107090223,0.36563480251393277,0.0,0.0
644,identity_02,identity_stress,6,7,32,0.1935483870967742,early,DEFINED,True,0.37959263144196975,0.17937815904133064,0.1559476800179161,-0.05818277504999688,0.26734396314317377,0.3419354560817978,0.5124477796325209,0.48755222036747914,0.12439459591686616,6.33541165899171,0.28184945388836047,0,6,0.41208052035202036,4.181323772756558,0.13386378622257034,0.7611938120133731,0.7611938120133731,0.765762891725421,0.12017847347612283,0.0981993807031121,0.11862771451050395,0.13603772757146704
645,identity_02,identity_stress,7,8,32,0.22580645161290322,early,DEFINED,True,0.4248506838942244,0.275457200139796,-0.07991216248197262,0.22528699615415335,0.17444052782303854,0.3331341749590629,0.5518351547003885,0.44816484529961154,0.06594841767912049,3.9151503054221104,0.45631570976845587,0,6,0.2808182453818512,7.182566624808958,0.23138225393502668,0.5345371491532256,0.5345371491532256,0.6716906665016495,0.1198098859866342,0.08878465342298106,0.34565296486014024,0.2395246800753693
646,identity_02,identity_stress,8,9,32,0.25806451612903225,early,INACTIVE_TARGET,True,0.0,0.02933402871363631,,,0.10947661048254599,0.1569311073012233,0.5841974940795838,0.41580250592041623,-0.015681485942365004,2.845299641660251,0.40256371642962513,5,8,0.12790991936995588,3.4075555827488495,0.10755945771820816,0.3671704252598347,0.3671704252598347,0.6273419150113979,0.6328295747401653,0.37265808498860203,0.0,0.0
647,identity_02,identity_stress,9,10,32,0.2903225806451613,early,DEFINED,True,0.5530023910926024,0.28471166153940314,0.21613770262377496,0.01907470212976564,0.05349619650108229,0.3443213999748664,0.5589357086195945,0.4410642913804055,0.030783809902842383,3.4415094575131393,0.4085096203153715,1,7,0.26346658572174936,4.09875767434148,0.13836440213815754,0.40426052706977444,0.40426052706977444,0.40956670550038327,0.47935791569062836,0.47884033881617744,0.11638155723959703,0.11159295568343919
648,identity_02,identity_stress,10,11,32,0.3225806451612903,early,DEFINED,True,0.6731430227708016,0.2946106047324382,-0.03499083787608123,0.13411323837504405,0.2646582131389703,0.330673696868467,0.5534575420738279,0.4465424579261721,0.13611570474497522,5.0757144474273925,0.33120946595892337,0,7,0.25020932402387697,5.787033448132436,0.2011830195991031,0.12666471617282682,0.12666471617282682,0.06645684929300703,0.7549671230980666,0.7766429441644731,0.11836816072910664,0.15690020654251988
649,identity_02,identity_stress,11,12,32,0.3548387096774194,middle,DEFINED,True,0.4947695576547416,0.20586957504308787,-0.07566025429051412,-0.029719814064897314,0.24847029452837338,0.326110936763548,0.44528012699553565,0.5547198730044643,0.013036357379931288,5.32808311923383,0.3431008819935519,0,8,0.1410342047286655,8.471167227712893,0.268731536052167,0.5174221314750383,0.11373390272546988,0.08437240647586772,0.5174221314750383,0.31597205381255417,0.3688439657994919,0.5996555397115781
650,identity_02,identity_stress,12,13,32,0.3870967741935484,middle,DEFINED,True,1.6829317863443056,0.2083719402499979,0.25781106995252845,-0.03861351090607991,0.15262038292521504,0.3340677289223708,0.4083955906484061,0.591604409351594,0.03283998649585261,7.220469409008835,0.16529577380311788,0,7,0.2626180081444196,4.880302479638724,0.15801970336266213,0.5335481089842644,0.3626885269376498,0.4442103320755849,0.5335481089842644,0.3981029479656311,0.10376336407808569,0.15768671995878386
651,identity_02,identity_stress,13,14,32,0.41935483870967744,middle,DEFINED,True,1.278821817797055,0.1558778821735351,0.09508558895055873,-0.03457312767881739,0.15676840761086797,0.20459391243541533,0.3909316438945584,0.6090683561054415,0.026951694099886316,7.730221950910792,0.17085779794221248,0,7,0.24757418965398864,4.884842093054108,0.1487874100981437,0.4941880077276311,0.3782370762050974,0.40197233995892734,0.4941880077276311,0.48446041814262464,0.12757491606727145,0.11356724189844815
652,identity_02,identity_stress,14,15,32,0.45161290322580644,middle,DEFINED,True,0.6900554763498808,0.3490254691759034,-0.05334219349822098,0.023080756034128472,0.26832662864603707,0.3219286019504958,0.5000610957044581,0.4999389042955419,0.028443099652276718,4.383925950468161,0.40557241027222796,0,7,0.25718792540132307,5.811379159958864,0.20140648715460194,0.49762554830382666,0.25915358472936006,0.14986486599158985,0.49762554830382666,0.5955454480622204,0.24322086696681333,0.2545896859461896
653,identity_02,identity_stress,15,16,32,0.4838709677419355,middle,DEFINED,True,1.8712254799690327,0.23792529345803565,0.13431166152242452,-0.08637765625954938,0.2479238947984824,0.2705721836567367,0.4751502251961461,0.5248497748038539,0.03853277767813381,5.135083898602096,0.3538996113774293,0,6,0.2532904613398092,5.487859531344491,0.19344391119599824,0.3764263348191108,0.372969521688851,0.36814740858029305,0.3764263348191108,0.47181069991874147,0.2506041434920382,0.16004189150096548
654,identity_02,identity_stress,16,17,32,0.5161290322580645,middle,DEFINED,True,0.7998249786050099,0.16668660551438064,-0.1768584027371591,-0.20302932276523597,0.16820698818433485,0.21001430368364146,0.48454274239589346,0.5154572576041065,0.08773698635986867,6.203985047041887,0.25064673046354163,0,8,0.1304395745548218,2.6319803457493656,0.09541617056959545,0.8730333123983017,0.0,0.0,0.8730333123983017,0.9088084323914702,0.12696668760169824,0.0911915676085299
655,identity_02,identity_stress,17,18,32,0.5483870967741935,middle,DEFINED,True,0.9062770783260091,0.38582879633781136,0.09086817657565514,0.0733738139118812,0.2046997243754234,0.29529694162829273,0.5642487586607864,0.4357512413392136,0.09504865546667167,4.052117600465633,0.38450769799503914,1,6,0.258869234481728,8.208469374201258,0.26504969280864965,0.24018710073983301,0.2630322810527495,0.2573623217825535,0.24018710073983301,0.3855143647863863,0.49678061820741737,0.3571233134310602
656,identity_02,identity_stress,18,19,32,0.5806451612903226,middle,DEFINED,True,0.3888321226242087,0.19367448392428954,0.272312244065072,-0.049608266960305486,0.29576353057946975,0.3605568146545811,0.401583616675404,0.598416383324596,-0.029999449096007796,5.385087261194831,0.33785453152578865,0,7,0.24577995998195848,6.969637852755875,0.20781305740195727,0.3542780531594357,0.13747000530967216,0.06997265671932208,0.3542780531594357,0.22763906619008697,0.508251941530892,0.7023882770905909
657,identity_02,identity_stress,19,20,32,0.6129032258064516,middle,DEFINED,True,1.3894593655037677,0.19386550557392346,0.17653522110335002,0.10513109285925454,0.1417244094011958,0.39266503870711117,0.46461273109051554,0.5353872689094845,0.07980326951678933,6.76308316512367,0.23538687279457898,0,8,0.17463606036425142,7.250750092540752,0.23742127934353757,0.4005715973713314,0.10573159290179152,0.12087299687663729,0.4005715973713314,0.42009970752833914,0.4936968097268771,0.45902729559502353
658,identity_02,identity_stress,20,21,32,0.6451612903225806,middle,DEFINED,True,0.49820533938580225,0.13613607311509016,0.3197877963725352,-0.13827994457874979,0.22892190862845274,0.2724943119036379,0.4215774946290275,0.5784225053709725,0.03518063960098597,6.768432424965449,0.2192253884811176,0,8,0.13294589173854063,4.807119524530695,0.15518749197340953,0.383314835128567,0.12270090468655769,0.13191254416954296,0.383314835128567,0.4777888485098637,0.4939842601848753,0.3902986073205934
659,identity_02,identity_stress,21,22,32,0.6774193548387096,late,DEFINED,True,0.6791154326232517,0.2659699881069127,0.1622974476133576,0.31263500176748255,0.22862085365092505,0.3915671684500375,0.37632937629912216,0.6236706237008778,0.011349422869757148,7.5889872050336615,0.15480266794634823,0,7,0.23005316731419406,7.7305908576887745,0.2579153341874032,0.46248563207024246,0.24060194016297334,0.22250626913975896,0.29691242776678406,0.26955991733947093,0.46248563207024246,0.5079338135207702
660,identity_02,identity_stress,22,23,32,0.7096774193548387,late,DEFINED,True,0.3674482589340448,0.2176742376673571,0.3509462559870903,0.07969244575995434,0.2273073470411441,0.3000255287032827,0.40359646551315637,0.5964035344868437,-0.024933025503994365,5.45690518509582,0.3425653747550275,0,7,0.2586673469638137,5.9951901317803005,0.19550737280544941,0.628184896157434,0.11408571053726729,0.14546608441874628,0.2577293933052987,0.2016865434627752,0.628184896157434,0.6528473721184784
661,identity_02,identity_stress,23,24,32,0.7419354838709677,late,INACTIVE_TARGET,True,0.0,0.17264180749840233,,,0.12665186263529307,0.1824029444838539,0.4258670659327739,0.5741329340672261,0.038358727019721546,6.724574597111926,0.18068793492564889,1,8,0.13068783707800288,3.485085615511742,0.08004132595148442,0.6258807518274089,0.0,0.0,0.3741192481725911,0.34196025189532153,0.6258807518274089,0.6580397481046785
662,identity_02,identity_stress,24,25,32,0.7741935483870968,late,INACTIVE_TARGET,True,0.0,0.31844344198994895,,,0.09294201179553964,0.17351125833662,0.5103880826731075,0.48961191732689247,0.019088418262298783,4.063300726756842,0.3894425253360953,2,8,0.13219481157305968,3.7205041125093588,0.08127953671319073,0.7516286073689469,0.0,0.0,0.2483713926310531,0.038963081676531064,0.7516286073689469,0.961036918323469
663,identity_02,identity_stress,25,26,32,0.8064516129032258,late,DEFINED,True,0.5118735700810924,0.2622071274930415,0.15664112042181988,0.16402425138497886,0.1364653701853099,0.22568717702020868,0.5235501146380825,0.47644988536191746,0.1359884989347342,6.255684368767051,0.2118267148447599,1,8,0.13522724195975916,3.934941343034877,0.09836065964782678,0.7587605458436257,0.0,0.0,0.24123945415637427,0.06929411820292301,0.7587605458436257,0.9307058817970769
664,identity_02,identity_stress,26,27,32,0.8387096774193549,late,DEFINED,True,0.2927036745562167,0.2114993186847879,-0.10063185112472689,-0.014411614970855144,0.2482456003885569,0.3444763941246778,0.45674412934596187,0.5432558706540381,0.07364774459032687,6.863523170914296,0.21113950159464864,0,7,0.23444680131143208,12.567705278350264,0.37302106146247715,0.39433412078961283,0.3642885006863944,0.4156053613960247,0.24137737852399274,0.2892390013082393,0.39433412078961283,0.29515563729573585
665,identity_02,identity_stress,27,28,32,0.8709677419354839,late,DEFINED,True,0.39903433381568815,0.15685062353777096,-0.2327272532361913,-0.21019158192880322,0.27055156568006866,0.3689795247139677,0.38609902186336875,0.6139009781366312,0.013388469769046323,7.271392647042676,0.20399799799693683,0,8,0.15210173627225748,5.854901506870446,0.18076027838853975,0.7573870980267177,0.12562120005089944,0.20399799799693683,0.11699170192238287,0.09086913797335838,0.7573870980267177,0.7051328640297048
666,identity_02,identity_stress,28,29,32,0.9032258064516129,late,DEFINED,True,0.5381644779132262,0.27821159845264937,-0.017500107683795486,-0.22045788194346203,0.3412353231412529,0.39631945433644655,0.42601856957407797,0.5739814304259221,0.047217838357010634,7.095806190266041,0.220052936858111,0,7,0.25334720554812573,8.647611630035206,0.26511982302829384,0.609476873701249,0.24875613138427466,0.22701291491110193,0.14176699491447625,0.220052936858111,0.609476873701249,0.552934148230787
667,identity_02,identity_stress,29,30,32,0.9354838709677419,late,DEFINED,True,0.5295953014166237,0.35172330049891054,-0.022219450073209707,0.21719231654832682,0.24419095294430423,0.3220213436171671,0.4868635290959412,0.5131364709040588,0.07518649542588304,5.714030195321484,0.2738165974361422,0,7,0.2439946175579298,5.5605432451829655,0.16655330244594174,0.853015180309622,0.0,0.0,0.1469848196903779,0.23636361810636877,0.853015180309622,0.7636363818936314
668,identity_02,identity_stress,30,31,32,0.967741935483871,late,DEFINED,True,0.3406063671532111,0.24731050234023216,0.408454557277922,0.5361717015352593,0.24126793508883523,0.36878395011014875,0.49105537885023853,0.5089446211497615,0.10928475640619238,6.755487269442431,0.25954914653138395,0,8,0.15276465500697065,11.01924534712897,0.3488110578473249,0.40171153896141065,0.1288558698195592,0.08478406443228284,0.4694325912190303,0.5899231530787653,0.40171153896141065,0.32529278248895194
669,identity_03,identity_stress,1,2,32,0.03225806451612903,early,DEFINED,True,0.2939198068374692,0.17405682523698746,0.4690745877803266,0.3966147318250343,0.18662350498621294,0.3077330010913665,0.5271177795279183,0.4728822204720817,0.16729143164953203,7.531617222084678,0.18749020769706165,0,8,0.14974668531296806,0.0,0.0017111679880057653,1.0,1.0,1.0,0.0,0.0,0.0,0.0
670,identity_03,identity_stress,2,3,32,0.06451612903225806,early,DEFINED,True,0.41489222933404724,0.24668621717094016,-0.24117542218160085,-0.10979555807358159,0.27216647336804844,0.3620724285701522,0.4963090274636203,0.5036909725363796,0.1268035409430297,7.305915016657328,0.2180259380806995,0,7,0.28915321189545695,1.3315550709989383,0.05296168433964951,0.8510854486995028,0.8510854486995028,0.7819740619193005,0.14891455130049736,0.2180259380806995,0.0,0.0
671,identity_03,identity_stress,3,4,32,0.0967741935483871,early,DEFINED,True,0.684626701983384,0.3326563172026299,-0.03584017684958376,-0.31355485418007534,0.2452730916641174,0.3315605178883771,0.3868029650181406,0.6131970349818594,-0.0017025846786396,6.619801880302718,0.21616801986349166,0,8,0.14873463633057113,2.586105274033764,0.08969250854709065,0.8783091753455877,0.8783091753455877,0.8479257138832937,0.12169082465441217,0.1520742861167063,0.0,0.0
672,identity_03,identity_stress,4,5,32,0.12903225806451613,early,DEFINED,True,0.36320035797946404,0.2687619046746128,0.5732651566571386,0.5116478001505744,0.1533488005050247,0.3186863167341756,0.4660765040236591,0.5339234959763409,0.08304851293948913,6.833803279874335,0.24814064914496817,0,7,0.275007762923587,5.589629451420025,0.1953918789840952,0.7749557282078844,0.7749557282078844,0.840761823371695,0.10327565190100853,0.07161584023130481,0.12176861989110704,0.08762233639700011
673,identity_03,identity_stress,5,6,32,0.16129032258064516,early,DEFINED,True,0.35699829390776644,0.2845157075225769,0.32214919979810075,0.3861169430649853,0.14856144649061956,0.23065966730350868,0.4849889325309823,0.5150110674690177,0.11544338676569933,7.385406441500583,0.17692375959923776,0,8,0.13421624484930111,4.121902870268299,0.14346074144301202,0.6280277657077425,0.6280277657077425,0.5937393978861033,0.2550670504206373,0.24477226844669503,0.11690518387162004,0.16148833366720175
674,identity_03,identity_stress,6,7,32,0.1935483870967742,early,DEFINED,True,0.4974744501648033,0.261485986205529,0.36959774477592566,0.20478747037074577,0.09743783555926817,0.2626255353398513,0.5010506363747865,0.49894936362521347,0.13113198569066453,7.24541188214161,0.2081842170609276,0,6,0.24032669514304295,3.124536250454789,0.10809968674405804,0.6148364477673167,0.6148364477673167,0.6718175753308266,0.3851635522326834,0.32818242466917313,0.0,0.0
675,identity_03,identity_stress,7,8,32,0.22580645161290322,early,DEFINED,True,0.3743873697138112,0.292698414001873,0.3020507914179466,0.18113240772990083,0.2866163612447019,0.3863210429713118,0.5185454825173416,0.48145451748265844,0.04054001580828874,4.201718845503085,0.42380109067821936,0,6,0.2803228530417634,5.745802435205812,0.18836973894701345,0.6680328401095665,0.6680328401095665,0.8030901655901128,0.10611162526050308,0.06953756297614004,0.22585553462993035,0.1273722714337469
676,identity_03,identity_stress,8,9,32,0.25806451612903225,early,DEFINED,True,0.32549604354593864,0.36482875155024963,-0.07873410344395838,-0.2193971528037853,0.10823652306282135,0.38612098546743906,0.4736814900124362,0.5263185099875638,0.08522702676172791,6.574142000076508,0.24459942473783555,0,4,0.5315530042870917,5.254905772862036,0.16589585201328266,0.6355559548087788,0.6355559548087788,0.6800665072380364,0.24411256973137224,0.24702369865566398,0.1203314754598491,0.07290979410629948
677,identity_03,identity_stress,9,10,32,0.2903225806451613,early,DEFINED,True,0.48832169874738535,0.36325172405175543,0.3379879573154724,0.11948953578049848,0.23477985194197337,0.37341769301969685,0.4277191983461376,0.5722808016538624,0.03848795921669362,6.6561006954606246,0.2202680483621378,0,7,0.2545831836741774,5.35176047506936,0.19310775642345748,0.36839373967401,0.36839373967401,0.27025244011540406,0.5194333738213055,0.5177288623527709,0.11217288650468443,0.2120186975318251
678,identity_03,identity_stress,10,11,32,0.3225806451612903,early,DEFINED,True,0.3313768096093593,0.2254338198714395,0.15947400081281085,-0.09025998895521502,0.28627383043006566,0.3627035975982582,0.4278110121829866,0.5721889878170134,0.04340228441647142,6.851438677660318,0.25430338054057594,0,7,0.24477952027685956,10.166821477969254,0.32866928124894684,0.22276690535295218,0.22276690535295218,0.23652218062266428,0.38593001422462847,0.4771026480061856,0.39130308042241935,0.2863751713711503
679,identity_03,identity_stress,11,12,32,0.3548387096774194,middle,INACTIVE_TARGET,True,0.0,0.07263985883256004,,,0.08971284292707805,0.1336622164067186,0.6164120702856154,0.3835879297143846,0.09607680923909967,3.184094698106603,0.39710805862967635,4,8,0.12878662121296353,2.127175987786277,0.06766950071496852,0.620252458864631,0.379747541135369,0.49305509527222885,0.620252458864631,0.5069449047277712,0.0,0.0
680,identity_03,identity_stress,12,13,32,0.3870967741935484,middle,DEFINED,True,0.2625173740805696,0.16728523683711063,-0.07560358347304372,0.24963555940505616,0.07444004443718319,0.2021348478965348,0.4786798222465706,0.5213201777534294,0.08161612634865444,6.225561239488203,0.23741069671400586,0,8,0.1332564012362059,3.9299188622092465,0.1261682356637851,0.4911804288972118,0.5088195711027881,0.6673730981691529,0.4911804288972118,0.3326269018308471,0.0,0.0
681,identity_03,identity_stress,13,14,32,0.41935483870967744,middle,DEFINED,True,0.3491202280691361,0.19017372392710732,0.29931488473545526,-0.03107197828024607,0.2226550214706347,0.3155324150104216,0.42450308446688323,0.5754969155331168,0.05113285678820795,7.351569345939752,0.18593634562595646,0,7,0.23482897519185458,5.102011014396512,0.17926838240652457,0.4924074780843265,0.23301878469179121,0.2218980692501505,0.4924074780843265,0.4526268300113574,0.27457373722388223,0.3254751007384921
682,identity_03,identity_stress,14,15,32,0.45161290322580644,middle,DEFINED,False,0.4671277126848692,0.20559937070844947,0.2467797822113661,0.08073771255562052,0.13811739468138737,0.46616317448175787,0.4567679350746808,0.5432320649253193,0.07343262581175397,6.85308997069575,0.23182901677245993,0,8,0.21525418177222122,5.718428923983826,0.1845841308854484,0.5203166447626137,0.18882484056913196,0.24233122700488896,0.5203166447626137,0.6126133829603698,0.2908585146682544,0.14505539003474124
683,identity_03,identity_stress,15,16,32,0.4838709677419355,middle,DEFINED,True,0.4263416370139294,0.2738128617778169,-0.35144632346183313,-0.29682017365848323,0.2685391311770277,0.366555314062132,0.41792249563055833,0.5820775043694417,0.025748745883407094,6.542530402377762,0.2547187464506389,0,8,0.1510331498601548,6.008497897496012,0.195673562670939,0.3863441003358493,0.22585965627390747,0.19369566895519402,0.3863441003358493,0.40264656825208023,0.38779624339024316,0.4036577627927258
684,identity_03,identity_stress,16,17,32,0.5161290322580645,middle,INACTIVE_TARGET,True,0.0,0.12648013231966665,,,0.12638521486080212,0.16930263365382117,0.672899659256651,0.32710034074334904,0.2488715238036169,3.6834029731196303,0.3299434183715914,3,7,0.24750901221626218,2.238702353581441,0.06889768438267055,0.8772462495930411,0.0,0.0,0.8772462495930411,0.6700565816284084,0.12275375040695888,0.3299434183715914
685,identity_03,identity_stress,17,18,32,0.5483870967741935,middle,DEFINED,True,0.45997039383191624,0.18528705793727238,-0.13480225227993525,0.2974002883761195,0.31076737093846063,0.36554297976835437,0.36320998776648544,0.6367900122335146,-0.023341520929160652,6.591019203117879,0.211261601433221,0,8,0.1425310856674207,5.163000485155811,0.15881394313531427,0.6384784900405063,0.23994459859460066,0.19600883766335248,0.6384784900405063,0.7060495773543466,0.12157691136489299,0.09794158498230095
686,identity_03,identity_stress,18,19,32,0.5806451612903226,middle,DEFINED,True,0.5852653104196838,0.21295955841220296,0.1477148316081586,-0.014465417133187245,0.2126963099527202,0.3443375650068379,0.5734533457674453,0.42654665423255467,0.17733174392747725,5.429544398552888,0.27473083740008225,2,8,0.1492932389140022,7.934789302169241,0.2562086873121891,0.1492932389140022,0.10609631360526273,0.0,0.1492932389140022,0.11795573318903727,0.7446104474807351,0.8820442668109628
687,identity_03,identity_stress,19,20,32,0.6129032258064516,middle,DEFINED,True,0.47598145082593635,0.22932406835518843,0.2187826011455906,0.2548309461111864,0.35422670773869197,0.390284044180232,0.4399203287645133,0.5600796712354867,0.04436415357221892,6.406537004077188,0.22019132039927494,1,8,0.1330538357889716,6.3450198242319145,0.2040236973982515,0.2461180204823773,0.0,0.0,0.2461180204823773,0.221667660662268,0.7538819795176227,0.778332339337732
688,identity_03,identity_stress,20,21,32,0.6451612903225806,middle,DEFINED,True,0.8022493642510359,0.3718194520242976,-0.1125502344870645,-0.007964346858550676,0.09633847784129544,0.39639092313749075,0.5772695055666728,0.4227304944333272,0.15627986488064075,4.767852055005076,0.38548390229005464,0,6,0.33821171968199515,10.88779344266894,0.3385804414501358,0.2312545927675759,0.3356262332116412,0.23761057950016945,0.2312545927675759,0.4507683603290016,0.4331191740207829,0.3116210601708289
689,identity_03,identity_stress,21,22,32,0.6774193548387096,late,INACTIVE_TARGET,True,0.0,0.18821677770677134,,,0.12665186263529307,0.17889719420183958,0.46783114241796026,0.5321688575820398,0.07050887396716929,6.265228303319759,0.18214522645287848,1,7,0.2505440895339048,2.8387547598459415,0.07691112135413056,0.6290138492719987,0.0,0.0,0.3709861507280013,0.33379671780847936,0.6290138492719987,0.6662032821915207
690,identity_03,identity_stress,22,23,32,0.7096774193548387,late,INACTIVE_TARGET,True,0.0,0.2835994598500524,,,0.08546185708439856,0.16371889940584008,0.6495846411356255,0.35041535886437447,0.04422160982597617,2.5302640499449267,0.5227827496695842,5,8,0.1319711745710475,2.5777578817844047,0.07281887687241681,0.7572181623331696,0.0,0.0,0.2427818376668304,0.0,0.7572181623331696,1.0
691,identity_03,identity_stress,23,24,32,0.7419354838709677,late,DEFINED,True,0.34576890976562297,0.1706080160985499,0.08673155828565617,0.2582458438686656,0.30795071469219654,0.38149380964784935,0.4265722811634586,0.5734277188365414,0.055424592689763894,7.464679117118055,0.1986598859168939,0,7,0.24870429801540167,5.940922922040675,0.19175457320657383,0.5078452316531358,0.24345047033146244,0.21147090528335233,0.24870429801540167,0.3062173128887479,0.5078452316531358,0.48231178182789997
692,identity_03,identity_stress,24,25,32,0.7741935483870968,late,DEFINED,True,0.5403595708997194,0.3358061367435184,0.23815731719114774,0.43169168772425465,0.17022494484795506,0.3635249212671824,0.41391934720799684,0.5860806527920032,0.021050103252997797,6.514210882372989,0.24694339339138902,0,7,0.2298005727496698,5.8563231203720445,0.19240740585898752,0.6201392927409765,0.2494661725242388,0.18957851295736575,0.1303945347347848,0.16292406009210575,0.6201392927409765,0.6474974269505285
693,identity_03,identity_stress,25,26,32,0.8064516129032258,late,DEFINED,True,0.6402564741465699,0.28580243314463777,0.4131152354289776,-0.02887448484575305,0.21343264917296279,0.34890451592297494,0.3674190221835679,0.6325809778164321,-0.053928699883084734,5.5785431144709285,0.3275387675801101,0,7,0.24815849834441978,5.051980775236855,0.1659241895700902,0.7752950907693675,0.0,0.0,0.2247049092306325,0.4960553694974583,0.7752950907693675,0.5039446305025416
694,identity_03,identity_stress,26,27,32,0.8387096774193549,late,DEFINED,True,0.8102808789234092,0.18218213427117982,0.3054127518543713,0.17638223526731858,0.17945514658486642,0.34339076446721284,0.37152495320180556,0.6284750467981944,0.009880935324934996,7.7262597027978295,0.16940705210716325,0,7,0.28695411102791013,3.0012207072698063,0.08564303135304727,1.0,0.0,0.0,0.0,0.0,1.0,1.0
695,identity_03,identity_stress,27,28,32,0.8709677419354839,late,DEFINED,True,0.45620815806624443,0.2046933595484467,0.27700559889982707,0.07125158638836852,0.23475368531770752,0.3633149629701749,0.43318295933474193,0.5668170406652581,0.05977778321752571,7.352971563674852,0.18216379506135322,0,8,0.14967800810044657,2.4096386840512496,0.06322977484628058,1.0,0.0,0.0,0.0,0.0,1.0,0.9999999999999999
696,identity_03,identity_stress,28,29,32,0.9032258064516129,late,DEFINED,True,0.382232333250673,0.3648985659151592,0.3005696743809626,0.2902485871950711,0.30998300359734177,0.3513397679126311,0.525433197291231,0.47456680270876905,0.12191655947308871,5.6957939071989045,0.29466952833883636,0,7,0.2644080247240219,6.987117432171365,0.22692534934860584,0.6307923525412955,0.11872115001781765,0.0784968550584931,0.2504864974408867,0.30474016662759884,0.6307923525412955,0.6167629783139081
697,identity_03,identity_stress,29,30,32,0.9354838709677419,late,DEFINED,True,0.48037042974672106,0.337664317859059,0.5136595006478556,0.2717936783135579,0.19247156290288292,0.31720260233273984,0.45396362774798427,0.5460363722520157,-0.0007969383880680282,4.837574225835436,0.37984152854490866,0,7,0.22556990676940653,5.525851433633165,0.15039060777132457,0.7515549914883749,0.0,0.0,0.2484450085116251,0.42782076778462796,0.7515549914883749,0.572179232215372
698,identity_03,identity_stress,30,31,32,0.967741935483871,late,DEFINED,True,0.5920521011071728,0.17232757385054015,-0.12473169633483919,-0.2942018744586751,0.28339724872410416,0.3350937862610507,0.4628874314403351,0.5371125685596649,0.08150509887316366,6.9184780617037696,0.18172343328566523,0,6,0.26083100090152106,9.439582957706328,0.287524014472224,0.37751756385058893,0.0,0.0,0.622482436149411,0.7000487182367308,0.37751756385058893,0.29995128176326924
699,identity_04,identity_stress,1,2,29,0.03571428571428571,early,DEFINED,True,0.30903068553465324,0.18332756159241925,0.4401252910354012,0.45652695547732464,0.17971734737072664,0.2909650798593176,0.5487469325935246,0.4512530674064754,0.1963471279623467,7.670194986822621,0.17081470378272154,0,8,0.14486823711615704,0.11859360641115355,0.007405344793626768,1.0,1.0,1.0000000000000002,0.0,0.0,0.0,0.0
700,identity_04,identity_stress,2,3,29,0.07142857142857142,early,DEFINED,True,0.36844606091854604,0.29675310642905056,0.31694851683637426,0.11487622599712036,0.2598636148381554,0.3206003467445067,0.4640691731571249,0.5359308268428751,0.0946761352749092,7.501602516710595,0.20371829878649406,0,8,0.14119138393324218,1.5775480845975065,0.05965689250760186,0.8787899413620921,0.8787899413620921,0.7962817012135058,0.12121005863790817,0.20371829878649406,0.0,0.0
701,identity_04,identity_stress,3,4,29,0.10714285714285714,early,DEFINED,True,0.6435276926265286,0.154240547944506,0.11269366463974904,0.24114601594613616,0.25252755198101456,0.29524245542657507,0.3565514419385517,0.6434485580614483,-0.009525350268931585,7.387440354981994,0.2038601430039984,0,7,0.24959335717819972,5.201667796340271,0.1784601634437985,0.6324680481715198,0.6324680481715198,0.6358143049166097,0.36753195182848003,0.3641856950833903,0.0,0.0
702,identity_04,identity_stress,4,5,29,0.14285714285714285,early,DEFINED,True,0.23893469036127624,0.27839529882412645,-0.064590356787806,0.12238672401746799,0.17478751049519312,0.28091564210105174,0.4640271118544674,0.5359728881455326,0.027766701136010805,5.183738643028254,0.3523546940082141,0,7,0.2645693797636747,7.470706822405699,0.23785782448611445,0.643846342321275,0.643846342321275,0.6467093617366052,0.0,0.0,0.3561536576787249,0.3532906382633948
703,identity_04,identity_stress,5,6,29,0.17857142857142858,early,DEFINED,True,0.6832160725481627,0.18626636085958434,-0.057172100232287804,0.39957033499822947,0.1891994712434808,0.264159659369304,0.4079435317780038,0.5920564682219962,0.01648761861631394,6.559797043853259,0.19154253354281986,0,8,0.1350849375004046,6.8029763662966936,0.2047079490769774,0.5230831016503362,0.5230831016503362,0.5485238282156756,0.3537291615554824,0.39778579528468044,0.12318773679418137,0.053690376499644095
704,identity_04,identity_stress,6,7,29,0.21428571428571427,early,DEFINED,True,1.1496732106026308,0.2560844463920858,-0.004564181530576046,0.06849151694347927,0.10497815694635969,0.3510734193168964,0.4030728844066455,0.5969271155933544,0.015536259429824343,6.700154853025752,0.200459842699257,0,7,0.3125369053540712,4.499554393114297,0.1504181878675398,0.5370157465976781,0.5370157465976781,0.5115455518085127,0.4629842534023219,0.4884544481914873,0.0,0.0
705,identity_04,identity_stress,7,8,29,0.25,early,DEFINED,True,0.6597061239698037,0.2243383694705602,-0.1931258362804328,0.07136645548373836,0.29421877719011236,0.33694161766426095,0.442280961380474,0.557719038619526,0.07365002399900655,7.595371914876934,0.1637341422869052,0,7,0.23506929230468349,12.044996596980429,0.38684316861635937,0.2643842340759792,0.2643842340759792,0.2942581219945032,0.24234359873055009,0.3078162515064816,0.49327216719347067,0.39792562649901514
706,identity_04,identity_stress,8,9,29,0.2857142857142857,early,DEFINED,True,0.8096665654638339,0.4179950105705128,-0.007804593876402361,0.04191910813776866,0.2138291541294446,0.33160975908886897,0.5010702577705034,0.4989297422294966,0.10217407010234379,6.029832174193147,0.251524421164259,0,8,0.15074771513070914,13.680063424328203,0.4093419018245146,0.15074771513070914,0.15074771513070914,0.068386198918637,0.11058591612418672,0.10206792424105679,0.738666368745104,0.8295458768403062
707,identity_04,identity_stress,9,10,29,0.32142857142857145,early,DEFINED,True,0.571869825399096,0.130287894162863,-0.11601930421471823,-0.16187852689218551,0.11109719999005394,0.22110028750062766,0.361379763701864,0.638620236298136,-0.004667060919113008,7.427541589757938,0.2022186173947844,0,7,0.24501752177961356,10.597125344556074,0.3190122860969843,0.0,0.0,0.0,0.5036974760829978,0.5764466147587565,0.49630252391700225,0.42355338524124353
708,identity_04,identity_stress,10,11,29,0.35714285714285715,middle,DEFINED,True,0.2072161858957678,0.2022199638400047,-0.1625173041159209,0.26203014493093835,0.26338484377494903,0.324655531628519,0.40282811881571323,0.5971718811842868,-0.016075272864131896,5.6972211601592155,0.2933103149068253,0,7,0.2431664675245668,9.241543665688294,0.3078649736098264,0.37374821009181297,0.24525821532440284,0.38145982022150227,0.37374821009181297,0.269359993815402,0.38099357458378424,0.34918018596309564
709,identity_04,identity_stress,11,12,29,0.39285714285714285,middle,DEFINED,True,0.07917980392880979,0.06410581119449077,-0.021155594121293236,,0.10109151503184562,0.13701297390366218,0.6721715599135253,0.3278284400864747,0.028649082906879047,2.2954396428440385,0.4920716870194774,3,8,0.12736567396644366,2.231298444800069,0.06279797015449072,0.7474136302711577,0.25258636972884224,0.4920716870194774,0.7474136302711577,0.5079283129805227,0.0,0.0
710,identity_04,identity_stress,12,13,29,0.42857142857142855,middle,DEFINED,True,0.20583800676776245,0.2583979942365496,0.06883732751037729,0.17008905018794343,0.09555105486511499,0.42424633634930947,0.40541617065523683,0.5945838293447632,0.01997123998675331,6.787324324966074,0.19131290084976843,0,8,0.18826201861732045,5.507734319643834,0.15826068157732898,0.4528527201122653,0.3639058692721905,0.4201468902646736,0.4528527201122653,0.3197039860900766,0.18324141061554433,0.26014912364524967
711,identity_04,identity_stress,13,14,29,0.4642857142857143,middle,DEFINED,True,0.3126288651670369,0.2710457318032162,0.11908753316232158,0.056446627973612766,0.17376426638615544,0.3149852757697585,0.47530353534459785,0.5246964646554022,0.0876051159798833,6.5968177969419335,0.22850134201767128,0,7,0.24509772967186777,6.2551722689706875,0.19321562969515044,0.38734726610867404,0.3706500519629915,0.39031422546444716,0.38734726610867404,0.24630278557412477,0.2420026819283346,0.36338298896142796
712,identity_04,identity_stress,14,15,29,0.5,middle,DEFINED,True,0.3998726005551912,0.1973093793018865,0.19163765923863538,0.1655947235071513,0.2021348478965348,0.24705529288796343,0.49968387000029546,0.5003161299997045,0.06110498017725958,4.978789105889328,0.35476139653539995,0,8,0.13166688145677055,4.556655474846854,0.18051793348542597,0.5101691561861159,0.4898308438138841,0.7325695411903821,0.5101691561861159,0.26743045880961797,0.0,0.0
713,identity_04,identity_stress,15,16,29,0.5357142857142857,middle,DEFINED,True,0.4888803452401329,0.1976486703237149,0.32348800014535295,0.010349514426799246,0.22902758535570525,0.3418466973487944,0.38798201584607733,0.6120179841539226,0.005972380766659983,6.876339813030748,0.22349228443724692,0,8,0.14870316788998691,7.168240102588463,0.2117899517914455,0.3716947202454843,0.34696770180662817,0.30287930841360733,0.3716947202454843,0.4014880939101175,0.2813375779478876,0.2956325976762752
714,identity_04,identity_stress,16,17,29,0.5714285714285714,middle,DEFINED,True,0.7401153588051117,0.3292448278023725,0.4121702654202323,0.23176239634104823,0.2928070928592599,0.3267707712283187,0.47828192702088734,0.5217180729791127,0.05983760154013286,5.56585757114554,0.33146730660878715,0,7,0.24228211837895242,6.245718521755926,0.1967508168047685,0.3717652311497628,0.37446830486652105,0.23636046867748658,0.3717652311497628,0.5595963912640528,0.25376646398371605,0.20404314005846064
715,identity_04,identity_stress,17,18,29,0.6071428571428571,middle,DEFINED,True,0.32555439792048896,0.2653799138694898,0.43313459047439795,0.4362774576349461,0.19398439198964174,0.26330265181455426,0.47149729182316347,0.5285027081768365,0.10538692514327953,7.6513160507367886,0.16516524190467155,0,7,0.25285446695302854,6.231871613424767,0.22522394319729916,0.7627165694869311,0.23728343051306883,0.1970603287077255,0.7627165694869311,0.8029396712922746,0.0,0.0
716,identity_04,identity_stress,18,19,29,0.6428571428571429,middle,DEFINED,True,0.12243477238164363,0.20024134039206237,0.5416458339957285,0.36166670603114476,0.28330761023289147,0.3311670048383045,0.49134027907807065,0.5086597209219293,0.1312771907584672,7.887579086637362,0.15440820503915467,0,6,0.38496449749527456,7.543943863193543,0.23295929297788726,0.37042847208049434,0.26227086298095814,0.26397570522952774,0.37042847208049434,0.3702012823388767,0.3673006649385476,0.3658230124315955
717,identity_04,identity_stress,19,20,29,0.6785714285714286,late,DEFINED,True,0.2470776723865494,0.22567896739780913,0.019007732430638476,-0.11793868730563511,0.12014658671138509,0.17871041068955892,0.5177926968109537,0.48220730318904625,0.0998781295872243,5.35050663891458,0.2848436962577541,1,8,0.1325059422144507,2.633048712546223,0.09158008984667529,0.2530182093214227,0.0,0.0,0.7469817906785773,0.8262552407497448,0.2530182093214227,0.17374475925025526
718,identity_04,identity_stress,20,21,29,0.7142857142857143,late,DEFINED,True,0.5041105145683009,0.302748343835743,0.3381027935968809,0.28781849703302653,0.17181810256354868,0.2660298202945043,0.5137112332923814,0.48628876670761856,0.14979387757057058,7.45106250763882,0.18474985540370864,0,7,0.2592499170412259,4.827534427474714,0.13934019348811527,0.6387634375023958,0.0,0.0,0.36123656249760416,0.30678042019065427,0.6387634375023958,0.6932195798093459
719,identity_04,identity_stress,21,22,29,0.75,late,DEFINED,True,0.09520694908177657,0.33240926288921313,0.02655859640253335,-0.11852634445111396,0.31959723358600595,0.37840675856946004,0.43054758075434435,0.5694524192456556,-0.0508575167145245,4.448474535626308,0.3795399433431285,0,7,0.25646663071996395,4.161936350036381,0.12927971203505567,0.8615139895141113,0.0,0.0,0.13848601048588868,0.058751802572274824,0.8615139895141113,0.9412481974277251
720,identity_04,identity_stress,22,23,29,0.7857142857142857,late,DEFINED,True,0.3523183271575493,0.21313125662009136,0.5319770619993942,0.34155117104762084,0.17600943824141033,0.23123848735229466,0.6001582872205876,0.3998417127794124,0.16346646026407646,4.252331315415394,0.32078035901930524,2,7,0.24830350130212003,2.64408927559162,0.10140430382655047,0.7559784931044957,0.0,0.0,0.24402150689550436,0.36879670450999447,0.7559784931044957,0.6312032954900055
721,identity_04,identity_stress,23,24,29,0.8214285714285714,late,DEFINED,True,1.031528234848168,0.3017119907354146,0.2177970794412472,0.21941347691536897,0.14855452574041703,0.22475837669546656,0.6013923136959013,0.3986076863040987,0.0451029310863192,3.0163872786323034,0.46302039540722734,4,8,0.1348212341316457,2.5211218184193416,0.09337392915913947,0.8796411929398835,0.0,0.0,0.12035880706011656,0.0,0.8796411929398835,1.0
722,identity_04,identity_stress,24,25,29,0.8571428571428571,late,DEFINED,True,0.45876819299466154,0.23597865645319288,0.4925194272973867,0.36256007238796556,0.11215975320468873,0.21333188150711566,0.517704466786251,0.48229553321374896,0.1320871598209114,6.384962987072167,0.21308314708904538,1,8,0.13665638001358602,3.9899481308526257,0.1391352723900918,0.6339360422412623,0.0,0.0,0.3660639577587375,0.19673476859448175,0.6339360422412623,0.8032652314055183
723,identity_04,identity_stress,25,26,29,0.8928571428571429,late,DEFINED,True,0.16992703535288842,0.16737116007660177,0.5104610974056676,0.3612142343681508,0.30365827303701765,0.34621797846477254,0.43019587982032637,0.5698041201796736,0.03587010800117863,6.462066455942868,0.2731304551116325,0,8,0.136069492560429,5.194737861260778,0.1558032110307474,0.8795190194987612,0.12048098050123877,0.12071822439765408,0.0,0.0,0.8795190194987612,0.8792817756023459
724,identity_04,identity_stress,26,27,29,0.9285714285714286,late,DEFINED,True,0.43057252847231897,0.2708211462345536,0.11512556280907234,0.17686201073719543,0.22742407926532202,0.2858821304328233,0.32345603756170604,0.676543962438294,-0.04691380494660567,6.908606932399916,0.23121664424543142,0,5,0.5030801386696806,6.830535612513815,0.2707471562707495,0.48742022713358996,0.11814181265447844,0.14983446369512918,0.3944379602119315,0.2763772801485437,0.48742022713358996,0.5737882561563272
725,identity_04,identity_stress,27,28,29,0.9642857142857143,late,DEFINED,True,1.6052223824775809,0.24959512598326195,0.20239146114593998,0.11252799812104836,0.178939364559956,0.2969570184213641,0.46433748265599384,0.5356625173440062,0.06692984223282658,6.275716804397171,0.26488701140734194,0,7,0.24793949507785779,4.672939333355654,0.23829529572462477,0.7267113396963898,0.0,0.0,0.2732886603036103,0.4295523146477319,0.7267113396963898,0.5704476853522682
726,identity_05,identity_stress,1,2,29,0.03571428571428571,early,DEFINED,True,0.29356107011465965,0.19222519010316372,0.21031894011673077,0.4215400668286509,0.20796091571045253,0.27023140961843123,0.576169449121914,0.42383055087808597,0.22813493158843096,7.433479907615105,0.18793135781648798,0,8,0.13471002263823834,0.0,0.0032594660684204402,1.0000000000000002,1.0000000000000002,1.0000000000000002,0.0,0.0,0.0,0.0
727,identity_05,identity_stress,2,3,29,0.07142857142857142,early,DEFINED,True,0.5752976477122821,0.27563366218101476,0.26428721699997787,0.08357605538186044,0.15872576522696838,0.3177040117031551,0.46231403251399883,0.5376859674860012,0.08478195213011085,7.097337224273002,0.217597000113923,0,7,0.23232932931220518,0.7265421491002414,0.028370645978182098,1.0,1.0,1.0,0.0,0.0,0.0,0.0
728,identity_05,identity_stress,3,4,29,0.10714285714285714,early,DEFINED,True,0.46355406471353167,0.2558312454760746,0.3253064485489076,0.17777808121004238,0.17965232296021424,0.30832831590100435,0.46507821647365266,0.5349217835263473,0.0907850739421928,7.244008917441372,0.21054556269564223,0,7,0.21291910936004776,2.8367439477221,0.08622918950946037,0.7713624968285937,0.7713624968285937,0.7659024021215601,0.22863750317140624,0.23409759787843987,0.0,0.0
729,identity_05,identity_stress,4,5,29,0.14285714285714285,early,DEFINED,True,0.7981710677769612,0.2350194266568428,0.36406985665064157,0.27123997692867474,0.26449858417933114,0.37216717829622314,0.43730988544094757,0.5626901145590524,0.06979527170106911,7.659494424075421,0.16529311953279194,0,7,0.21623587452836052,5.987709108455185,0.2000109234787261,0.7581188314094607,0.7581188314094607,0.7558361240068414,0.0,0.0,0.2418811685905392,0.24416387599315859
730,identity_05,identity_stress,5,6,29,0.17857142857142858,early,DEFINED,True,0.7071236692359529,0.1967824361261619,0.1091356571006292,-0.1253042974835497,0.28180942729800046,0.38031357686605,0.45832699152588485,0.5416730084741151,0.08057739756354952,7.100543253837887,0.20657457987812194,0,6,0.24757657886329548,10.006526838491958,0.31004194763137344,0.4015209021871316,0.4015209021871316,0.5039835636835178,0.35821113917471215,0.3211762817697047,0.24026795863815625,0.17484015454677748
731,identity_05,identity_stress,6,7,29,0.21428571428571427,early,DEFINED,True,0.08966783229819182,0.027511264607910278,-0.016346844337750147,,0.10283736189722069,0.14561023875450624,0.6941413182994122,0.30585868170058783,-0.017343908581380078,2.038046197927663,0.5218112894274668,5,8,0.12781587994838062,4.890113726869122,0.13751574320841356,0.3701090812243067,0.3701090812243067,0.5328192919172332,0.6298909187756934,0.4671807080827667,0.0,0.0
732,identity_05,identity_stress,7,8,29,0.25,early,DEFINED,True,0.3604811060272129,0.22108193294214962,0.10582701988218575,-0.18580048317575282,0.08480053150067891,0.21762102833087832,0.4918972510512799,0.5081027489487201,0.0882521492533976,5.931581318481746,0.27541734606537344,0,8,0.13519111478094994,2.7348036855623494,0.07860719434811517,0.5976855263531612,0.5976855263531612,0.7949530259344655,0.40231447364683876,0.20504697406553446,0.0,0.0
733,identity_05,identity_stress,8,9,29,0.2857142857142857,early,DEFINED,True,0.5686354209278663,0.40574839741635155,0.2499011556837067,-0.2159381751433288,0.20068329370153148,0.3046202377543955,0.5278868611359573,0.4721131388640427,0.14027910677146863,6.212510121928525,0.24558777882406832,0,6,0.2462599153833494,4.181661509925125,0.13871112099602878,0.7651543469461499,0.7651543469461499,0.7310752902957226,0.23484565305385,0.2689247097042775,0.0,0.0
734,identity_05,identity_stress,9,10,29,0.32142857142857145,early,DEFINED,True,0.46008882837940707,0.2192261706795247,-0.054504033191422926,-0.10145592263814879,0.17065611650750193,0.23465556042311667,0.48306200703497515,0.5169379929650249,0.04212475472463827,5.009175126229517,0.37392013905659593,0,6,0.36777597338757495,5.23174798736563,0.16565137998314372,0.504037731659529,0.504037731659529,0.4027757928858499,0.37178670024228616,0.5335498415754601,0.1241755680981849,0.06367436553868998
735,identity_05,identity_stress,10,11,29,0.35714285714285715,middle,DEFINED,True,0.4377351605933161,0.1867086868746312,-0.0395959335275508,0.23368315716983643,0.2020271587016947,0.32231198539074923,0.44739759957142067,0.5526024004285793,0.06538552747304707,6.9344177184322096,0.20410490470895443,0,8,0.15047206650241704,8.55118948419855,0.2669820635805145,0.26148148208053024,0.23800725899724123,0.23499521575677357,0.26148148208053024,0.1980697547714515,0.5005112589222285,0.5669350294717749
736,identity_05,identity_stress,11,12,29,0.39285714285714285,middle,DEFINED,True,0.4864147552900474,0.2470389942696466,-0.13097527783064544,-0.11328703457784355,0.2215576601550628,0.34757777452227223,0.4087481565212543,0.5912518434787457,0.024311547599739136,6.83429867356954,0.19713531195786305,0,7,0.22355388058860037,9.223774587654221,0.30803408373158714,0.35195411099453355,0.29685275797517285,0.2920506399020469,0.35195411099453355,0.3747019795428905,0.3511931310302935,0.33324738055506253
737,identity_05,identity_stress,12,13,29,0.42857142857142855,middle,DEFINED,True,0.3823307227805613,0.2621840260310666,0.45382910363054113,0.10639510515919913,0.2018699071191862,0.3346885632152082,0.4313963648722598,0.5686036351277401,0.041776268868936886,6.639275306963629,0.24131857941652907,0,7,0.21974039147104218,5.405637720936248,0.15300144949860245,0.5234112402698486,0.3296758318951592,0.35600431008199496,0.5234112402698486,0.5382106722051511,0.14691292783499224,0.10578501771285388
738,identity_05,identity_stress,13,14,29,0.4642857142857143,middle,DEFINED,True,0.440444972305283,0.24107572336960414,0.5778960793184219,0.4139297492800408,0.213829931019362,0.28787058824644657,0.470015922027921,0.529984077972079,0.09796562083600988,7.336634212402434,0.17517878724905056,0,7,0.25090038451652663,7.032962322551533,0.28115001172671017,0.26563485119649966,0.6100531312895983,0.6155073564744693,0.26563485119649966,0.2914051240559387,0.12431201751390214,0.0930875194695919
739,identity_05,identity_stress,14,15,29,0.5,middle,DEFINED,True,0.31781177177747844,0.2680060467629613,0.47824118205945954,0.15401997216980282,0.1411164420197616,0.2657738662314,0.5055290338242707,0.4944709661757293,0.1367052553959218,7.263467887021828,0.19968374884768977,0,7,0.23626414313520377,5.827841187547854,0.22800268194184803,0.3748228284978068,0.6251771715021932,0.6779862090350479,0.3748228284978068,0.3220137909649522,0.0,0.0
740,identity_05,identity_stress,15,16,29,0.5357142857142857,middle,DEFINED,True,0.27754920695006846,0.2131030395527317,0.27470207509336814,0.15014382149176203,0.3470476155362367,0.40834159502299094,0.4490285147827885,0.5509714852172115,0.07144242725518671,7.132645256413134,0.207553976261484,0,6,0.26292368707671404,6.012559427001218,0.2054029777214818,0.48563059435848743,0.1383639479658268,0.11066874767828892,0.48563059435848743,0.514610920565301,0.37600545767568583,0.3747203317564101
741,identity_05,identity_stress,16,17,29,0.5714285714285714,middle,DEFINED,True,0.07007190477865517,0.2191682158735336,-0.05221374174545945,-0.048003222134697945,0.20708885260617296,0.2719100990239275,0.40459134596675456,0.5954086540332455,0.019610078782357935,6.804290465485421,0.20759695437246725,0,7,0.263141438079016,4.3674124212221175,0.16122006982717824,0.5068893287938082,0.37100628147191567,0.4684657679510325,0.5068893287938082,0.4758408238526863,0.1221043897342761,0.055693408196281206
742,identity_05,identity_stress,17,18,29,0.6071428571428571,middle,INACTIVE_TARGET,True,0.0,0.28320913011893023,,,0.16674024727710254,0.22765459924055695,0.6254375863868962,0.37456241361310383,0.1086375340097309,3.1548785117197675,0.4910608166643655,2,8,0.1357982065174381,4.2321008322540346,0.10109693929721973,0.2608840070733943,0.0,0.0,0.2608840070733943,0.0257722784990807,0.7391159929266056,0.9742277215009193
743,identity_05,identity_stress,18,19,29,0.6428571428571429,middle,INACTIVE_TARGET,True,0.0,0.0011833321417627914,,,0.11566283446529926,0.22150941587580839,1.0,0.0,,1.0,1.0,7,8,0.1368729182970753,6.0500219689107215,0.2674044805875482,0.6292585163534994,0.24442037644753417,0.0,0.6292585163534994,1.0,0.1263211071989664,0.0
744,identity_05,identity_stress,19,20,29,0.6785714285714286,late,DEFINED,True,0.42826820282367506,0.16628797310181942,-0.04916604137692598,0.36980443032890126,0.2897401094414904,0.3541577024726156,0.3131241101923578,0.6868758898076421,-0.05106287371717331,7.048929109101326,0.2088219295107252,0,8,0.13933319201889768,7.232574133546473,0.24363200770322496,0.511482698619151,0.2337665021941891,0.2318323226118406,0.25475079918665977,0.19061489128669187,0.511482698619151,0.5775527861014674
745,identity_05,identity_stress,20,21,29,0.7142857142857143,late,DEFINED,True,0.6316147294757009,0.20963964584623263,0.2077878357560596,0.274958156873027,0.2976640834094067,0.3359386468469904,0.4908535621781602,0.5091464378218398,0.12172349076030062,7.367243005504648,0.19966479977929705,0,6,0.37448852273763555,3.9013557948825754,0.15798915728989602,0.374465039220566,0.0,0.0,0.6255349607794339,0.7173947618371129,0.374465039220566,0.2826052381628871
746,identity_05,identity_stress,21,22,29,0.75,late,DEFINED,True,0.3097695386083088,0.24961057590536798,-0.003402775202999475,-0.03419964081824006,0.2109044505323768,0.3380831337305412,0.42872618817879626,0.5712738118212037,0.06290564668801783,7.75095529639077,0.15014843497059394,0,6,0.2622156571196778,4.937155831536044,0.14118044082721065,0.771236603617086,0.0,0.0,0.22876339638291393,0.22631419345828152,0.771236603617086,0.7736858065417185
747,identity_05,identity_stress,22,23,29,0.7857142857142857,late,DEFINED,True,0.577784659241515,0.2897065146662606,0.2785433643868408,0.08800560013051771,0.16474462541525026,0.2643226683370151,0.5177963529458712,0.48220364705412877,0.13861849786713643,6.651873771103351,0.17230331790263295,1,7,0.26860403846014613,3.9634673006050773,0.11435961090075689,0.7326288004524384,0.0,0.0,0.2673711995475617,0.3147671850668856,0.7326288004524384,0.6852328149331144
748,identity_05,identity_stress,23,24,29,0.8214285714285714,late,DEFINED,True,0.5970619971800907,0.3926614267022281,0.19286529225871726,0.028588140530781132,0.28028419366898943,0.3791191359132204,0.38351773331675726,0.6164822666832428,-0.0002659374707029883,6.788284978660459,0.20247091718049545,0,6,0.2438134896185042,3.5017902868362274,0.15950127937549524,0.5290679557982408,0.0,0.0,0.47093204420175916,0.4868650983385915,0.5290679557982408,0.5131349016614086
749,identity_05,identity_stress,24,25,29,0.8571428571428571,late,DEFINED,True,0.5279263487819498,0.2842642205722677,-0.1068583025788599,0.2129324764456463,0.2915977683726108,0.34274853349097406,0.43044991905598085,0.5695500809440192,-0.027962338704031087,4.820468399664212,0.33108677464009006,0,8,0.14021104283286182,3.882833923564018,0.1496834096336893,0.7377212183744063,0.0,0.0,0.26227878162559365,0.16153044288374885,0.7377212183744063,0.8384695571162513
750,identity_05,identity_stress,25,26,29,0.8928571428571429,late,DEFINED,True,0.5504586027450663,0.2734753414775157,-0.03781626110393569,-0.030398181710029,0.25211835663739945,0.3204238765678089,0.42274100766755945,0.5772589923324405,0.04989381039900383,7.375676076030144,0.19284045680215461,0,7,0.24805895973606756,6.625068381822389,0.182440853807503,0.6362429293545384,0.11748070632866091,0.19284045680215461,0.24627636431680053,0.18514974632840026,0.6362429293545384,0.622009796869445
751,identity_05,identity_stress,26,27,29,0.9285714285714286,late,DEFINED,True,0.48685421125940787,0.38623028438744955,0.4987404060464033,0.4692441669322674,0.15722636864803813,0.3430248259551957,0.4648364476457866,0.5351635523542134,0.039282395946235,5.434214263277755,0.3445752848644099,0,8,0.15501118920247922,5.350943124556811,0.15037492978787528,0.6654024526785891,0.0,0.0,0.3345975473214109,0.5397439702080639,0.6654024526785891,0.46025602979193614
752,identity_05,identity_stress,27,28,29,0.9642857142857143,late,DEFINED,True,0.4793270573468519,0.374688670022244,0.1411740327884676,0.15234604356179138,0.28512315127203214,0.34414791072224604,0.5468847042662349,0.4531152957337651,0.03441547056833804,3.648294032043375,0.48115524625071215,0,6,0.2614132864745729,6.966031266502027,0.3079953788700859,0.5071191792408594,0.12417337007890959,0.05107400230101144,0.3687074506802311,0.24031259404536623,0.5071191792408594,0.7086134036536225
753,literal_01,literal_stable,1,2,34,0.030303030303030304,early,DEFINED,True,0.6907616755861428,0.17809154997902138,0.08715964195298277,0.1515044540185422,0.1898309044869834,0.2525868130007557,0.4586288439736245,0.5413711560263754,0.08006137041564612,7.061293869277465,0.20531491073565375,0,8,0.13252037347776705,0.12330825598630357,0.007715675399909951,0.9999999999999999,0.9999999999999999,1.0,0.0,0.0,0.0,0.0
754,literal_01,literal_stable,2,3,34,0.06060606060606061,early,DEFINED,True,0.8831053932314078,0.2272929165719812,0.19912480559839787,-0.27871139007348444,0.30086465518565353,0.3725923768797142,0.41282661351463534,0.5871733864853647,0.03314380132809534,7.0428469696987825,0.23900028783894187,0,8,0.14448242074478448,1.3786827340546863,0.048745369767480395,1.0,1.0,1.0,0.0,0.0,0.0,0.0
755,literal_01,literal_stable,3,4,34,0.09090909090909091,early,DEFINED,True,0.4802170201625153,0.3701673598794904,0.1457407040891679,-0.0016400947829514165,0.2349927438607836,0.3252286958873007,0.5047767212394505,0.4952232787605495,0.1280616881109155,6.879857205657908,0.2352785682029159,0,8,0.1486464250760975,4.084331970383301,0.1350557039626607,0.8799469582422198,0.8799469582422198,0.8739519009375665,0.12005304175778023,0.12604809906243353,0.0,0.0
756,literal_01,literal_stable,4,5,34,0.12121212121212122,early,DEFINED,True,1.505219099999806,0.2739823982265328,0.15970931234855376,0.15704230772182767,0.2526147314761578,0.34290316011975863,0.4492737487375931,0.5507262512624069,0.06748813509055886,6.940461654902328,0.2395930499145517,0,6,0.4004283019928966,5.18211332342705,0.20460694683526348,0.6300154079064636,0.6300154079064636,0.540224717160862,0.25574040558934896,0.22018223292458639,0.11424418650418748,0.2395930499145517
757,literal_01,literal_stable,5,6,34,0.15151515151515152,early,DEFINED,True,0.5161703578067157,0.24142197291301137,0.2435891237635556,0.23634103039507137,0.272557534444077,0.31722582651084613,0.39652930877163184,0.6034706912283682,0.023354455880416257,7.294875863016692,0.1803299922097965,0,7,0.2387054676179764,2.281225930928157,0.08949951283549222,0.8756817812526905,0.8756817812526905,0.8196700077902035,0.12431821874730971,0.1803299922097965,0.0,0.0
758,literal_01,literal_stable,6,7,34,0.18181818181818182,early,DEFINED,True,0.5234960511068842,0.16964716987073922,0.2771704730696936,0.11326861994654504,0.15554887590808328,0.28780287815037436,0.5041295046546722,0.4958704953453278,0.10522774732321126,6.008456902352898,0.2113233518583642,0,8,0.1440027814318098,3.1408446765200693,0.1038241996341234,0.7822949282428096,0.7822949282428096,0.8821555638453491,0.21770507175719045,0.11784443615465089,0.0,0.0
759,literal_01,literal_stable,7,8,34,0.21212121212121213,early,DEFINED,True,0.28086661833747456,0.2624714230461563,0.11490247844165931,-0.009027153046348126,0.22402131726797897,0.32226081769092474,0.44831763314139866,0.5516823668586013,0.049966543509882444,6.290689243239125,0.2559654729148766,0,8,0.13863220089851566,6.6361097685412105,0.22967776798142012,0.37052718792026756,0.37052718792026756,0.40891199035671866,0.3946912815926469,0.22484818616944865,0.23478153048708567,0.36623982347383255
760,literal_01,literal_stable,8,9,34,0.24242424242424243,early,DEFINED,True,0.6205463409966656,0.13883577826745888,-0.0682811415289359,-0.0007825072850968081,0.09028373384704051,0.1445480220707458,0.4934305266940143,0.5065694733059857,0.04380585505932023,4.788924419062343,0.31803934486850394,1,8,0.12981759720296876,2.3668378643633803,0.09719422918191495,0.5027580427635284,0.5027580427635284,0.43605542433233424,0.4972419572364716,0.5639445756676659,0.0,0.0
761,literal_01,literal_stable,9,10,34,0.2727272727272727,early,DEFINED,True,0.5123058593935864,0.1306827784524022,0.18231787791227688,-0.1972077778790677,0.07812785600052193,0.2641608147573954,0.4906588520865701,0.5093411479134299,0.07912859467477545,5.69784412552118,0.2276192751065464,1,7,0.24660052986749925,6.185044303440285,0.2111738676000331,0.3829403577544762,0.3829403577544762,0.25517018883945874,0.4057731418321894,0.3109583537694362,0.2112865004133343,0.4338714573911051
762,literal_01,literal_stable,10,11,34,0.30303030303030304,early,DEFINED,True,0.6170324654632369,0.32252467833040016,0.24554232680937538,0.10355211897616025,0.20437722652746212,0.3123445536053417,0.49231980577425793,0.5076801942257421,-0.008423687983636841,4.0207883567839104,0.45065005915054623,0,8,0.14890020571797513,7.055309165862429,0.2361274168552317,0.493331284989425,0.493331284989425,0.2816540655722928,0.27663459714210664,0.5659322610452484,0.23003411786846828,0.15241367338245895
763,literal_01,literal_stable,11,12,34,0.3333333333333333,middle,DEFINED,True,1.607557317688853,0.2577148233829759,0.2507909903281369,0.3446839949155663,0.2529872143703486,0.339462294643001,0.3677995987710354,0.6322004012289646,0.0030188264141371196,7.538170061682227,0.16217841088970808,0,6,0.263386915729114,4.514407424151935,0.16328754512529015,0.47506946151545904,0.37959592727192376,0.32050827963697914,0.47506946151545904,0.5173133094733129,0.14533461121261723,0.16217841088970808
764,literal_01,literal_stable,12,13,34,0.36363636363636365,middle,DEFINED,True,0.6315689327770915,0.22594292434287921,0.007092311086787657,0.04302652195114578,0.2449109956537675,0.30340465293272806,0.44141831238075185,0.5585816876192482,0.07279332790912511,7.59651803714989,0.18257233510275056,0,7,0.26077645341180744,5.078143503104483,0.19259907202126764,0.6364898566203769,0.2453470907833776,0.25671315039658815,0.6364898566203769,0.6099042095463041,0.11816305259624546,0.13338264005710787
765,literal_01,literal_stable,13,14,34,0.3939393939393939,middle,DEFINED,True,0.4692806062357204,0.304847900507636,-0.049086569502793186,-0.02104637079594809,0.30817723441774125,0.3409027665907048,0.43759406453231103,0.5624059354676889,0.02965018930884088,5.995795525412189,0.2530402199502104,0,6,0.37467437495590905,7.979807723784683,0.24747390082978651,0.3901058402170604,0.3674958931322676,0.22245467846876926,0.3901058402170604,0.46635597695093645,0.2423982666506719,0.31118934458029424
766,literal_01,literal_stable,14,15,34,0.42424242424242425,middle,DEFINED,True,1.0396387584815816,0.2594389683329962,0.25349032112710584,-0.12607684734356248,0.26241203106028094,0.3513411706097518,0.40377413010283847,0.5962258698971615,0.03687377056425783,7.6341782455600224,0.16870647830112653,0,8,0.1407882928560281,5.275599326884503,0.2052482448962884,0.380031860939171,0.23871038309743442,0.22305999671346252,0.380031860939171,0.36915880416155694,0.38125775596339456,0.40778119912498056
767,literal_01,literal_stable,15,16,34,0.45454545454545453,middle,DEFINED,True,0.5216479103930486,0.15438849922893577,0.08369955783580692,0.03154091441255522,0.16828496835399895,0.2821586824933068,0.43671471555805824,0.5632852844419418,0.031508211516577345,6.083050522583464,0.24821282433359423,0,8,0.14524845451543902,6.036199111133573,0.21529368358610573,0.506133804449988,0.24077280288259248,0.24440009791623818,0.506133804449988,0.32204049247656796,0.2530933926674195,0.43355940960719386
768,literal_01,literal_stable,16,17,34,0.48484848484848486,middle,DEFINED,True,0.678349720082995,0.32739611520550455,-0.0676149027622317,-0.15248672003559693,0.17254601858638194,0.3191699713336378,0.4728851204960403,0.5271148795039597,0.007223260975152213,4.587754864372499,0.38561055118244286,0,8,0.15403229827059045,6.8989438675134,0.22793602903411914,0.5218620372553839,0.22569963799871895,0.30275410721617096,0.5218620372553839,0.5638847319042046,0.2524383247458971,0.1333611608796244
769,literal_01,literal_stable,17,18,34,0.5151515151515151,middle,DEFINED,True,0.15112079790157118,0.10808126579993033,-0.2245993635403801,0.20318897072508085,0.19085307464103432,0.2198084334816467,0.4845481201700683,0.5154518798299317,-0.04557571036604692,3.7293695502146273,0.36730870351503264,1,8,0.12977367930605604,3.2403713702609243,0.1091088050164208,0.620381654447865,0.12329884906254755,0.08585467682606793,0.620381654447865,0.9004904230793402,0.2563194964895875,0.013654900094591667
770,literal_01,literal_stable,18,19,34,0.5454545454545454,middle,DEFINED,True,0.5260805953756389,0.366889177093726,0.034900059643593474,-0.08136466098420674,0.31809657896154053,0.3929835548942639,0.4612932624326296,0.5387067375673704,0.06944318170178694,6.491579380553402,0.23144464129539616,0,7,0.25925112843988884,4.840896614671616,0.12059939458377752,0.8797107207053126,0.0,0.0,0.8797107207053126,0.9421908538107341,0.12028927929468747,0.05780914618926606
771,literal_01,literal_stable,19,20,34,0.5757575757575758,middle,DEFINED,True,1.0880591452834105,0.22916916850484836,0.2189296079174496,0.03973381869615686,0.3156609631886028,0.40889357150594463,0.369541491633326,0.630458508366674,0.0007598000417081982,7.35811489721125,0.2180459213718843,0,6,0.3829845717287297,10.912490925896062,0.28379575200039636,0.5056303054928949,0.4943696945071052,0.44302514282937305,0.5056303054928949,0.556974857170627,0.0,0.0
772,literal_01,literal_stable,20,21,34,0.6060606060606061,middle,DEFINED,True,0.601797349807842,0.31759881025034165,-0.07078381755059256,0.25264821737001225,0.30455557522639176,0.35458074214036395,0.44298302892271757,0.5570169710772824,0.04616655957393002,6.356033441262595,0.23573013328810802,0,6,0.2632372461699003,6.664257860819944,0.1811773496831035,0.5026611951209621,0.0,0.0,0.5026611951209621,0.571610540195317,0.4973388048790379,0.42838945980468296
773,literal_01,literal_stable,21,22,34,0.6363636363636364,middle,DEFINED,True,0.5218893678809485,0.21245895386190075,0.046886544651918785,0.166102946316988,0.13372477040460348,0.20983440269699666,0.4436486876190759,0.5563513123809241,0.07359857681252087,7.517931050222377,0.1600489195554242,0,6,0.26342080554586966,4.799206685825738,0.10498167063572159,0.6259081580038156,0.0,0.0,0.6259081580038156,0.5776069451151227,0.3740918419961844,0.42239305488487733
774,literal_01,literal_stable,22,23,34,0.6666666666666666,late,DEFINED,True,0.5838960306947869,0.31762768223093635,0.32034521246482384,0.0854390053622833,0.2811467090480611,0.34789260149956874,0.43487224517295286,0.5651277548270471,0.02928206499177756,6.073371549895514,0.2642763992114797,0,5,0.3541018221886735,9.221181205663788,0.22651398681279494,0.11498420474491564,0.24514058723367887,0.12955741561305503,0.6398752080214056,0.7473494964591627,0.11498420474491564,0.12309308792778247
775,literal_01,literal_stable,23,24,34,0.696969696969697,late,DEFINED,True,0.7226105304095372,0.19147890321114008,0.1472632895013882,0.03494068025438119,0.32882685819128493,0.39621701469541576,0.3668119006419349,0.6331880993580651,-0.002216630476776738,7.327880460480338,0.16639397376241363,0,7,0.23254044411001262,11.57244306488871,0.3241816479932297,0.23254044411001262,0.26448336023698005,0.2686618837861719,0.5029761956530074,0.5768058183616339,0.23254044411001262,0.1545322978521941
776,literal_01,literal_stable,24,25,34,0.7272727272727273,late,DEFINED,True,1.7151372465432517,0.38232116528247384,0.032886278483969286,-0.5678732953858,0.24297506667197685,0.2970009139640612,0.49585201050058736,0.5041479894994126,0.04004709747789582,4.6639929077316875,0.3771559232848646,0,6,0.25232557371836556,4.417487649338247,0.1256286772736738,0.36920242941941805,0.0,0.0,0.630797570580582,0.49566572151298505,0.36920242941941805,0.5043342784870148
777,literal_01,literal_stable,25,26,34,0.7575757575757576,late,DEFINED,True,0.47121043262488926,0.22130692307369745,0.17865921212214622,-0.37069767119905894,0.12980724652376968,0.22076867843310893,0.4340667376240636,0.5659332623759363,0.06548435916758753,7.602040858767364,0.15507547347945988,0,7,0.25777006949052306,6.7365752636284455,0.13981345605077755,0.49488645609208554,0.0,0.0,0.5051135439079145,0.4667885393819893,0.49488645609208554,0.5332114606180107
778,literal_01,literal_stable,26,27,34,0.7878787878787878,late,DEFINED,True,1.4483801254443294,0.31331858918624594,0.219886865080072,0.016139746986131968,0.1050611425664906,0.19846450026660425,0.6313228603933515,0.3686771396066485,0.22857493733907117,4.537964881051569,0.3215662893969099,3,8,0.13450029020321835,5.891106054013172,0.10997238493056409,0.6143850976210424,0.0,0.0,0.38561490237895757,0.6976146044989262,0.6143850976210424,0.3023853955010738
779,literal_01,literal_stable,27,28,34,0.8181818181818182,late,DEFINED,True,0.45292767746933676,0.18825398233311813,0.09272011763226466,0.23891791056670314,0.34966186701859514,0.3973813020038403,0.4054539011145162,0.5945460988854838,0.004060059305162745,6.211704027807447,0.24755301405959307,0,8,0.1421097143171348,9.654967892007711,0.23948039666392335,0.4873867125088904,0.12119146869327331,0.06961118554717481,0.39142181879783633,0.49394058544507047,0.4873867125088904,0.4364482290077546
780,literal_01,literal_stable,28,29,34,0.8484848484848485,late,DEFINED,True,0.6415803181668214,0.22219529292592635,-0.037612760421717864,0.15210718204352797,0.31454614435648187,0.39498984065862636,0.37637925640828396,0.623620743591716,0.006192866480315295,7.336076605527368,0.16378376500303105,0,7,0.24552419290287475,12.001095984699989,0.2980303138331103,0.3657383924260966,0.15144931925310337,0.16366223475411024,0.48281228832080003,0.4820844249263063,0.3657383924260966,0.35425334031958355
781,literal_01,literal_stable,29,30,34,0.8787878787878788,late,DEFINED,True,0.48741984190812304,0.18873034164788483,0.5237103036456218,0.09004100439494664,0.13095234469336486,0.4205111387839159,0.4272500823842114,0.5727499176157886,0.04614511779826188,6.993198384215701,0.1749812380286524,0,8,0.17840921143049518,10.484156235099778,0.24322108434244855,0.5944703726392191,0.2587411058672815,0.40406738654528707,0.14678852149349936,0.15355472445248586,0.5944703726392191,0.4423778890022271
782,literal_01,literal_stable,30,31,34,0.9090909090909091,late,DEFINED,True,0.4455326969472139,0.17153411329398047,0.5442767907900002,0.3347000179324401,0.1189139688469867,0.2670427419394118,0.3772956400614436,0.6227043599385564,0.009948028298926376,7.477509616299134,0.18948267227857796,0,7,0.26711846875166173,12.153152795301995,0.27637118932922466,0.5337640854121031,0.11740261571055322,0.09023243944572139,0.3488332988773439,0.3977724020178806,0.5337640854121031,0.5119951585363979
783,literal_01,literal_stable,31,32,34,0.9393939393939394,late,INACTIVE_TARGET,True,0.0,0.22605550481936093,,,0.25485520964779174,0.4103484738684516,0.5179143753360892,0.4820856246639108,0.10092166183461636,5.373610585830752,0.3046359878953608,0,5,0.4075073696818481,13.812102419809989,0.3590207706825847,0.3032442582472536,0.1016492640708606,0.10747250382537686,0.5951064776818857,0.6883128361543015,0.3032442582472536,0.20421466002032157
784,literal_01,literal_stable,32,33,34,0.9696969696969697,late,DEFINED,True,0.15269279663410137,0.271437554148601,0.03423891974817681,-0.054870466245135266,0.32732038609802333,0.4177188668919946,0.43682400269887695,0.563175997301123,0.057209988199823966,7.05653569372327,0.22710355883927008,0,7,0.24031746269967624,10.949701648688052,0.2753723791903717,0.6354061933091655,0.2496039871539658,0.3462889234980548,0.11498981953686865,0.10094340749654009,0.6354061933091655,0.5527676690054051
785,literal_02,literal_stable,1,2,29,0.03571428571428571,early,DEFINED,True,0.45440848882482515,0.19160149487405226,0.07919133283389676,0.10138797976487197,0.18258901219774473,0.2541772471614389,0.4683052805362322,0.5316947194637678,0.09350307760532889,7.205470799506938,0.22346783441015297,0,8,0.13876978227352946,2.7753369606751446,0.09359918499876463,0.8804062583123292,0.8804062583123292,0.8826638679835361,0.0,0.0,0.11959374168767077,0.1173361320164638
786,literal_02,literal_stable,2,3,29,0.07142857142857142,early,DEFINED,True,1.3952074625538704,0.31460881667241963,0.27854794163589686,0.12320347547587561,0.20132373924290944,0.32819024762848115,0.3872286208353402,0.6127713791646598,-0.006281910097366314,6.44111464200769,0.2611928726292521,0,7,0.25079992662851097,3.5898422931317846,0.11898212587660474,0.8715798033673096,0.8715798033673096,0.8453469484520555,0.1284201966326905,0.15465305154794445,0.0,0.0
787,literal_02,literal_stable,3,4,29,0.10714285714285714,early,DEFINED,True,1.0489378285919242,0.19657341761389083,0.34871840389189784,0.3782982861190593,0.14528992082974693,0.2477570690550453,0.42124232063270795,0.578757679367292,0.03262381922725604,6.679793359281933,0.20060256709513483,0,5,0.36432169547634524,6.134041419484848,0.20838908356945848,0.6412094431407716,0.6412094431407716,0.5717625548117342,0.3587905568592285,0.4282374451882658,0.0,0.0
788,literal_02,literal_stable,4,5,29,0.14285714285714285,early,DEFINED,True,2.399055718881813,0.35951498667645565,0.18962863016796835,-0.018034115335493303,0.19694120962173908,0.3095781685387854,0.5057266340122176,0.4942733659877824,0.05186541471632637,4.650134490904023,0.3694668914717637,0,5,0.410675966627324,7.0911893811812785,0.2276579339358349,0.5115137887662861,0.5115137887662861,0.40967830522551063,0.3711194034231507,0.47339324244841446,0.11736680781056326,0.11692845232607503
789,literal_02,literal_stable,5,6,29,0.17857142857142858,early,DEFINED,True,0.703674945721872,0.301976709640419,0.14533728105416238,-0.11570570108809344,0.14699367479573958,0.2533528024073253,0.5106438936460579,0.4893561063539421,0.13137053236411333,6.713439465619923,0.19712887281374855,0,5,0.38477151355002936,5.9893177116075815,0.21286876134774568,0.39964286984780395,0.39964286984780395,0.41762600074411077,0.600357130152196,0.5823739992558891,0.0,0.0
790,literal_02,literal_stable,6,7,29,0.21428571428571427,early,DEFINED,True,1.742973586635251,0.42414469626289364,0.1939625704738755,0.36769484261001395,0.20449021425583694,0.37892183097146465,0.4616030163016513,0.5383969836983487,0.005694536968569108,4.794541428509905,0.3377891452838975,0,5,0.38512212961790554,6.654037740897621,0.22464856900948255,0.5120031359051324,0.5120031359051324,0.5264448048300845,0.25052272321960123,0.1408840914238969,0.23747414087526644,0.3326711037460186
791,literal_02,literal_stable,7,8,29,0.25,early,DEFINED,True,0.7997161384135094,0.18946620722623025,-0.12880343211475004,-0.09680519087199457,0.1385867867690217,0.32716536125312684,0.3768613330810565,0.6231386669189435,-0.04504997669584274,5.5862787601162225,0.2649124662274917,1,5,0.4058593853876485,9.870042711271124,0.33696381937304976,0.3979199681431311,0.3979199681431311,0.30160607643182413,0.11044739737278864,0.10268563384250148,0.4916326344840803,0.5957082897256745
792,literal_02,literal_stable,8,9,29,0.2857142857142857,early,DEFINED,True,3.2848687473269385,0.41053437583814295,-0.3195450656361853,-0.4768057719924441,0.2572699193489159,0.32191104514725366,0.4495353030447215,0.5504646969552784,-0.0011841363861777173,4.9254844408675265,0.30234010490558344,0,5,0.3869614413387429,8.335350576498339,0.26898895017762225,0.12686237870953063,0.12686237870953063,0.061782242140671954,0.4867172117330248,0.6159310286046883,0.3864204095574446,0.32228672925463986
793,literal_02,literal_stable,9,10,29,0.32142857142857145,early,DEFINED,True,1.2094314653462341,0.23576733291184074,0.4826593309859306,0.4945429640978223,0.08458545999418021,0.22348138179721486,0.43992823399867254,0.5600717660013275,0.05936230650253629,7.010552534651451,0.22888877013763678,0,6,0.27530164824479647,7.325002282713915,0.24123688497134213,0.0,0.0,0.0,0.7611815996436503,0.764827805801627,0.2388184003563496,0.2351721941983731
794,literal_02,literal_stable,10,11,29,0.35714285714285715,middle,DEFINED,True,2.2188617045731225,0.45384124022656014,0.1382185510530625,-0.12131346262370687,0.2017694768181396,0.3141322452897885,0.521028193462131,0.47897180653786897,0.12915420107348058,6.119092118643269,0.22587182534283487,0,5,0.2628964183531355,3.975316070972725,0.11018526084669389,0.7677092955756809,0.2322907044243191,0.26955793605240325,0.7677092955756809,0.7304420639475968,0.0,0.0
795,literal_02,literal_stable,11,12,29,0.39285714285714285,middle,DEFINED,True,1.0892416522116144,0.25454017026342957,0.1722793458651196,0.01628134160008701,0.13299051207753934,0.24355620386375318,0.45775688610814186,0.5422431138918582,0.061651859149332196,6.344927073513009,0.26389284604553015,0,7,0.24987806365345994,4.155960693682605,0.1354915573995202,0.6511333331868258,0.34886666681317424,0.26273022237745863,0.6511333331868258,0.7372697776225413,0.0,0.0
796,literal_02,literal_stable,12,13,29,0.42857142857142855,middle,DEFINED,True,0.40237003853545894,0.34151223147158194,0.06361673323833696,0.09403073993136893,0.2459340149197321,0.31724289156932145,0.4948629584452884,0.5051370415547116,0.04666914033100544,4.809453448795038,0.33303239995792366,0,7,0.24686784103572879,6.309515787293705,0.19255585382418083,0.6179987384044019,0.2541377058389194,0.14192830705888085,0.6179987384044019,0.7268512367197133,0.1278635557566787,0.13122045622140588
797,literal_02,literal_stable,13,14,29,0.4642857142857143,middle,DEFINED,True,0.8793551186154327,0.3185447301488784,0.23804177757829087,0.37686665522817087,0.2089798409560016,0.34395807026141495,0.39605836094557195,0.6039416390544281,-0.05244528629991851,5.028225114241778,0.30402951961686214,0,7,0.27449026044507024,6.085072548115544,0.20418368891645997,0.5026715006512857,0.25306475945511225,0.33995752742023466,0.5026715006512857,0.46917762690241926,0.244263739893602,0.19086484567734607
798,literal_02,literal_stable,14,15,29,0.5,middle,DEFINED,True,0.5312452863292301,0.2308435596358817,0.0685410358636075,0.2626753632786907,0.06464138914284026,0.2140691353778123,0.4338379345808102,0.5661620654191898,0.05909606267140919,7.287090344336062,0.1983563502540079,0,5,0.2644611016658189,5.862970270569027,0.15590228344824353,0.630790796319178,0.0,0.0,0.630790796319178,0.6458151783451853,0.3692092036808221,0.35418482165481485
799,literal_02,literal_stable,15,16,29,0.5357142857142857,middle,DEFINED,True,1.2717388559858207,0.331483917413141,0.4285339464855762,0.5911974703632308,0.06269934527400695,0.204614287419367,0.5561788934285545,0.44382110657144547,0.14613245416893636,5.231951149641113,0.3010284357276943,2,8,0.1373957526616393,5.94152210390855,0.16274947646595223,0.38766848462300185,0.0,0.0,0.38766848462300185,0.4525016639671798,0.6123315153769981,0.5474983360328202
800,literal_02,literal_stable,16,17,29,0.5714285714285714,middle,DEFINED,True,0.599179778906199,0.26922800211582415,-0.06823248642246159,0.13040508383744204,0.29484504587296434,0.3343955086121158,0.48357227837650735,0.5164277216234927,0.0683054305954073,5.628325737521422,0.31650394519728925,0,6,0.2542298244742378,4.832853478754133,0.1358698454927925,0.5009175155203073,0.1255926102368055,0.1101567913226209,0.5009175155203073,0.6484881208656391,0.3734898742428872,0.24135508781174
801,literal_02,literal_stable,17,18,29,0.6071428571428571,middle,DEFINED,True,0.7091868815912767,0.17946378720352535,0.20347747684302295,0.1822060139037845,0.19338370092084012,0.23460834322330193,0.3697795922345454,0.6302204077654546,-0.003641253227599157,7.149552087099663,0.19235646439319165,0,6,0.2607007734622088,3.114059662273432,0.12112877063251265,0.6221741737963395,0.0,0.0,0.6221741737963395,0.7366621334502464,0.3778258262036605,0.26333786654975366
802,literal_02,literal_stable,18,19,29,0.6428571428571429,middle,DEFINED,True,0.9790619982048294,0.1862488824008425,0.25686340104689676,0.15357989985871318,0.3075945857207069,0.3609104843461133,0.406517367356311,0.5934826326436891,0.026315444869312112,7.007903211231655,0.23321626639860873,0,8,0.13920316328947005,6.886793650319266,0.24203215207947992,0.11726332302301466,0.3763436264020304,0.2872784918473757,0.11726332302301466,0.13515735892207012,0.506393050574955,0.5775641492305542
803,literal_02,literal_stable,19,20,29,0.6785714285714286,late,DEFINED,True,0.40458739135917493,0.20372829541034343,0.1429196718952785,0.17897629398179823,0.2742519511493829,0.31631839295989767,0.420639434269266,0.579360565730734,0.002038471163176009,5.705928405656455,0.3249445866079799,0,5,0.25711802035986836,4.114363886502046,0.1722271609201495,0.38351006620389394,0.11657333449195445,0.04517954334028328,0.49991659930415155,0.6598592916049124,0.38351006620389394,0.2949611650548043
804,literal_02,literal_stable,20,21,29,0.7142857142857143,late,DEFINED,True,0.8057346440262176,0.26930696826442707,0.3209136251998303,0.34493478507814707,0.21693617243135277,0.3422632461994643,0.4204219988082287,0.5795780011917713,0.04432181741133667,7.2163232697111965,0.19541264423732255,0,8,0.1559594552729582,4.192692277809565,0.14478552709079384,0.643889340381104,0.0,0.0,0.3561106596188958,0.4518210577713866,0.643889340381104,0.5481789422286134
805,literal_02,literal_stable,21,22,29,0.75,late,DEFINED,True,0.4514756646695069,0.20652775149597324,0.5810340666804241,-0.2110210400318953,0.2522959662433043,0.32166647099987805,0.46769318869235793,0.5323068113076421,0.07722160271245485,6.520696297267034,0.2258874306519325,0,8,0.14089075448021807,6.29802236096081,0.21027784210662515,0.39236801988614817,0.0,0.0,0.6076319801138519,0.6349919825374846,0.39236801988614817,0.3650080174625153
806,literal_02,literal_stable,22,23,29,0.7857142857142857,late,DEFINED,True,0.4035386212202666,0.3003694345273145,0.07795424648613003,-0.060350899215551285,0.2271907402523863,0.40489339431427346,0.4256797391808693,0.5743202608191307,0.03126819011655987,6.461009673062048,0.2505524938422227,0,7,0.28329301974080157,7.79628553604072,0.2305330510016468,0.6635639635096114,0.1008682270655889,0.08924469724920567,0.2355678094247997,0.17630700467454263,0.6635639635096114,0.7344482980762516
807,literal_02,literal_stable,23,24,29,0.8214285714285714,late,DEFINED,True,0.2820760823496524,0.19227411387193527,0.2236066057600041,-0.20618966167163924,0.33312442743517284,0.36740897174872456,0.4167011598170392,0.5832988401829609,0.0371009241870732,7.052194263180552,0.19201408684107799,0,7,0.24876806910035149,5.044364470423998,0.1621046881550489,0.6301333095331954,0.0,0.0,0.36986669046680454,0.2971217935350225,0.6301333095331954,0.7028782064649775
808,literal_02,literal_stable,24,25,29,0.8571428571428571,late,DEFINED,True,0.2752095507128323,0.22577715876608156,-0.11949294010859275,0.09004100439494664,0.13095234469336486,0.4050463357713111,0.49116367252238363,0.5088363274776164,0.11122415363660929,6.83581183862165,0.18991638244819198,0,8,0.17910717756408975,7.166330557263224,0.22159327606388624,0.5895644907811709,0.27253119048026986,0.40761790222721805,0.1379043187385593,0.13862921356673794,0.5895644907811709,0.453752884206044
809,literal_02,literal_stable,25,26,29,0.8928571428571429,late,DEFINED,False,0.5074144940743405,0.26650814811887447,-0.08741692916405719,-0.0971109664085912,0.2290277373379515,0.4418500945204815,0.48045959827153667,0.5195404017284633,-0.012864601643491761,4.156091719270532,0.4325364785511312,0,8,0.18681408809777528,4.031482434423637,0.1494999133000591,0.865867183584996,0.13413281641500396,0.10404633623776492,0.0,0.0,0.865867183584996,0.8959536637622352
810,literal_02,literal_stable,26,27,29,0.9285714285714286,late,DEFINED,True,0.535330309868992,0.23593200071857445,0.3222945860405498,0.10140915768652628,0.18582820165182454,0.37505336393364574,0.35330729309899267,0.6466927069010073,-0.06201908152764724,5.683953928065622,0.28493673573116457,1,7,0.3044511516673613,4.784538121488502,0.16846581126448623,0.7749058521179435,0.0,0.0,0.22509414788205656,0.22700000222318203,0.7749058521179435,0.7729999977768178
811,literal_02,literal_stable,27,28,29,0.9642857142857143,late,DEFINED,True,0.21552212581840346,0.1929621207028314,0.020577320652109574,0.11399114529691051,0.2462776597213445,0.32202500121466454,0.5188545283227968,0.48114547167720323,0.11375167930354124,5.700873351835367,0.30541739521535644,0,7,0.25609785732612805,8.02892048563182,0.30119163710819463,0.6027243777916645,0.12344927951963501,0.14886437950689219,0.27382634268870043,0.4118585853048105,0.6027243777916645,0.4392770351882973
812,literal_03,literal_stable,1,2,28,0.037037037037037035,early,DEFINED,True,0.40369075882734223,0.18944765962509796,0.31757189119640933,0.2429520832235708,0.15185967652041804,0.26774643782398283,0.48191396444841245,0.5180860355515875,0.10761013254116979,7.160259658483915,0.20742695497405061,0,8,0.14924586980547183,0.6081127200178053,0.021588665565367655,1.0,1.0,0.9999999999999999,0.0,0.0,0.0,0.0
813,literal_03,literal_stable,2,3,28,0.07407407407407407,early,DEFINED,True,0.38454775343566067,0.3898633350915993,0.5287874279539094,0.38027831673232587,0.2568950443181453,0.3460181220708289,0.4462290947409872,0.5537709052590127,0.04245046408333344,6.111890579358605,0.24808294509775952,0,8,0.1406149811405319,1.9799106305051966,0.061378477021146245,0.8651704911683675,0.8651704911683675,0.7519170549022405,0.13482950883163242,0.24808294509775952,0.0,0.0
814,literal_03,literal_stable,3,4,28,0.1111111111111111,early,DEFINED,True,0.08645990445771552,0.24383961882400076,0.22811947266685817,0.12652432908288874,0.2235357340713704,0.2886786231447048,0.4746976200242518,0.5253023799757481,0.07416298194438023,6.124279449701173,0.2706308496837376,0,8,0.13313144899027474,2.846950818320074,0.08321373978902191,0.8866568161879598,0.8866568161879598,0.9734163488639578,0.1133431838120401,0.02658365113604235,0.0,0.0
815,literal_03,literal_stable,4,5,28,0.14814814814814814,early,DEFINED,True,0.31272610047623395,0.4988387918881909,0.04037578533183525,-0.018034115335493303,0.19694120962173908,0.3275666792817256,0.5367401340145472,0.46325986598545277,0.051035825487501116,4.0031536702790556,0.4128257695750224,0,7,0.2899298157691658,6.120894711558119,0.20017530253299332,0.5139904045210826,0.5139904045210826,0.7174441743989559,0.4860095954789175,0.28255582560104403,0.0,0.0
816,literal_03,literal_stable,5,6,28,0.18518518518518517,early,DEFINED,True,1.1810547618267069,0.40487746735603436,0.11331968582653225,0.05424650546681891,0.19231759646857613,0.288645184722867,0.46841462972654657,0.5315853702734534,-0.0013222997584400218,4.536318538528198,0.35002976569560906,0,5,0.38551665126111156,5.358039319140541,0.17212658652318344,0.7583134125514275,0.7583134125514275,0.6362421865312189,0.1231703690431005,0.2666485388338898,0.11851621840547197,0.0971092746348912
817,literal_03,literal_stable,6,7,28,0.2222222222222222,early,DEFINED,True,0.15531680364949396,0.2512922599964729,0.22490453494866636,-0.11570570108809344,0.14699367479573958,0.24943548641812016,0.5097977430445352,0.4902022569554648,0.08411806829833232,5.210515932144705,0.25621295280195744,1,7,0.2515975598607527,4.959974152423374,0.15442161273037358,0.5152055741968461,0.5152055741968461,0.8357184106029698,0.4847944258031539,0.16428158939703014,0.0,0.0
818,literal_03,literal_stable,7,8,28,0.25925925925925924,early,DEFINED,True,1.8164835835155588,0.381756496984385,0.20598089941599487,0.36769484261001395,0.20449021425583694,0.32361891952103555,0.31883247421752875,0.6811675257824712,-0.07632366993938253,6.047515868959122,0.22405457567548007,0,6,0.3903596420890633,4.385938341315954,0.13728786286121308,0.5336509827443401,0.5336509827443401,0.4497616671547989,0.34794312355197665,0.37044390701661045,0.11840589370368333,0.1797944258285906
819,literal_03,literal_stable,8,9,28,0.2962962962962963,early,DEFINED,True,0.5259138066449508,0.33342495227719254,0.12510149868102616,-0.09680519087199457,0.1385867867690217,0.29376183634075115,0.44563250248246933,0.5543674975175307,0.06396293896691108,6.952901476014079,0.18772879985957433,0,5,0.4095582859561274,6.267040382719517,0.19436315273127486,0.40623498151637427,0.40623498151637427,0.41832536163185036,0.4766438165460282,0.4899881550126498,0.1171212019375975,0.09168648335549999
820,literal_03,literal_stable,9,10,28,0.3333333333333333,middle,DEFINED,True,0.21282658061528978,0.45745629791668924,0.231991392456659,0.014117492172404553,0.24516200716594666,0.2850917964044326,0.40219832394180793,0.5978016760581921,-0.1188032611271026,3.9876544513140066,0.3613472571384654,0,7,0.25295707987202015,4.32906418900955,0.12769550180028194,0.4873885477590831,0.5126114522409169,0.7212974432814541,0.4873885477590831,0.2787025567185458,0.0,0.0
821,literal_03,literal_stable,10,11,28,0.37037037037037035,middle,DEFINED,True,0.8551875471638957,0.3308811729010249,0.48606735383050076,0.4945429640978223,0.08458545999418021,0.22577800721580385,0.5238108306910558,0.47618916930894417,0.13843142421748753,6.33756256712066,0.27609220010508334,0,5,0.3950379201210575,5.7250659215138,0.18127491478316785,0.49829871962330674,0.38376588428018216,0.5567217478762982,0.49829871962330674,0.33537047759515615,0.11793539609651117,0.10790777452854565
822,literal_03,literal_stable,11,12,28,0.4074074074074074,middle,DEFINED,True,1.3870592143014582,0.4083815017238691,0.2503144194324084,0.1349749854506057,0.21445031690809815,0.3075925282452616,0.5007515577848963,0.49924844221510367,0.04589290534475262,4.657379381444598,0.3799937812993219,0,6,0.2615251357347762,4.560982034773394,0.111274478705864,0.7660001175296065,0.1162921974108729,0.043766619124023964,0.7660001175296065,0.871958802444712,0.11770768505952042,0.08427457843126401
823,literal_03,literal_stable,12,13,28,0.4444444444444444,middle,DEFINED,True,0.7690860958932824,0.2320666923179392,-0.01402527495715349,0.21741966603543025,0.1341758034794289,0.23363047119385882,0.3779255499295182,0.6220744500704818,-0.023013346609398716,6.168636994262955,0.24464598552394293,0,6,0.2535306222685859,4.900660190079506,0.1344031500791913,0.7651006481778608,0.11624696286031212,0.06572176055285954,0.7651006481778608,0.8656913058920288,0.11865238896182712,0.06858693355511152
824,literal_03,literal_stable,13,14,28,0.48148148148148145,middle,DEFINED,True,1.5519583637507315,0.39307450763984425,0.11326962690219046,0.37686665522817087,0.2089798409560016,0.38953040084379564,0.4603693650591526,0.5396306349408474,-0.006270193512635216,4.611472990105535,0.31620266455962903,0,6,0.39013661947116113,5.170784536148137,0.16041186569594568,0.5240289340457953,0.375182972582041,0.6607249609560729,0.5240289340457953,0.31784580218178177,0.10078809337216381,0.021429236862145245
825,literal_03,literal_stable,14,15,28,0.5185185185185185,middle,DEFINED,True,0.5681730728676752,0.26954492338887553,0.15232167918417924,0.2626753632786907,0.06464138914284026,0.21967867919994505,0.46914078420449534,0.5308592157955047,0.0782432156502924,6.498115584675841,0.27040034559522197,0,5,0.2702074645587573,5.946493600220125,0.15437590633557735,0.5087851114992737,0.1284558674716215,0.27040034559522197,0.5087851114992737,0.4073329703332084,0.3627590210291047,0.3222666840715695
826,literal_03,literal_stable,15,16,28,0.5555555555555556,middle,DEFINED,True,0.7798356169388152,0.37990352779632386,0.43959167228993795,0.5911974703632308,0.06269934527400695,0.198158276825186,0.5695725926375127,0.4304274073624873,0.1581672725736494,5.0637875208969065,0.2727901412095224,2,8,0.1369651870424736,5.932885490877129,0.1499151450553495,0.3902752147218278,0.0,0.0,0.3902752147218278,0.507747487639873,0.6097247852781722,0.4922525123601271
827,literal_03,literal_stable,16,17,28,0.5925925925925926,middle,DEFINED,True,0.7044600293790768,0.23188685334307504,0.0906903157238092,-0.12141290146087352,0.2497065895584647,0.3214377658283648,0.4006402441264315,0.5993597558735685,0.01539743940012097,6.784973542081958,0.21811454648019957,0,8,0.138866707656115,4.4018027371784525,0.13309466363500655,0.3588905821044638,0.0,0.0,0.3588905821044638,0.5108892117227828,0.6411094178955361,0.48911078827721727
828,literal_03,literal_stable,17,18,28,0.6296296296296297,middle,DEFINED,True,0.45242468986428974,0.14519726534649363,0.03382991358921165,-0.20103286070418355,0.1560184228876538,0.21436195372392572,0.3726836327576001,0.6273163672423999,-0.004848720758291556,6.990650212215226,0.23253319443652345,0,6,0.24657089409860042,7.320126376766424,0.24933422055551757,0.24408940829604803,0.3643848792143791,0.303678101519939,0.24408940829604803,0.3936938888962038,0.3915257124895728,0.30262800958385716
829,literal_03,literal_stable,18,19,28,0.6666666666666666,late,DEFINED,True,0.9115364272929548,0.2683675349157862,0.1251395553401144,0.11238203161834345,0.17742862982675134,0.28091564210105174,0.5225692468990266,0.4774307531009734,0.07967705196067322,4.758611669059302,0.38560907335869765,0,8,0.14696133539051623,5.868020759120565,0.2004339846344522,0.5113690763706923,0.35469611820197383,0.5411438977315329,0.13393480542733396,0.08056086370107648,0.5113690763706923,0.37829523856739045
830,literal_03,literal_stable,19,20,28,0.7037037037037037,late,DEFINED,True,0.5424481868776181,0.22671493549323388,0.32473337223482046,0.11551759688890238,0.12788256662544958,0.28681907249608146,0.46445791888635074,0.5355420811136493,0.09400515548015309,7.4435145968076615,0.19939453836065935,0,7,0.24761346617443136,8.266396038553905,0.23159870362229643,0.6373817544424877,0.24026028967451746,0.24016253413552097,0.122357955882995,0.14311001114230462,0.6373817544424877,0.6167274547221744
831,literal_03,literal_stable,20,21,28,0.7407407407407407,late,DEFINED,True,0.6683303222595222,0.40099852858981444,0.15291702426127454,0.07670794542050505,0.2989351338931922,0.37727750888750283,0.3814063157459943,0.6185936842540056,-0.01512450324529457,6.321010787660691,0.2078744505388741,0,5,0.27584263895636496,7.790918829245303,0.20221996152691607,0.7640252630946626,0.2359747369053374,0.27195239314953906,0.0,0.0,0.7640252630946626,0.7280476068504609
832,literal_03,literal_stable,21,22,28,0.7777777777777778,late,DEFINED,True,0.7481831099259277,0.21456971767874286,-0.23448258630516902,-0.09364433782378316,0.19764674146767983,0.2656119500520213,0.33839740677581814,0.6616025932241818,-0.051086022769641005,6.347182751719264,0.23305866275999867,0,6,0.2649767403453087,5.030256981598773,0.11111762330449203,0.8691533866493807,0.0,0.0,0.1308466133506195,0.1540211055756568,0.8691533866493807,0.8459788944243433
833,literal_03,literal_stable,22,23,28,0.8148148148148148,late,DEFINED,True,1.2808779742662353,0.493704355607517,-0.10986563288628451,-0.2512553209105584,0.25953808629190067,0.36325823103937754,0.46716679189278504,0.5328332081072149,-0.0829387763573827,3.5956101866324794,0.4325751049674819,0,7,0.23519875590335781,5.548958528809349,0.1929750488710042,0.6090676784409218,0.13916771465157984,0.4325751049674819,0.25176460690749836,0.3304946761615824,0.6090676784409218,0.2369302188709357
834,literal_03,literal_stable,23,24,28,0.8518518518518519,late,DEFINED,True,0.5214292552333952,0.25857728327964963,-0.1047356712592011,0.1607203494924239,0.24901648297359802,0.3382846709835793,0.35742606043179065,0.6425739395682093,-0.009047502736022802,7.376030172921014,0.18122482220294767,0,7,0.2561628780077042,4.83753626981271,0.12182899530519745,0.7643359534124745,0.11761286679939081,0.11535897550876509,0.11805117978813467,0.18122482220294767,0.7643359534124745,0.7034162022882873
835,literal_03,literal_stable,24,25,28,0.8888888888888888,late,DEFINED,True,0.5108771609067013,0.181121281346985,0.19070737269458699,-0.30958253191923796,0.1815820337965463,0.2535251533685049,0.4698687657047105,0.5301312342952895,0.0892825904190127,6.925920183059194,0.24708715406642584,0,7,0.246684058661909,6.90033324967892,0.3187409632516368,0.5091192331449885,0.24175319109227575,0.25366636755919,0.24912757576273578,0.3555316389744728,0.5091192331449885,0.3908019934663373
836,literal_03,literal_stable,25,26,28,0.9259259259259259,late,DEFINED,True,0.8888609141904931,0.1684326001627296,0.3349126128593245,0.2725885900989413,0.28710108350656366,0.3248280716549669,0.3801003802878603,0.6198996197121397,0.0011683739267326684,6.969828255489989,0.23833637516060466,0,7,0.2534644105010559,10.065858077455632,0.35172899994671086,0.25765682663985745,0.12980707137660777,0.10463144221369143,0.6125361019835348,0.6695429522656462,0.25765682663985745,0.22582560552066255
837,literal_03,literal_stable,26,27,28,0.9629629629629629,late,DEFINED,True,0.43081633500746275,0.21207592215584747,0.06817740158918037,0.17569315812922703,0.2852740086960923,0.383059732512957,0.43775145666293086,0.5622485433370692,0.05589549570421468,6.955710947084313,0.19984782639499124,0,8,0.151518743055426,5.241143343039553,0.20468162030198098,0.7378873944070157,0.11059386253755843,0.19984782639499124,0.151518743055426,0.17060219027065399,0.7378873944070157,0.6295499833343549
838,literal_04,literal_stable,1,2,26,0.04,early,DEFINED,True,0.4084742920762056,0.1763939288345773,0.033268604682123705,-0.2831963785462086,0.2538769221492159,0.30616403978161083,0.38518125181880714,0.6148187481811929,0.019363777180185296,7.60178288843001,0.17028074698722676,0,7,0.252024411484419,2.964760163846206,0.09178312365413721,1.0,1.0,1.0,0.0,0.0,0.0,0.0
839,literal_04,literal_stable,2,3,26,0.08,early,DEFINED,True,0.37182881381003496,0.25610547813059203,0.032684622388056826,-0.11147742053084392,0.24209087151449896,0.4147085073776214,0.42165565177766995,0.57834434822233,0.04498607419487085,7.190968437537476,0.17146319968660717,0,8,0.1807318980914378,7.429328787679747,0.233943960457837,0.5528583238312202,0.5528583238312202,0.6699429275066316,0.1807318980914378,0.10163877814017405,0.26640977807734195,0.22841829435319427
840,literal_04,literal_stable,3,4,26,0.12,early,DEFINED,True,0.47237054061105527,0.4539166048207522,-0.21145318009164535,-0.0016400947829514165,0.2349927438607836,0.38036499438666155,0.5140263982443748,0.4859736017556252,0.13759880158051535,6.810706552769894,0.23436775622114647,0,8,0.17152944748678722,4.851597520465412,0.15959618975009415,0.7700878589679195,0.7700878589679195,0.6684805495178147,0.11142408857889037,0.09715169426103905,0.11848805245319016,0.23436775622114647
841,literal_04,literal_stable,4,5,26,0.16,early,DEFINED,True,0.9505063311724031,0.25444560947110056,0.2629183672566321,0.020763976727033097,0.2607361559911296,0.321624841644878,0.34331017501451383,0.6566898249854862,-0.08163362792701948,5.421844628974515,0.31149308865618003,0,7,0.26946396991929145,5.228369925891037,0.15443844289097564,0.5202408598177919,0.5202408598177919,0.40914565291840055,0.47975914018220805,0.5908543470815997,0.0,0.0
842,literal_04,literal_stable,5,6,26,0.2,early,DEFINED,True,0.6064263856484342,0.3601822092659332,0.22181129597956123,0.15704230772182767,0.2526147314761578,0.3595470723068447,0.45280142989135586,0.5471985701086441,0.0420287610375558,5.877110685048913,0.2932225643032835,0,8,0.15495733365404576,4.6795219325197115,0.13005807842467199,0.7668404829001317,0.7668404829001317,0.728789488880307,0.11368678932291439,0.07911994456287813,0.11947272777695393,0.19209056655681492
843,literal_04,literal_stable,6,7,26,0.24,early,DEFINED,True,0.9728311912801101,0.16276885582901085,0.3479292046903168,0.27294354874746607,0.19317028612891868,0.2775974924880623,0.35089942916389033,0.6491005708361097,-0.056032116688417906,5.894268962476436,0.21311801747656192,0,8,0.14174187689040868,3.4556854838469366,0.11226220319178494,0.7618820662094938,0.7618820662094938,0.9439535885892165,0.23811793379050591,0.05604641141078351,0.0,0.0
844,literal_04,literal_stable,7,8,26,0.28,early,DEFINED,True,0.49138999917408194,0.4201712105090546,0.06491245943420115,0.053636122336907004,0.281302065957604,0.365948038728006,0.4292742899771035,0.5707257100228965,0.004708922826203782,5.542712989898339,0.2711373459799817,0,7,0.2567735332730806,3.3747772922060495,0.11756922673567077,0.8805709621683377,0.8805709621683377,0.9614994071034886,0.11942903783166224,0.03850059289651118,0.0,0.0
845,literal_04,literal_stable,8,9,26,0.32,early,DEFINED,True,0.42464307984660205,0.29661975786360856,0.14471203477840378,0.09616171412484427,0.29941177105908645,0.40279922665377954,0.3801702210264672,0.6198297789735328,0.01241909507002508,7.475426903403016,0.17970840864435556,0,7,0.21903162010706434,11.241787195921072,0.3169561140491048,0.2274611106182581,0.2274611106182581,0.21918928012580396,0.2522247518950738,0.34183836897131203,0.5203141374866681,0.438972350902884
846,literal_04,literal_stable,9,10,26,0.36,middle,DEFINED,True,0.5153392371807992,0.36909918349391924,0.037280899136209904,0.04924421134077305,0.2542776863861358,0.3644237431998187,0.4133696420812707,0.5866303579187293,-0.007523076428988974,5.647628834908507,0.2668938111608951,0,6,0.4152051449785045,6.0101572692948775,0.2013175713104845,0.2571744987551376,0.6196858047554412,0.5027116115063369,0.2571744987551376,0.3976336716915334,0.12313969648942118,0.09965471680212974
847,literal_04,literal_stable,10,11,26,0.4,middle,DEFINED,True,0.5375674086130918,0.30884693506290195,-0.054218360695872,-0.27025828602281315,0.2384690668069522,0.35549473566833567,0.35336346356162296,0.646636536438377,-0.07460187314118263,5.387350208547413,0.30672643469801564,0,8,0.15792714018113901,4.963155992622916,0.18517704947750588,0.2729972752829192,0.6120784597162111,0.4517250081521138,0.2729972752829192,0.38010759248513093,0.11492426500086973,0.16816739936275524
848,literal_04,literal_stable,11,12,26,0.44,middle,DEFINED,True,0.4443642089688828,0.21384306020535127,0.2818878235340396,0.12854883664651792,0.19100666932208224,0.2210819346914407,0.5083222090040407,0.4916777909959593,0.08072376696821937,5.174132534109671,0.2515448443804557,1,6,0.2502251254134085,4.904234880392389,0.12589086133986102,0.7573353426827367,0.12105918670518055,0.21441795618320061,0.7573353426827367,0.6209669933798468,0.12160547061208261,0.1646150504369524
849,literal_04,literal_stable,12,13,26,0.48,middle,DEFINED,True,0.6401422829486505,0.2751243886481249,0.28728093466983057,,0.17330400385476463,0.2093532230437796,0.5629062141555234,0.43709378584447656,0.1393216832834031,4.847752426093298,0.3191858910664932,2,8,0.12987383577858996,6.868723808517545,0.17716499571711386,0.3735491263699374,0.0,0.0,0.3735491263699374,0.6883805804963083,0.6264508736300627,0.31161941950369165
850,literal_04,literal_stable,13,14,26,0.52,middle,DEFINED,True,0.650006730263425,0.15740025787262443,0.2606937702991981,0.3912966650314359,0.21632653069431942,0.3919725035065486,0.37137447758768916,0.6286255224123108,-0.004073531598206976,7.071312144986923,0.20598931745563834,0,6,0.25795181850571025,8.21096972080267,0.22382499096032837,0.20976755496104757,0.10433101937517217,0.14371233799564964,0.20976755496104757,0.14505321775535718,0.6859014256637802,0.7112344442489931
851,literal_04,literal_stable,14,15,26,0.56,middle,DEFINED,True,0.5906729193671167,0.17465753506520706,-0.021360793978558744,0.032051674619459763,0.14249659212806867,0.26127029554090714,0.36986680593713445,0.6301331940628656,0.004720278836160075,7.535363907221968,0.1926221795155975,0,7,0.25024064848687777,7.2717977296197125,0.21852749962646784,0.368625839631039,0.12073302602283992,0.14621142091321074,0.368625839631039,0.44545113149371174,0.510641134346121,0.40833744759307755
852,literal_04,literal_stable,15,16,26,0.6,middle,DEFINED,True,0.8274699773876353,0.22351136417988032,0.16376958088606478,0.11399114529691051,0.2462776597213445,0.3232574742849767,0.44055111211380865,0.5594488878861914,0.03235949946239412,5.983217289492953,0.2868378401185423,0,7,0.2670059979230572,8.766493503263892,0.33601640870858435,0.2399218977733496,0.3703071510237766,0.5544033130999452,0.2399218977733496,0.11101736263396536,0.38977095120287375,0.3345793242660894
853,literal_04,literal_stable,16,17,26,0.64,middle,DEFINED,True,0.4620943493382131,0.24293175598632452,0.29778964048746337,0.44108644195158037,0.2400021866134319,0.3406510941099388,0.4746239619649938,0.5253760380350062,0.07150056933622238,6.0383398399742845,0.2317632506026341,0,8,0.1385913333182301,9.249785742118505,0.2811100787501588,0.0,0.39190288304209386,0.5296265455915984,0.0,0.0,0.6080971169579061,0.4703734544084017
854,literal_04,literal_stable,17,18,26,0.68,late,DEFINED,True,0.570919698670252,0.1816346040293335,0.2504619593263644,0.3347000179324401,0.1189139688469867,0.2686245498554335,0.4349925101295169,0.5650074898704831,0.06788589712552995,7.682306360507407,0.16091811879283963,0,7,0.22822237761667724,8.30941098061649,0.26371358116844723,0.5183413422920249,0.24690512104478812,0.18619642732307184,0.23475353666318705,0.27146029480744027,0.5183413422920249,0.5423432778694879
855,literal_04,literal_stable,18,19,26,0.72,late,DEFINED,True,0.4676190830366238,0.19927625494411644,0.24320873143291938,0.3066493274879355,0.20435687060366492,0.30415840300941155,0.437671391809426,0.5623286081905741,0.05869390439612075,7.0848223482996,0.23352962977259537,0,7,0.2647705082398165,5.3461757319594065,0.24575243231041285,0.38222237734504827,0.2645882084387723,0.20041332401078316,0.35318941421617944,0.30791526299748784,0.38222237734504827,0.491671412991729
856,literal_04,literal_stable,19,20,26,0.76,late,DEFINED,True,0.47314909248714826,0.22065563570889923,0.005308523567974158,-0.12141290146087352,0.2497065895584647,0.3403204749702755,0.3199923470893518,0.6800076529106482,-0.04785556274591295,6.97404942036525,0.2209517852364851,0,8,0.1516490886603842,7.772847312558356,0.3087010658090489,0.37271531027650123,0.35627917860035213,0.43084223855266934,0.2710055111231467,0.29328453343052613,0.37271531027650123,0.2758732280168045
857,literal_04,literal_stable,20,21,26,0.8,late,DEFINED,True,0.46053122021797827,0.2737847477643639,0.0526556542202448,0.11190745931217398,0.23402770914769946,0.3280775749572901,0.4297076169080754,0.5702923830919246,0.059004005652974784,7.489345080105781,0.19381296422295663,0,5,0.3812525777127144,9.604664335628623,0.36109788794066644,0.3801224634854705,0.5084497538127773,0.5980777716847681,0.11142778270175205,0.10896231630949937,0.3801224634854705,0.2929599120057325
858,literal_04,literal_stable,21,22,26,0.84,late,INACTIVE_TARGET,True,0.0,0.0012132608796181256,,,0.17324323717091694,0.29671839735010863,1.0,0.0,,1.0,1.0,7,8,0.14753792068066987,7.888778356712626,0.4142864769499094,0.0,0.11535324601689333,0.0,0.8846467539831067,1.0,0.0,0.0
859,literal_04,literal_stable,22,23,26,0.88,late,DEFINED,True,0.1915704583733636,0.2653612369465024,-0.03556839682723655,0.46650707029400396,0.2390186657755335,0.38297505401622733,0.5177922596364566,0.4822077403635434,0.015943282731924958,3.902423430954933,0.4568207927573188,0,7,0.24260624152209231,7.469376128154028,0.3161963737741996,0.46295050612850663,0.27782045822241525,0.08567572908871604,0.2592290356490782,0.5364212360483334,0.46295050612850663,0.3779030348629506
860,literal_04,literal_stable,23,24,26,0.92,late,DEFINED,True,0.38407784062577244,0.2633028059665574,0.22158320310353136,0.03419564383602801,0.2457272268361472,0.36639292139737617,0.5096320601494382,0.4903679398505618,0.12638103758907732,6.551627957393764,0.27054096998254645,0,7,0.24694904791035968,10.26281171729449,0.510215742431425,0.10439701080568253,0.24905333269282842,0.15363519618425653,0.6465496565014891,0.7416440109167033,0.10439701080568253,0.10472079289904027
861,literal_04,literal_stable,24,25,26,0.96,late,DEFINED,True,0.24391745560354033,0.2530930963355381,0.14840413020814122,0.3472051628650605,0.31681299010670966,0.42795416365513017,0.39570838160373717,0.6042916183962628,0.0012265970747154806,6.428829027771021,0.2357655412041319,0,7,0.23965862765046025,4.827092379713384,0.1655027644649091,0.8339817399051483,0.1660182600948517,0.11168534097968694,0.0,0.0,0.8339817399051483,0.888314659020313
862,literal_05,literal_stable,1,2,27,0.038461538461538464,early,DEFINED,True,0.38881317290709594,0.17178401461321083,0.30070175038446434,0.2429520832235708,0.15185967652041804,0.2817831081665232,0.4334135362325655,0.5665864637674345,0.05690291602584481,7.202272468363929,0.20071977548773984,0,8,0.1516424285793653,2.81708280351994,0.08620665323489411,0.9999999999999999,0.9999999999999999,1.0,0.0,0.0,0.0,0.0
863,literal_05,literal_stable,2,3,27,0.07692307692307693,early,DEFINED,True,0.8973497983032817,0.3009387968331024,0.22436836708498561,0.04076135341390442,0.21968952902656644,0.31420018796992427,0.4113799473942476,0.5886200526057523,0.015694832367368163,6.410798218282116,0.24535251181403228,0,7,0.25767178451694595,2.6074146848943442,0.08569239760983334,0.7731241993499984,0.7731241993499984,0.7451071842324021,0.2268758006500016,0.254892815767598,0.0,0.0
864,literal_05,literal_stable,3,4,27,0.11538461538461539,early,DEFINED,True,0.716814063994862,0.20619391472414159,0.06977942453989618,0.08516443436695151,0.2038398688046202,0.2538789015691747,0.4290478577740658,0.5709521422259343,0.013076418067610224,5.771292374867436,0.2910731792618582,0,7,0.2421808275611638,5.509289508836659,0.17493849750023766,0.6342940916602618,0.6342940916602618,0.6073993070101578,0.36570590833973815,0.39260069298984224,0.0,0.0
865,literal_05,literal_stable,4,5,27,0.15384615384615385,early,DEFINED,True,1.213172923394111,0.14690016074686865,-0.19318639788981545,0.06241768574966906,0.24683302307799546,0.3115332832858005,0.43117690933168346,0.5688230906683165,0.05307363742474413,7.128328430557573,0.18097738351654563,0,7,0.24609110898276815,4.366639909532521,0.13140845654610395,0.754996291833093,0.754996291833093,0.7497088737701811,0.24500370816690709,0.25029112622981875,0.0,0.0
866,literal_05,literal_stable,5,6,27,0.19230769230769232,early,DEFINED,True,0.7701096383468992,0.2769003596890429,0.05267796414936313,0.14983400493995924,0.26573400788361395,0.32345931437316705,0.46241959316460596,0.537580406835394,0.06833815426645186,6.403450321473941,0.23890544021510093,0,8,0.13881096587435593,6.740743973414492,0.19867468277176095,0.37775052886665494,0.37775052886665494,0.3642961977738541,0.6222494711333452,0.6357038022261461,0.0,0.0
867,literal_05,literal_stable,6,7,27,0.23076923076923078,early,DEFINED,True,0.7781442968839275,0.33663579594715604,0.36199723647821863,-0.14279466219750417,0.15023935529051888,0.2459773868567297,0.5131059603098483,0.48689403969015166,0.13211823441316883,6.616995474303387,0.21562338729499606,0,5,0.25741636329981604,4.72934006141321,0.15232125619678244,0.5058689492346893,0.5058689492346893,0.571172731317069,0.4941310507653107,0.428827268682931,0.0,0.0
868,literal_05,literal_stable,7,8,27,0.2692307692307692,early,DEFINED,True,0.30692776402886784,0.5461004833445723,-0.004023278088059804,0.07344686153787722,0.2472013793928461,0.3406071951349186,0.42102100591718333,0.5789789940828167,0.027076414532773402,6.4782851313951095,0.22812823741115693,0,6,0.27270896871590233,7.027455508777847,0.19742455080806934,0.24737650136634198,0.24737650136634198,0.22482690659793206,0.5311377923200645,0.5666832390032448,0.22148570631359343,0.20848985439882298
869,literal_05,literal_stable,8,9,27,0.3076923076923077,early,DEFINED,False,0.7820029241348503,0.3352239351664766,0.02619267146731618,-0.40231398095409837,0.3611824592945071,0.4120727314595984,0.5015535994387135,0.49844640056128653,0.06229827662010097,4.954628226943289,0.35929940371272234,0,7,0.26911232705804233,10.398923758554773,0.2943215087841892,0.24869073832804162,0.24869073832804162,0.12616318497723705,0.2737004237904762,0.18297524487902506,0.47760883788148206,0.6908615701437377
870,literal_05,literal_stable,9,10,27,0.34615384615384615,middle,DEFINED,True,0.5600601168564634,0.2542377876110654,-0.1704768542970607,-0.05663053711152699,0.2252863416366578,0.3494144902750609,0.36607114382523903,0.6339288561747609,-0.022512447226480003,6.532768896506058,0.24845284541342547,0,7,0.28104320460283194,9.01629775552033,0.2484170939874631,0.4021338761064033,0.24525378268614084,0.30671394599303853,0.4021338761064033,0.4468727846039221,0.3526123412074559,0.24641326940303926
871,literal_05,literal_stable,10,11,27,0.38461538461538464,middle,DEFINED,True,0.6901778686067238,0.45110421414539026,-0.09185528861825752,-0.06307979578506369,0.2913995126306809,0.34588998533832604,0.5782935284924149,0.4217064715075851,0.1386083289137209,4.399005877788079,0.40200383267033224,0,6,0.25399852968383285,7.021985744321306,0.17065116256867072,0.7470262879422488,0.1357829304719212,0.09704165049851583,0.7470262879422488,0.8568129278157389,0.11719078158582989,0.046145421685745085
872,literal_05,literal_stable,11,12,27,0.4230769230769231,middle,DEFINED,True,0.5960795933285575,0.16873176218027383,-0.0017312627165692485,0.21610165284247282,0.16652509756674286,0.21681667710300745,0.37955430382267497,0.620445696177325,-0.0014233885332152352,6.883351310404031,0.17016771207772838,0,6,0.25584985010086814,8.565173910390143,0.20842458240686634,0.622764331093962,0.0,0.0,0.622764331093962,0.728379914119484,0.377235668906038,0.27162008588051606
873,literal_05,literal_stable,12,13,27,0.46153846153846156,middle,DEFINED,True,0.24314141233897582,0.46791117768147894,-0.22522204632681767,-0.3590970541375223,0.2073198787228942,0.33152785133281315,0.4745736973800683,0.5254263026199317,0.05710914189314243,5.608738062821974,0.29645924450769245,0,6,0.27739709377798993,4.815059670955995,0.1275374107201235,0.778605935851677,0.0,0.0,0.778605935851677,0.9061626442579559,0.2213940641483229,0.09383735574204417
874,literal_05,literal_stable,13,14,27,0.5,middle,DEFINED,True,0.4674168702716821,0.265075557697367,-0.0520909220582524,0.03104660128144507,0.14389444799204784,0.22653894717262413,0.396076926421636,0.6039230735783641,0.0019212429849492902,6.441059154747374,0.22152270918002778,0,6,0.25878675253593975,4.31349813621034,0.1123596482910599,0.7642151485836539,0.11742607578320456,0.07973951240949695,0.7642151485836539,0.8574862016140522,0.11835877563314164,0.06277428597645088
875,literal_05,literal_stable,14,15,27,0.5384615384615384,middle,DEFINED,True,0.43682794334814584,0.2457140804952517,-0.11096066077244693,-0.13747801721994612,0.30698710232036347,0.33103358054900783,0.5019867105469411,0.4980132894530589,0.11447804424079419,6.439568955516136,0.22508412175808007,0,7,0.25165794817383896,5.88334369689472,0.2422122908250794,0.49498182946160074,0.3810675017955948,0.26645585343865896,0.49498182946160074,0.508460024803261,0.1239506687428046,0.22508412175808007
876,literal_05,literal_stable,15,16,27,0.5769230769230769,middle,DEFINED,True,0.7831352019370037,0.18672181440881883,-0.12745820306233654,0.009304668432724556,0.22915508983845673,0.30386506005565295,0.43519990020617366,0.5648000997938263,-0.011404133020862385,5.036795760267021,0.36676461633516155,0,5,0.27334802713970857,5.668101558681943,0.1583398303082706,0.645897112272558,0.12113780168399932,0.05299774617250223,0.645897112272558,0.7656990368897794,0.23296508604344268,0.1813032169377184
877,literal_05,literal_stable,16,17,27,0.6153846153846154,middle,DEFINED,True,0.21333376146468833,0.31880432729805,0.1400721255215594,0.06250749226552385,0.10374637415270345,0.18119574323325568,0.4911103082706618,0.5088896917293382,0.11680905597618785,7.100731335695969,0.22947721500849358,0,5,0.2527378065278562,5.968700657273348,0.15056616330939132,0.5036090770245708,0.12316958126117522,0.22947721500849358,0.5036090770245708,0.4773549419947223,0.3732213417142539,0.2931678429967842
878,literal_05,literal_stable,17,18,27,0.6538461538461539,middle,DEFINED,True,0.6573363856245102,0.4156256157803759,0.1233941118532804,0.4453606876109551,0.06295014574230805,0.19880242703732526,0.6095822569442692,0.39041774305573085,0.2184760999459934,5.10418195125252,0.2738854412484351,2,8,0.13545898464671968,5.262455881515812,0.11492064209624916,0.3819876359175603,0.0,0.0,0.3819876359175603,0.5101623680056601,0.6180123640824398,0.4898376319943399
879,literal_05,literal_stable,18,19,27,0.6923076923076923,late,DEFINED,True,0.7819016608174193,0.4478801741207621,0.10783632720747038,0.21988505336305292,0.23498077191051905,0.34070353387026525,0.38272209922732203,0.617277900772678,-0.0011738733406962982,6.780720220301648,0.19249492387182682,0,6,0.2529159028114942,6.479851659861275,0.2297342059824568,0.38753991198059057,0.10758751728912644,0.1669994591946302,0.504872570730283,0.5123793366255422,0.38753991198059057,0.32062120417982753
880,literal_05,literal_stable,19,20,27,0.7307692307692307,late,DEFINED,True,0.2870610629040759,0.22129403663574507,0.2552503564931429,0.10508219619934477,0.14109156209493093,0.24929485062826529,0.3787526435501771,0.6212473564498229,-0.010177068222933553,6.575362263733814,0.245433341963449,0,6,0.23634315183829285,3.8821310212748235,0.12838182870153292,0.5032623744812984,0.0,0.0,0.4967376255187016,0.4832949216593295,0.5032623744812984,0.5167050783406705
881,literal_05,literal_stable,20,21,27,0.7692307692307693,late,DEFINED,True,0.33975403199625115,0.33731588896720943,0.1759292398087632,0.22850338954354163,0.215648436288558,0.36236630164031736,0.5638483578030534,0.4361516421969466,0.06089105886938785,3.6536382877178006,0.48221299749966173,0,8,0.16508896264114487,3.6403530506472803,0.10813915525143596,0.7599933101786099,0.0,0.0,0.24000668982139012,0.191390347615418,0.7599933101786099,0.808609652384582
882,literal_05,literal_stable,21,22,27,0.8076923076923077,late,DEFINED,True,0.46042905891369873,0.2996515585038049,-0.16865608265535736,-0.2512553209105584,0.25953808629190067,0.34359290621481514,0.4886649871764161,0.5113350128235838,0.050026907880167955,5.032528446781553,0.3000913972611502,0,6,0.3730791529428258,3.6981287701510355,0.19891871316458548,0.5108370530951716,0.1133444067727285,0.046051776287202494,0.3758185401321,0.4617557722968411,0.5108370530951716,0.4921924514159564
883,literal_05,literal_stable,22,23,27,0.8461538461538461,late,DEFINED,True,0.6281508010663557,0.2964952846712858,-0.12305298557356514,-0.13771522863356592,0.25152078754809715,0.3201907983488656,0.4285344050580809,0.5714655949419192,0.05688523208333993,7.440365870039355,0.18154736968737623,0,7,0.260917167768202,6.069286246542417,0.2256893361960557,0.6448342394108828,0.11825833952457697,0.08936171681642598,0.2369074210645402,0.3107329999089361,0.6448342394108828,0.599905283274638
884,literal_05,literal_stable,23,24,27,0.8846153846153846,late,DEFINED,True,0.5069378210495143,0.1761243199216831,0.2680455701191536,-0.03387399181843648,0.22719949851787485,0.2981407196574679,0.41025122177684414,0.5897487782231559,0.026903813808310875,6.881758799463229,0.2162908283324767,0,7,0.24715367893918883,8.0431391262888,0.3947921245135869,0.24640586902172273,0.23270960977847172,0.2475428145902429,0.5208845211998054,0.4424805471738024,0.24640586902172273,0.30997663823595467
885,literal_05,literal_stable,24,25,27,0.9230769230769231,late,DEFINED,True,1.08236362049616,0.18795574256909334,0.027824942143145542,0.19685087020490008,0.28550659580344195,0.43053819921103564,0.4945443358324107,0.5054556641675894,0.11242746047386545,6.716572907271034,0.22029902382811734,0,7,0.22095730623713528,3.4412521379584793,0.13801236742025763,0.8796888023398862,0.0,0.0,0.1203111976601138,0.17958597638354865,0.8796888023398862,0.8204140236164513
886,literal_05,literal_stable,25,26,27,0.9615384615384616,late,DEFINED,True,0.3966561411513461,0.3031279775086183,-0.08285893897548251,0.14962578339630073,0.2226930685383534,0.29658488589950927,0.5040478033870268,0.4959521966129732,0.045283966073555885,4.572827946359694,0.39530196808492096,0,8,0.13884646471633133,8.73781599818438,0.35555982652982726,0.37802936738850335,0.11539063333946349,0.12318877593660127,0.5065799992720331,0.6791816978089947,0.37802936738850335,0.1976295262544041
887,metaphor_01,metaphor_shift,1,2,35,0.029411764705882353,early,DEFINED,True,0.4940461553838274,0.21274533173574237,-0.06572893576153038,-0.23228279591357023,0.20968263031626108,0.2883129473060624,0.47915976473896205,0.520840235261038,0.09557742725919625,6.7485835026301455,0.21860885885386425,0,8,0.14051387772381138,0.0,0.00467705113333384,1.0,1.0,1.0,0.0,0.0,0.0,0.0
888,metaphor_01,metaphor_shift,2,3,35,0.058823529411764705,early,DEFINED,True,0.8168958519059154,0.2095982527135266,-0.012990457054226936,0.0252554114860546,0.09112885495808302,0.3176920502787419,0.5186894079936794,0.48131059200632065,0.14383317017772893,6.838091077941102,0.23664367913055592,0,8,0.15520005429920736,1.8666474359846452,0.06722109383850608,0.9007118415777612,0.9007118415777612,0.763356320869444,0.09928815842223881,0.23664367913055592,0.0,0.0
889,metaphor_01,metaphor_shift,3,4,35,0.08823529411764706,early,DEFINED,True,0.4818092733998154,0.13842276562175954,0.31569971587342505,0.3160540376889723,0.07990307017552932,0.25233282729215273,0.48875823401994944,0.5112417659800506,0.06735103352541005,5.43712186531156,0.20243293832157302,1,8,0.14181665549551303,1.201563103951991,0.05079499152191938,0.8924172526578849,0.8924172526578849,0.9918906589972644,0.10758274734211513,0.008109341002735701,0.0,0.0
890,metaphor_01,metaphor_shift,4,5,35,0.11764705882352941,early,DEFINED,False,0.2766239151983846,0.15590328461045538,-0.08664918067138212,0.061787098574050445,0.37400770456087706,0.4809737732164726,0.4364351028667197,0.5635648971332803,0.06498243979990942,7.4507452522000674,0.17404693896567539,0,5,0.3705033851658658,7.349001931846434,0.2624717426034046,0.5926548270568202,0.5926548270568202,0.6046716450935894,0.28627648311266307,0.33483721783859516,0.12106868983051662,0.060491137067815504
891,metaphor_01,metaphor_shift,5,6,35,0.14705882352941177,early,DEFINED,True,1.6335423879940996,0.37877137918058673,-0.030499467420497268,0.08782804203591568,0.2446046094448992,0.32617170610891927,0.5080178519502446,0.4919821480497554,0.05767470368912919,4.702047606271353,0.373551613789614,0,7,0.24453393625661057,4.101462748598377,0.1364153941888618,0.6407200581380091,0.6407200581380091,0.4363484188106217,0.3592799418619908,0.5636515811893782,0.0,0.0
892,metaphor_01,metaphor_shift,6,7,35,0.17647058823529413,early,DEFINED,True,0.45317581370813154,0.19057309558185492,-0.031421292257128565,0.06424733552427013,0.20244425644631864,0.2479890395007118,0.4181064844314534,0.5818935155685466,-0.014261199615573122,5.364354461276953,0.24617999846636082,1,8,0.13369614226637036,8.760045016285439,0.3019349917578341,0.26279574528872396,0.26279574528872396,0.45722238894926726,0.611735102039625,0.47476400821019193,0.12546915267165093,0.0680136028405409
893,metaphor_01,metaphor_shift,7,8,35,0.20588235294117646,early,DEFINED,True,1.2116937879669314,0.28492246031636925,0.19849199286411567,0.16680158248618704,0.17613471353949728,0.31223846441490477,0.5433770953390472,0.4566229046609528,0.03796539346152412,3.739058509164929,0.42117419065368095,1,6,0.2661922464276818,6.0797617514759725,0.2157171368024642,0.394037825267754,0.394037825267754,0.23237937164556988,0.492961996506598,0.6623639194203891,0.11300017822564795,0.10525670893404114
894,metaphor_01,metaphor_shift,8,9,35,0.23529411764705882,early,DEFINED,True,0.9464438777432242,0.3275814051515588,-0.11809165546314826,0.045806509285294596,0.2979684989807049,0.3490935197637803,0.5354924314337727,0.4645075685662273,0.1385735180824524,5.813432779992692,0.2802576978722676,0,7,0.26184517286333175,12.209533094244348,0.4333936455196503,0.0,0.0,0.0,0.5076340338263516,0.6007008421273206,0.49236596617364836,0.39929915787267933
895,metaphor_01,metaphor_shift,9,10,35,0.2647058823529412,early,DEFINED,True,0.6372074348551875,0.17246185524055022,0.20143708136770125,-0.010890740828322372,0.33449389218260367,0.39371345430120486,0.394518495218058,0.605481504781942,0.02590029480998985,7.507827637154351,0.18002515658616486,0,7,0.2496317680917957,6.015801119172606,0.23726628796851418,0.23328727479123978,0.23328727479123978,0.17472207381509455,0.6279948123595912,0.7055957086586953,0.1387179128491691,0.11968221752621021
896,metaphor_01,metaphor_shift,10,11,35,0.29411764705882354,early,DEFINED,True,0.4481404674946126,0.3059238283369985,0.27062142679761847,0.2749970993250852,0.2699783550972094,0.39069706043930613,0.4582904583015228,0.5417095416984772,0.0848555759108944,7.310945320723549,0.18830081896956563,0,6,0.2620547846306755,7.3056372003982,0.26145410856513085,0.26729641594524134,0.26729641594524134,0.218891084917613,0.5122311221822855,0.5683222023218262,0.2204724618724731,0.21278671276056094
897,metaphor_01,metaphor_shift,11,12,35,0.3235294117647059,early,DEFINED,True,0.309281508661086,0.19358412135171166,0.3332595298352926,0.1886563587389611,0.23724427068552983,0.28023284314400354,0.521925351294115,0.478074648705885,0.12713337716568746,6.008469946029354,0.23610617058881225,0,8,0.13215917893850435,7.112351661156789,0.25728601355270997,0.1187149397622549,0.1187149397622549,0.006764371647109536,0.627897245854492,0.708744310088999,0.2533878143832531,0.28449131826389146
898,metaphor_01,metaphor_shift,12,13,35,0.35294117647058826,middle,DEFINED,True,0.29582443709302036,0.2889682279805366,0.21107529624509724,0.1869217659339876,0.2476662184904792,0.3155617589794267,0.5658314077933772,0.43416859220662285,0.03875624298777527,3.4158252407727145,0.5022673332496651,0,7,0.2474052107916606,6.493952326972113,0.23253051188448795,0.7456785367804922,0.0,0.0,0.7456785367804922,0.8810256079668694,0.25432146321950777,0.11897439203313072
899,metaphor_01,metaphor_shift,13,14,35,0.38235294117647056,middle,DEFINED,True,0.188915316787133,0.09691457134563511,-0.09495050756057279,-0.11173437533891895,0.10091926630308005,0.1422289500967656,0.6065341340917015,0.39346586590829846,0.1025999210001214,3.3827934442143817,0.3956645853195303,1,8,0.12896180279372046,4.618741521651975,0.10860233603662353,0.24893277621928492,0.751067223780715,0.9753802742223806,0.24893277621928492,0.02461972577761941,0.0,0.0
900,metaphor_01,metaphor_shift,14,15,35,0.4117647058823529,middle,DEFINED,True,0.6452924184072918,0.19708105272196416,0.3302432861896222,0.11849122601188139,0.08463489696995607,0.41507137515734344,0.36369741508447806,0.6363025849155219,-0.029284043307085474,6.370914703745388,0.22056386561499677,0,8,0.1883190361855051,5.104898631986491,0.16196530000081788,0.5381953460981714,0.2795304628000265,0.4250618395049246,0.5381953460981714,0.39366796076703225,0.18227419110180215,0.18127019972804326
901,metaphor_01,metaphor_shift,15,16,35,0.4411764705882353,middle,DEFINED,True,0.2139754276043291,0.1850195505221481,0.420569843777094,0.48908679986915254,0.16991320527787332,0.3347831034405132,0.3870614094538813,0.6129385905461187,0.013446219293632967,7.234373388741481,0.19509365242488622,0,7,0.23859373434815573,6.421470108298795,0.1707645651826808,0.5206149295243847,0.3520871816857845,0.4287711227024724,0.5206149295243847,0.4250402234438717,0.12729788878983078,0.14618865385365604
902,metaphor_01,metaphor_shift,16,17,35,0.47058823529411764,middle,DEFINED,True,0.6957952121323081,0.23849538983297627,0.11837476572868845,0.13741725743043295,0.06867060678983337,0.33776622276074825,0.42741008595895275,0.5725899140410473,0.050166904714694205,7.167876699299765,0.19013160959953523,0,8,0.18031200273908832,5.68763321595707,0.16588383212799457,0.6563863132775392,0.34361368672246106,0.46494468802456623,0.6563863132775392,0.5350553119754338,0.0,0.0
903,metaphor_01,metaphor_shift,17,18,35,0.5,middle,INACTIVE_TARGET,True,0.0,0.0012583370498730404,,,0.1301308150958499,0.2053064939585618,1.0,0.0,,1.0,1.0,7,8,0.13237253583906247,5.48583646480995,0.14733770085470926,0.7500426651087213,0.24995733489127875,0.0,0.7500426651087213,1.0,0.0,0.0
904,metaphor_01,metaphor_shift,18,19,35,0.5294117647058824,middle,DEFINED,True,0.26067393468403816,0.27644154226524104,0.1250422976017748,0.46650707029400396,0.2390186657755335,0.35863498519694836,0.5251238441211298,0.4748761558788702,0.007193358374251258,3.696754475525949,0.4725209091660908,0,7,0.24081464541024328,6.413998602654688,0.2842800902397548,0.10915664005790711,0.2340960212933983,0.0698184198208277,0.10915664005790711,0.4725209091660908,0.6567473386486946,0.4576606710130815
905,metaphor_01,metaphor_shift,19,20,35,0.5588235294117647,middle,DEFINED,True,0.3915050110095628,0.2654533788247816,0.37373984257235865,-0.009590593657303883,0.30284182307628843,0.36554816210292435,0.4643524281537968,0.5356475718462033,0.0829872886834603,6.913760063548406,0.22108629183461506,0,8,0.13794335732760682,4.773021035861749,0.16595207551089683,0.5039971341778745,0.0,0.0,0.5039971341778745,0.5954038754188837,0.4960028658221255,0.4045961245811163
906,metaphor_01,metaphor_shift,20,21,35,0.5882352941176471,middle,DEFINED,True,0.8933915662881559,0.26681591031011087,0.13046673524920874,-0.028430099051010533,0.1514939094000119,0.3755935870370376,0.5911804582437937,0.4088195417562063,0.204044471286755,5.47237042868083,0.327352893435014,0,7,0.27691643237006486,8.121691636885664,0.24590973541888417,0.5089525235915018,0.33045772539738477,0.2548826137277199,0.5089525235915018,0.5783049224152347,0.16058975101111345,0.16681246385704554
907,metaphor_01,metaphor_shift,21,22,35,0.6176470588235294,middle,DEFINED,True,1.149597779132645,0.2172368051526274,-0.10934102464777057,0.052381290400502684,0.17721230750691988,0.30511706772931085,0.46111571587395694,0.5388842841260431,0.052147294916344594,5.906345290907655,0.2124127665192472,1,8,0.1529450967124718,7.719920377965588,0.27683998517323,0.13286179441819992,0.35382750433993315,0.3468861667912588,0.13286179441819992,0.006020506066153753,0.5133107012418668,0.6470933271425874
908,metaphor_01,metaphor_shift,22,23,35,0.6470588235294118,middle,DEFINED,True,0.5110280121017339,0.15358074606451255,0.0444132861770606,0.1325477901514375,0.3355180633434981,0.38618724731362275,0.4596426081014008,0.5403573918985992,0.0562841062120314,6.088991646409732,0.24412200278966292,0,5,0.2704217402067457,6.310390772822513,0.15963539669850874,0.6182282653192692,0.1404916181314942,0.1032168869853611,0.6182282653192692,0.6490044762360031,0.24128011654923656,0.24777863677863568
909,metaphor_01,metaphor_shift,23,24,35,0.6764705882352942,late,DEFINED,True,1.3425838129111982,0.16540220616916676,-0.09350435481508161,0.1038265367373547,0.2803751434704605,0.32713149119596546,0.4362352204954368,0.5637647795045633,0.06751454774265096,7.594357213639055,0.16267081311414705,0,7,0.23931049989173037,9.685443306245237,0.27928890260057626,0.23928833990565457,0.24484261041835356,0.19767584683027445,0.5158690496759919,0.5199311251891379,0.23928833990565457,0.28239302798058774
910,metaphor_01,metaphor_shift,24,25,35,0.7058823529411765,late,DEFINED,True,0.5763601535628299,0.15984616333540277,0.0669569752565253,-0.04778857664255794,0.14798497493339882,0.18412070827335533,0.5052375790194846,0.49476242098051537,0.03289096267888162,4.349019337104583,0.3812699375728409,1,8,0.12874569353393414,5.531044119788666,0.09206373094709183,0.3750210858965151,0.0,0.0,0.6249789141034849,0.7266839470786631,0.3750210858965151,0.27331605292133687
911,metaphor_01,metaphor_shift,25,26,35,0.7352941176470589,late,DEFINED,True,0.7377873076510822,0.30400194725369345,-0.06365509830331997,-0.011328087303975803,0.08887614641287551,0.1655579512308014,0.7097079025626275,0.2902920974373725,0.22334585060859677,2.770406133692098,0.5367015171366659,3,8,0.13122167794153403,6.024157217387875,0.11181703090645248,0.368220830336719,0.0,0.0,0.6317791696632811,0.1338057148787783,0.368220830336719,0.8661942851212217
912,metaphor_01,metaphor_shift,26,27,35,0.7647058823529411,late,DEFINED,True,0.36570476360987664,0.24219536350037174,0.45900416642716446,0.2659418048014845,0.08714408914575793,0.17455904272652745,0.4795008696509035,0.5204991303490965,0.08589626161230872,6.346848572759452,0.2118881717283283,1,8,0.13157437186719595,5.433663268272309,0.10407543026514109,0.6136932423416457,0.0,0.0,0.3863067576583543,0.1876402662524264,0.6136932423416457,0.8123597337475736
913,metaphor_01,metaphor_shift,27,28,35,0.7941176470588235,late,DEFINED,True,0.09982767993660249,0.24635363478721264,0.13365521989008627,-0.05849532617244428,0.30919581435083454,0.4254009957047226,0.4560074700412544,0.5439925299587456,0.026285827363026634,5.36018018052853,0.34358091922640144,0,6,0.35505534166720526,10.254056080545801,0.23222045221940693,0.23414103513799195,0.0,0.0,0.765858964862008,0.7396370842410543,0.23414103513799195,0.2603629157589457
914,metaphor_01,metaphor_shift,28,29,35,0.8235294117647058,late,DEFINED,True,0.25928099218273565,0.3795203280567847,0.34543835309545096,0.10513109285925454,0.1417244094011958,0.37016065164810297,0.4469804152595282,0.5530195847404717,0.032803308744975,5.792006802939823,0.28154239933664926,0,6,0.28207079415596403,11.97190970355668,0.3158719157539429,0.23200793445626794,0.1038255878291162,0.05832997650416708,0.6641664777146158,0.8057433648438994,0.23200793445626794,0.13592665865193349
915,metaphor_01,metaphor_shift,29,30,35,0.8529411764705882,late,DEFINED,True,0.4457547101088565,0.24833224948505,-0.41429057281364756,0.07676407905148624,0.2264931417145525,0.3680242366804217,0.3708986184698735,0.6291013815301265,-0.001231901855851283,7.213606532049758,0.20816875765865167,0,7,0.22793325989616536,5.72954072311692,0.09346416480589849,0.7735083412082541,0.0,0.0,0.22649165879174582,0.27880458598977925,0.7735083412082541,0.7211954140102207
916,metaphor_01,metaphor_shift,30,31,35,0.8823529411764706,late,DEFINED,True,0.4733286332858995,0.2517618291114735,0.2158463607253655,0.3678309032327965,0.18709720440750965,0.2784213801788553,0.4921724942302216,0.5078275057697784,0.128093767336354,7.638919375881688,0.152193974637291,0,7,0.2623500607696761,8.428525253171404,0.16282090576290498,0.7392780387138017,0.0,0.0,0.2607219612861984,0.30424068238851615,0.7392780387138017,0.6957593176114839
917,metaphor_01,metaphor_shift,31,32,35,0.9117647058823529,late,DEFINED,True,0.45854163508562806,0.41725812349099484,0.1870763431264108,-0.21152438605774418,0.2881664593307393,0.35820121944630906,0.5198352405094204,0.4801647594905796,0.1121960034511458,5.617850885290215,0.25930851182042086,0,7,0.25792607365771236,6.629902361218504,0.1497490104631081,0.7399645131817614,0.0,0.0,0.2600354868182387,0.3816592769133563,0.7399645131817614,0.6183407230866438
918,metaphor_01,metaphor_shift,32,33,35,0.9411764705882353,late,DEFINED,True,0.4164578743974474,0.32984260043614366,0.08815749379751778,-0.1080922481173318,0.18280588765708736,0.3238530187624417,0.443147098471755,0.5568529015282451,0.045607867221444304,6.330057313191972,0.2401509376566677,0,6,0.2679376635382212,11.824159706453756,0.2787975341588188,0.6178031033686411,0.11425923309313774,0.11332987740565968,0.2679376635382212,0.33045665504423294,0.6178031033686411,0.5562134675501074
919,metaphor_01,metaphor_shift,33,34,35,0.9705882352941176,late,DEFINED,True,0.3148589528960501,0.2883939057667893,0.22757401020319915,0.0647455218238138,0.14232198500410764,0.3505589054738527,0.4875266422850819,0.5124733577149181,0.09222774851095696,6.240937104908884,0.21941064370746927,0,6,0.4208340818147322,16.161311633596995,0.3738153817559374,0.4180080595134465,0.10318380853999741,0.06767104566409735,0.47880813194655614,0.4265786589376911,0.4180080595134465,0.5057502953982116
920,metaphor_02,metaphor_shift,1,2,30,0.034482758620689655,early,DEFINED,True,0.25787903372257526,0.19135382823074676,0.5527193003778956,0.5085084497280323,0.170286267774023,0.2937833634385315,0.5106912716163988,0.4893087283836012,0.14912128669436361,7.61860711955787,0.1620753922130968,0,8,0.14720297181044575,0.5732588277116087,0.018397510297001155,1.0,1.0,0.9999999999999999,0.0,0.0,0.0,0.0
921,metaphor_02,metaphor_shift,2,3,30,0.06896551724137931,early,DEFINED,True,0.3667973251838192,0.18236833390062376,0.30517217727424667,0.007209990318644787,0.08750042513811997,0.29913171423654517,0.4337461262098972,0.5662538737901028,0.043338511909477975,6.606906442581029,0.2548416374833894,0,8,0.1529361455787557,1.9309769004960837,0.062171859867678106,0.8871934790754153,0.8871934790754153,0.8914824242907892,0.11280652092458476,0.10851757570921089,0.0,0.0
922,metaphor_02,metaphor_shift,3,4,30,0.10344827586206896,early,DEFINED,True,0.3710687871245978,0.1470425321022894,0.562988180788497,0.12907853119563198,0.059346225981443866,0.24217254410249406,0.43719147993365975,0.5628085200663402,0.038130913516435896,6.286501031164855,0.19100536785219463,1,8,0.14363637787030817,1.7728313521903247,0.0546991961039089,0.8898948682955405,0.8898948682955405,0.8679018996121436,0.11010513170445956,0.13209810038785638,0.0,0.0
923,metaphor_02,metaphor_shift,4,5,30,0.13793103448275862,early,DEFINED,True,0.46147720105768636,0.3825218515995704,0.13056291979633286,-0.24435776626785433,0.27925364199423786,0.37877710546727544,0.6069116847672927,0.39308831523270726,0.1593231768775434,4.022018891366506,0.41470459472264903,0,8,0.1494144924164829,7.589506683791625,0.24559684389918082,0.34196006341283125,0.34196006341283125,0.5343452129831073,0.6580399365871688,0.4656547870168927,0.0,0.0
924,metaphor_02,metaphor_shift,5,6,30,0.1724137931034483,early,DEFINED,True,0.9692090981150276,0.2781374629712216,0.16437445604189638,-0.017420804807806563,0.2876707582843656,0.33830441133568245,0.4449423055192164,0.5550576944807837,0.008973567971391847,5.243523674230862,0.3492118894076306,0,8,0.1362597881363742,4.01697073931427,0.1321282925552434,0.6393943445806421,0.6393943445806421,0.7498858688826179,0.3606056554193579,0.2501141311173821,0.0,0.0
925,metaphor_02,metaphor_shift,6,7,30,0.20689655172413793,early,DEFINED,True,0.5648225888029834,0.09180663408432009,-0.008738459664330471,0.1830315663809594,0.10735502106213601,0.16507926089657662,0.5960380810500123,0.4039619189499877,-0.042593748043113444,2.6205360637722594,0.5789759163294312,2,8,0.13124605737283312,3.598164074566407,0.11242880502957638,0.6325575553912155,0.6325575553912155,0.30342887396665236,0.3674424446087845,0.6965711260333478,0.0,0.0
926,metaphor_02,metaphor_shift,7,8,30,0.2413793103448276,early,DEFINED,True,0.6629998422175166,0.184769853707378,0.42288700113528704,-0.07799533738255121,0.1362735620096026,0.20704143060030863,0.4437313692127765,0.5562686307872236,0.02675328601374186,5.720127243158501,0.30667821776601806,0,8,0.1291899766428276,2.649348557535662,0.08180127127086574,0.6159225522052434,0.6159225522052434,0.7908546370254137,0.3840774477947566,0.2091453629745863,0.0,0.0
927,metaphor_02,metaphor_shift,8,9,30,0.27586206896551724,early,DEFINED,True,0.4634382017647052,0.21902728230387394,0.01556567490388714,0.029672917511906684,0.21164603204088764,0.3036563605252854,0.39506468520839866,0.6049353147916013,0.026141001096077764,7.494964531566851,0.17394083684164438,0,8,0.14396928074446255,5.749322232246482,0.1823390162699809,0.24418197230435504,0.24418197230435504,0.2521852462061189,0.641275670183411,0.6010765521178859,0.11454235751223385,0.14673820167599524
928,metaphor_02,metaphor_shift,9,10,30,0.3103448275862069,early,DEFINED,True,1.7288841481900226,0.2646734982015499,-0.03022099947442818,-0.09187593893459432,0.23077112437168978,0.3275666792817256,0.4638838182847939,0.536116181715206,0.025097211825768562,5.1286113750499,0.3511526148297142,0,6,0.24054377547588351,5.2990780052452,0.17114796319362352,0.346002931358057,0.346002931358057,0.22815807870959467,0.6539970686419431,0.7718419212904055,0.0,0.0
929,metaphor_02,metaphor_shift,10,11,30,0.3448275862068966,middle,DEFINED,True,0.9942096133820995,0.20217111692195128,-0.05965690982432539,0.19522024700415377,0.267875393347983,0.3475774923604752,0.38610671437455224,0.6138932856254478,0.015310845691135715,7.361196046740503,0.20766772934498792,0,8,0.1433655726940596,9.387421346228809,0.3091796351877333,0.36853021525157376,0.22927585509614284,0.1869722886232955,0.36853021525157376,0.3955292617251407,0.4021939296522834,0.41749844965156363
930,metaphor_02,metaphor_shift,11,12,30,0.3793103448275862,middle,DEFINED,True,0.6726703260868266,0.19691934875012623,0.2580392680864418,0.16691776205529918,0.18653177867982396,0.26936408687473107,0.5324502854222634,0.46754971457773664,0.16165726275751274,6.880344341619201,0.16542244835505784,1,8,0.13839533422315853,9.694021590430658,0.3042437061506196,0.3638455304725029,0.24836767925259862,0.25396219475630444,0.3638455304725029,0.45137752888226684,0.3877867902748985,0.2946602763614288
931,metaphor_02,metaphor_shift,12,13,30,0.41379310344827586,middle,DEFINED,True,1.8995917879240638,0.180654450044567,-0.07062001016554947,0.00853332661993199,0.22085606449902268,0.2863912665512035,0.4194032066198515,0.5805967933801486,0.038390595700752435,6.993092978440231,0.21556239009028602,0,8,0.1368788215461972,7.16424606167611,0.2536690756571628,0.5122614182927535,0.12868099618483492,0.19180166603433962,0.5122614182927535,0.4808760444057578,0.3590575855224116,0.3273222895599026
932,metaphor_02,metaphor_shift,13,14,30,0.4482758620689655,middle,DEFINED,True,0.5829537392962927,0.12756935173421807,-0.18075770948506034,,0.1365910993758775,0.1748218697342649,0.4980840696218104,0.5019159303781896,0.01249873271829705,4.191627092252431,0.3582434167888279,1,8,0.12929210842390618,3.504366517079811,0.11816636619604168,0.754781291432403,0.12314093281115077,0.3582434167888279,0.754781291432403,0.6317716074368656,0.12207777575644617,0.009984975774306366
933,metaphor_02,metaphor_shift,14,15,30,0.4827586206896552,middle,DEFINED,True,0.6431923834029675,0.4288078043916666,0.2899557392751351,0.22683015553138255,0.2811532405397011,0.3363385491303544,0.5699502658318466,0.4300497341681534,0.1388385175087762,4.629781263646616,0.3208693222549625,0,8,0.13850425373518324,4.820910029090639,0.1761426279745113,0.4883250478294052,0.2588748331621833,0.6114897301054838,0.4883250478294052,0.20986332250063516,0.25280011900841143,0.1786469473938809
934,metaphor_02,metaphor_shift,15,16,30,0.5172413793103449,middle,DEFINED,True,0.29532323693925533,0.2594594719796666,0.15416124014304824,0.0252965366753687,0.2015538919344143,0.3358603537494643,0.5637714486567887,0.43622855134321126,0.14943790494247047,5.050833555899932,0.3250083698744097,1,8,0.15801255221105642,6.052727805036589,0.21444483524580102,0.5239008764055079,0.23068527331817368,0.2052033119880094,0.5239008764055079,0.6011029501098475,0.24541385027631846,0.19369373790214314
935,metaphor_02,metaphor_shift,16,17,30,0.5517241379310345,middle,DEFINED,True,0.47048282793551804,0.18189187740942608,0.013261544272322233,-0.0457333056666605,0.14501498994649292,0.3842373940069064,0.550478706494761,0.44952129350523895,0.10801019216599307,4.573917005871667,0.38571788274785207,1,7,0.29878809179733556,8.638046892604915,0.2837878014019294,0.3392620701557709,0.31608500995331845,0.3662950815512276,0.3392620701557709,0.6059857928169285,0.34465291989091074,0.027719125631843828
936,metaphor_02,metaphor_shift,17,18,30,0.5862068965517241,middle,DEFINED,True,0.5273084132261395,0.17297373045676745,0.17288322864067196,-0.1290920658928858,0.24617257353025604,0.34757777452227223,0.35829512086067156,0.6417048791393285,-0.01723883255395958,6.985847874856261,0.23995944834984761,0,7,0.24311717050727527,7.796190348473326,0.25505359894390905,0.24079192349482847,0.11410747305493106,0.10592268795009244,0.24079192349482847,0.2507076473720236,0.6451006034502405,0.6433696646778838
937,metaphor_02,metaphor_shift,18,19,30,0.6206896551724138,middle,DEFINED,True,0.6577439445927074,0.20734517330701058,-0.11626954921141999,-0.031134322465322373,0.25594109051190334,0.3701233536288581,0.3836491760783474,0.6163508239216526,-0.03530358267615922,5.673198717718353,0.2848221199177813,1,7,0.2284677297636024,7.759001333179357,0.23990556105070066,0.24640092797991314,0.12412247207302467,0.2015476955114049,0.24640092797991314,0.19717508453065125,0.6294765999470621,0.6012772199579439
938,metaphor_02,metaphor_shift,19,20,30,0.6551724137931034,middle,DEFINED,True,0.5313733811240327,0.20612329224871412,0.12074188442217658,-0.1058533708975799,0.29807402761921376,0.371735207947933,0.41701351928925423,0.5829864807107458,-0.003555716816980049,5.655237138033835,0.31214599145809807,0,7,0.2484330517968414,8.076688517132563,0.24188975397468587,0.1335136673230191,0.0,0.0,0.1335136673230191,0.07990663389629866,0.8664863326769809,0.9200933661037015
939,metaphor_02,metaphor_shift,20,21,30,0.6896551724137931,late,DEFINED,True,0.5694721667836313,0.16120261037738548,-0.2059121545852006,,0.1427096906983633,0.20725312642836602,0.5056366478378931,0.4943633521621069,0.08547296538434396,5.373392836094348,0.22115031826923295,2,7,0.24405175175432134,1.4929767030009642,0.04004722069258434,0.630914483244656,0.0,0.0,0.36908551675534385,0.4270932824350556,0.630914483244656,0.5729067175649444
940,metaphor_02,metaphor_shift,21,22,30,0.7241379310344828,late,DEFINED,True,0.5795375886891577,0.2650562043200911,0.10628705488705369,,0.08546185708439856,0.17017399669991418,0.7037088502702924,0.2962911497297076,0.0744726157178058,2.1997946866136227,0.6074784194037653,5,8,0.1347914006485507,1.6163634209703943,0.0640265975065453,0.756594703341045,0.0,0.0,0.2434052966589551,0.0,0.756594703341045,1.0
941,metaphor_02,metaphor_shift,22,23,30,0.7586206896551724,late,DEFINED,True,0.230205396562062,0.21182389405576002,0.24052810771980251,0.3912966650314359,0.21632653069431942,0.38859406059983087,0.39796613492154986,0.6020338650784501,0.017735201694853875,6.98415761912306,0.21096582434414798,0,7,0.22637587576448204,4.908541863266146,0.15930621929949024,0.6067819850883001,0.10861870789205907,0.11913785908021161,0.2845993070196407,0.3255906556208522,0.6067819850883001,0.5552714852989363
942,metaphor_02,metaphor_shift,23,24,30,0.7931034482758621,late,DEFINED,True,0.3424902017032331,0.1523643439220358,-0.05232933724158272,0.032051674619459763,0.14249659212806867,0.23759494941045614,0.3494217429641775,0.6505782570358225,-0.02513548568048577,6.962767394221392,0.20651821767007383,0,8,0.1419284263957406,5.186255195477692,0.17986802405489372,0.6164179299613493,0.0,0.0,0.38358207003865075,0.5407650070864233,0.6164179299613493,0.4592349929135767
943,metaphor_02,metaphor_shift,24,25,30,0.8275862068965517,late,DEFINED,True,0.6868269526798966,0.189824378101615,-0.22080849697710253,-0.10937759188847437,0.20646415699891038,0.32662126138663816,0.425171628759697,0.5748283712403031,0.037864782399186274,6.732637763556711,0.21128107931820114,0,8,0.15213666367348078,9.560496091542811,0.34880208717089534,0.3725509857341257,0.2348261388802018,0.25999206307364364,0.39262287538567253,0.39507515780101354,0.3725509857341257,0.34493277912534276
944,metaphor_02,metaphor_shift,25,26,30,0.8620689655172413,late,DEFINED,True,0.37715751648745616,0.2757295969702756,-0.11538800386586534,0.14121356697095794,0.3066553712291088,0.43072010821922285,0.44506127462423883,0.5549387253757612,0.015559333490147178,5.3935983045590925,0.33303176805189316,0,7,0.21526349812157186,8.00359849352433,0.30971836445376544,0.4001497688007057,0.25262811341721925,0.21217874268565515,0.3472221177820751,0.5478851659129522,0.4001497688007057,0.2399360914013926
945,metaphor_02,metaphor_shift,26,27,30,0.896551724137931,late,DEFINED,True,0.5556540155007416,0.2374858758821028,-0.007945926932705447,-0.07563227187183762,0.3401762000205864,0.3693599520104447,0.34251676132936515,0.6574832386706349,-0.022248018501942177,7.324490545511403,0.19398942328216168,0,8,0.13279434228819348,5.395548849891294,0.18582545702844203,0.4986867638375758,0.0,0.0,0.5013132361624241,0.5823374067263444,0.4986867638375758,0.41766259327365557
946,metaphor_02,metaphor_shift,27,28,30,0.9310344827586207,late,DEFINED,True,1.2741984657798955,0.34589496649126594,-0.18857997061508308,-0.10050474099894581,0.29873058647158834,0.38576340682697635,0.4587919859579241,0.5412080140420759,0.06336302018871826,6.366177237562389,0.2358090472275213,0,8,0.15446984170587463,2.955031808321513,0.05640482638448625,0.8837917818744347,0.0,0.0,0.11620821812556524,0.2358090472275213,0.8837917818744347,0.7641909527724787
947,metaphor_02,metaphor_shift,28,29,30,0.9655172413793104,late,DEFINED,True,0.586522711157735,0.1808088610016618,0.2889112508545631,-0.3337594989027777,0.25287897282425403,0.3485589013684291,0.5296351621824544,0.47036483781754557,0.0581547404631088,4.235702986495359,0.39933568486281507,1,7,0.2686838764438636,11.366331034746207,0.3808417831983597,0.2786987730285324,0.2473087439685635,0.2692227457273504,0.4739924830029041,0.7092494620888562,0.2786987730285324,0.021527792183793498
948,metaphor_03,metaphor_shift,1,2,31,0.03333333333333333,early,DEFINED,True,0.35871674137023746,0.16412417063980445,0.2332694359013971,0.14071614105521407,0.32655020421827385,0.3609979937924151,0.41769596303560047,0.5823040369643995,0.052114759817477554,7.746998637861161,0.15827858412881762,0,8,0.13384920246807563,1.085648336833131,0.03843789405085618,0.879372407018541,0.879372407018541,0.8957491895359034,0.12062759298145899,0.1042508104640965,0.0,0.0
949,metaphor_03,metaphor_shift,2,3,31,0.06666666666666667,early,DEFINED,True,0.21435322129015755,0.19235648435765043,0.19624186183241218,0.31841099988244836,0.19627271667940913,0.3052009385627138,0.4321686837817621,0.5678313162182379,0.04707613947037242,6.821526854493916,0.23090338483204334,0,8,0.1408125652733897,1.9533548094536943,0.06180700790456994,0.885797421374326,0.885797421374326,0.8962227706770787,0.11420257862567394,0.10377722932292124,0.0,0.0
950,metaphor_03,metaphor_shift,3,4,31,0.1,early,DEFINED,True,0.09086501936307324,0.19608595238025595,-0.06370637272034779,-0.20060447693387976,0.1462663925225065,0.247503199130395,0.4795077347398279,0.5204922652601721,0.09533870076790328,6.721660177794531,0.20925382299878661,1,8,0.13427866492746562,0.6893525897144726,0.022665636232465723,1.0,1.0,1.0,0.0,0.0,0.0,0.0
951,metaphor_03,metaphor_shift,4,5,31,0.13333333333333333,early,DEFINED,True,0.2792853522954803,0.15484968877075997,0.045635264175596026,0.0660477255830971,0.2553981665611584,0.29827585662582734,0.38528012981109455,0.6147198701889054,-0.012367175046500773,6.295504377597396,0.2912227276545432,0,8,0.13215898340757531,5.47246997180124,0.18913130617269014,0.5068040350860559,0.5068040350860559,0.6225607170540919,0.4931959649139442,0.3774392829459082,0.0,0.0
952,metaphor_03,metaphor_shift,5,6,31,0.16666666666666666,early,DEFINED,True,0.4471041966651258,0.24571651721390964,0.21523197805988883,0.2749970993250852,0.2699783550972094,0.3983962934928294,0.40122667434876896,0.5987733256512311,0.02974367832830492,7.393039380895789,0.19401258330681945,0,8,0.17072927812551045,8.793689428446356,0.27716490096390284,0.2844844393137517,0.2844844393137517,0.26741865066183845,0.6026555761026325,0.6542574651225428,0.11285998458361564,0.07832388421561878
953,metaphor_03,metaphor_shift,6,7,31,0.2,early,DEFINED,True,0.40414616328522024,0.25726286490659817,0.1219477248718006,-0.04477014372119291,0.27122110968777197,0.35224533150727827,0.4506800152673767,0.5493199847326233,-0.024148179790366906,4.506491348012812,0.34515718624378355,0,8,0.14445712129400676,5.7006923487374115,0.17964509956565203,0.39101557926037167,0.39101557926037167,0.5159760062272977,0.6089844207396283,0.48402399377270233,0.0,0.0
954,metaphor_03,metaphor_shift,7,8,31,0.23333333333333334,early,DEFINED,True,0.4368485717632835,0.07390984142000102,0.14272950863886202,,0.08815472005080323,0.13858479328939494,0.5277849497134826,0.47221505028651745,0.008422264993492008,3.6706790297653633,0.4606421904727583,1,8,0.12824648584060058,2.7306027424458152,0.08340621928424356,0.7534286915402598,0.7534286915402598,0.8130981766019015,0.24657130845974018,0.1869018233980983,0.0,0.0
955,metaphor_03,metaphor_shift,8,9,31,0.26666666666666666,early,INACTIVE_TARGET,True,0.0,0.0013631690895433795,,,0.0569769876367276,0.2171856354615974,1.0,0.0,,1.0,1.0,7,8,0.13788669653256747,4.989313260838162,0.1502514254502869,0.12360441268158,0.12360441268158,0.0,0.87639558731842,1.0,0.0,0.0
956,metaphor_03,metaphor_shift,9,10,31,0.3,early,DEFINED,True,0.42766995115966483,0.4087610984144532,-0.017317255802142703,0.14255979651154485,0.2738732195933992,0.35649466677676156,0.6120415292348202,0.38795847076517975,0.11876081291191554,3.4445738883143537,0.49929207291798455,0,6,0.2707233563249576,5.4792337343949935,0.15472098705070114,0.38276030391326626,0.38276030391326626,0.21433469526296464,0.376826438897772,0.2516187113046734,0.24041325718896167,0.5340465934323618
957,metaphor_03,metaphor_shift,10,11,31,0.3333333333333333,middle,DEFINED,True,0.5458380376733372,0.23369318087885027,0.36232585920186855,-0.03608575840050292,0.2726508025033368,0.3166535419721379,0.4541564121682441,0.5458435878317559,0.08614972142400436,7.6085506676836125,0.16173751594030955,0,7,0.2545122051620777,5.41168669642172,0.15715683116808424,0.8806905634961653,0.0,0.0,0.8806905634961653,0.8832941538776214,0.11930943650383456,0.11670584612237854
958,metaphor_03,metaphor_shift,11,12,31,0.36666666666666664,middle,DEFINED,True,0.5038276287735761,0.3117741845642873,0.05119817111212305,0.06568195253596926,0.2540466282846064,0.3290058497953844,0.45766596122640174,0.5423340387735982,0.013749916393348108,5.0393902995870326,0.3340056669820804,0,8,0.14108874443278677,9.66849753865651,0.31026971505930784,0.2306184087613411,0.2574119956980687,0.13703466849500084,0.2306184087613411,0.23255929754861274,0.5119695955405903,0.6304060339563864
959,metaphor_03,metaphor_shift,12,13,31,0.4,middle,DEFINED,True,0.4758869032802269,0.12551251551159218,0.2666935736610091,0.42293045510389154,0.16795769566371901,0.23298449946917035,0.4043826539123251,0.5956173460876749,-0.0004538416134092853,6.101103127789936,0.20205799349381312,1,8,0.13514264033724366,11.130857846237195,0.342744741655451,0.36617869808985043,0.0,0.0,0.36617869808985043,0.3713042844365696,0.6338213019101495,0.6286957155634304
960,metaphor_03,metaphor_shift,13,14,31,0.43333333333333335,middle,DEFINED,True,0.3026916079938373,0.17186797404094845,0.18563399894574406,-0.1969142882415827,0.2214578993258398,0.3480214907907108,0.4588444551761098,0.5411555448238903,0.06980394873762617,6.609590898373257,0.22795215680041053,0,7,0.23912943201644288,5.696733108510278,0.19269654689404947,0.6417471065557058,0.12684280187406702,0.22795215680041053,0.6417471065557058,0.4577507523432439,0.2314100915702272,0.3142970908563456
961,metaphor_03,metaphor_shift,14,15,31,0.4666666666666667,middle,DEFINED,True,0.48484556249863264,0.048375835217726794,-0.03755504517868384,-0.18353725190301237,0.11503259892262781,0.17091907010566368,0.7345787436774224,0.2654212563225776,0.1005489403074577,2.048597515700167,0.649326244674309,5,8,0.1297147927644698,3.6702386219414946,0.10633160212578924,0.8717649017053153,0.0,0.0,0.8717649017053153,1.0,0.12823509829468488,0.0
962,metaphor_03,metaphor_shift,15,16,31,0.5,middle,DEFINED,True,0.8371207995456671,0.21121420882688077,-0.0005608557687275627,-0.09255145343626459,0.34235617765174403,0.41193446200945627,0.38731272307188813,0.6126872769281119,0.017540624501034094,7.416437773748396,0.18483062070725104,0,7,0.2390584627545557,5.293110634381805,0.16620967817488663,0.6331856261257183,0.2390584627545557,0.1628286823208685,0.6331856261257183,0.7304078672286082,0.12775591111972603,0.10676345045052325
963,metaphor_03,metaphor_shift,16,17,31,0.5333333333333333,middle,DEFINED,True,0.6836125132656459,0.16757854809131512,0.07407638213494275,0.1868252371000365,0.29931397325332587,0.35671748586369895,0.3885514074568267,0.6114485925431733,0.02070118158820859,7.517396107294964,0.17108044379267345,0,8,0.13756333372271703,6.048870978970083,0.19572144022725746,0.5051732531846278,0.0,0.0,0.5051732531846278,0.44110837180779877,0.4948267468153722,0.5588916281922013
964,metaphor_03,metaphor_shift,17,18,31,0.5666666666666667,middle,DEFINED,True,1.013675003374958,0.1978933659077362,0.051275337848039775,0.2508302565346212,0.2552395507491925,0.3508072687860416,0.3354778774776836,0.6645221225223163,-0.033274775243318774,7.085951783017255,0.2316605001528796,0,8,0.14903184397610406,7.32108084512505,0.2093465308989646,0.2370020728970247,0.12276615853005214,0.08837620916960509,0.2370020728970247,0.3568830399688294,0.6402317685729231,0.5547407508615655
965,metaphor_03,metaphor_shift,18,19,31,0.6,middle,DEFINED,True,0.5077015810399066,0.2575691833262455,0.568570977563038,-0.01540507629305296,0.19044781018747675,0.30834924551736204,0.44987088189765256,0.5501291181023474,0.07716369623111391,7.369713005342494,0.1933023551467302,0,6,0.25320042408023374,6.100348535321461,0.20292830447831128,0.47230990568599635,0.1215235306377969,0.16393213565541634,0.47230990568599635,0.44046597606949667,0.40616656367620685,0.395601888275087
966,metaphor_03,metaphor_shift,19,20,31,0.6333333333333333,middle,DEFINED,True,1.6975246452725437,0.1697083564518282,-0.20720254295775878,-0.27025828602281315,0.2384690668069522,0.39008320268324603,0.40164415071130133,0.5983558492886987,0.019893286428353012,6.930235344838365,0.2171680264252343,0,7,0.2988686644868291,8.401321895148397,0.25800676479126505,0.53329194546158,0.24232314040248787,0.2198903451146742,0.53329194546158,0.6492926218702926,0.2243849141359322,0.13081703301503333
967,metaphor_03,metaphor_shift,20,21,31,0.6666666666666666,late,DEFINED,True,0.5052155425259133,0.08185317858931279,-0.04859862658492743,,0.1530640445320249,0.19060801572686864,0.5499044838277914,0.45009551617220855,0.028376810966014,3.54583540778666,0.316636395028494,4,8,0.12771601877896704,2.246272869249756,0.08449501173893095,0.1253832885675283,0.0,0.0,0.8746167114324717,1.0,0.1253832885675283,0.0
968,metaphor_03,metaphor_shift,21,22,31,0.7,late,INACTIVE_TARGET,True,0.0,0.12327609849737416,,,0.13045120919545272,0.18616552468843334,0.6662383086618524,0.3337616913381476,0.07819701702732847,2.520815711177644,0.48235316264568345,5,8,0.13171317881057185,2.477826076461053,0.0688168375092866,0.6221306294201776,0.0,0.0,0.3778693705798224,0.13624020122243555,0.6221306294201776,0.8637597987775645
969,metaphor_03,metaphor_shift,22,23,31,0.7333333333333333,late,DEFINED,True,0.36503304526942726,0.18284154718146492,0.2552191109439165,0.0725866466037099,0.31689642367585263,0.38859406059983087,0.44129710770111197,0.558702892298888,0.06877992248956315,7.392793834040154,0.17917694247580818,0,6,0.28361288298050935,5.272994397092237,0.16466570782693807,0.5910468969538147,0.0,0.0,0.40895310304618526,0.38089785389713954,0.5910468969538147,0.6191021461028604
970,metaphor_03,metaphor_shift,23,24,31,0.7666666666666667,late,DEFINED,True,0.7195011393809077,0.17254344225117665,0.16307397926471387,-0.1748640689857303,0.2972788219251205,0.38826723907766625,0.3825758752532142,0.6174241247467858,0.006700997060482262,7.112097306282496,0.1722664308038764,0,7,0.2608391699878653,6.356627371995762,0.1970725320070187,0.6422067083307123,0.21845137052550243,0.2148955407138653,0.13934192114378532,0.16853221328127183,0.6422067083307123,0.6165722460048629
971,metaphor_03,metaphor_shift,24,25,31,0.8,late,DEFINED,False,0.36475951987251604,0.2179403509259646,0.36482461996148247,0.4967156836118946,0.19843915575022886,0.4415063940913468,0.48885397032256467,0.5111460296774353,0.10570675286224519,6.710313705516547,0.1967054136580729,0,8,0.1799167540490124,4.820145107102947,0.1272095126865969,0.7844744163235153,0.08497335332372018,0.05543842888944729,0.13055223035276473,0.135318275479318,0.7844744163235153,0.8092432956312348
972,metaphor_03,metaphor_shift,25,26,31,0.8333333333333334,late,DEFINED,True,0.4356088258848895,0.17385927545202903,0.011184658593019614,-0.07944379502710554,0.14527678728982593,0.2666567758244817,0.4529235716717578,0.5470764283282422,0.06550526270448664,6.6924344879668425,0.19550932473830554,1,8,0.14511685022348297,5.342057734428845,0.12889611640898302,0.8832199211255668,0.0,0.0,0.1167800788744332,0.15566537776833297,0.8832199211255668,0.844334622231667
973,metaphor_03,metaphor_shift,26,27,31,0.8666666666666667,late,DEFINED,True,0.2983719003918592,0.15341328058992582,-0.2372568425074925,-0.03501914649060759,0.34269282649124694,0.38768719600777524,0.3884143521840675,0.6115856478159325,0.010479826648526728,7.048573238988185,0.19162950492115094,0,8,0.1359720550928436,4.12320474200627,0.1477623447230087,0.7551601313807371,0.0,0.0,0.244839868619263,0.30789753981097545,0.7551601313807371,0.6921024601890247
974,metaphor_03,metaphor_shift,27,28,31,0.9,late,DEFINED,True,0.453804514724215,0.2610386572923694,-0.17792932164225608,-0.15659672392196486,0.2533458342845745,0.395663000885054,0.4975353827262849,0.502464617273715,0.12308913002846057,7.046158885538242,0.2169481632865421,0,6,0.2844995053690505,3.4361262206734002,0.13987686832158117,0.9013705078450885,0.09862949215491149,0.2169481632865421,0.0,0.0,0.9013705078450885,0.7830518367134578
975,metaphor_03,metaphor_shift,28,29,31,0.9333333333333333,late,DEFINED,True,0.5824462073294326,0.17945365338557456,0.27839141563225844,0.3873750019783005,0.3219799221588855,0.40093969705698285,0.3840347865921003,0.6159652134078997,0.022853588337912022,7.84043361049778,0.15154477750132625,0,6,0.2555394178372954,3.122755149636655,0.13069076568334742,0.8880957145273394,0.0,0.0,0.11190428547266078,0.11015262691735415,0.8880957145273394,0.8898473730826459
976,metaphor_03,metaphor_shift,29,30,31,0.9666666666666667,late,DEFINED,True,0.37491168336974834,0.2229565100537547,0.25910989342391283,0.5361717015352593,0.24126793508883523,0.36975033212533687,0.46182109611365807,0.5381789038863419,0.0741857755468811,6.656083067620966,0.26480212409742837,0,8,0.15223596157787916,10.552203454447593,0.3685044288216266,0.4108593578359217,0.223640883615743,0.15693352870696142,0.36549975854833533,0.5065939532563004,0.4108593578359217,0.33647251803673817
977,metaphor_04,metaphor_shift,1,2,29,0.03571428571428571,early,DEFINED,True,0.26922649200999965,0.1895500857469731,0.14175259752340996,0.13371505739394002,0.3229935539345378,0.3707083688606617,0.42162223348449435,0.5783777665155057,0.024313053110990083,6.358244452432071,0.25990884147751203,0,8,0.13798195804474359,1.916023154811573,0.0623066721226266,0.8759913343061274,0.8759913343061274,0.8138693993535633,0.1240086656938726,0.18613060064643683,0.0,0.0
978,metaphor_04,metaphor_shift,2,3,29,0.07142857142857142,early,DEFINED,True,0.4811933673087558,0.24360230444213468,0.06067806784252346,-0.06019643455551827,0.2181335297449668,0.2716522060283671,0.47523104642679953,0.5247689535732005,0.06821997839235826,5.911388224273546,0.2930915490052642,0,8,0.13444160837534003,1.242956817666569,0.04366030637697088,1.0,1.0,0.9999999999999999,0.0,0.0,0.0,0.0
979,metaphor_04,metaphor_shift,3,4,29,0.10714285714285714,early,DEFINED,True,0.5003635354195238,0.23849385784789387,0.23213558093228961,0.08574734100410698,0.2823655690200101,0.3471099052512856,0.4603419039169401,0.5396580960830599,0.07406399111769736,6.716949284926708,0.25202998899216605,0,6,0.258483583176809,3.9180136416228812,0.14359049809038688,0.7566921120106443,0.7566921120106443,0.6697733149510602,0.12149124334316926,0.25202998899216605,0.1218166446461865,0.07819669605677379
980,metaphor_04,metaphor_shift,4,5,29,0.14285714285714285,early,DEFINED,True,0.8125858357271389,0.3055474118015213,0.19372852186653372,0.08241124795341846,0.20969276196015435,0.32753336855598786,0.48328562237676015,0.5167143776232399,0.10987138911187029,7.196237997564877,0.19607352662296454,0,6,0.3796983627535551,5.498636708573753,0.19013569421480625,0.6346888171161836,0.6346888171161836,0.5623247074098496,0.2537156547377353,0.36542813907529414,0.11159552814608105,0.07224715351485621
981,metaphor_04,metaphor_shift,5,6,29,0.17857142857142858,early,DEFINED,True,0.38795294984424633,0.26606837224212504,0.178858876620025,-0.04477014372119291,0.27122110968777197,0.33953354678656983,0.48344552432378657,0.5165544756762135,0.07557673197410154,5.845495441994542,0.287623339855818,0,6,0.26069489687681735,4.9545573729292025,0.16575380662384015,0.49976407106113496,0.49976407106113496,0.3230904979583258,0.500235928938865,0.6769095020416743,0.0,0.0
982,metaphor_04,metaphor_shift,6,7,29,0.21428571428571427,early,DEFINED,True,0.09724108550906099,0.10118912151105716,-0.06982113018028534,-0.007656918371920264,0.09145925043016179,0.15915257709584504,0.5791327297714706,0.42086727022852943,0.09438731624805781,3.7576135611042063,0.3587846803128032,2,8,0.1309773838052305,2.7424249130452134,0.0792436444189355,0.8741004179524433,0.8741004179524433,0.8638756736447052,0.1258995820475567,0.13612432635529495,0.0,0.0
983,metaphor_04,metaphor_shift,7,8,29,0.25,early,INACTIVE_TARGET,True,0.0,0.0012189720060191067,,,0.09659334911150651,0.22885582822216582,1.0,0.0,,1.0,1.0,7,8,0.13599770065369363,6.022532111806681,0.16981158517242567,0.12554097563539102,0.12554097563539102,0.0,0.8744590243646089,1.0,0.0,0.0
984,metaphor_04,metaphor_shift,8,9,29,0.2857142857142857,early,DEFINED,True,0.24914467555165096,0.1909292824868027,-0.131749254807586,0.009332227602880067,0.2806502033399261,0.3609449806100303,0.4870795013503549,0.5129204986496452,0.04367056350557887,4.940333737201811,0.36218999287250625,0,7,0.23168155992357453,9.328658008320549,0.3090795797773812,0.2590535401273059,0.2590535401273059,0.17439920167572948,0.3547607718449495,0.5412002643582884,0.38618568802774467,0.2844005339659822
985,metaphor_04,metaphor_shift,9,10,29,0.32142857142857145,early,DEFINED,True,0.5978046871838115,0.24012391611965297,-0.10703954064970629,0.32329787584538044,0.2601616986175973,0.32525945483960794,0.4970716473846378,0.5029283526153622,0.12628155779443764,7.232848503485651,0.20822215688642612,0,8,0.14101036494123237,5.969704912431541,0.15912187864521685,0.1247144583742971,0.1247144583742971,0.11041017962794171,0.637594953909145,0.6999688449930809,0.23769058771655788,0.18962097537897749
986,metaphor_04,metaphor_shift,10,11,29,0.35714285714285715,middle,DEFINED,True,0.727719038596319,0.19136464046076887,0.1890129591116488,-0.10979555807358159,0.27216647336804844,0.40526377074932707,0.4055244157184906,0.5944755842815094,0.039864033424565536,7.7066108984640636,0.1505977460150917,0,7,0.26097837528916945,6.535336317438335,0.2320206654831199,0.37911597505652317,0.39077147608495855,0.4377326892103494,0.37911597505652317,0.3770645170694029,0.23011254885851828,0.18520279372024773
987,metaphor_04,metaphor_shift,11,12,29,0.39285714285714285,middle,DEFINED,True,0.4985312329881678,0.2283866911799981,0.004674012888368769,-0.06596185623234611,0.18788490674219888,0.2942211644135193,0.583066461474916,0.41693353852508397,0.20927057656434975,6.050146108184253,0.2123835858899488,1,8,0.14535609098569094,8.095191037404032,0.2416546195793639,0.5083319824262399,0.2304862142663548,0.22742223279260734,0.5083319824262399,0.7142338977199894,0.2611818033074053,0.05834386948740319
988,metaphor_04,metaphor_shift,12,13,29,0.42857142857142855,middle,DEFINED,True,0.7091275821253463,0.30883001579352837,-0.04335508296911519,0.11438575300963716,0.2389081363457767,0.3156014475394633,0.3545345511241883,0.6454654488758117,-0.021227483362702436,6.95080298129226,0.22764076229128127,0,7,0.250474451239598,7.93039141247519,0.21185043846268797,0.7246490248826293,0.0,0.0,0.7246490248826293,0.7344365498773735,0.27535097511737083,0.2655634501226263
989,metaphor_04,metaphor_shift,13,14,29,0.4642857142857143,middle,DEFINED,True,0.3776702130828194,0.32419847415559716,0.02769392573299684,-0.23246076070850186,0.26489813340223733,0.30467726957046304,0.44987296085998174,0.5501270391400183,-0.014275353057769773,4.681392562702121,0.3094021133895094,0,8,0.1308045177454858,6.7976672636712365,0.21177234909371773,0.619144218437385,0.11946830033693591,0.04629986967044858,0.619144218437385,0.6965887498202723,0.2613874812256791,0.2571113805092791
990,metaphor_04,metaphor_shift,14,15,29,0.5,middle,DEFINED,True,0.6331697370944532,0.22216491340261849,-0.12573891252933475,-0.00523002603598525,0.24291413175164617,0.3151394707187974,0.3970739187688925,0.6029260812311075,0.03425552687146121,7.825358490859886,0.1554556466721878,0,7,0.24449421903498025,8.25807634480839,0.26698366010352026,0.38677460487801835,0.23984548224490404,0.23183278064813267,0.38677460487801835,0.4009926630596707,0.3733799128770776,0.36717455629219653
991,metaphor_04,metaphor_shift,15,16,29,0.5357142857142857,middle,DEFINED,True,0.38339327085621205,0.3367014232231696,0.0833908142981004,0.023696591913508053,0.22591921879783539,0.2887531009980278,0.5340192099697263,0.4659807900302737,0.038932614455214974,3.9029083648721596,0.45663746524857607,0,6,0.25453030431850726,10.324025150645266,0.27203211648283915,0.12698030248943004,0.13250291869745376,0.14451986518692783,0.12698030248943004,0.06085922827082098,0.7405167788131162,0.7946209065422513
992,metaphor_04,metaphor_shift,16,17,29,0.5714285714285714,middle,DEFINED,True,0.37523313174529277,0.18910975600866112,-0.118318468293301,0.05946258930264528,0.15117262670262915,0.17843617512750026,0.48888602857629243,0.5111139714237076,0.06363593325897987,5.339252789653497,0.30105365203050694,1,8,0.12790142903170856,3.003193477571989,0.05645575701989199,0.625911340567056,0.0,0.0,0.625911340567056,0.5699369484178336,0.374088659432944,0.4300630515821664
993,metaphor_04,metaphor_shift,17,18,29,0.6071428571428571,middle,DEFINED,True,0.2039547685549735,0.2842010870464103,0.1262752434578985,-0.011328087303975803,0.08887614641287551,0.1734325290539407,0.6279251198814736,0.3720748801185264,0.07066689760976656,2.871652923933486,0.5006891822173029,4,8,0.13169265175530318,3.6290351407881802,0.07461549107328339,0.5059355702617778,0.0,0.0,0.5059355702617778,0.0683324362983624,0.4940644297382222,0.9316675637016376
994,metaphor_04,metaphor_shift,18,19,29,0.6428571428571429,middle,DEFINED,True,0.27751249026082625,0.26008812059997116,0.11187178298879649,0.2659418048014845,0.08714408914575793,0.15607416743047514,0.5058181604905776,0.4941818395094224,0.12123938106643446,6.528069589163043,0.200595979965936,1,8,0.13030066749214503,4.825325029746106,0.12189230747155433,0.258305088327265,0.0,0.0,0.258305088327265,0.1149378488287538,0.741694911672735,0.8850621511712462
995,metaphor_04,metaphor_shift,19,20,29,0.6785714285714286,late,DEFINED,True,0.40552926677445406,0.14141407333830244,-0.09090321602093891,-0.15871119704528092,0.2694038019658393,0.3467540329574117,0.41975728047327765,0.5802427195267224,0.023667257733643428,6.40096817638737,0.24417671063249238,0,7,0.24314422184986878,4.671485094768769,0.15687993008794252,0.6365045436521674,0.0,0.0,0.36349545634783265,0.32654473645506815,0.6365045436521674,0.6734552635449318
996,metaphor_04,metaphor_shift,20,21,29,0.7142857142857143,late,DEFINED,True,0.46881589259879647,0.2637385311097148,0.24393429750531637,0.12091338708210353,0.1769470115870841,0.3904539612218432,0.46971439830671463,0.5302856016932853,0.04441881313513656,5.422881717194961,0.2553951499783957,0,8,0.16360551109853239,8.82143259043224,0.3546638299442415,0.0,0.4278881485246194,0.3957049217789494,0.5721118514753807,0.6042950782210507,0.0,0.0
997,metaphor_04,metaphor_shift,21,22,29,0.75,late,DEFINED,True,0.6542873742050497,0.2442820075885725,0.14054424216686834,0.052381290400502684,0.17721230750691988,0.2793144898681113,0.523840649421563,0.47615935057843695,0.0819013609883084,4.769153680300313,0.35084509546747233,1,7,0.22993989057142153,7.087104807211114,0.27256104560537386,0.3664824469374275,0.23747574047635073,0.09647834488990692,0.39604181258622173,0.4557720264974982,0.3664824469374275,0.44774962861259493
998,metaphor_04,metaphor_shift,22,23,29,0.7857142857142857,late,DEFINED,True,0.39055362135235294,0.18035904910107256,0.4453566807142846,0.23436264864327006,0.2742691925943317,0.3589546544956351,0.5330852627808541,0.4669147372191459,0.1633582086248693,6.924599381927963,0.1865138845792494,0,6,0.3468118960899319,6.938003732360555,0.24835201212105798,0.49337495491409067,0.1432293963772336,0.027166856727199092,0.36339564870867574,0.40318675896626627,0.49337495491409067,0.5696463843065347
999,metaphor_04,metaphor_shift,23,24,29,0.8214285714285714,late,DEFINED,True,0.8621228533207356,0.25847866802681174,-0.009891120404673196,0.09016539433033756,0.2472991289050021,0.38215400485203765,0.40307129436870487,0.5969287056312951,0.02313900390255679,7.011259409716436,0.23010173871573275,0,7,0.23719067726506357,6.11732377351258,0.21285372480908077,0.48330091530404823,0.0,0.0,0.5166990846959518,0.5476251804039354,0.48330091530404823,0.4523748195960647
1000,metaphor_04,metaphor_shift,24,25,29,0.8571428571428571,late,DEFINED,True,0.8445306060901785,0.19451902987746128,0.1602836341229441,0.29792582778565324,0.2770594929143122,0.35109489956234097,0.4263032548855454,0.5736967451144546,0.05470386805079804,7.441483813458827,0.17129848227399705,0,7,0.25653715687575096,2.069196800814199,0.09422844642842204,0.8790605056007381,0.0,0.0,0.1209394943992618,0.15733317056742485,0.8790605056007381,0.8426668294325752
1001,metaphor_04,metaphor_shift,25,26,29,0.8928571428571429,late,DEFINED,True,0.38859622087189255,0.20619388255277601,-0.11282201774564296,-0.17670189483862692,0.2591162086737946,0.3261377095802575,0.4234272118618176,0.5765727881381824,0.05846976679956504,7.792780260453606,0.1567855876190605,0,8,0.13886072400129562,1.2928723220129148,0.06745123042422674,1.0,0.0,0.0,0.0,0.0,1.0,1.0
1002,metaphor_04,metaphor_shift,26,27,29,0.9285714285714286,late,DEFINED,True,0.5362241603181367,0.18227164673403637,0.27039326913332407,0.007492349225264125,0.2762405796250865,0.3779159897740321,0.4173254189158161,0.5826745810841839,0.04848119992316755,7.571006200474052,0.16875215465596866,0,7,0.25124798432179574,1.57940473641223,0.06511649511536223,1.0,0.0,0.0,0.0,0.0,1.0,1.0
1003,metaphor_04,metaphor_shift,27,28,29,0.9642857142857143,late,DEFINED,True,0.37860762878042503,0.28699370989375445,0.20996860843043125,-0.16660406118072124,0.31629774139510597,0.35998025389115623,0.4790593268169038,0.5209406731830962,0.07051421249876635,5.8464246302280545,0.2455470921292616,0,8,0.13660454875987027,3.6815958433574076,0.12024648906756286,0.878524220307231,0.0,0.0,0.12147577969276915,0.0410704295795182,0.878524220307231,0.9589295704204817
1004,metaphor_05,metaphor_shift,1,2,28,0.037037037037037035,early,DEFINED,True,0.6176182816528769,0.1750914879577918,0.17388516956279867,0.011595578359570714,0.2036637875948651,0.27645739292197413,0.41557764490050303,0.5844223550994969,0.031531432907505395,6.860137513935411,0.22848741256204774,0,8,0.1393628121489843,1.570999249708943,0.05493673582853183,1.0,1.0,1.0,0.0,0.0,0.0,0.0
1005,metaphor_05,metaphor_shift,2,3,28,0.07407407407407407,early,DEFINED,True,0.4218903830508314,0.3040491955880584,0.28452082558951647,0.15474209647172293,0.22392310400559895,0.2993813254909809,0.5020448511183593,0.4979551488816407,0.12570529833728425,6.919968823291997,0.22456192507441317,0,8,0.13661034192906565,0.13395257525112192,0.010415315390791016,1.0,1.0,1.0,0.0,0.0,0.0,0.0
1006,metaphor_05,metaphor_shift,3,4,28,0.1111111111111111,early,DEFINED,True,0.3256582164441069,0.24854368043579433,0.26675250181848803,0.2323551913106245,0.20581041997511104,0.2801863235348557,0.5543054848992736,0.44569451510072644,0.18111067557654675,6.491707936716971,0.23050680731493356,0,8,0.13840984495962,2.9004315597510573,0.1054572734906099,0.7585683782977859,0.7585683782977859,0.7598049938158339,0.241431621702214,0.24019500618416617,0.0,0.0
1007,metaphor_05,metaphor_shift,4,5,28,0.14814814814814814,early,DEFINED,True,0.4399138083554424,0.16995042737640656,0.15244219739058945,0.23423826430218017,0.22487108041896164,0.34440144386110666,0.35269595534754083,0.6473040446524592,-0.05112408083324347,5.988679110883821,0.29785629874150804,0,8,0.1554821805934684,6.386405812745089,0.19837922847101103,0.6555751953373015,0.6555751953373015,0.5067061898215192,0.3444248046626986,0.49329381017848084,0.0,0.0
1008,metaphor_05,metaphor_shift,5,6,28,0.18518518518518517,early,DEFINED,True,0.5228195547098792,0.28845199713181335,0.11102052253105643,-0.06634377330281009,0.19879977082297556,0.31033011140735584,0.4417119852573545,0.5582880147426454,0.06818426902225737,7.341455169307693,0.1796600138527631,0,8,0.14734905114489932,6.530571657085445,0.20933690769392072,0.6628596165098127,0.6628596165098127,0.5873791345728728,0.11285045999679358,0.1796600138527631,0.22428992349339372,0.23296085157436397
1009,metaphor_05,metaphor_shift,6,7,28,0.2222222222222222,early,INACTIVE_TARGET,True,0.0,0.23870264826786644,,,0.25421905577449366,0.40835788371925896,0.43704706994701303,0.562952930052987,0.04169618793727372,6.418045937197306,0.1978442452740904,1,8,0.17253959258664167,15.01443281719552,0.4616322673493758,0.12301796980519075,0.12301796980519075,0.19667718523157102,0.36696879296362345,0.3394171247724065,0.5100132372311859,0.46390568999602244
1010,metaphor_05,metaphor_shift,7,8,28,0.25925925925925924,early,DEFINED,True,0.38250113599924596,0.3313434714749312,0.29404102135226173,-0.19683737662819642,0.28176503287044014,0.35502489054851916,0.4989306618242111,0.5010693381757889,0.022412012624681697,4.315684628674045,0.3462869834086344,0,7,0.25112203137868905,6.698824587804732,0.1980583828421935,0.2394770000312892,0.2394770000312892,0.36126129721507877,0.6318972621365468,0.5598215769647371,0.12862573783216402,0.07891712582018393
1011,metaphor_05,metaphor_shift,8,9,28,0.2962962962962963,early,DEFINED,True,0.08181247704865707,0.13520890130967675,0.145996212383221,0.013437531309072577,0.1164745685343905,0.14292909145400337,0.5426586988666349,0.45734130113336513,0.10354167265531519,4.695052868476362,0.2812571351886755,0,8,0.12744182722495195,1.4912556886067478,0.049519292338012263,0.7529212119112877,0.7529212119112877,0.9024975111295175,0.24707878808871234,0.09750248887048261,0.0,0.0
1012,metaphor_05,metaphor_shift,9,10,28,0.3333333333333333,middle,DEFINED,True,0.35414608470884557,0.21333809407423995,0.39569552944992664,0.15957223507771504,0.2783888245389477,0.40819010540553385,0.5022547001621191,0.49774529983788085,0.07677020434864805,5.2608810070313465,0.3371474182554324,1,7,0.23257106258308893,5.770897378715693,0.16894956464258437,0.6224694188765352,0.27520600072770407,0.25218025183705206,0.6224694188765352,0.747819748162948,0.10232458039576069,0.0
1013,metaphor_05,metaphor_shift,10,11,28,0.37037037037037035,middle,DEFINED,True,0.9532908205909854,0.23143591703647035,-0.013909181608291837,-0.03607599557339354,0.2913334272814627,0.34671830274591875,0.44261252802420586,0.5573874719757941,0.06869850419948181,7.321129846735964,0.2086498674871108,0,7,0.2563844238358031,6.46149869257569,0.19783454203029482,0.374570511147063,0.3645232043633742,0.39808490013319237,0.374570511147063,0.4151452446267745,0.2609062844895629,0.18676985524003303
1014,metaphor_05,metaphor_shift,11,12,28,0.4074074074074074,middle,DEFINED,True,0.8831504341981326,0.2549182861993498,0.1494186301909016,-0.372215487765166,0.21329440391192103,0.315678897526401,0.44043728007229566,0.5595627199277043,0.0660249521118242,7.298958387826953,0.19737624007040053,0,8,0.14129701988986976,8.017567156995353,0.2771623417483404,0.0,0.7585339761357464,0.8278262593366083,0.0,0.0,0.2414660238642536,0.1721737406633919
1015,metaphor_05,metaphor_shift,12,13,28,0.4444444444444444,middle,DEFINED,True,0.7104878890837985,0.17974743551996253,0.12300010120142471,0.1543051013448918,0.22413335878980425,0.3546346253080628,0.3710348672360961,0.6289651327639039,-0.020570227145115815,6.449626719096911,0.2690121996069448,0,8,0.15361914875640975,7.988728005498346,0.24212491377959516,0.2485339919098849,0.3509648310929644,0.3397618849375858,0.2485339919098849,0.19025350040120534,0.4005011769971507,0.4699846146612089
1016,metaphor_05,metaphor_shift,13,14,28,0.48148148148148145,middle,DEFINED,True,0.872228411904339,0.1790492492757572,-0.03121319613968053,0.12742852867472051,0.2461097359684495,0.33953354678656983,0.42502440516677553,0.5749755948332245,0.03808691811261768,6.747481744728997,0.24701616256135125,0,5,0.4053946637741118,8.794497039394916,0.24594607035818106,0.3720158508004107,0.23431995217649665,0.20324051130793025,0.3720158508004107,0.345809752040274,0.3936641970230928,0.4509497366517957
1017,metaphor_05,metaphor_shift,14,15,28,0.5185185185185185,middle,DEFINED,True,0.5012160803604023,0.11162864045100382,-0.015521624972937442,-0.050476819946192,0.13031004357698317,0.18633007114914488,0.4234041282224685,0.5765958717775315,-0.05418962788167116,4.515491050895399,0.310119855369668,1,8,0.1307603779596004,3.995675464621995,0.10731527610356334,0.7469409953274335,0.0,0.0,0.7469409953274335,0.8749969666875437,0.2530590046725664,0.12500303331245616
1018,metaphor_05,metaphor_shift,15,16,28,0.5555555555555556,middle,DEFINED,True,0.4076828234209348,0.2515957501604555,0.13990184546331652,0.17913627429361817,0.3195819979884616,0.4325140861353377,0.4653230641603373,0.5346769358396627,0.07317993869514092,6.465632444200941,0.23232970208736534,0,6,0.2620753517432626,3.6687490071698545,0.15496476296473227,0.7303706798817282,0.15741373036481907,0.0975402615511072,0.7303706798817282,0.7758620950187016,0.11221558975345278,0.12659764343019111
1019,metaphor_05,metaphor_shift,16,17,28,0.5925925925925926,middle,DEFINED,True,0.7159232709754895,0.3096046264214073,0.2333871124596778,0.03171386303383516,0.23701806049915375,0.3111788786195138,0.41930618292971783,0.5806938170702822,0.01803723051447796,6.223602502954362,0.27137673094627196,0,7,0.2562764331851916,5.74922847534566,0.19405059485742876,0.5005665294329061,0.13760176013375283,0.11605596361972198,0.5005665294329061,0.6896761053610815,0.36183171043334095,0.19426793101919648
1020,metaphor_05,metaphor_shift,17,18,28,0.6296296296296297,middle,DEFINED,True,0.9446000196682819,0.22660674628431327,-0.05485142440565413,-0.1080922481173318,0.18280588765708736,0.33845399222199823,0.4396352397298389,0.5603647602701611,0.05559141784472665,6.8590615041880225,0.18973284713858182,0,8,0.1511906849046288,10.429897862196913,0.3107529585997786,0.0,0.46754015871470894,0.5239257898248066,0.0,0.0,0.532459841285291,0.47607421017519325
1021,metaphor_05,metaphor_shift,18,19,28,0.6666666666666666,late,DEFINED,True,1.1098708816368996,0.3788938970381284,-0.27187819715086015,-0.23246076070850186,0.26489813340223733,0.3237304592587165,0.5200496472452119,0.47995035275478815,0.08193846036019156,4.870012605074287,0.317913098377663,0,7,0.24161779805859776,3.5310233989634887,0.1541075958350622,0.11766418147919093,0.11710558905749026,0.05512824519680834,0.765230229463319,0.8676385121525676,0.11766418147919093,0.0772332426506239
1022,metaphor_05,metaphor_shift,19,20,28,0.7037037037037037,late,DEFINED,True,0.4461065174239694,0.15987447759872955,-0.12198404187419189,0.08279548873726818,0.14234700643730494,0.20734094415113377,0.47059204575600366,0.5294079542439963,0.04316357307849449,5.366642630456476,0.22195659458599679,2,7,0.23974119744613773,2.2201702818133144,0.07021607684169863,0.5058531676967587,0.0,0.0,0.4941468323032414,0.5754557779693321,0.5058531676967587,0.424544222030668
1023,metaphor_05,metaphor_shift,20,21,28,0.7407407407407407,late,DEFINED,True,0.4055648439598639,0.31547152069305073,-0.11580405617981314,-0.07850307380850476,0.12268305418030277,0.17723175870016036,0.5760664612839697,0.42393353871603034,0.07228330373974784,3.5740622047873924,0.4413061992646966,3,8,0.13148216586391073,2.231653337674676,0.06889442002257395,0.7511822016618125,0.0,0.0,0.24881779833818762,0.0,0.7511822016618125,1.0
1024,metaphor_05,metaphor_shift,21,22,28,0.7777777777777778,late,DEFINED,False,0.48815623648450485,0.25583676862392224,0.28762606324559603,0.1927725061911302,0.359595701876485,0.4220740154764447,0.3731728175621248,0.6268271824378753,-0.030552970804972417,6.0688261696866865,0.24762878068465327,0,6,0.3582767482660867,8.127343774375579,0.3278350737721687,0.11757902269831037,0.1425292746362502,0.06965321099450529,0.7398917026654392,0.7814760950629676,0.11757902269831037,0.14887069394252708
1025,metaphor_05,metaphor_shift,22,23,28,0.8148148148148148,late,DEFINED,True,0.5836659244624282,0.19294341720856545,-0.01926502197401432,-0.1993269971503164,0.15478628039318196,0.334530028053984,0.4397068312581687,0.5602931687418313,0.06670563941773895,7.369871007501789,0.17599806903484566,0,6,0.2407368021199532,6.054980059906668,0.21941563560921334,0.5058105202346613,0.0,0.0,0.49418947976533883,0.4754238794644534,0.5058105202346613,0.5245761205355466
1026,metaphor_05,metaphor_shift,23,24,28,0.8518518518518519,late,INACTIVE_TARGET,True,0.0,0.19485090185165413,,,0.25785289826766106,0.3116668139968419,0.33303637507554607,0.6669636249244539,-0.04220310524933815,6.806609648354483,0.20872831283512266,0,8,0.13761281796007793,5.549528847827085,0.17451391066721114,0.7571619130917955,0.1221773493678319,0.16699974567298292,0.12066073754037267,0.15392684921930033,0.7571619130917955,0.6790734051077167
1027,metaphor_05,metaphor_shift,24,25,28,0.8888888888888888,late,DEFINED,True,0.23178976759054198,0.33878957244647,0.23720642217596782,0.22850338954354163,0.215648436288558,0.36474225531676807,0.508962574573285,0.491037425426715,0.031746052165212216,4.25986522554675,0.4305102661159303,0,7,0.2857857431555962,5.643643178727795,0.22851827772144095,0.7551111198966468,0.12552435083961802,0.12968029002382642,0.11936452926373523,0.06875045703487753,0.7551111198966468,0.8015692529412961
1028,metaphor_05,metaphor_shift,25,26,28,0.9259259259259259,late,DEFINED,True,0.7990297751228862,0.2287596148298717,0.4177944777674545,,0.2243685536237882,0.36473461804577545,0.5244158367192304,0.4755841632807696,0.08498824628417091,4.815250100234521,0.34809551226239166,1,8,0.15578306195021677,7.927642865456197,0.30482151298306176,0.48798909541703483,0.1290100633615873,0.08822190671682499,0.38300084122137784,0.44648852615405576,0.48798909541703483,0.4652895671291192
1029,metaphor_05,metaphor_shift,26,27,28,0.9629629629629629,late,DEFINED,True,0.7055904294578305,0.21925563036147905,-0.07916397634806993,0.0647455218238138,0.14232198500410764,0.3480214907907108,0.423822418988509,0.5761775810114911,0.012922229201572343,5.921168220281078,0.2489020541028197,0,8,0.1746143020834703,7.726920339308009,0.24023586528554103,0.6534718513346053,0.11362858539247665,0.14785231194799786,0.23289956327291803,0.11196760111114692,0.6534718513346053,0.7401800869408552
1030,ontology_01,ontology_collapse,1,2,32,0.03225806451612903,early,DEFINED,True,0.5546249776906981,0.19020556185841578,0.06477134980707996,0.19824678515501043,0.22094845514901562,0.27490165684349827,0.45510258593384173,0.5448974140661582,0.07674139824502188,7.08145490551536,0.20513997485509552,0,8,0.13375732134592427,0.0,0.0013811553947021809,1.0,1.0,1.0,0.0,0.0,0.0,0.0
1031,ontology_01,ontology_collapse,2,3,32,0.06451612903225806,early,DEFINED,True,0.2979023652594324,0.18054332506883736,0.5456936718266864,0.30187058519857335,0.22543726448776952,0.33110506342104556,0.42240054169135455,0.5775994583086455,0.05848300087501694,7.849951205849774,0.15924550500090598,0,7,0.2537936842727004,1.7691091049965573,0.06540233911254796,0.879151374908585,0.879151374908585,0.9034177465905366,0.12084862509141504,0.09658225340946364,0.0,0.0
1032,ontology_01,ontology_collapse,3,4,32,0.0967741935483871,early,DEFINED,True,0.47560706565034394,0.17174961805828476,0.09101788690756256,-0.31075131054312694,0.2540777264612562,0.3555146476751939,0.490338002737341,0.509661997262659,0.07962680936254415,5.723552005021943,0.24129827934792422,0,7,0.25775964908070437,3.9193075790358396,0.13016022958495183,0.8652114137649889,0.8652114137649889,0.9859325934992039,0.0,0.0,0.13478858623501125,0.014067406500796109
1033,ontology_01,ontology_collapse,4,5,32,0.12903225806451613,early,DEFINED,True,0.2245752261783683,0.16418071983267685,0.319799714415624,0.08286043853592928,0.3030379459247312,0.38181108670261593,0.4525718074010186,0.5474281925989815,0.08142162118603477,7.443932009547005,0.17503438020748174,0,7,0.24121732183360242,3.0816629642436397,0.1065200944187544,0.7595617893202647,0.7595617893202647,0.7116196606467364,0.24043821067973525,0.28838033935326357,0.0,0.0
1034,ontology_01,ontology_collapse,5,6,32,0.16129032258064516,early,DEFINED,True,0.6245352339537745,0.19666211399528785,0.26274118135534835,-0.19936058033858048,0.16935684106086757,0.27549829812865273,0.37400801034681697,0.625991989653183,-0.01908822805243988,6.410560600440778,0.25183344327877305,0,8,0.13681943634044322,5.064561913536583,0.1681950434042129,0.6555061563652503,0.6555061563652503,0.7420295724164336,0.11717540655419145,0.15233437654434454,0.22731843708055816,0.1056360510392218
1035,ontology_01,ontology_collapse,6,7,32,0.1935483870967742,early,DEFINED,True,0.609798162899196,0.18981339882956877,0.3155355856356053,0.28574301740319036,0.2577243689715005,0.3243882235435435,0.3830716649089479,0.6169283350910522,0.010329132427944887,7.254866037434432,0.17627648449722919,0,8,0.14025603885772872,6.554525261626951,0.21991923012544634,0.6186395424129931,0.6186395424129931,0.7659086158394127,0.1300936794291105,0.0931535551081771,0.25126677815789633,0.14093782905241012
1036,ontology_01,ontology_collapse,7,8,32,0.22580645161290322,early,DEFINED,True,0.783401669940939,0.2899366379435984,-0.1268582831136094,-0.21494142015471923,0.3186863167341756,0.37326831423710416,0.5246629265652497,0.4753370734347503,0.1534640205959786,6.949804414524908,0.23067128306167284,0,6,0.25821780619758816,7.650075602717635,0.2667209689321336,0.6304073480541041,0.6304073480541041,0.6152433145936982,0.0,0.0,0.36959265194589597,0.38475668540630176
1037,ontology_01,ontology_collapse,8,9,32,0.25806451612903225,early,DEFINED,True,0.6379554118889513,0.25252939850927003,-0.006043167400594151,0.15210718204352797,0.31454614435648187,0.3736834607959232,0.3882266140116268,0.6117733859883732,0.0018624785816111996,6.7053257153509715,0.24403366657431977,0,8,0.14231331274825207,14.286486391955728,0.4507602629656311,0.0,0.0,0.0,0.37040889659713117,0.36216359041227164,0.6295911034028688,0.6378364095877285
1038,ontology_01,ontology_collapse,9,10,32,0.2903225806451613,early,DEFINED,True,0.37477406692817944,0.09351037083148377,0.32673558325393387,-0.08870633294563826,0.08539491714170408,0.12544678552377156,0.6823352008916752,0.3176647991083248,0.0022674531866914327,2.153470043850578,0.6581087614804201,1,8,0.12806863717415626,1.8728751352841189,0.07458123658656643,0.12575292805053806,0.12575292805053806,0.09177908550055881,0.8742470719494619,0.9082209144994412,0.0,0.0
1039,ontology_01,ontology_collapse,10,11,32,0.3225806451612903,early,DEFINED,True,0.2194608999052229,0.12192233498066243,0.11065809321720717,-0.07293078267178707,0.0532091315455238,0.2773699907788681,0.41733441967925416,0.5826655803207459,-0.0036974616467265746,5.6430143976910925,0.24702394340057887,1,8,0.14403478862604707,5.392761240909307,0.16802436777071186,0.3782103998093651,0.3782103998093651,0.3716146754789875,0.5166852147441453,0.43883126924785454,0.10510438544648949,0.18955405527315788
1040,ontology_01,ontology_collapse,11,12,32,0.3548387096774194,middle,DEFINED,True,0.4764507780265317,0.1394254063991629,-0.16509395005499228,0.19835670204817987,0.23960407374929596,0.3240037473604615,0.3847141397799631,0.6152858602200368,-0.011859965922399655,6.329467836205236,0.2868520233826212,0,6,0.4008963172815182,7.591555030134535,0.25663962857946054,0.5274168215490878,0.35825459979814095,0.4814441402888559,0.5274168215490878,0.4267171220953396,0.1143285786527713,0.09183873761580466
1041,ontology_01,ontology_collapse,12,13,32,0.3870967741935484,middle,DEFINED,True,0.7998426698717195,0.28787824597302475,0.07995662659071716,0.1611856257353203,0.26828842650867984,0.34035994118920826,0.4031086317379052,0.5968913682620949,0.022432960366349432,6.979450617461587,0.208047503259079,0,6,0.25672058735135483,5.9159953957045825,0.19766588939116853,0.5068489087958932,0.23921757037575464,0.26782202526493826,0.5068489087958932,0.6004527943583896,0.2539335208283523,0.1317251803766721
1042,ontology_01,ontology_collapse,13,14,32,0.41935483870967744,middle,DEFINED,True,0.5682620612144528,0.15490233341740992,0.3773949774287031,-0.06596185623234611,0.18788490674219888,0.27705331001716027,0.398132628968772,0.601867371031228,0.021613272086232836,7.146917762582164,0.18137595400782888,0,7,0.26466449326985775,6.935887294381759,0.22873610469352146,0.4014291337500377,0.3534236000058126,0.37495330310387764,0.4014291337500377,0.41328251847833447,0.2451472662441498,0.2117641784177879
1043,ontology_01,ontology_collapse,14,15,32,0.45161290322580644,middle,DEFINED,True,2.311251640418523,0.2773039148228693,-0.06791700410516652,0.06040360716247739,0.27122430110940526,0.3418617523981278,0.4422116593122834,0.5577883406877167,0.010139312977050336,5.3387135050559165,0.324890707595844,0,7,0.24018429513247036,6.395560964686612,0.22459713538894402,0.24187537436187878,0.39386280376064825,0.5532281033449786,0.24187537436187878,0.14720950669105887,0.364261821877473,0.2995623899639626
1044,ontology_01,ontology_collapse,15,16,32,0.4838709677419355,middle,DEFINED,True,0.5709151425413536,0.3125581955976047,0.22844132790824062,0.1503895526341362,0.19356242602745366,0.31381152219605885,0.48051922615983444,0.5194807738401656,0.08292584732346917,6.197582668413486,0.2938954300950922,0,7,0.2521789479493242,8.636813433757364,0.2762873524626377,0.1339610275608058,0.0,0.0,0.1339610275608058,0.12880505532798922,0.8660389724391941,0.8711949446720108
1045,ontology_01,ontology_collapse,16,17,32,0.5161290322580645,middle,DEFINED,True,1.1617215412123927,0.26069975407022894,0.2959099780871973,0.21719231654832682,0.24419095294430423,0.31805760993910737,0.4368269827629995,0.5631730172370004,-0.00031205617344948926,5.233677295865044,0.35284148707347474,0,6,0.2604851312740001,8.778751230831077,0.28091046069583187,0.11705997073943562,0.0,0.0,0.11705997073943562,0.0781911808529065,0.8829400292605645,0.9218088191470937
1046,ontology_01,ontology_collapse,17,18,32,0.5483870967741935,middle,DEFINED,True,0.33001279199393435,0.1263791440934442,-0.03597363462645145,-0.16248609535162847,0.1651349813948892,0.22465416707481758,0.3985002824178565,0.6014997175821435,0.034972985729609316,7.79319222971443,0.16915863343303786,0,8,0.1342999250997552,6.0583039569160135,0.18719567629190914,0.36104159540926223,0.12362361564064527,0.1353283533176293,0.36104159540926223,0.42292400267851704,0.5153347889500925,0.4417476440038537
1047,ontology_01,ontology_collapse,18,19,32,0.5806451612903226,middle,DEFINED,True,0.2129280091998065,0.2585893389166492,-0.4117272640490638,-0.22048149189300362,0.2300183515303607,0.32927435700037916,0.4366082458410884,0.5633917541589115,-0.028074469016146693,4.700817055576479,0.30417834938707805,0,8,0.15305489507944461,7.652450760777693,0.22552073070908224,0.5209641554711018,0.3544616010162922,0.23209320566571273,0.5209641554711018,0.7469096344987642,0.12457424351260597,0.020997159835523197
1048,ontology_01,ontology_collapse,19,20,32,0.6129032258064516,middle,DEFINED,True,0.38928747323848084,0.19392921431093268,0.357033707607204,-0.11971896049897796,0.1440562911322221,0.17871041068955892,0.5001811300024093,0.49981886999759073,0.06592337109717925,5.069400974674538,0.30047059174017227,2,7,0.2524959392778785,1.9987183240553246,0.07971608697132504,0.2466989293244194,0.0,0.0,0.2466989293244194,0.4060216974495462,0.7533010706755806,0.5939783025504536
1049,ontology_01,ontology_collapse,20,21,32,0.6451612903225806,middle,DEFINED,True,0.5907120931437523,0.2484287109347956,-0.18689925301434784,0.2678427075200247,0.1196348154481429,0.30622257714301065,0.5187767972245441,0.48122320277545594,0.14066092426128832,6.689106433710531,0.2003212823722664,0,8,0.15597945034572333,2.1359763665301,0.07145818621776236,0.7309727895050824,0.0,0.0,0.7309727895050824,0.7238796523620795,0.26902721049491757,0.2761203476379205
1050,ontology_01,ontology_collapse,21,22,32,0.6774193548387096,late,DEFINED,True,0.5664537577931492,0.12288334335314051,0.3530988937578271,0.2811272130544184,0.19485556390497308,0.25662377475967013,0.45890413853805145,0.5410958614619485,-0.0012149427236879337,4.726994135802516,0.2531788342798866,2,8,0.13448463995662194,5.541390168522954,0.18235486498878398,0.38571234322394127,0.2370372240243383,0.22857989228840145,0.37725043275172043,0.28394446564932774,0.38571234322394127,0.48747564206227073
1051,ontology_01,ontology_collapse,22,23,32,0.7096774193548387,late,DEFINED,False,0.49859880393903605,0.1987196122649775,0.09068277781683487,-0.1327268153934549,0.35475402351526797,0.400137772272559,0.5028594164510306,0.4971405835489694,-0.01427669150112614,3.7967373866264604,0.46310458617007233,0,6,0.374405873029616,3.166939656413585,0.1100016621462245,0.6403808325201163,0.0,0.0,0.3596191674798836,0.23642913360504858,0.6403808325201163,0.7635708663949514
1052,ontology_01,ontology_collapse,23,24,32,0.7419354838709677,late,DEFINED,True,0.47408431001938434,0.2294622509751695,-0.06836159599031133,-0.1993269971503164,0.15478628039318196,0.35246914955547326,0.4770515793722951,0.5229484206277049,0.10047289068362746,7.07702178422462,0.21083141917910944,0,7,0.2164272363135356,6.432206006302893,0.20634667087050146,0.40910602729123685,0.0,0.0,0.5908939727087632,0.5851621819971885,0.40910602729123685,0.41483781800281155
1053,ontology_01,ontology_collapse,24,25,32,0.7741935483870968,late,DEFINED,False,0.1609581207325156,0.18515643671121093,0.091152792815641,0.024815786713158032,0.17233760851362995,0.4615346532271732,0.38908773768156124,0.6109122623184388,0.006468528792457241,6.855688697736525,0.21257891508387267,0,6,0.3060204025934087,8.518087691863956,0.2702332285514626,0.28128052306601464,0.0,0.0,0.7187194769339852,0.7473205728947102,0.28128052306601464,0.2526794271052897
1054,ontology_01,ontology_collapse,25,26,32,0.8064516129032258,late,INACTIVE_TARGET,True,0.0,0.36214945891804506,,,0.2243685536237882,0.4354238208629058,0.6229692487021121,0.3770307512978879,0.24938950118706285,5.411709396464241,0.2766713491443442,0,8,0.16889547432927401,9.238447905235205,0.30914469713618664,0.2605631854410863,0.11158734588088928,0.05725983947916596,0.6278494686780245,0.532627748748742,0.2605631854410863,0.4101124117720919
1055,ontology_01,ontology_collapse,26,27,32,0.8387096774193549,late,DEFINED,True,0.06492584350826265,0.27021106947633744,-0.1274373776283441,0.08028463435988453,0.20854120765432063,0.30950831845328447,0.4989533220894947,0.5010466779105053,0.10313508635154821,6.150521373410028,0.24192754348401535,0,8,0.1462046818151231,6.100423207352342,0.1766054738797594,0.5043894367142242,0.0,0.0,0.4956105632857758,0.5388941536098371,0.5043894367142242,0.4611058463901629
1056,ontology_01,ontology_collapse,27,28,32,0.8709677419354839,late,DEFINED,True,0.23011762943459887,0.198622073228778,0.054240033516424695,0.07042962222338833,0.29622555511306364,0.3828007311943006,0.32980183949207,0.67019816050793,-0.09765685474349341,5.317432300473275,0.28718281463086154,0,7,0.27954849358135325,7.10887280002536,0.18514783465522672,0.7571601783171227,0.12607861978431903,0.05215772245587998,0.11676120189855822,0.09379441600964906,0.7571601783171227,0.8540478615344709
1057,ontology_01,ontology_collapse,28,29,32,0.9032258064516129,late,DEFINED,True,0.6350617522806264,0.22203278986000755,0.015539357190867712,0.05230552008424581,0.25694264902303365,0.3062193132323039,0.5167342749421674,0.4832657250578326,-0.012191409025715408,3.6252531262432193,0.3285731940947035,3,8,0.1368676644451775,4.206412173052034,0.13403392455065472,0.8800543572808031,0.0,0.0,0.11994564271919698,0.02604370128914039,0.8800543572808031,0.9739562987108596
1058,ontology_01,ontology_collapse,29,30,32,0.9354838709677419,late,DEFINED,True,0.3387182818185455,0.2424598529444449,0.023294534289387204,0.25251482816480464,0.29928878054382013,0.41989637796844936,0.46624372700796207,0.533756272992038,0.0330848324937268,5.246465893976351,0.3502034792264191,0,8,0.15171472603028321,6.598703103697317,0.18832743534187268,0.8716713294414294,0.1283286705585706,0.10617987887413698,0.0,0.0,0.8716713294414294,0.893820121125863
1059,ontology_01,ontology_collapse,30,31,32,0.967741935483871,late,DEFINED,True,0.8680251852158327,0.33045097853958766,-0.32685707889719273,-0.1763467895213979,0.18873431898291498,0.36584013579349733,0.4830225272249915,0.5169774727750085,0.06454894843899718,5.543025598582332,0.32733862066875524,0,7,0.23773324549591276,11.518930662566827,0.3681043666405428,0.6321924683471245,0.3678075316528754,0.27305890925879844,0.0,0.0,0.6321924683471245,0.7269410907412017
1060,ontology_02,ontology_collapse,1,2,29,0.03571428571428571,early,DEFINED,True,0.5206254047302326,0.17015116211875045,0.39665789203855434,0.11474485650601784,0.2245459329601849,0.2798793779176712,0.43279468113719305,0.567205318862807,0.06122318979740216,7.445406906698092,0.17384663427582683,0,8,0.13240078723785173,0.3969225466225281,0.017402249293734275,1.0,1.0,1.0,0.0,0.0,0.0,0.0
1061,ontology_02,ontology_collapse,2,3,29,0.07142857142857142,early,DEFINED,True,0.3813369672229656,0.20221497371139777,0.2961275369487123,0.30187058519857335,0.22543726448776952,0.3252728396020909,0.4205741353385083,0.5794258646614917,0.04161823544849188,7.0852492763809884,0.23765053000387695,0,8,0.14728325762909775,0.0,0.005914121733357414,1.0,1.0,1.0,0.0,0.0,0.0,0.0
1062,ontology_02,ontology_collapse,3,4,29,0.10714285714285714,early,DEFINED,True,0.31115532684678165,0.24694603601513793,0.32262195659064546,0.14971021833007578,0.19288311559100285,0.2942211644135193,0.500015900621144,0.499984099378856,0.12956836583866022,7.22664547602524,0.20617529544916371,0,8,0.1426849990220233,5.063886085087925,0.173492606082705,0.5300782658645122,0.5300782658645122,0.580084158317019,0.46992173413548766,0.419915841682981,0.0,0.0
1063,ontology_02,ontology_collapse,4,5,29,0.14285714285714285,early,DEFINED,True,0.4384424108893706,0.4391431969407041,-0.1084167989563556,0.08782804203591568,0.2446046094448992,0.32299074210777046,0.5073793138452951,0.4926206861547049,0.05146522913859418,4.605241050700869,0.33039206573125396,0,8,0.14547595032887672,7.912062530232853,0.2603863961712316,0.38531974745083764,0.38531974745083764,0.4378444864094003,0.4889724368724158,0.5087072872486096,0.12570781567674644,0.05344822634199005
1064,ontology_02,ontology_collapse,5,6,29,0.17857142857142858,early,DEFINED,True,0.49092335232938583,0.20337169381881962,0.5027606440015645,0.17798968357191253,0.1710842124888876,0.2723840424931911,0.36600393320954244,0.6339960667904576,-0.02713736178257263,6.37592383283981,0.24008527680844569,0,8,0.1409525504828652,6.12284626016247,0.1904780996505986,0.6467038902857556,0.6467038902857556,0.7358131002390078,0.11981429758309597,0.1612416250941214,0.23348181213114844,0.10294527466687084
1065,ontology_02,ontology_collapse,6,7,29,0.21428571428571427,early,DEFINED,True,0.5838133069803639,0.3191956078096354,0.05333018782985893,0.06849151694347927,0.10497815694635969,0.34949510097711767,0.4962767539681133,0.5037232460318867,0.06843958324734867,5.23786901635107,0.3390556790744966,0,8,0.18968351339064182,2.1845930355242906,0.07574769705606703,0.7731855564206833,0.7731855564206833,0.8123943481542644,0.22681444357931663,0.18760565184573563,0.0,0.0
1066,ontology_02,ontology_collapse,7,8,29,0.25,early,DEFINED,True,0.5254146742243999,0.19911472502803032,-0.008125652386166225,-0.07066655863163404,0.2747108050077873,0.3674825458501174,0.3867730069564628,0.6132269930435372,-0.011096506892863204,6.2922232328726055,0.25847009217863276,0,7,0.267272290061507,6.30334426914774,0.19802450319632922,0.47514560450685245,0.47514560450685245,0.471184306899701,0.41374614254221487,0.469380067920884,0.11110825295093261,0.059435625179415114
1067,ontology_02,ontology_collapse,8,9,29,0.2857142857142857,early,DEFINED,True,0.4832313454434768,0.32516396327859315,0.1653895507834641,0.11146649895635624,0.16981398050352647,0.3178257235425099,0.45505636230594976,0.5449436376940502,0.03828492367652746,5.6976555192934,0.2899556833831893,0,7,0.23483857692642607,10.409170431389706,0.3144312271743366,0.2699012242400118,0.2699012242400118,0.24600295026578295,0.3894731170003708,0.2757947729060531,0.34062565875961737,0.47820227682816396
1068,ontology_02,ontology_collapse,9,10,29,0.32142857142857145,early,DEFINED,True,0.690814045448207,0.2558320272392911,0.10060498069434222,0.17573530302697327,0.1531505011766515,0.300227660858974,0.4034539004277321,0.5965460995722679,-0.012647910826539764,5.772607573039055,0.3069751805102493,0,8,0.15219925665911124,7.759955863051256,0.2494798950807197,0.3648286151856837,0.3648286151856837,0.27542119880266663,0.23754348249055565,0.14377423373186432,0.3976279023237606,0.580804567465469
1069,ontology_02,ontology_collapse,10,11,29,0.35714285714285715,middle,DEFINED,True,0.7212378367412526,0.09842388641125492,0.21288941045017953,0.3473616974696239,0.11063229937638226,0.1335554819519879,0.4684428519028424,0.5315571480971576,-0.02382520979285689,4.208701518945269,0.365703369837078,0,8,0.12702572507779433,1.6242113999247139,0.05845573287102831,0.6239311982498666,0.3760688017501333,0.6518913201915598,0.6239311982498666,0.34810867980844024,0.0,0.0
1070,ontology_02,ontology_collapse,11,12,29,0.39285714285714285,middle,DEFINED,True,0.32660880440661183,0.1359260224272273,-0.11017795015486588,-0.22389238596232103,0.07387596351630472,0.20638413762380456,0.46177444433727205,0.538225555662728,0.0554253353899647,5.985506980986666,0.24988923857338813,1,7,0.25443399433473807,5.557248784350389,0.17020806232546698,0.63098111871623,0.36901888128377014,0.54455106868706,0.63098111871623,0.45544893131293973,0.0,0.0
1071,ontology_02,ontology_collapse,12,13,29,0.42857142857142855,middle,DEFINED,True,0.5068182798186669,0.1279472434797502,0.24794069792830684,0.33227304357187737,0.2516302752749655,0.32039774823898276,0.3787235071911626,0.6212764928088375,-0.006001619549390454,6.732119739735841,0.2167139713510677,0,8,0.14049075630280447,8.337580980506816,0.2824856402441632,0.12150530404693016,0.6154932447578405,0.7745219624147364,0.12150530404693016,0.10425650549240728,0.26300145119522944,0.12122153209285637
1072,ontology_02,ontology_collapse,13,14,29,0.4642857142857143,middle,DEFINED,True,1.0747412870357647,0.26678051450079016,0.2594456761192704,-0.08130841269911228,0.2672852778835194,0.3190160067380729,0.40466365473598104,0.595336345264019,0.03155146895502149,7.325565108426414,0.19008605040408383,0,8,0.13471977439053878,6.954678952704321,0.2470461019620428,0.37621239311642746,0.48906783249303387,0.49862148381018095,0.37621239311642746,0.42357898876669164,0.13471977439053878,0.07779952742312742
1073,ontology_02,ontology_collapse,14,15,29,0.5,middle,DEFINED,True,0.6254240252463498,0.24224353973264245,0.4024992263564284,-0.010705525729425685,0.17592189171047753,0.35096499151503663,0.46580273029085656,0.5341972697091435,0.0963221736732094,7.4900766877390135,0.1719849210406557,0,7,0.21239218363174206,8.76356117636766,0.24522681336983584,0.14617500973515463,0.2062983537050432,0.1935912338161196,0.14617500973515463,0.1604702463802367,0.6475266365598022,0.6459385198036438
1074,ontology_02,ontology_collapse,15,16,29,0.5357142857142857,middle,DEFINED,True,0.8967932567360172,0.3885895310257176,-0.20998271205301147,-0.005563142066692061,0.33843980995128653,0.3698531172592791,0.5014394842449438,0.4985605157550562,0.08124857318751026,5.398292042875995,0.2744039307520575,0,8,0.13347330500423701,6.184173853003411,0.16963375610839476,0.49346491870533205,0.0,0.0,0.49346491870533205,0.35345897527869535,0.506535081294668,0.6465410247213045
1075,ontology_02,ontology_collapse,16,17,29,0.5714285714285714,middle,DEFINED,True,0.5278114070595177,0.20322785562553913,0.29558427471787274,0.07618863973104549,0.21973797651068974,0.25645455972908604,0.4399007126144093,0.5600992873855908,0.06755282899881584,7.402735730578514,0.19364002750290654,0,7,0.24743356813998496,3.4089105354600493,0.10561494046911313,0.7504745613153364,0.0,0.0,0.7504745613153364,0.740546259558771,0.24952543868466365,0.25945374044122904
1076,ontology_02,ontology_collapse,17,18,29,0.6071428571428571,middle,DEFINED,True,0.19556064489555602,0.3134911731107359,0.34342895664172035,0.22888950162604524,0.25519355113147707,0.2842732195560214,0.5821123391101838,0.4178876608898162,0.11785999354606522,3.991677990203399,0.4537400297791114,0,8,0.13058686158871266,5.049999420825105,0.16670914191096575,0.6315121713720978,0.12111083284046861,0.07713186425234757,0.6315121713720978,0.7838284813037378,0.24737699578743363,0.13903965444391464
1077,ontology_02,ontology_collapse,18,19,29,0.6428571428571429,middle,DEFINED,True,0.6610301673204416,0.12786225828823097,-0.12403626243800712,0.19445011345450228,0.14488976741539183,0.19623735074453366,0.4461533609422403,0.5538466390577597,-0.06575193330009556,4.024670683065752,0.35070592403047324,1,8,0.1301657891634038,2.733797128348656,0.09026650857848062,0.6229665563414647,0.0,0.0,0.6229665563414647,0.881635847026052,0.3770334436585353,0.11836415297394784
1078,ontology_02,ontology_collapse,19,20,29,0.6785714285714286,late,DEFINED,True,0.3419104996524187,0.2764659380050468,0.42419485551883584,0.33635810839775204,0.1036965294994178,0.18503206748300985,0.5191090694710107,0.48089093052898935,0.01778663523683503,3.9025100989578396,0.41342936329351065,2,8,0.132277426581968,2.4779658522163794,0.06803651921204264,0.6128934787310621,0.0,0.0,0.38710652126893785,0.059104204073844153,0.6128934787310621,0.940895795926156
1079,ontology_02,ontology_collapse,20,21,29,0.7142857142857143,late,DEFINED,True,0.5939979715553434,0.1979506835911006,0.19550593806300529,,0.08941921826497308,0.18513655762613854,0.4698461925342081,0.5301538074657919,0.05589898351204273,5.726806277623022,0.25265576620626573,1,8,0.13136700755283492,2.86070257171703,0.09686058797100476,0.3769940724684311,0.0,0.0,0.623005927531569,0.4018969988140167,0.3769940724684311,0.5981030011859831
1080,ontology_02,ontology_collapse,21,22,29,0.75,late,DEFINED,True,0.36756701493811994,0.1871489253182468,0.1684899525280781,-0.15871119704528092,0.2694038019658393,0.3502269055145201,0.4458150463970261,0.5541849536029739,0.05843605022980628,6.710358220964611,0.2532556249274847,0,6,0.2413084975246396,5.9419650713348355,0.23848414428932388,0.5186415322848611,0.11233028205483833,0.2532556249274847,0.3690281856603005,0.29676601272837067,0.5186415322848611,0.4499783623441447
1081,ontology_02,ontology_collapse,22,23,29,0.7857142857142857,late,DEFINED,True,0.4470572664655914,0.2708808557143781,0.35889401624027717,0.37946713911308144,0.19883889403128976,0.3793095518626266,0.47672994768854754,0.5232700523114524,0.08826536435945039,6.55895515077791,0.22990653927090632,0,7,0.24432909611027803,2.778442544093794,0.14140386833134871,0.633296251978711,0.0,0.0,0.3667037480212889,0.32048283994773846,0.633296251978711,0.6795171600522615
1082,ontology_02,ontology_collapse,23,24,29,0.8214285714285714,late,DEFINED,True,0.5897364552695651,0.2044092934117862,0.153239188746376,-0.11569065980312306,0.29526716877776654,0.37512378147396863,0.4434051815571907,0.5565948184428093,0.05476404083806251,6.663906814428128,0.2646231598817747,0,6,0.3620687173566482,5.044456816121025,0.13789014830645538,0.871279410779089,0.128720589220911,0.10287789365020404,0.0,0.0,0.871279410779089,0.8971221063497961
1083,ontology_02,ontology_collapse,24,25,29,0.8571428571428571,late,DEFINED,True,0.8454612444841201,0.20826801183196583,-0.031194165696623113,0.07676407905148624,0.2264931417145525,0.32736056914482003,0.39515016444188783,0.6048498355581122,0.02150709487913651,7.267661344835205,0.2228432872696145,0,7,0.2575816719251411,2.8805356275861063,0.030748790941290165,0.9999999999999999,0.0,0.0,0.0,0.0,0.9999999999999999,1.0
1084,ontology_02,ontology_collapse,25,26,29,0.8928571428571429,late,DEFINED,True,0.3941294552889283,0.21066377073685774,0.4838492472468726,0.3678309032327965,0.18709720440750965,0.3040746154981863,0.42111838950556973,0.5788816104944303,0.0544248087130629,7.692863769916975,0.16014834177355158,0,8,0.14231980184679618,3.079103813903025,0.11862531206727188,0.882534654130968,0.0,0.0,0.11746534586903201,0.13405890788381836,0.882534654130968,0.8659410921161818
1085,ontology_02,ontology_collapse,26,27,29,0.9285714285714286,late,DEFINED,True,0.37208561578979016,0.18736423697225205,0.0855891613028142,0.18039915185343006,0.17820139162239204,0.38762791380383915,0.3748381072385842,0.6251618927614158,-0.002603080501518306,7.005983441728503,0.24027200357239029,0,6,0.4395452867681471,1.8434941246384404,0.05350334991861287,1.0,0.0,0.0,0.0,0.0,1.0,0.9999999999999999
1086,ontology_02,ontology_collapse,27,28,29,0.9642857142857143,late,DEFINED,True,0.41286368985743394,0.21071329646640763,-0.021131607958018127,-0.01112765890691672,0.21377396353641806,0.3802623614621586,0.3718165618310131,0.6281834381689869,-0.016863898973978417,6.555698297247158,0.24022032442578753,0,6,0.2833408619532343,9.361697954480986,0.3625956715082335,0.3951585944859059,0.1004521384370158,0.0718435652267526,0.5043892670770784,0.5717179196896487,0.3951585944859059,0.3564385150835987
1087,ontology_03,ontology_collapse,1,2,30,0.034482758620689655,early,DEFINED,True,0.35647972646664017,0.14938631643798642,0.38510973836298723,0.5085084497280323,0.170286267774023,0.30748336445420876,0.4255782787580002,0.5744217212419997,0.05801495044241012,7.652074334891643,0.1686724221900778,0,8,0.15771262344927334,0.8051412386852386,0.02513974080511653,1.0,1.0,0.9999999999999999,0.0,0.0,0.0,0.0
1088,ontology_03,ontology_collapse,2,3,30,0.06896551724137931,early,DEFINED,True,0.4072407165242212,0.15702722169446262,0.3493599308674374,0.30343637554235076,0.2609196054971279,0.35992162248551235,0.4141803103421054,0.5858196896578947,0.04660756997957658,7.63093906814229,0.15574131507481062,0,8,0.14687206044732276,1.8420057148827835,0.05869870211529872,0.8813168810443429,0.8813168810443429,0.9344728037248888,0.11868311895565711,0.06552719627511117,0.0,0.0
1089,ontology_03,ontology_collapse,3,4,30,0.10344827586206896,early,DEFINED,True,0.766758225046525,0.19085436452135005,0.18932582760664585,0.014262699575649858,0.21873042705783843,0.312995614457837,0.44529364944392097,0.554706350556079,0.0623794747089328,6.898988312005019,0.20900486581392896,0,8,0.14140183838858963,2.943709042256966,0.09549920297904407,0.7644720461805183,0.7644720461805183,0.744597027866758,0.23552795381948163,0.25540297213324203,0.0,0.0
1090,ontology_03,ontology_collapse,4,5,30,0.13793103448275862,early,DEFINED,True,0.9125433361658725,0.17252838880451626,-0.16927111203336384,-0.16059977904736492,0.2640520982841529,0.3472347010953594,0.4274174673184244,0.5725825326815757,0.05723250381225207,7.514894715306232,0.19258931886520292,0,8,0.14396442473651666,3.632625744417325,0.11457507521857108,0.6499654070354626,0.6499654070354626,0.5832133967238581,0.3500345929645373,0.4167866032761418,0.0,0.0
1091,ontology_03,ontology_collapse,5,6,30,0.1724137931034483,early,DEFINED,True,0.8514981059522796,0.25478102446675005,0.04896711472856915,-0.2454164393196365,0.24081258745913525,0.35787037971546276,0.42724475850222826,0.5727552414977717,0.055258937695216725,7.422591148667577,0.18570679379265428,0,8,0.15472364992390125,7.986006898459997,0.25657524532180104,0.6159128194214983,0.6159128194214983,0.6096703080895617,0.0,0.0,0.3840871805785017,0.3903296919104382
1092,ontology_03,ontology_collapse,6,7,30,0.20689655172413793,early,DEFINED,True,0.5071783583947063,0.2309802652393234,-0.09191472844230912,-0.1589641892889913,0.17830338532525664,0.3468984172969123,0.37636130828793335,0.6236386917120667,0.0028041977518039546,7.182149837704161,0.19248177073050116,0,7,0.24019204219517598,8.903121654618392,0.29847086962016245,0.3305195768588156,0.3305195768588156,0.3576558143466046,0.5097386299882105,0.46321589070064934,0.15974179315297382,0.17912829495274615
1093,ontology_03,ontology_collapse,7,8,30,0.2413793103448276,early,DEFINED,True,0.6876859876424818,0.15951489352502402,0.2226635312751398,0.023696591913508053,0.22591921879783539,0.33278741063439127,0.4433474993960113,0.5566525006039886,0.07610158241263712,7.670044204315796,0.1641208350492056,0,6,0.2382819529851739,12.686626036405547,0.4072609633263934,0.12115454858428033,0.12115454858428033,0.1218221798733827,0.3937322856619372,0.4300122753037725,0.4851131657537825,0.44816554482284476
1094,ontology_03,ontology_collapse,8,9,30,0.27586206896551724,early,DEFINED,True,0.05206922662818533,0.08752699180208215,0.44002055534385726,,0.08601649535306355,0.16032580587689638,0.5026645135650453,0.49733548643495473,0.05074055443214097,4.700908574299568,0.3127664621512298,1,8,0.13249336852337049,2.370732220428335,0.0640569271823733,0.6251001725120787,0.6251001725120787,0.7254432684367702,0.37489982748792133,0.27455673156322974,0.0,0.0
1095,ontology_03,ontology_collapse,9,10,30,0.3103448275862069,early,DEFINED,True,0.3811035220672339,0.15160616447630598,0.14566360677514734,-0.04131485564457815,0.09399189742635938,0.24871377420307558,0.44501953005073036,0.5549804699492696,0.03788250338041173,6.007231674697113,0.25355416987489887,0,8,0.13671956945122407,3.457689301749567,0.10552869704611113,0.5023771752000421,0.5023771752000421,0.7011455863977151,0.4976228247999579,0.29885441360228493,0.0,0.0
1096,ontology_03,ontology_collapse,10,11,30,0.3448275862068966,middle,DEFINED,True,0.3415958534930799,0.16444348219182645,0.07463357981122273,0.26810488162792995,0.2467322357932793,0.3127146185388891,0.35649555890422785,0.6435044410957722,-0.013528517748668149,7.207693123874658,0.1738247263423602,0,8,0.13743389883826865,2.962263459175227,0.08388258946056845,0.7427948219820281,0.25720517801797194,0.2073243941231529,0.7427948219820281,0.7926756058768469,0.0,0.0
1097,ontology_03,ontology_collapse,11,12,30,0.3793103448275862,middle,DEFINED,False,0.4847774032650674,0.2165555612294708,0.11608296060013015,0.08073771255562052,0.13811739468138737,0.4796355188852592,0.48452179399769685,0.5154782060023031,0.10001782390713622,6.679222937292237,0.22207015189105364,0,7,0.2945597125074551,6.655470485833994,0.20307483772215107,0.5327417889550635,0.20557461232449262,0.2700666357499856,0.5327417889550635,0.598922962657369,0.261683598720444,0.13101040159264535
1098,ontology_03,ontology_collapse,12,13,30,0.41379310344827586,middle,DEFINED,True,1.085678480173698,0.1907534824132428,0.38504745659232853,0.04663398605761524,0.23690890685210933,0.30312726891930486,0.4980666292795111,0.5019333707204889,0.08701958447852023,5.6688977233340925,0.25736534212145384,1,8,0.13362145127139813,7.979050254354841,0.25609324522386356,0.3891635745861697,0.25450248390994995,0.2696738839110694,0.3891635745861697,0.2960811625044772,0.3563339415038803,0.4342449535844535
1099,ontology_03,ontology_collapse,13,14,30,0.4482758620689655,middle,DEFINED,True,0.3508287923851506,0.17169391352039773,0.22789750679580983,0.08028463435988453,0.20854120765432063,0.26328972244724064,0.42879310620551464,0.5712068937944854,0.016535831999687008,5.877473914501144,0.2465460841952025,0,8,0.13426642166113945,7.748252676304706,0.2526884936578682,0.5054142591503852,0.1185397195405684,0.1360636625077775,0.5054142591503852,0.589598206967496,0.3760460213090463,0.2743381305247266
1100,ontology_03,ontology_collapse,14,15,30,0.4827586206896552,middle,DEFINED,True,0.5359018396871139,0.2981285854350237,0.06796594295913891,0.1539861495704431,0.15308438973265326,0.3454416197235773,0.5016675519856661,0.49833244801433385,0.041906340680539465,4.567483913829851,0.3855753821976779,0,8,0.1709891963411231,7.675297308370028,0.2780104391290502,0.37175308738960666,0.2988201858856684,0.2748963612761674,0.37175308738960666,0.5182428373306397,0.32942672672472484,0.2068608013931929
1101,ontology_03,ontology_collapse,15,16,30,0.5172413793103449,middle,DEFINED,True,0.06865335965732978,0.12946301369478252,0.10963200385724003,,0.13308434407502504,0.17613775284566438,0.5406418452372371,0.45935815476276287,-0.010797704299775253,3.3349610295003367,0.3794240433391319,3,8,0.13002437347166343,2.486463356153303,0.0913924059298924,0.7518677233359664,0.12193866261178674,0.3794240433391319,0.7518677233359664,0.6095363035560948,0.12619361405224686,0.011039653104773364
1102,ontology_03,ontology_collapse,16,17,30,0.5517241379310345,middle,DEFINED,True,0.24337407056302526,0.2155215365304764,-0.2604905942431508,-0.053859223845137964,0.3243400605520736,0.3752686254402065,0.37648730499045635,0.6235126950095436,-0.0006271656755762195,7.028363941027496,0.2020313529628958,0,7,0.2362691894375883,3.399457126419083,0.10517635360797248,0.7447019206806231,0.0,0.0,0.7447019206806231,0.8177570283775114,0.255298079319377,0.1822429716224887
1103,ontology_03,ontology_collapse,17,18,30,0.5862068965517241,middle,DEFINED,True,0.48037215051699006,0.19455451165356902,0.24998467023630766,-0.444006168370242,0.24597718587121495,0.31725327600298314,0.5004054876411336,0.4995945123588664,0.11908785060276929,6.708246251556458,0.20271576710122774,0,8,0.1412499605377759,6.417186392426255,0.21806646182962242,0.64245549358712,0.23336377820609883,0.1729941809804717,0.64245549358712,0.6787836680158602,0.1241807282067813,0.14822215100366806
1104,ontology_03,ontology_collapse,18,19,30,0.6206896551724138,middle,DEFINED,True,0.30889920571484203,0.21152551032838354,-0.23085207018375148,0.06162879663890309,0.20846005994942296,0.3279554052003281,0.4852133188639755,0.5147866811360244,0.08251992081727264,6.000051109567275,0.29571181479895486,0,8,0.14647184315801998,4.663399609674588,0.16957778713090638,0.10752332306503189,0.22906866052336722,0.17476184136216627,0.10752332306503189,0.09123524737266012,0.6634080164116009,0.7340029112651736
1105,ontology_03,ontology_collapse,19,20,30,0.6551724137931034,middle,DEFINED,True,0.04663323646052415,0.18986762759867462,0.04246098299582749,,0.1978921849196942,0.22673381363848996,0.579706100991728,0.42029389900827197,0.16875473009350397,4.9684593100562475,0.21935714168305873,3,6,0.25337336874319116,3.3874063509139916,0.09246016758590675,0.5043505591021384,0.0,0.0,0.5043505591021384,0.5906677814605662,0.49564944089786156,0.4093322185394338
1106,ontology_03,ontology_collapse,20,21,30,0.6896551724137931,late,INACTIVE_TARGET,True,0.0,0.2787428998570589,,,0.11218836243544741,0.18247985818300166,0.6039939568726604,0.39600604312733956,0.1834433064776908,4.502273989210004,0.33262813220805565,3,8,0.1333870248358027,3.699721298266741,0.07954685234003653,0.6347986684676038,0.0,0.0,0.3652013315323961,0.6763049505981958,0.6347986684676038,0.32369504940180416
1107,ontology_03,ontology_collapse,21,22,30,0.7241379310344828,late,DEFINED,True,0.3419473073017015,0.21632238469021403,0.08291478751843336,0.07271892910357722,0.2663731373671144,0.3920842538191007,0.3835492943913474,0.6164507056086526,-0.0023763165652815146,6.705469296679008,0.22222714237306634,0,8,0.16226944947421754,7.078831023436344,0.2209363556555472,0.49553426372733667,0.21931897279971665,0.3364014431402613,0.28514676347294676,0.2614319263795228,0.49553426372733667,0.40216663048021584
1108,ontology_03,ontology_collapse,22,23,30,0.7586206896551724,late,DEFINED,True,1.0399769547781066,0.23958517567818224,0.4938315761068437,0.24011951304430704,0.2865633372364152,0.3643954566857858,0.4035514807646946,0.5964485192353054,0.030906369263045512,7.344543525782865,0.1761856370802787,0,7,0.23316737111795988,6.237472866954466,0.1944507630877668,0.7273272108251255,0.2726727891748744,0.31084508756942764,0.0,0.0,0.7273272108251255,0.6891549124305724
1109,ontology_03,ontology_collapse,23,24,30,0.7931034482758621,late,DEFINED,True,0.6230334072563561,0.19212521583150177,0.09362376472247207,-0.3050710224817479,0.23136689247479533,0.28381016391130026,0.4122136873001822,0.5877863126998177,0.027397218940380583,6.8241857732906785,0.18523520903044735,0,8,0.1319522986612618,5.176932004347508,0.18207921711285113,0.6208256447450302,0.12224233393833618,0.16726034766868186,0.2569320213166336,0.11538527445614624,0.6208256447450302,0.7173543778751719
1110,ontology_03,ontology_collapse,24,25,30,0.8275862068965517,late,DEFINED,True,1.0386361050524626,0.26155997170729256,0.002490086068125332,-0.060350899215551285,0.2271907402523863,0.38426674442038883,0.41758302877056597,0.582416971229434,0.04601336593284175,7.431989211338143,0.18186052335589253,0,7,0.26543308246269026,7.311202329588795,0.21690177091791144,0.6475097365085486,0.10451237752753346,0.10416937921801377,0.2479778859639179,0.24749054521374153,0.6475097365085486,0.6483400755682448
1111,ontology_03,ontology_collapse,25,26,30,0.8620689655172413,late,DEFINED,True,0.4277440481039257,0.1532527391569746,0.3257815275792393,0.21348228765377844,0.17063407061359648,0.3444736794454269,0.3694077669690361,0.6305922330309639,-0.030673193294643405,6.166699943974429,0.2420617051697216,0,8,0.16313244509049138,7.927618715919959,0.2963869343908635,0.6320515670987022,0.10908147477028927,0.09227214706412207,0.2588669581310085,0.19137823260311373,0.6320515670987022,0.7163496203327642
1112,ontology_03,ontology_collapse,26,27,30,0.896551724137931,late,DEFINED,True,0.598670694580949,0.2450285918050548,0.32224765126675314,-0.009946715994850561,0.2482543795704585,0.3239776718018682,0.4136023787764045,0.5863976212235955,0.03624656736743009,7.14842646944673,0.22275361990184472,0,7,0.2540520637611696,6.541493352809951,0.23649733639244985,0.6264895848304564,0.11566819986605742,0.11329073686420546,0.25784221530348617,0.2462477302228327,0.6264895848304564,0.6404615329129618
1113,ontology_03,ontology_collapse,27,28,30,0.9310344827586207,late,DEFINED,True,0.8848262277727844,0.22449307767309673,-0.011741582494043275,-0.024644932039264763,0.3227889149650598,0.365782826264732,0.38845296943252217,0.6115470305674778,0.008104755670062145,6.94648517988453,0.23168587478432753,0,6,0.381477403681322,5.126998491641945,0.17977912587343714,0.7615540572919521,0.12152072727733282,0.0698322420220783,0.11692521543071499,0.23168587478432753,0.7615540572919521,0.6984818831935942
1114,ontology_03,ontology_collapse,28,29,30,0.9655172413793104,late,DEFINED,True,0.48744042279426475,0.27213994352510645,0.003686527570524426,0.36202829928088887,0.31200283262682516,0.33491542651513057,0.5262013009889266,0.4737986990110734,0.10671192889761731,5.249204938515845,0.322931343596422,0,5,0.5001506947641988,9.94586232293692,0.3918225544082353,0.374040179468579,0.12411509485782633,0.22713240369388,0.5018447256735947,0.27179019700282264,0.374040179468579,0.5010773993032974
1115,ontology_04,ontology_collapse,1,2,30,0.034482758620689655,early,DEFINED,True,0.29745874030451247,0.18880395162006172,0.29526161732943507,0.477123932713455,0.18696196967128095,0.3043254254531537,0.48381980578895795,0.516180194211042,0.11511307248210344,7.437991481484045,0.18711134005856428,0,8,0.15111059565242763,0.4840940064003771,0.020075314199967317,1.0,1.0,1.0,0.0,0.0,0.0,0.0
1116,ontology_04,ontology_collapse,2,3,30,0.06896551724137931,early,DEFINED,True,0.38880217604456335,0.2548445152536169,0.16619950790193422,0.11384852924679267,0.21881144847900133,0.27646745135263606,0.42089648137060476,0.5791035186293952,0.04242622006392878,7.107478951355929,0.21357283942326108,0,8,0.13466142821941496,0.0,0.0049193513739855445,1.0,1.0,1.0,0.0,0.0,0.0,0.0
1117,ontology_04,ontology_collapse,3,4,30,0.10344827586206896,early,DEFINED,True,0.8732014596783937,0.2012227844664576,0.3391512662486544,0.25130889531073763,0.33153515387148785,0.42126164812992656,0.5747003845827474,0.4252996154172526,0.052113253403570266,3.40761412069909,0.38649901621569505,4,8,0.14656223221392037,13.248929992894261,0.42677618754160773,0.3490672912871967,0.3490672912871967,0.38649901621569505,0.25236542318111604,0.3211162849954824,0.39856728553168713,0.29238469878882256
1118,ontology_04,ontology_collapse,4,5,30,0.13793103448275862,early,DEFINED,True,0.32246089614844553,0.2514687675132207,0.03835988071442096,0.4746408962333801,0.34816894594917946,0.38147254787780654,0.48949461906167,0.51050538093833,0.0864815120129171,5.965894630818181,0.2985140687241139,0,8,0.1336842239525837,7.157613213037131,0.2355377774944083,0.5053939486423867,0.5053939486423867,0.4251066138652466,0.3746977614645372,0.2763793174106396,0.11990828989307602,0.2985140687241139
1119,ontology_04,ontology_collapse,5,6,30,0.1724137931034483,early,DEFINED,True,0.4132827857805991,0.35452633544549167,-0.12656411669524198,0.05497381383028233,0.1940450223914046,0.28945106566993756,0.5268959373580728,0.47310406264192717,0.1618728377714574,7.241058927563486,0.17447640171023132,0,6,0.38466544364641353,3.1741960192042074,0.11897636665252435,0.752150288856188,0.752150288856188,0.6641933687040453,0.24784971114381216,0.33580663129595467,0.0,0.0
1120,ontology_04,ontology_collapse,6,7,30,0.20689655172413793,early,DEFINED,True,0.021134083719165878,0.20076782697518888,0.25865612247927955,0.35456938387339165,0.14377475545630275,0.28023284314400354,0.4945118042774264,0.5054881957225736,0.1155734121192869,6.857693952395222,0.1778779102991503,0,8,0.1403160730491343,2.518630033723988,0.0807305467573089,0.8832616087164342,0.8832616087164342,0.984367177010584,0.11673839128356574,0.015632822989416078,0.0,0.0
1121,ontology_04,ontology_collapse,7,8,30,0.2413793103448276,early,DEFINED,True,0.21884890643596575,0.2566655574211094,0.07232821740750293,-0.023298603999979368,0.1658073692082909,0.3074438840992214,0.4061500707648321,0.5938499292351679,-0.020660731937028703,5.498698225265988,0.3421763408604061,0,8,0.1572751028785189,3.520993154152478,0.12574299749984952,0.6100841628077165,0.6100841628077165,0.49039787097213455,0.3899158371922835,0.5096021290278653,0.0,0.0
1122,ontology_04,ontology_collapse,8,9,30,0.27586206896551724,early,DEFINED,True,0.5076786387355422,0.10236476207761264,0.12799195454432888,-0.041075152032915355,0.09228075205331082,0.12167397608812475,0.5911803038772114,0.40881969612278857,0.05058960318596257,3.176299596503942,0.44353384354829767,1,8,0.12731050668778363,1.5055222852095689,0.04717378110338734,0.7493927052088821,0.7493927052088821,0.9786952961560871,0.2506072947911179,0.021304703843912868,0.0,0.0
1123,ontology_04,ontology_collapse,9,10,30,0.3103448275862069,early,DEFINED,True,0.5884362860329992,0.23671169525430485,-0.1117411713885257,0.11849122601188139,0.08463489696995607,0.41625842501004084,0.4544032174383805,0.5455967825616195,0.05263701087839312,6.157894680714393,0.2396449123140303,0,8,0.18766172226465166,6.2694597028204555,0.18727589430448485,0.18490550800800581,0.18490550800800581,0.32227509002552807,0.7211234051498886,0.5355087130629769,0.09397108684210542,0.14221619691149517
1124,ontology_04,ontology_collapse,10,11,30,0.3448275862068966,middle,DEFINED,True,0.4626044886423931,0.21251464073731735,0.1259244953106533,0.48908679986915254,0.16991320527787332,0.31529950537058826,0.44903301465638573,0.5509669853436143,0.0699206577538977,7.061570187143294,0.20423075585511982,0,6,0.3508954143957118,7.0776311847691575,0.2131061118038401,0.3916664180094042,0.36097050583254964,0.44357200160165244,0.3916664180094042,0.254127865300594,0.24736307615804615,0.3023001330977534
1125,ontology_04,ontology_collapse,11,12,30,0.3793103448275862,middle,DEFINED,True,0.5374858624707604,0.2617024851366238,0.37193039150138146,0.13741725743043295,0.06867060678983337,0.35477951388529244,0.4457386765113803,0.5542613234886197,0.05959786045601747,6.761343165495148,0.21473066402244134,0,7,0.21000479704553648,5.640643514625136,0.17124902863765049,0.635580509518177,0.364419490481823,0.46486478565608985,0.635580509518177,0.5351352143439103,0.0,0.0
1126,ontology_04,ontology_collapse,12,13,30,0.41379310344827586,middle,DEFINED,True,0.8639711543380673,0.2121187059686395,0.49037764245741866,0.19978600984031988,0.3380926603523294,0.37790337980462685,0.41819461701466953,0.5818053829853305,0.017984165358604857,6.258761854486333,0.2884229161414131,0,7,0.23818059592201885,5.063522538859908,0.16128745550008292,0.6335363822265853,0.12828302185139592,0.09837723949325565,0.6335363822265853,0.6294493575301717,0.23818059592201885,0.27217340297657266
1127,ontology_04,ontology_collapse,13,14,30,0.4482758620689655,middle,DEFINED,True,0.8424478408753872,0.17225634658334654,0.3013464485199643,-0.2881158203578381,0.20865684760905792,0.38093804933820596,0.3682562884156364,0.6317437115843636,-0.007846255265972189,7.025328574621581,0.1905136012126893,0,7,0.20484622237774547,7.872983121253384,0.22880212840067946,0.36403726414038795,0.23845897280012301,0.2665623429541309,0.36403726414038795,0.33031592537183996,0.39750376305948903,0.40312173167402926
1128,ontology_04,ontology_collapse,14,15,30,0.4827586206896552,middle,DEFINED,True,0.42224677878025735,0.24277630268252817,0.16450102376807443,0.1384313947468006,0.167238709001725,0.37965153430648,0.5214271312211277,0.4785728687788723,0.12635424754506427,6.003117655682619,0.23307847026264927,0,8,0.1876074196089192,5.350411915176837,0.17794944480438402,0.6585099208570894,0.22707537500162459,0.1925548533833808,0.6585099208570894,0.6837571428455117,0.11441470414128613,0.12368800377110738
1129,ontology_04,ontology_collapse,15,16,30,0.5172413793103449,middle,DEFINED,True,0.42226455932963625,0.22402397921938902,0.13578633657300443,0.1038265367373547,0.2803751434704605,0.3633167964777849,0.4412723827507683,0.5587276172492317,-0.02006274740567934,4.749247836562126,0.3802613441026836,0,6,0.25358917859547925,7.243820697292927,0.2044333072127836,0.4978757476960577,0.12202618569651427,0.05900408931192837,0.4978757476960577,0.3101200731597628,0.38009806660742795,0.6308758375283088
1130,ontology_04,ontology_collapse,16,17,30,0.5517241379310345,middle,DEFINED,True,0.9369284433663873,0.15000955648591446,0.177665324779838,-0.11793868730563511,0.12014658671138509,0.18776502019136146,0.43256018743193286,0.5674398125680671,0.02580555050175203,6.039539669341724,0.2126101699607231,1,8,0.13261604174492223,3.015671765718724,0.08516222169969517,0.7394568836948068,0.0,0.0,0.7394568836948068,0.6929060673229955,0.26054311630519317,0.3070939326770046
1131,ontology_04,ontology_collapse,17,18,30,0.5862068965517241,middle,DEFINED,True,0.24972470417297235,0.20605732821780065,0.04066515239424517,0.10520616580509257,0.19805597464678645,0.24927328839045254,0.49612755804044884,0.5038724419595512,0.09196819003185674,5.889642009846913,0.2722112154591242,1,8,0.13175959300764967,4.869995228618113,0.13427881211889764,0.4926597269767514,0.0,0.0,0.4926597269767514,0.2924791687109851,0.5073402730232486,0.707520831289015
1132,ontology_04,ontology_collapse,18,19,30,0.6206896551724138,middle,DEFINED,True,1.4435603008436468,0.2905674321984973,-0.05370465917314978,-0.34450578660724374,0.2377528137297205,0.27523823874785003,0.463429264316886,0.536570735683114,-0.002253044811307232,4.618257772242449,0.3701731735868453,0,8,0.13251244408954058,3.014137810563027,0.12150128207879064,0.7454897130842542,0.0,0.0,0.7454897130842542,0.7106651863552317,0.25451028691574584,0.2893348136447683
1133,ontology_04,ontology_collapse,19,20,30,0.6551724137931034,middle,DEFINED,True,0.8669488076896514,0.25953461542199774,0.07717687408061037,-0.028430099051010533,0.1514939094000119,0.38025943712000804,0.579218097941289,0.420781902058711,0.18602848636125408,5.445896147181856,0.32896544462040234,0,8,0.1649915108644455,7.554721210468358,0.28420056604883626,0.5065431004331468,0.3349849275981965,0.2601769904556665,0.5065431004331468,0.5740164832243434,0.15847197196865673,0.16580652631999013
1134,ontology_04,ontology_collapse,20,21,30,0.6896551724137931,late,DEFINED,True,1.311246914373151,0.3514300850265612,0.3155075129609674,0.09899445819087677,0.2517614483920222,0.3347101255534255,0.4750405872214532,0.5249594127785469,0.042505562495345504,5.227696595961643,0.2893716356244104,0,6,0.2870288375337037,5.511721966385744,0.15267625170574867,0.5319222249915556,0.11987829274996616,0.09033870856923855,0.3481994822584782,0.4034396872564491,0.5319222249915556,0.5062216041743124
1135,ontology_04,ontology_collapse,21,22,30,0.7241379310344828,late,DEFINED,True,0.5684342431066528,0.1455887200844422,0.15147023721887773,,0.1376953770977064,0.18852602354644407,0.4924113493315525,0.5075886506684475,0.06922218120037144,5.372555548122169,0.23484631418815013,2,7,0.2489309253903379,2.7180597610465824,0.08874048125999878,0.5059565522811167,0.0,0.0,0.49404344771888337,0.570441156385819,0.5059565522811167,0.42955884361418084
1136,ontology_04,ontology_collapse,22,23,30,0.7586206896551724,late,DEFINED,True,1.8380644980949512,0.1403908499008979,-0.014924861086611237,,0.09294201179553964,0.14792108682905247,0.5240652989771405,0.4759347010228595,-0.03915630859283458,3.3115163721782648,0.37355849877256253,4,8,0.13003234344840495,2.609137878362594,0.0904931607278903,0.6270542304024096,0.0,0.0,0.37294576959759035,0.09301306528589162,0.6270542304024096,0.9069869347141084
1137,ontology_04,ontology_collapse,23,24,30,0.7931034482758621,late,DEFINED,True,0.7845177503149319,0.22365761001234302,0.16699344536577146,-0.23521128532591135,0.122720424939572,0.18024006402346351,0.487245174698642,0.5127548253013581,0.09451243151120887,6.336714731690791,0.2304536953202327,1,8,0.12789982515163684,3.857590730134476,0.10828540208900193,0.6217218316117813,0.0,0.0,0.3782781683882186,0.20018136278383886,0.6217218316117813,0.7998186372161611
1138,ontology_04,ontology_collapse,24,25,30,0.8275862068965517,late,DEFINED,True,0.43751396289681105,0.2757309466110615,-0.16639155649298876,0.1851806604096953,0.3100773470013115,0.38002879850979604,0.5538724344789495,0.4461275655210505,0.023603614763912487,3.448079718981678,0.49830101876008076,0,8,0.1373920705540175,7.316317705706181,0.25853928786834995,0.5143608249128154,0.11394420569084417,0.01468807819666969,0.3716949693963404,0.6469876481363248,0.5143608249128154,0.3383242736670056
1139,ontology_04,ontology_collapse,25,26,30,0.8620689655172413,late,DEFINED,True,0.3365301313252715,0.22856476722830082,0.32568401940584707,-0.06366195022654533,0.23545169761226836,0.32384168042231776,0.41458536112744226,0.5854146388725577,0.03956306941560602,7.25855346372004,0.1897765782282159,0,7,0.27243686998594574,5.377463957450291,0.2037743219753955,0.6293828579272808,0.10817948455324358,0.12219944498850052,0.2624376575194757,0.31081594810490104,0.6293828579272808,0.5669846069065985
1140,ontology_04,ontology_collapse,26,27,30,0.896551724137931,late,DEFINED,True,0.5127947198464606,0.19457516769629185,-0.17680111110445432,-0.08923777338330695,0.2619010057524925,0.31944489243388885,0.3256077402615628,0.6743922597384372,-0.033698189925389685,7.398429848477693,0.18386969155263166,0,8,0.13810693982048997,2.7807414026447184,0.07122921421793854,0.8731791207604614,0.0,0.0,0.12682087923953847,0.13222607403704242,0.8731791207604614,0.8677739259629573
1141,ontology_04,ontology_collapse,27,28,30,0.9310344827586207,late,DEFINED,True,0.42002915308192107,0.3045715435892499,0.03504995375041183,-0.1202620722623844,0.2730832916653789,0.3604419462825027,0.43203242306312967,0.5679675769368704,0.02212644456924287,5.943596216563192,0.28575175391247926,0,8,0.14498265141281583,7.53966485649134,0.2915913256225817,0.491053426681962,0.0,0.0,0.508946573318038,0.665703673492524,0.491053426681962,0.334296326507476
1142,ontology_04,ontology_collapse,28,29,30,0.9655172413793104,late,DEFINED,True,0.4223913486499192,0.3256934746136274,-0.33955499736071776,-0.22328378028443407,0.28303226275312854,0.38457492540036,0.506906519023864,0.49309348097613603,0.1338941109851658,7.038071904723939,0.2158839862727474,0,7,0.26851045374154525,4.447715564780996,0.17184462579599402,0.8788716718003036,0.0,0.0,0.12112832819969657,0.2158839862727474,0.8788716718003036,0.7841160137272527
1143,ontology_05,ontology_collapse,1,2,29,0.03571428571428571,early,DEFINED,True,0.42875625166049036,0.14972287779096383,0.46092283684329266,0.38820233306470975,0.26058480826234115,0.3246833657685779,0.3519109972906772,0.6480890027093228,-0.012712636501022868,7.416207042690237,0.16663929841096764,0,6,0.2444206766107461,0.9965049739101992,0.03424496569972471,0.9999999999999999,0.9999999999999999,1.0,0.0,0.0,0.0,0.0
1144,ontology_05,ontology_collapse,2,3,29,0.07142857142857142,early,DEFINED,True,0.362508227733149,0.16655186762439372,0.40210192813371576,0.14878873725776748,0.2004679312867425,0.34677361215104535,0.4667268279338775,0.5332731720661226,0.07048853586413222,6.30838484988162,0.26631563513265083,0,8,0.16103158405863327,7.07956996242577,0.2368639180140909,0.5056392447221699,0.5056392447221699,0.4158857373943575,0.37824136431769234,0.431561409921808,0.11611939096013783,0.1525528526838345
1145,ontology_05,ontology_collapse,3,4,29,0.10714285714285714,early,DEFINED,True,0.3958101516374335,0.14595688156182235,0.08344278638489519,,0.13564261054923735,0.24403467315473884,0.5287341957057544,0.4712658042942456,0.1167926030119853,5.426198543704458,0.2237384747168954,1,8,0.13935495855256036,1.3954249712354871,0.04792783387525287,0.8731332102119359,0.8731332102119359,0.9901889126687343,0.126866789788064,0.009811087331265761,0.0,0.0
1146,ontology_05,ontology_collapse,4,5,29,0.14285714285714285,early,DEFINED,True,0.24548040706715699,0.27952485004523253,0.015655619416818763,0.11585577930877816,0.3047855821402935,0.37122613815755146,0.4776086840243083,0.5223913159756917,0.06994732570277053,5.880352963709031,0.30443851027665914,0,6,0.26244987320308166,10.907444380955685,0.3231660091139631,0.23996783594516202,0.23996783594516202,0.25295763261061804,0.6273213265571245,0.44260385711272276,0.13271083749771356,0.30443851027665914
1147,ontology_05,ontology_collapse,5,6,29,0.17857142857142858,early,DEFINED,True,1.0122484191699832,0.17348588508851867,0.14885636797406895,0.09916757844154679,0.19489328389425312,0.29973621059658484,0.3769803577630438,0.6230196422369563,-0.014939851422762211,6.462360607400524,0.19752433843384087,0,8,0.14554895613869012,5.054533242553016,0.14950472918336383,0.656839694184779,0.656839694184779,0.7438803603570654,0.22981721040506692,0.2071064465768056,0.11334309541015397,0.049013193066129085
1148,ontology_05,ontology_collapse,6,7,29,0.21428571428571427,early,DEFINED,True,0.6227584772030846,0.3091561714710261,0.18139863853777533,0.02123567819751193,0.24531102697727955,0.29254661439312196,0.4239988153589019,0.5760011846410982,0.009036421048671013,5.8039818041513955,0.2911670938433124,0,7,0.24414572867719891,7.188709530151657,0.23324564298606096,0.25248226504212207,0.25248226504212207,0.22265223820391397,0.6285826106824056,0.7270813658972757,0.11893512427547233,0.050266395898810344
1149,ontology_05,ontology_collapse,7,8,29,0.25,early,DEFINED,True,0.34716355924009656,0.21686677171036386,-0.014086684194367868,-0.03457312767881739,0.15676840761086797,0.21519559027782023,0.43047671447301916,0.5695232855269808,0.004920744087024646,5.516282764310357,0.3395141977338974,0,8,0.13374921856941696,8.190170634337342,0.252000672514064,0.2534456686967413,0.2534456686967413,0.2335560030760852,0.5006581437626895,0.6381302892156244,0.24589618754056924,0.1283137077082903
1150,ontology_05,ontology_collapse,8,9,29,0.2857142857142857,early,DEFINED,True,0.34255379440032596,0.29321259652471077,0.25752791861819924,-0.005281961956414863,0.26517544044641367,0.3076991700956967,0.4814374326849538,0.5185625673150462,0.0837325392171922,6.188927984579892,0.25284748162251036,0,5,0.3789111991042178,5.10832248332415,0.1679059547560135,0.6317674696898082,0.6317674696898082,0.6080560439541817,0.24548889632046111,0.24920836124967,0.12274363398973051,0.14273559479614836
1151,ontology_05,ontology_collapse,9,10,29,0.32142857142857145,early,DEFINED,True,0.3784340449537772,0.3366482645528688,0.17130236704215418,0.04191910813776866,0.2138291541294446,0.3022359219672457,0.457894241607651,0.542105758392349,0.05630507257211727,6.153379155665017,0.2946662390181341,0,7,0.23926164441652154,9.240752909814557,0.29905932282383096,0.4940120046863068,0.4940120046863068,0.44253555410631995,0.0,0.0,0.5059879953136932,0.5574644458936799
1152,ontology_05,ontology_collapse,10,11,29,0.35714285714285715,middle,DEFINED,True,0.5116773674666153,0.1546464076911692,-0.16388123219120967,-0.16187852689218551,0.11109719999005394,0.21405933256719464,0.37283349738733346,0.6271665026126665,0.0012376095211124377,7.24963806985672,0.19451136396002605,0,7,0.24203882741905608,8.743192445181672,0.27111036876154965,0.3677614441065219,0.1410823577389551,0.19451136396002605,0.3677614441065219,0.4402300097087753,0.49115619815452305,0.3652586263311986
1153,ontology_05,ontology_collapse,11,12,29,0.39285714285714285,middle,DEFINED,True,1.1770631326930907,0.10597782985329547,0.33680973524106456,-0.22048149189300362,0.2300183515303607,0.32164523601622136,0.3251546216010489,0.6748453783989511,-0.025822198414250222,7.798099038103646,0.1554352224853221,0,7,0.24484119410405242,4.492189064900521,0.15052501914050964,0.509695125529398,0.49030487447060195,0.5509910766327552,0.509695125529398,0.4490089233672448,0.0,0.0
1154,ontology_05,ontology_collapse,12,13,29,0.42857142857142855,middle,DEFINED,True,0.023825972188316873,0.12553374344816273,-0.07222855655198739,-0.08870633294563826,0.08539491714170408,0.13026906621659845,0.5558205774564441,0.4441794225435559,0.035930513796905095,3.5313124412712735,0.3950605513756348,1,8,0.12871212925760983,2.1246698586072386,0.09347234565005175,0.5020160915195571,0.4979839084804429,0.5446898048116817,0.5020160915195571,0.45531019518831817,0.0,0.0
1155,ontology_05,ontology_collapse,13,14,29,0.4642857142857143,middle,DEFINED,True,0.3815100907321624,0.14015065930280557,-0.07384889908500121,-0.07293078267178707,0.0532091315455238,0.2541403230604101,0.4804469618019085,0.5195530381980915,0.0609414528208683,5.527520986113786,0.24141519485157475,1,7,0.25331445275314446,5.353885264716638,0.15254620696189006,0.36883297962727424,0.412707678633579,0.3464775167959793,0.36883297962727424,0.24352487882288218,0.21845934173914688,0.40999760438113847
1156,ontology_05,ontology_collapse,14,15,29,0.5,middle,DEFINED,True,1.1093393886725809,0.18937848349762826,0.13229697738031673,-0.005839581198400186,0.3368145626244591,0.3906212317293855,0.44072079802428316,0.5592792019757169,0.048099503253336076,6.513829142337019,0.26705242979511634,0,6,0.2645213068268096,6.010426635124078,0.18948377605761388,0.5162113943524834,0.36804633506537626,0.3593633129064022,0.5162113943524834,0.5830008850131776,0.11574227058214032,0.057635802080420094
1157,ontology_05,ontology_collapse,15,16,29,0.5357142857142857,middle,DEFINED,True,0.34113009204697836,0.22456921873567565,0.06673888562251472,-0.020583074822030933,0.32733394478841576,0.42368191175475745,0.45226935972460675,0.5477306402753932,0.06530150635125173,6.712566545961758,0.22094674399518735,0,6,0.27609176804226077,8.842400023921648,0.3254689033803294,0.26660658155076755,0.606853275408463,0.6062159418506534,0.26660658155076755,0.34829879037556544,0.12654014304076935,0.04548526777378126
1158,ontology_05,ontology_collapse,16,17,29,0.5714285714285714,middle,DEFINED,True,0.43237368632848083,0.22980286097912916,0.31167278279367094,0.02505806241545618,0.1990481809584808,0.3692800948928586,0.3751496527004105,0.6248503472995894,0.008102325530048063,7.478404268574235,0.18413264633987453,0,8,0.16253826878043715,6.099188235409945,0.19661583897843177,0.458839468143633,0.1141893600437324,0.14299437005640736,0.458839468143633,0.4550270452823403,0.4269711718126346,0.40197858466125236
1159,ontology_05,ontology_collapse,17,18,29,0.6071428571428571,middle,DEFINED,True,0.3568470676608122,0.20472611515429576,0.05696043234823261,-0.293371742962989,0.11699146667556039,0.2851452042218326,0.5234416663611051,0.4765583336388949,0.1271489718012804,5.944142697807119,0.23474047342721718,0,8,0.1526225910311971,6.113762407702279,0.17926821794635517,0.5039478128269879,0.0,0.0,0.5039478128269879,0.5990923397919352,0.49605218717301214,0.4009076602080647
1160,ontology_05,ontology_collapse,18,19,29,0.6428571428571429,middle,DEFINED,True,0.31706797145164645,0.1120451318654614,0.39967552580791876,0.0660477255830971,0.2553981665611584,0.30654676665004327,0.37606329936748345,0.6239367006325165,0.006281545641904045,7.353139785746099,0.19552148969431069,0,8,0.13312962260794395,6.427459461158422,0.23621149203833292,0.74642938929102,0.13312962260794395,0.12479317080439152,0.74642938929102,0.7480210401157206,0.12044098810103607,0.12718578907988784
1161,ontology_05,ontology_collapse,19,20,29,0.6785714285714286,late,DEFINED,True,0.020948556596155823,0.16443688731181602,0.06453792313485973,-0.050476819946192,0.13031004357698317,0.1748218697342649,0.4741230682449662,0.5258769317550338,0.04570712734995782,5.328698144857572,0.2414784183459059,1,8,0.129306794766673,3.3697170491231345,0.10841635328975184,0.24807710894434015,0.0,0.0,0.7519228910556598,0.7061250449916362,0.24807710894434015,0.2938749550083638
1162,ontology_05,ontology_collapse,20,21,29,0.7142857142857143,late,DEFINED,True,0.33256646943600043,0.238515536282282,0.16554668646243215,0.17278013608742693,0.3260404984244449,0.40071675422484715,0.4508994884342455,0.5491005115657546,0.0361687799596706,5.766556024786432,0.3024299916293025,0,7,0.2733164219559535,7.670290960823551,0.2283299927691423,0.611546305451038,0.14845135159115427,0.14042126398101132,0.2400023429578077,0.47420808292876404,0.611546305451038,0.3853706530902248
1163,ontology_05,ontology_collapse,21,22,29,0.75,late,DEFINED,True,0.41494443634942,0.23052527532673242,0.437013549019106,0.5637738822257484,0.2568847311518587,0.3679991808774373,0.42900130969153716,0.5709986903084628,0.039359446089829234,6.639637651614812,0.2466508726961277,0,6,0.25289193451967035,12.855855527534251,0.45618370492987137,0.23230488577924563,0.7676951142207544,0.8450251273936753,0.0,0.0,0.23230488577924563,0.1549748726063248
1164,ontology_05,ontology_collapse,22,23,29,0.7857142857142857,late,DEFINED,True,0.8103671054131105,0.2861941759862675,0.10994677347700735,-0.05976007193564316,0.22517584080348785,0.3066994669709762,0.5246222200615402,0.47537777993845975,0.16710260601502577,7.703035463980512,0.17058429089499708,0,7,0.24770133664354627,13.118471197363244,0.47278784996363715,0.13225851297779026,0.4883737037156738,0.5093842018747865,0.3793677833065359,0.36432806656492206,0.13225851297779026,0.12628773156029144
1165,ontology_05,ontology_collapse,23,24,29,0.8214285714285714,late,DEFINED,True,0.5599763089361547,0.23616713758976204,0.26115721612953896,0.2603392414629484,0.15154634287735003,0.3050450522345243,0.4703376138190358,0.5296623861809642,0.04710423388448898,5.472850784062951,0.27904741540665967,1,8,0.15895313595215207,5.517171751756974,0.20116287777347217,0.6356378018866884,0.12911477505388905,0.12145694078984613,0.2352474230594227,0.28386716843840615,0.6356378018866884,0.5946758907717478
1166,ontology_05,ontology_collapse,24,25,29,0.8571428571428571,late,DEFINED,True,0.36799712032418025,0.16548599461976224,0.14761839720297204,-0.21865806851966646,0.30019314824349286,0.3586554556469397,0.36209753805201395,0.637902461947986,-0.055448441926307775,5.6573278282902395,0.2982536805326018,0,6,0.25378428676068376,10.786358404687036,0.3828896400588056,0.25954627149990184,0.251207615800514,0.20130546820638462,0.48924611269958407,0.4063102913662695,0.25954627149990184,0.3923842404273459
1167,ontology_05,ontology_collapse,25,26,29,0.8928571428571429,late,DEFINED,True,0.5767023040299406,0.39486935036281123,0.050426644609015185,-0.2454164393196365,0.24081258745913525,0.36492672022897543,0.4848354988710734,0.5151645011289265,0.10988003079273366,7.110411874436035,0.1952831252413838,0,6,0.23699910249323147,10.761701722201265,0.42573461807181656,0.3614627104420017,0.40192838210332976,0.4898925615124866,0.23660890745466845,0.2551106624999018,0.3614627104420017,0.2549967759876117
1168,ontology_05,ontology_collapse,26,27,29,0.9285714285714286,late,DEFINED,True,0.6882013861397168,0.17713705461352727,-0.013949144871910115,-0.1589641892889913,0.17830338532525664,0.360285413103638,0.32905037860568004,0.67094962139432,-0.024141094302361377,7.734314027474471,0.1622338355633466,0,8,0.1668680080544567,7.772518772210382,0.2853999584153379,0.44426839538690666,0.1668680080544567,0.15721239038600018,0.3888635965586367,0.4152992087498118,0.44426839538690666,0.4274884008641881
1169,ontology_05,ontology_collapse,27,28,29,0.9642857142857143,late,DEFINED,True,0.048076825558981254,0.18675620096403955,-0.19261965160947692,-0.0457333056666605,0.14501498994649292,0.4219924045884609,0.48632592043401895,0.5136740795659811,0.07070369226788809,5.604612165253562,0.24389347989240423,1,6,0.45333235988775844,10.69597103603355,0.3709386458325473,0.31611688194406695,0.19174630900647743,0.21233115456482793,0.49213680904945567,0.543775365542768,0.31611688194406695,0.24389347989240423
