layer,k,complex_mode,betti_1_fraction_target,random_tangent_reference,token_selector,selector_component,component,baseline_component,family,prompt_id,position_bin,metric,contrast_type,position_bin_center,response_power,response_coefficient,response_rmse,relative_response_rmse,n_alpha_magnitudes,min_alpha_abs,max_alpha_abs,n_tokens,token_set,mean_position_frac,min_null_seeds,max_null_seeds
7,16,matched_betti,0.5,max_full_branch_node_speed,all_interior,coexact,coexact,random_tangent,identity_stress,identity_01,0,next_token_logprob_delta,even,0.041666666666666664,2,-0.16516700015384753,0.0068103897879650864,0.06899408285985002,3,0.25,1.0,2,"1,2",0.04411764705882352,8,8
7,16,matched_betti,0.5,max_full_branch_node_speed,all_interior,coexact,coexact,random_tangent,identity_stress,identity_02,0,next_token_logprob_delta,even,0.041666666666666664,2,0.09741793914988713,0.01499969440486696,0.25004770477498633,3,0.25,1.0,2,"1,2",0.04838709677419354,8,8
7,16,matched_betti,0.5,max_full_branch_node_speed,all_interior,coexact,coexact,random_tangent,identity_stress,identity_03,0,next_token_logprob_delta,even,0.041666666666666664,2,0.08843344336056372,0.0022943406122541677,0.043474024815097836,3,0.25,1.0,2,"1,2",0.04838709677419354,8,8
7,16,matched_betti,0.5,max_full_branch_node_speed,all_interior,coexact,coexact,random_tangent,identity_stress,identity_04,0,next_token_logprob_delta,even,0.041666666666666664,2,0.007717878090294778,0.0071285352184242675,0.8401658034322579,3,0.25,1.0,2,"1,2",0.05357142857142857,8,8
7,16,matched_betti,0.5,max_full_branch_node_speed,all_interior,coexact,coexact,random_tangent,identity_stress,identity_05,0,next_token_logprob_delta,even,0.041666666666666664,2,0.3212855701810236,0.007819631932870795,0.040788038111710175,3,0.25,1.0,2,"1,2",0.05357142857142857,8,8
7,16,matched_betti,0.5,max_full_branch_node_speed,all_interior,coexact,coexact,random_tangent,literal_stable,literal_01,0,next_token_logprob_delta,even,0.041666666666666664,2,-0.028278346151563955,0.0076012725650677895,0.4110085872683072,3,0.25,1.0,2,"1,2",0.04545454545454545,8,8
7,16,matched_betti,0.5,max_full_branch_node_speed,all_interior,coexact,coexact,random_tangent,literal_stable,literal_02,0,next_token_logprob_delta,even,0.041666666666666664,2,0.05344936451180629,0.006145215749387525,0.18935004116160256,3,0.25,1.0,2,"1,2",0.05357142857142857,8,8
7,16,matched_betti,0.5,max_full_branch_node_speed,all_interior,coexact,coexact,random_tangent,literal_stable,literal_03,0,next_token_logprob_delta,even,0.041666666666666664,2,-0.19250621716032992,0.0055076318306310395,0.04793138472940392,3,0.25,1.0,2,"1,2",0.05555555555555555,8,8
7,16,matched_betti,0.5,max_full_branch_node_speed,all_interior,coexact,coexact,random_tangent,literal_stable,literal_04,0,next_token_logprob_delta,even,0.041666666666666664,2,-0.008201963559640712,0.01497971275582585,0.9506284051343459,3,0.25,1.0,2,"1,2",0.06,8,8
7,16,matched_betti,0.5,max_full_branch_node_speed,all_interior,coexact,coexact,random_tangent,literal_stable,literal_05,0,next_token_logprob_delta,even,0.041666666666666664,2,-0.16087928446939448,0.028732831253268,0.28695738683475575,3,0.25,1.0,2,"1,2",0.05769230769230769,8,8
7,16,matched_betti,0.5,max_full_branch_node_speed,all_interior,coexact,coexact,random_tangent,metaphor_shift,metaphor_01,0,next_token_logprob_delta,even,0.041666666666666664,2,-0.3397502181222574,0.016819266082453942,0.08274745246282361,3,0.25,1.0,2,"1,2",0.04411764705882352,8,8
7,16,matched_betti,0.5,max_full_branch_node_speed,all_interior,coexact,coexact,random_tangent,metaphor_shift,metaphor_02,0,next_token_logprob_delta,even,0.041666666666666664,2,-0.5735058646282107,0.02804655270264956,0.08174945225665818,3,0.25,1.0,2,"1,2",0.05172413793103448,8,8
7,16,matched_betti,0.5,max_full_branch_node_speed,all_interior,coexact,coexact,random_tangent,metaphor_shift,metaphor_03,0,next_token_logprob_delta,even,0.041666666666666664,2,0.06229662135512999,0.014875138963983769,0.3717858385832043,3,0.25,1.0,2,"1,2",0.05000000000000001,8,8
7,16,matched_betti,0.5,max_full_branch_node_speed,all_interior,coexact,coexact,random_tangent,metaphor_shift,metaphor_04,0,next_token_logprob_delta,even,0.041666666666666664,2,0.14306657447293028,0.015710398525547262,0.18113574958041337,3,0.25,1.0,2,"1,2",0.05357142857142857,8,8
7,16,matched_betti,0.5,max_full_branch_node_speed,all_interior,coexact,coexact,random_tangent,metaphor_shift,metaphor_05,0,next_token_logprob_delta,even,0.041666666666666664,2,-0.06479452464539065,0.008710699997550166,0.21996075017034059,3,0.25,1.0,2,"1,2",0.05555555555555555,8,8
7,16,matched_betti,0.5,max_full_branch_node_speed,all_interior,coexact,coexact,random_tangent,ontology_collapse,ontology_01,0,next_token_logprob_delta,even,0.041666666666666664,2,0.19486237755117763,0.018843132471007436,0.16009804698395666,3,0.25,1.0,2,"1,2",0.04838709677419354,8,8
7,16,matched_betti,0.5,max_full_branch_node_speed,all_interior,coexact,coexact,random_tangent,ontology_collapse,ontology_02,0,next_token_logprob_delta,even,0.041666666666666664,2,0.40743338835177373,1.9507502838751145e-05,8.030532576609824e-05,3,0.25,1.0,2,"1,2",0.05357142857142857,8,8
7,16,matched_betti,0.5,max_full_branch_node_speed,all_interior,coexact,coexact,random_tangent,ontology_collapse,ontology_03,0,next_token_logprob_delta,even,0.041666666666666664,2,-0.2329343174419747,0.043106873721843526,0.2964414406610619,3,0.25,1.0,2,"1,2",0.05172413793103448,8,8
7,16,matched_betti,0.5,max_full_branch_node_speed,all_interior,coexact,coexact,random_tangent,ontology_collapse,ontology_04,0,next_token_logprob_delta,even,0.041666666666666664,2,0.773243581567257,0.05041548543364273,0.10870899066759877,3,0.25,1.0,2,"1,2",0.05172413793103448,8,8
7,16,matched_betti,0.5,max_full_branch_node_speed,all_interior,coexact,coexact,random_tangent,ontology_collapse,ontology_05,0,next_token_logprob_delta,even,0.041666666666666664,2,-0.0038577485305719434,0.011486157286297143,0.9805346079296822,3,0.25,1.0,2,"1,2",0.05357142857142857,8,8
7,16,matched_betti,0.5,max_full_branch_node_speed,all_interior,coexact,coexact,random_tangent,identity_stress,identity_01,1,next_token_logprob_delta,even,0.125,2,-0.27851768254199355,0.010641119050667579,0.06395049861489452,3,0.25,1.0,3,"3,4,5",0.11764705882352942,8,8
7,16,matched_betti,0.5,max_full_branch_node_speed,all_interior,coexact,coexact,random_tangent,identity_stress,identity_02,1,next_token_logprob_delta,even,0.125,2,-0.14351303244547964,0.02172201994900819,0.2460626634252585,3,0.25,1.0,3,"3,4,5",0.12903225806451613,8,8
7,16,matched_betti,0.5,max_full_branch_node_speed,all_interior,coexact,coexact,random_tangent,identity_stress,identity_03,1,next_token_logprob_delta,even,0.125,2,0.009057694870222658,0.010372249388273979,0.8869808812319089,3,0.25,1.0,3,"3,4,5",0.12903225806451613,8,8
7,16,matched_betti,0.5,max_full_branch_node_speed,all_interior,coexact,coexact,random_tangent,identity_stress,identity_04,1,next_token_logprob_delta,even,0.125,2,-0.07497350563631708,0.005555861173780072,0.12334282952485628,3,0.25,1.0,2,"3,4",0.125,8,8
7,16,matched_betti,0.5,max_full_branch_node_speed,all_interior,coexact,coexact,random_tangent,identity_stress,identity_05,1,next_token_logprob_delta,even,0.125,2,-0.2146067357357722,0.026513637962218017,0.20290644153410706,3,0.25,1.0,2,"3,4",0.125,8,8
7,16,matched_betti,0.5,max_full_branch_node_speed,all_interior,coexact,coexact,random_tangent,literal_stable,literal_01,1,next_token_logprob_delta,even,0.125,2,-0.3565821762026405,0.024762562400583353,0.11569353645427655,3,0.25,1.0,3,"3,4,5",0.12121212121212122,8,8
7,16,matched_betti,0.5,max_full_branch_node_speed,all_interior,coexact,coexact,random_tangent,literal_stable,literal_02,1,next_token_logprob_delta,even,0.125,2,-0.3194886560105846,0.009144191176074162,0.04795007594913027,3,0.25,1.0,2,"3,4",0.125,8,8
7,16,matched_betti,0.5,max_full_branch_node_speed,all_interior,coexact,coexact,random_tangent,literal_stable,literal_03,1,next_token_logprob_delta,even,0.125,2,0.4031795353929502,0.028656449682910836,0.11837469675117109,3,0.25,1.0,2,"3,4",0.12962962962962962,8,8
7,16,matched_betti,0.5,max_full_branch_node_speed,all_interior,coexact,coexact,random_tangent,literal_stable,literal_04,1,next_token_logprob_delta,even,0.125,2,-0.12970130837511376,0.00485901669307106,0.06271156703255806,3,0.25,1.0,2,"3,4",0.14,8,8
7,16,matched_betti,0.5,max_full_branch_node_speed,all_interior,coexact,coexact,random_tangent,literal_stable,literal_05,1,next_token_logprob_delta,even,0.125,2,-0.02464075479828159,0.007102748383862709,0.4352701683999628,3,0.25,1.0,2,"3,4",0.13461538461538464,8,8
7,16,matched_betti,0.5,max_full_branch_node_speed,all_interior,coexact,coexact,random_tangent,metaphor_shift,metaphor_01,1,next_token_logprob_delta,even,0.125,2,-0.07693359872025168,0.024893387069386957,0.47699146796131325,3,0.25,1.0,2,"3,5",0.1176470588235294,8,8
7,16,matched_betti,0.5,max_full_branch_node_speed,all_interior,coexact,coexact,random_tangent,metaphor_shift,metaphor_02,1,next_token_logprob_delta,even,0.125,2,-0.22642881449758528,0.012820033681909798,0.09453819113288403,3,0.25,1.0,2,"3,4",0.12068965517241377,8,8
7,16,matched_betti,0.5,max_full_branch_node_speed,all_interior,coexact,coexact,random_tangent,metaphor_shift,metaphor_03,1,next_token_logprob_delta,even,0.125,2,-0.0856458747016419,0.012297635271413301,0.23413782907729788,3,0.25,1.0,2,"3,4",0.11666666666666665,8,8
7,16,matched_betti,0.5,max_full_branch_node_speed,all_interior,coexact,coexact,random_tangent,metaphor_shift,metaphor_04,1,next_token_logprob_delta,even,0.125,2,0.18755253426948837,0.013004197502664752,0.11551617236620079,3,0.25,1.0,2,"3,4",0.125,8,8
7,16,matched_betti,0.5,max_full_branch_node_speed,all_interior,coexact,coexact,random_tangent,metaphor_shift,metaphor_05,1,next_token_logprob_delta,even,0.125,2,0.09966066194766246,0.03047698189735654,0.45638494061521356,3,0.25,1.0,2,"3,4",0.12962962962962962,8,8
7,16,matched_betti,0.5,max_full_branch_node_speed,all_interior,coexact,coexact,random_tangent,ontology_collapse,ontology_01,1,next_token_logprob_delta,even,0.125,2,-0.1209967271044794,0.024568706821892078,0.32238739292407254,3,0.25,1.0,3,"3,4,5",0.12903225806451613,8,8
7,16,matched_betti,0.5,max_full_branch_node_speed,all_interior,coexact,coexact,random_tangent,ontology_collapse,ontology_02,1,next_token_logprob_delta,even,0.125,2,0.08135089552692118,0.02393036036609931,0.4424617016811465,3,0.25,1.0,2,"3,4",0.125,8,8
7,16,matched_betti,0.5,max_full_branch_node_speed,all_interior,coexact,coexact,random_tangent,ontology_collapse,ontology_03,1,next_token_logprob_delta,even,0.125,2,-0.36742503848235836,0.023091228215224982,0.10482820350619841,3,0.25,1.0,2,"3,4",0.12068965517241377,8,8
7,16,matched_betti,0.5,max_full_branch_node_speed,all_interior,coexact,coexact,random_tangent,ontology_collapse,ontology_04,1,next_token_logprob_delta,even,0.125,2,-0.4556880245846746,0.009105302891971201,0.03349517939923695,3,0.25,1.0,2,"3,4",0.12068965517241377,8,8
7,16,matched_betti,0.5,max_full_branch_node_speed,all_interior,coexact,coexact,random_tangent,ontology_collapse,ontology_05,1,next_token_logprob_delta,even,0.125,2,0.04638335460644227,0.006653815725051406,0.23393074789269408,3,0.25,1.0,2,"3,4",0.125,8,8
7,16,matched_betti,0.5,max_full_branch_node_speed,all_interior,coexact,coexact,random_tangent,identity_stress,identity_01,2,next_token_logprob_delta,even,0.20833333333333334,2,-0.041497473913370206,0.00861922257807837,0.32898214845062396,3,0.25,1.0,3,"6,7,8",0.2058823529411765,8,8
7,16,matched_betti,0.5,max_full_branch_node_speed,all_interior,coexact,coexact,random_tangent,identity_stress,identity_02,2,next_token_logprob_delta,even,0.20833333333333334,2,-0.24848180321336452,0.021355051429645375,0.14267227855830278,3,0.25,1.0,2,"6,7",0.20967741935483866,8,8
7,16,matched_betti,0.5,max_full_branch_node_speed,all_interior,coexact,coexact,random_tangent,identity_stress,identity_03,2,next_token_logprob_delta,even,0.20833333333333334,2,0.20243589984136315,0.031134946651914863,0.24978718448247927,3,0.25,1.0,2,"6,7",0.20967741935483866,8,8
7,16,matched_betti,0.5,max_full_branch_node_speed,all_interior,coexact,coexact,random_tangent,identity_stress,identity_04,2,next_token_logprob_delta,even,0.20833333333333334,2,-0.2178516910781091,0.007172650625134813,0.0551387395390718,3,0.25,1.0,2,"5,6",0.19642857142857142,8,8
7,16,matched_betti,0.5,max_full_branch_node_speed,all_interior,coexact,coexact,random_tangent,identity_stress,identity_05,2,next_token_logprob_delta,even,0.20833333333333334,2,-0.03215020131060041,0.010694674196006062,0.4872295725772614,3,0.25,1.0,2,"5,6",0.19642857142857142,8,8
7,16,matched_betti,0.5,max_full_branch_node_speed,all_interior,coexact,coexact,random_tangent,literal_stable,literal_01,2,next_token_logprob_delta,even,0.20833333333333334,2,0.23956964274762335,0.014500815694493215,0.10100277738335375,3,0.25,1.0,3,"6,7,8",0.21212121212121213,8,8
7,16,matched_betti,0.5,max_full_branch_node_speed,all_interior,coexact,coexact,random_tangent,literal_stable,literal_02,2,next_token_logprob_delta,even,0.20833333333333334,2,0.31970886550636735,0.018795262431394198,0.09812777360767463,3,0.25,1.0,2,"5,6",0.19642857142857142,8,8
7,16,matched_betti,0.5,max_full_branch_node_speed,all_interior,coexact,coexact,random_tangent,literal_stable,literal_03,2,next_token_logprob_delta,even,0.20833333333333334,2,0.4249659049953005,0.008434575686715882,0.033271158981677804,3,0.25,1.0,2,"5,6",0.2037037037037037,8,8
7,16,matched_betti,0.5,max_full_branch_node_speed,all_interior,coexact,coexact,random_tangent,literal_stable,literal_04,2,next_token_logprob_delta,even,0.20833333333333334,2,-0.32297780663812664,0.024388113131693707,0.12564620108445568,3,0.25,1.0,2,"5,6",0.22,8,8
7,16,matched_betti,0.5,max_full_branch_node_speed,all_interior,coexact,coexact,random_tangent,literal_stable,literal_05,2,next_token_logprob_delta,even,0.20833333333333334,2,0.0337409528431149,0.010813394827473625,0.4734647113540779,3,0.25,1.0,2,"5,6",0.21153846153846156,8,8
7,16,matched_betti,0.5,max_full_branch_node_speed,all_interior,coexact,coexact,random_tangent,metaphor_shift,metaphor_01,2,next_token_logprob_delta,even,0.20833333333333334,2,0.0006274402495201247,0.01566480517949195,0.9997149766253615,3,0.25,1.0,3,"6,7,8",0.2058823529411765,8,8
7,16,matched_betti,0.5,max_full_branch_node_speed,all_interior,coexact,coexact,random_tangent,metaphor_shift,metaphor_02,2,next_token_logprob_delta,even,0.20833333333333334,2,-0.12989000415578997,0.009377581176774064,0.12021355298335291,3,0.25,1.0,3,"5,6,7",0.20689655172413793,8,8
7,16,matched_betti,0.5,max_full_branch_node_speed,all_interior,coexact,coexact,random_tangent,metaphor_shift,metaphor_03,2,next_token_logprob_delta,even,0.20833333333333334,2,-0.07150564796509129,0.00099498081848804,0.02333218456913811,3,0.25,1.0,3,"5,6,7",0.19999999999999998,8,8
7,16,matched_betti,0.5,max_full_branch_node_speed,all_interior,coexact,coexact,random_tangent,metaphor_shift,metaphor_04,2,next_token_logprob_delta,even,0.20833333333333334,2,-0.14647546929615543,0.0038482379245058053,0.04402253703582014,3,0.25,1.0,2,"5,6",0.19642857142857142,8,8
7,16,matched_betti,0.5,max_full_branch_node_speed,all_interior,coexact,coexact,random_tangent,metaphor_shift,metaphor_05,2,next_token_logprob_delta,even,0.20833333333333334,2,0.09786684389292068,0.018661462881533086,0.3046226018754526,3,0.25,1.0,2,"5,6",0.2037037037037037,8,8
7,16,matched_betti,0.5,max_full_branch_node_speed,all_interior,coexact,coexact,random_tangent,ontology_collapse,ontology_01,2,next_token_logprob_delta,even,0.20833333333333334,2,-0.3137382996328224,0.037033830486991465,0.19421433877293545,3,0.25,1.0,2,"6,7",0.20967741935483866,8,8
7,16,matched_betti,0.5,max_full_branch_node_speed,all_interior,coexact,coexact,random_tangent,ontology_collapse,ontology_02,2,next_token_logprob_delta,even,0.20833333333333334,2,-0.10308175807881753,0.005006659727139333,0.08119499046975515,3,0.25,1.0,2,"5,6",0.19642857142857142,8,8
7,16,matched_betti,0.5,max_full_branch_node_speed,all_interior,coexact,coexact,random_tangent,ontology_collapse,ontology_03,2,next_token_logprob_delta,even,0.20833333333333334,2,0.07086263802168304,0.014311383433736934,0.32083087890528994,3,0.25,1.0,3,"5,6,7",0.20689655172413793,8,8
7,16,matched_betti,0.5,max_full_branch_node_speed,all_interior,coexact,coexact,random_tangent,ontology_collapse,ontology_04,2,next_token_logprob_delta,even,0.20833333333333334,2,0.166957795778324,0.00931504586453363,0.09317176052130596,3,0.25,1.0,3,"5,6,7",0.20689655172413793,8,8
7,16,matched_betti,0.5,max_full_branch_node_speed,all_interior,coexact,coexact,random_tangent,ontology_collapse,ontology_05,2,next_token_logprob_delta,even,0.20833333333333334,2,0.3436764801130833,0.006111795966124652,0.02981434106599615,3,0.25,1.0,2,"5,6",0.19642857142857142,8,8
7,16,matched_betti,0.5,max_full_branch_node_speed,all_interior,coexact,coexact,random_tangent,identity_stress,identity_01,3,next_token_logprob_delta,even,0.2916666666666667,2,0.14054808885977985,0.013329192866754097,0.15709135030035476,3,0.25,1.0,3,"9,10,11",0.29411764705882354,8,8
7,16,matched_betti,0.5,max_full_branch_node_speed,all_interior,coexact,coexact,random_tangent,identity_stress,identity_02,3,next_token_logprob_delta,even,0.2916666666666667,2,-0.27505906160142196,0.014896453858453835,0.09046318423536409,3,0.25,1.0,3,"8,9,10",0.2903225806451613,8,8
7,16,matched_betti,0.5,max_full_branch_node_speed,all_interior,coexact,coexact,random_tangent,identity_stress,identity_03,3,next_token_logprob_delta,even,0.2916666666666667,2,0.1061809150677792,0.00889434100432968,0.1391303911916227,3,0.25,1.0,3,"8,9,10",0.2903225806451613,8,8
7,16,matched_betti,0.5,max_full_branch_node_speed,all_interior,coexact,coexact,random_tangent,identity_stress,identity_04,3,next_token_logprob_delta,even,0.2916666666666667,2,0.05256970594982509,0.028810403266170504,0.6767400639098108,3,0.25,1.0,3,"7,8,9",0.28571428571428575,8,8
7,16,matched_betti,0.5,max_full_branch_node_speed,all_interior,coexact,coexact,random_tangent,identity_stress,identity_05,3,next_token_logprob_delta,even,0.2916666666666667,2,0.09378330343497579,0.013342321888663324,0.23210270330176336,3,0.25,1.0,3,"7,8,9",0.28571428571428575,8,8
7,16,matched_betti,0.5,max_full_branch_node_speed,all_interior,coexact,coexact,random_tangent,literal_stable,literal_01,3,next_token_logprob_delta,even,0.2916666666666667,2,0.37311623471804634,0.01151390077575693,0.05168882818720986,3,0.25,1.0,2,"9,10",0.28787878787878785,8,8
7,16,matched_betti,0.5,max_full_branch_node_speed,all_interior,coexact,coexact,random_tangent,literal_stable,literal_02,3,next_token_logprob_delta,even,0.2916666666666667,2,-0.012311916429577264,0.018718839017446146,0.930976728950664,3,0.25,1.0,3,"7,8,9",0.28571428571428575,8,8
7,16,matched_betti,0.5,max_full_branch_node_speed,all_interior,coexact,coexact,random_tangent,literal_stable,literal_03,3,next_token_logprob_delta,even,0.2916666666666667,2,0.026141680639482547,0.013128535582756841,0.6442361334256388,3,0.25,1.0,2,"7,8",0.2777777777777778,8,8
7,16,matched_betti,0.5,max_full_branch_node_speed,all_interior,coexact,coexact,random_tangent,literal_stable,literal_04,3,next_token_logprob_delta,even,0.2916666666666667,2,0.06555281700403498,0.0021143089623089097,0.054018412672364714,3,0.25,1.0,2,"7,8",0.30000000000000004,8,8
7,16,matched_betti,0.5,max_full_branch_node_speed,all_interior,coexact,coexact,random_tangent,literal_stable,literal_05,3,next_token_logprob_delta,even,0.2916666666666667,2,0.1876578673465318,0.016617046382232315,0.1469090331280089,3,0.25,1.0,2,"7,8",0.28846153846153844,8,8
7,16,matched_betti,0.5,max_full_branch_node_speed,all_interior,coexact,coexact,random_tangent,metaphor_shift,metaphor_01,3,next_token_logprob_delta,even,0.2916666666666667,2,0.12699372321601668,0.01848326372470276,0.23715170923448284,3,0.25,1.0,3,"9,10,11",0.29411764705882354,8,8
7,16,matched_betti,0.5,max_full_branch_node_speed,all_interior,coexact,coexact,random_tangent,metaphor_shift,metaphor_02,3,next_token_logprob_delta,even,0.2916666666666667,2,0.2661002481459174,0.01099720664515974,0.06915053560828281,3,0.25,1.0,2,"8,9",0.2931034482758621,8,8
7,16,matched_betti,0.5,max_full_branch_node_speed,all_interior,coexact,coexact,random_tangent,metaphor_shift,metaphor_03,3,next_token_logprob_delta,even,0.2916666666666667,2,0.5250402356101356,0.006353286136828392,0.020291571719922838,3,0.25,1.0,2,"8,9",0.2833333333333333,8,8
7,16,matched_betti,0.5,max_full_branch_node_speed,all_interior,coexact,coexact,random_tangent,metaphor_shift,metaphor_04,3,next_token_logprob_delta,even,0.2916666666666667,2,-0.23452421174403962,0.007110305870599547,0.050785426527229595,3,0.25,1.0,3,"7,8,9",0.28571428571428575,8,8
7,16,matched_betti,0.5,max_full_branch_node_speed,all_interior,coexact,coexact,random_tangent,metaphor_shift,metaphor_05,3,next_token_logprob_delta,even,0.2916666666666667,2,0.01143444705613146,0.00495584951239075,0.5879989014120226,3,0.25,1.0,2,"7,8",0.2777777777777778,8,8
7,16,matched_betti,0.5,max_full_branch_node_speed,all_interior,coexact,coexact,random_tangent,ontology_collapse,ontology_01,3,next_token_logprob_delta,even,0.2916666666666667,2,-0.008776804994567077,0.00518100671553009,0.7035787930865455,3,0.25,1.0,3,"8,9,10",0.2903225806451613,8,8
7,16,matched_betti,0.5,max_full_branch_node_speed,all_interior,coexact,coexact,random_tangent,ontology_collapse,ontology_02,3,next_token_logprob_delta,even,0.2916666666666667,2,0.09449860997801676,0.016070486776922317,0.27429503155648527,3,0.25,1.0,3,"7,8,9",0.28571428571428575,8,8
7,16,matched_betti,0.5,max_full_branch_node_speed,all_interior,coexact,coexact,random_tangent,ontology_collapse,ontology_03,3,next_token_logprob_delta,even,0.2916666666666667,2,0.09821947767546747,0.07227347645165104,0.7769686183595582,3,0.25,1.0,2,"8,9",0.2931034482758621,8,8
7,16,matched_betti,0.5,max_full_branch_node_speed,all_interior,coexact,coexact,random_tangent,ontology_collapse,ontology_04,3,next_token_logprob_delta,even,0.2916666666666667,2,-0.11612195534428055,0.034125009687619924,0.4421107158613386,3,0.25,1.0,2,"8,9",0.2931034482758621,8,8
7,16,matched_betti,0.5,max_full_branch_node_speed,all_interior,coexact,coexact,random_tangent,ontology_collapse,ontology_05,3,next_token_logprob_delta,even,0.2916666666666667,2,0.21310951228010264,0.010404047099077234,0.08161080323108075,3,0.25,1.0,3,"7,8,9",0.28571428571428575,8,8
7,16,matched_betti,0.5,max_full_branch_node_speed,all_interior,coexact,coexact,random_tangent,identity_stress,identity_01,4,next_token_logprob_delta,even,0.375,2,-0.022036927010606094,0.0055791342639322115,0.39085550642965333,3,0.25,1.0,3,"12,13,14",0.38235294117647056,8,8
7,16,matched_betti,0.5,max_full_branch_node_speed,all_interior,coexact,coexact,random_tangent,identity_stress,identity_02,4,next_token_logprob_delta,even,0.375,2,0.009339936198705186,0.010291011074392882,0.879496453300625,3,0.25,1.0,2,"11,12",0.3709677419354838,8,8
7,16,matched_betti,0.5,max_full_branch_node_speed,all_interior,coexact,coexact,random_tangent,identity_stress,identity_03,4,next_token_logprob_delta,even,0.375,2,0.047242589017813745,0.00930693403841662,0.3137409083939542,3,0.25,1.0,2,"11,12",0.3709677419354838,8,8
7,16,matched_betti,0.5,max_full_branch_node_speed,all_interior,coexact,coexact,random_tangent,identity_stress,identity_04,4,next_token_logprob_delta,even,0.375,2,-0.028997624057258118,0.023196016651353103,0.8017929767018954,3,0.25,1.0,2,"10,11",0.375,8,8
7,16,matched_betti,0.5,max_full_branch_node_speed,all_interior,coexact,coexact,random_tangent,identity_stress,identity_05,4,next_token_logprob_delta,even,0.375,2,-0.09500725973802468,0.02621426887210083,0.41999133625402035,3,0.25,1.0,2,"10,11",0.375,8,8
7,16,matched_betti,0.5,max_full_branch_node_speed,all_interior,coexact,coexact,random_tangent,literal_stable,literal_01,4,next_token_logprob_delta,even,0.375,2,-0.09440590743779285,0.008356510054177481,0.14685566136033437,3,0.25,1.0,3,"11,12,13",0.3636363636363636,8,8
7,16,matched_betti,0.5,max_full_branch_node_speed,all_interior,coexact,coexact,random_tangent,literal_stable,literal_02,4,next_token_logprob_delta,even,0.375,2,0.021226381324240817,0.0014028866479264145,0.11017772425956518,3,0.25,1.0,2,"10,11",0.375,8,8
7,16,matched_betti,0.5,max_full_branch_node_speed,all_interior,coexact,coexact,random_tangent,literal_stable,literal_03,4,next_token_logprob_delta,even,0.375,2,0.10770574131387907,0.008594396718614247,0.13265409020620794,3,0.25,1.0,3,"9,10,11",0.3703703703703704,8,8
7,16,matched_betti,0.5,max_full_branch_node_speed,all_interior,coexact,coexact,random_tangent,literal_stable,literal_04,4,next_token_logprob_delta,even,0.375,2,-0.09130160891050601,0.017209001572491677,0.3014334256432082,3,0.25,1.0,2,"9,10",0.38000000000000006,8,8
7,16,matched_betti,0.5,max_full_branch_node_speed,all_interior,coexact,coexact,random_tangent,literal_stable,literal_05,4,next_token_logprob_delta,even,0.375,2,0.20822695730249793,0.007771003939258146,0.062472705412493786,3,0.25,1.0,2,"9,10",0.3653846153846154,8,8
7,16,matched_betti,0.5,max_full_branch_node_speed,all_interior,coexact,coexact,random_tangent,metaphor_shift,metaphor_01,4,next_token_logprob_delta,even,0.375,2,-0.10474426753880696,0.03061680867806861,0.4402055199696341,3,0.25,1.0,3,"12,13,14",0.38235294117647056,8,8
7,16,matched_betti,0.5,max_full_branch_node_speed,all_interior,coexact,coexact,random_tangent,metaphor_shift,metaphor_02,4,next_token_logprob_delta,even,0.375,2,0.0223447464067481,0.002930240940715048,0.21481672422505504,3,0.25,1.0,3,"10,11,12",0.37931034482758624,8,8
7,16,matched_betti,0.5,max_full_branch_node_speed,all_interior,coexact,coexact,random_tangent,metaphor_shift,metaphor_03,4,next_token_logprob_delta,even,0.375,2,-0.17104802493091062,0.017564210961111874,0.16973142081776557,3,0.25,1.0,3,"10,11,12",0.3666666666666667,8,8
7,16,matched_betti,0.5,max_full_branch_node_speed,all_interior,coexact,coexact,random_tangent,metaphor_shift,metaphor_04,4,next_token_logprob_delta,even,0.375,2,0.08277811194995498,0.0073985290431630366,0.14825292095342202,3,0.25,1.0,2,"10,11",0.375,8,8
7,16,matched_betti,0.5,max_full_branch_node_speed,all_interior,coexact,coexact,random_tangent,metaphor_shift,metaphor_05,4,next_token_logprob_delta,even,0.375,2,-0.03210313385306619,0.00829412662088525,0.3976077617591256,3,0.25,1.0,3,"9,10,11",0.3703703703703704,8,8
7,16,matched_betti,0.5,max_full_branch_node_speed,all_interior,coexact,coexact,random_tangent,ontology_collapse,ontology_01,4,next_token_logprob_delta,even,0.375,2,0.2678429545774478,0.01951702034439725,0.12131458549596395,3,0.25,1.0,1,12,0.3870967741935483,8,8
7,16,matched_betti,0.5,max_full_branch_node_speed,all_interior,coexact,coexact,random_tangent,ontology_collapse,ontology_02,4,next_token_logprob_delta,even,0.375,2,-0.38785232556851373,0.006936201675292908,0.029981911236144652,3,0.25,1.0,2,"10,11",0.375,8,8
7,16,matched_betti,0.5,max_full_branch_node_speed,all_interior,coexact,coexact,random_tangent,ontology_collapse,ontology_03,4,next_token_logprob_delta,even,0.375,2,0.012976679330606007,0.008391122725060504,0.7351875918967773,3,0.25,1.0,3,"10,11,12",0.37931034482758624,8,8
7,16,matched_betti,0.5,max_full_branch_node_speed,all_interior,coexact,coexact,random_tangent,ontology_collapse,ontology_04,4,next_token_logprob_delta,even,0.375,2,-0.2821150404614273,0.002057538668321543,0.012231749007789214,3,0.25,1.0,3,"10,11,12",0.37931034482758624,8,8
7,16,matched_betti,0.5,max_full_branch_node_speed,all_interior,coexact,coexact,random_tangent,ontology_collapse,ontology_05,4,next_token_logprob_delta,even,0.375,2,-0.15870503752630283,0.01091587939142748,0.11460311546061878,3,0.25,1.0,2,"10,11",0.375,8,8
7,16,matched_betti,0.5,max_full_branch_node_speed,all_interior,coexact,coexact,random_tangent,identity_stress,identity_01,5,next_token_logprob_delta,even,0.4583333333333333,2,-0.3452011232450516,0.015136300644852507,0.07334584394265055,3,0.25,1.0,2,"15,16",0.45588235294117646,8,8
7,16,matched_betti,0.5,max_full_branch_node_speed,all_interior,coexact,coexact,random_tangent,identity_stress,identity_02,5,next_token_logprob_delta,even,0.4583333333333333,2,0.23374808845416467,0.06018202748361031,0.3964491793115056,3,0.25,1.0,2,"13,15",0.4516129032258065,8,8
7,16,matched_betti,0.5,max_full_branch_node_speed,all_interior,coexact,coexact,random_tangent,identity_stress,identity_03,5,next_token_logprob_delta,even,0.4583333333333333,2,-0.06605036619549927,0.006944504583915006,0.17366623163329287,3,0.25,1.0,3,"13,14,15",0.4516129032258065,8,8
7,16,matched_betti,0.5,max_full_branch_node_speed,all_interior,coexact,coexact,random_tangent,identity_stress,identity_04,5,next_token_logprob_delta,even,0.4583333333333333,2,-0.20560231675470855,0.027045776918377458,0.21545147024282704,3,0.25,1.0,1,13,0.46428571428571425,8,8
7,16,matched_betti,0.5,max_full_branch_node_speed,all_interior,coexact,coexact,random_tangent,identity_stress,identity_05,5,next_token_logprob_delta,even,0.4583333333333333,2,0.0603380271835182,0.005720059114891406,0.15703156437476523,3,0.25,1.0,2,"12,13",0.4464285714285714,8,8
7,16,matched_betti,0.5,max_full_branch_node_speed,all_interior,coexact,coexact,random_tangent,literal_stable,literal_01,5,next_token_logprob_delta,even,0.4583333333333333,2,-0.037005038833948074,0.009895063664337424,0.4092219260831258,3,0.25,1.0,3,"14,15,16",0.4545454545454546,8,8
7,16,matched_betti,0.5,max_full_branch_node_speed,all_interior,coexact,coexact,random_tangent,literal_stable,literal_02,5,next_token_logprob_delta,even,0.4583333333333333,2,-0.5345452545971804,0.021042805665194977,0.06588307423877901,3,0.25,1.0,2,"12,13",0.4464285714285714,8,8
7,16,matched_betti,0.5,max_full_branch_node_speed,all_interior,coexact,coexact,random_tangent,literal_stable,literal_03,5,next_token_logprob_delta,even,0.4583333333333333,2,0.1798685857866761,0.006100351695488544,0.056793326050200314,3,0.25,1.0,2,"12,13",0.46296296296296297,8,8
7,16,matched_betti,0.5,max_full_branch_node_speed,all_interior,coexact,coexact,random_tangent,literal_stable,literal_04,5,next_token_logprob_delta,even,0.4583333333333333,2,-0.4402679866878144,0.009043021664085387,0.034430092088961195,3,0.25,1.0,2,"11,12",0.45999999999999996,8,8
7,16,matched_betti,0.5,max_full_branch_node_speed,all_interior,coexact,coexact,random_tangent,literal_stable,literal_05,5,next_token_logprob_delta,even,0.4583333333333333,2,-0.2611787247538304,0.12236531207885072,0.6178700710207126,3,0.25,1.0,2,"11,12",0.4423076923076923,8,8
7,16,matched_betti,0.5,max_full_branch_node_speed,all_interior,coexact,coexact,random_tangent,metaphor_shift,metaphor_01,5,next_token_logprob_delta,even,0.4583333333333333,2,-0.0959325095441656,0.009429292630310483,0.16266332238991374,3,0.25,1.0,2,"15,16",0.45588235294117646,8,8
7,16,matched_betti,0.5,max_full_branch_node_speed,all_interior,coexact,coexact,random_tangent,metaphor_shift,metaphor_02,5,next_token_logprob_delta,even,0.4583333333333333,2,-0.10158090082981151,0.005272531932318604,0.0867295090350606,3,0.25,1.0,2,"13,14",0.46551724137931033,8,8
7,16,matched_betti,0.5,max_full_branch_node_speed,all_interior,coexact,coexact,random_tangent,metaphor_shift,metaphor_03,5,next_token_logprob_delta,even,0.4583333333333333,2,-0.008283586734173672,0.01428277748630584,0.945093704099109,3,0.25,1.0,2,"13,14",0.45,8,8
7,16,matched_betti,0.5,max_full_branch_node_speed,all_interior,coexact,coexact,random_tangent,metaphor_shift,metaphor_04,5,next_token_logprob_delta,even,0.4583333333333333,2,0.13364958930632456,0.0018914008013347092,0.023729736541831976,3,0.25,1.0,2,"12,13",0.4464285714285714,8,8
7,16,matched_betti,0.5,max_full_branch_node_speed,all_interior,coexact,coexact,random_tangent,metaphor_shift,metaphor_05,5,next_token_logprob_delta,even,0.4583333333333333,2,0.05868976693152069,0.029469263148911545,0.6441702807039875,3,0.25,1.0,2,"12,13",0.46296296296296297,8,8
7,16,matched_betti,0.5,max_full_branch_node_speed,all_interior,coexact,coexact,random_tangent,ontology_collapse,ontology_01,5,next_token_logprob_delta,even,0.4583333333333333,2,0.23414561988301505,0.02111558676160296,0.14955616450950993,3,0.25,1.0,3,"13,14,15",0.4516129032258065,8,8
7,16,matched_betti,0.5,max_full_branch_node_speed,all_interior,coexact,coexact,random_tangent,ontology_collapse,ontology_02,5,next_token_logprob_delta,even,0.4583333333333333,2,-0.2954559080194235,0.00525974489609544,0.02984542576006232,3,0.25,1.0,2,"12,13",0.4464285714285714,8,8
7,16,matched_betti,0.5,max_full_branch_node_speed,all_interior,coexact,coexact,random_tangent,ontology_collapse,ontology_03,5,next_token_logprob_delta,even,0.4583333333333333,2,0.08044822174347675,0.02649710714791275,0.48355439069239314,3,0.25,1.0,2,"13,14",0.46551724137931033,8,8
7,16,matched_betti,0.5,max_full_branch_node_speed,all_interior,coexact,coexact,random_tangent,ontology_collapse,ontology_04,5,next_token_logprob_delta,even,0.4583333333333333,2,-0.23006156084240342,0.01256456638788662,0.09121962528044987,3,0.25,1.0,2,"13,14",0.46551724137931033,8,8
7,16,matched_betti,0.5,max_full_branch_node_speed,all_interior,coexact,coexact,random_tangent,ontology_collapse,ontology_05,5,next_token_logprob_delta,even,0.4583333333333333,2,-0.07991669661587177,0.0024152850577855377,0.05062591644404702,3,0.25,1.0,2,"12,13",0.4464285714285714,8,8
7,16,matched_betti,0.5,max_full_branch_node_speed,all_interior,coexact,coexact,random_tangent,identity_stress,identity_01,6,next_token_logprob_delta,even,0.5416666666666666,2,-0.012007428021062715,0.006909463265903076,0.6944567452775876,3,0.25,1.0,3,"17,18,19",0.5294117647058824,8,8
7,16,matched_betti,0.5,max_full_branch_node_speed,all_interior,coexact,coexact,random_tangent,identity_stress,identity_02,6,next_token_logprob_delta,even,0.5416666666666666,2,0.2578871966278619,0.018845422933493693,0.12165711004524034,3,0.25,1.0,2,"16,17",0.532258064516129,8,8
7,16,matched_betti,0.5,max_full_branch_node_speed,all_interior,coexact,coexact,random_tangent,identity_stress,identity_03,6,next_token_logprob_delta,even,0.5416666666666666,2,0.13043961395888032,0.01507993101899645,0.1903594005334281,3,0.25,1.0,3,"16,17,18",0.5483870967741935,8,8
7,16,matched_betti,0.5,max_full_branch_node_speed,all_interior,coexact,coexact,random_tangent,identity_stress,identity_04,6,next_token_logprob_delta,even,0.5416666666666666,2,-0.15590306754560726,0.010873101715178787,0.11618415270145248,3,0.25,1.0,3,"14,15,16",0.5357142857142857,8,8
7,16,matched_betti,0.5,max_full_branch_node_speed,all_interior,coexact,coexact,random_tangent,identity_stress,identity_05,6,next_token_logprob_delta,even,0.5416666666666666,2,-0.23853389669475372,0.03866577031352511,0.2623555392791072,3,0.25,1.0,3,"14,15,16",0.5357142857142857,8,8
7,16,matched_betti,0.5,max_full_branch_node_speed,all_interior,coexact,coexact,random_tangent,literal_stable,literal_01,6,next_token_logprob_delta,even,0.5416666666666666,2,-0.2535225983699521,0.0027952411410812647,0.01848960533238534,3,0.25,1.0,3,"17,18,19",0.5454545454545454,8,8
7,16,matched_betti,0.5,max_full_branch_node_speed,all_interior,coexact,coexact,random_tangent,literal_stable,literal_02,6,next_token_logprob_delta,even,0.5416666666666666,2,0.004123419433305182,0.015447603053903603,0.9875717844935283,3,0.25,1.0,3,"14,15,16",0.5357142857142857,8,8
7,16,matched_betti,0.5,max_full_branch_node_speed,all_interior,coexact,coexact,random_tangent,literal_stable,literal_03,6,next_token_logprob_delta,even,0.5416666666666666,2,-0.23468706516745566,0.0005095514953715942,0.0036416259338458235,3,0.25,1.0,2,"14,15",0.537037037037037,8,8
7,16,matched_betti,0.5,max_full_branch_node_speed,all_interior,coexact,coexact,random_tangent,literal_stable,literal_04,6,next_token_logprob_delta,even,0.5416666666666666,2,0.002592128397148334,0.014645279559087319,0.9944782039986183,3,0.25,1.0,2,"13,14",0.54,8,8
7,16,matched_betti,0.5,max_full_branch_node_speed,all_interior,coexact,coexact,random_tangent,literal_stable,literal_05,6,next_token_logprob_delta,even,0.5416666666666666,2,-0.04989361726111501,0.012915612648463234,0.39826079114045715,3,0.25,1.0,3,"13,14,15",0.5384615384615384,8,8
7,16,matched_betti,0.5,max_full_branch_node_speed,all_interior,coexact,coexact,random_tangent,metaphor_shift,metaphor_01,6,next_token_logprob_delta,even,0.5416666666666666,2,-0.3317577812793575,0.027279029114295885,0.13662044323784742,3,0.25,1.0,3,"17,18,19",0.5294117647058824,8,8
7,16,matched_betti,0.5,max_full_branch_node_speed,all_interior,coexact,coexact,random_tangent,metaphor_shift,metaphor_02,6,next_token_logprob_delta,even,0.5416666666666666,2,-0.317375864993042,0.007654608812768695,0.04041972316834215,3,0.25,1.0,1,16,0.5517241379310345,8,8
7,16,matched_betti,0.5,max_full_branch_node_speed,all_interior,coexact,coexact,random_tangent,metaphor_shift,metaphor_03,6,next_token_logprob_delta,even,0.5416666666666666,2,0.15660958733211464,0.017899105230197592,0.18826770225602377,3,0.25,1.0,2,"16,17",0.55,8,8
7,16,matched_betti,0.5,max_full_branch_node_speed,all_interior,coexact,coexact,random_tangent,metaphor_shift,metaphor_04,6,next_token_logprob_delta,even,0.5416666666666666,2,-0.1031559659194597,0.005470445592475478,0.08859647711042008,3,0.25,1.0,3,"14,15,16",0.5357142857142857,8,8
7,16,matched_betti,0.5,max_full_branch_node_speed,all_interior,coexact,coexact,random_tangent,metaphor_shift,metaphor_05,6,next_token_logprob_delta,even,0.5416666666666666,2,0.03507870845064641,0.01791815764582234,0.650614995383617,3,0.25,1.0,2,"14,15",0.537037037037037,8,8
7,16,matched_betti,0.5,max_full_branch_node_speed,all_interior,coexact,coexact,random_tangent,ontology_collapse,ontology_01,6,next_token_logprob_delta,even,0.5416666666666666,2,0.29573810008560375,0.02132338500312296,0.12005918024735943,3,0.25,1.0,3,"16,17,18",0.5483870967741935,8,8
7,16,matched_betti,0.5,max_full_branch_node_speed,all_interior,coexact,coexact,random_tangent,ontology_collapse,ontology_02,6,next_token_logprob_delta,even,0.5416666666666666,2,-0.062375514192603815,0.04960839697051757,0.8001336645296497,3,0.25,1.0,3,"14,15,16",0.5357142857142857,8,8
7,16,matched_betti,0.5,max_full_branch_node_speed,all_interior,coexact,coexact,random_tangent,ontology_collapse,ontology_03,6,next_token_logprob_delta,even,0.5416666666666666,2,-0.5157354060935548,0.06234460084380678,0.19871148985077428,3,0.25,1.0,2,"15,16",0.5344827586206897,8,8
7,16,matched_betti,0.5,max_full_branch_node_speed,all_interior,coexact,coexact,random_tangent,ontology_collapse,ontology_04,6,next_token_logprob_delta,even,0.5416666666666666,2,0.11368514613592602,0.006501989368650974,0.0954888712085818,3,0.25,1.0,2,"15,16",0.5344827586206897,8,8
7,16,matched_betti,0.5,max_full_branch_node_speed,all_interior,coexact,coexact,random_tangent,ontology_collapse,ontology_05,6,next_token_logprob_delta,even,0.5416666666666666,2,-0.44423938761741844,0.12621369075648123,0.430182155708213,3,0.25,1.0,2,"15,16",0.5535714285714286,8,8
7,16,matched_betti,0.5,max_full_branch_node_speed,all_interior,coexact,coexact,random_tangent,identity_stress,identity_01,7,next_token_logprob_delta,even,0.625,2,-0.03362511120765351,0.020942573789341355,0.7223718554035798,3,0.25,1.0,3,"20,21,22",0.6176470588235294,8,8
7,16,matched_betti,0.5,max_full_branch_node_speed,all_interior,coexact,coexact,random_tangent,identity_stress,identity_02,7,next_token_logprob_delta,even,0.625,2,-0.06972554279417707,0.01598355540347906,0.3588740485321368,3,0.25,1.0,2,"19,20",0.6290322580645161,8,8
7,16,matched_betti,0.5,max_full_branch_node_speed,all_interior,coexact,coexact,random_tangent,identity_stress,identity_03,7,next_token_logprob_delta,even,0.625,2,0.06660511966238788,0.011928640204055029,0.28768880242373684,3,0.25,1.0,1,19,0.6129032258064516,8,8
7,16,matched_betti,0.5,max_full_branch_node_speed,all_interior,coexact,coexact,random_tangent,identity_stress,identity_04,7,next_token_logprob_delta,even,0.625,2,-0.19735740011037192,0.006466349899483402,0.05487193442671355,3,0.25,1.0,2,"17,18",0.625,8,8
7,16,matched_betti,0.5,max_full_branch_node_speed,all_interior,coexact,coexact,random_tangent,identity_stress,identity_05,7,next_token_logprob_delta,even,0.625,2,-0.22902201068861477,0.003679690695430827,0.026938644493894146,3,0.25,1.0,1,17,0.6071428571428571,8,8
7,16,matched_betti,0.5,max_full_branch_node_speed,all_interior,coexact,coexact,random_tangent,literal_stable,literal_01,7,next_token_logprob_delta,even,0.625,2,-0.3066663288306341,0.10955228119853938,0.5139761135648471,3,0.25,1.0,2,"20,21",0.6212121212121212,8,8
7,16,matched_betti,0.5,max_full_branch_node_speed,all_interior,coexact,coexact,random_tangent,literal_stable,literal_02,7,next_token_logprob_delta,even,0.625,2,0.24244861329042425,0.007381024055871532,0.050995372652430565,3,0.25,1.0,2,"17,18",0.625,8,8
7,16,matched_betti,0.5,max_full_branch_node_speed,all_interior,coexact,coexact,random_tangent,literal_stable,literal_03,7,next_token_logprob_delta,even,0.625,2,-0.21895512356524546,0.012263923265244652,0.09353314525737906,3,0.25,1.0,2,"16,17",0.6111111111111112,8,8
7,16,matched_betti,0.5,max_full_branch_node_speed,all_interior,coexact,coexact,random_tangent,literal_stable,literal_04,7,next_token_logprob_delta,even,0.625,2,0.09074162315196871,0.009129696680142864,0.16639939593698078,3,0.25,1.0,2,"15,16",0.62,8,8
7,16,matched_betti,0.5,max_full_branch_node_speed,all_interior,coexact,coexact,random_tangent,literal_stable,literal_05,7,next_token_logprob_delta,even,0.625,2,0.07690501356556327,0.009314754612012057,0.19908311184458094,3,0.25,1.0,2,"16,17",0.6346153846153846,8,8
7,16,matched_betti,0.5,max_full_branch_node_speed,all_interior,coexact,coexact,random_tangent,metaphor_shift,metaphor_01,7,next_token_logprob_delta,even,0.625,2,-0.06560992788380654,0.045633231610026144,0.7592300656368628,3,0.25,1.0,2,"20,21",0.6029411764705883,8,8
7,16,matched_betti,0.5,max_full_branch_node_speed,all_interior,coexact,coexact,random_tangent,metaphor_shift,metaphor_02,7,next_token_logprob_delta,even,0.625,2,0.6917266629821726,0.02362979884182247,0.05720224885470912,3,0.25,1.0,3,"17,18,19",0.6206896551724138,8,8
7,16,matched_betti,0.5,max_full_branch_node_speed,all_interior,coexact,coexact,random_tangent,metaphor_shift,metaphor_03,7,next_token_logprob_delta,even,0.625,2,-0.08478746916652953,0.0015166714690657444,0.029989122122848013,3,0.25,1.0,2,"18,19",0.6166666666666667,8,8
7,16,matched_betti,0.5,max_full_branch_node_speed,all_interior,coexact,coexact,random_tangent,metaphor_shift,metaphor_04,7,next_token_logprob_delta,even,0.625,2,-0.3893227511480125,0.05656114228451283,0.23674591058319638,3,0.25,1.0,2,"17,18",0.625,8,8
7,16,matched_betti,0.5,max_full_branch_node_speed,all_interior,coexact,coexact,random_tangent,metaphor_shift,metaphor_05,7,next_token_logprob_delta,even,0.625,2,-0.24167407943405017,0.009534311619997383,0.06602522198684946,3,0.25,1.0,2,"16,17",0.6111111111111112,8,8
7,16,matched_betti,0.5,max_full_branch_node_speed,all_interior,coexact,coexact,random_tangent,ontology_collapse,ontology_01,7,next_token_logprob_delta,even,0.625,2,0.14122743506554175,0.017684309013596244,0.2055394507159722,3,0.25,1.0,2,"19,20",0.6290322580645161,8,8
7,16,matched_betti,0.5,max_full_branch_node_speed,all_interior,coexact,coexact,random_tangent,ontology_collapse,ontology_02,7,next_token_logprob_delta,even,0.625,2,0.13475024261687557,0.0032111553742204743,0.039937825728352874,3,0.25,1.0,2,"17,18",0.625,8,8
7,16,matched_betti,0.5,max_full_branch_node_speed,all_interior,coexact,coexact,random_tangent,ontology_collapse,ontology_03,7,next_token_logprob_delta,even,0.625,2,0.052567551363888486,0.010619698153453623,0.3209171206348537,3,0.25,1.0,3,"17,18,19",0.6206896551724138,8,8
7,16,matched_betti,0.5,max_full_branch_node_speed,all_interior,coexact,coexact,random_tangent,ontology_collapse,ontology_04,7,next_token_logprob_delta,even,0.625,2,-0.16396999951912317,0.016655260997692826,0.16794743083331623,3,0.25,1.0,3,"17,18,19",0.6206896551724138,8,8
7,16,matched_betti,0.5,max_full_branch_node_speed,all_interior,coexact,coexact,random_tangent,ontology_collapse,ontology_05,7,next_token_logprob_delta,even,0.625,2,0.19157286365602208,0.025982637832323928,0.22181586320584235,3,0.25,1.0,2,"17,18",0.625,8,8
7,16,matched_betti,0.5,max_full_branch_node_speed,all_interior,coexact,coexact,random_tangent,identity_stress,identity_01,8,next_token_logprob_delta,even,0.7083333333333334,2,-0.07345877918890006,0.011050264545139733,0.24463981768205884,3,0.25,1.0,3,"23,24,25",0.7058823529411765,8,8
7,16,matched_betti,0.5,max_full_branch_node_speed,all_interior,coexact,coexact,random_tangent,identity_stress,identity_02,8,next_token_logprob_delta,even,0.7083333333333334,2,-0.1852483406543731,0.0026804889530502984,0.024262252538342084,3,0.25,1.0,3,"21,22,23",0.7096774193548386,8,8
7,16,matched_betti,0.5,max_full_branch_node_speed,all_interior,coexact,coexact,random_tangent,identity_stress,identity_03,8,next_token_logprob_delta,even,0.7083333333333334,2,0.040373250941194094,0.01433929289497997,0.5117818022608661,3,0.25,1.0,2,"21,22",0.6935483870967744,8,8
7,16,matched_betti,0.5,max_full_branch_node_speed,all_interior,coexact,coexact,random_tangent,identity_stress,identity_04,8,next_token_logprob_delta,even,0.7083333333333334,2,-0.04378710538643343,0.011065958069267686,0.39026638889314735,3,0.25,1.0,2,"19,20",0.6964285714285715,8,8
7,16,matched_betti,0.5,max_full_branch_node_speed,all_interior,coexact,coexact,random_tangent,identity_stress,identity_05,8,next_token_logprob_delta,even,0.7083333333333334,2,-0.4443316346810463,0.04930811162710198,0.18298482333671956,3,0.25,1.0,2,"19,20",0.6964285714285715,8,8
7,16,matched_betti,0.5,max_full_branch_node_speed,all_interior,coexact,coexact,random_tangent,literal_stable,literal_01,8,next_token_logprob_delta,even,0.7083333333333334,2,0.20124016627485017,0.012530999720296802,0.10387583948187906,3,0.25,1.0,3,"22,23,24",0.6969696969696969,8,8
7,16,matched_betti,0.5,max_full_branch_node_speed,all_interior,coexact,coexact,random_tangent,literal_stable,literal_02,8,next_token_logprob_delta,even,0.7083333333333334,2,-0.05767565089175143,0.015838827466743834,0.41836002080519535,3,0.25,1.0,2,"19,20",0.6964285714285715,8,8
7,16,matched_betti,0.5,max_full_branch_node_speed,all_interior,coexact,coexact,random_tangent,literal_stable,literal_03,8,next_token_logprob_delta,even,0.7083333333333334,2,0.027400896469125822,0.008974969241328793,0.4814969343877581,3,0.25,1.0,3,"18,19,20",0.7037037037037037,8,8
7,16,matched_betti,0.5,max_full_branch_node_speed,all_interior,coexact,coexact,random_tangent,literal_stable,literal_04,8,next_token_logprob_delta,even,0.7083333333333334,2,0.32493339931989895,0.009351127593199388,0.04821293516969873,3,0.25,1.0,2,"17,18",0.6999999999999998,8,8
7,16,matched_betti,0.5,max_full_branch_node_speed,all_interior,coexact,coexact,random_tangent,literal_stable,literal_05,8,next_token_logprob_delta,even,0.7083333333333334,2,-0.0013113596784225584,0.006666907281975131,0.9931936446675168,3,0.25,1.0,2,"18,19",0.7115384615384613,8,8
7,16,matched_betti,0.5,max_full_branch_node_speed,all_interior,coexact,coexact,random_tangent,metaphor_shift,metaphor_01,8,next_token_logprob_delta,even,0.7083333333333334,2,-0.09611112627458226,0.007273159388156327,0.12591525435955953,3,0.25,1.0,3,"23,24,25",0.7058823529411765,8,8
7,16,matched_betti,0.5,max_full_branch_node_speed,all_interior,coexact,coexact,random_tangent,metaphor_shift,metaphor_02,8,next_token_logprob_delta,even,0.7083333333333334,2,-0.4182241342072516,0.02112422644062746,0.0844147062366856,3,0.25,1.0,2,"20,21",0.7068965517241379,8,8
7,16,matched_betti,0.5,max_full_branch_node_speed,all_interior,coexact,coexact,random_tangent,metaphor_shift,metaphor_03,8,next_token_logprob_delta,even,0.7083333333333334,2,0.15937216671087226,0.011534058079786996,0.12050157193331464,3,0.25,1.0,3,"20,21,22",0.6999999999999998,8,8
7,16,matched_betti,0.5,max_full_branch_node_speed,all_interior,coexact,coexact,random_tangent,metaphor_shift,metaphor_04,8,next_token_logprob_delta,even,0.7083333333333334,2,-0.07291410207664635,0.014262793408191476,0.31173997489422545,3,0.25,1.0,2,"19,20",0.6964285714285715,8,8
7,16,matched_betti,0.5,max_full_branch_node_speed,all_interior,coexact,coexact,random_tangent,metaphor_shift,metaphor_05,8,next_token_logprob_delta,even,0.7083333333333334,2,-0.4000537094562594,0.018289716526464116,0.07645658160768765,3,0.25,1.0,3,"18,19,20",0.7037037037037037,8,8
7,16,matched_betti,0.5,max_full_branch_node_speed,all_interior,coexact,coexact,random_tangent,ontology_collapse,ontology_01,8,next_token_logprob_delta,even,0.7083333333333334,2,-0.34021044743699613,0.04007906864492093,0.19384410059163681,3,0.25,1.0,2,"21,23",0.7096774193548386,8,8
7,16,matched_betti,0.5,max_full_branch_node_speed,all_interior,coexact,coexact,random_tangent,ontology_collapse,ontology_02,8,next_token_logprob_delta,even,0.7083333333333334,2,0.024288546988987192,0.014720588096084165,0.7128813510298246,3,0.25,1.0,2,"19,20",0.6964285714285715,8,8
7,16,matched_betti,0.5,max_full_branch_node_speed,all_interior,coexact,coexact,random_tangent,ontology_collapse,ontology_03,8,next_token_logprob_delta,even,0.7083333333333334,2,0.044152543215228664,0.010664261376277497,0.3754709760539598,3,0.25,1.0,2,"20,21",0.7068965517241379,8,8
7,16,matched_betti,0.5,max_full_branch_node_speed,all_interior,coexact,coexact,random_tangent,ontology_collapse,ontology_04,8,next_token_logprob_delta,even,0.7083333333333334,2,-0.07590716532864175,0.004676503452724363,0.10278540279617301,3,0.25,1.0,2,"20,21",0.7068965517241379,8,8
7,16,matched_betti,0.5,max_full_branch_node_speed,all_interior,coexact,coexact,random_tangent,ontology_collapse,ontology_05,8,next_token_logprob_delta,even,0.7083333333333334,2,-0.13413032851714796,0.03336945335845092,0.3850929636886805,3,0.25,1.0,2,"19,20",0.6964285714285715,8,8
7,16,matched_betti,0.5,max_full_branch_node_speed,all_interior,coexact,coexact,random_tangent,identity_stress,identity_01,9,next_token_logprob_delta,even,0.7916666666666666,2,0.041717745543438024,0.0026801316217163916,0.10713412073602557,3,0.25,1.0,3,"26,27,28",0.7941176470588235,8,8
7,16,matched_betti,0.5,max_full_branch_node_speed,all_interior,coexact,coexact,random_tangent,identity_stress,identity_02,9,next_token_logprob_delta,even,0.7916666666666666,2,-0.07283435631871228,0.011281131851333547,0.2514398001966265,3,0.25,1.0,2,"24,25",0.7903225806451614,8,8
7,16,matched_betti,0.5,max_full_branch_node_speed,all_interior,coexact,coexact,random_tangent,identity_stress,identity_03,9,next_token_logprob_delta,even,0.7916666666666666,2,-0.18787476295579963,0.004880267656596605,0.04352739508852358,3,0.25,1.0,2,"24,25",0.7903225806451614,8,8
7,16,matched_betti,0.5,max_full_branch_node_speed,all_interior,coexact,coexact,random_tangent,identity_stress,identity_04,9,next_token_logprob_delta,even,0.7916666666666666,2,-0.004954563309354248,0.027395815011884078,0.994237023752922,3,0.25,1.0,3,"21,22,23",0.7857142857142857,8,8
7,16,matched_betti,0.5,max_full_branch_node_speed,all_interior,coexact,coexact,random_tangent,identity_stress,identity_05,9,next_token_logprob_delta,even,0.7916666666666666,2,-0.5478849162807671,0.05560723320431002,0.16781778578664155,3,0.25,1.0,3,"21,22,23",0.7857142857142857,8,8
7,16,matched_betti,0.5,max_full_branch_node_speed,all_interior,coexact,coexact,random_tangent,literal_stable,literal_01,9,next_token_logprob_delta,even,0.7916666666666666,2,-0.004311309875280986,0.004717835225010814,0.878123165319896,3,0.25,1.0,2,"25,26",0.7727272727272728,8,8
7,16,matched_betti,0.5,max_full_branch_node_speed,all_interior,coexact,coexact,random_tangent,literal_stable,literal_02,9,next_token_logprob_delta,even,0.7916666666666666,2,-0.17887143333735672,0.056455481104134946,0.4678631691945673,3,0.25,1.0,1,21,0.75,8,8
7,16,matched_betti,0.5,max_full_branch_node_speed,all_interior,coexact,coexact,random_tangent,literal_stable,literal_03,9,next_token_logprob_delta,even,0.7916666666666666,2,0.12454298981045976,0.02336754215460503,0.3001838969458426,3,0.25,1.0,2,"21,22",0.7962962962962963,8,8
7,16,matched_betti,0.5,max_full_branch_node_speed,all_interior,coexact,coexact,random_tangent,literal_stable,literal_04,9,next_token_logprob_delta,even,0.7916666666666666,2,-0.18217843034020992,0.020182376906713165,0.18268541986254055,3,0.25,1.0,2,"19,20",0.7799999999999999,8,8
7,16,matched_betti,0.5,max_full_branch_node_speed,all_interior,coexact,coexact,random_tangent,literal_stable,literal_05,9,next_token_logprob_delta,even,0.7916666666666666,2,0.2186642395992824,0.005548174953173618,0.042518579737637105,3,0.25,1.0,2,"20,21",0.7884615384615387,8,8
7,16,matched_betti,0.5,max_full_branch_node_speed,all_interior,coexact,coexact,random_tangent,metaphor_shift,metaphor_01,9,next_token_logprob_delta,even,0.7916666666666666,2,0.03995691451179142,0.011230903008175816,0.42642414712889726,3,0.25,1.0,3,"26,27,28",0.7941176470588235,8,8
7,16,matched_betti,0.5,max_full_branch_node_speed,all_interior,coexact,coexact,random_tangent,metaphor_shift,metaphor_02,9,next_token_logprob_delta,even,0.7916666666666666,2,0.09034511435117636,0.002035513122030324,0.03776231838949747,3,0.25,1.0,3,"22,23,24",0.7931034482758621,8,8
7,16,matched_betti,0.5,max_full_branch_node_speed,all_interior,coexact,coexact,random_tangent,metaphor_shift,metaphor_03,9,next_token_logprob_delta,even,0.7916666666666666,2,0.018238912080267615,0.007885946055119287,0.5870704693919906,3,0.25,1.0,2,"23,24",0.7833333333333335,8,8
7,16,matched_betti,0.5,max_full_branch_node_speed,all_interior,coexact,coexact,random_tangent,metaphor_shift,metaphor_04,9,next_token_logprob_delta,even,0.7916666666666666,2,-0.03068477950003249,0.018803193995937436,0.7167328996101838,3,0.25,1.0,3,"21,22,23",0.7857142857142857,8,8
7,16,matched_betti,0.5,max_full_branch_node_speed,all_interior,coexact,coexact,random_tangent,metaphor_shift,metaphor_05,9,next_token_logprob_delta,even,0.7916666666666666,2,0.05160760041581503,0.01996985283490138,0.5444124561256855,3,0.25,1.0,2,"21,22",0.7962962962962963,8,8
7,16,matched_betti,0.5,max_full_branch_node_speed,all_interior,coexact,coexact,random_tangent,ontology_collapse,ontology_01,9,next_token_logprob_delta,even,0.7916666666666666,2,0.08385257771104682,0.023831390043431547,0.4302980433136669,3,0.25,1.0,2,"24,25",0.7903225806451614,8,8
7,16,matched_betti,0.5,max_full_branch_node_speed,all_interior,coexact,coexact,random_tangent,ontology_collapse,ontology_02,9,next_token_logprob_delta,even,0.7916666666666666,2,0.12372199180764193,0.00822790618138573,0.11085535560512196,3,0.25,1.0,3,"21,22,23",0.7857142857142857,8,8
7,16,matched_betti,0.5,max_full_branch_node_speed,all_interior,coexact,coexact,random_tangent,ontology_collapse,ontology_03,9,next_token_logprob_delta,even,0.7916666666666666,2,-0.046639746822866326,0.034986674415108214,0.7828531608486671,3,0.25,1.0,2,"22,23",0.7758620689655172,8,8
7,16,matched_betti,0.5,max_full_branch_node_speed,all_interior,coexact,coexact,random_tangent,ontology_collapse,ontology_04,9,next_token_logprob_delta,even,0.7916666666666666,2,0.13556226576851646,0.011864775651776464,0.14524134462282223,3,0.25,1.0,3,"22,23,24",0.7931034482758621,8,8
7,16,matched_betti,0.5,max_full_branch_node_speed,all_interior,coexact,coexact,random_tangent,ontology_collapse,ontology_05,9,next_token_logprob_delta,even,0.7916666666666666,2,-0.06508691815676813,0.010652239233365047,0.26471053713646187,3,0.25,1.0,3,"21,22,23",0.7857142857142857,8,8
7,16,matched_betti,0.5,max_full_branch_node_speed,all_interior,coexact,coexact,random_tangent,identity_stress,identity_01,10,next_token_logprob_delta,even,0.875,2,0.05264599861535274,0.0205236538458818,0.5472608614735393,3,0.25,1.0,3,"29,30,31",0.8823529411764706,8,8
7,16,matched_betti,0.5,max_full_branch_node_speed,all_interior,coexact,coexact,random_tangent,identity_stress,identity_02,10,next_token_logprob_delta,even,0.875,2,-0.015521405363421656,0.04564130001655768,0.9800578026350357,3,0.25,1.0,1,26,0.8387096774193549,8,8
7,16,matched_betti,0.5,max_full_branch_node_speed,all_interior,coexact,coexact,random_tangent,identity_stress,identity_03,10,next_token_logprob_delta,even,0.875,2,-0.3225882434684868,0.03186740493862976,0.16346184610740805,3,0.25,1.0,3,"26,27,28",0.8709677419354839,8,8
7,16,matched_betti,0.5,max_full_branch_node_speed,all_interior,coexact,coexact,random_tangent,identity_stress,identity_04,10,next_token_logprob_delta,even,0.875,2,0.21316193583598847,0.025805554700332453,0.1989892638513191,3,0.25,1.0,1,24,0.8571428571428571,8,8
7,16,matched_betti,0.5,max_full_branch_node_speed,all_interior,coexact,coexact,random_tangent,identity_stress,identity_05,10,next_token_logprob_delta,even,0.875,2,0.19274987025434012,0.011116967355565603,0.09628727758960899,3,0.25,1.0,2,"24,25",0.875,8,8
7,16,matched_betti,0.5,max_full_branch_node_speed,all_interior,coexact,coexact,random_tangent,literal_stable,literal_01,10,next_token_logprob_delta,even,0.875,2,-0.5276409541518842,0.010434483007776572,0.03315071929681634,3,0.25,1.0,2,"29,30",0.8939393939393939,8,8
7,16,matched_betti,0.5,max_full_branch_node_speed,all_interior,coexact,coexact,random_tangent,literal_stable,literal_03,10,next_token_logprob_delta,even,0.875,2,0.12447638343948332,0.006724909986038825,0.09024498525557437,3,0.25,1.0,2,"23,24",0.8703703703703703,8,8
7,16,matched_betti,0.5,max_full_branch_node_speed,all_interior,coexact,coexact,random_tangent,literal_stable,literal_04,10,next_token_logprob_delta,even,0.875,2,0.14633851782403592,0.02452608258477204,0.2706163617407372,3,0.25,1.0,2,"21,22",0.86,8,8
7,16,matched_betti,0.5,max_full_branch_node_speed,all_interior,coexact,coexact,random_tangent,literal_stable,literal_05,10,next_token_logprob_delta,even,0.875,2,0.010326866801580152,0.012255389252875625,0.8935708104142585,3,0.25,1.0,2,"22,23",0.8653846153846154,8,8
7,16,matched_betti,0.5,max_full_branch_node_speed,all_interior,coexact,coexact,random_tangent,metaphor_shift,metaphor_01,10,next_token_logprob_delta,even,0.875,2,0.16919949052247163,0.08010286897042133,0.6218500552018805,3,0.25,1.0,3,"29,30,31",0.8823529411764706,8,8
7,16,matched_betti,0.5,max_full_branch_node_speed,all_interior,coexact,coexact,random_tangent,metaphor_shift,metaphor_02,10,next_token_logprob_delta,even,0.875,2,-0.10834117629051454,0.006780096419240712,0.10439081123817619,3,0.25,1.0,1,26,0.896551724137931,8,8
7,16,matched_betti,0.5,max_full_branch_node_speed,all_interior,coexact,coexact,random_tangent,metaphor_shift,metaphor_03,10,next_token_logprob_delta,even,0.875,2,-0.06498029561154611,0.016006873370698553,0.3818565388463216,3,0.25,1.0,2,"25,27",0.8666666666666667,8,8
7,16,matched_betti,0.5,max_full_branch_node_speed,all_interior,coexact,coexact,random_tangent,metaphor_shift,metaphor_04,10,next_token_logprob_delta,even,0.875,2,-0.07797764854189809,0.005585094505093384,0.11927467963655215,3,0.25,1.0,2,"24,25",0.875,8,8
7,16,matched_betti,0.5,max_full_branch_node_speed,all_interior,coexact,coexact,random_tangent,metaphor_shift,metaphor_05,10,next_token_logprob_delta,even,0.875,2,-0.21157107270322723,0.007545004390899354,0.05970723945439623,3,0.25,1.0,1,23,0.8518518518518517,8,8
7,16,matched_betti,0.5,max_full_branch_node_speed,all_interior,coexact,coexact,random_tangent,ontology_collapse,ontology_01,10,next_token_logprob_delta,even,0.875,2,0.029076021094770352,0.019044175618395928,0.7395033880205976,3,0.25,1.0,3,"26,27,28",0.8709677419354839,8,8
7,16,matched_betti,0.5,max_full_branch_node_speed,all_interior,coexact,coexact,random_tangent,ontology_collapse,ontology_02,10,next_token_logprob_delta,even,0.875,2,-0.07420340570698486,0.025924170778991572,0.5055716547582395,3,0.25,1.0,2,"24,25",0.875,8,8
7,16,matched_betti,0.5,max_full_branch_node_speed,all_interior,coexact,coexact,random_tangent,ontology_collapse,ontology_03,10,next_token_logprob_delta,even,0.875,2,0.16872507357933747,0.02048487485029695,0.19954008470571907,3,0.25,1.0,2,"25,26",0.8793103448275862,8,8
7,16,matched_betti,0.5,max_full_branch_node_speed,all_interior,coexact,coexact,random_tangent,ontology_collapse,ontology_04,10,next_token_logprob_delta,even,0.875,2,-0.16332445179880986,0.006342365910218439,0.06499502600365464,3,0.25,1.0,2,"25,26",0.8793103448275862,8,8
7,16,matched_betti,0.5,max_full_branch_node_speed,all_interior,coexact,coexact,random_tangent,ontology_collapse,ontology_05,10,next_token_logprob_delta,even,0.875,2,0.1679515595871995,0.008882999248197618,0.08836345924228389,3,0.25,1.0,2,"24,25",0.875,8,8
7,16,matched_betti,0.5,max_full_branch_node_speed,all_interior,coexact,coexact,random_tangent,identity_stress,identity_01,11,next_token_logprob_delta,even,0.9583333333333334,2,0.056365915772904604,0.018604780047637316,0.4843445577596444,3,0.25,1.0,2,"32,33",0.9558823529411763,8,8
7,16,matched_betti,0.5,max_full_branch_node_speed,all_interior,coexact,coexact,random_tangent,identity_stress,identity_02,11,next_token_logprob_delta,even,0.9583333333333334,2,0.024170940298807952,0.013134951269585061,0.6736279906136903,3,0.25,1.0,2,"29,30",0.9516129032258065,8,8
7,16,matched_betti,0.5,max_full_branch_node_speed,all_interior,coexact,coexact,random_tangent,identity_stress,identity_03,11,next_token_logprob_delta,even,0.9583333333333334,2,0.08686586120349434,0.01747288432254995,0.31967354253922226,3,0.25,1.0,1,29,0.9354838709677419,8,8
7,16,matched_betti,0.5,max_full_branch_node_speed,all_interior,coexact,coexact,random_tangent,identity_stress,identity_04,11,next_token_logprob_delta,even,0.9583333333333334,2,0.058551027012431346,0.0003658554711447823,0.01047973917460183,3,0.25,1.0,1,26,0.9285714285714285,8,8
7,16,matched_betti,0.5,max_full_branch_node_speed,all_interior,coexact,coexact,random_tangent,identity_stress,identity_05,11,next_token_logprob_delta,even,0.9583333333333334,2,0.24932989181640444,0.01858812959648364,0.124077095993378,3,0.25,1.0,2,"26,27",0.9464285714285715,8,8
7,16,matched_betti,0.5,max_full_branch_node_speed,all_interior,coexact,coexact,random_tangent,literal_stable,literal_02,11,next_token_logprob_delta,even,0.9583333333333334,2,-0.12901978987150947,0.011700154309315874,0.15037238213828943,3,0.25,1.0,2,"26,27",0.9464285714285715,8,8
7,16,matched_betti,0.5,max_full_branch_node_speed,all_interior,coexact,coexact,random_tangent,literal_stable,literal_03,11,next_token_logprob_delta,even,0.9583333333333334,2,0.047472321889289924,0.011344235650855513,0.3720354189533545,3,0.25,1.0,1,25,0.9259259259259259,8,8
7,16,matched_betti,0.5,max_full_branch_node_speed,all_interior,coexact,coexact,random_tangent,literal_stable,literal_04,11,next_token_logprob_delta,even,0.9583333333333334,2,-0.250650432809245,0.01349303119749416,0.08992434378481039,3,0.25,1.0,2,"23,24",0.94,8,8
7,16,matched_betti,0.5,max_full_branch_node_speed,all_interior,coexact,coexact,random_tangent,literal_stable,literal_05,11,next_token_logprob_delta,even,0.9583333333333334,2,0.11875087161542222,0.0029029815375463675,0.04096773917393025,3,0.25,1.0,1,25,0.9615384615384616,8,8
7,16,matched_betti,0.5,max_full_branch_node_speed,all_interior,coexact,coexact,random_tangent,metaphor_shift,metaphor_01,11,next_token_logprob_delta,even,0.9583333333333334,2,0.5918828741216368,0.007906360972122512,0.022399131342489352,3,0.25,1.0,1,32,0.9411764705882352,8,8
7,16,matched_betti,0.5,max_full_branch_node_speed,all_interior,coexact,coexact,random_tangent,metaphor_shift,metaphor_02,11,next_token_logprob_delta,even,0.9583333333333334,2,-0.013020298127358582,0.006464645883405659,0.6399271745502301,3,0.25,1.0,2,"27,28",0.9482758620689656,8,8
7,16,matched_betti,0.5,max_full_branch_node_speed,all_interior,coexact,coexact,random_tangent,metaphor_shift,metaphor_03,11,next_token_logprob_delta,even,0.9583333333333334,2,-0.044595786356207735,0.005192877059592611,0.1916834811099949,3,0.25,1.0,2,"28,29",0.9499999999999998,8,8
7,16,matched_betti,0.5,max_full_branch_node_speed,all_interior,coexact,coexact,random_tangent,metaphor_shift,metaphor_04,11,next_token_logprob_delta,even,0.9583333333333334,2,0.4623912165666291,0.055634216885244385,0.19781701838018978,3,0.25,1.0,1,26,0.9285714285714285,8,8
7,16,matched_betti,0.5,max_full_branch_node_speed,all_interior,coexact,coexact,random_tangent,metaphor_shift,metaphor_05,11,next_token_logprob_delta,even,0.9583333333333334,2,-0.3085661052089107,0.01944071272571133,0.10508769394079337,3,0.25,1.0,2,"25,26",0.9444444444444443,8,8
7,16,matched_betti,0.5,max_full_branch_node_speed,all_interior,coexact,coexact,random_tangent,ontology_collapse,ontology_01,11,next_token_logprob_delta,even,0.9583333333333334,2,0.13712318082447458,0.017423821060128953,0.2084423925426164,3,0.25,1.0,1,29,0.9354838709677419,8,8
7,16,matched_betti,0.5,max_full_branch_node_speed,all_interior,coexact,coexact,random_tangent,ontology_collapse,ontology_02,11,next_token_logprob_delta,even,0.9583333333333334,2,-0.25811129675165273,0.00961054003831965,0.06232966731715961,3,0.25,1.0,2,"26,27",0.9464285714285715,8,8
7,16,matched_betti,0.5,max_full_branch_node_speed,all_interior,coexact,coexact,random_tangent,ontology_collapse,ontology_03,11,next_token_logprob_delta,even,0.9583333333333334,2,0.03080881715797428,0.0025230328505774315,0.1360781817467513,3,0.25,1.0,2,"27,28",0.9482758620689656,8,8
7,16,matched_betti,0.5,max_full_branch_node_speed,all_interior,coexact,coexact,random_tangent,ontology_collapse,ontology_04,11,next_token_logprob_delta,even,0.9583333333333334,2,0.3689307388929235,0.021700739010622822,0.09818059045238317,3,0.25,1.0,2,"27,28",0.9482758620689656,8,8
7,16,matched_betti,0.5,max_full_branch_node_speed,all_interior,coexact,coexact,random_tangent,ontology_collapse,ontology_05,11,next_token_logprob_delta,even,0.9583333333333334,2,0.37502454062204776,0.03692399472952309,0.16293178850781814,3,0.25,1.0,1,26,0.9285714285714285,8,8
7,16,matched_betti,0.5,max_full_branch_node_speed,all_interior,coexact,coexact,random_tangent,identity_stress,identity_01,0,next_token_logprob_delta,odd,0.041666666666666664,1,0.772110661486921,0.03555149114157826,0.06944476313788693,3,0.25,1.0,2,"1,2",0.04411764705882352,8,8
7,16,matched_betti,0.5,max_full_branch_node_speed,all_interior,coexact,coexact,random_tangent,identity_stress,identity_02,0,next_token_logprob_delta,odd,0.041666666666666664,1,0.8447523816857535,0.01028857384197613,0.01841039524899231,3,0.25,1.0,2,"1,2",0.04838709677419354,8,8
7,16,matched_betti,0.5,max_full_branch_node_speed,all_interior,coexact,coexact,random_tangent,identity_stress,identity_03,0,next_token_logprob_delta,odd,0.041666666666666664,1,1.3846576075559078,0.02669821883962449,0.029138448035137744,3,0.25,1.0,2,"1,2",0.04838709677419354,8,8
7,16,matched_betti,0.5,max_full_branch_node_speed,all_interior,coexact,coexact,random_tangent,identity_stress,identity_04,0,next_token_logprob_delta,odd,0.041666666666666664,1,0.972849926561751,0.016792098171596447,0.02608688723529673,3,0.25,1.0,2,"1,2",0.05357142857142857,8,8
7,16,matched_betti,0.5,max_full_branch_node_speed,all_interior,coexact,coexact,random_tangent,identity_stress,identity_05,0,next_token_logprob_delta,odd,0.041666666666666664,1,1.066181714293278,0.030566076397352503,0.04330239141911878,3,0.25,1.0,2,"1,2",0.05357142857142857,8,8
7,16,matched_betti,0.5,max_full_branch_node_speed,all_interior,coexact,coexact,random_tangent,literal_stable,literal_01,0,next_token_logprob_delta,odd,0.041666666666666664,1,0.4586527247299752,0.0439538476129506,0.14338799236383576,3,0.25,1.0,2,"1,2",0.04545454545454545,8,8
7,16,matched_betti,0.5,max_full_branch_node_speed,all_interior,coexact,coexact,random_tangent,literal_stable,literal_02,0,next_token_logprob_delta,odd,0.041666666666666664,1,0.6465075369220583,0.006031419400914977,0.01410307169114349,3,0.25,1.0,2,"1,2",0.05357142857142857,8,8
7,16,matched_betti,0.5,max_full_branch_node_speed,all_interior,coexact,coexact,random_tangent,literal_stable,literal_03,0,next_token_logprob_delta,odd,0.041666666666666664,1,0.4517139314780685,0.029358970341389637,0.09779163111789328,3,0.25,1.0,2,"1,2",0.05555555555555555,8,8
7,16,matched_betti,0.5,max_full_branch_node_speed,all_interior,coexact,coexact,random_tangent,literal_stable,literal_04,0,next_token_logprob_delta,odd,0.041666666666666664,1,0.9212895007306466,0.017729979583855485,0.02908300911921853,3,0.25,1.0,2,"1,2",0.06,8,8
7,16,matched_betti,0.5,max_full_branch_node_speed,all_interior,coexact,coexact,random_tangent,literal_stable,literal_05,0,next_token_logprob_delta,odd,0.041666666666666664,1,0.6943027124946648,0.01241475926609025,0.027023511266913217,3,0.25,1.0,2,"1,2",0.05769230769230769,8,8
7,16,matched_betti,0.5,max_full_branch_node_speed,all_interior,coexact,coexact,random_tangent,metaphor_shift,metaphor_01,0,next_token_logprob_delta,odd,0.041666666666666664,1,-0.6015970890385713,0.09386612609005521,0.22959114613368464,3,0.25,1.0,2,"1,2",0.04411764705882352,8,8
7,16,matched_betti,0.5,max_full_branch_node_speed,all_interior,coexact,coexact,random_tangent,metaphor_shift,metaphor_02,0,next_token_logprob_delta,odd,0.041666666666666664,1,-0.016697431006337197,0.1287656193050384,0.9963418679648166,3,0.25,1.0,2,"1,2",0.05172413793103448,8,8
7,16,matched_betti,0.5,max_full_branch_node_speed,all_interior,coexact,coexact,random_tangent,metaphor_shift,metaphor_03,0,next_token_logprob_delta,odd,0.041666666666666664,1,0.09993092112924666,0.03417366355589953,0.45926382681718697,3,0.25,1.0,2,"1,2",0.05000000000000001,8,8
7,16,matched_betti,0.5,max_full_branch_node_speed,all_interior,coexact,coexact,random_tangent,metaphor_shift,metaphor_04,0,next_token_logprob_delta,odd,0.041666666666666664,1,1.4281628562123803,0.015828793255763467,0.016754060633115617,3,0.25,1.0,2,"1,2",0.05357142857142857,8,8
7,16,matched_betti,0.5,max_full_branch_node_speed,all_interior,coexact,coexact,random_tangent,metaphor_shift,metaphor_05,0,next_token_logprob_delta,odd,0.041666666666666664,1,0.23641794489736528,0.039732275272441914,0.24625744530249596,3,0.25,1.0,2,"1,2",0.05555555555555555,8,8
7,16,matched_betti,0.5,max_full_branch_node_speed,all_interior,coexact,coexact,random_tangent,ontology_collapse,ontology_01,0,next_token_logprob_delta,odd,0.041666666666666664,1,1.4386894359622782,0.0656156780456995,0.06878940640864369,3,0.25,1.0,2,"1,2",0.04838709677419354,8,8
7,16,matched_betti,0.5,max_full_branch_node_speed,all_interior,coexact,coexact,random_tangent,ontology_collapse,ontology_02,0,next_token_logprob_delta,odd,0.041666666666666664,1,1.4286094525736805,0.013633812932673742,0.014426785768360265,3,0.25,1.0,2,"1,2",0.05357142857142857,8,8
7,16,matched_betti,0.5,max_full_branch_node_speed,all_interior,coexact,coexact,random_tangent,ontology_collapse,ontology_03,0,next_token_logprob_delta,odd,0.041666666666666664,1,0.847779481313294,0.01905121814062246,0.03395473311675238,3,0.25,1.0,2,"1,2",0.05172413793103448,8,8
7,16,matched_betti,0.5,max_full_branch_node_speed,all_interior,coexact,coexact,random_tangent,ontology_collapse,ontology_04,0,next_token_logprob_delta,odd,0.041666666666666664,1,1.8577922230639847,0.061444845518997905,0.04994097579813344,3,0.25,1.0,2,"1,2",0.05172413793103448,8,8
7,16,matched_betti,0.5,max_full_branch_node_speed,all_interior,coexact,coexact,random_tangent,ontology_collapse,ontology_05,0,next_token_logprob_delta,odd,0.041666666666666664,1,0.6011481496727789,0.028287932200015027,0.07096339515483614,3,0.25,1.0,2,"1,2",0.05357142857142857,8,8
7,16,matched_betti,0.5,max_full_branch_node_speed,all_interior,coexact,coexact,random_tangent,identity_stress,identity_01,1,next_token_logprob_delta,odd,0.125,1,-0.399832456532179,0.038121086801505236,0.14266998764301594,3,0.25,1.0,3,"3,4,5",0.11764705882352942,8,8
7,16,matched_betti,0.5,max_full_branch_node_speed,all_interior,coexact,coexact,random_tangent,identity_stress,identity_02,1,next_token_logprob_delta,odd,0.125,1,-0.34188925355784083,0.006971348461915542,0.03081314618433537,3,0.25,1.0,3,"3,4,5",0.12903225806451613,8,8
7,16,matched_betti,0.5,max_full_branch_node_speed,all_interior,coexact,coexact,random_tangent,identity_stress,identity_03,1,next_token_logprob_delta,odd,0.125,1,0.07626748543611848,0.029554220039897314,0.5054942929870904,3,0.25,1.0,3,"3,4,5",0.12903225806451613,8,8
7,16,matched_betti,0.5,max_full_branch_node_speed,all_interior,coexact,coexact,random_tangent,identity_stress,identity_04,1,next_token_logprob_delta,odd,0.125,1,0.8872842086276206,0.004022470930359468,0.006853792195754848,3,0.25,1.0,2,"3,4",0.125,8,8
7,16,matched_betti,0.5,max_full_branch_node_speed,all_interior,coexact,coexact,random_tangent,identity_stress,identity_05,1,next_token_logprob_delta,odd,0.125,1,0.24123880264959185,0.02698995808503165,0.1667786480207319,3,0.25,1.0,2,"3,4",0.125,8,8
7,16,matched_betti,0.5,max_full_branch_node_speed,all_interior,coexact,coexact,random_tangent,literal_stable,literal_01,1,next_token_logprob_delta,odd,0.125,1,0.18632786561081696,0.038929073618023176,0.3012004661498423,3,0.25,1.0,3,"3,4,5",0.12121212121212122,8,8
7,16,matched_betti,0.5,max_full_branch_node_speed,all_interior,coexact,coexact,random_tangent,literal_stable,literal_02,1,next_token_logprob_delta,odd,0.125,1,0.6840210544941143,0.03252109233984636,0.07169478717325097,3,0.25,1.0,2,"3,4",0.125,8,8
7,16,matched_betti,0.5,max_full_branch_node_speed,all_interior,coexact,coexact,random_tangent,literal_stable,literal_03,1,next_token_logprob_delta,odd,0.125,1,0.6272809310160616,0.03630823803546729,0.08717611460161773,3,0.25,1.0,2,"3,4",0.12962962962962962,8,8
7,16,matched_betti,0.5,max_full_branch_node_speed,all_interior,coexact,coexact,random_tangent,literal_stable,literal_04,1,next_token_logprob_delta,odd,0.125,1,1.1258015056966015,0.04462786931626211,0.05982417930691537,3,0.25,1.0,2,"3,4",0.14,8,8
7,16,matched_betti,0.5,max_full_branch_node_speed,all_interior,coexact,coexact,random_tangent,literal_stable,literal_05,1,next_token_logprob_delta,odd,0.125,1,-0.04394358696552497,0.012492390899799996,0.39486854324514076,3,0.25,1.0,2,"3,4",0.13461538461538464,8,8
7,16,matched_betti,0.5,max_full_branch_node_speed,all_interior,coexact,coexact,random_tangent,metaphor_shift,metaphor_01,1,next_token_logprob_delta,odd,0.125,1,0.45384607248902414,0.040206588971726735,0.13275128519746576,3,0.25,1.0,2,"3,5",0.1176470588235294,8,8
7,16,matched_betti,0.5,max_full_branch_node_speed,all_interior,coexact,coexact,random_tangent,metaphor_shift,metaphor_02,1,next_token_logprob_delta,odd,0.125,1,1.0480713085582043,0.052019913180406684,0.07482908809405499,3,0.25,1.0,2,"3,4",0.12068965517241377,8,8
7,16,matched_betti,0.5,max_full_branch_node_speed,all_interior,coexact,coexact,random_tangent,metaphor_shift,metaphor_03,1,next_token_logprob_delta,odd,0.125,1,1.982714486462317,0.04423979384610375,0.033714515371296834,3,0.25,1.0,2,"3,4",0.11666666666666665,8,8
7,16,matched_betti,0.5,max_full_branch_node_speed,all_interior,coexact,coexact,random_tangent,metaphor_shift,metaphor_04,1,next_token_logprob_delta,odd,0.125,1,0.6437731840544865,0.011478977107347918,0.026947813456633243,3,0.25,1.0,2,"3,4",0.125,8,8
7,16,matched_betti,0.5,max_full_branch_node_speed,all_interior,coexact,coexact,random_tangent,metaphor_shift,metaphor_05,1,next_token_logprob_delta,odd,0.125,1,1.2278710143733769,0.05132988573700801,0.06307581421560132,3,0.25,1.0,2,"3,4",0.12962962962962962,8,8
7,16,matched_betti,0.5,max_full_branch_node_speed,all_interior,coexact,coexact,random_tangent,ontology_collapse,ontology_01,1,next_token_logprob_delta,odd,0.125,1,1.0047312366308672,0.007505626721796237,0.011293286145129668,3,0.25,1.0,3,"3,4,5",0.12903225806451613,8,8
7,16,matched_betti,0.5,max_full_branch_node_speed,all_interior,coexact,coexact,random_tangent,ontology_collapse,ontology_02,1,next_token_logprob_delta,odd,0.125,1,0.8074745386349692,0.028347650684332662,0.05300152269775685,3,0.25,1.0,2,"3,4",0.125,8,8
7,16,matched_betti,0.5,max_full_branch_node_speed,all_interior,coexact,coexact,random_tangent,ontology_collapse,ontology_03,1,next_token_logprob_delta,odd,0.125,1,0.7438629428240162,0.035244263723723114,0.07144883106357598,3,0.25,1.0,2,"3,4",0.12068965517241377,8,8
7,16,matched_betti,0.5,max_full_branch_node_speed,all_interior,coexact,coexact,random_tangent,ontology_collapse,ontology_04,1,next_token_logprob_delta,odd,0.125,1,-0.4877086715697758,0.014568126582780767,0.045114047761713086,3,0.25,1.0,2,"3,4",0.12068965517241377,8,8
7,16,matched_betti,0.5,max_full_branch_node_speed,all_interior,coexact,coexact,random_tangent,ontology_collapse,ontology_05,1,next_token_logprob_delta,odd,0.125,1,0.8748131889274455,0.032275328512904676,0.05569186654151838,3,0.25,1.0,2,"3,4",0.125,8,8
7,16,matched_betti,0.5,max_full_branch_node_speed,all_interior,coexact,coexact,random_tangent,identity_stress,identity_01,2,next_token_logprob_delta,odd,0.20833333333333334,1,0.04345781836837318,0.031490578625309934,0.738574506795799,3,0.25,1.0,3,"6,7,8",0.2058823529411765,8,8
7,16,matched_betti,0.5,max_full_branch_node_speed,all_interior,coexact,coexact,random_tangent,identity_stress,identity_02,2,next_token_logprob_delta,odd,0.20833333333333334,1,0.4132643292578877,0.03150752006984224,0.11450679229726513,3,0.25,1.0,2,"6,7",0.20967741935483866,8,8
7,16,matched_betti,0.5,max_full_branch_node_speed,all_interior,coexact,coexact,random_tangent,identity_stress,identity_03,2,next_token_logprob_delta,odd,0.20833333333333334,1,0.4745368524078413,0.035985974418233334,0.11390389311997283,3,0.25,1.0,2,"6,7",0.20967741935483866,8,8
7,16,matched_betti,0.5,max_full_branch_node_speed,all_interior,coexact,coexact,random_tangent,identity_stress,identity_04,2,next_token_logprob_delta,odd,0.20833333333333334,1,0.8965981972122062,0.017261978383905745,0.029095095038130372,3,0.25,1.0,2,"5,6",0.19642857142857142,8,8
7,16,matched_betti,0.5,max_full_branch_node_speed,all_interior,coexact,coexact,random_tangent,identity_stress,identity_05,2,next_token_logprob_delta,odd,0.20833333333333334,1,0.7294656064418558,0.033337692312783,0.06892987463071823,3,0.25,1.0,2,"5,6",0.19642857142857142,8,8
7,16,matched_betti,0.5,max_full_branch_node_speed,all_interior,coexact,coexact,random_tangent,literal_stable,literal_01,2,next_token_logprob_delta,odd,0.20833333333333334,1,0.38490721669736916,0.058266668671231175,0.22309466936272251,3,0.25,1.0,3,"6,7,8",0.21212121212121213,8,8
7,16,matched_betti,0.5,max_full_branch_node_speed,all_interior,coexact,coexact,random_tangent,literal_stable,literal_02,2,next_token_logprob_delta,odd,0.20833333333333334,1,0.9189377459304737,0.04671308399158769,0.07662749412064782,3,0.25,1.0,2,"5,6",0.19642857142857142,8,8
7,16,matched_betti,0.5,max_full_branch_node_speed,all_interior,coexact,coexact,random_tangent,literal_stable,literal_03,2,next_token_logprob_delta,odd,0.20833333333333334,1,0.2085776959303921,0.03413290778242217,0.24016815734772284,3,0.25,1.0,2,"5,6",0.2037037037037037,8,8
7,16,matched_betti,0.5,max_full_branch_node_speed,all_interior,coexact,coexact,random_tangent,literal_stable,literal_04,2,next_token_logprob_delta,odd,0.20833333333333334,1,1.0864464836893486,0.05272343230075888,0.07317126622502919,3,0.25,1.0,2,"5,6",0.22,8,8
7,16,matched_betti,0.5,max_full_branch_node_speed,all_interior,coexact,coexact,random_tangent,literal_stable,literal_05,2,next_token_logprob_delta,odd,0.20833333333333334,1,0.7722522342464111,0.11847927585822296,0.22595134772563213,3,0.25,1.0,2,"5,6",0.21153846153846156,8,8
7,16,matched_betti,0.5,max_full_branch_node_speed,all_interior,coexact,coexact,random_tangent,metaphor_shift,metaphor_01,2,next_token_logprob_delta,odd,0.20833333333333334,1,0.024420246303415178,0.008719855910299232,0.47504429001970244,3,0.25,1.0,3,"6,7,8",0.2058823529411765,8,8
7,16,matched_betti,0.5,max_full_branch_node_speed,all_interior,coexact,coexact,random_tangent,metaphor_shift,metaphor_02,2,next_token_logprob_delta,odd,0.20833333333333334,1,1.5465717057077353,0.07057176369340656,0.06882415104685115,3,0.25,1.0,3,"5,6,7",0.20689655172413793,8,8
7,16,matched_betti,0.5,max_full_branch_node_speed,all_interior,coexact,coexact,random_tangent,metaphor_shift,metaphor_03,2,next_token_logprob_delta,odd,0.20833333333333334,1,0.5459869853003839,0.014724225676806892,0.040738071973108934,3,0.25,1.0,3,"5,6,7",0.19999999999999998,8,8
7,16,matched_betti,0.5,max_full_branch_node_speed,all_interior,coexact,coexact,random_tangent,metaphor_shift,metaphor_04,2,next_token_logprob_delta,odd,0.20833333333333334,1,0.41302901547415144,0.026013710345702705,0.09479222112920523,3,0.25,1.0,2,"5,6",0.19642857142857142,8,8
7,16,matched_betti,0.5,max_full_branch_node_speed,all_interior,coexact,coexact,random_tangent,metaphor_shift,metaphor_05,2,next_token_logprob_delta,odd,0.20833333333333334,1,0.8563462428241464,0.01639686561344459,0.02893613476699869,3,0.25,1.0,2,"5,6",0.2037037037037037,8,8
7,16,matched_betti,0.5,max_full_branch_node_speed,all_interior,coexact,coexact,random_tangent,ontology_collapse,ontology_01,2,next_token_logprob_delta,odd,0.20833333333333334,1,-0.08072587200323436,0.03392672263205547,0.5362902360363544,3,0.25,1.0,2,"6,7",0.20967741935483866,8,8
7,16,matched_betti,0.5,max_full_branch_node_speed,all_interior,coexact,coexact,random_tangent,ontology_collapse,ontology_02,2,next_token_logprob_delta,odd,0.20833333333333334,1,0.7156478050675802,0.007707054886510542,0.01627955475333584,3,0.25,1.0,2,"5,6",0.19642857142857142,8,8
7,16,matched_betti,0.5,max_full_branch_node_speed,all_interior,coexact,coexact,random_tangent,ontology_collapse,ontology_03,2,next_token_logprob_delta,odd,0.20833333333333334,1,0.31235466096129894,0.03439674530225649,0.16422654869833184,3,0.25,1.0,3,"5,6,7",0.20689655172413793,8,8
7,16,matched_betti,0.5,max_full_branch_node_speed,all_interior,coexact,coexact,random_tangent,ontology_collapse,ontology_04,2,next_token_logprob_delta,odd,0.20833333333333334,1,0.23495298731351297,0.0035369121708344856,0.02275316561207945,3,0.25,1.0,3,"5,6,7",0.20689655172413793,8,8
7,16,matched_betti,0.5,max_full_branch_node_speed,all_interior,coexact,coexact,random_tangent,ontology_collapse,ontology_05,2,next_token_logprob_delta,odd,0.20833333333333334,1,0.0823325165296253,0.06241345546532648,0.7534969246272257,3,0.25,1.0,2,"5,6",0.19642857142857142,8,8
7,16,matched_betti,0.5,max_full_branch_node_speed,all_interior,coexact,coexact,random_tangent,identity_stress,identity_01,3,next_token_logprob_delta,odd,0.2916666666666667,1,-0.3494634445626308,0.03912216841745292,0.16687802896830747,3,0.25,1.0,3,"9,10,11",0.29411764705882354,8,8
7,16,matched_betti,0.5,max_full_branch_node_speed,all_interior,coexact,coexact,random_tangent,identity_stress,identity_02,3,next_token_logprob_delta,odd,0.2916666666666667,1,0.4044689127162353,0.00916986621809629,0.03425577997832741,3,0.25,1.0,3,"8,9,10",0.2903225806451613,8,8
7,16,matched_betti,0.5,max_full_branch_node_speed,all_interior,coexact,coexact,random_tangent,identity_stress,identity_03,3,next_token_logprob_delta,odd,0.2916666666666667,1,0.12725633963603195,0.005596984673576111,0.06634797279503746,3,0.25,1.0,3,"8,9,10",0.2903225806451613,8,8
7,16,matched_betti,0.5,max_full_branch_node_speed,all_interior,coexact,coexact,random_tangent,identity_stress,identity_04,3,next_token_logprob_delta,odd,0.2916666666666667,1,-0.40726249935863407,0.0534926878018696,0.19477476033692126,3,0.25,1.0,3,"7,8,9",0.28571428571428575,8,8
7,16,matched_betti,0.5,max_full_branch_node_speed,all_interior,coexact,coexact,random_tangent,identity_stress,identity_05,3,next_token_logprob_delta,odd,0.2916666666666667,1,0.5477109487650967,0.024102462840587993,0.06638377269165506,3,0.25,1.0,3,"7,8,9",0.28571428571428575,8,8
7,16,matched_betti,0.5,max_full_branch_node_speed,all_interior,coexact,coexact,random_tangent,literal_stable,literal_01,3,next_token_logprob_delta,odd,0.2916666666666667,1,1.3393803886719806,0.04034271839208344,0.04549067321185087,3,0.25,1.0,2,"9,10",0.28787878787878785,8,8
7,16,matched_betti,0.5,max_full_branch_node_speed,all_interior,coexact,coexact,random_tangent,literal_stable,literal_02,3,next_token_logprob_delta,odd,0.2916666666666667,1,0.25178999272299224,0.043885207528666564,0.2548081836682287,3,0.25,1.0,3,"7,8,9",0.28571428571428575,8,8
7,16,matched_betti,0.5,max_full_branch_node_speed,all_interior,coexact,coexact,random_tangent,literal_stable,literal_03,3,next_token_logprob_delta,odd,0.2916666666666667,1,0.4339048143074437,0.030959652019469017,0.10725074362521837,3,0.25,1.0,2,"7,8",0.2777777777777778,8,8
7,16,matched_betti,0.5,max_full_branch_node_speed,all_interior,coexact,coexact,random_tangent,literal_stable,literal_04,3,next_token_logprob_delta,odd,0.2916666666666667,1,0.6734742540405849,0.011391719891493747,0.02556450037680335,3,0.25,1.0,2,"7,8",0.30000000000000004,8,8
7,16,matched_betti,0.5,max_full_branch_node_speed,all_interior,coexact,coexact,random_tangent,literal_stable,literal_05,3,next_token_logprob_delta,odd,0.2916666666666667,1,-0.23123174939523866,0.005242935438784062,0.03425965582476828,3,0.25,1.0,2,"7,8",0.28846153846153844,8,8
7,16,matched_betti,0.5,max_full_branch_node_speed,all_interior,coexact,coexact,random_tangent,metaphor_shift,metaphor_01,3,next_token_logprob_delta,odd,0.2916666666666667,1,0.987116468308694,0.05055233847556224,0.07719443221288043,3,0.25,1.0,3,"9,10,11",0.29411764705882354,8,8
7,16,matched_betti,0.5,max_full_branch_node_speed,all_interior,coexact,coexact,random_tangent,metaphor_shift,metaphor_02,3,next_token_logprob_delta,odd,0.2916666666666667,1,1.1274926955762432,0.03398310864692865,0.04552080265322253,3,0.25,1.0,2,"8,9",0.2931034482758621,8,8
7,16,matched_betti,0.5,max_full_branch_node_speed,all_interior,coexact,coexact,random_tangent,metaphor_shift,metaphor_03,3,next_token_logprob_delta,odd,0.2916666666666667,1,0.6313214029642102,0.005994978887668891,0.014355005559823053,3,0.25,1.0,2,"8,9",0.2833333333333333,8,8
7,16,matched_betti,0.5,max_full_branch_node_speed,all_interior,coexact,coexact,random_tangent,metaphor_shift,metaphor_04,3,next_token_logprob_delta,odd,0.2916666666666667,1,0.4946580824809195,0.02117174597135437,0.06457362877437495,3,0.25,1.0,3,"7,8,9",0.28571428571428575,8,8
7,16,matched_betti,0.5,max_full_branch_node_speed,all_interior,coexact,coexact,random_tangent,metaphor_shift,metaphor_05,3,next_token_logprob_delta,odd,0.2916666666666667,1,-0.011153892493095917,0.03888140688103244,0.9824701147992866,3,0.25,1.0,2,"7,8",0.2777777777777778,8,8
7,16,matched_betti,0.5,max_full_branch_node_speed,all_interior,coexact,coexact,random_tangent,ontology_collapse,ontology_01,3,next_token_logprob_delta,odd,0.2916666666666667,1,-0.14490372896052217,0.004038594332022548,0.04209945130737844,3,0.25,1.0,3,"8,9,10",0.2903225806451613,8,8
7,16,matched_betti,0.5,max_full_branch_node_speed,all_interior,coexact,coexact,random_tangent,ontology_collapse,ontology_02,3,next_token_logprob_delta,odd,0.2916666666666667,1,0.6296659147331052,0.008725784207848248,0.020946427378647364,3,0.25,1.0,3,"7,8,9",0.28571428571428575,8,8
7,16,matched_betti,0.5,max_full_branch_node_speed,all_interior,coexact,coexact,random_tangent,ontology_collapse,ontology_03,3,next_token_logprob_delta,odd,0.2916666666666667,1,0.9132619745817747,0.07728039288236532,0.12689941890569562,3,0.25,1.0,2,"8,9",0.2931034482758621,8,8
7,16,matched_betti,0.5,max_full_branch_node_speed,all_interior,coexact,coexact,random_tangent,ontology_collapse,ontology_04,3,next_token_logprob_delta,odd,0.2916666666666667,1,-0.06492387827301092,0.12103974209833697,0.9424436379733868,3,0.25,1.0,2,"8,9",0.2931034482758621,8,8
7,16,matched_betti,0.5,max_full_branch_node_speed,all_interior,coexact,coexact,random_tangent,ontology_collapse,ontology_05,3,next_token_logprob_delta,odd,0.2916666666666667,1,0.4641537951433583,0.022485315718140934,0.0730443066193834,3,0.25,1.0,3,"7,8,9",0.28571428571428575,8,8
7,16,matched_betti,0.5,max_full_branch_node_speed,all_interior,coexact,coexact,random_tangent,identity_stress,identity_01,4,next_token_logprob_delta,odd,0.375,1,0.24105616751140518,0.04082430161585133,0.24804074346800584,3,0.25,1.0,3,"12,13,14",0.38235294117647056,8,8
7,16,matched_betti,0.5,max_full_branch_node_speed,all_interior,coexact,coexact,random_tangent,identity_stress,identity_02,4,next_token_logprob_delta,odd,0.375,1,0.18548898154817034,0.016717989852175506,0.1350149938475038,3,0.25,1.0,2,"11,12",0.3709677419354838,8,8
7,16,matched_betti,0.5,max_full_branch_node_speed,all_interior,coexact,coexact,random_tangent,identity_stress,identity_03,4,next_token_logprob_delta,odd,0.375,1,0.9397634903687873,0.018096175365291074,0.029100150598155954,3,0.25,1.0,2,"11,12",0.3709677419354838,8,8
7,16,matched_betti,0.5,max_full_branch_node_speed,all_interior,coexact,coexact,random_tangent,identity_stress,identity_04,4,next_token_logprob_delta,odd,0.375,1,-0.02231201448973758,0.007712672933378913,0.46317206400619776,3,0.25,1.0,2,"10,11",0.375,8,8
7,16,matched_betti,0.5,max_full_branch_node_speed,all_interior,coexact,coexact,random_tangent,identity_stress,identity_05,4,next_token_logprob_delta,odd,0.375,1,0.4228495391235912,0.03797175209903563,0.13453018425686586,3,0.25,1.0,2,"10,11",0.375,8,8
7,16,matched_betti,0.5,max_full_branch_node_speed,all_interior,coexact,coexact,random_tangent,literal_stable,literal_01,4,next_token_logprob_delta,odd,0.375,1,0.38073925651805535,0.011222549508909427,0.044518861186256906,3,0.25,1.0,3,"11,12,13",0.3636363636363636,8,8
7,16,matched_betti,0.5,max_full_branch_node_speed,all_interior,coexact,coexact,random_tangent,literal_stable,literal_02,4,next_token_logprob_delta,odd,0.375,1,0.3427427509395508,0.04048024475991239,0.17578038101702306,3,0.25,1.0,2,"10,11",0.375,8,8
7,16,matched_betti,0.5,max_full_branch_node_speed,all_interior,coexact,coexact,random_tangent,literal_stable,literal_03,4,next_token_logprob_delta,odd,0.375,1,0.5103074410776209,0.03787319219327007,0.11150496054468981,3,0.25,1.0,3,"9,10,11",0.3703703703703704,8,8
7,16,matched_betti,0.5,max_full_branch_node_speed,all_interior,coexact,coexact,random_tangent,literal_stable,literal_04,4,next_token_logprob_delta,odd,0.375,1,0.12156569862089442,0.0146525983388519,0.17927548418193254,3,0.25,1.0,2,"9,10",0.38000000000000006,8,8
7,16,matched_betti,0.5,max_full_branch_node_speed,all_interior,coexact,coexact,random_tangent,literal_stable,literal_05,4,next_token_logprob_delta,odd,0.375,1,0.304241429706393,0.03342311456569098,0.16384401278831356,3,0.25,1.0,2,"9,10",0.3653846153846154,8,8
7,16,matched_betti,0.5,max_full_branch_node_speed,all_interior,coexact,coexact,random_tangent,metaphor_shift,metaphor_01,4,next_token_logprob_delta,odd,0.375,1,0.5883116577032043,0.00825291482104407,0.021203777016035995,3,0.25,1.0,3,"12,13,14",0.38235294117647056,8,8
7,16,matched_betti,0.5,max_full_branch_node_speed,all_interior,coexact,coexact,random_tangent,metaphor_shift,metaphor_02,4,next_token_logprob_delta,odd,0.375,1,0.47608508489857987,0.009940514789550627,0.03155142619949851,3,0.25,1.0,3,"10,11,12",0.37931034482758624,8,8
7,16,matched_betti,0.5,max_full_branch_node_speed,all_interior,coexact,coexact,random_tangent,metaphor_shift,metaphor_03,4,next_token_logprob_delta,odd,0.375,1,0.3124665166526101,0.07577608707636543,0.34423245112806405,3,0.25,1.0,3,"10,11,12",0.3666666666666667,8,8
7,16,matched_betti,0.5,max_full_branch_node_speed,all_interior,coexact,coexact,random_tangent,metaphor_shift,metaphor_04,4,next_token_logprob_delta,odd,0.375,1,0.9118044212757394,0.020792871978202405,0.03445607485644742,3,0.25,1.0,2,"10,11",0.375,8,8
7,16,matched_betti,0.5,max_full_branch_node_speed,all_interior,coexact,coexact,random_tangent,metaphor_shift,metaphor_05,4,next_token_logprob_delta,odd,0.375,1,0.3970789778070523,0.03081027568881386,0.11650962578837575,3,0.25,1.0,3,"9,10,11",0.3703703703703704,8,8
7,16,matched_betti,0.5,max_full_branch_node_speed,all_interior,coexact,coexact,random_tangent,ontology_collapse,ontology_01,4,next_token_logprob_delta,odd,0.375,1,-0.3463354997637355,0.02310575999909512,0.10035435961081393,3,0.25,1.0,1,12,0.3870967741935483,8,8
7,16,matched_betti,0.5,max_full_branch_node_speed,all_interior,coexact,coexact,random_tangent,ontology_collapse,ontology_02,4,next_token_logprob_delta,odd,0.375,1,0.2915321752060105,0.07012288363124164,0.34175483585428273,3,0.25,1.0,2,"10,11",0.375,8,8
7,16,matched_betti,0.5,max_full_branch_node_speed,all_interior,coexact,coexact,random_tangent,ontology_collapse,ontology_03,4,next_token_logprob_delta,odd,0.375,1,0.3961063345757208,0.03412711168614453,0.129165149415451,3,0.25,1.0,3,"10,11,12",0.37931034482758624,8,8
7,16,matched_betti,0.5,max_full_branch_node_speed,all_interior,coexact,coexact,random_tangent,ontology_collapse,ontology_04,4,next_token_logprob_delta,odd,0.375,1,0.19793811463587666,0.03415748116791953,0.252445823534332,3,0.25,1.0,3,"10,11,12",0.37931034482758624,8,8
7,16,matched_betti,0.5,max_full_branch_node_speed,all_interior,coexact,coexact,random_tangent,ontology_collapse,ontology_05,4,next_token_logprob_delta,odd,0.375,1,0.7175040153770742,0.10200062365782242,0.21012779190204492,3,0.25,1.0,2,"10,11",0.375,8,8
7,16,matched_betti,0.5,max_full_branch_node_speed,all_interior,coexact,coexact,random_tangent,identity_stress,identity_01,5,next_token_logprob_delta,odd,0.4583333333333333,1,0.10807558348117692,0.01380983926928413,0.1896773999845478,3,0.25,1.0,2,"15,16",0.45588235294117646,8,8
7,16,matched_betti,0.5,max_full_branch_node_speed,all_interior,coexact,coexact,random_tangent,identity_stress,identity_02,5,next_token_logprob_delta,odd,0.4583333333333333,1,0.3189657998865154,0.0879541724137175,0.38479239555026457,3,0.25,1.0,2,"13,15",0.4516129032258065,8,8
7,16,matched_betti,0.5,max_full_branch_node_speed,all_interior,coexact,coexact,random_tangent,identity_stress,identity_03,5,next_token_logprob_delta,odd,0.4583333333333333,1,0.10273587633354514,0.025633996305599566,0.3529512571051558,3,0.25,1.0,3,"13,14,15",0.4516129032258065,8,8
7,16,matched_betti,0.5,max_full_branch_node_speed,all_interior,coexact,coexact,random_tangent,identity_stress,identity_04,5,next_token_logprob_delta,odd,0.4583333333333333,1,0.4412165587568542,0.02073316661771884,0.07086496539121699,3,0.25,1.0,1,13,0.46428571428571425,8,8
7,16,matched_betti,0.5,max_full_branch_node_speed,all_interior,coexact,coexact,random_tangent,identity_stress,identity_05,5,next_token_logprob_delta,odd,0.4583333333333333,1,0.15708101328641286,0.0052346527170153805,0.05031814889988596,3,0.25,1.0,2,"12,13",0.4464285714285714,8,8
7,16,matched_betti,0.5,max_full_branch_node_speed,all_interior,coexact,coexact,random_tangent,literal_stable,literal_01,5,next_token_logprob_delta,odd,0.4583333333333333,1,0.22028574139230356,0.030548816423777762,0.2052000484998853,3,0.25,1.0,3,"14,15,16",0.4545454545454546,8,8
7,16,matched_betti,0.5,max_full_branch_node_speed,all_interior,coexact,coexact,random_tangent,literal_stable,literal_02,5,next_token_logprob_delta,odd,0.4583333333333333,1,0.01828847984122601,0.04060740609270396,0.9583800702469291,3,0.25,1.0,2,"12,13",0.4464285714285714,8,8
7,16,matched_betti,0.5,max_full_branch_node_speed,all_interior,coexact,coexact,random_tangent,literal_stable,literal_03,5,next_token_logprob_delta,odd,0.4583333333333333,1,0.7553873079931395,0.08381573738191767,0.16544002930106044,3,0.25,1.0,2,"12,13",0.46296296296296297,8,8
7,16,matched_betti,0.5,max_full_branch_node_speed,all_interior,coexact,coexact,random_tangent,literal_stable,literal_04,5,next_token_logprob_delta,odd,0.4583333333333333,1,-1.1876540879997541,0.008786080964991736,0.011183791001102708,3,0.25,1.0,2,"11,12",0.45999999999999996,8,8
7,16,matched_betti,0.5,max_full_branch_node_speed,all_interior,coexact,coexact,random_tangent,literal_stable,literal_05,5,next_token_logprob_delta,odd,0.4583333333333333,1,0.22238712601153926,0.25447137763226285,0.8657657986800233,3,0.25,1.0,2,"11,12",0.4423076923076923,8,8
7,16,matched_betti,0.5,max_full_branch_node_speed,all_interior,coexact,coexact,random_tangent,metaphor_shift,metaphor_01,5,next_token_logprob_delta,odd,0.4583333333333333,1,0.3598289364503125,0.010466676238078067,0.04393434218776867,3,0.25,1.0,2,"15,16",0.45588235294117646,8,8
7,16,matched_betti,0.5,max_full_branch_node_speed,all_interior,coexact,coexact,random_tangent,metaphor_shift,metaphor_02,5,next_token_logprob_delta,odd,0.4583333333333333,1,1.0453656782952687,0.038218424248731814,0.05518907403682237,3,0.25,1.0,2,"13,14",0.46551724137931033,8,8
7,16,matched_betti,0.5,max_full_branch_node_speed,all_interior,coexact,coexact,random_tangent,metaphor_shift,metaphor_03,5,next_token_logprob_delta,odd,0.4583333333333333,1,-0.21325886859420326,0.004723642605327516,0.03346859863965475,3,0.25,1.0,2,"13,14",0.45,8,8
7,16,matched_betti,0.5,max_full_branch_node_speed,all_interior,coexact,coexact,random_tangent,metaphor_shift,metaphor_04,5,next_token_logprob_delta,odd,0.4583333333333333,1,0.7277139336945838,0.016484275824634777,0.034226746868106846,3,0.25,1.0,2,"12,13",0.4464285714285714,8,8
7,16,matched_betti,0.5,max_full_branch_node_speed,all_interior,coexact,coexact,random_tangent,metaphor_shift,metaphor_05,5,next_token_logprob_delta,odd,0.4583333333333333,1,-0.3133611123888835,0.005995103814566769,0.02891218982351979,3,0.25,1.0,2,"12,13",0.46296296296296297,8,8
7,16,matched_betti,0.5,max_full_branch_node_speed,all_interior,coexact,coexact,random_tangent,ontology_collapse,ontology_01,5,next_token_logprob_delta,odd,0.4583333333333333,1,0.6397224023340077,0.016244097758661192,0.0383614678564615,3,0.25,1.0,3,"13,14,15",0.4516129032258065,8,8
7,16,matched_betti,0.5,max_full_branch_node_speed,all_interior,coexact,coexact,random_tangent,ontology_collapse,ontology_02,5,next_token_logprob_delta,odd,0.4583333333333333,1,0.820962249339791,0.017319122132476685,0.031878133008852186,3,0.25,1.0,2,"12,13",0.4464285714285714,8,8
7,16,matched_betti,0.5,max_full_branch_node_speed,all_interior,coexact,coexact,random_tangent,ontology_collapse,ontology_03,5,next_token_logprob_delta,odd,0.4583333333333333,1,0.5507348415797876,0.029432806739282828,0.08053545232692531,3,0.25,1.0,2,"13,14",0.46551724137931033,8,8
7,16,matched_betti,0.5,max_full_branch_node_speed,all_interior,coexact,coexact,random_tangent,ontology_collapse,ontology_04,5,next_token_logprob_delta,odd,0.4583333333333333,1,0.8253240500731901,0.02398634757054507,0.04389668903202029,3,0.25,1.0,2,"13,14",0.46551724137931033,8,8
7,16,matched_betti,0.5,max_full_branch_node_speed,all_interior,coexact,coexact,random_tangent,ontology_collapse,ontology_05,5,next_token_logprob_delta,odd,0.4583333333333333,1,0.416762769372147,0.04879055437929516,0.17428486062945067,3,0.25,1.0,2,"12,13",0.4464285714285714,8,8
7,16,matched_betti,0.5,max_full_branch_node_speed,all_interior,coexact,coexact,random_tangent,identity_stress,identity_01,6,next_token_logprob_delta,odd,0.5416666666666666,1,0.2747493661980041,0.03513402310768568,0.18981645120006155,3,0.25,1.0,3,"17,18,19",0.5294117647058824,8,8
7,16,matched_betti,0.5,max_full_branch_node_speed,all_interior,coexact,coexact,random_tangent,identity_stress,identity_02,6,next_token_logprob_delta,odd,0.5416666666666666,1,0.1683821768999795,0.01794584943580884,0.15907904877801354,3,0.25,1.0,2,"16,17",0.532258064516129,8,8
7,16,matched_betti,0.5,max_full_branch_node_speed,all_interior,coexact,coexact,random_tangent,identity_stress,identity_03,6,next_token_logprob_delta,odd,0.5416666666666666,1,0.3306391390892645,0.003394685758341024,0.015520438050020824,3,0.25,1.0,3,"16,17,18",0.5483870967741935,8,8
7,16,matched_betti,0.5,max_full_branch_node_speed,all_interior,coexact,coexact,random_tangent,identity_stress,identity_04,6,next_token_logprob_delta,odd,0.5416666666666666,1,0.4637081122871412,0.023205858905845252,0.07544395331965097,3,0.25,1.0,3,"14,15,16",0.5357142857142857,8,8
7,16,matched_betti,0.5,max_full_branch_node_speed,all_interior,coexact,coexact,random_tangent,identity_stress,identity_05,6,next_token_logprob_delta,odd,0.5416666666666666,1,0.030495129395306197,0.042726497709272934,0.9042957907685518,3,0.25,1.0,3,"14,15,16",0.5357142857142857,8,8
7,16,matched_betti,0.5,max_full_branch_node_speed,all_interior,coexact,coexact,random_tangent,literal_stable,literal_01,6,next_token_logprob_delta,odd,0.5416666666666666,1,0.1954282303970246,0.05723555986154276,0.4048684414113909,3,0.25,1.0,3,"17,18,19",0.5454545454545454,8,8
7,16,matched_betti,0.5,max_full_branch_node_speed,all_interior,coexact,coexact,random_tangent,literal_stable,literal_02,6,next_token_logprob_delta,odd,0.5416666666666666,1,-0.2516957447333474,0.04781397197781005,0.2760443051286525,3,0.25,1.0,3,"14,15,16",0.5357142857142857,8,8
7,16,matched_betti,0.5,max_full_branch_node_speed,all_interior,coexact,coexact,random_tangent,literal_stable,literal_03,6,next_token_logprob_delta,odd,0.5416666666666666,1,0.06630681220935564,0.051282660655417485,0.759979105639341,3,0.25,1.0,2,"14,15",0.537037037037037,8,8
7,16,matched_betti,0.5,max_full_branch_node_speed,all_interior,coexact,coexact,random_tangent,literal_stable,literal_04,6,next_token_logprob_delta,odd,0.5416666666666666,1,0.44196714590137176,0.01394025312395791,0.047631956433068806,3,0.25,1.0,2,"13,14",0.54,8,8
7,16,matched_betti,0.5,max_full_branch_node_speed,all_interior,coexact,coexact,random_tangent,literal_stable,literal_05,6,next_token_logprob_delta,odd,0.5416666666666666,1,0.821381271598149,0.044599818901649324,0.08181648426385293,3,0.25,1.0,3,"13,14,15",0.5384615384615384,8,8
7,16,matched_betti,0.5,max_full_branch_node_speed,all_interior,coexact,coexact,random_tangent,metaphor_shift,metaphor_01,6,next_token_logprob_delta,odd,0.5416666666666666,1,0.41452345880838254,0.033008026666657114,0.11952447910240568,3,0.25,1.0,3,"17,18,19",0.5294117647058824,8,8
7,16,matched_betti,0.5,max_full_branch_node_speed,all_interior,coexact,coexact,random_tangent,metaphor_shift,metaphor_02,6,next_token_logprob_delta,odd,0.5416666666666666,1,-0.07746852564909526,0.07867208687588945,0.837938282111719,3,0.25,1.0,1,16,0.5517241379310345,8,8
7,16,matched_betti,0.5,max_full_branch_node_speed,all_interior,coexact,coexact,random_tangent,metaphor_shift,metaphor_03,6,next_token_logprob_delta,odd,0.5416666666666666,1,0.6034413041734996,0.05819819317226661,0.14428367626169844,3,0.25,1.0,2,"16,17",0.55,8,8
7,16,matched_betti,0.5,max_full_branch_node_speed,all_interior,coexact,coexact,random_tangent,metaphor_shift,metaphor_04,6,next_token_logprob_delta,odd,0.5416666666666666,1,0.16267794404029626,0.04234037671677733,0.3661649052367786,3,0.25,1.0,3,"14,15,16",0.5357142857142857,8,8
7,16,matched_betti,0.5,max_full_branch_node_speed,all_interior,coexact,coexact,random_tangent,metaphor_shift,metaphor_05,6,next_token_logprob_delta,odd,0.5416666666666666,1,0.37373961697942815,0.06735378009141726,0.2628779736754609,3,0.25,1.0,2,"14,15",0.537037037037037,8,8
7,16,matched_betti,0.5,max_full_branch_node_speed,all_interior,coexact,coexact,random_tangent,ontology_collapse,ontology_01,6,next_token_logprob_delta,odd,0.5416666666666666,1,0.3401454007935172,0.020435104902406173,0.09045636985739441,3,0.25,1.0,3,"16,17,18",0.5483870967741935,8,8
7,16,matched_betti,0.5,max_full_branch_node_speed,all_interior,coexact,coexact,random_tangent,ontology_collapse,ontology_02,6,next_token_logprob_delta,odd,0.5416666666666666,1,0.5875320900919396,0.08388893203910527,0.21100564617590714,3,0.25,1.0,3,"14,15,16",0.5357142857142857,8,8
7,16,matched_betti,0.5,max_full_branch_node_speed,all_interior,coexact,coexact,random_tangent,ontology_collapse,ontology_03,6,next_token_logprob_delta,odd,0.5416666666666666,1,0.14183552532195426,0.14943935319601248,0.8469375370468195,3,0.25,1.0,2,"15,16",0.5344827586206897,8,8
7,16,matched_betti,0.5,max_full_branch_node_speed,all_interior,coexact,coexact,random_tangent,ontology_collapse,ontology_04,6,next_token_logprob_delta,odd,0.5416666666666666,1,-0.15663624630095765,0.029200702763393947,0.27127721255223736,3,0.25,1.0,2,"15,16",0.5344827586206897,8,8
7,16,matched_betti,0.5,max_full_branch_node_speed,all_interior,coexact,coexact,random_tangent,ontology_collapse,ontology_05,6,next_token_logprob_delta,odd,0.5416666666666666,1,0.42762831135747315,0.22592123291353422,0.6240911689692403,3,0.25,1.0,2,"15,16",0.5535714285714286,8,8
7,16,matched_betti,0.5,max_full_branch_node_speed,all_interior,coexact,coexact,random_tangent,identity_stress,identity_01,7,next_token_logprob_delta,odd,0.625,1,0.26714929328848575,0.008885811024378163,0.05022334030334402,3,0.25,1.0,3,"20,21,22",0.6176470588235294,8,8
7,16,matched_betti,0.5,max_full_branch_node_speed,all_interior,coexact,coexact,random_tangent,identity_stress,identity_02,7,next_token_logprob_delta,odd,0.625,1,0.359357469184731,0.029356987406414032,0.12257682512313035,3,0.25,1.0,2,"19,20",0.6290322580645161,8,8
7,16,matched_betti,0.5,max_full_branch_node_speed,all_interior,coexact,coexact,random_tangent,identity_stress,identity_03,7,next_token_logprob_delta,odd,0.625,1,-0.022074751149912305,0.04164639549684796,0.9436827422967792,3,0.25,1.0,1,19,0.6129032258064516,8,8
7,16,matched_betti,0.5,max_full_branch_node_speed,all_interior,coexact,coexact,random_tangent,identity_stress,identity_04,7,next_token_logprob_delta,odd,0.625,1,0.8322908879440479,0.015423652963381138,0.028006103651134453,3,0.25,1.0,2,"17,18",0.625,8,8
7,16,matched_betti,0.5,max_full_branch_node_speed,all_interior,coexact,coexact,random_tangent,identity_stress,identity_05,7,next_token_logprob_delta,odd,0.625,1,-0.1412825022737506,0.04770271868628675,0.45465452053936056,3,0.25,1.0,1,17,0.6071428571428571,8,8
7,16,matched_betti,0.5,max_full_branch_node_speed,all_interior,coexact,coexact,random_tangent,literal_stable,literal_01,7,next_token_logprob_delta,odd,0.625,1,0.7685315943983949,0.22870346355335716,0.4102935469146736,3,0.25,1.0,2,"20,21",0.6212121212121212,8,8
7,16,matched_betti,0.5,max_full_branch_node_speed,all_interior,coexact,coexact,random_tangent,literal_stable,literal_02,7,next_token_logprob_delta,odd,0.625,1,0.5524717301421416,0.07809235779976961,0.20898368703077141,3,0.25,1.0,2,"17,18",0.625,8,8
7,16,matched_betti,0.5,max_full_branch_node_speed,all_interior,coexact,coexact,random_tangent,literal_stable,literal_03,7,next_token_logprob_delta,odd,0.625,1,0.2699023517314208,0.06878273617579744,0.3595245285597448,3,0.25,1.0,2,"16,17",0.6111111111111112,8,8
7,16,matched_betti,0.5,max_full_branch_node_speed,all_interior,coexact,coexact,random_tangent,literal_stable,literal_04,7,next_token_logprob_delta,odd,0.625,1,-0.2656442595662146,0.01818095135176807,0.10292350689353764,3,0.25,1.0,2,"15,16",0.62,8,8
7,16,matched_betti,0.5,max_full_branch_node_speed,all_interior,coexact,coexact,random_tangent,literal_stable,literal_05,7,next_token_logprob_delta,odd,0.625,1,0.011131215663359704,0.015160829611578993,0.8995367073259933,3,0.25,1.0,2,"16,17",0.6346153846153846,8,8
7,16,matched_betti,0.5,max_full_branch_node_speed,all_interior,coexact,coexact,random_tangent,metaphor_shift,metaphor_01,7,next_token_logprob_delta,odd,0.625,1,0.6154592693527241,0.03899204247159075,0.09534645216237606,3,0.25,1.0,2,"20,21",0.6029411764705883,8,8
7,16,matched_betti,0.5,max_full_branch_node_speed,all_interior,coexact,coexact,random_tangent,metaphor_shift,metaphor_02,7,next_token_logprob_delta,odd,0.625,1,1.4627204030943253,0.10220856926158046,0.10505747697288771,3,0.25,1.0,3,"17,18,19",0.6206896551724138,8,8
7,16,matched_betti,0.5,max_full_branch_node_speed,all_interior,coexact,coexact,random_tangent,metaphor_shift,metaphor_03,7,next_token_logprob_delta,odd,0.625,1,0.33060669761233336,0.024065914106239872,0.10939248142619232,3,0.25,1.0,2,"18,19",0.6166666666666667,8,8
7,16,matched_betti,0.5,max_full_branch_node_speed,all_interior,coexact,coexact,random_tangent,metaphor_shift,metaphor_04,7,next_token_logprob_delta,odd,0.625,1,0.2588849074240441,0.09625480358751093,0.4900075390437903,3,0.25,1.0,2,"17,18",0.625,8,8
7,16,matched_betti,0.5,max_full_branch_node_speed,all_interior,coexact,coexact,random_tangent,metaphor_shift,metaphor_05,7,next_token_logprob_delta,odd,0.625,1,0.24158868709326123,0.028015134926673114,0.17268446591318612,3,0.25,1.0,2,"16,17",0.6111111111111112,8,8
7,16,matched_betti,0.5,max_full_branch_node_speed,all_interior,coexact,coexact,random_tangent,ontology_collapse,ontology_01,7,next_token_logprob_delta,odd,0.625,1,0.1941663282481891,0.04933214810052211,0.3585763120361981,3,0.25,1.0,2,"19,20",0.6290322580645161,8,8
7,16,matched_betti,0.5,max_full_branch_node_speed,all_interior,coexact,coexact,random_tangent,ontology_collapse,ontology_02,7,next_token_logprob_delta,odd,0.625,1,0.01649546658646527,0.026368065280031248,0.9240192835026394,3,0.25,1.0,2,"17,18",0.625,8,8
7,16,matched_betti,0.5,max_full_branch_node_speed,all_interior,coexact,coexact,random_tangent,ontology_collapse,ontology_03,7,next_token_logprob_delta,odd,0.625,1,0.11552663948085821,0.012260688177844078,0.15842511948283317,3,0.25,1.0,3,"17,18,19",0.6206896551724138,8,8
7,16,matched_betti,0.5,max_full_branch_node_speed,all_interior,coexact,coexact,random_tangent,ontology_collapse,ontology_04,7,next_token_logprob_delta,odd,0.625,1,0.1167741467562177,0.006451204844138255,0.08323299610104572,3,0.25,1.0,3,"17,18,19",0.6206896551724138,8,8
7,16,matched_betti,0.5,max_full_branch_node_speed,all_interior,coexact,coexact,random_tangent,ontology_collapse,ontology_05,7,next_token_logprob_delta,odd,0.625,1,1.092917710317995,0.004451961715347766,0.0061583829741415075,3,0.25,1.0,2,"17,18",0.625,8,8
7,16,matched_betti,0.5,max_full_branch_node_speed,all_interior,coexact,coexact,random_tangent,identity_stress,identity_01,8,next_token_logprob_delta,odd,0.7083333333333334,1,0.3286413529799817,0.005262236013384765,0.024200919490532748,3,0.25,1.0,3,"23,24,25",0.7058823529411765,8,8
7,16,matched_betti,0.5,max_full_branch_node_speed,all_interior,coexact,coexact,random_tangent,identity_stress,identity_02,8,next_token_logprob_delta,odd,0.7083333333333334,1,-0.4281430812861835,0.014365995271668533,0.05066402166155208,3,0.25,1.0,3,"21,22,23",0.7096774193548386,8,8
7,16,matched_betti,0.5,max_full_branch_node_speed,all_interior,coexact,coexact,random_tangent,identity_stress,identity_03,8,next_token_logprob_delta,odd,0.7083333333333334,1,-0.5826765098787937,0.00890911171409602,0.02311010195883436,3,0.25,1.0,2,"21,22",0.6935483870967744,8,8
7,16,matched_betti,0.5,max_full_branch_node_speed,all_interior,coexact,coexact,random_tangent,identity_stress,identity_04,8,next_token_logprob_delta,odd,0.7083333333333334,1,0.8720238005319325,0.05630804562613255,0.09716132067746235,3,0.25,1.0,2,"19,20",0.6964285714285715,8,8
7,16,matched_betti,0.5,max_full_branch_node_speed,all_interior,coexact,coexact,random_tangent,identity_stress,identity_05,8,next_token_logprob_delta,odd,0.7083333333333334,1,-0.632721580831315,0.021768201800797842,0.051943856232267896,3,0.25,1.0,2,"19,20",0.6964285714285715,8,8
7,16,matched_betti,0.5,max_full_branch_node_speed,all_interior,coexact,coexact,random_tangent,literal_stable,literal_01,8,next_token_logprob_delta,odd,0.7083333333333334,1,0.4327896475680712,0.013367008469840045,0.04664395608715927,3,0.25,1.0,3,"22,23,24",0.6969696969696969,8,8
7,16,matched_betti,0.5,max_full_branch_node_speed,all_interior,coexact,coexact,random_tangent,literal_stable,literal_02,8,next_token_logprob_delta,odd,0.7083333333333334,1,0.345019275981837,0.11445199418500723,0.44830246978680144,3,0.25,1.0,2,"19,20",0.6964285714285715,8,8
7,16,matched_betti,0.5,max_full_branch_node_speed,all_interior,coexact,coexact,random_tangent,literal_stable,literal_03,8,next_token_logprob_delta,odd,0.7083333333333334,1,0.44902874215980837,0.0054513748071086466,0.018351422381927985,3,0.25,1.0,3,"18,19,20",0.7037037037037037,8,8
7,16,matched_betti,0.5,max_full_branch_node_speed,all_interior,coexact,coexact,random_tangent,literal_stable,literal_04,8,next_token_logprob_delta,odd,0.7083333333333334,1,0.4583902340344409,0.011608746960234863,0.03825981482900216,3,0.25,1.0,2,"17,18",0.6999999999999998,8,8
7,16,matched_betti,0.5,max_full_branch_node_speed,all_interior,coexact,coexact,random_tangent,literal_stable,literal_05,8,next_token_logprob_delta,odd,0.7083333333333334,1,0.5763024870949218,0.020273759325691622,0.0531106214408359,3,0.25,1.0,2,"18,19",0.7115384615384613,8,8
7,16,matched_betti,0.5,max_full_branch_node_speed,all_interior,coexact,coexact,random_tangent,metaphor_shift,metaphor_01,8,next_token_logprob_delta,odd,0.7083333333333334,1,0.05921339761430615,0.01292178006640404,0.3133119944053652,3,0.25,1.0,3,"23,24,25",0.7058823529411765,8,8
7,16,matched_betti,0.5,max_full_branch_node_speed,all_interior,coexact,coexact,random_tangent,metaphor_shift,metaphor_02,8,next_token_logprob_delta,odd,0.7083333333333334,1,-0.05968621449597184,0.04830406233074889,0.7742933161519021,3,0.25,1.0,2,"20,21",0.7068965517241379,8,8
7,16,matched_betti,0.5,max_full_branch_node_speed,all_interior,coexact,coexact,random_tangent,metaphor_shift,metaphor_03,8,next_token_logprob_delta,odd,0.7083333333333334,1,-0.19222443986566728,0.021326558342668916,0.16542383286335258,3,0.25,1.0,3,"20,21,22",0.6999999999999998,8,8
7,16,matched_betti,0.5,max_full_branch_node_speed,all_interior,coexact,coexact,random_tangent,metaphor_shift,metaphor_04,8,next_token_logprob_delta,odd,0.7083333333333334,1,0.8290665828551628,0.02363493779125309,0.043059900908922345,3,0.25,1.0,2,"19,20",0.6964285714285715,8,8
7,16,matched_betti,0.5,max_full_branch_node_speed,all_interior,coexact,coexact,random_tangent,metaphor_shift,metaphor_05,8,next_token_logprob_delta,odd,0.7083333333333334,1,0.28549338955735387,0.13029044190438901,0.5679061270313094,3,0.25,1.0,3,"18,19,20",0.7037037037037037,8,8
7,16,matched_betti,0.5,max_full_branch_node_speed,all_interior,coexact,coexact,random_tangent,ontology_collapse,ontology_01,8,next_token_logprob_delta,odd,0.7083333333333334,1,-0.001644265260911432,0.033678692556141754,0.9994789950252501,3,0.25,1.0,2,"21,23",0.7096774193548386,8,8
7,16,matched_betti,0.5,max_full_branch_node_speed,all_interior,coexact,coexact,random_tangent,ontology_collapse,ontology_02,8,next_token_logprob_delta,odd,0.7083333333333334,1,0.5542732681434809,0.04591909400208421,0.12427971275674103,3,0.25,1.0,2,"19,20",0.6964285714285715,8,8
7,16,matched_betti,0.5,max_full_branch_node_speed,all_interior,coexact,coexact,random_tangent,ontology_collapse,ontology_03,8,next_token_logprob_delta,odd,0.7083333333333334,1,0.39152762783612094,0.016465988446308668,0.06345418502975582,3,0.25,1.0,2,"20,21",0.7068965517241379,8,8
7,16,matched_betti,0.5,max_full_branch_node_speed,all_interior,coexact,coexact,random_tangent,ontology_collapse,ontology_04,8,next_token_logprob_delta,odd,0.7083333333333334,1,-0.3160006150371993,0.049784666512381746,0.23170530078575233,3,0.25,1.0,2,"20,21",0.7068965517241379,8,8
7,16,matched_betti,0.5,max_full_branch_node_speed,all_interior,coexact,coexact,random_tangent,ontology_collapse,ontology_05,8,next_token_logprob_delta,odd,0.7083333333333334,1,0.7388056335293994,0.03786565182989344,0.07725495101052034,3,0.25,1.0,2,"19,20",0.6964285714285715,8,8
7,16,matched_betti,0.5,max_full_branch_node_speed,all_interior,coexact,coexact,random_tangent,identity_stress,identity_01,9,next_token_logprob_delta,odd,0.7916666666666666,1,0.2431487691912606,0.0014726204988697892,0.009156121185849837,3,0.25,1.0,3,"26,27,28",0.7941176470588235,8,8
7,16,matched_betti,0.5,max_full_branch_node_speed,all_interior,coexact,coexact,random_tangent,identity_stress,identity_02,9,next_token_logprob_delta,odd,0.7916666666666666,1,0.7595631157333473,0.009158112311898423,0.01822556192594947,3,0.25,1.0,2,"24,25",0.7903225806451614,8,8
7,16,matched_betti,0.5,max_full_branch_node_speed,all_interior,coexact,coexact,random_tangent,identity_stress,identity_03,9,next_token_logprob_delta,odd,0.7916666666666666,1,0.004071624298599662,0.02927806493876619,0.9957960902982679,3,0.25,1.0,2,"24,25",0.7903225806451614,8,8
7,16,matched_betti,0.5,max_full_branch_node_speed,all_interior,coexact,coexact,random_tangent,identity_stress,identity_04,9,next_token_logprob_delta,odd,0.7916666666666666,1,0.19149405500906497,0.09012924126109141,0.5797754142493239,3,0.25,1.0,3,"21,22,23",0.7857142857142857,8,8
7,16,matched_betti,0.5,max_full_branch_node_speed,all_interior,coexact,coexact,random_tangent,identity_stress,identity_05,9,next_token_logprob_delta,odd,0.7916666666666666,1,0.6952678742364835,0.17721217050516194,0.35957398202043894,3,0.25,1.0,3,"21,22,23",0.7857142857142857,8,8
7,16,matched_betti,0.5,max_full_branch_node_speed,all_interior,coexact,coexact,random_tangent,literal_stable,literal_01,9,next_token_logprob_delta,odd,0.7916666666666666,1,-0.7342692848674355,0.028311984485216702,0.05819548039374712,3,0.25,1.0,2,"25,26",0.7727272727272728,8,8
7,16,matched_betti,0.5,max_full_branch_node_speed,all_interior,coexact,coexact,random_tangent,literal_stable,literal_02,9,next_token_logprob_delta,odd,0.7916666666666666,1,-0.1979364077568291,0.036949551524193436,0.2716144359126593,3,0.25,1.0,1,21,0.75,8,8
7,16,matched_betti,0.5,max_full_branch_node_speed,all_interior,coexact,coexact,random_tangent,literal_stable,literal_03,9,next_token_logprob_delta,odd,0.7916666666666666,1,-0.5634320106115686,0.05613396139506424,0.1489442121032803,3,0.25,1.0,2,"21,22",0.7962962962962963,8,8
7,16,matched_betti,0.5,max_full_branch_node_speed,all_interior,coexact,coexact,random_tangent,literal_stable,literal_04,9,next_token_logprob_delta,odd,0.7916666666666666,1,-0.2528749898312301,0.00843777275926837,0.050382650195763594,3,0.25,1.0,2,"19,20",0.7799999999999999,8,8
7,16,matched_betti,0.5,max_full_branch_node_speed,all_interior,coexact,coexact,random_tangent,literal_stable,literal_05,9,next_token_logprob_delta,odd,0.7916666666666666,1,0.4008237037845321,0.009328570765044484,0.03516446445375405,3,0.25,1.0,2,"20,21",0.7884615384615387,8,8
7,16,matched_betti,0.5,max_full_branch_node_speed,all_interior,coexact,coexact,random_tangent,metaphor_shift,metaphor_01,9,next_token_logprob_delta,odd,0.7916666666666666,1,0.15995954619264327,0.04440041192699676,0.3869585660809409,3,0.25,1.0,3,"26,27,28",0.7941176470588235,8,8
7,16,matched_betti,0.5,max_full_branch_node_speed,all_interior,coexact,coexact,random_tangent,metaphor_shift,metaphor_02,9,next_token_logprob_delta,odd,0.7916666666666666,1,0.30774508906411074,0.07173032235900793,0.3323571677394569,3,0.25,1.0,3,"22,23,24",0.7931034482758621,8,8
7,16,matched_betti,0.5,max_full_branch_node_speed,all_interior,coexact,coexact,random_tangent,metaphor_shift,metaphor_03,9,next_token_logprob_delta,odd,0.7916666666666666,1,-0.12520594100662907,0.03511339337812616,0.3903553426886374,3,0.25,1.0,2,"23,24",0.7833333333333335,8,8
7,16,matched_betti,0.5,max_full_branch_node_speed,all_interior,coexact,coexact,random_tangent,metaphor_shift,metaphor_04,9,next_token_logprob_delta,odd,0.7916666666666666,1,0.5073547552570745,0.03551249281548987,0.10523547882007177,3,0.25,1.0,3,"21,22,23",0.7857142857142857,8,8
7,16,matched_betti,0.5,max_full_branch_node_speed,all_interior,coexact,coexact,random_tangent,metaphor_shift,metaphor_05,9,next_token_logprob_delta,odd,0.7916666666666666,1,0.5431705769894396,0.01668826141074524,0.046399982400954866,3,0.25,1.0,2,"21,22",0.7962962962962963,8,8
7,16,matched_betti,0.5,max_full_branch_node_speed,all_interior,coexact,coexact,random_tangent,ontology_collapse,ontology_01,9,next_token_logprob_delta,odd,0.7916666666666666,1,0.19154940731374034,0.042947689153346125,0.3210339609413033,3,0.25,1.0,2,"24,25",0.7903225806451614,8,8
7,16,matched_betti,0.5,max_full_branch_node_speed,all_interior,coexact,coexact,random_tangent,ontology_collapse,ontology_02,9,next_token_logprob_delta,odd,0.7916666666666666,1,0.5518332300845249,0.008504896396429066,0.023294547889224824,3,0.25,1.0,3,"21,22,23",0.7857142857142857,8,8
7,16,matched_betti,0.5,max_full_branch_node_speed,all_interior,coexact,coexact,random_tangent,ontology_collapse,ontology_03,9,next_token_logprob_delta,odd,0.7916666666666666,1,0.4887517056098942,0.01691394447873109,0.05224851884485569,3,0.25,1.0,2,"22,23",0.7758620689655172,8,8
7,16,matched_betti,0.5,max_full_branch_node_speed,all_interior,coexact,coexact,random_tangent,ontology_collapse,ontology_04,9,next_token_logprob_delta,odd,0.7916666666666666,1,0.6725061080089881,0.005172651365468413,0.011627827614501712,3,0.25,1.0,3,"22,23,24",0.7931034482758621,8,8
7,16,matched_betti,0.5,max_full_branch_node_speed,all_interior,coexact,coexact,random_tangent,ontology_collapse,ontology_05,9,next_token_logprob_delta,odd,0.7916666666666666,1,0.3017107980301801,0.025182792160921286,0.12519685563403848,3,0.25,1.0,3,"21,22,23",0.7857142857142857,8,8
7,16,matched_betti,0.5,max_full_branch_node_speed,all_interior,coexact,coexact,random_tangent,identity_stress,identity_01,10,next_token_logprob_delta,odd,0.875,1,-0.041667964111573697,0.04153192781956032,0.8332260843957615,3,0.25,1.0,3,"29,30,31",0.8823529411764706,8,8
7,16,matched_betti,0.5,max_full_branch_node_speed,all_interior,coexact,coexact,random_tangent,identity_stress,identity_02,10,next_token_logprob_delta,odd,0.875,1,-0.03367891267929152,0.008166047459533506,0.34418015500094207,3,0.25,1.0,1,26,0.8387096774193549,8,8
7,16,matched_betti,0.5,max_full_branch_node_speed,all_interior,coexact,coexact,random_tangent,identity_stress,identity_03,10,next_token_logprob_delta,odd,0.875,1,0.6744868970041681,0.10237761629525455,0.2236651421318784,3,0.25,1.0,3,"26,27,28",0.8709677419354839,8,8
7,16,matched_betti,0.5,max_full_branch_node_speed,all_interior,coexact,coexact,random_tangent,identity_stress,identity_04,10,next_token_logprob_delta,odd,0.875,1,0.6111299604292482,0.012156933609844302,0.030061117601157972,3,0.25,1.0,1,24,0.8571428571428571,8,8
7,16,matched_betti,0.5,max_full_branch_node_speed,all_interior,coexact,coexact,random_tangent,identity_stress,identity_05,10,next_token_logprob_delta,odd,0.875,1,-0.030724356304441043,0.0413272622269296,0.897372593975845,3,0.25,1.0,2,"24,25",0.875,8,8
7,16,matched_betti,0.5,max_full_branch_node_speed,all_interior,coexact,coexact,random_tangent,literal_stable,literal_01,10,next_token_logprob_delta,odd,0.875,1,-0.3022665479317126,0.01239780567788336,0.06189168590898081,3,0.25,1.0,2,"29,30",0.8939393939393939,8,8
7,16,matched_betti,0.5,max_full_branch_node_speed,all_interior,coexact,coexact,random_tangent,literal_stable,literal_03,10,next_token_logprob_delta,odd,0.875,1,0.43022252949543993,0.04435468123192401,0.15400853357719335,3,0.25,1.0,2,"23,24",0.8703703703703703,8,8
7,16,matched_betti,0.5,max_full_branch_node_speed,all_interior,coexact,coexact,random_tangent,literal_stable,literal_04,10,next_token_logprob_delta,odd,0.875,1,-0.31904988596235445,0.05527475874509757,0.25337895795903864,3,0.25,1.0,2,"21,22",0.86,8,8
7,16,matched_betti,0.5,max_full_branch_node_speed,all_interior,coexact,coexact,random_tangent,literal_stable,literal_05,10,next_token_logprob_delta,odd,0.875,1,0.27375504143746016,0.005292903752284766,0.029218463921567593,3,0.25,1.0,2,"22,23",0.8653846153846154,8,8
7,16,matched_betti,0.5,max_full_branch_node_speed,all_interior,coexact,coexact,random_tangent,metaphor_shift,metaphor_01,10,next_token_logprob_delta,odd,0.875,1,0.38911394233576013,0.13354666406244123,0.4605702614272701,3,0.25,1.0,3,"29,30,31",0.8823529411764706,8,8
7,16,matched_betti,0.5,max_full_branch_node_speed,all_interior,coexact,coexact,random_tangent,metaphor_shift,metaphor_02,10,next_token_logprob_delta,odd,0.875,1,0.6614967579452042,0.03976027339858312,0.09049963227654008,3,0.25,1.0,1,26,0.896551724137931,8,8
7,16,matched_betti,0.5,max_full_branch_node_speed,all_interior,coexact,coexact,random_tangent,metaphor_shift,metaphor_03,10,next_token_logprob_delta,odd,0.875,1,0.6139761598816917,0.02401860032542196,0.05904034851962113,3,0.25,1.0,2,"25,27",0.8666666666666667,8,8
7,16,matched_betti,0.5,max_full_branch_node_speed,all_interior,coexact,coexact,random_tangent,metaphor_shift,metaphor_04,10,next_token_logprob_delta,odd,0.875,1,0.7941922965402793,0.025964194183412802,0.04936626949277834,3,0.25,1.0,2,"24,25",0.875,8,8
7,16,matched_betti,0.5,max_full_branch_node_speed,all_interior,coexact,coexact,random_tangent,metaphor_shift,metaphor_05,10,next_token_logprob_delta,odd,0.875,1,0.6513806087259914,0.07435800885356474,0.17007107986766148,3,0.25,1.0,1,23,0.8518518518518517,8,8
7,16,matched_betti,0.5,max_full_branch_node_speed,all_interior,coexact,coexact,random_tangent,ontology_collapse,ontology_01,10,next_token_logprob_delta,odd,0.875,1,0.22450158820093846,0.019044290104180135,0.12720780611796548,3,0.25,1.0,3,"26,27,28",0.8709677419354839,8,8
7,16,matched_betti,0.5,max_full_branch_node_speed,all_interior,coexact,coexact,random_tangent,ontology_collapse,ontology_02,10,next_token_logprob_delta,odd,0.875,1,0.40061359387592416,0.04658248266231266,0.17314054922210642,3,0.25,1.0,2,"24,25",0.875,8,8
7,16,matched_betti,0.5,max_full_branch_node_speed,all_interior,coexact,coexact,random_tangent,ontology_collapse,ontology_03,10,next_token_logprob_delta,odd,0.875,1,-0.025894437455397552,0.011820186387331276,0.5679959091641771,3,0.25,1.0,2,"25,26",0.8793103448275862,8,8
7,16,matched_betti,0.5,max_full_branch_node_speed,all_interior,coexact,coexact,random_tangent,ontology_collapse,ontology_04,10,next_token_logprob_delta,odd,0.875,1,0.5564343183453204,0.04168719235237628,0.11254639906421615,3,0.25,1.0,2,"25,26",0.8793103448275862,8,8
7,16,matched_betti,0.5,max_full_branch_node_speed,all_interior,coexact,coexact,random_tangent,ontology_collapse,ontology_05,10,next_token_logprob_delta,odd,0.875,1,0.31169060806245746,0.023155856105250765,0.11161584805505924,3,0.25,1.0,2,"24,25",0.875,8,8
7,16,matched_betti,0.5,max_full_branch_node_speed,all_interior,coexact,coexact,random_tangent,identity_stress,identity_01,11,next_token_logprob_delta,odd,0.9583333333333334,1,-0.4576071061301423,0.020500207111149922,0.06757446686304368,3,0.25,1.0,2,"32,33",0.9558823529411763,8,8
7,16,matched_betti,0.5,max_full_branch_node_speed,all_interior,coexact,coexact,random_tangent,identity_stress,identity_02,11,next_token_logprob_delta,odd,0.9583333333333334,1,-0.39927428440417095,0.005988016854130921,0.022667887013657864,3,0.25,1.0,2,"29,30",0.9516129032258065,8,8
7,16,matched_betti,0.5,max_full_branch_node_speed,all_interior,coexact,coexact,random_tangent,identity_stress,identity_03,11,next_token_logprob_delta,odd,0.9583333333333334,1,0.5857106680125328,0.03093889981446108,0.07960717209273148,3,0.25,1.0,1,29,0.9354838709677419,8,8
7,16,matched_betti,0.5,max_full_branch_node_speed,all_interior,coexact,coexact,random_tangent,identity_stress,identity_04,11,next_token_logprob_delta,odd,0.9583333333333334,1,0.22415341121029103,0.047164434621795245,0.30314336678430276,3,0.25,1.0,1,26,0.9285714285714285,8,8
7,16,matched_betti,0.5,max_full_branch_node_speed,all_interior,coexact,coexact,random_tangent,identity_stress,identity_05,11,next_token_logprob_delta,odd,0.9583333333333334,1,-0.022261802891935637,0.019709181000836323,0.8011124156700962,3,0.25,1.0,2,"26,27",0.9464285714285715,8,8
7,16,matched_betti,0.5,max_full_branch_node_speed,all_interior,coexact,coexact,random_tangent,literal_stable,literal_02,11,next_token_logprob_delta,odd,0.9583333333333334,1,1.605855067561533,0.024748182830843058,0.02329325010335597,3,0.25,1.0,2,"26,27",0.9464285714285715,8,8
7,16,matched_betti,0.5,max_full_branch_node_speed,all_interior,coexact,coexact,random_tangent,literal_stable,literal_03,11,next_token_logprob_delta,odd,0.9583333333333334,1,-0.2276554408314612,0.01780251337274299,0.11740865300366175,3,0.25,1.0,1,25,0.9259259259259259,8,8
7,16,matched_betti,0.5,max_full_branch_node_speed,all_interior,coexact,coexact,random_tangent,literal_stable,literal_04,11,next_token_logprob_delta,odd,0.9583333333333334,1,0.30693435422257936,0.05356959874965592,0.25513380719714923,3,0.25,1.0,2,"23,24",0.94,8,8
7,16,matched_betti,0.5,max_full_branch_node_speed,all_interior,coexact,coexact,random_tangent,literal_stable,literal_05,11,next_token_logprob_delta,odd,0.9583333333333334,1,0.19549678181556365,0.012101239550340627,0.09317678722781907,3,0.25,1.0,1,25,0.9615384615384616,8,8
7,16,matched_betti,0.5,max_full_branch_node_speed,all_interior,coexact,coexact,random_tangent,metaphor_shift,metaphor_01,11,next_token_logprob_delta,odd,0.9583333333333334,1,-0.9892427409706526,0.0667187867366099,0.10144022236056426,3,0.25,1.0,1,32,0.9411764705882352,8,8
7,16,matched_betti,0.5,max_full_branch_node_speed,all_interior,coexact,coexact,random_tangent,metaphor_shift,metaphor_02,11,next_token_logprob_delta,odd,0.9583333333333334,1,0.1707703659324455,0.01137436276682925,0.10019237865440753,3,0.25,1.0,2,"27,28",0.9482758620689656,8,8
7,16,matched_betti,0.5,max_full_branch_node_speed,all_interior,coexact,coexact,random_tangent,metaphor_shift,metaphor_03,11,next_token_logprob_delta,odd,0.9583333333333334,1,-0.23470279099074226,0.023692678907191803,0.15087143356441954,3,0.25,1.0,2,"28,29",0.9499999999999998,8,8
7,16,matched_betti,0.5,max_full_branch_node_speed,all_interior,coexact,coexact,random_tangent,metaphor_shift,metaphor_04,11,next_token_logprob_delta,odd,0.9583333333333334,1,0.6166627893683974,0.05834190677054103,0.14159438582419692,3,0.25,1.0,1,26,0.9285714285714285,8,8
7,16,matched_betti,0.5,max_full_branch_node_speed,all_interior,coexact,coexact,random_tangent,metaphor_shift,metaphor_05,11,next_token_logprob_delta,odd,0.9583333333333334,1,1.1088012133713743,0.027120954830418445,0.0369543450962474,3,0.25,1.0,2,"25,26",0.9444444444444443,8,8
7,16,matched_betti,0.5,max_full_branch_node_speed,all_interior,coexact,coexact,random_tangent,ontology_collapse,ontology_01,11,next_token_logprob_delta,odd,0.9583333333333334,1,0.6368336026830805,0.005920000132870945,0.014052831208211299,3,0.25,1.0,1,29,0.9354838709677419,8,8
7,16,matched_betti,0.5,max_full_branch_node_speed,all_interior,coexact,coexact,random_tangent,ontology_collapse,ontology_02,11,next_token_logprob_delta,odd,0.9583333333333334,1,-0.4620007397108497,0.0739236167552552,0.23512673282179952,3,0.25,1.0,2,"26,27",0.9464285714285715,8,8
7,16,matched_betti,0.5,max_full_branch_node_speed,all_interior,coexact,coexact,random_tangent,ontology_collapse,ontology_03,11,next_token_logprob_delta,odd,0.9583333333333334,1,-0.025211468019622877,0.008533393560785125,0.4555426241667145,3,0.25,1.0,2,"27,28",0.9482758620689656,8,8
7,16,matched_betti,0.5,max_full_branch_node_speed,all_interior,coexact,coexact,random_tangent,ontology_collapse,ontology_04,11,next_token_logprob_delta,odd,0.9583333333333334,1,-0.29326408432082396,0.036870081163303266,0.1867322515481179,3,0.25,1.0,2,"27,28",0.9482758620689656,8,8
7,16,matched_betti,0.5,max_full_branch_node_speed,all_interior,coexact,coexact,random_tangent,ontology_collapse,ontology_05,11,next_token_logprob_delta,odd,0.9583333333333334,1,0.10813822596678954,0.0532099938616087,0.5968722374538173,3,0.25,1.0,1,26,0.9285714285714285,8,8
7,16,matched_betti,0.5,max_full_branch_node_speed,all_interior,coexact,coexact,random_tangent,identity_stress,identity_01,0,semantic_margin_delta,even,0.041666666666666664,2,0.05203603368759804,0.005366951692140248,0.1704589545960465,3,0.25,1.0,2,"1,2",0.04411764705882352,8,8
7,16,matched_betti,0.5,max_full_branch_node_speed,all_interior,coexact,coexact,random_tangent,identity_stress,identity_02,0,semantic_margin_delta,even,0.041666666666666664,2,0.09176146420600068,0.005457159424012586,0.0992557590228153,3,0.25,1.0,2,"1,2",0.04838709677419354,8,8
7,16,matched_betti,0.5,max_full_branch_node_speed,all_interior,coexact,coexact,random_tangent,identity_stress,identity_03,0,semantic_margin_delta,even,0.041666666666666664,2,-0.3723123416085113,0.019877444390960092,0.08919039826407614,3,0.25,1.0,2,"1,2",0.04838709677419354,8,8
7,16,matched_betti,0.5,max_full_branch_node_speed,all_interior,coexact,coexact,random_tangent,identity_stress,identity_04,0,semantic_margin_delta,even,0.041666666666666664,2,0.04566859156893507,0.0011488109141166644,0.04215450625484109,3,0.25,1.0,2,"1,2",0.05357142857142857,8,8
7,16,matched_betti,0.5,max_full_branch_node_speed,all_interior,coexact,coexact,random_tangent,identity_stress,identity_05,0,semantic_margin_delta,even,0.041666666666666664,2,-0.08927813148973925,0.007988080942458793,0.1484090793700239,3,0.25,1.0,2,"1,2",0.05357142857142857,8,8
7,16,matched_betti,0.5,max_full_branch_node_speed,all_interior,coexact,coexact,random_tangent,literal_stable,literal_01,0,semantic_margin_delta,even,0.041666666666666664,2,0.07460820385228052,0.008870270449343192,0.19556088842206315,3,0.25,1.0,2,"1,2",0.04545454545454545,8,8
7,16,matched_betti,0.5,max_full_branch_node_speed,all_interior,coexact,coexact,random_tangent,literal_stable,literal_02,0,semantic_margin_delta,even,0.041666666666666664,2,0.08189365318050527,0.010063196630459318,0.20186053965576603,3,0.25,1.0,2,"1,2",0.05357142857142857,8,8
7,16,matched_betti,0.5,max_full_branch_node_speed,all_interior,coexact,coexact,random_tangent,literal_stable,literal_03,0,semantic_margin_delta,even,0.041666666666666664,2,-0.06616927227495396,0.015962001480162438,0.37506705879525093,3,0.25,1.0,2,"1,2",0.05555555555555555,8,8
7,16,matched_betti,0.5,max_full_branch_node_speed,all_interior,coexact,coexact,random_tangent,literal_stable,literal_04,0,semantic_margin_delta,even,0.041666666666666664,2,0.07829057048986213,0.013824221184830822,0.28397065448733194,3,0.25,1.0,2,"1,2",0.06,8,8
7,16,matched_betti,0.5,max_full_branch_node_speed,all_interior,coexact,coexact,random_tangent,literal_stable,literal_05,0,semantic_margin_delta,even,0.041666666666666664,2,-0.11322106104719581,0.03225265274466017,0.43111005485400716,3,0.25,1.0,2,"1,2",0.05769230769230769,8,8
7,16,matched_betti,0.5,max_full_branch_node_speed,all_interior,coexact,coexact,random_tangent,metaphor_shift,metaphor_01,0,semantic_margin_delta,even,0.041666666666666664,2,0.21982483671559452,0.009599634927917582,0.07304918991565384,3,0.25,1.0,2,"1,2",0.04411764705882352,8,8
7,16,matched_betti,0.5,max_full_branch_node_speed,all_interior,coexact,coexact,random_tangent,metaphor_shift,metaphor_02,0,semantic_margin_delta,even,0.041666666666666664,2,0.045270290071892365,0.025626451482740006,0.6885417705028893,3,0.25,1.0,2,"1,2",0.05172413793103448,8,8
7,16,matched_betti,0.5,max_full_branch_node_speed,all_interior,coexact,coexact,random_tangent,metaphor_shift,metaphor_03,0,semantic_margin_delta,even,0.041666666666666664,2,0.04676161689555005,0.02423390568836443,0.6560333244821921,3,0.25,1.0,2,"1,2",0.05000000000000001,8,8
7,16,matched_betti,0.5,max_full_branch_node_speed,all_interior,coexact,coexact,random_tangent,metaphor_shift,metaphor_04,0,semantic_margin_delta,even,0.041666666666666664,2,0.04140563001656323,0.011205587517955579,0.4133270978257019,3,0.25,1.0,2,"1,2",0.05357142857142857,8,8
7,16,matched_betti,0.5,max_full_branch_node_speed,all_interior,coexact,coexact,random_tangent,metaphor_shift,metaphor_05,0,semantic_margin_delta,even,0.041666666666666664,2,-0.06526318295013227,0.0048679982597533075,0.12413922772665195,3,0.25,1.0,2,"1,2",0.05555555555555555,8,8
7,16,matched_betti,0.5,max_full_branch_node_speed,all_interior,coexact,coexact,random_tangent,ontology_collapse,ontology_01,0,semantic_margin_delta,even,0.041666666666666664,2,-0.13881601643440822,0.01907050862383782,0.22453727784280902,3,0.25,1.0,2,"1,2",0.04838709677419354,8,8
7,16,matched_betti,0.5,max_full_branch_node_speed,all_interior,coexact,coexact,random_tangent,ontology_collapse,ontology_02,0,semantic_margin_delta,even,0.041666666666666664,2,-0.03719861546802557,0.007501867236356928,0.3204190798475839,3,0.25,1.0,2,"1,2",0.05357142857142857,8,8
7,16,matched_betti,0.5,max_full_branch_node_speed,all_interior,coexact,coexact,random_tangent,ontology_collapse,ontology_03,0,semantic_margin_delta,even,0.041666666666666664,2,-0.09380261366610759,0.00536929280502756,0.0955672514467121,3,0.25,1.0,2,"1,2",0.05172413793103448,8,8
7,16,matched_betti,0.5,max_full_branch_node_speed,all_interior,coexact,coexact,random_tangent,ontology_collapse,ontology_04,0,semantic_margin_delta,even,0.041666666666666664,2,0.24078672788961733,0.046920199623909906,0.3106619500688702,3,0.25,1.0,2,"1,2",0.05172413793103448,8,8
7,16,matched_betti,0.5,max_full_branch_node_speed,all_interior,coexact,coexact,random_tangent,ontology_collapse,ontology_05,0,semantic_margin_delta,even,0.041666666666666664,2,0.12843482297483458,0.028258380441640404,0.346209787915608,3,0.25,1.0,2,"1,2",0.05357142857142857,8,8
7,16,matched_betti,0.5,max_full_branch_node_speed,all_interior,coexact,coexact,random_tangent,identity_stress,identity_01,1,semantic_margin_delta,even,0.125,2,-0.042756314865076236,0.0034392161366887312,0.13370311817468591,3,0.25,1.0,3,"3,4,5",0.11764705882352942,8,8
7,16,matched_betti,0.5,max_full_branch_node_speed,all_interior,coexact,coexact,random_tangent,identity_stress,identity_02,1,semantic_margin_delta,even,0.125,2,0.04826284296174782,0.005594072380104107,0.1908353292856282,3,0.25,1.0,3,"3,4,5",0.12903225806451613,8,8
7,16,matched_betti,0.5,max_full_branch_node_speed,all_interior,coexact,coexact,random_tangent,identity_stress,identity_03,1,semantic_margin_delta,even,0.125,2,0.07636471763256748,0.01042069394368039,0.22310837200110858,3,0.25,1.0,3,"3,4,5",0.12903225806451613,8,8
7,16,matched_betti,0.5,max_full_branch_node_speed,all_interior,coexact,coexact,random_tangent,identity_stress,identity_04,1,semantic_margin_delta,even,0.125,2,0.30380351017660934,0.013396483704813734,0.07375861288825171,3,0.25,1.0,2,"3,4",0.125,8,8
7,16,matched_betti,0.5,max_full_branch_node_speed,all_interior,coexact,coexact,random_tangent,identity_stress,identity_05,1,semantic_margin_delta,even,0.125,2,0.35516654742780673,0.0660938883152718,0.2979488426465061,3,0.25,1.0,2,"3,4",0.125,8,8
7,16,matched_betti,0.5,max_full_branch_node_speed,all_interior,coexact,coexact,random_tangent,literal_stable,literal_01,1,semantic_margin_delta,even,0.125,2,-0.2588806928871529,0.0019378907035007156,0.01255436282630436,3,0.25,1.0,3,"3,4,5",0.12121212121212122,8,8
7,16,matched_betti,0.5,max_full_branch_node_speed,all_interior,coexact,coexact,random_tangent,literal_stable,literal_02,1,semantic_margin_delta,even,0.125,2,0.0833444180732398,0.005253621350768649,0.10513994264426665,3,0.25,1.0,2,"3,4",0.125,8,8
7,16,matched_betti,0.5,max_full_branch_node_speed,all_interior,coexact,coexact,random_tangent,literal_stable,literal_03,1,semantic_margin_delta,even,0.125,2,-0.05579722981116929,0.035803111867021384,0.7325768400396552,3,0.25,1.0,2,"3,4",0.12962962962962962,8,8
7,16,matched_betti,0.5,max_full_branch_node_speed,all_interior,coexact,coexact,random_tangent,literal_stable,literal_04,1,semantic_margin_delta,even,0.125,2,0.034750074518555135,0.01980067860792912,0.6909140457895876,3,0.25,1.0,2,"3,4",0.14,8,8
7,16,matched_betti,0.5,max_full_branch_node_speed,all_interior,coexact,coexact,random_tangent,literal_stable,literal_05,1,semantic_margin_delta,even,0.125,2,-0.14563348975253912,0.019294846699059058,0.2169265909608969,3,0.25,1.0,2,"3,4",0.13461538461538464,8,8
7,16,matched_betti,0.5,max_full_branch_node_speed,all_interior,coexact,coexact,random_tangent,metaphor_shift,metaphor_01,1,semantic_margin_delta,even,0.125,2,0.2720366985045317,0.005507082140815526,0.03393463194705331,3,0.25,1.0,2,"3,5",0.1176470588235294,8,8
7,16,matched_betti,0.5,max_full_branch_node_speed,all_interior,coexact,coexact,random_tangent,metaphor_shift,metaphor_02,1,semantic_margin_delta,even,0.125,2,-0.15680807585322037,0.006688646100837399,0.07136092270597083,3,0.25,1.0,2,"3,4",0.12068965517241377,8,8
7,16,matched_betti,0.5,max_full_branch_node_speed,all_interior,coexact,coexact,random_tangent,metaphor_shift,metaphor_03,1,semantic_margin_delta,even,0.125,2,0.2207264012049152,0.006673021912740429,0.05064189442856078,3,0.25,1.0,2,"3,4",0.11666666666666665,8,8
7,16,matched_betti,0.5,max_full_branch_node_speed,all_interior,coexact,coexact,random_tangent,metaphor_shift,metaphor_04,1,semantic_margin_delta,even,0.125,2,0.43830251300023154,0.033903933456624846,0.12866211469930725,3,0.25,1.0,2,"3,4",0.125,8,8
7,16,matched_betti,0.5,max_full_branch_node_speed,all_interior,coexact,coexact,random_tangent,metaphor_shift,metaphor_05,1,semantic_margin_delta,even,0.125,2,0.039092085975606386,0.004189108251077049,0.17690010801697664,3,0.25,1.0,2,"3,4",0.12962962962962962,8,8
7,16,matched_betti,0.5,max_full_branch_node_speed,all_interior,coexact,coexact,random_tangent,ontology_collapse,ontology_01,1,semantic_margin_delta,even,0.125,2,0.12964731994788972,0.011984175135423606,0.1532095995943236,3,0.25,1.0,3,"3,4,5",0.12903225806451613,8,8
7,16,matched_betti,0.5,max_full_branch_node_speed,all_interior,coexact,coexact,random_tangent,ontology_collapse,ontology_02,1,semantic_margin_delta,even,0.125,2,0.1716678524705529,0.004798175968898754,0.04682844941927254,3,0.25,1.0,2,"3,4",0.125,8,8
7,16,matched_betti,0.5,max_full_branch_node_speed,all_interior,coexact,coexact,random_tangent,ontology_collapse,ontology_03,1,semantic_margin_delta,even,0.125,2,0.018574998988427703,0.031528735984977546,0.943488462221529,3,0.25,1.0,2,"3,4",0.12068965517241377,8,8
7,16,matched_betti,0.5,max_full_branch_node_speed,all_interior,coexact,coexact,random_tangent,ontology_collapse,ontology_04,1,semantic_margin_delta,even,0.125,2,-0.0846068838297337,0.04268366082472387,0.645947367556781,3,0.25,1.0,2,"3,4",0.12068965517241377,8,8
7,16,matched_betti,0.5,max_full_branch_node_speed,all_interior,coexact,coexact,random_tangent,ontology_collapse,ontology_05,1,semantic_margin_delta,even,0.125,2,0.03392591258061731,0.006771210952689377,0.31744544299634225,3,0.25,1.0,2,"3,4",0.125,8,8
7,16,matched_betti,0.5,max_full_branch_node_speed,all_interior,coexact,coexact,random_tangent,identity_stress,identity_01,2,semantic_margin_delta,even,0.20833333333333334,2,-0.3820009035399576,0.0032286164547703417,0.014174499056507158,3,0.25,1.0,3,"6,7,8",0.2058823529411765,8,8
7,16,matched_betti,0.5,max_full_branch_node_speed,all_interior,coexact,coexact,random_tangent,identity_stress,identity_02,2,semantic_margin_delta,even,0.20833333333333334,2,-0.39854461390888046,0.004832743088047621,0.020334160463099472,3,0.25,1.0,2,"6,7",0.20967741935483866,8,8
7,16,matched_betti,0.5,max_full_branch_node_speed,all_interior,coexact,coexact,random_tangent,identity_stress,identity_03,2,semantic_margin_delta,even,0.20833333333333334,2,0.4019677662460329,0.02633485131759719,0.10922766145219023,3,0.25,1.0,2,"6,7",0.20967741935483866,8,8
7,16,matched_betti,0.5,max_full_branch_node_speed,all_interior,coexact,coexact,random_tangent,identity_stress,identity_04,2,semantic_margin_delta,even,0.20833333333333334,2,-0.17331455088878892,0.014985446234273706,0.1435206505313877,3,0.25,1.0,2,"5,6",0.19642857142857142,8,8
7,16,matched_betti,0.5,max_full_branch_node_speed,all_interior,coexact,coexact,random_tangent,identity_stress,identity_05,2,semantic_margin_delta,even,0.20833333333333334,2,-0.030801241742182604,0.04840621702164632,0.9349777265295065,3,0.25,1.0,2,"5,6",0.19642857142857142,8,8
7,16,matched_betti,0.5,max_full_branch_node_speed,all_interior,coexact,coexact,random_tangent,literal_stable,literal_01,2,semantic_margin_delta,even,0.20833333333333334,2,-0.1605537455584108,0.008299764951971617,0.08638101045392525,3,0.25,1.0,3,"6,7,8",0.21212121212121213,8,8
7,16,matched_betti,0.5,max_full_branch_node_speed,all_interior,coexact,coexact,random_tangent,literal_stable,literal_02,2,semantic_margin_delta,even,0.20833333333333334,2,-0.12282662811076961,0.03542313691383847,0.4354505853887708,3,0.25,1.0,2,"5,6",0.19642857142857142,8,8
7,16,matched_betti,0.5,max_full_branch_node_speed,all_interior,coexact,coexact,random_tangent,literal_stable,literal_03,2,semantic_margin_delta,even,0.20833333333333334,2,-0.15571420967484131,0.02490583838682123,0.2591081828555612,3,0.25,1.0,2,"5,6",0.2037037037037037,8,8
7,16,matched_betti,0.5,max_full_branch_node_speed,all_interior,coexact,coexact,random_tangent,literal_stable,literal_04,2,semantic_margin_delta,even,0.20833333333333334,2,-0.19350488714294212,0.03492986660237613,0.28977397080188577,3,0.25,1.0,2,"5,6",0.22,8,8
7,16,matched_betti,0.5,max_full_branch_node_speed,all_interior,coexact,coexact,random_tangent,literal_stable,literal_05,2,semantic_margin_delta,even,0.20833333333333334,2,-0.4867381220893832,0.0003359902721931052,0.0011577914466081793,3,0.25,1.0,2,"5,6",0.21153846153846156,8,8
7,16,matched_betti,0.5,max_full_branch_node_speed,all_interior,coexact,coexact,random_tangent,metaphor_shift,metaphor_01,2,semantic_margin_delta,even,0.20833333333333334,2,-0.25053755851918463,0.0037428318809640078,0.02504900464510832,3,0.25,1.0,3,"6,7,8",0.2058823529411765,8,8
7,16,matched_betti,0.5,max_full_branch_node_speed,all_interior,coexact,coexact,random_tangent,metaphor_shift,metaphor_02,2,semantic_margin_delta,even,0.20833333333333334,2,0.10533653081422337,0.016587810327972567,0.25536758004619325,3,0.25,1.0,3,"5,6,7",0.20689655172413793,8,8
7,16,matched_betti,0.5,max_full_branch_node_speed,all_interior,coexact,coexact,random_tangent,metaphor_shift,metaphor_03,2,semantic_margin_delta,even,0.20833333333333334,2,-0.15782689115199555,0.012389953651011414,0.13054358329341711,3,0.25,1.0,3,"5,6,7",0.19999999999999998,8,8
7,16,matched_betti,0.5,max_full_branch_node_speed,all_interior,coexact,coexact,random_tangent,metaphor_shift,metaphor_04,2,semantic_margin_delta,even,0.20833333333333334,2,-0.13251331082699164,0.04943013751808358,0.5303952669631317,3,0.25,1.0,2,"5,6",0.19642857142857142,8,8
7,16,matched_betti,0.5,max_full_branch_node_speed,all_interior,coexact,coexact,random_tangent,metaphor_shift,metaphor_05,2,semantic_margin_delta,even,0.20833333333333334,2,0.37556765473913817,0.015875073230035733,0.07071932635205395,3,0.25,1.0,2,"5,6",0.2037037037037037,8,8
7,16,matched_betti,0.5,max_full_branch_node_speed,all_interior,coexact,coexact,random_tangent,ontology_collapse,ontology_01,2,semantic_margin_delta,even,0.20833333333333334,2,0.14088157589272535,0.025576463096537255,0.2912937878878324,3,0.25,1.0,2,"6,7",0.20967741935483866,8,8
7,16,matched_betti,0.5,max_full_branch_node_speed,all_interior,coexact,coexact,random_tangent,ontology_collapse,ontology_02,2,semantic_margin_delta,even,0.20833333333333334,2,0.06951761494509315,0.016479426735914703,0.3694674149745549,3,0.25,1.0,2,"5,6",0.19642857142857142,8,8
7,16,matched_betti,0.5,max_full_branch_node_speed,all_interior,coexact,coexact,random_tangent,ontology_collapse,ontology_03,2,semantic_margin_delta,even,0.20833333333333334,2,-0.09614041900779377,0.011240555315476172,0.1924363143927122,3,0.25,1.0,3,"5,6,7",0.20689655172413793,8,8
7,16,matched_betti,0.5,max_full_branch_node_speed,all_interior,coexact,coexact,random_tangent,ontology_collapse,ontology_04,2,semantic_margin_delta,even,0.20833333333333334,2,-0.16472304522508344,0.0029175142384322917,0.029693839709950345,3,0.25,1.0,3,"5,6,7",0.20689655172413793,8,8
7,16,matched_betti,0.5,max_full_branch_node_speed,all_interior,coexact,coexact,random_tangent,ontology_collapse,ontology_05,2,semantic_margin_delta,even,0.20833333333333334,2,0.08996264841215272,0.04726017919807903,0.6610990871383734,3,0.25,1.0,2,"5,6",0.19642857142857142,8,8
7,16,matched_betti,0.5,max_full_branch_node_speed,all_interior,coexact,coexact,random_tangent,identity_stress,identity_01,3,semantic_margin_delta,even,0.2916666666666667,2,-0.08826596295171922,0.012227707950702896,0.22632530854376004,3,0.25,1.0,3,"9,10,11",0.29411764705882354,8,8
7,16,matched_betti,0.5,max_full_branch_node_speed,all_interior,coexact,coexact,random_tangent,identity_stress,identity_02,3,semantic_margin_delta,even,0.2916666666666667,2,-0.1775568980703128,0.007152676184079036,0.06741262442354982,3,0.25,1.0,3,"8,9,10",0.2903225806451613,8,8
7,16,matched_betti,0.5,max_full_branch_node_speed,all_interior,coexact,coexact,random_tangent,identity_stress,identity_03,3,semantic_margin_delta,even,0.2916666666666667,2,-0.03521789703182952,0.0036479333077384752,0.1711691610186837,3,0.25,1.0,3,"8,9,10",0.2903225806451613,8,8
7,16,matched_betti,0.5,max_full_branch_node_speed,all_interior,coexact,coexact,random_tangent,identity_stress,identity_04,3,semantic_margin_delta,even,0.2916666666666667,2,-0.174780973194754,0.027884959160070295,0.25849821494623904,3,0.25,1.0,3,"7,8,9",0.28571428571428575,8,8
7,16,matched_betti,0.5,max_full_branch_node_speed,all_interior,coexact,coexact,random_tangent,identity_stress,identity_05,3,semantic_margin_delta,even,0.2916666666666667,2,-0.347105260214836,0.004435390306205253,0.021427436236895664,3,0.25,1.0,3,"7,8,9",0.28571428571428575,8,8
7,16,matched_betti,0.5,max_full_branch_node_speed,all_interior,coexact,coexact,random_tangent,literal_stable,literal_01,3,semantic_margin_delta,even,0.2916666666666667,2,0.42340488058637,0.010572303450611312,0.04184393386823206,3,0.25,1.0,2,"9,10",0.28787878787878785,8,8
7,16,matched_betti,0.5,max_full_branch_node_speed,all_interior,coexact,coexact,random_tangent,literal_stable,literal_02,3,semantic_margin_delta,even,0.2916666666666667,2,-0.015356357286888393,0.032814599859805074,0.9632108780277162,3,0.25,1.0,3,"7,8,9",0.28571428571428575,8,8
7,16,matched_betti,0.5,max_full_branch_node_speed,all_interior,coexact,coexact,random_tangent,literal_stable,literal_03,3,semantic_margin_delta,even,0.2916666666666667,2,-0.30534163743343434,0.007201404188938227,0.03952673255594494,3,0.25,1.0,2,"7,8",0.2777777777777778,8,8
7,16,matched_betti,0.5,max_full_branch_node_speed,all_interior,coexact,coexact,random_tangent,literal_stable,literal_04,3,semantic_margin_delta,even,0.2916666666666667,2,-0.4633531115430685,0.02806016995931024,0.10105287213337046,3,0.25,1.0,2,"7,8",0.30000000000000004,8,8
7,16,matched_betti,0.5,max_full_branch_node_speed,all_interior,coexact,coexact,random_tangent,literal_stable,literal_05,3,semantic_margin_delta,even,0.2916666666666667,2,-0.06354536753138247,0.002590550800853402,0.0682173160337939,3,0.25,1.0,2,"7,8",0.28846153846153844,8,8
7,16,matched_betti,0.5,max_full_branch_node_speed,all_interior,coexact,coexact,random_tangent,metaphor_shift,metaphor_01,3,semantic_margin_delta,even,0.2916666666666667,2,-0.006523026166792202,0.011712100284428342,0.9490455379703288,3,0.25,1.0,3,"9,10,11",0.29411764705882354,8,8
7,16,matched_betti,0.5,max_full_branch_node_speed,all_interior,coexact,coexact,random_tangent,metaphor_shift,metaphor_02,3,semantic_margin_delta,even,0.2916666666666667,2,-0.004424392246798974,0.01912382647570817,0.9906203819094527,3,0.25,1.0,2,"8,9",0.2931034482758621,8,8
7,16,matched_betti,0.5,max_full_branch_node_speed,all_interior,coexact,coexact,random_tangent,metaphor_shift,metaphor_03,3,semantic_margin_delta,even,0.2916666666666667,2,0.011862305876578435,0.009409972543407944,0.7993891717596476,3,0.25,1.0,2,"8,9",0.2833333333333333,8,8
7,16,matched_betti,0.5,max_full_branch_node_speed,all_interior,coexact,coexact,random_tangent,metaphor_shift,metaphor_04,3,semantic_margin_delta,even,0.2916666666666667,2,-0.06672708323552881,0.012309959889005071,0.29559658138315953,3,0.25,1.0,3,"7,8,9",0.28571428571428575,8,8
7,16,matched_betti,0.5,max_full_branch_node_speed,all_interior,coexact,coexact,random_tangent,metaphor_shift,metaphor_05,3,semantic_margin_delta,even,0.2916666666666667,2,-0.03460144711623006,0.016072929868058246,0.6145963429177844,3,0.25,1.0,2,"7,8",0.2777777777777778,8,8
7,16,matched_betti,0.5,max_full_branch_node_speed,all_interior,coexact,coexact,random_tangent,ontology_collapse,ontology_01,3,semantic_margin_delta,even,0.2916666666666667,2,-0.003562590082960574,0.012477450267260841,0.9858180637817989,3,0.25,1.0,3,"8,9,10",0.2903225806451613,8,8
7,16,matched_betti,0.5,max_full_branch_node_speed,all_interior,coexact,coexact,random_tangent,ontology_collapse,ontology_02,3,semantic_margin_delta,even,0.2916666666666667,2,0.24976470838881637,0.015968096445663296,0.10662001283949504,3,0.25,1.0,3,"7,8,9",0.28571428571428575,8,8
7,16,matched_betti,0.5,max_full_branch_node_speed,all_interior,coexact,coexact,random_tangent,ontology_collapse,ontology_03,3,semantic_margin_delta,even,0.2916666666666667,2,-0.6380486322659705,0.004932037011882552,0.012963889904349357,3,0.25,1.0,2,"8,9",0.2931034482758621,8,8
7,16,matched_betti,0.5,max_full_branch_node_speed,all_interior,coexact,coexact,random_tangent,ontology_collapse,ontology_04,3,semantic_margin_delta,even,0.2916666666666667,2,-0.12396984063258878,0.018364351201733863,0.24112995606140897,3,0.25,1.0,2,"8,9",0.2931034482758621,8,8
7,16,matched_betti,0.5,max_full_branch_node_speed,all_interior,coexact,coexact,random_tangent,ontology_collapse,ontology_05,3,semantic_margin_delta,even,0.2916666666666667,2,0.06788217499296612,0.003041198880432526,0.07493171861385146,3,0.25,1.0,3,"7,8,9",0.28571428571428575,8,8
7,16,matched_betti,0.5,max_full_branch_node_speed,all_interior,coexact,coexact,random_tangent,identity_stress,identity_01,4,semantic_margin_delta,even,0.375,2,0.23169770322009106,0.02704930641588126,0.1921602774295171,3,0.25,1.0,3,"12,13,14",0.38235294117647056,8,8
7,16,matched_betti,0.5,max_full_branch_node_speed,all_interior,coexact,coexact,random_tangent,identity_stress,identity_02,4,semantic_margin_delta,even,0.375,2,0.16239260031326797,0.014173583794953393,0.14484662724009198,3,0.25,1.0,2,"11,12",0.3709677419354838,8,8
7,16,matched_betti,0.5,max_full_branch_node_speed,all_interior,coexact,coexact,random_tangent,identity_stress,identity_03,4,semantic_margin_delta,even,0.375,2,-0.33594442597348473,0.011763926757855831,0.058632225290450375,3,0.25,1.0,2,"11,12",0.3709677419354838,8,8
7,16,matched_betti,0.5,max_full_branch_node_speed,all_interior,coexact,coexact,random_tangent,identity_stress,identity_04,4,semantic_margin_delta,even,0.375,2,-0.062141685319058615,0.01765820140821043,0.4302419200442241,3,0.25,1.0,2,"10,11",0.375,8,8
7,16,matched_betti,0.5,max_full_branch_node_speed,all_interior,coexact,coexact,random_tangent,identity_stress,identity_05,4,semantic_margin_delta,even,0.375,2,0.0009327820617948474,0.03352411079061565,0.9998624287633322,3,0.25,1.0,2,"10,11",0.375,8,8
7,16,matched_betti,0.5,max_full_branch_node_speed,all_interior,coexact,coexact,random_tangent,literal_stable,literal_01,4,semantic_margin_delta,even,0.375,2,0.18955641171777732,0.00887536047292208,0.0782909771535556,3,0.25,1.0,3,"11,12,13",0.3636363636363636,8,8
7,16,matched_betti,0.5,max_full_branch_node_speed,all_interior,coexact,coexact,random_tangent,literal_stable,literal_02,4,semantic_margin_delta,even,0.375,2,-0.028815098917991895,0.0044334273772024795,0.24987288216518164,3,0.25,1.0,2,"10,11",0.375,8,8
7,16,matched_betti,0.5,max_full_branch_node_speed,all_interior,coexact,coexact,random_tangent,literal_stable,literal_03,4,semantic_margin_delta,even,0.375,2,-0.3412488798999992,0.004680081770386884,0.02299675848357305,3,0.25,1.0,3,"9,10,11",0.3703703703703704,8,8
7,16,matched_betti,0.5,max_full_branch_node_speed,all_interior,coexact,coexact,random_tangent,literal_stable,literal_04,4,semantic_margin_delta,even,0.375,2,-0.3245085742924273,0.03539372906933709,0.17994981959673623,3,0.25,1.0,2,"9,10",0.38000000000000006,8,8
7,16,matched_betti,0.5,max_full_branch_node_speed,all_interior,coexact,coexact,random_tangent,literal_stable,literal_05,4,semantic_margin_delta,even,0.375,2,-0.15620546897593215,0.02843020062483734,0.29196802619471807,3,0.25,1.0,2,"9,10",0.3653846153846154,8,8
7,16,matched_betti,0.5,max_full_branch_node_speed,all_interior,coexact,coexact,random_tangent,metaphor_shift,metaphor_01,4,semantic_margin_delta,even,0.375,2,-0.11362892174182526,0.024137420439152242,0.33562216364798014,3,0.25,1.0,3,"12,13,14",0.38235294117647056,8,8
7,16,matched_betti,0.5,max_full_branch_node_speed,all_interior,coexact,coexact,random_tangent,metaphor_shift,metaphor_02,4,semantic_margin_delta,even,0.375,2,-0.19857141863859948,0.021389115253387516,0.17778736262764924,3,0.25,1.0,3,"10,11,12",0.37931034482758624,8,8
7,16,matched_betti,0.5,max_full_branch_node_speed,all_interior,coexact,coexact,random_tangent,metaphor_shift,metaphor_03,4,semantic_margin_delta,even,0.375,2,0.03475047168055466,0.011404748358501903,0.48222685241892865,3,0.25,1.0,3,"10,11,12",0.3666666666666667,8,8
7,16,matched_betti,0.5,max_full_branch_node_speed,all_interior,coexact,coexact,random_tangent,metaphor_shift,metaphor_04,4,semantic_margin_delta,even,0.375,2,0.2598894395245685,0.008275281407582909,0.05333041333070687,3,0.25,1.0,2,"10,11",0.375,8,8
7,16,matched_betti,0.5,max_full_branch_node_speed,all_interior,coexact,coexact,random_tangent,metaphor_shift,metaphor_05,4,semantic_margin_delta,even,0.375,2,0.30090620933898665,0.011238826105987285,0.06252282229336183,3,0.25,1.0,3,"9,10,11",0.3703703703703704,8,8
7,16,matched_betti,0.5,max_full_branch_node_speed,all_interior,coexact,coexact,random_tangent,ontology_collapse,ontology_01,4,semantic_margin_delta,even,0.375,2,0.07736614092990428,0.06809223935286299,0.827920831178668,3,0.25,1.0,1,12,0.3870967741935483,8,8
7,16,matched_betti,0.5,max_full_branch_node_speed,all_interior,coexact,coexact,random_tangent,ontology_collapse,ontology_02,4,semantic_margin_delta,even,0.375,2,0.20595380254996315,0.00834970460705656,0.06784203192949402,3,0.25,1.0,2,"10,11",0.375,8,8
7,16,matched_betti,0.5,max_full_branch_node_speed,all_interior,coexact,coexact,random_tangent,ontology_collapse,ontology_03,4,semantic_margin_delta,even,0.375,2,-0.021659693920946584,0.020847840157085257,0.8501197815353733,3,0.25,1.0,3,"10,11,12",0.37931034482758624,8,8
7,16,matched_betti,0.5,max_full_branch_node_speed,all_interior,coexact,coexact,random_tangent,ontology_collapse,ontology_04,4,semantic_margin_delta,even,0.375,2,0.2053121266327428,0.001290140746262173,0.010538957591356368,3,0.25,1.0,3,"10,11,12",0.37931034482758624,8,8
7,16,matched_betti,0.5,max_full_branch_node_speed,all_interior,coexact,coexact,random_tangent,ontology_collapse,ontology_05,4,semantic_margin_delta,even,0.375,2,0.4583231881796727,0.025447480030915924,0.09272506521300851,3,0.25,1.0,2,"10,11",0.375,8,8
7,16,matched_betti,0.5,max_full_branch_node_speed,all_interior,coexact,coexact,random_tangent,identity_stress,identity_01,5,semantic_margin_delta,even,0.4583333333333333,2,-0.0674456250279605,0.029416638099495903,0.59042244864255,3,0.25,1.0,2,"15,16",0.45588235294117646,8,8
7,16,matched_betti,0.5,max_full_branch_node_speed,all_interior,coexact,coexact,random_tangent,identity_stress,identity_02,5,semantic_margin_delta,even,0.4583333333333333,2,-0.08598577930314481,0.05284473839995415,0.7177485255398525,3,0.25,1.0,2,"13,15",0.4516129032258065,8,8
7,16,matched_betti,0.5,max_full_branch_node_speed,all_interior,coexact,coexact,random_tangent,identity_stress,identity_03,5,semantic_margin_delta,even,0.4583333333333333,2,0.021560921282039586,0.008879621045949122,0.5683481455367995,3,0.25,1.0,3,"13,14,15",0.4516129032258065,8,8
7,16,matched_betti,0.5,max_full_branch_node_speed,all_interior,coexact,coexact,random_tangent,identity_stress,identity_04,5,semantic_margin_delta,even,0.4583333333333333,2,-0.24717565988329968,0.03896413485783342,0.2556146373312738,3,0.25,1.0,1,13,0.46428571428571425,8,8
7,16,matched_betti,0.5,max_full_branch_node_speed,all_interior,coexact,coexact,random_tangent,identity_stress,identity_05,5,semantic_margin_delta,even,0.4583333333333333,2,0.15473671819828055,0.0010453331220580168,0.011330073813125877,3,0.25,1.0,2,"12,13",0.4464285714285714,8,8
7,16,matched_betti,0.5,max_full_branch_node_speed,all_interior,coexact,coexact,random_tangent,literal_stable,literal_01,5,semantic_margin_delta,even,0.4583333333333333,2,0.04483768163813204,0.020936341199948454,0.6165830567529423,3,0.25,1.0,3,"14,15,16",0.4545454545454546,8,8
7,16,matched_betti,0.5,max_full_branch_node_speed,all_interior,coexact,coexact,random_tangent,literal_stable,literal_02,5,semantic_margin_delta,even,0.4583333333333333,2,-0.25274532938285793,0.002294990817024402,0.0152281357066652,3,0.25,1.0,2,"12,13",0.4464285714285714,8,8
7,16,matched_betti,0.5,max_full_branch_node_speed,all_interior,coexact,coexact,random_tangent,literal_stable,literal_03,5,semantic_margin_delta,even,0.4583333333333333,2,-0.5673455566043983,0.007532892038977936,0.022264128869042117,3,0.25,1.0,2,"12,13",0.46296296296296297,8,8
7,16,matched_betti,0.5,max_full_branch_node_speed,all_interior,coexact,coexact,random_tangent,literal_stable,literal_04,5,semantic_margin_delta,even,0.4583333333333333,2,-0.12845412539457887,0.00509840103128273,0.06642399890948447,3,0.25,1.0,2,"11,12",0.45999999999999996,8,8
7,16,matched_betti,0.5,max_full_branch_node_speed,all_interior,coexact,coexact,random_tangent,literal_stable,literal_05,5,semantic_margin_delta,even,0.4583333333333333,2,0.15389533145154768,0.026757541100912382,0.27996033745447674,3,0.25,1.0,2,"11,12",0.4423076923076923,8,8
7,16,matched_betti,0.5,max_full_branch_node_speed,all_interior,coexact,coexact,random_tangent,metaphor_shift,metaphor_01,5,semantic_margin_delta,even,0.4583333333333333,2,0.09952037048420198,0.007019796011215269,0.1174880073312157,3,0.25,1.0,2,"15,16",0.45588235294117646,8,8
7,16,matched_betti,0.5,max_full_branch_node_speed,all_interior,coexact,coexact,random_tangent,metaphor_shift,metaphor_02,5,semantic_margin_delta,even,0.4583333333333333,2,-0.18387082942518684,0.015301786172313437,0.13824154323800805,3,0.25,1.0,2,"13,14",0.46551724137931033,8,8
7,16,matched_betti,0.5,max_full_branch_node_speed,all_interior,coexact,coexact,random_tangent,metaphor_shift,metaphor_03,5,semantic_margin_delta,even,0.4583333333333333,2,0.07623966390190738,0.0028419363793543515,0.062400129598623955,3,0.25,1.0,2,"13,14",0.45,8,8
7,16,matched_betti,0.5,max_full_branch_node_speed,all_interior,coexact,coexact,random_tangent,metaphor_shift,metaphor_04,5,semantic_margin_delta,even,0.4583333333333333,2,0.20784956697545395,0.0018238978564687116,0.014716469738510665,3,0.25,1.0,2,"12,13",0.4464285714285714,8,8
7,16,matched_betti,0.5,max_full_branch_node_speed,all_interior,coexact,coexact,random_tangent,metaphor_shift,metaphor_05,5,semantic_margin_delta,even,0.4583333333333333,2,0.2737695858679036,0.007777926856767315,0.04759764103165783,3,0.25,1.0,2,"12,13",0.46296296296296297,8,8
7,16,matched_betti,0.5,max_full_branch_node_speed,all_interior,coexact,coexact,random_tangent,ontology_collapse,ontology_01,5,semantic_margin_delta,even,0.4583333333333333,2,0.33297251433584574,0.045139757965030086,0.2217195310611607,3,0.25,1.0,3,"13,14,15",0.4516129032258065,8,8
7,16,matched_betti,0.5,max_full_branch_node_speed,all_interior,coexact,coexact,random_tangent,ontology_collapse,ontology_02,5,semantic_margin_delta,even,0.4583333333333333,2,0.09387515858799049,0.014728574500707825,0.254489416598013,3,0.25,1.0,2,"12,13",0.4464285714285714,8,8
7,16,matched_betti,0.5,max_full_branch_node_speed,all_interior,coexact,coexact,random_tangent,ontology_collapse,ontology_03,5,semantic_margin_delta,even,0.4583333333333333,2,-0.5428069366707943,0.0543946304462166,0.16575267640041497,3,0.25,1.0,2,"13,14",0.46551724137931033,8,8
7,16,matched_betti,0.5,max_full_branch_node_speed,all_interior,coexact,coexact,random_tangent,ontology_collapse,ontology_04,5,semantic_margin_delta,even,0.4583333333333333,2,-0.16971987025604054,0.01484773405246398,0.14517810135409615,3,0.25,1.0,2,"13,14",0.46551724137931033,8,8
7,16,matched_betti,0.5,max_full_branch_node_speed,all_interior,coexact,coexact,random_tangent,ontology_collapse,ontology_05,5,semantic_margin_delta,even,0.4583333333333333,2,-0.034218929120684166,0.009079131996138587,0.4065757017335355,3,0.25,1.0,2,"12,13",0.4464285714285714,8,8
7,16,matched_betti,0.5,max_full_branch_node_speed,all_interior,coexact,coexact,random_tangent,identity_stress,identity_01,6,semantic_margin_delta,even,0.5416666666666666,2,-0.012887738978579507,0.010981355111380129,0.8193414077424188,3,0.25,1.0,3,"17,18,19",0.5294117647058824,8,8
7,16,matched_betti,0.5,max_full_branch_node_speed,all_interior,coexact,coexact,random_tangent,identity_stress,identity_02,6,semantic_margin_delta,even,0.5416666666666666,2,0.10490083406644411,0.007648346882869067,0.12138488357561102,3,0.25,1.0,2,"16,17",0.532258064516129,8,8
7,16,matched_betti,0.5,max_full_branch_node_speed,all_interior,coexact,coexact,random_tangent,identity_stress,identity_03,6,semantic_margin_delta,even,0.5416666666666666,2,0.06844144655032791,0.009930038658300576,0.23644935622634278,3,0.25,1.0,3,"16,17,18",0.5483870967741935,8,8
7,16,matched_betti,0.5,max_full_branch_node_speed,all_interior,coexact,coexact,random_tangent,identity_stress,identity_04,6,semantic_margin_delta,even,0.5416666666666666,2,0.16496843496173655,0.0025506020074540278,0.025923590365052852,3,0.25,1.0,3,"14,15,16",0.5357142857142857,8,8
7,16,matched_betti,0.5,max_full_branch_node_speed,all_interior,coexact,coexact,random_tangent,identity_stress,identity_05,6,semantic_margin_delta,even,0.5416666666666666,2,-0.06601905455645007,0.004145997398676932,0.104752182622975,3,0.25,1.0,3,"14,15,16",0.5357142857142857,8,8
7,16,matched_betti,0.5,max_full_branch_node_speed,all_interior,coexact,coexact,random_tangent,literal_stable,literal_01,6,semantic_margin_delta,even,0.5416666666666666,2,-0.00029041360529569426,0.04547736226991309,0.9999927521350598,3,0.25,1.0,3,"17,18,19",0.5454545454545454,8,8
7,16,matched_betti,0.5,max_full_branch_node_speed,all_interior,coexact,coexact,random_tangent,literal_stable,literal_02,6,semantic_margin_delta,even,0.5416666666666666,2,0.0788910749059695,0.0011664649972771147,0.024791888861071698,3,0.25,1.0,3,"14,15,16",0.5357142857142857,8,8
7,16,matched_betti,0.5,max_full_branch_node_speed,all_interior,coexact,coexact,random_tangent,literal_stable,literal_03,6,semantic_margin_delta,even,0.5416666666666666,2,-0.25419819699085416,0.008331862646795857,0.05489257801449669,3,0.25,1.0,2,"14,15",0.537037037037037,8,8
7,16,matched_betti,0.5,max_full_branch_node_speed,all_interior,coexact,coexact,random_tangent,literal_stable,literal_04,6,semantic_margin_delta,even,0.5416666666666666,2,-0.16600258462831546,0.00418860753170876,0.04228297454565264,3,0.25,1.0,2,"13,14",0.54,8,8
7,16,matched_betti,0.5,max_full_branch_node_speed,all_interior,coexact,coexact,random_tangent,literal_stable,literal_05,6,semantic_margin_delta,even,0.5416666666666666,2,-0.13393475247800413,0.012210695719947342,0.1511566998430703,3,0.25,1.0,3,"13,14,15",0.5384615384615384,8,8
7,16,matched_betti,0.5,max_full_branch_node_speed,all_interior,coexact,coexact,random_tangent,metaphor_shift,metaphor_01,6,semantic_margin_delta,even,0.5416666666666666,2,0.20052630619064,0.004533833709343653,0.037894961141694015,3,0.25,1.0,3,"17,18,19",0.5294117647058824,8,8
7,16,matched_betti,0.5,max_full_branch_node_speed,all_interior,coexact,coexact,random_tangent,metaphor_shift,metaphor_02,6,semantic_margin_delta,even,0.5416666666666666,2,0.17977756104240045,0.03129210182420069,0.2802447345596504,3,0.25,1.0,1,16,0.5517241379310345,8,8
7,16,matched_betti,0.5,max_full_branch_node_speed,all_interior,coexact,coexact,random_tangent,metaphor_shift,metaphor_03,6,semantic_margin_delta,even,0.5416666666666666,2,0.5007899983047815,0.0070962162908307135,0.023760077937025652,3,0.25,1.0,2,"16,17",0.55,8,8
7,16,matched_betti,0.5,max_full_branch_node_speed,all_interior,coexact,coexact,random_tangent,metaphor_shift,metaphor_04,6,semantic_margin_delta,even,0.5416666666666666,2,0.03837070228182212,0.02293865963057749,0.708056648921185,3,0.25,1.0,3,"14,15,16",0.5357142857142857,8,8
7,16,matched_betti,0.5,max_full_branch_node_speed,all_interior,coexact,coexact,random_tangent,metaphor_shift,metaphor_05,6,semantic_margin_delta,even,0.5416666666666666,2,0.10724412677524554,0.002992502824069862,0.0467503882479218,3,0.25,1.0,2,"14,15",0.537037037037037,8,8
7,16,matched_betti,0.5,max_full_branch_node_speed,all_interior,coexact,coexact,random_tangent,ontology_collapse,ontology_01,6,semantic_margin_delta,even,0.5416666666666666,2,0.2949667920423857,0.048605050380369004,0.2663934185171465,3,0.25,1.0,3,"16,17,18",0.5483870967741935,8,8
7,16,matched_betti,0.5,max_full_branch_node_speed,all_interior,coexact,coexact,random_tangent,ontology_collapse,ontology_02,6,semantic_margin_delta,even,0.5416666666666666,2,0.34870390838063037,0.017370137294361935,0.0832597639340454,3,0.25,1.0,3,"14,15,16",0.5357142857142857,8,8
7,16,matched_betti,0.5,max_full_branch_node_speed,all_interior,coexact,coexact,random_tangent,ontology_collapse,ontology_03,6,semantic_margin_delta,even,0.5416666666666666,2,-0.08090934242378044,0.00422931820501054,0.0873389981210996,3,0.25,1.0,2,"15,16",0.5344827586206897,8,8
7,16,matched_betti,0.5,max_full_branch_node_speed,all_interior,coexact,coexact,random_tangent,ontology_collapse,ontology_04,6,semantic_margin_delta,even,0.5416666666666666,2,-0.21476529100052938,0.02297731549839823,0.17662507030901392,3,0.25,1.0,2,"15,16",0.5344827586206897,8,8
7,16,matched_betti,0.5,max_full_branch_node_speed,all_interior,coexact,coexact,random_tangent,ontology_collapse,ontology_05,6,semantic_margin_delta,even,0.5416666666666666,2,-0.3613791198119237,0.06431060356745177,0.28601352881319225,3,0.25,1.0,2,"15,16",0.5535714285714286,8,8
7,16,matched_betti,0.5,max_full_branch_node_speed,all_interior,coexact,coexact,random_tangent,identity_stress,identity_01,7,semantic_margin_delta,even,0.625,2,-0.13275153318641342,0.02190765638501405,0.26676296547933814,3,0.25,1.0,3,"20,21,22",0.6176470588235294,8,8
7,16,matched_betti,0.5,max_full_branch_node_speed,all_interior,coexact,coexact,random_tangent,identity_stress,identity_02,7,semantic_margin_delta,even,0.625,2,-0.4426562684994261,0.030972435527802645,0.11655683608907416,3,0.25,1.0,2,"19,20",0.6290322580645161,8,8
7,16,matched_betti,0.5,max_full_branch_node_speed,all_interior,coexact,coexact,random_tangent,identity_stress,identity_03,7,semantic_margin_delta,even,0.625,2,0.3606852227827581,0.011527880865525366,0.053530006503576116,3,0.25,1.0,1,19,0.6129032258064516,8,8
7,16,matched_betti,0.5,max_full_branch_node_speed,all_interior,coexact,coexact,random_tangent,identity_stress,identity_04,7,semantic_margin_delta,even,0.625,2,-0.10510236819639275,0.007984948652228959,0.12640414481781811,3,0.25,1.0,2,"17,18",0.625,8,8
7,16,matched_betti,0.5,max_full_branch_node_speed,all_interior,coexact,coexact,random_tangent,identity_stress,identity_05,7,semantic_margin_delta,even,0.625,2,-0.06619558895992111,0.004351617939907351,0.10959656924312856,3,0.25,1.0,1,17,0.6071428571428571,8,8
7,16,matched_betti,0.5,max_full_branch_node_speed,all_interior,coexact,coexact,random_tangent,literal_stable,literal_01,7,semantic_margin_delta,even,0.625,2,-0.11390635889654992,0.01993024987428698,0.2815945204939042,3,0.25,1.0,2,"20,21",0.6212121212121212,8,8
7,16,matched_betti,0.5,max_full_branch_node_speed,all_interior,coexact,coexact,random_tangent,literal_stable,literal_02,7,semantic_margin_delta,even,0.625,2,-0.2078297464091956,0.03414490042066669,0.26565907954210205,3,0.25,1.0,2,"17,18",0.625,8,8
7,16,matched_betti,0.5,max_full_branch_node_speed,all_interior,coexact,coexact,random_tangent,literal_stable,literal_03,7,semantic_margin_delta,even,0.625,2,-0.06019016852262178,0.002169054045513575,0.060332627153437186,3,0.25,1.0,2,"16,17",0.6111111111111112,8,8
7,16,matched_betti,0.5,max_full_branch_node_speed,all_interior,coexact,coexact,random_tangent,literal_stable,literal_04,7,semantic_margin_delta,even,0.625,2,0.2524899313008161,0.020818194653846135,0.13698865615291025,3,0.25,1.0,2,"15,16",0.62,8,8
7,16,matched_betti,0.5,max_full_branch_node_speed,all_interior,coexact,coexact,random_tangent,literal_stable,literal_05,7,semantic_margin_delta,even,0.625,2,-0.29846687862924043,0.018763467962231297,0.10486131504103764,3,0.25,1.0,2,"16,17",0.6346153846153846,8,8
7,16,matched_betti,0.5,max_full_branch_node_speed,all_interior,coexact,coexact,random_tangent,metaphor_shift,metaphor_01,7,semantic_margin_delta,even,0.625,2,0.12350708988979693,0.01217047609937391,0.16306575622308445,3,0.25,1.0,2,"20,21",0.6029411764705883,8,8
7,16,matched_betti,0.5,max_full_branch_node_speed,all_interior,coexact,coexact,random_tangent,metaphor_shift,metaphor_02,7,semantic_margin_delta,even,0.625,2,-0.33344661407591,0.006072315649402714,0.030529860662934383,3,0.25,1.0,3,"17,18,19",0.6206896551724138,8,8
7,16,matched_betti,0.5,max_full_branch_node_speed,all_interior,coexact,coexact,random_tangent,metaphor_shift,metaphor_03,7,semantic_margin_delta,even,0.625,2,0.0329380002376673,0.005695375105557494,0.2785400639631909,3,0.25,1.0,2,"18,19",0.6166666666666667,8,8
7,16,matched_betti,0.5,max_full_branch_node_speed,all_interior,coexact,coexact,random_tangent,metaphor_shift,metaphor_04,7,semantic_margin_delta,even,0.625,2,0.11372405077605684,0.01026027746500609,0.1496200319914304,3,0.25,1.0,2,"17,18",0.625,8,8
7,16,matched_betti,0.5,max_full_branch_node_speed,all_interior,coexact,coexact,random_tangent,metaphor_shift,metaphor_05,7,semantic_margin_delta,even,0.625,2,0.5321560021645826,0.009139618375626829,0.028794415575109738,3,0.25,1.0,2,"16,17",0.6111111111111112,8,8
7,16,matched_betti,0.5,max_full_branch_node_speed,all_interior,coexact,coexact,random_tangent,ontology_collapse,ontology_01,7,semantic_margin_delta,even,0.625,2,0.2106290082176843,0.047725337443159696,0.3552510065505607,3,0.25,1.0,2,"19,20",0.6290322580645161,8,8
7,16,matched_betti,0.5,max_full_branch_node_speed,all_interior,coexact,coexact,random_tangent,ontology_collapse,ontology_02,7,semantic_margin_delta,even,0.625,2,0.5938138859584428,0.012289957829719549,0.034692677440908294,3,0.25,1.0,2,"17,18",0.625,8,8
7,16,matched_betti,0.5,max_full_branch_node_speed,all_interior,coexact,coexact,random_tangent,ontology_collapse,ontology_03,7,semantic_margin_delta,even,0.625,2,-0.15154782132680072,0.021864327995587875,0.23519538876082416,3,0.25,1.0,3,"17,18,19",0.6206896551724138,8,8
7,16,matched_betti,0.5,max_full_branch_node_speed,all_interior,coexact,coexact,random_tangent,ontology_collapse,ontology_04,7,semantic_margin_delta,even,0.625,2,-0.14443183950110164,0.002832187927851871,0.032871812014786936,3,0.25,1.0,3,"17,18,19",0.6206896551724138,8,8
7,16,matched_betti,0.5,max_full_branch_node_speed,all_interior,coexact,coexact,random_tangent,ontology_collapse,ontology_05,7,semantic_margin_delta,even,0.625,2,0.12465985066584798,0.01176931564601516,0.15640332805350374,3,0.25,1.0,2,"17,18",0.625,8,8
7,16,matched_betti,0.5,max_full_branch_node_speed,all_interior,coexact,coexact,random_tangent,identity_stress,identity_01,8,semantic_margin_delta,even,0.7083333333333334,2,-0.18316214536244851,0.011556128250366667,0.10523440595353759,3,0.25,1.0,3,"23,24,25",0.7058823529411765,8,8
7,16,matched_betti,0.5,max_full_branch_node_speed,all_interior,coexact,coexact,random_tangent,identity_stress,identity_02,8,semantic_margin_delta,even,0.7083333333333334,2,-0.1841720232985686,0.004799545267405372,0.04366779382722534,3,0.25,1.0,3,"21,22,23",0.7096774193548386,8,8
7,16,matched_betti,0.5,max_full_branch_node_speed,all_interior,coexact,coexact,random_tangent,identity_stress,identity_03,8,semantic_margin_delta,even,0.7083333333333334,2,0.015975274580303046,0.011069886597550073,0.7580312149671504,3,0.25,1.0,2,"21,22",0.6935483870967744,8,8
7,16,matched_betti,0.5,max_full_branch_node_speed,all_interior,coexact,coexact,random_tangent,identity_stress,identity_04,8,semantic_margin_delta,even,0.7083333333333334,2,0.02063836108258771,0.006440325853757892,0.4637207527388344,3,0.25,1.0,2,"19,20",0.6964285714285715,8,8
7,16,matched_betti,0.5,max_full_branch_node_speed,all_interior,coexact,coexact,random_tangent,identity_stress,identity_05,8,semantic_margin_delta,even,0.7083333333333334,2,-0.062172209747371254,0.030993958304848784,0.6414551378671954,3,0.25,1.0,2,"19,20",0.6964285714285715,8,8
7,16,matched_betti,0.5,max_full_branch_node_speed,all_interior,coexact,coexact,random_tangent,literal_stable,literal_01,8,semantic_margin_delta,even,0.7083333333333334,2,-0.16148839890065117,0.010365493641208817,0.10703987967735361,3,0.25,1.0,3,"22,23,24",0.6969696969696969,8,8
7,16,matched_betti,0.5,max_full_branch_node_speed,all_interior,coexact,coexact,random_tangent,literal_stable,literal_02,8,semantic_margin_delta,even,0.7083333333333334,2,-0.06422257582156843,0.00921979129431466,0.23409615525090002,3,0.25,1.0,2,"19,20",0.6964285714285715,8,8
7,16,matched_betti,0.5,max_full_branch_node_speed,all_interior,coexact,coexact,random_tangent,literal_stable,literal_03,8,semantic_margin_delta,even,0.7083333333333334,2,-0.027277068521637794,0.007785642961446558,0.4318042314551819,3,0.25,1.0,3,"18,19,20",0.7037037037037037,8,8
7,16,matched_betti,0.5,max_full_branch_node_speed,all_interior,coexact,coexact,random_tangent,literal_stable,literal_04,8,semantic_margin_delta,even,0.7083333333333334,2,0.2696163024148365,0.059064226402950344,0.34488828759188106,3,0.25,1.0,2,"17,18",0.6999999999999998,8,8
7,16,matched_betti,0.5,max_full_branch_node_speed,all_interior,coexact,coexact,random_tangent,literal_stable,literal_05,8,semantic_margin_delta,even,0.7083333333333334,2,-0.07234119884053067,0.030838332361919896,0.5816214794198105,3,0.25,1.0,2,"18,19",0.7115384615384613,8,8
7,16,matched_betti,0.5,max_full_branch_node_speed,all_interior,coexact,coexact,random_tangent,metaphor_shift,metaphor_01,8,semantic_margin_delta,even,0.7083333333333334,2,-0.15303201401308314,0.007568322695936733,0.08266613316557493,3,0.25,1.0,3,"23,24,25",0.7058823529411765,8,8
7,16,matched_betti,0.5,max_full_branch_node_speed,all_interior,coexact,coexact,random_tangent,metaphor_shift,metaphor_02,8,semantic_margin_delta,even,0.7083333333333334,2,0.18228426217969773,0.008904255944751098,0.08165729302833151,3,0.25,1.0,2,"20,21",0.7068965517241379,8,8
7,16,matched_betti,0.5,max_full_branch_node_speed,all_interior,coexact,coexact,random_tangent,metaphor_shift,metaphor_03,8,semantic_margin_delta,even,0.7083333333333334,2,0.3024155716441003,0.03086552491765472,0.16873175415830383,3,0.25,1.0,3,"20,21,22",0.6999999999999998,8,8
7,16,matched_betti,0.5,max_full_branch_node_speed,all_interior,coexact,coexact,random_tangent,metaphor_shift,metaphor_04,8,semantic_margin_delta,even,0.7083333333333334,2,0.02573400150448104,0.01742480960413942,0.7505193525875138,3,0.25,1.0,2,"19,20",0.6964285714285715,8,8
7,16,matched_betti,0.5,max_full_branch_node_speed,all_interior,coexact,coexact,random_tangent,metaphor_shift,metaphor_05,8,semantic_margin_delta,even,0.7083333333333334,2,0.045902737861576295,0.012222591185086224,0.4077854731938421,3,0.25,1.0,3,"18,19,20",0.7037037037037037,8,8
7,16,matched_betti,0.5,max_full_branch_node_speed,all_interior,coexact,coexact,random_tangent,ontology_collapse,ontology_01,8,semantic_margin_delta,even,0.7083333333333334,2,-0.3846938302377279,0.10633575784891837,0.4206153676540219,3,0.25,1.0,2,"21,23",0.7096774193548386,8,8
7,16,matched_betti,0.5,max_full_branch_node_speed,all_interior,coexact,coexact,random_tangent,ontology_collapse,ontology_02,8,semantic_margin_delta,even,0.7083333333333334,2,-0.024492154439287463,0.006475140316160638,0.40536112631120236,3,0.25,1.0,2,"19,20",0.6964285714285715,8,8
7,16,matched_betti,0.5,max_full_branch_node_speed,all_interior,coexact,coexact,random_tangent,ontology_collapse,ontology_03,8,semantic_margin_delta,even,0.7083333333333334,2,0.2283621231587856,0.02815919217854307,0.20253500009611453,3,0.25,1.0,2,"20,21",0.7068965517241379,8,8
7,16,matched_betti,0.5,max_full_branch_node_speed,all_interior,coexact,coexact,random_tangent,ontology_collapse,ontology_04,8,semantic_margin_delta,even,0.7083333333333334,2,-0.1021347336452206,0.002397502377766772,0.0393412835682893,3,0.25,1.0,2,"20,21",0.7068965517241379,8,8
7,16,matched_betti,0.5,max_full_branch_node_speed,all_interior,coexact,coexact,random_tangent,ontology_collapse,ontology_05,8,semantic_margin_delta,even,0.7083333333333334,2,0.044360038387629114,0.0058735081855909145,0.2167960103083801,3,0.25,1.0,2,"19,20",0.6964285714285715,8,8
7,16,matched_betti,0.5,max_full_branch_node_speed,all_interior,coexact,coexact,random_tangent,identity_stress,identity_01,9,semantic_margin_delta,even,0.7916666666666666,2,-0.00010063580375232285,0.01268898150682836,0.9999888206730206,3,0.25,1.0,3,"26,27,28",0.7941176470588235,8,8
7,16,matched_betti,0.5,max_full_branch_node_speed,all_interior,coexact,coexact,random_tangent,identity_stress,identity_02,9,semantic_margin_delta,even,0.7916666666666666,2,-0.03915263753618855,0.027519730881723346,0.7626021194161037,3,0.25,1.0,2,"24,25",0.7903225806451614,8,8
7,16,matched_betti,0.5,max_full_branch_node_speed,all_interior,coexact,coexact,random_tangent,identity_stress,identity_03,9,semantic_margin_delta,even,0.7916666666666666,2,-0.10816802617507763,0.010845611306270377,0.16584344792278113,3,0.25,1.0,2,"24,25",0.7903225806451614,8,8
7,16,matched_betti,0.5,max_full_branch_node_speed,all_interior,coexact,coexact,random_tangent,identity_stress,identity_04,9,semantic_margin_delta,even,0.7916666666666666,2,0.03258359047888472,0.04958360846106228,0.9310869180023409,3,0.25,1.0,3,"21,22,23",0.7857142857142857,8,8
7,16,matched_betti,0.5,max_full_branch_node_speed,all_interior,coexact,coexact,random_tangent,identity_stress,identity_05,9,semantic_margin_delta,even,0.7916666666666666,2,0.014198213610124539,0.0024894647500374695,0.282136712512694,3,0.25,1.0,3,"21,22,23",0.7857142857142857,8,8
7,16,matched_betti,0.5,max_full_branch_node_speed,all_interior,coexact,coexact,random_tangent,literal_stable,literal_01,9,semantic_margin_delta,even,0.7916666666666666,2,0.03897125545908143,0.02328510033597631,0.7078659181895842,3,0.25,1.0,2,"25,26",0.7727272727272728,8,8
7,16,matched_betti,0.5,max_full_branch_node_speed,all_interior,coexact,coexact,random_tangent,literal_stable,literal_02,9,semantic_margin_delta,even,0.7916666666666666,2,-0.2558543805529254,0.030864954902928125,0.19831670586455552,3,0.25,1.0,1,21,0.75,8,8
7,16,matched_betti,0.5,max_full_branch_node_speed,all_interior,coexact,coexact,random_tangent,literal_stable,literal_03,9,semantic_margin_delta,even,0.7916666666666666,2,-0.06059993505669569,0.019199446832154996,0.46925371886345035,3,0.25,1.0,2,"21,22",0.7962962962962963,8,8
7,16,matched_betti,0.5,max_full_branch_node_speed,all_interior,coexact,coexact,random_tangent,literal_stable,literal_04,9,semantic_margin_delta,even,0.7916666666666666,2,-0.3761031757222221,0.021695132005798246,0.09630113005949746,3,0.25,1.0,2,"19,20",0.7799999999999999,8,8
7,16,matched_betti,0.5,max_full_branch_node_speed,all_interior,coexact,coexact,random_tangent,literal_stable,literal_05,9,semantic_margin_delta,even,0.7916666666666666,2,-0.023654561314340534,0.018766922936263624,0.7994283275677188,3,0.25,1.0,2,"20,21",0.7884615384615387,8,8
7,16,matched_betti,0.5,max_full_branch_node_speed,all_interior,coexact,coexact,random_tangent,metaphor_shift,metaphor_01,9,semantic_margin_delta,even,0.7916666666666666,2,-0.2297026996496961,0.004602976528086048,0.033591297980847874,3,0.25,1.0,3,"26,27,28",0.7941176470588235,8,8
7,16,matched_betti,0.5,max_full_branch_node_speed,all_interior,coexact,coexact,random_tangent,metaphor_shift,metaphor_02,9,semantic_margin_delta,even,0.7916666666666666,2,-0.12037719614530416,0.004486739456166911,0.06239343886971106,3,0.25,1.0,3,"22,23,24",0.7931034482758621,8,8
7,16,matched_betti,0.5,max_full_branch_node_speed,all_interior,coexact,coexact,random_tangent,metaphor_shift,metaphor_03,9,semantic_margin_delta,even,0.7916666666666666,2,-0.13628990759164666,0.011033804467928253,0.13455303660009565,3,0.25,1.0,2,"23,24",0.7833333333333335,8,8
7,16,matched_betti,0.5,max_full_branch_node_speed,all_interior,coexact,coexact,random_tangent,metaphor_shift,metaphor_04,9,semantic_margin_delta,even,0.7916666666666666,2,-0.15843377963144242,0.01209893500955525,0.1270471950280674,3,0.25,1.0,3,"21,22,23",0.7857142857142857,8,8
7,16,matched_betti,0.5,max_full_branch_node_speed,all_interior,coexact,coexact,random_tangent,metaphor_shift,metaphor_05,9,semantic_margin_delta,even,0.7916666666666666,2,0.04577866959100418,0.004890991141786917,0.1763882303401324,3,0.25,1.0,2,"21,22",0.7962962962962963,8,8
7,16,matched_betti,0.5,max_full_branch_node_speed,all_interior,coexact,coexact,random_tangent,ontology_collapse,ontology_01,9,semantic_margin_delta,even,0.7916666666666666,2,-0.016958131360248065,0.005853323106269583,0.501023055008507,3,0.25,1.0,2,"24,25",0.7903225806451614,8,8
7,16,matched_betti,0.5,max_full_branch_node_speed,all_interior,coexact,coexact,random_tangent,ontology_collapse,ontology_02,9,semantic_margin_delta,even,0.7916666666666666,2,-0.17736978672450762,0.005670129095016178,0.05354133615656279,3,0.25,1.0,3,"21,22,23",0.7857142857142857,8,8
7,16,matched_betti,0.5,max_full_branch_node_speed,all_interior,coexact,coexact,random_tangent,ontology_collapse,ontology_03,9,semantic_margin_delta,even,0.7916666666666666,2,0.10633605971695687,0.02374816753983797,0.3507816003885666,3,0.25,1.0,2,"22,23",0.7758620689655172,8,8
7,16,matched_betti,0.5,max_full_branch_node_speed,all_interior,coexact,coexact,random_tangent,ontology_collapse,ontology_04,9,semantic_margin_delta,even,0.7916666666666666,2,-0.11790175624320032,0.016067213785897757,0.22282365168103602,3,0.25,1.0,3,"22,23,24",0.7931034482758621,8,8
7,16,matched_betti,0.5,max_full_branch_node_speed,all_interior,coexact,coexact,random_tangent,ontology_collapse,ontology_05,9,semantic_margin_delta,even,0.7916666666666666,2,0.19292737759459566,0.00403182914613703,0.03503006307300792,3,0.25,1.0,3,"21,22,23",0.7857142857142857,8,8
7,16,matched_betti,0.5,max_full_branch_node_speed,all_interior,coexact,coexact,random_tangent,identity_stress,identity_01,10,semantic_margin_delta,even,0.875,2,0.10448300605549223,0.003499880793192695,0.056094789356820426,3,0.25,1.0,3,"29,30,31",0.8823529411764706,8,8
7,16,matched_betti,0.5,max_full_branch_node_speed,all_interior,coexact,coexact,random_tangent,identity_stress,identity_02,10,semantic_margin_delta,even,0.875,2,0.42107879019415806,0.03530127136073338,0.1392434279021178,3,0.25,1.0,1,26,0.8387096774193549,8,8
7,16,matched_betti,0.5,max_full_branch_node_speed,all_interior,coexact,coexact,random_tangent,identity_stress,identity_03,10,semantic_margin_delta,even,0.875,2,0.34623418192864547,0.012817331699748821,0.06197141588435243,3,0.25,1.0,3,"26,27,28",0.8709677419354839,8,8
7,16,matched_betti,0.5,max_full_branch_node_speed,all_interior,coexact,coexact,random_tangent,identity_stress,identity_04,10,semantic_margin_delta,even,0.875,2,0.47836853463256135,0.023604743045946407,0.08248094618952644,3,0.25,1.0,1,24,0.8571428571428571,8,8
7,16,matched_betti,0.5,max_full_branch_node_speed,all_interior,coexact,coexact,random_tangent,identity_stress,identity_05,10,semantic_margin_delta,even,0.875,2,0.12412962255860255,0.03584826897160749,0.43593684510226427,3,0.25,1.0,2,"24,25",0.875,8,8
7,16,matched_betti,0.5,max_full_branch_node_speed,all_interior,coexact,coexact,random_tangent,literal_stable,literal_01,10,semantic_margin_delta,even,0.875,2,-0.3325453544021435,0.005672220190742224,0.028597220685516705,3,0.25,1.0,2,"29,30",0.8939393939393939,8,8
7,16,matched_betti,0.5,max_full_branch_node_speed,all_interior,coexact,coexact,random_tangent,literal_stable,literal_03,10,semantic_margin_delta,even,0.875,2,0.18995715811653205,0.012840919648191812,0.11265904514146587,3,0.25,1.0,2,"23,24",0.8703703703703703,8,8
7,16,matched_betti,0.5,max_full_branch_node_speed,all_interior,coexact,coexact,random_tangent,literal_stable,literal_04,10,semantic_margin_delta,even,0.875,2,-0.08578815512564512,0.03052794692869257,0.5125092999183302,3,0.25,1.0,2,"21,22",0.86,8,8
7,16,matched_betti,0.5,max_full_branch_node_speed,all_interior,coexact,coexact,random_tangent,literal_stable,literal_05,10,semantic_margin_delta,even,0.875,2,0.0484065466028965,0.010502338783452456,0.3419612748650771,3,0.25,1.0,2,"22,23",0.8653846153846154,8,8
7,16,matched_betti,0.5,max_full_branch_node_speed,all_interior,coexact,coexact,random_tangent,metaphor_shift,metaphor_01,10,semantic_margin_delta,even,0.875,2,-0.09087944761289567,0.021084915970544012,0.3626492428664297,3,0.25,1.0,3,"29,30,31",0.8823529411764706,8,8
7,16,matched_betti,0.5,max_full_branch_node_speed,all_interior,coexact,coexact,random_tangent,metaphor_shift,metaphor_02,10,semantic_margin_delta,even,0.875,2,0.16540100717063888,0.020261425838571424,0.20125773127561233,3,0.25,1.0,1,26,0.896551724137931,8,8
7,16,matched_betti,0.5,max_full_branch_node_speed,all_interior,coexact,coexact,random_tangent,metaphor_shift,metaphor_03,10,semantic_margin_delta,even,0.875,2,-0.24845716038098664,0.014335399423312372,0.09632375677865142,3,0.25,1.0,2,"25,27",0.8666666666666667,8,8
7,16,matched_betti,0.5,max_full_branch_node_speed,all_interior,coexact,coexact,random_tangent,metaphor_shift,metaphor_04,10,semantic_margin_delta,even,0.875,2,-0.2869327499017863,0.04509227621000892,0.25487987664618245,3,0.25,1.0,2,"24,25",0.875,8,8
7,16,matched_betti,0.5,max_full_branch_node_speed,all_interior,coexact,coexact,random_tangent,metaphor_shift,metaphor_05,10,semantic_margin_delta,even,0.875,2,-0.14133220270550031,0.0067045127064482716,0.07931494350329608,3,0.25,1.0,1,23,0.8518518518518517,8,8
7,16,matched_betti,0.5,max_full_branch_node_speed,all_interior,coexact,coexact,random_tangent,ontology_collapse,ontology_01,10,semantic_margin_delta,even,0.875,2,-0.1512055812665024,0.014332344361261289,0.1570104065322198,3,0.25,1.0,3,"26,27,28",0.8709677419354839,8,8
7,16,matched_betti,0.5,max_full_branch_node_speed,all_interior,coexact,coexact,random_tangent,ontology_collapse,ontology_02,10,semantic_margin_delta,even,0.875,2,0.1016857484088764,0.006531981417686438,0.10712182122383518,3,0.25,1.0,2,"24,25",0.875,8,8
7,16,matched_betti,0.5,max_full_branch_node_speed,all_interior,coexact,coexact,random_tangent,ontology_collapse,ontology_03,10,semantic_margin_delta,even,0.875,2,0.07987345069064208,0.009253580585689687,0.1907473561374442,3,0.25,1.0,2,"25,26",0.8793103448275862,8,8
7,16,matched_betti,0.5,max_full_branch_node_speed,all_interior,coexact,coexact,random_tangent,ontology_collapse,ontology_04,10,semantic_margin_delta,even,0.875,2,-0.10141868294592103,0.025636805386448875,0.3903449738053149,3,0.25,1.0,2,"25,26",0.8793103448275862,8,8
7,16,matched_betti,0.5,max_full_branch_node_speed,all_interior,coexact,coexact,random_tangent,ontology_collapse,ontology_05,10,semantic_margin_delta,even,0.875,2,-0.17354048741110856,0.008931781642833125,0.08600513622352499,3,0.25,1.0,2,"24,25",0.875,8,8
7,16,matched_betti,0.5,max_full_branch_node_speed,all_interior,coexact,coexact,random_tangent,identity_stress,identity_01,11,semantic_margin_delta,even,0.9583333333333334,2,-0.06170943727056945,0.007032671045782313,0.18774809732106862,3,0.25,1.0,2,"32,33",0.9558823529411763,8,8
7,16,matched_betti,0.5,max_full_branch_node_speed,all_interior,coexact,coexact,random_tangent,identity_stress,identity_02,11,semantic_margin_delta,even,0.9583333333333334,2,0.09342369755015849,0.005246613086829025,0.09377847064717712,3,0.25,1.0,2,"29,30",0.9516129032258065,8,8
7,16,matched_betti,0.5,max_full_branch_node_speed,all_interior,coexact,coexact,random_tangent,identity_stress,identity_03,11,semantic_margin_delta,even,0.9583333333333334,2,0.1759829079854891,0.020491441727849363,0.19167829897961064,3,0.25,1.0,1,29,0.9354838709677419,8,8
7,16,matched_betti,0.5,max_full_branch_node_speed,all_interior,coexact,coexact,random_tangent,identity_stress,identity_04,11,semantic_margin_delta,even,0.9583333333333334,2,0.032316569231152406,0.023982087431675715,0.7795691476232742,3,0.25,1.0,1,26,0.9285714285714285,8,8
7,16,matched_betti,0.5,max_full_branch_node_speed,all_interior,coexact,coexact,random_tangent,identity_stress,identity_05,11,semantic_margin_delta,even,0.9583333333333334,2,0.0034650138388027324,0.012854293192305034,0.9873301993748941,3,0.25,1.0,2,"26,27",0.9464285714285715,8,8
7,16,matched_betti,0.5,max_full_branch_node_speed,all_interior,coexact,coexact,random_tangent,literal_stable,literal_02,11,semantic_margin_delta,even,0.9583333333333334,2,0.15096844125081077,0.02414763540455411,0.2591168204044777,3,0.25,1.0,2,"26,27",0.9464285714285715,8,8
7,16,matched_betti,0.5,max_full_branch_node_speed,all_interior,coexact,coexact,random_tangent,literal_stable,literal_03,11,semantic_margin_delta,even,0.9583333333333334,2,0.17014199890580997,0.015403757668920671,0.15012887286745302,3,0.25,1.0,1,25,0.9259259259259259,8,8
7,16,matched_betti,0.5,max_full_branch_node_speed,all_interior,coexact,coexact,random_tangent,literal_stable,literal_04,11,semantic_margin_delta,even,0.9583333333333334,2,-0.21216804918643567,0.007417556402932342,0.058537584209297215,3,0.25,1.0,2,"23,24",0.94,8,8
7,16,matched_betti,0.5,max_full_branch_node_speed,all_interior,coexact,coexact,random_tangent,literal_stable,literal_05,11,semantic_margin_delta,even,0.9583333333333334,2,0.8910336634205587,0.05356345785333266,0.10031766602318054,3,0.25,1.0,1,25,0.9615384615384616,8,8
7,16,matched_betti,0.5,max_full_branch_node_speed,all_interior,coexact,coexact,random_tangent,metaphor_shift,metaphor_01,11,semantic_margin_delta,even,0.9583333333333334,2,0.12489024197677637,0.010702972542974074,0.14227691513334673,3,0.25,1.0,1,32,0.9411764705882352,8,8
7,16,matched_betti,0.5,max_full_branch_node_speed,all_interior,coexact,coexact,random_tangent,metaphor_shift,metaphor_02,11,semantic_margin_delta,even,0.9583333333333334,2,0.22248723239031312,0.017261161880345762,0.12903813976185452,3,0.25,1.0,2,"27,28",0.9482758620689656,8,8
7,16,matched_betti,0.5,max_full_branch_node_speed,all_interior,coexact,coexact,random_tangent,metaphor_shift,metaphor_03,11,semantic_margin_delta,even,0.9583333333333334,2,-0.06009196282248847,0.007436480131501687,0.20323148676539257,3,0.25,1.0,2,"28,29",0.9499999999999998,8,8
7,16,matched_betti,0.5,max_full_branch_node_speed,all_interior,coexact,coexact,random_tangent,metaphor_shift,metaphor_04,11,semantic_margin_delta,even,0.9583333333333334,2,0.029617042344724894,0.024464363009318667,0.8108470601821679,3,0.25,1.0,1,26,0.9285714285714285,8,8
7,16,matched_betti,0.5,max_full_branch_node_speed,all_interior,coexact,coexact,random_tangent,metaphor_shift,metaphor_05,11,semantic_margin_delta,even,0.9583333333333334,2,-0.21687004159363313,0.03497274601491846,0.26109449977959304,3,0.25,1.0,2,"25,26",0.9444444444444443,8,8
7,16,matched_betti,0.5,max_full_branch_node_speed,all_interior,coexact,coexact,random_tangent,ontology_collapse,ontology_01,11,semantic_margin_delta,even,0.9583333333333334,2,0.11649649470097068,0.004361156590202286,0.06266624617732973,3,0.25,1.0,1,29,0.9354838709677419,8,8
7,16,matched_betti,0.5,max_full_branch_node_speed,all_interior,coexact,coexact,random_tangent,ontology_collapse,ontology_02,11,semantic_margin_delta,even,0.9583333333333334,2,0.2366694074879518,0.014636694495135669,0.10317541186649325,3,0.25,1.0,2,"26,27",0.9464285714285715,8,8
7,16,matched_betti,0.5,max_full_branch_node_speed,all_interior,coexact,coexact,random_tangent,ontology_collapse,ontology_03,11,semantic_margin_delta,even,0.9583333333333334,2,0.15023232483325344,0.01080304577643577,0.11974188632135822,3,0.25,1.0,2,"27,28",0.9482758620689656,8,8
7,16,matched_betti,0.5,max_full_branch_node_speed,all_interior,coexact,coexact,random_tangent,ontology_collapse,ontology_04,11,semantic_margin_delta,even,0.9583333333333334,2,0.08766212287332976,0.012169346397763797,0.2267724158836508,3,0.25,1.0,2,"27,28",0.9482758620689656,8,8
7,16,matched_betti,0.5,max_full_branch_node_speed,all_interior,coexact,coexact,random_tangent,ontology_collapse,ontology_05,11,semantic_margin_delta,even,0.9583333333333334,2,0.8153506299600883,0.01947856572217817,0.040037180813541164,3,0.25,1.0,1,26,0.9285714285714285,8,8
7,16,matched_betti,0.5,max_full_branch_node_speed,all_interior,coexact,coexact,random_tangent,identity_stress,identity_01,0,semantic_margin_delta,odd,0.041666666666666664,1,0.18588906399032507,0.047730511957787165,0.3618866917970371,3,0.25,1.0,2,"1,2",0.04411764705882352,8,8
7,16,matched_betti,0.5,max_full_branch_node_speed,all_interior,coexact,coexact,random_tangent,identity_stress,identity_02,0,semantic_margin_delta,odd,0.041666666666666664,1,0.12268080551195365,0.04636998282475024,0.4961469786558921,3,0.25,1.0,2,"1,2",0.04838709677419354,8,8
7,16,matched_betti,0.5,max_full_branch_node_speed,all_interior,coexact,coexact,random_tangent,identity_stress,identity_03,0,semantic_margin_delta,odd,0.041666666666666664,1,-0.18183991948839756,0.03839651535601631,0.30411652147070917,3,0.25,1.0,2,"1,2",0.04838709677419354,8,8
7,16,matched_betti,0.5,max_full_branch_node_speed,all_interior,coexact,coexact,random_tangent,identity_stress,identity_04,0,semantic_margin_delta,odd,0.041666666666666664,1,0.1254070260639677,0.009359721388206602,0.11212558204724417,3,0.25,1.0,2,"1,2",0.05357142857142857,8,8
7,16,matched_betti,0.5,max_full_branch_node_speed,all_interior,coexact,coexact,random_tangent,identity_stress,identity_05,0,semantic_margin_delta,odd,0.041666666666666664,1,0.2589911401476225,0.0016290323853809811,0.009509028440725634,3,0.25,1.0,2,"1,2",0.05357142857142857,8,8
7,16,matched_betti,0.5,max_full_branch_node_speed,all_interior,coexact,coexact,random_tangent,literal_stable,literal_01,0,semantic_margin_delta,odd,0.041666666666666664,1,-0.9293646286781077,0.008154264294764771,0.013263905201570277,3,0.25,1.0,2,"1,2",0.04545454545454545,8,8
7,16,matched_betti,0.5,max_full_branch_node_speed,all_interior,coexact,coexact,random_tangent,literal_stable,literal_02,0,semantic_margin_delta,odd,0.041666666666666664,1,0.2575427551234671,0.008005922507997724,0.04694549488309909,3,0.25,1.0,2,"1,2",0.05357142857142857,8,8
7,16,matched_betti,0.5,max_full_branch_node_speed,all_interior,coexact,coexact,random_tangent,literal_stable,literal_03,0,semantic_margin_delta,odd,0.041666666666666664,1,-0.1471736517738084,0.011517577507073586,0.11749607919971365,3,0.25,1.0,2,"1,2",0.05555555555555555,8,8
7,16,matched_betti,0.5,max_full_branch_node_speed,all_interior,coexact,coexact,random_tangent,literal_stable,literal_04,0,semantic_margin_delta,odd,0.041666666666666664,1,-0.2816724714229387,0.06413688827279879,0.32550288308604414,3,0.25,1.0,2,"1,2",0.06,8,8
7,16,matched_betti,0.5,max_full_branch_node_speed,all_interior,coexact,coexact,random_tangent,literal_stable,literal_05,0,semantic_margin_delta,odd,0.041666666666666664,1,-0.28253148833672737,0.07456289152280828,0.37058540521035793,3,0.25,1.0,2,"1,2",0.05769230769230769,8,8
7,16,matched_betti,0.5,max_full_branch_node_speed,all_interior,coexact,coexact,random_tangent,metaphor_shift,metaphor_01,0,semantic_margin_delta,odd,0.041666666666666664,1,0.2990967429347107,0.038340747804671414,0.1902625716057428,3,0.25,1.0,2,"1,2",0.04411764705882352,8,8
7,16,matched_betti,0.5,max_full_branch_node_speed,all_interior,coexact,coexact,random_tangent,metaphor_shift,metaphor_02,0,semantic_margin_delta,odd,0.041666666666666664,1,-0.6132245562276337,0.01742225166882923,0.042913649887771556,3,0.25,1.0,2,"1,2",0.05172413793103448,8,8
7,16,matched_betti,0.5,max_full_branch_node_speed,all_interior,coexact,coexact,random_tangent,metaphor_shift,metaphor_03,0,semantic_margin_delta,odd,0.041666666666666664,1,-0.2333047954381414,0.03829950469183672,0.24087991117969026,3,0.25,1.0,2,"1,2",0.05000000000000001,8,8
7,16,matched_betti,0.5,max_full_branch_node_speed,all_interior,coexact,coexact,random_tangent,metaphor_shift,metaphor_04,0,semantic_margin_delta,odd,0.041666666666666664,1,0.05268879272467525,0.05361184635306992,0.8384246039573662,3,0.25,1.0,2,"1,2",0.05357142857142857,8,8
7,16,matched_betti,0.5,max_full_branch_node_speed,all_interior,coexact,coexact,random_tangent,metaphor_shift,metaphor_05,0,semantic_margin_delta,odd,0.041666666666666664,1,0.12787541268683744,0.014856251875562812,0.17299568546925584,3,0.25,1.0,2,"1,2",0.05555555555555555,8,8
7,16,matched_betti,0.5,max_full_branch_node_speed,all_interior,coexact,coexact,random_tangent,ontology_collapse,ontology_01,0,semantic_margin_delta,odd,0.041666666666666664,1,0.8615549982422273,0.01891381785092683,0.03317172793875856,3,0.25,1.0,2,"1,2",0.04838709677419354,8,8
7,16,matched_betti,0.5,max_full_branch_node_speed,all_interior,coexact,coexact,random_tangent,ontology_collapse,ontology_02,0,semantic_margin_delta,odd,0.041666666666666664,1,-0.10128597580361831,0.03671526474004614,0.48059523226605494,3,0.25,1.0,2,"1,2",0.05357142857142857,8,8
7,16,matched_betti,0.5,max_full_branch_node_speed,all_interior,coexact,coexact,random_tangent,ontology_collapse,ontology_03,0,semantic_margin_delta,odd,0.041666666666666664,1,0.11713037303312597,0.013346067373704222,0.16976364487662252,3,0.25,1.0,2,"1,2",0.05172413793103448,8,8
7,16,matched_betti,0.5,max_full_branch_node_speed,all_interior,coexact,coexact,random_tangent,ontology_collapse,ontology_04,0,semantic_margin_delta,odd,0.041666666666666664,1,-0.3546758717612999,0.007061741673857129,0.03008808048802858,3,0.25,1.0,2,"1,2",0.05172413793103448,8,8
7,16,matched_betti,0.5,max_full_branch_node_speed,all_interior,coexact,coexact,random_tangent,ontology_collapse,ontology_05,0,semantic_margin_delta,odd,0.041666666666666664,1,0.12482910751218448,0.06482670708178441,0.6175439578054056,3,0.25,1.0,2,"1,2",0.05357142857142857,8,8
7,16,matched_betti,0.5,max_full_branch_node_speed,all_interior,coexact,coexact,random_tangent,identity_stress,identity_01,1,semantic_margin_delta,odd,0.125,1,-0.7500067645422148,0.031356541438993836,0.06308238561412095,3,0.25,1.0,3,"3,4,5",0.11764705882352942,8,8
7,16,matched_betti,0.5,max_full_branch_node_speed,all_interior,coexact,coexact,random_tangent,identity_stress,identity_02,1,semantic_margin_delta,odd,0.125,1,0.03624271910969216,0.01334943078001318,0.48651948050140337,3,0.25,1.0,3,"3,4,5",0.12903225806451613,8,8
7,16,matched_betti,0.5,max_full_branch_node_speed,all_interior,coexact,coexact,random_tangent,identity_stress,identity_03,1,semantic_margin_delta,odd,0.125,1,-0.04665365674297263,0.01850970695436674,0.5143856316987127,3,0.25,1.0,3,"3,4,5",0.12903225806451613,8,8
7,16,matched_betti,0.5,max_full_branch_node_speed,all_interior,coexact,coexact,random_tangent,identity_stress,identity_04,1,semantic_margin_delta,odd,0.125,1,0.5606432726072754,0.06271479223436524,0.1667518915270373,3,0.25,1.0,2,"3,4",0.125,8,8
7,16,matched_betti,0.5,max_full_branch_node_speed,all_interior,coexact,coexact,random_tangent,identity_stress,identity_05,1,semantic_margin_delta,odd,0.125,1,-0.2262988532590457,0.14352226906901658,0.6920974410428904,3,0.25,1.0,2,"3,4",0.125,8,8
7,16,matched_betti,0.5,max_full_branch_node_speed,all_interior,coexact,coexact,random_tangent,literal_stable,literal_01,1,semantic_margin_delta,odd,0.125,1,-0.28842150800693195,0.015503962552011271,0.08100215353235234,3,0.25,1.0,3,"3,4,5",0.12121212121212122,8,8
7,16,matched_betti,0.5,max_full_branch_node_speed,all_interior,coexact,coexact,random_tangent,literal_stable,literal_02,1,semantic_margin_delta,odd,0.125,1,0.3560329286029812,0.0351528739144541,0.14763733081254618,3,0.25,1.0,2,"3,4",0.125,8,8
7,16,matched_betti,0.5,max_full_branch_node_speed,all_interior,coexact,coexact,random_tangent,literal_stable,literal_03,1,semantic_margin_delta,odd,0.125,1,0.31317093969094434,0.03350426185181482,0.1596694232140136,3,0.25,1.0,2,"3,4",0.12962962962962962,8,8
7,16,matched_betti,0.5,max_full_branch_node_speed,all_interior,coexact,coexact,random_tangent,literal_stable,literal_04,1,semantic_margin_delta,odd,0.125,1,-0.04636432215161192,0.024853414379882078,0.6296213467649966,3,0.25,1.0,2,"3,4",0.14,8,8
7,16,matched_betti,0.5,max_full_branch_node_speed,all_interior,coexact,coexact,random_tangent,literal_stable,literal_05,1,semantic_margin_delta,odd,0.125,1,0.19438723493192778,0.040637348941477344,0.30136532504259284,3,0.25,1.0,2,"3,4",0.13461538461538464,8,8
7,16,matched_betti,0.5,max_full_branch_node_speed,all_interior,coexact,coexact,random_tangent,metaphor_shift,metaphor_01,1,semantic_margin_delta,odd,0.125,1,0.8760657951544937,0.022197332138476647,0.03827865046833458,3,0.25,1.0,2,"3,5",0.1176470588235294,8,8
7,16,matched_betti,0.5,max_full_branch_node_speed,all_interior,coexact,coexact,random_tangent,metaphor_shift,metaphor_02,1,semantic_margin_delta,odd,0.125,1,0.32227330001031085,0.05003427335501894,0.2285117605333727,3,0.25,1.0,2,"3,4",0.12068965517241377,8,8
7,16,matched_betti,0.5,max_full_branch_node_speed,all_interior,coexact,coexact,random_tangent,metaphor_shift,metaphor_03,1,semantic_margin_delta,odd,0.125,1,-0.4283591020987111,0.009466512342174122,0.03339263636315597,3,0.25,1.0,2,"3,4",0.11666666666666665,8,8
7,16,matched_betti,0.5,max_full_branch_node_speed,all_interior,coexact,coexact,random_tangent,metaphor_shift,metaphor_04,1,semantic_margin_delta,odd,0.125,1,-0.09154772177938576,0.05143905440266403,0.6474211247713749,3,0.25,1.0,2,"3,4",0.125,8,8
7,16,matched_betti,0.5,max_full_branch_node_speed,all_interior,coexact,coexact,random_tangent,metaphor_shift,metaphor_05,1,semantic_margin_delta,odd,0.125,1,0.08621660499986586,0.060313883230139434,0.7266292797666232,3,0.25,1.0,2,"3,4",0.12962962962962962,8,8
7,16,matched_betti,0.5,max_full_branch_node_speed,all_interior,coexact,coexact,random_tangent,ontology_collapse,ontology_01,1,semantic_margin_delta,odd,0.125,1,0.2603811141035863,0.00921992015005591,0.05345732505517762,3,0.25,1.0,3,"3,4,5",0.12903225806451613,8,8
7,16,matched_betti,0.5,max_full_branch_node_speed,all_interior,coexact,coexact,random_tangent,ontology_collapse,ontology_02,1,semantic_margin_delta,odd,0.125,1,-0.025670131468576187,0.016229656973143866,0.6909710804604272,3,0.25,1.0,2,"3,4",0.125,8,8
7,16,matched_betti,0.5,max_full_branch_node_speed,all_interior,coexact,coexact,random_tangent,ontology_collapse,ontology_03,1,semantic_margin_delta,odd,0.125,1,-0.19371018339780308,0.059168249376928425,0.41924859032815043,3,0.25,1.0,2,"3,4",0.12068965517241377,8,8
7,16,matched_betti,0.5,max_full_branch_node_speed,all_interior,coexact,coexact,random_tangent,ontology_collapse,ontology_04,1,semantic_margin_delta,odd,0.125,1,-0.43205706970114477,0.03963619695731031,0.137380272006588,3,0.25,1.0,2,"3,4",0.12068965517241377,8,8
7,16,matched_betti,0.5,max_full_branch_node_speed,all_interior,coexact,coexact,random_tangent,ontology_collapse,ontology_05,1,semantic_margin_delta,odd,0.125,1,-0.5151613332160899,0.015614607136912118,0.04577657191887777,3,0.25,1.0,2,"3,4",0.125,8,8
7,16,matched_betti,0.5,max_full_branch_node_speed,all_interior,coexact,coexact,random_tangent,identity_stress,identity_01,2,semantic_margin_delta,odd,0.20833333333333334,1,-0.1944458962956747,0.039489135509235586,0.2935129756866759,3,0.25,1.0,3,"6,7,8",0.2058823529411765,8,8
7,16,matched_betti,0.5,max_full_branch_node_speed,all_interior,coexact,coexact,random_tangent,identity_stress,identity_02,2,semantic_margin_delta,odd,0.20833333333333334,1,0.8924315631998813,0.04034179975310494,0.06818352483040437,3,0.25,1.0,2,"6,7",0.20967741935483866,8,8
7,16,matched_betti,0.5,max_full_branch_node_speed,all_interior,coexact,coexact,random_tangent,identity_stress,identity_03,2,semantic_margin_delta,odd,0.20833333333333334,1,-0.22845586557251446,0.0007314965022257663,0.004840785328189814,3,0.25,1.0,2,"6,7",0.20967741935483866,8,8
7,16,matched_betti,0.5,max_full_branch_node_speed,all_interior,coexact,coexact,random_tangent,identity_stress,identity_04,2,semantic_margin_delta,odd,0.20833333333333334,1,-0.6186603852208066,0.013707134883799892,0.03347817979857993,3,0.25,1.0,2,"5,6",0.19642857142857142,8,8
7,16,matched_betti,0.5,max_full_branch_node_speed,all_interior,coexact,coexact,random_tangent,identity_stress,identity_05,2,semantic_margin_delta,odd,0.20833333333333334,1,-0.7236672732461435,0.0579806549779744,0.12025196056683052,3,0.25,1.0,2,"5,6",0.19642857142857142,8,8
7,16,matched_betti,0.5,max_full_branch_node_speed,all_interior,coexact,coexact,random_tangent,literal_stable,literal_01,2,semantic_margin_delta,odd,0.20833333333333334,1,0.27113631393824117,0.008497393175679819,0.04732842435813492,3,0.25,1.0,3,"6,7,8",0.21212121212121213,8,8
7,16,matched_betti,0.5,max_full_branch_node_speed,all_interior,coexact,coexact,random_tangent,literal_stable,literal_02,2,semantic_margin_delta,odd,0.20833333333333334,1,-0.9842858244556487,0.05730438750441937,0.08768024920052235,3,0.25,1.0,2,"5,6",0.19642857142857142,8,8
7,16,matched_betti,0.5,max_full_branch_node_speed,all_interior,coexact,coexact,random_tangent,literal_stable,literal_03,2,semantic_margin_delta,odd,0.20833333333333334,1,0.18751612669893858,0.0812559400259328,0.5480014157941203,3,0.25,1.0,2,"5,6",0.2037037037037037,8,8
7,16,matched_betti,0.5,max_full_branch_node_speed,all_interior,coexact,coexact,random_tangent,literal_stable,literal_04,2,semantic_margin_delta,odd,0.20833333333333334,1,0.4428965486830411,0.04112492303341107,0.13901959060200444,3,0.25,1.0,2,"5,6",0.22,8,8
7,16,matched_betti,0.5,max_full_branch_node_speed,all_interior,coexact,coexact,random_tangent,literal_stable,literal_05,2,semantic_margin_delta,odd,0.20833333333333334,1,0.11970802733612221,0.006978520646670799,0.0877952076333528,3,0.25,1.0,2,"5,6",0.21153846153846156,8,8
7,16,matched_betti,0.5,max_full_branch_node_speed,all_interior,coexact,coexact,random_tangent,metaphor_shift,metaphor_01,2,semantic_margin_delta,odd,0.20833333333333334,1,-0.19959238027642845,0.03859779503037812,0.2806201243503872,3,0.25,1.0,3,"6,7,8",0.2058823529411765,8,8
7,16,matched_betti,0.5,max_full_branch_node_speed,all_interior,coexact,coexact,random_tangent,metaphor_shift,metaphor_02,2,semantic_margin_delta,odd,0.20833333333333334,1,-0.17936728081179037,0.04948790156700782,0.38497621568304174,3,0.25,1.0,3,"5,6,7",0.20689655172413793,8,8
7,16,matched_betti,0.5,max_full_branch_node_speed,all_interior,coexact,coexact,random_tangent,metaphor_shift,metaphor_03,2,semantic_margin_delta,odd,0.20833333333333334,1,0.271028963071237,0.039053158775515406,0.21285471487304367,3,0.25,1.0,3,"5,6,7",0.19999999999999998,8,8
7,16,matched_betti,0.5,max_full_branch_node_speed,all_interior,coexact,coexact,random_tangent,metaphor_shift,metaphor_04,2,semantic_margin_delta,odd,0.20833333333333334,1,-0.31418616599748544,0.02013192810074431,0.09642306518887127,3,0.25,1.0,2,"5,6",0.19642857142857142,8,8
7,16,matched_betti,0.5,max_full_branch_node_speed,all_interior,coexact,coexact,random_tangent,metaphor_shift,metaphor_05,2,semantic_margin_delta,odd,0.20833333333333334,1,0.48322058277366914,0.09648820578366575,0.28900194763282544,3,0.25,1.0,2,"5,6",0.2037037037037037,8,8
7,16,matched_betti,0.5,max_full_branch_node_speed,all_interior,coexact,coexact,random_tangent,ontology_collapse,ontology_01,2,semantic_margin_delta,odd,0.20833333333333334,1,-0.6100169779175231,0.024324268113632874,0.060175691372560146,3,0.25,1.0,2,"6,7",0.20967741935483866,8,8
7,16,matched_betti,0.5,max_full_branch_node_speed,all_interior,coexact,coexact,random_tangent,ontology_collapse,ontology_02,2,semantic_margin_delta,odd,0.20833333333333334,1,-0.10410068327875635,0.015416419370113971,0.21848405802661086,3,0.25,1.0,2,"5,6",0.19642857142857142,8,8
7,16,matched_betti,0.5,max_full_branch_node_speed,all_interior,coexact,coexact,random_tangent,ontology_collapse,ontology_03,2,semantic_margin_delta,odd,0.20833333333333334,1,-0.037340315674655664,0.014760456775691985,0.5129994455858997,3,0.25,1.0,3,"5,6,7",0.20689655172413793,8,8
7,16,matched_betti,0.5,max_full_branch_node_speed,all_interior,coexact,coexact,random_tangent,ontology_collapse,ontology_04,2,semantic_margin_delta,odd,0.20833333333333334,1,-0.25397301930571603,0.034161937374751,0.19928123408605977,3,0.25,1.0,3,"5,6,7",0.20689655172413793,8,8
7,16,matched_betti,0.5,max_full_branch_node_speed,all_interior,coexact,coexact,random_tangent,ontology_collapse,ontology_05,2,semantic_margin_delta,odd,0.20833333333333334,1,-0.10675839395966717,0.06648921232181836,0.6855229018066094,3,0.25,1.0,2,"5,6",0.19642857142857142,8,8
7,16,matched_betti,0.5,max_full_branch_node_speed,all_interior,coexact,coexact,random_tangent,identity_stress,identity_01,3,semantic_margin_delta,odd,0.2916666666666667,1,-0.12012863208314582,0.024226376315745285,0.29164219135402625,3,0.25,1.0,3,"9,10,11",0.29411764705882354,8,8
7,16,matched_betti,0.5,max_full_branch_node_speed,all_interior,coexact,coexact,random_tangent,identity_stress,identity_02,3,semantic_margin_delta,odd,0.2916666666666667,1,0.06283852955617132,0.04367841207913626,0.7244253428876108,3,0.25,1.0,3,"8,9,10",0.2903225806451613,8,8
7,16,matched_betti,0.5,max_full_branch_node_speed,all_interior,coexact,coexact,random_tangent,identity_stress,identity_03,3,semantic_margin_delta,odd,0.2916666666666667,1,0.13641158518920257,0.004868338759096154,0.05387772540621143,3,0.25,1.0,3,"8,9,10",0.2903225806451613,8,8
7,16,matched_betti,0.5,max_full_branch_node_speed,all_interior,coexact,coexact,random_tangent,identity_stress,identity_04,3,semantic_margin_delta,odd,0.2916666666666667,1,0.6888050397650781,0.00826011578147486,0.018127145689683193,3,0.25,1.0,3,"7,8,9",0.28571428571428575,8,8
7,16,matched_betti,0.5,max_full_branch_node_speed,all_interior,coexact,coexact,random_tangent,identity_stress,identity_05,3,semantic_margin_delta,odd,0.2916666666666667,1,0.06615621430800281,0.010465274860329258,0.23260163827062183,3,0.25,1.0,3,"7,8,9",0.28571428571428575,8,8
7,16,matched_betti,0.5,max_full_branch_node_speed,all_interior,coexact,coexact,random_tangent,literal_stable,literal_01,3,semantic_margin_delta,odd,0.2916666666666667,1,0.2066124176533785,0.024626765629216243,0.1773464725078286,3,0.25,1.0,2,"9,10",0.28787878787878785,8,8
7,16,matched_betti,0.5,max_full_branch_node_speed,all_interior,coexact,coexact,random_tangent,literal_stable,literal_02,3,semantic_margin_delta,odd,0.2916666666666667,1,0.14514155847383708,0.0467673310468617,0.4379472397570839,3,0.25,1.0,3,"7,8,9",0.28571428571428575,8,8
7,16,matched_betti,0.5,max_full_branch_node_speed,all_interior,coexact,coexact,random_tangent,literal_stable,literal_03,3,semantic_margin_delta,odd,0.2916666666666667,1,-0.2781675692719322,0.01744062163094957,0.09436784017180049,3,0.25,1.0,2,"7,8",0.2777777777777778,8,8
7,16,matched_betti,0.5,max_full_branch_node_speed,all_interior,coexact,coexact,random_tangent,literal_stable,literal_04,3,semantic_margin_delta,odd,0.2916666666666667,1,0.6071682589107698,0.030531939935025225,0.07580622268630854,3,0.25,1.0,2,"7,8",0.30000000000000004,8,8
7,16,matched_betti,0.5,max_full_branch_node_speed,all_interior,coexact,coexact,random_tangent,literal_stable,literal_05,3,semantic_margin_delta,odd,0.2916666666666667,1,0.269737590124097,0.0023583361383569933,0.013217133203630889,3,0.25,1.0,2,"7,8",0.28846153846153844,8,8
7,16,matched_betti,0.5,max_full_branch_node_speed,all_interior,coexact,coexact,random_tangent,metaphor_shift,metaphor_01,3,semantic_margin_delta,odd,0.2916666666666667,1,-0.1481609003089387,0.012996657443717228,0.1314689011028313,3,0.25,1.0,3,"9,10,11",0.29411764705882354,8,8
7,16,matched_betti,0.5,max_full_branch_node_speed,all_interior,coexact,coexact,random_tangent,metaphor_shift,metaphor_02,3,semantic_margin_delta,odd,0.2916666666666667,1,-1.085117110491303,0.03477087949689192,0.0483883711780478,3,0.25,1.0,2,"8,9",0.2931034482758621,8,8
7,16,matched_betti,0.5,max_full_branch_node_speed,all_interior,coexact,coexact,random_tangent,metaphor_shift,metaphor_03,3,semantic_margin_delta,odd,0.2916666666666667,1,0.4371769546857441,0.049190275320677226,0.1677020599295634,3,0.25,1.0,2,"8,9",0.2833333333333333,8,8
7,16,matched_betti,0.5,max_full_branch_node_speed,all_interior,coexact,coexact,random_tangent,metaphor_shift,metaphor_04,3,semantic_margin_delta,odd,0.2916666666666667,1,0.4099420639841093,0.012595536487847208,0.04640204316230199,3,0.25,1.0,3,"7,8,9",0.28571428571428575,8,8
7,16,matched_betti,0.5,max_full_branch_node_speed,all_interior,coexact,coexact,random_tangent,metaphor_shift,metaphor_05,3,semantic_margin_delta,odd,0.2916666666666667,1,-0.6576825474115958,0.02959152917784186,0.06786714544050836,3,0.25,1.0,2,"7,8",0.2777777777777778,8,8
7,16,matched_betti,0.5,max_full_branch_node_speed,all_interior,coexact,coexact,random_tangent,ontology_collapse,ontology_01,3,semantic_margin_delta,odd,0.2916666666666667,1,-0.31611011512620585,0.05674382689341544,0.2619144775821336,3,0.25,1.0,3,"8,9,10",0.2903225806451613,8,8
7,16,matched_betti,0.5,max_full_branch_node_speed,all_interior,coexact,coexact,random_tangent,ontology_collapse,ontology_02,3,semantic_margin_delta,odd,0.2916666666666667,1,-0.4891475385227239,0.07119836667274804,0.21491768499984765,3,0.25,1.0,3,"7,8,9",0.28571428571428575,8,8
7,16,matched_betti,0.5,max_full_branch_node_speed,all_interior,coexact,coexact,random_tangent,ontology_collapse,ontology_03,3,semantic_margin_delta,odd,0.2916666666666667,1,0.25129475093602743,0.0911818528070973,0.4809592223463125,3,0.25,1.0,2,"8,9",0.2931034482758621,8,8
7,16,matched_betti,0.5,max_full_branch_node_speed,all_interior,coexact,coexact,random_tangent,ontology_collapse,ontology_04,3,semantic_margin_delta,odd,0.2916666666666667,1,-0.26870916871667394,0.019057725322251685,0.10661471905484678,3,0.25,1.0,2,"8,9",0.2931034482758621,8,8
7,16,matched_betti,0.5,max_full_branch_node_speed,all_interior,coexact,coexact,random_tangent,ontology_collapse,ontology_05,3,semantic_margin_delta,odd,0.2916666666666667,1,-0.05038388895501134,0.0050725814928768735,0.15047860344486957,3,0.25,1.0,3,"7,8,9",0.28571428571428575,8,8
7,16,matched_betti,0.5,max_full_branch_node_speed,all_interior,coexact,coexact,random_tangent,identity_stress,identity_01,4,semantic_margin_delta,odd,0.375,1,-0.23297524328358848,0.011853137410348024,0.07669261359861679,3,0.25,1.0,3,"12,13,14",0.38235294117647056,8,8
7,16,matched_betti,0.5,max_full_branch_node_speed,all_interior,coexact,coexact,random_tangent,identity_stress,identity_02,4,semantic_margin_delta,odd,0.375,1,0.10805184396276946,0.023509649337842747,0.3124746302216293,3,0.25,1.0,2,"11,12",0.3709677419354838,8,8
7,16,matched_betti,0.5,max_full_branch_node_speed,all_interior,coexact,coexact,random_tangent,identity_stress,identity_03,4,semantic_margin_delta,odd,0.375,1,0.3303132466060528,0.01775656214691756,0.08100545688076073,3,0.25,1.0,2,"11,12",0.3709677419354838,8,8
7,16,matched_betti,0.5,max_full_branch_node_speed,all_interior,coexact,coexact,random_tangent,identity_stress,identity_04,4,semantic_margin_delta,odd,0.375,1,-0.945836875045435,0.004456132682118079,0.0071226536484268145,3,0.25,1.0,2,"10,11",0.375,8,8
7,16,matched_betti,0.5,max_full_branch_node_speed,all_interior,coexact,coexact,random_tangent,identity_stress,identity_05,4,semantic_margin_delta,odd,0.375,1,-0.5657000996067928,0.006483039474644555,0.017323602294006802,3,0.25,1.0,2,"10,11",0.375,8,8
7,16,matched_betti,0.5,max_full_branch_node_speed,all_interior,coexact,coexact,random_tangent,literal_stable,literal_01,4,semantic_margin_delta,odd,0.375,1,-0.22798580362954443,0.03511813303020875,0.2268120585172528,3,0.25,1.0,3,"11,12,13",0.3636363636363636,8,8
7,16,matched_betti,0.5,max_full_branch_node_speed,all_interior,coexact,coexact,random_tangent,literal_stable,literal_02,4,semantic_margin_delta,odd,0.375,1,-0.2227145398394191,0.05019896720844208,0.32255320068126747,3,0.25,1.0,2,"10,11",0.375,8,8
7,16,matched_betti,0.5,max_full_branch_node_speed,all_interior,coexact,coexact,random_tangent,literal_stable,literal_03,4,semantic_margin_delta,odd,0.375,1,0.03999987230954315,0.0321229112509981,0.771891717240033,3,0.25,1.0,3,"9,10,11",0.3703703703703704,8,8
7,16,matched_betti,0.5,max_full_branch_node_speed,all_interior,coexact,coexact,random_tangent,literal_stable,literal_04,4,semantic_margin_delta,odd,0.375,1,-0.8711026674230188,0.04772820454278335,0.08255280008176721,3,0.25,1.0,2,"9,10",0.38000000000000006,8,8
7,16,matched_betti,0.5,max_full_branch_node_speed,all_interior,coexact,coexact,random_tangent,literal_stable,literal_05,4,semantic_margin_delta,odd,0.375,1,0.861613782977303,0.038671447204775,0.06770039622903702,3,0.25,1.0,2,"9,10",0.3653846153846154,8,8
7,16,matched_betti,0.5,max_full_branch_node_speed,all_interior,coexact,coexact,random_tangent,metaphor_shift,metaphor_01,4,semantic_margin_delta,odd,0.375,1,-0.3934991240979785,0.05528763125356135,0.20778378160743088,3,0.25,1.0,3,"12,13,14",0.38235294117647056,8,8
7,16,matched_betti,0.5,max_full_branch_node_speed,all_interior,coexact,coexact,random_tangent,metaphor_shift,metaphor_02,4,semantic_margin_delta,odd,0.375,1,0.6405171101516017,0.07599421835721032,0.17655664724158754,3,0.25,1.0,3,"10,11,12",0.37931034482758624,8,8
7,16,matched_betti,0.5,max_full_branch_node_speed,all_interior,coexact,coexact,random_tangent,metaphor_shift,metaphor_03,4,semantic_margin_delta,odd,0.375,1,0.43419811541478476,0.01935157385008736,0.06722884653168494,3,0.25,1.0,3,"10,11,12",0.3666666666666667,8,8
7,16,matched_betti,0.5,max_full_branch_node_speed,all_interior,coexact,coexact,random_tangent,metaphor_shift,metaphor_04,4,semantic_margin_delta,odd,0.375,1,0.6375465629868227,0.036228482014678355,0.08559578588205113,3,0.25,1.0,2,"10,11",0.375,8,8
7,16,matched_betti,0.5,max_full_branch_node_speed,all_interior,coexact,coexact,random_tangent,metaphor_shift,metaphor_05,4,semantic_margin_delta,odd,0.375,1,0.1827759800687335,0.015281000976624898,0.12540122460867997,3,0.25,1.0,3,"9,10,11",0.3703703703703704,8,8
7,16,matched_betti,0.5,max_full_branch_node_speed,all_interior,coexact,coexact,random_tangent,ontology_collapse,ontology_01,4,semantic_margin_delta,odd,0.375,1,0.07752329159138989,0.08917290120148921,0.8668961391237178,3,0.25,1.0,1,12,0.3870967741935483,8,8
7,16,matched_betti,0.5,max_full_branch_node_speed,all_interior,coexact,coexact,random_tangent,ontology_collapse,ontology_02,4,semantic_margin_delta,odd,0.375,1,0.3885585533723561,0.03767888014739709,0.14505566805798528,3,0.25,1.0,2,"10,11",0.375,8,8
7,16,matched_betti,0.5,max_full_branch_node_speed,all_interior,coexact,coexact,random_tangent,ontology_collapse,ontology_03,4,semantic_margin_delta,odd,0.375,1,-0.5414320915711632,0.008224945462625751,0.022960719638633456,3,0.25,1.0,3,"10,11,12",0.37931034482758624,8,8
7,16,matched_betti,0.5,max_full_branch_node_speed,all_interior,coexact,coexact,random_tangent,ontology_collapse,ontology_04,4,semantic_margin_delta,odd,0.375,1,-0.12965389516483206,0.022799657995248107,0.25693515426365476,3,0.25,1.0,3,"10,11,12",0.37931034482758624,8,8
7,16,matched_betti,0.5,max_full_branch_node_speed,all_interior,coexact,coexact,random_tangent,ontology_collapse,ontology_05,4,semantic_margin_delta,odd,0.375,1,-0.1850025114530702,0.03350147573628036,0.2640598387627052,3,0.25,1.0,2,"10,11",0.375,8,8
7,16,matched_betti,0.5,max_full_branch_node_speed,all_interior,coexact,coexact,random_tangent,identity_stress,identity_01,5,semantic_margin_delta,odd,0.4583333333333333,1,-0.3911106854206126,0.011872719374987123,0.04584633186106317,3,0.25,1.0,2,"15,16",0.45588235294117646,8,8
7,16,matched_betti,0.5,max_full_branch_node_speed,all_interior,coexact,coexact,random_tangent,identity_stress,identity_02,5,semantic_margin_delta,odd,0.4583333333333333,1,-0.09141685748078972,0.04527338857806964,0.5993513316489377,3,0.25,1.0,2,"13,15",0.4516129032258065,8,8
7,16,matched_betti,0.5,max_full_branch_node_speed,all_interior,coexact,coexact,random_tangent,identity_stress,identity_03,5,semantic_margin_delta,odd,0.4583333333333333,1,0.32908479823515585,0.015182060707736792,0.06957929927949974,3,0.25,1.0,3,"13,14,15",0.4516129032258065,8,8
7,16,matched_betti,0.5,max_full_branch_node_speed,all_interior,coexact,coexact,random_tangent,identity_stress,identity_04,5,semantic_margin_delta,odd,0.4583333333333333,1,0.49586463901677535,0.055796924149402446,0.1677114899909176,3,0.25,1.0,1,13,0.46428571428571425,8,8
7,16,matched_betti,0.5,max_full_branch_node_speed,all_interior,coexact,coexact,random_tangent,identity_stress,identity_05,5,semantic_margin_delta,odd,0.4583333333333333,1,-0.013868580234047544,0.02134246178498508,0.9187325219449041,3,0.25,1.0,2,"12,13",0.4464285714285714,8,8
7,16,matched_betti,0.5,max_full_branch_node_speed,all_interior,coexact,coexact,random_tangent,literal_stable,literal_01,5,semantic_margin_delta,odd,0.4583333333333333,1,-0.44275371545480785,0.03501474955413425,0.11871826212311122,3,0.25,1.0,3,"14,15,16",0.4545454545454546,8,8
7,16,matched_betti,0.5,max_full_branch_node_speed,all_interior,coexact,coexact,random_tangent,literal_stable,literal_02,5,semantic_margin_delta,odd,0.4583333333333333,1,-0.7687937049663293,0.07051554311239054,0.1373567408213264,3,0.25,1.0,2,"12,13",0.4464285714285714,8,8
7,16,matched_betti,0.5,max_full_branch_node_speed,all_interior,coexact,coexact,random_tangent,literal_stable,literal_03,5,semantic_margin_delta,odd,0.4583333333333333,1,-0.8725506356154091,0.045662638980875574,0.07887262058866992,3,0.25,1.0,2,"12,13",0.46296296296296297,8,8
7,16,matched_betti,0.5,max_full_branch_node_speed,all_interior,coexact,coexact,random_tangent,literal_stable,literal_04,5,semantic_margin_delta,odd,0.4583333333333333,1,0.17013981210908025,0.02829741495382631,0.243858982759235,3,0.25,1.0,2,"11,12",0.45999999999999996,8,8
7,16,matched_betti,0.5,max_full_branch_node_speed,all_interior,coexact,coexact,random_tangent,literal_stable,literal_05,5,semantic_margin_delta,odd,0.4583333333333333,1,-0.3115874953822873,0.11866920780747457,0.49898975578215105,3,0.25,1.0,2,"11,12",0.4423076923076923,8,8
7,16,matched_betti,0.5,max_full_branch_node_speed,all_interior,coexact,coexact,random_tangent,metaphor_shift,metaphor_01,5,semantic_margin_delta,odd,0.4583333333333333,1,-0.3519425482996817,0.03643949025117176,0.1546517463008503,3,0.25,1.0,2,"15,16",0.45588235294117646,8,8
7,16,matched_betti,0.5,max_full_branch_node_speed,all_interior,coexact,coexact,random_tangent,metaphor_shift,metaphor_02,5,semantic_margin_delta,odd,0.4583333333333333,1,-0.2859913158122664,0.00974870231638463,0.05146701494064031,3,0.25,1.0,2,"13,14",0.46551724137931033,8,8
7,16,matched_betti,0.5,max_full_branch_node_speed,all_interior,coexact,coexact,random_tangent,metaphor_shift,metaphor_03,5,semantic_margin_delta,odd,0.4583333333333333,1,0.4651623467005878,0.0054486071206090595,0.017706137162330837,3,0.25,1.0,2,"13,14",0.45,8,8
7,16,matched_betti,0.5,max_full_branch_node_speed,all_interior,coexact,coexact,random_tangent,metaphor_shift,metaphor_04,5,semantic_margin_delta,odd,0.4583333333333333,1,-0.5339536333026618,0.0019454250346447317,0.005508271483825972,3,0.25,1.0,2,"12,13",0.4464285714285714,8,8
7,16,matched_betti,0.5,max_full_branch_node_speed,all_interior,coexact,coexact,random_tangent,metaphor_shift,metaphor_05,5,semantic_margin_delta,odd,0.4583333333333333,1,-0.33299113140692577,0.00908064153646609,0.041193249247438946,3,0.25,1.0,2,"12,13",0.46296296296296297,8,8
7,16,matched_betti,0.5,max_full_branch_node_speed,all_interior,coexact,coexact,random_tangent,ontology_collapse,ontology_01,5,semantic_margin_delta,odd,0.4583333333333333,1,0.30091605712053854,0.044848390202608966,0.21981544582289508,3,0.25,1.0,3,"13,14,15",0.4516129032258065,8,8
7,16,matched_betti,0.5,max_full_branch_node_speed,all_interior,coexact,coexact,random_tangent,ontology_collapse,ontology_02,5,semantic_margin_delta,odd,0.4583333333333333,1,-1.0674047068014747,0.03388190163546084,0.047934711055359396,3,0.25,1.0,2,"12,13",0.4464285714285714,8,8
7,16,matched_betti,0.5,max_full_branch_node_speed,all_interior,coexact,coexact,random_tangent,ontology_collapse,ontology_03,5,semantic_margin_delta,odd,0.4583333333333333,1,0.7063097918591698,0.12982869324114757,0.26775197470280027,3,0.25,1.0,2,"13,14",0.46551724137931033,8,8
7,16,matched_betti,0.5,max_full_branch_node_speed,all_interior,coexact,coexact,random_tangent,ontology_collapse,ontology_04,5,semantic_margin_delta,odd,0.4583333333333333,1,-0.024786562499243797,0.036881044597270485,0.9137821698892767,3,0.25,1.0,2,"13,14",0.46551724137931033,8,8
7,16,matched_betti,0.5,max_full_branch_node_speed,all_interior,coexact,coexact,random_tangent,ontology_collapse,ontology_05,5,semantic_margin_delta,odd,0.4583333333333333,1,-0.6564166360905884,0.038096850907445565,0.08740877450308421,3,0.25,1.0,2,"12,13",0.4464285714285714,8,8
7,16,matched_betti,0.5,max_full_branch_node_speed,all_interior,coexact,coexact,random_tangent,identity_stress,identity_01,6,semantic_margin_delta,odd,0.5416666666666666,1,-0.6289898848145699,0.05471411365201799,0.13038964847706347,3,0.25,1.0,3,"17,18,19",0.5294117647058824,8,8
7,16,matched_betti,0.5,max_full_branch_node_speed,all_interior,coexact,coexact,random_tangent,identity_stress,identity_02,6,semantic_margin_delta,odd,0.5416666666666666,1,0.4534954605689118,0.01916908842274802,0.06377558899975057,3,0.25,1.0,2,"16,17",0.532258064516129,8,8
7,16,matched_betti,0.5,max_full_branch_node_speed,all_interior,coexact,coexact,random_tangent,identity_stress,identity_03,6,semantic_margin_delta,odd,0.5416666666666666,1,0.09441632171349167,0.001157076456240874,0.018524710128068608,3,0.25,1.0,3,"16,17,18",0.5483870967741935,8,8
7,16,matched_betti,0.5,max_full_branch_node_speed,all_interior,coexact,coexact,random_tangent,identity_stress,identity_04,6,semantic_margin_delta,odd,0.5416666666666666,1,-0.45430330816299924,0.049649405099454244,0.16301611380523587,3,0.25,1.0,3,"14,15,16",0.5357142857142857,8,8
7,16,matched_betti,0.5,max_full_branch_node_speed,all_interior,coexact,coexact,random_tangent,identity_stress,identity_05,6,semantic_margin_delta,odd,0.5416666666666666,1,-0.6658468080772332,0.09089976436501686,0.20213464990719132,3,0.25,1.0,3,"14,15,16",0.5357142857142857,8,8
7,16,matched_betti,0.5,max_full_branch_node_speed,all_interior,coexact,coexact,random_tangent,literal_stable,literal_01,6,semantic_margin_delta,odd,0.5416666666666666,1,0.27892417297196753,0.0137827268860101,0.07449916690718995,3,0.25,1.0,3,"17,18,19",0.5454545454545454,8,8
7,16,matched_betti,0.5,max_full_branch_node_speed,all_interior,coexact,coexact,random_tangent,literal_stable,literal_02,6,semantic_margin_delta,odd,0.5416666666666666,1,0.38894208291504,0.008267022595143421,0.03211818833141796,3,0.25,1.0,3,"14,15,16",0.5357142857142857,8,8
7,16,matched_betti,0.5,max_full_branch_node_speed,all_interior,coexact,coexact,random_tangent,literal_stable,literal_03,6,semantic_margin_delta,odd,0.5416666666666666,1,-0.2646074417977734,0.05626417108519682,0.306045177979588,3,0.25,1.0,2,"14,15",0.537037037037037,8,8
7,16,matched_betti,0.5,max_full_branch_node_speed,all_interior,coexact,coexact,random_tangent,literal_stable,literal_04,6,semantic_margin_delta,odd,0.5416666666666666,1,0.7819244251034396,0.06691543639323358,0.1283121073002494,3,0.25,1.0,2,"13,14",0.54,8,8
7,16,matched_betti,0.5,max_full_branch_node_speed,all_interior,coexact,coexact,random_tangent,literal_stable,literal_05,6,semantic_margin_delta,odd,0.5416666666666666,1,0.5278391825502373,0.019156068347014586,0.05478516760754303,3,0.25,1.0,3,"13,14,15",0.5384615384615384,8,8
7,16,matched_betti,0.5,max_full_branch_node_speed,all_interior,coexact,coexact,random_tangent,metaphor_shift,metaphor_01,6,semantic_margin_delta,odd,0.5416666666666666,1,0.06280687975892901,0.048363677009155996,0.7585721129894442,3,0.25,1.0,3,"17,18,19",0.5294117647058824,8,8
7,16,matched_betti,0.5,max_full_branch_node_speed,all_interior,coexact,coexact,random_tangent,metaphor_shift,metaphor_02,6,semantic_margin_delta,odd,0.5416666666666666,1,0.19682225767157585,0.055796290650731,0.393933762707101,3,0.25,1.0,1,16,0.5517241379310345,8,8
7,16,matched_betti,0.5,max_full_branch_node_speed,all_interior,coexact,coexact,random_tangent,metaphor_shift,metaphor_03,6,semantic_margin_delta,odd,0.5416666666666666,1,-0.9542549468342122,0.02506418155247815,0.039678745455884304,3,0.25,1.0,2,"16,17",0.55,8,8
7,16,matched_betti,0.5,max_full_branch_node_speed,all_interior,coexact,coexact,random_tangent,metaphor_shift,metaphor_04,6,semantic_margin_delta,odd,0.5416666666666666,1,-0.16640885608424727,0.09582101409099354,0.6566029194242442,3,0.25,1.0,3,"14,15,16",0.5357142857142857,8,8
7,16,matched_betti,0.5,max_full_branch_node_speed,all_interior,coexact,coexact,random_tangent,metaphor_shift,metaphor_05,6,semantic_margin_delta,odd,0.5416666666666666,1,0.3710650187668887,0.016444064492493523,0.06684940663268386,3,0.25,1.0,2,"14,15",0.537037037037037,8,8
7,16,matched_betti,0.5,max_full_branch_node_speed,all_interior,coexact,coexact,random_tangent,ontology_collapse,ontology_01,6,semantic_margin_delta,odd,0.5416666666666666,1,-0.4652881733341753,0.0008474781810501888,0.0027536950044142047,3,0.25,1.0,3,"16,17,18",0.5483870967741935,8,8
7,16,matched_betti,0.5,max_full_branch_node_speed,all_interior,coexact,coexact,random_tangent,ontology_collapse,ontology_02,6,semantic_margin_delta,odd,0.5416666666666666,1,-0.08056696588968602,0.006080690054862527,0.11336991022709533,3,0.25,1.0,3,"14,15,16",0.5357142857142857,8,8
7,16,matched_betti,0.5,max_full_branch_node_speed,all_interior,coexact,coexact,random_tangent,ontology_collapse,ontology_03,6,semantic_margin_delta,odd,0.5416666666666666,1,-0.08015711559330413,0.02139294667344294,0.37418404497554647,3,0.25,1.0,2,"15,16",0.5344827586206897,8,8
7,16,matched_betti,0.5,max_full_branch_node_speed,all_interior,coexact,coexact,random_tangent,ontology_collapse,ontology_04,6,semantic_margin_delta,odd,0.5416666666666666,1,-0.211828073440985,0.11930304875813989,0.6483063075809669,3,0.25,1.0,2,"15,16",0.5344827586206897,8,8
7,16,matched_betti,0.5,max_full_branch_node_speed,all_interior,coexact,coexact,random_tangent,ontology_collapse,ontology_05,6,semantic_margin_delta,odd,0.5416666666666666,1,0.7977468135683484,0.03251398458106731,0.06150255496877826,3,0.25,1.0,2,"15,16",0.5535714285714286,8,8
7,16,matched_betti,0.5,max_full_branch_node_speed,all_interior,coexact,coexact,random_tangent,identity_stress,identity_01,7,semantic_margin_delta,odd,0.625,1,-0.32691998686452145,0.025816665151581382,0.11854855319828712,3,0.25,1.0,3,"20,21,22",0.6176470588235294,8,8
7,16,matched_betti,0.5,max_full_branch_node_speed,all_interior,coexact,coexact,random_tangent,identity_stress,identity_02,7,semantic_margin_delta,odd,0.625,1,0.4432105326459559,0.0617858881828312,0.20623034297348905,3,0.25,1.0,2,"19,20",0.6290322580645161,8,8
7,16,matched_betti,0.5,max_full_branch_node_speed,all_interior,coexact,coexact,random_tangent,identity_stress,identity_03,7,semantic_margin_delta,odd,0.625,1,0.9345714123537615,0.01662052628348394,0.02687734268123823,3,0.25,1.0,1,19,0.6129032258064516,8,8
7,16,matched_betti,0.5,max_full_branch_node_speed,all_interior,coexact,coexact,random_tangent,identity_stress,identity_04,7,semantic_margin_delta,odd,0.625,1,-0.32906018062721476,0.022824299846819746,0.10429373331560889,3,0.25,1.0,2,"17,18",0.625,8,8
7,16,matched_betti,0.5,max_full_branch_node_speed,all_interior,coexact,coexact,random_tangent,identity_stress,identity_05,7,semantic_margin_delta,odd,0.625,1,0.32093915820925994,0.023006699830378407,0.10774741715648684,3,0.25,1.0,1,17,0.6071428571428571,8,8
7,16,matched_betti,0.5,max_full_branch_node_speed,all_interior,coexact,coexact,random_tangent,literal_stable,literal_01,7,semantic_margin_delta,odd,0.625,1,-0.08335500525955368,0.023034733995112737,0.3855017500910012,3,0.25,1.0,2,"20,21",0.6212121212121212,8,8
7,16,matched_betti,0.5,max_full_branch_node_speed,all_interior,coexact,coexact,random_tangent,literal_stable,literal_02,7,semantic_margin_delta,odd,0.625,1,-1.232275812930996,0.08144841908753361,0.09943244733436116,3,0.25,1.0,2,"17,18",0.625,8,8
7,16,matched_betti,0.5,max_full_branch_node_speed,all_interior,coexact,coexact,random_tangent,literal_stable,literal_03,7,semantic_margin_delta,odd,0.625,1,0.7484370543095804,0.008299171929451317,0.01676213877744058,3,0.25,1.0,2,"16,17",0.6111111111111112,8,8
7,16,matched_betti,0.5,max_full_branch_node_speed,all_interior,coexact,coexact,random_tangent,literal_stable,literal_04,7,semantic_margin_delta,odd,0.625,1,-0.1568723766813797,0.050520551204419846,0.43776046275028463,3,0.25,1.0,2,"15,16",0.62,8,8
7,16,matched_betti,0.5,max_full_branch_node_speed,all_interior,coexact,coexact,random_tangent,literal_stable,literal_05,7,semantic_margin_delta,odd,0.625,1,-0.07091753302515678,0.06717953504780887,0.8199087110530768,3,0.25,1.0,2,"16,17",0.6346153846153846,8,8
7,16,matched_betti,0.5,max_full_branch_node_speed,all_interior,coexact,coexact,random_tangent,metaphor_shift,metaphor_01,7,semantic_margin_delta,odd,0.625,1,-0.01919927460155634,0.011224528584891404,0.6622655331873574,3,0.25,1.0,2,"20,21",0.6029411764705883,8,8
7,16,matched_betti,0.5,max_full_branch_node_speed,all_interior,coexact,coexact,random_tangent,metaphor_shift,metaphor_02,7,semantic_margin_delta,odd,0.625,1,0.6036981186155957,0.09314276436301686,0.2271618866963545,3,0.25,1.0,3,"17,18,19",0.6206896551724138,8,8
7,16,matched_betti,0.5,max_full_branch_node_speed,all_interior,coexact,coexact,random_tangent,metaphor_shift,metaphor_03,7,semantic_margin_delta,odd,0.625,1,0.3485872251926842,0.05947069530299012,0.24975625369667495,3,0.25,1.0,2,"18,19",0.6166666666666667,8,8
7,16,matched_betti,0.5,max_full_branch_node_speed,all_interior,coexact,coexact,random_tangent,metaphor_shift,metaphor_04,7,semantic_margin_delta,odd,0.625,1,-0.08588102982866899,0.07055843868020581,0.7789360619517827,3,0.25,1.0,2,"17,18",0.625,8,8
7,16,matched_betti,0.5,max_full_branch_node_speed,all_interior,coexact,coexact,random_tangent,metaphor_shift,metaphor_05,7,semantic_margin_delta,odd,0.625,1,0.28252181327141773,0.011898066318769319,0.06354141217901,3,0.25,1.0,2,"16,17",0.6111111111111112,8,8
7,16,matched_betti,0.5,max_full_branch_node_speed,all_interior,coexact,coexact,random_tangent,ontology_collapse,ontology_01,7,semantic_margin_delta,odd,0.625,1,0.28211658780455195,0.09580702808379205,0.45674462536093224,3,0.25,1.0,2,"19,20",0.6290322580645161,8,8
7,16,matched_betti,0.5,max_full_branch_node_speed,all_interior,coexact,coexact,random_tangent,ontology_collapse,ontology_02,7,semantic_margin_delta,odd,0.625,1,-1.0322209259956154,0.05103710434687027,0.07454427902423125,3,0.25,1.0,2,"17,18",0.625,8,8
7,16,matched_betti,0.5,max_full_branch_node_speed,all_interior,coexact,coexact,random_tangent,ontology_collapse,ontology_03,7,semantic_margin_delta,odd,0.625,1,-0.3080814247533074,0.024781083735959074,0.12071963959532496,3,0.25,1.0,3,"17,18,19",0.6206896551724138,8,8
7,16,matched_betti,0.5,max_full_branch_node_speed,all_interior,coexact,coexact,random_tangent,ontology_collapse,ontology_04,7,semantic_margin_delta,odd,0.625,1,0.19381773309507602,0.046775190898200335,0.3427628468146441,3,0.25,1.0,3,"17,18,19",0.6206896551724138,8,8
7,16,matched_betti,0.5,max_full_branch_node_speed,all_interior,coexact,coexact,random_tangent,ontology_collapse,ontology_05,7,semantic_margin_delta,odd,0.625,1,0.12639782370688182,0.034718392035111914,0.3835163678791232,3,0.25,1.0,2,"17,18",0.625,8,8
7,16,matched_betti,0.5,max_full_branch_node_speed,all_interior,coexact,coexact,random_tangent,identity_stress,identity_01,8,semantic_margin_delta,odd,0.7083333333333334,1,0.012041883536619304,0.008852904072919865,0.7434050518232846,3,0.25,1.0,3,"23,24,25",0.7058823529411765,8,8
7,16,matched_betti,0.5,max_full_branch_node_speed,all_interior,coexact,coexact,random_tangent,identity_stress,identity_02,8,semantic_margin_delta,odd,0.7083333333333334,1,-0.29494364870890977,0.028492861520025548,0.14451891199619205,3,0.25,1.0,3,"21,22,23",0.7096774193548386,8,8
7,16,matched_betti,0.5,max_full_branch_node_speed,all_interior,coexact,coexact,random_tangent,identity_stress,identity_03,8,semantic_margin_delta,odd,0.7083333333333334,1,0.41060352398049826,0.012760550195573685,0.046933058701371086,3,0.25,1.0,2,"21,22",0.6935483870967744,8,8
7,16,matched_betti,0.5,max_full_branch_node_speed,all_interior,coexact,coexact,random_tangent,identity_stress,identity_04,8,semantic_margin_delta,odd,0.7083333333333334,1,0.18110895852081854,0.043947715398049945,0.344419517292123,3,0.25,1.0,2,"19,20",0.6964285714285715,8,8
7,16,matched_betti,0.5,max_full_branch_node_speed,all_interior,coexact,coexact,random_tangent,identity_stress,identity_05,8,semantic_margin_delta,odd,0.7083333333333334,1,-0.9582327598227923,0.004366842865814053,0.006889650859691347,3,0.25,1.0,2,"19,20",0.6964285714285715,8,8
7,16,matched_betti,0.5,max_full_branch_node_speed,all_interior,coexact,coexact,random_tangent,literal_stable,literal_01,8,semantic_margin_delta,odd,0.7083333333333334,1,-0.26870548874258204,0.005499578051973311,0.030928295781402854,3,0.25,1.0,3,"22,23,24",0.6969696969696969,8,8
7,16,matched_betti,0.5,max_full_branch_node_speed,all_interior,coexact,coexact,random_tangent,literal_stable,literal_02,8,semantic_margin_delta,odd,0.7083333333333334,1,0.22612753363013183,0.10126371891848969,0.5606302126148641,3,0.25,1.0,2,"19,20",0.6964285714285715,8,8
7,16,matched_betti,0.5,max_full_branch_node_speed,all_interior,coexact,coexact,random_tangent,literal_stable,literal_03,8,semantic_margin_delta,odd,0.7083333333333334,1,-0.4432480091390538,0.030426915302296555,0.10322758797300065,3,0.25,1.0,3,"18,19,20",0.7037037037037037,8,8
7,16,matched_betti,0.5,max_full_branch_node_speed,all_interior,coexact,coexact,random_tangent,literal_stable,literal_04,8,semantic_margin_delta,odd,0.7083333333333334,1,0.228923019944244,0.06827548903043387,0.4110516410868645,3,0.25,1.0,2,"17,18",0.6999999999999998,8,8
7,16,matched_betti,0.5,max_full_branch_node_speed,all_interior,coexact,coexact,random_tangent,literal_stable,literal_05,8,semantic_margin_delta,odd,0.7083333333333334,1,0.16809660953540453,0.04571911867904336,0.38030077451260347,3,0.25,1.0,2,"18,19",0.7115384615384613,8,8
7,16,matched_betti,0.5,max_full_branch_node_speed,all_interior,coexact,coexact,random_tangent,metaphor_shift,metaphor_01,8,semantic_margin_delta,odd,0.7083333333333334,1,0.6688350560106509,0.0039231706529078945,0.008867721941501797,3,0.25,1.0,3,"23,24,25",0.7058823529411765,8,8
7,16,matched_betti,0.5,max_full_branch_node_speed,all_interior,coexact,coexact,random_tangent,metaphor_shift,metaphor_02,8,semantic_margin_delta,odd,0.7083333333333334,1,-0.5070324182480873,0.004129310510802641,0.012311752251878808,3,0.25,1.0,2,"20,21",0.7068965517241379,8,8
7,16,matched_betti,0.5,max_full_branch_node_speed,all_interior,coexact,coexact,random_tangent,metaphor_shift,metaphor_03,8,semantic_margin_delta,odd,0.7083333333333334,1,0.08697659925382287,0.0009761897302659882,0.01696603149369221,3,0.25,1.0,3,"20,21,22",0.6999999999999998,8,8
7,16,matched_betti,0.5,max_full_branch_node_speed,all_interior,coexact,coexact,random_tangent,metaphor_shift,metaphor_04,8,semantic_margin_delta,odd,0.7083333333333334,1,-0.07016963202919246,0.05425189880142511,0.7598706809599414,3,0.25,1.0,2,"19,20",0.6964285714285715,8,8
7,16,matched_betti,0.5,max_full_branch_node_speed,all_interior,coexact,coexact,random_tangent,metaphor_shift,metaphor_05,8,semantic_margin_delta,odd,0.7083333333333334,1,-0.3592182949565138,0.013629841117908444,0.05727036182636417,3,0.25,1.0,3,"18,19,20",0.7037037037037037,8,8
7,16,matched_betti,0.5,max_full_branch_node_speed,all_interior,coexact,coexact,random_tangent,ontology_collapse,ontology_01,8,semantic_margin_delta,odd,0.7083333333333334,1,-0.9881389273283733,0.22317657088253628,0.32314211022035555,3,0.25,1.0,2,"21,23",0.7096774193548386,8,8
7,16,matched_betti,0.5,max_full_branch_node_speed,all_interior,coexact,coexact,random_tangent,ontology_collapse,ontology_02,8,semantic_margin_delta,odd,0.7083333333333334,1,0.43902598132428766,0.004210975557621925,0.01449965976853204,3,0.25,1.0,2,"19,20",0.6964285714285715,8,8
7,16,matched_betti,0.5,max_full_branch_node_speed,all_interior,coexact,coexact,random_tangent,ontology_collapse,ontology_03,8,semantic_margin_delta,odd,0.7083333333333334,1,0.19726185332824664,0.002754529436140607,0.021106611761290597,3,0.25,1.0,2,"20,21",0.7068965517241379,8,8
7,16,matched_betti,0.5,max_full_branch_node_speed,all_interior,coexact,coexact,random_tangent,ontology_collapse,ontology_04,8,semantic_margin_delta,odd,0.7083333333333334,1,-0.3594984404264465,0.02284119647871819,0.0956177140132819,3,0.25,1.0,2,"20,21",0.7068965517241379,8,8
7,16,matched_betti,0.5,max_full_branch_node_speed,all_interior,coexact,coexact,random_tangent,ontology_collapse,ontology_05,8,semantic_margin_delta,odd,0.7083333333333334,1,-0.04475602882095331,0.039373309997607735,0.7992847238335102,3,0.25,1.0,2,"19,20",0.6964285714285715,8,8
7,16,matched_betti,0.5,max_full_branch_node_speed,all_interior,coexact,coexact,random_tangent,identity_stress,identity_01,9,semantic_margin_delta,odd,0.7916666666666666,1,-0.10192352919389469,0.01997699088528863,0.28411260494003676,3,0.25,1.0,3,"26,27,28",0.7941176470588235,8,8
7,16,matched_betti,0.5,max_full_branch_node_speed,all_interior,coexact,coexact,random_tangent,identity_stress,identity_02,9,semantic_margin_delta,odd,0.7916666666666666,1,-0.0417559142253345,0.017008339654268376,0.5243672633666341,3,0.25,1.0,2,"24,25",0.7903225806451614,8,8
7,16,matched_betti,0.5,max_full_branch_node_speed,all_interior,coexact,coexact,random_tangent,identity_stress,identity_03,9,semantic_margin_delta,odd,0.7916666666666666,1,0.29110217316741377,0.021344695481499892,0.110180125306757,3,0.25,1.0,2,"24,25",0.7903225806451614,8,8
7,16,matched_betti,0.5,max_full_branch_node_speed,all_interior,coexact,coexact,random_tangent,identity_stress,identity_04,9,semantic_margin_delta,odd,0.7916666666666666,1,0.0308562964538523,0.01762187433455489,0.6535236219166207,3,0.25,1.0,3,"21,22,23",0.7857142857142857,8,8
7,16,matched_betti,0.5,max_full_branch_node_speed,all_interior,coexact,coexact,random_tangent,identity_stress,identity_05,9,semantic_margin_delta,odd,0.7916666666666666,1,0.7967626030624767,0.006622476240034472,0.01256516372061888,3,0.25,1.0,3,"21,22,23",0.7857142857142857,8,8
7,16,matched_betti,0.5,max_full_branch_node_speed,all_interior,coexact,coexact,random_tangent,literal_stable,literal_01,9,semantic_margin_delta,odd,0.7916666666666666,1,0.029175706659875598,0.052331798919891745,0.9382396707522813,3,0.25,1.0,2,"25,26",0.7727272727272728,8,8
7,16,matched_betti,0.5,max_full_branch_node_speed,all_interior,coexact,coexact,random_tangent,literal_stable,literal_02,9,semantic_margin_delta,odd,0.7916666666666666,1,0.14533770901528179,0.038386905095357145,0.3708423006260748,3,0.25,1.0,1,21,0.75,8,8
7,16,matched_betti,0.5,max_full_branch_node_speed,all_interior,coexact,coexact,random_tangent,literal_stable,literal_03,9,semantic_margin_delta,odd,0.7916666666666666,1,-0.2680809778700987,0.08408145812261757,0.42845378231248055,3,0.25,1.0,2,"21,22",0.7962962962962963,8,8
7,16,matched_betti,0.5,max_full_branch_node_speed,all_interior,coexact,coexact,random_tangent,literal_stable,literal_04,9,semantic_margin_delta,odd,0.7916666666666666,1,0.588177992237859,0.043414395540275444,0.110904338663579,3,0.25,1.0,2,"19,20",0.7799999999999999,8,8
7,16,matched_betti,0.5,max_full_branch_node_speed,all_interior,coexact,coexact,random_tangent,literal_stable,literal_05,9,semantic_margin_delta,odd,0.7916666666666666,1,-0.45374744680604284,0.03925222232508759,0.12968153456157017,3,0.25,1.0,2,"20,21",0.7884615384615387,8,8
7,16,matched_betti,0.5,max_full_branch_node_speed,all_interior,coexact,coexact,random_tangent,metaphor_shift,metaphor_01,9,semantic_margin_delta,odd,0.7916666666666666,1,-0.7710383184585019,0.010173108353984823,0.01994354205573978,3,0.25,1.0,3,"26,27,28",0.7941176470588235,8,8
7,16,matched_betti,0.5,max_full_branch_node_speed,all_interior,coexact,coexact,random_tangent,metaphor_shift,metaphor_02,9,semantic_margin_delta,odd,0.7916666666666666,1,0.3010490455399867,0.026003598270733248,0.12948971010955443,3,0.25,1.0,3,"22,23,24",0.7931034482758621,8,8
7,16,matched_betti,0.5,max_full_branch_node_speed,all_interior,coexact,coexact,random_tangent,metaphor_shift,metaphor_03,9,semantic_margin_delta,odd,0.7916666666666666,1,-0.3319928286477595,0.03098641235513553,0.13972441165086383,3,0.25,1.0,2,"23,24",0.7833333333333335,8,8
7,16,matched_betti,0.5,max_full_branch_node_speed,all_interior,coexact,coexact,random_tangent,metaphor_shift,metaphor_04,9,semantic_margin_delta,odd,0.7916666666666666,1,-0.5389306551161671,0.0429745008599115,0.11968939567621988,3,0.25,1.0,3,"21,22,23",0.7857142857142857,8,8
7,16,matched_betti,0.5,max_full_branch_node_speed,all_interior,coexact,coexact,random_tangent,metaphor_shift,metaphor_05,9,semantic_margin_delta,odd,0.7916666666666666,1,0.07162206230645558,0.053050578024799,0.7458890868857972,3,0.25,1.0,2,"21,22",0.7962962962962963,8,8
7,16,matched_betti,0.5,max_full_branch_node_speed,all_interior,coexact,coexact,random_tangent,ontology_collapse,ontology_01,9,semantic_margin_delta,odd,0.7916666666666666,1,0.11915459084345456,0.013209253546869394,0.1652961847331943,3,0.25,1.0,2,"24,25",0.7903225806451614,8,8
7,16,matched_betti,0.5,max_full_branch_node_speed,all_interior,coexact,coexact,random_tangent,ontology_collapse,ontology_02,9,semantic_margin_delta,odd,0.7916666666666666,1,-0.5202242713228581,0.05037423018141084,0.1448518703204175,3,0.25,1.0,3,"21,22,23",0.7857142857142857,8,8
7,16,matched_betti,0.5,max_full_branch_node_speed,all_interior,coexact,coexact,random_tangent,ontology_collapse,ontology_03,9,semantic_margin_delta,odd,0.7916666666666666,1,0.2808693363721657,0.11202703059114674,0.5163941300831121,3,0.25,1.0,2,"22,23",0.7758620689655172,8,8
7,16,matched_betti,0.5,max_full_branch_node_speed,all_interior,coexact,coexact,random_tangent,ontology_collapse,ontology_04,9,semantic_margin_delta,odd,0.7916666666666666,1,0.07701036816490345,0.02013917719983533,0.3676757499723735,3,0.25,1.0,3,"22,23,24",0.7931034482758621,8,8
7,16,matched_betti,0.5,max_full_branch_node_speed,all_interior,coexact,coexact,random_tangent,ontology_collapse,ontology_05,9,semantic_margin_delta,odd,0.7916666666666666,1,0.628278638946474,0.012085096393828307,0.029068674678508297,3,0.25,1.0,3,"21,22,23",0.7857142857142857,8,8
7,16,matched_betti,0.5,max_full_branch_node_speed,all_interior,coexact,coexact,random_tangent,identity_stress,identity_01,10,semantic_margin_delta,odd,0.875,1,0.1481187681756386,0.015856300492270357,0.15976732537961233,3,0.25,1.0,3,"29,30,31",0.8823529411764706,8,8
7,16,matched_betti,0.5,max_full_branch_node_speed,all_interior,coexact,coexact,random_tangent,identity_stress,identity_02,10,semantic_margin_delta,odd,0.875,1,-0.6066413415756484,0.016758996849352753,0.04173001287448573,3,0.25,1.0,1,26,0.8387096774193549,8,8
7,16,matched_betti,0.5,max_full_branch_node_speed,all_interior,coexact,coexact,random_tangent,identity_stress,identity_03,10,semantic_margin_delta,odd,0.875,1,-0.2094562527710365,0.028917209393661866,0.20432149307048336,3,0.25,1.0,3,"26,27,28",0.8709677419354839,8,8
7,16,matched_betti,0.5,max_full_branch_node_speed,all_interior,coexact,coexact,random_tangent,identity_stress,identity_04,10,semantic_margin_delta,odd,0.875,1,0.4140679765407442,0.008255403225528068,0.030128701560215302,3,0.25,1.0,1,24,0.8571428571428571,8,8
7,16,matched_betti,0.5,max_full_branch_node_speed,all_interior,coexact,coexact,random_tangent,identity_stress,identity_05,10,semantic_margin_delta,odd,0.875,1,0.08335926381799906,0.040201022332760995,0.5891432758079171,3,0.25,1.0,2,"24,25",0.875,8,8
7,16,matched_betti,0.5,max_full_branch_node_speed,all_interior,coexact,coexact,random_tangent,literal_stable,literal_01,10,semantic_margin_delta,odd,0.875,1,6.453493993853146e-05,0.06561253247250567,0.9999997883763782,3,0.25,1.0,2,"29,30",0.8939393939393939,8,8
7,16,matched_betti,0.5,max_full_branch_node_speed,all_interior,coexact,coexact,random_tangent,literal_stable,literal_03,10,semantic_margin_delta,odd,0.875,1,0.5604815463904069,0.008413872879709159,0.022689962372629248,3,0.25,1.0,2,"23,24",0.8703703703703703,8,8
7,16,matched_betti,0.5,max_full_branch_node_speed,all_interior,coexact,coexact,random_tangent,literal_stable,literal_04,10,semantic_margin_delta,odd,0.875,1,-0.6616684217805516,0.1238277823905504,0.2722489010687216,3,0.25,1.0,2,"21,22",0.86,8,8
7,16,matched_betti,0.5,max_full_branch_node_speed,all_interior,coexact,coexact,random_tangent,literal_stable,literal_05,10,semantic_margin_delta,odd,0.875,1,0.3380990108057968,0.0872547539040698,0.3634844038411315,3,0.25,1.0,2,"22,23",0.8653846153846154,8,8
7,16,matched_betti,0.5,max_full_branch_node_speed,all_interior,coexact,coexact,random_tangent,metaphor_shift,metaphor_01,10,semantic_margin_delta,odd,0.875,1,0.20876398485004144,0.019245619037085708,0.138041448970343,3,0.25,1.0,3,"29,30,31",0.8823529411764706,8,8
7,16,matched_betti,0.5,max_full_branch_node_speed,all_interior,coexact,coexact,random_tangent,metaphor_shift,metaphor_02,10,semantic_margin_delta,odd,0.875,1,0.03048924346115898,0.04582467019088055,0.9152864318397728,3,0.25,1.0,1,26,0.896551724137931,8,8
7,16,matched_betti,0.5,max_full_branch_node_speed,all_interior,coexact,coexact,random_tangent,metaphor_shift,metaphor_03,10,semantic_margin_delta,odd,0.875,1,-0.3119469628051245,0.02217293505272312,0.10684646217361138,3,0.25,1.0,2,"25,27",0.8666666666666667,8,8
7,16,matched_betti,0.5,max_full_branch_node_speed,all_interior,coexact,coexact,random_tangent,metaphor_shift,metaphor_04,10,semantic_margin_delta,odd,0.875,1,-0.9152720591449273,0.020515742566579967,0.03386871948395756,3,0.25,1.0,2,"24,25",0.875,8,8
7,16,matched_betti,0.5,max_full_branch_node_speed,all_interior,coexact,coexact,random_tangent,metaphor_shift,metaphor_05,10,semantic_margin_delta,odd,0.875,1,0.08439524057736197,0.031208786841787666,0.4879884661114965,3,0.25,1.0,1,23,0.8518518518518517,8,8
7,16,matched_betti,0.5,max_full_branch_node_speed,all_interior,coexact,coexact,random_tangent,ontology_collapse,ontology_01,10,semantic_margin_delta,odd,0.875,1,0.02900049587482963,0.0026140374231951335,0.13502733619910418,3,0.25,1.0,3,"26,27,28",0.8709677419354839,8,8
7,16,matched_betti,0.5,max_full_branch_node_speed,all_interior,coexact,coexact,random_tangent,ontology_collapse,ontology_02,10,semantic_margin_delta,odd,0.875,1,-0.09743129734397561,0.02884432412049689,0.408528675900915,3,0.25,1.0,2,"24,25",0.875,8,8
7,16,matched_betti,0.5,max_full_branch_node_speed,all_interior,coexact,coexact,random_tangent,ontology_collapse,ontology_03,10,semantic_margin_delta,odd,0.875,1,0.053906012095489085,0.0067715302681993885,0.18658059604705346,3,0.25,1.0,2,"25,26",0.8793103448275862,8,8
7,16,matched_betti,0.5,max_full_branch_node_speed,all_interior,coexact,coexact,random_tangent,ontology_collapse,ontology_04,10,semantic_margin_delta,odd,0.875,1,0.4453877746529087,0.015513438790554425,0.05258712447539307,3,0.25,1.0,2,"25,26",0.8793103448275862,8,8
7,16,matched_betti,0.5,max_full_branch_node_speed,all_interior,coexact,coexact,random_tangent,ontology_collapse,ontology_05,10,semantic_margin_delta,odd,0.875,1,0.02020194063844069,0.02782471222774339,0.9014413214205901,3,0.25,1.0,2,"24,25",0.875,8,8
7,16,matched_betti,0.5,max_full_branch_node_speed,all_interior,coexact,coexact,random_tangent,identity_stress,identity_01,11,semantic_margin_delta,odd,0.9583333333333334,1,0.12638127280049538,0.006858441949379623,0.08177054634714544,3,0.25,1.0,2,"32,33",0.9558823529411763,8,8
7,16,matched_betti,0.5,max_full_branch_node_speed,all_interior,coexact,coexact,random_tangent,identity_stress,identity_02,11,semantic_margin_delta,odd,0.9583333333333334,1,-0.5231813939267042,0.011083331549064058,0.03201152563320047,3,0.25,1.0,2,"29,30",0.9516129032258065,8,8
7,16,matched_betti,0.5,max_full_branch_node_speed,all_interior,coexact,coexact,random_tangent,identity_stress,identity_03,11,semantic_margin_delta,odd,0.9583333333333334,1,-0.8792805276804876,0.019143368219014526,0.03289779051401513,3,0.25,1.0,1,29,0.9354838709677419,8,8
7,16,matched_betti,0.5,max_full_branch_node_speed,all_interior,coexact,coexact,random_tangent,identity_stress,identity_04,11,semantic_margin_delta,odd,0.9583333333333334,1,-0.0478290060904234,0.010866609358028492,0.32485956104911784,3,0.25,1.0,1,26,0.9285714285714285,8,8
7,16,matched_betti,0.5,max_full_branch_node_speed,all_interior,coexact,coexact,random_tangent,identity_stress,identity_05,11,semantic_margin_delta,odd,0.9583333333333334,1,-0.0007369163751032291,0.026442233206576512,0.9998301453063971,3,0.25,1.0,2,"26,27",0.9464285714285715,8,8
7,16,matched_betti,0.5,max_full_branch_node_speed,all_interior,coexact,coexact,random_tangent,literal_stable,literal_02,11,semantic_margin_delta,odd,0.9583333333333334,1,0.3301753490707724,0.03954430445951005,0.1781742353669535,3,0.25,1.0,2,"26,27",0.9464285714285715,8,8
7,16,matched_betti,0.5,max_full_branch_node_speed,all_interior,coexact,coexact,random_tangent,literal_stable,literal_03,11,semantic_margin_delta,odd,0.9583333333333334,1,-0.16941783839746402,0.02257976810837303,0.19752818720111792,3,0.25,1.0,1,25,0.9259259259259259,8,8
7,16,matched_betti,0.5,max_full_branch_node_speed,all_interior,coexact,coexact,random_tangent,literal_stable,literal_04,11,semantic_margin_delta,odd,0.9583333333333334,1,0.556329830871986,0.09594898244004298,0.2523106765004261,3,0.25,1.0,2,"23,24",0.94,8,8
7,16,matched_betti,0.5,max_full_branch_node_speed,all_interior,coexact,coexact,random_tangent,literal_stable,literal_05,11,semantic_margin_delta,odd,0.9583333333333334,1,-0.09063568059775463,0.018372464906024667,0.293012672052437,3,0.25,1.0,1,25,0.9615384615384616,8,8
7,16,matched_betti,0.5,max_full_branch_node_speed,all_interior,coexact,coexact,random_tangent,metaphor_shift,metaphor_01,11,semantic_margin_delta,odd,0.9583333333333334,1,-0.032799950747176794,0.0828726350105603,0.9673997111371831,3,0.25,1.0,1,32,0.9411764705882352,8,8
7,16,matched_betti,0.5,max_full_branch_node_speed,all_interior,coexact,coexact,random_tangent,metaphor_shift,metaphor_02,11,semantic_margin_delta,odd,0.9583333333333334,1,-0.006749034855371129,0.052427496068160606,0.996394549993494,3,0.25,1.0,2,"27,28",0.9482758620689656,8,8
7,16,matched_betti,0.5,max_full_branch_node_speed,all_interior,coexact,coexact,random_tangent,metaphor_shift,metaphor_03,11,semantic_margin_delta,odd,0.9583333333333334,1,0.20173054728354828,0.008650981996712541,0.0646984462129453,3,0.25,1.0,2,"28,29",0.9499999999999998,8,8
7,16,matched_betti,0.5,max_full_branch_node_speed,all_interior,coexact,coexact,random_tangent,metaphor_shift,metaphor_04,11,semantic_margin_delta,odd,0.9583333333333334,1,-0.9461063135327433,0.013598261063118238,0.02172460539357024,3,0.25,1.0,1,26,0.9285714285714285,8,8
7,16,matched_betti,0.5,max_full_branch_node_speed,all_interior,coexact,coexact,random_tangent,metaphor_shift,metaphor_05,11,semantic_margin_delta,odd,0.9583333333333334,1,-0.43248587100611635,0.06559690476706022,0.22350859741504012,3,0.25,1.0,2,"25,26",0.9444444444444443,8,8
7,16,matched_betti,0.5,max_full_branch_node_speed,all_interior,coexact,coexact,random_tangent,ontology_collapse,ontology_01,11,semantic_margin_delta,odd,0.9583333333333334,1,0.04209060064214075,0.03695031913040243,0.7986744368371125,3,0.25,1.0,1,29,0.9354838709677419,8,8
7,16,matched_betti,0.5,max_full_branch_node_speed,all_interior,coexact,coexact,random_tangent,ontology_collapse,ontology_02,11,semantic_margin_delta,odd,0.9583333333333334,1,-0.18249069087526928,0.033546548784134274,0.2677701025047108,3,0.25,1.0,2,"26,27",0.9464285714285715,8,8
7,16,matched_betti,0.5,max_full_branch_node_speed,all_interior,coexact,coexact,random_tangent,ontology_collapse,ontology_03,11,semantic_margin_delta,odd,0.9583333333333334,1,-0.12074236986259371,0.011505937956811414,0.1425976284709755,3,0.25,1.0,2,"27,28",0.9482758620689656,8,8
7,16,matched_betti,0.5,max_full_branch_node_speed,all_interior,coexact,coexact,random_tangent,ontology_collapse,ontology_04,11,semantic_margin_delta,odd,0.9583333333333334,1,-0.48644589913890274,0.01298034112143038,0.040309685284159465,3,0.25,1.0,2,"27,28",0.9482758620689656,8,8
7,16,matched_betti,0.5,max_full_branch_node_speed,all_interior,coexact,coexact,random_tangent,ontology_collapse,ontology_05,11,semantic_margin_delta,odd,0.9583333333333334,1,-0.9823961944675114,0.06727265783239716,0.10297879895374507,3,0.25,1.0,1,26,0.9285714285714285,8,8
