layer,k,complex_mode,betti_1_fraction_target,random_tangent_reference,token_selector,selector_component,component,baseline_component,family,prompt_id,position_bin,metric,contrast_type,position_bin_center,response_power,response_coefficient,response_rmse,relative_response_rmse,n_alpha_magnitudes,min_alpha_abs,max_alpha_abs,n_tokens,token_set,mean_position_frac,min_null_seeds,max_null_seeds
7,16,matched_betti,0.5,max_full_branch_node_speed,all_interior,coexact,coexact,random_tangent,identity_stress,fresh_identity_01,0,next_token_logprob_delta,even,0.041666666666666664,2,0.1136343188972949,0.02983233001970109,0.40299059782819846,3,0.25,1.0,2,"1,2",0.046875,8,8
7,16,matched_betti,0.5,max_full_branch_node_speed,all_interior,coexact,coexact,random_tangent,identity_stress,fresh_identity_02,0,next_token_logprob_delta,even,0.041666666666666664,2,0.02195866348758502,0.009106163115854455,0.5710083639521816,3,0.25,1.0,2,"1,2",0.04838709677419354,8,8
7,16,matched_betti,0.5,max_full_branch_node_speed,all_interior,coexact,coexact,random_tangent,identity_stress,fresh_identity_03,0,next_token_logprob_delta,even,0.041666666666666664,2,-0.1525305067133672,0.0213604172486714,0.22866044547314174,3,0.25,1.0,2,"1,2",0.046875,8,8
7,16,matched_betti,0.5,max_full_branch_node_speed,all_interior,coexact,coexact,random_tangent,identity_stress,fresh_identity_04,0,next_token_logprob_delta,even,0.041666666666666664,2,0.09291472900584005,0.0005858371393482242,0.010574682549361215,3,0.25,1.0,2,"1,2",0.04838709677419354,8,8
7,16,matched_betti,0.5,max_full_branch_node_speed,all_interior,coexact,coexact,random_tangent,identity_stress,fresh_identity_05,0,next_token_logprob_delta,even,0.041666666666666664,2,0.2579462387236343,0.020060003845213878,0.1293414330958801,3,0.25,1.0,2,"1,2",0.05000000000000001,8,8
7,16,matched_betti,0.5,max_full_branch_node_speed,all_interior,coexact,coexact,random_tangent,literal_stable,fresh_literal_01,0,next_token_logprob_delta,even,0.041666666666666664,2,0.2653943228438565,0.0020156085605430884,0.012737336415838652,3,0.25,1.0,2,"1,2",0.04838709677419354,8,8
7,16,matched_betti,0.5,max_full_branch_node_speed,all_interior,coexact,coexact,random_tangent,literal_stable,fresh_literal_02,0,next_token_logprob_delta,even,0.041666666666666664,2,-0.06242359960421611,0.004626877848535658,0.12336958679516763,3,0.25,1.0,2,"1,2",0.05000000000000001,8,8
7,16,matched_betti,0.5,max_full_branch_node_speed,all_interior,coexact,coexact,random_tangent,literal_stable,fresh_literal_03,0,next_token_logprob_delta,even,0.041666666666666664,2,-0.27152928540025206,0.031681737011669785,0.19205713891351928,3,0.25,1.0,2,"1,2",0.04838709677419354,8,8
7,16,matched_betti,0.5,max_full_branch_node_speed,all_interior,coexact,coexact,random_tangent,literal_stable,fresh_literal_04,0,next_token_logprob_delta,even,0.041666666666666664,2,-0.24868650609069132,0.009444243656537997,0.0635674832453729,3,0.25,1.0,2,"1,2",0.04545454545454545,8,8
7,16,matched_betti,0.5,max_full_branch_node_speed,all_interior,coexact,coexact,random_tangent,literal_stable,fresh_literal_05,0,next_token_logprob_delta,even,0.041666666666666664,2,-0.09103644932227435,0.020060715277579036,0.34667774119805245,3,0.25,1.0,2,"1,2",0.04545454545454545,8,8
7,16,matched_betti,0.5,max_full_branch_node_speed,all_interior,coexact,coexact,random_tangent,metaphor_shift,fresh_metaphor_01,0,next_token_logprob_delta,even,0.041666666666666664,2,-0.3388094416693756,0.065665514324537,0.3091490133484809,3,0.25,1.0,2,"1,2",0.05000000000000001,8,8
7,16,matched_betti,0.5,max_full_branch_node_speed,all_interior,coexact,coexact,random_tangent,metaphor_shift,fresh_metaphor_02,0,next_token_logprob_delta,even,0.041666666666666664,2,0.016111285073131674,0.008098836687870009,0.6445915844684228,3,0.25,1.0,2,"1,2",0.046875,8,8
7,16,matched_betti,0.5,max_full_branch_node_speed,all_interior,coexact,coexact,random_tangent,metaphor_shift,fresh_metaphor_03,0,next_token_logprob_delta,even,0.041666666666666664,2,-0.15904295836432825,0.02510405198832312,0.2559283944526201,3,0.25,1.0,2,"1,2",0.046875,8,8
7,16,matched_betti,0.5,max_full_branch_node_speed,all_interior,coexact,coexact,random_tangent,metaphor_shift,fresh_metaphor_04,0,next_token_logprob_delta,even,0.041666666666666664,2,0.16724521213700458,0.008556229940887929,0.08549388205996572,3,0.25,1.0,2,"1,2",0.04838709677419354,8,8
7,16,matched_betti,0.5,max_full_branch_node_speed,all_interior,coexact,coexact,random_tangent,metaphor_shift,fresh_metaphor_05,0,next_token_logprob_delta,even,0.041666666666666664,2,-0.09388811741306194,0.007847791129179028,0.13883835934898406,3,0.25,1.0,2,"1,2",0.05000000000000001,8,8
7,16,matched_betti,0.5,max_full_branch_node_speed,all_interior,coexact,coexact,random_tangent,ontology_collapse,fresh_ontology_01,0,next_token_logprob_delta,even,0.041666666666666664,2,-0.09100573687727433,0.0030146347734228466,0.05547482346592172,3,0.25,1.0,2,"1,2",0.05000000000000001,8,8
7,16,matched_betti,0.5,max_full_branch_node_speed,all_interior,coexact,coexact,random_tangent,ontology_collapse,fresh_ontology_02,0,next_token_logprob_delta,even,0.041666666666666664,2,0.16141148016448179,0.005940302097450051,0.06160948775781118,3,0.25,1.0,2,"1,2",0.05000000000000001,8,8
7,16,matched_betti,0.5,max_full_branch_node_speed,all_interior,coexact,coexact,random_tangent,ontology_collapse,fresh_ontology_03,0,next_token_logprob_delta,even,0.041666666666666664,2,-0.24908287963278333,0.0207352455315605,0.13828401609426683,3,0.25,1.0,2,"1,2",0.046875,8,8
7,16,matched_betti,0.5,max_full_branch_node_speed,all_interior,coexact,coexact,random_tangent,ontology_collapse,fresh_ontology_04,0,next_token_logprob_delta,even,0.041666666666666664,2,0.20563468797946485,0.0323692779852872,0.2552722766205968,3,0.25,1.0,2,"1,2",0.046875,8,8
7,16,matched_betti,0.5,max_full_branch_node_speed,all_interior,coexact,coexact,random_tangent,ontology_collapse,fresh_ontology_05,0,next_token_logprob_delta,even,0.041666666666666664,2,0.11835289607326613,0.0015376778171969818,0.02178625861948212,3,0.25,1.0,2,"1,2",0.04545454545454545,8,8
7,16,matched_betti,0.5,max_full_branch_node_speed,all_interior,coexact,coexact,random_tangent,identity_stress,fresh_identity_01,1,next_token_logprob_delta,even,0.125,2,-0.3185583632686096,0.015486510413528274,0.08126899805022887,3,0.25,1.0,3,"3,4,5",0.125,8,8
7,16,matched_betti,0.5,max_full_branch_node_speed,all_interior,coexact,coexact,random_tangent,identity_stress,fresh_identity_02,1,next_token_logprob_delta,even,0.125,2,-0.01503603073058327,0.00269737405303477,0.28812937407856953,3,0.25,1.0,3,"3,4,5",0.12903225806451613,8,8
7,16,matched_betti,0.5,max_full_branch_node_speed,all_interior,coexact,coexact,random_tangent,identity_stress,fresh_identity_03,1,next_token_logprob_delta,even,0.125,2,-0.15407323224153457,0.0039919731136918105,0.04341601938158419,3,0.25,1.0,3,"3,4,5",0.125,8,8
7,16,matched_betti,0.5,max_full_branch_node_speed,all_interior,coexact,coexact,random_tangent,identity_stress,fresh_identity_04,1,next_token_logprob_delta,even,0.125,2,-0.23118026946429382,0.0038590768859189154,0.027987351088498865,3,0.25,1.0,3,"3,4,5",0.12903225806451613,8,8
7,16,matched_betti,0.5,max_full_branch_node_speed,all_interior,coexact,coexact,random_tangent,identity_stress,fresh_identity_05,1,next_token_logprob_delta,even,0.125,2,-0.6053513334123413,0.03685481937262307,0.10158592348066922,3,0.25,1.0,2,"3,4",0.11666666666666665,8,8
7,16,matched_betti,0.5,max_full_branch_node_speed,all_interior,coexact,coexact,random_tangent,literal_stable,fresh_literal_01,1,next_token_logprob_delta,even,0.125,2,0.08322497681528046,0.00383622905232187,0.07708254717775821,3,0.25,1.0,3,"3,4,5",0.12903225806451613,8,8
7,16,matched_betti,0.5,max_full_branch_node_speed,all_interior,coexact,coexact,random_tangent,literal_stable,fresh_literal_02,1,next_token_logprob_delta,even,0.125,2,-0.019463517802320834,0.0015261077158974124,0.13038860365628951,3,0.25,1.0,2,"3,4",0.11666666666666665,8,8
7,16,matched_betti,0.5,max_full_branch_node_speed,all_interior,coexact,coexact,random_tangent,literal_stable,fresh_literal_03,1,next_token_logprob_delta,even,0.125,2,-0.0319777865822051,0.007798671132249014,0.37859674792522163,3,0.25,1.0,3,"3,4,5",0.12903225806451613,8,8
7,16,matched_betti,0.5,max_full_branch_node_speed,all_interior,coexact,coexact,random_tangent,literal_stable,fresh_literal_04,1,next_token_logprob_delta,even,0.125,2,-0.26641356145848205,0.004938577362141705,0.031076707896675354,3,0.25,1.0,3,"3,4,5",0.12121212121212122,8,8
7,16,matched_betti,0.5,max_full_branch_node_speed,all_interior,coexact,coexact,random_tangent,literal_stable,fresh_literal_05,1,next_token_logprob_delta,even,0.125,2,0.12580938649432122,0.013844227872794438,0.18150184153414495,3,0.25,1.0,3,"3,4,5",0.12121212121212122,8,8
7,16,matched_betti,0.5,max_full_branch_node_speed,all_interior,coexact,coexact,random_tangent,metaphor_shift,fresh_metaphor_01,1,next_token_logprob_delta,even,0.125,2,-0.09912495636857208,0.018342968880454575,0.29642498529414174,3,0.25,1.0,2,"3,4",0.11666666666666665,8,8
7,16,matched_betti,0.5,max_full_branch_node_speed,all_interior,coexact,coexact,random_tangent,metaphor_shift,fresh_metaphor_02,1,next_token_logprob_delta,even,0.125,2,0.19489602934172037,0.022370360909506077,0.1890456775216665,3,0.25,1.0,3,"3,4,5",0.125,8,8
7,16,matched_betti,0.5,max_full_branch_node_speed,all_interior,coexact,coexact,random_tangent,metaphor_shift,fresh_metaphor_03,1,next_token_logprob_delta,even,0.125,2,0.027046223564978756,0.002254658479690656,0.13847429249017362,3,0.25,1.0,3,"3,4,5",0.125,8,8
7,16,matched_betti,0.5,max_full_branch_node_speed,all_interior,coexact,coexact,random_tangent,metaphor_shift,fresh_metaphor_04,1,next_token_logprob_delta,even,0.125,2,-0.22856524081655444,0.0016331893886650847,0.011983797545546258,3,0.25,1.0,1,3,0.09677419354838708,8,8
7,16,matched_betti,0.5,max_full_branch_node_speed,all_interior,coexact,coexact,random_tangent,metaphor_shift,fresh_metaphor_05,1,next_token_logprob_delta,even,0.125,2,-0.15518161058390936,0.08449822093943375,0.6743668474797164,3,0.25,1.0,2,"3,4",0.11666666666666665,8,8
7,16,matched_betti,0.5,max_full_branch_node_speed,all_interior,coexact,coexact,random_tangent,ontology_collapse,fresh_ontology_01,1,next_token_logprob_delta,even,0.125,2,-0.04869605931611812,0.0048034356043610985,0.16322755212625134,3,0.25,1.0,2,"3,4",0.11666666666666665,8,8
7,16,matched_betti,0.5,max_full_branch_node_speed,all_interior,coexact,coexact,random_tangent,ontology_collapse,fresh_ontology_02,1,next_token_logprob_delta,even,0.125,2,0.3234742263206327,0.08293604926062546,0.39505422859009554,3,0.25,1.0,2,"3,4",0.11666666666666665,8,8
7,16,matched_betti,0.5,max_full_branch_node_speed,all_interior,coexact,coexact,random_tangent,ontology_collapse,fresh_ontology_03,1,next_token_logprob_delta,even,0.125,2,0.0038949778419578515,0.011594692702851227,0.9805270693689129,3,0.25,1.0,3,"3,4,5",0.125,8,8
7,16,matched_betti,0.5,max_full_branch_node_speed,all_interior,coexact,coexact,random_tangent,ontology_collapse,fresh_ontology_04,1,next_token_logprob_delta,even,0.125,2,0.27878797289441504,0.01611743528945736,0.09651370863557147,3,0.25,1.0,3,"3,4,5",0.125,8,8
7,16,matched_betti,0.5,max_full_branch_node_speed,all_interior,coexact,coexact,random_tangent,ontology_collapse,fresh_ontology_05,1,next_token_logprob_delta,even,0.125,2,-0.04394832542812814,0.0018273083350162616,0.06956892325725152,3,0.25,1.0,3,"3,4,5",0.12121212121212122,8,8
7,16,matched_betti,0.5,max_full_branch_node_speed,all_interior,coexact,coexact,random_tangent,identity_stress,fresh_identity_01,2,next_token_logprob_delta,even,0.20833333333333334,2,-0.22864515397776428,0.006439043922497935,0.047181825191637404,3,0.25,1.0,2,"6,7",0.203125,8,8
7,16,matched_betti,0.5,max_full_branch_node_speed,all_interior,coexact,coexact,random_tangent,identity_stress,fresh_identity_02,2,next_token_logprob_delta,even,0.20833333333333334,2,0.22380176421143716,0.0023513802430849334,0.017619404384399108,3,0.25,1.0,2,"6,7",0.20967741935483866,8,8
7,16,matched_betti,0.5,max_full_branch_node_speed,all_interior,coexact,coexact,random_tangent,identity_stress,fresh_identity_03,2,next_token_logprob_delta,even,0.20833333333333334,2,0.014253840265147442,0.0044835305958418545,0.46662113666557464,3,0.25,1.0,2,"6,7",0.203125,8,8
7,16,matched_betti,0.5,max_full_branch_node_speed,all_interior,coexact,coexact,random_tangent,identity_stress,fresh_identity_04,2,next_token_logprob_delta,even,0.20833333333333334,2,0.03404033015163623,0.008648362588677816,0.39201890914651777,3,0.25,1.0,2,"6,7",0.20967741935483866,8,8
7,16,matched_betti,0.5,max_full_branch_node_speed,all_interior,coexact,coexact,random_tangent,identity_stress,fresh_identity_05,2,next_token_logprob_delta,even,0.20833333333333334,2,0.022821726269147417,0.00291121963576163,0.20922141321453075,3,0.25,1.0,3,"5,6,7",0.19999999999999998,8,8
7,16,matched_betti,0.5,max_full_branch_node_speed,all_interior,coexact,coexact,random_tangent,literal_stable,fresh_literal_01,2,next_token_logprob_delta,even,0.20833333333333334,2,0.08950802477138893,0.005865643074208252,0.10925599883361313,3,0.25,1.0,2,"6,7",0.20967741935483866,8,8
7,16,matched_betti,0.5,max_full_branch_node_speed,all_interior,coexact,coexact,random_tangent,literal_stable,fresh_literal_02,2,next_token_logprob_delta,even,0.20833333333333334,2,-0.06584221606463,0.002680077931100134,0.06811338834021752,3,0.25,1.0,3,"5,6,7",0.19999999999999998,8,8
7,16,matched_betti,0.5,max_full_branch_node_speed,all_interior,coexact,coexact,random_tangent,literal_stable,fresh_literal_03,2,next_token_logprob_delta,even,0.20833333333333334,2,-0.09527053094032056,0.006587997237373918,0.11521061854285039,3,0.25,1.0,2,"6,7",0.20967741935483866,8,8
7,16,matched_betti,0.5,max_full_branch_node_speed,all_interior,coexact,coexact,random_tangent,literal_stable,fresh_literal_04,2,next_token_logprob_delta,even,0.20833333333333334,2,0.1474450344298167,0.00023665962507502986,0.0026921033823227177,3,0.25,1.0,3,"6,7,8",0.21212121212121213,8,8
7,16,matched_betti,0.5,max_full_branch_node_speed,all_interior,coexact,coexact,random_tangent,literal_stable,fresh_literal_05,2,next_token_logprob_delta,even,0.20833333333333334,2,0.0651546690528757,0.02197345521953332,0.4923463019821426,3,0.25,1.0,3,"6,7,8",0.21212121212121213,8,8
7,16,matched_betti,0.5,max_full_branch_node_speed,all_interior,coexact,coexact,random_tangent,metaphor_shift,fresh_metaphor_01,2,next_token_logprob_delta,even,0.20833333333333334,2,-0.3839216296360516,0.013654500793103822,0.059547178684354274,3,0.25,1.0,3,"5,6,7",0.19999999999999998,8,8
7,16,matched_betti,0.5,max_full_branch_node_speed,all_interior,coexact,coexact,random_tangent,metaphor_shift,fresh_metaphor_02,2,next_token_logprob_delta,even,0.20833333333333334,2,-0.2208206105664346,0.01177677183878237,0.08909541400755876,3,0.25,1.0,2,"6,7",0.203125,8,8
7,16,matched_betti,0.5,max_full_branch_node_speed,all_interior,coexact,coexact,random_tangent,metaphor_shift,fresh_metaphor_03,2,next_token_logprob_delta,even,0.20833333333333334,2,-0.1717893603624501,0.007669879406600809,0.07467535037858651,3,0.25,1.0,2,"6,7",0.203125,8,8
7,16,matched_betti,0.5,max_full_branch_node_speed,all_interior,coexact,coexact,random_tangent,metaphor_shift,fresh_metaphor_04,2,next_token_logprob_delta,even,0.20833333333333334,2,0.0169452058884384,0.003084827396789216,0.2920297316462557,3,0.25,1.0,2,"6,7",0.20967741935483866,8,8
7,16,matched_betti,0.5,max_full_branch_node_speed,all_interior,coexact,coexact,random_tangent,metaphor_shift,fresh_metaphor_05,2,next_token_logprob_delta,even,0.20833333333333334,2,0.0411675200389171,0.0040573835430929815,0.16309341820447384,3,0.25,1.0,3,"5,6,7",0.19999999999999998,8,8
7,16,matched_betti,0.5,max_full_branch_node_speed,all_interior,coexact,coexact,random_tangent,ontology_collapse,fresh_ontology_01,2,next_token_logprob_delta,even,0.20833333333333334,2,0.04170636751625444,0.004741864575265689,0.18732232889625586,3,0.25,1.0,3,"5,6,7",0.19999999999999998,8,8
7,16,matched_betti,0.5,max_full_branch_node_speed,all_interior,coexact,coexact,random_tangent,ontology_collapse,fresh_ontology_02,2,next_token_logprob_delta,even,0.20833333333333334,2,0.18428279242027892,0.006796521711159432,0.06174074719280569,3,0.25,1.0,3,"5,6,7",0.19999999999999998,8,8
7,16,matched_betti,0.5,max_full_branch_node_speed,all_interior,coexact,coexact,random_tangent,ontology_collapse,fresh_ontology_03,2,next_token_logprob_delta,even,0.20833333333333334,2,-0.1449139590385645,0.005305642698375815,0.06129284030458428,3,0.25,1.0,2,"6,7",0.203125,8,8
7,16,matched_betti,0.5,max_full_branch_node_speed,all_interior,coexact,coexact,random_tangent,ontology_collapse,fresh_ontology_04,2,next_token_logprob_delta,even,0.20833333333333334,2,0.22956289676951208,0.0015236934463102947,0.011131873936568153,3,0.25,1.0,2,"6,7",0.203125,8,8
7,16,matched_betti,0.5,max_full_branch_node_speed,all_interior,coexact,coexact,random_tangent,ontology_collapse,fresh_ontology_05,2,next_token_logprob_delta,even,0.20833333333333334,2,-0.05306086328287699,0.021711148010715654,0.5658512611157104,3,0.25,1.0,3,"6,7,8",0.21212121212121213,8,8
7,16,matched_betti,0.5,max_full_branch_node_speed,all_interior,coexact,coexact,random_tangent,identity_stress,fresh_identity_01,3,next_token_logprob_delta,even,0.2916666666666667,2,-0.08655723894276317,0.008104876065917971,0.15514982070084718,3,0.25,1.0,3,"8,9,10",0.28125,8,8
7,16,matched_betti,0.5,max_full_branch_node_speed,all_interior,coexact,coexact,random_tangent,identity_stress,fresh_identity_02,3,next_token_logprob_delta,even,0.2916666666666667,2,-0.0701121540682802,0.0030910715146002105,0.07374471445688356,3,0.25,1.0,3,"8,9,10",0.2903225806451613,8,8
7,16,matched_betti,0.5,max_full_branch_node_speed,all_interior,coexact,coexact,random_tangent,identity_stress,fresh_identity_03,3,next_token_logprob_delta,even,0.2916666666666667,2,-0.279553932163553,0.04424527004555797,0.2565744381407297,3,0.25,1.0,3,"8,9,10",0.28125,8,8
7,16,matched_betti,0.5,max_full_branch_node_speed,all_interior,coexact,coexact,random_tangent,identity_stress,fresh_identity_04,3,next_token_logprob_delta,even,0.2916666666666667,2,0.055635910613624,0.02695538284100716,0.6306505415401652,3,0.25,1.0,3,"8,9,10",0.2903225806451613,8,8
7,16,matched_betti,0.5,max_full_branch_node_speed,all_interior,coexact,coexact,random_tangent,identity_stress,fresh_identity_05,3,next_token_logprob_delta,even,0.2916666666666667,2,-0.29586739839743487,0.036048866533092465,0.20022089835612591,3,0.25,1.0,2,"8,9",0.2833333333333333,8,8
7,16,matched_betti,0.5,max_full_branch_node_speed,all_interior,coexact,coexact,random_tangent,literal_stable,fresh_literal_01,3,next_token_logprob_delta,even,0.2916666666666667,2,0.12696477958124172,0.008080573785294781,0.10614457698989072,3,0.25,1.0,3,"8,9,10",0.2903225806451613,8,8
7,16,matched_betti,0.5,max_full_branch_node_speed,all_interior,coexact,coexact,random_tangent,literal_stable,fresh_literal_02,3,next_token_logprob_delta,even,0.2916666666666667,2,-0.012450819736247712,0.008770722169421938,0.7633026888320196,3,0.25,1.0,2,"8,9",0.2833333333333333,8,8
7,16,matched_betti,0.5,max_full_branch_node_speed,all_interior,coexact,coexact,random_tangent,literal_stable,fresh_literal_03,3,next_token_logprob_delta,even,0.2916666666666667,2,-0.08771328583621107,0.002292126790305632,0.043788068273068005,3,0.25,1.0,3,"8,9,10",0.2903225806451613,8,8
7,16,matched_betti,0.5,max_full_branch_node_speed,all_interior,coexact,coexact,random_tangent,literal_stable,fresh_literal_04,3,next_token_logprob_delta,even,0.2916666666666667,2,0.2542705656447395,0.011426082104375936,0.07515718099115486,3,0.25,1.0,2,"9,10",0.28787878787878785,8,8
7,16,matched_betti,0.5,max_full_branch_node_speed,all_interior,coexact,coexact,random_tangent,literal_stable,fresh_literal_05,3,next_token_logprob_delta,even,0.2916666666666667,2,-0.09786090615772124,0.012787682874833355,0.2140887664372458,3,0.25,1.0,2,"9,10",0.28787878787878785,8,8
7,16,matched_betti,0.5,max_full_branch_node_speed,all_interior,coexact,coexact,random_tangent,metaphor_shift,fresh_metaphor_01,3,next_token_logprob_delta,even,0.2916666666666667,2,0.915872697961719,0.018427642602388765,0.0337277054161036,3,0.25,1.0,1,8,0.26666666666666666,8,8
7,16,matched_betti,0.5,max_full_branch_node_speed,all_interior,coexact,coexact,random_tangent,metaphor_shift,fresh_metaphor_02,3,next_token_logprob_delta,even,0.2916666666666667,2,0.02821391774701348,0.023409105433398733,0.8120781400201347,3,0.25,1.0,3,"8,9,10",0.28125,8,8
7,16,matched_betti,0.5,max_full_branch_node_speed,all_interior,coexact,coexact,random_tangent,metaphor_shift,fresh_metaphor_03,3,next_token_logprob_delta,even,0.2916666666666667,2,0.08757280952815216,0.03579514204523487,0.5654494356270867,3,0.25,1.0,1,10,0.3125,8,8
7,16,matched_betti,0.5,max_full_branch_node_speed,all_interior,coexact,coexact,random_tangent,metaphor_shift,fresh_metaphor_04,3,next_token_logprob_delta,even,0.2916666666666667,2,-0.010074533734229415,0.007636555660641354,0.7859978698494089,3,0.25,1.0,2,"8,10",0.29032258064516125,8,8
7,16,matched_betti,0.5,max_full_branch_node_speed,all_interior,coexact,coexact,random_tangent,metaphor_shift,fresh_metaphor_05,3,next_token_logprob_delta,even,0.2916666666666667,2,0.11416540466741117,0.014561211680954545,0.20919217000940313,3,0.25,1.0,2,"8,9",0.2833333333333333,8,8
7,16,matched_betti,0.5,max_full_branch_node_speed,all_interior,coexact,coexact,random_tangent,ontology_collapse,fresh_ontology_01,3,next_token_logprob_delta,even,0.2916666666666667,2,0.17335410709423238,0.03920695902717948,0.35467823816778155,3,0.25,1.0,2,"8,9",0.2833333333333333,8,8
7,16,matched_betti,0.5,max_full_branch_node_speed,all_interior,coexact,coexact,random_tangent,ontology_collapse,fresh_ontology_02,3,next_token_logprob_delta,even,0.2916666666666667,2,0.6625228049669322,0.005575844812365094,0.01411451203123513,3,0.25,1.0,2,"8,9",0.2833333333333333,8,8
7,16,matched_betti,0.5,max_full_branch_node_speed,all_interior,coexact,coexact,random_tangent,ontology_collapse,fresh_ontology_03,3,next_token_logprob_delta,even,0.2916666666666667,2,-0.1957618312328485,0.0003783924325696522,0.003241988183936134,3,0.25,1.0,2,"8,9",0.265625,8,8
7,16,matched_betti,0.5,max_full_branch_node_speed,all_interior,coexact,coexact,random_tangent,ontology_collapse,fresh_ontology_04,3,next_token_logprob_delta,even,0.2916666666666667,2,-0.46591005036597366,0.038524266592782186,0.13737088513507126,3,0.25,1.0,3,"8,9,10",0.28125,8,8
7,16,matched_betti,0.5,max_full_branch_node_speed,all_interior,coexact,coexact,random_tangent,ontology_collapse,fresh_ontology_05,3,next_token_logprob_delta,even,0.2916666666666667,2,0.14782464813754495,0.0033528563182029215,0.038014855371327705,3,0.25,1.0,2,"9,10",0.28787878787878785,8,8
7,16,matched_betti,0.5,max_full_branch_node_speed,all_interior,coexact,coexact,random_tangent,identity_stress,fresh_identity_01,4,next_token_logprob_delta,even,0.375,2,-0.17253298086935073,0.0049134727259250496,0.04771125504702299,3,0.25,1.0,3,"11,12,13",0.375,8,8
7,16,matched_betti,0.5,max_full_branch_node_speed,all_interior,coexact,coexact,random_tangent,identity_stress,fresh_identity_02,4,next_token_logprob_delta,even,0.375,2,0.24740532392746328,0.0013616658901470175,0.009230862891664174,3,0.25,1.0,2,"11,12",0.3709677419354838,8,8
7,16,matched_betti,0.5,max_full_branch_node_speed,all_interior,coexact,coexact,random_tangent,identity_stress,fresh_identity_03,4,next_token_logprob_delta,even,0.375,2,-0.012556436276586999,0.004641220800614638,0.5269163823499582,3,0.25,1.0,3,"11,12,13",0.375,8,8
7,16,matched_betti,0.5,max_full_branch_node_speed,all_interior,coexact,coexact,random_tangent,identity_stress,fresh_identity_04,4,next_token_logprob_delta,even,0.375,2,0.27014493373656534,0.024735642927230784,0.1517971185819962,3,0.25,1.0,2,"11,12",0.3709677419354838,8,8
7,16,matched_betti,0.5,max_full_branch_node_speed,all_interior,coexact,coexact,random_tangent,identity_stress,fresh_identity_05,4,next_token_logprob_delta,even,0.375,2,-0.15632041928867818,0.003462712514842447,0.03712790736587184,3,0.25,1.0,3,"10,11,12",0.3666666666666667,8,8
7,16,matched_betti,0.5,max_full_branch_node_speed,all_interior,coexact,coexact,random_tangent,literal_stable,fresh_literal_01,4,next_token_logprob_delta,even,0.375,2,0.19913467236695734,0.024102670682755276,0.19895174867037815,3,0.25,1.0,1,11,0.3548387096774193,8,8
7,16,matched_betti,0.5,max_full_branch_node_speed,all_interior,coexact,coexact,random_tangent,literal_stable,fresh_literal_02,4,next_token_logprob_delta,even,0.375,2,0.023666410299169202,0.018573534036402925,0.7962796552401612,3,0.25,1.0,3,"10,11,12",0.3666666666666667,8,8
7,16,matched_betti,0.5,max_full_branch_node_speed,all_interior,coexact,coexact,random_tangent,literal_stable,fresh_literal_03,4,next_token_logprob_delta,even,0.375,2,-0.10485236314371685,0.00515851614057476,0.082237951619395,3,0.25,1.0,2,"11,12",0.3709677419354838,8,8
7,16,matched_betti,0.5,max_full_branch_node_speed,all_interior,coexact,coexact,random_tangent,literal_stable,fresh_literal_04,4,next_token_logprob_delta,even,0.375,2,0.0966253254137104,0.005545648543078345,0.0958203393924338,3,0.25,1.0,3,"11,12,13",0.3636363636363636,8,8
7,16,matched_betti,0.5,max_full_branch_node_speed,all_interior,coexact,coexact,random_tangent,literal_stable,fresh_literal_05,4,next_token_logprob_delta,even,0.375,2,0.278086141355139,0.013825252424640373,0.08309757733054968,3,0.25,1.0,3,"11,12,13",0.3636363636363636,8,8
7,16,matched_betti,0.5,max_full_branch_node_speed,all_interior,coexact,coexact,random_tangent,metaphor_shift,fresh_metaphor_01,4,next_token_logprob_delta,even,0.375,2,-0.027781863291068465,0.001352266599358709,0.08136877019324651,3,0.25,1.0,3,"10,11,12",0.3666666666666667,8,8
7,16,matched_betti,0.5,max_full_branch_node_speed,all_interior,coexact,coexact,random_tangent,metaphor_shift,fresh_metaphor_02,4,next_token_logprob_delta,even,0.375,2,-0.031646995767578324,0.012132128417140316,0.5408362887181931,3,0.25,1.0,3,"11,12,13",0.375,8,8
7,16,matched_betti,0.5,max_full_branch_node_speed,all_interior,coexact,coexact,random_tangent,metaphor_shift,fresh_metaphor_03,4,next_token_logprob_delta,even,0.375,2,0.1247703256652656,0.011683873154280917,0.15516116640942884,3,0.25,1.0,3,"11,12,13",0.375,8,8
7,16,matched_betti,0.5,max_full_branch_node_speed,all_interior,coexact,coexact,random_tangent,metaphor_shift,fresh_metaphor_04,4,next_token_logprob_delta,even,0.375,2,0.7439053063571736,0.007093768984842299,0.01599201283835548,3,0.25,1.0,2,"11,12",0.3709677419354838,8,8
7,16,matched_betti,0.5,max_full_branch_node_speed,all_interior,coexact,coexact,random_tangent,metaphor_shift,fresh_metaphor_05,4,next_token_logprob_delta,even,0.375,2,0.009934716080168174,0.0036075083942341255,0.5201662021754294,3,0.25,1.0,3,"10,11,12",0.3666666666666667,8,8
7,16,matched_betti,0.5,max_full_branch_node_speed,all_interior,coexact,coexact,random_tangent,ontology_collapse,fresh_ontology_01,4,next_token_logprob_delta,even,0.375,2,-0.050199567697339076,0.016566632439270115,0.4842816364107278,3,0.25,1.0,3,"10,11,12",0.3666666666666667,8,8
7,16,matched_betti,0.5,max_full_branch_node_speed,all_interior,coexact,coexact,random_tangent,ontology_collapse,fresh_ontology_02,4,next_token_logprob_delta,even,0.375,2,-0.17948119153887596,0.029625473243277998,0.2668143048553765,3,0.25,1.0,3,"10,11,12",0.3666666666666667,8,8
7,16,matched_betti,0.5,max_full_branch_node_speed,all_interior,coexact,coexact,random_tangent,ontology_collapse,fresh_ontology_03,4,next_token_logprob_delta,even,0.375,2,-0.04348206095579885,0.016926141782713445,0.5466946769742724,3,0.25,1.0,3,"11,12,13",0.375,8,8
7,16,matched_betti,0.5,max_full_branch_node_speed,all_interior,coexact,coexact,random_tangent,ontology_collapse,fresh_ontology_04,4,next_token_logprob_delta,even,0.375,2,-0.052602857684992,0.0031360447834258907,0.09949741382480401,3,0.25,1.0,3,"11,12,13",0.375,8,8
7,16,matched_betti,0.5,max_full_branch_node_speed,all_interior,coexact,coexact,random_tangent,ontology_collapse,fresh_ontology_05,4,next_token_logprob_delta,even,0.375,2,0.10606068354268101,0.012904792203097988,0.19995645847546964,3,0.25,1.0,3,"11,12,13",0.3636363636363636,8,8
7,16,matched_betti,0.5,max_full_branch_node_speed,all_interior,coexact,coexact,random_tangent,identity_stress,fresh_identity_01,5,next_token_logprob_delta,even,0.4583333333333333,2,0.22338555730476936,0.00654990055570194,0.049119546804336764,3,0.25,1.0,2,"14,15",0.453125,8,8
7,16,matched_betti,0.5,max_full_branch_node_speed,all_interior,coexact,coexact,random_tangent,identity_stress,fresh_identity_02,5,next_token_logprob_delta,even,0.4583333333333333,2,-0.13126000704177995,0.0006373171026605069,0.008143442526728807,3,0.25,1.0,3,"13,14,15",0.4516129032258065,8,8
7,16,matched_betti,0.5,max_full_branch_node_speed,all_interior,coexact,coexact,random_tangent,identity_stress,fresh_identity_03,5,next_token_logprob_delta,even,0.4583333333333333,2,0.2520373864225808,0.003517741773438828,0.023403418927374006,3,0.25,1.0,2,"14,15",0.453125,8,8
7,16,matched_betti,0.5,max_full_branch_node_speed,all_interior,coexact,coexact,random_tangent,identity_stress,fresh_identity_04,5,next_token_logprob_delta,even,0.4583333333333333,2,0.05302007110490655,0.025455811024573692,0.6271985009389823,3,0.25,1.0,3,"13,14,15",0.4516129032258065,8,8
7,16,matched_betti,0.5,max_full_branch_node_speed,all_interior,coexact,coexact,random_tangent,identity_stress,fresh_identity_05,5,next_token_logprob_delta,even,0.4583333333333333,2,0.07946642747698666,0.00566562742013003,0.11873546518317296,3,0.25,1.0,2,"13,14",0.45,8,8
7,16,matched_betti,0.5,max_full_branch_node_speed,all_interior,coexact,coexact,random_tangent,literal_stable,fresh_literal_01,5,next_token_logprob_delta,even,0.4583333333333333,2,-0.05965398718725549,0.004227267719633463,0.11802485234423318,3,0.25,1.0,3,"13,14,15",0.4516129032258065,8,8
7,16,matched_betti,0.5,max_full_branch_node_speed,all_interior,coexact,coexact,random_tangent,literal_stable,fresh_literal_02,5,next_token_logprob_delta,even,0.4583333333333333,2,0.2012186464036359,0.014830968379077884,0.1226894081068926,3,0.25,1.0,2,"13,14",0.45,8,8
7,16,matched_betti,0.5,max_full_branch_node_speed,all_interior,coexact,coexact,random_tangent,literal_stable,fresh_literal_03,5,next_token_logprob_delta,even,0.4583333333333333,2,-0.3494526128370107,0.009374750784926425,0.04495019000055443,3,0.25,1.0,3,"13,14,15",0.4516129032258065,8,8
7,16,matched_betti,0.5,max_full_branch_node_speed,all_interior,coexact,coexact,random_tangent,literal_stable,fresh_literal_04,5,next_token_logprob_delta,even,0.4583333333333333,2,-0.09541513674319738,0.007439066938752345,0.12966375912562614,3,0.25,1.0,2,"15,16",0.4696969696969697,8,8
7,16,matched_betti,0.5,max_full_branch_node_speed,all_interior,coexact,coexact,random_tangent,literal_stable,fresh_literal_05,5,next_token_logprob_delta,even,0.4583333333333333,2,0.2531613631719573,0.011125041583252745,0.07350671668184332,3,0.25,1.0,2,"14,15",0.4393939393939394,8,8
7,16,matched_betti,0.5,max_full_branch_node_speed,all_interior,coexact,coexact,random_tangent,metaphor_shift,fresh_metaphor_01,5,next_token_logprob_delta,even,0.4583333333333333,2,0.08363818330756903,0.005913311972546322,0.11775875520411948,3,0.25,1.0,2,"13,14",0.45,8,8
7,16,matched_betti,0.5,max_full_branch_node_speed,all_interior,coexact,coexact,random_tangent,metaphor_shift,fresh_metaphor_02,5,next_token_logprob_delta,even,0.4583333333333333,2,-0.635340352334904,0.017301750727673704,0.04562788588491964,3,0.25,1.0,2,"14,15",0.453125,8,8
7,16,matched_betti,0.5,max_full_branch_node_speed,all_interior,coexact,coexact,random_tangent,metaphor_shift,fresh_metaphor_03,5,next_token_logprob_delta,even,0.4583333333333333,2,-0.5358083984595968,0.0029419830312509346,0.009208979736270554,3,0.25,1.0,2,"14,15",0.453125,8,8
7,16,matched_betti,0.5,max_full_branch_node_speed,all_interior,coexact,coexact,random_tangent,metaphor_shift,fresh_metaphor_04,5,next_token_logprob_delta,even,0.4583333333333333,2,-0.11920365671623566,0.03158531740166175,0.4061208738412535,3,0.25,1.0,3,"13,14,15",0.4516129032258065,8,8
7,16,matched_betti,0.5,max_full_branch_node_speed,all_interior,coexact,coexact,random_tangent,metaphor_shift,fresh_metaphor_05,5,next_token_logprob_delta,even,0.4583333333333333,2,0.13689447272726066,0.007348431014979976,0.08967158724328644,3,0.25,1.0,2,"13,14",0.45,8,8
7,16,matched_betti,0.5,max_full_branch_node_speed,all_interior,coexact,coexact,random_tangent,ontology_collapse,fresh_ontology_01,5,next_token_logprob_delta,even,0.4583333333333333,2,-0.008868957699844825,0.00428044788817315,0.6291862297130844,3,0.25,1.0,2,"13,14",0.45,8,8
7,16,matched_betti,0.5,max_full_branch_node_speed,all_interior,coexact,coexact,random_tangent,ontology_collapse,fresh_ontology_02,5,next_token_logprob_delta,even,0.4583333333333333,2,-0.04908201280768887,0.03040791747972285,0.7205381804612644,3,0.25,1.0,2,"13,14",0.45,8,8
7,16,matched_betti,0.5,max_full_branch_node_speed,all_interior,coexact,coexact,random_tangent,ontology_collapse,fresh_ontology_03,5,next_token_logprob_delta,even,0.4583333333333333,2,0.047749006140724935,0.00756306452824007,0.2567578467965699,3,0.25,1.0,2,"14,15",0.453125,8,8
7,16,matched_betti,0.5,max_full_branch_node_speed,all_interior,coexact,coexact,random_tangent,ontology_collapse,fresh_ontology_04,5,next_token_logprob_delta,even,0.4583333333333333,2,-0.14070476868133916,0.0024171866465745773,0.028801854213689963,3,0.25,1.0,2,"14,15",0.453125,8,8
7,16,matched_betti,0.5,max_full_branch_node_speed,all_interior,coexact,coexact,random_tangent,ontology_collapse,fresh_ontology_05,5,next_token_logprob_delta,even,0.4583333333333333,2,-0.045002375772511226,0.010667149530336584,0.36944222240845115,3,0.25,1.0,3,"14,15,16",0.4545454545454546,8,8
7,16,matched_betti,0.5,max_full_branch_node_speed,all_interior,coexact,coexact,random_tangent,identity_stress,fresh_identity_01,6,next_token_logprob_delta,even,0.5416666666666666,2,-0.05961752678087483,0.005405896545677446,0.15035834372851403,3,0.25,1.0,3,"16,17,18",0.53125,8,8
7,16,matched_betti,0.5,max_full_branch_node_speed,all_interior,coexact,coexact,random_tangent,identity_stress,fresh_identity_02,6,next_token_logprob_delta,even,0.5416666666666666,2,0.035080331813184845,0.011502080279629965,0.4818755559694508,3,0.25,1.0,3,"16,17,18",0.5483870967741935,8,8
7,16,matched_betti,0.5,max_full_branch_node_speed,all_interior,coexact,coexact,random_tangent,identity_stress,fresh_identity_03,6,next_token_logprob_delta,even,0.5416666666666666,2,0.0019639550578435844,0.00045141045545353265,0.3597088093877381,3,0.25,1.0,3,"16,17,18",0.53125,8,8
7,16,matched_betti,0.5,max_full_branch_node_speed,all_interior,coexact,coexact,random_tangent,identity_stress,fresh_identity_04,6,next_token_logprob_delta,even,0.5416666666666666,2,0.18453565483597123,0.005641812600149422,0.05121148985013382,3,0.25,1.0,3,"16,17,18",0.5483870967741935,8,8
7,16,matched_betti,0.5,max_full_branch_node_speed,all_interior,coexact,coexact,random_tangent,identity_stress,fresh_identity_05,6,next_token_logprob_delta,even,0.5416666666666666,2,-0.21131242781393164,0.022638589155751846,0.17685733253978558,3,0.25,1.0,3,"15,16,17",0.5333333333333333,8,8
7,16,matched_betti,0.5,max_full_branch_node_speed,all_interior,coexact,coexact,random_tangent,literal_stable,fresh_literal_01,6,next_token_logprob_delta,even,0.5416666666666666,2,-0.27694662457979957,0.0044726828794351345,0.027077717057944574,3,0.25,1.0,3,"16,17,18",0.5483870967741935,8,8
7,16,matched_betti,0.5,max_full_branch_node_speed,all_interior,coexact,coexact,random_tangent,literal_stable,fresh_literal_02,6,next_token_logprob_delta,even,0.5416666666666666,2,-0.18834940058713512,0.0009553975401680658,0.008507529145484924,3,0.25,1.0,3,"15,16,17",0.5333333333333333,8,8
7,16,matched_betti,0.5,max_full_branch_node_speed,all_interior,coexact,coexact,random_tangent,literal_stable,fresh_literal_03,6,next_token_logprob_delta,even,0.5416666666666666,2,0.08811198803279235,0.02170695956156486,0.38188595854209706,3,0.25,1.0,3,"16,17,18",0.5483870967741935,8,8
7,16,matched_betti,0.5,max_full_branch_node_speed,all_interior,coexact,coexact,random_tangent,literal_stable,fresh_literal_04,6,next_token_logprob_delta,even,0.5416666666666666,2,-0.0034259587747079733,0.025855964304926954,0.9968941016930101,3,0.25,1.0,3,"17,18,19",0.5454545454545454,8,8
7,16,matched_betti,0.5,max_full_branch_node_speed,all_interior,coexact,coexact,random_tangent,literal_stable,fresh_literal_05,6,next_token_logprob_delta,even,0.5416666666666666,2,-0.20682842013375474,0.019013384050976526,0.15238650401328865,3,0.25,1.0,3,"17,18,19",0.5454545454545454,8,8
7,16,matched_betti,0.5,max_full_branch_node_speed,all_interior,coexact,coexact,random_tangent,metaphor_shift,fresh_metaphor_01,6,next_token_logprob_delta,even,0.5416666666666666,2,-0.1739884759277825,0.006744968824095967,0.06488474810345116,3,0.25,1.0,3,"15,16,17",0.5333333333333333,8,8
7,16,matched_betti,0.5,max_full_branch_node_speed,all_interior,coexact,coexact,random_tangent,metaphor_shift,fresh_metaphor_02,6,next_token_logprob_delta,even,0.5416666666666666,2,-0.19480836677828325,0.010623763400736268,0.09108794031489773,3,0.25,1.0,3,"16,17,18",0.53125,8,8
7,16,matched_betti,0.5,max_full_branch_node_speed,all_interior,coexact,coexact,random_tangent,metaphor_shift,fresh_metaphor_03,6,next_token_logprob_delta,even,0.5416666666666666,2,0.09618780121649179,0.017041183350247652,0.28484252728976867,3,0.25,1.0,3,"16,17,18",0.53125,8,8
7,16,matched_betti,0.5,max_full_branch_node_speed,all_interior,coexact,coexact,random_tangent,metaphor_shift,fresh_metaphor_04,6,next_token_logprob_delta,even,0.5416666666666666,2,-0.1253701633594184,0.028734197522231716,0.35881890190767624,3,0.25,1.0,3,"16,17,18",0.5483870967741935,8,8
7,16,matched_betti,0.5,max_full_branch_node_speed,all_interior,coexact,coexact,random_tangent,metaphor_shift,fresh_metaphor_05,6,next_token_logprob_delta,even,0.5416666666666666,2,-0.07484752071094768,0.006653271338659204,0.14746300047165226,3,0.25,1.0,3,"15,16,17",0.5333333333333333,8,8
7,16,matched_betti,0.5,max_full_branch_node_speed,all_interior,coexact,coexact,random_tangent,ontology_collapse,fresh_ontology_01,6,next_token_logprob_delta,even,0.5416666666666666,2,0.07761783020841563,0.002007579447763137,0.043341330693599606,3,0.25,1.0,3,"15,16,17",0.5333333333333333,8,8
7,16,matched_betti,0.5,max_full_branch_node_speed,all_interior,coexact,coexact,random_tangent,ontology_collapse,fresh_ontology_02,6,next_token_logprob_delta,even,0.5416666666666666,2,-0.03743488996253725,0.042773394043857896,0.8865629381356183,3,0.25,1.0,3,"15,16,17",0.5333333333333333,8,8
7,16,matched_betti,0.5,max_full_branch_node_speed,all_interior,coexact,coexact,random_tangent,ontology_collapse,fresh_ontology_03,6,next_token_logprob_delta,even,0.5416666666666666,2,-0.007047174117928417,0.004119868517412183,0.700127146954925,3,0.25,1.0,3,"16,17,18",0.53125,8,8
7,16,matched_betti,0.5,max_full_branch_node_speed,all_interior,coexact,coexact,random_tangent,ontology_collapse,fresh_ontology_04,6,next_token_logprob_delta,even,0.5416666666666666,2,-0.004377522036268347,0.000547798830471929,0.20541426122092976,3,0.25,1.0,2,"16,17",0.515625,8,8
7,16,matched_betti,0.5,max_full_branch_node_speed,all_interior,coexact,coexact,random_tangent,ontology_collapse,fresh_ontology_05,6,next_token_logprob_delta,even,0.5416666666666666,2,-0.002855922126973579,0.00739288690439002,0.9744868690732685,3,0.25,1.0,3,"17,18,19",0.5454545454545454,8,8
7,16,matched_betti,0.5,max_full_branch_node_speed,all_interior,coexact,coexact,random_tangent,identity_stress,fresh_identity_01,7,next_token_logprob_delta,even,0.625,2,0.037028105503864865,0.013475252114612219,0.5209994177205534,3,0.25,1.0,3,"19,20,21",0.625,8,8
7,16,matched_betti,0.5,max_full_branch_node_speed,all_interior,coexact,coexact,random_tangent,identity_stress,fresh_identity_02,7,next_token_logprob_delta,even,0.625,2,-0.1699991430921283,0.006011996725462346,0.059211849181587416,3,0.25,1.0,2,"19,20",0.6290322580645161,8,8
7,16,matched_betti,0.5,max_full_branch_node_speed,all_interior,coexact,coexact,random_tangent,identity_stress,fresh_identity_03,7,next_token_logprob_delta,even,0.625,2,-0.33535638274757545,0.04925032450012115,0.23917226503245112,3,0.25,1.0,3,"19,20,21",0.625,8,8
7,16,matched_betti,0.5,max_full_branch_node_speed,all_interior,coexact,coexact,random_tangent,identity_stress,fresh_identity_04,7,next_token_logprob_delta,even,0.625,2,0.18789916778381763,0.02730067012237025,0.23676652661092618,3,0.25,1.0,2,"19,20",0.6290322580645161,8,8
7,16,matched_betti,0.5,max_full_branch_node_speed,all_interior,coexact,coexact,random_tangent,identity_stress,fresh_identity_05,7,next_token_logprob_delta,even,0.625,2,-0.10484759999112868,0.06903415950031429,0.7412583604000685,3,0.25,1.0,2,"18,19",0.6166666666666667,8,8
7,16,matched_betti,0.5,max_full_branch_node_speed,all_interior,coexact,coexact,random_tangent,literal_stable,fresh_literal_01,7,next_token_logprob_delta,even,0.625,2,0.09642409771427253,0.020160619203272473,0.33092648248205037,3,0.25,1.0,2,"19,20",0.6290322580645161,8,8
7,16,matched_betti,0.5,max_full_branch_node_speed,all_interior,coexact,coexact,random_tangent,literal_stable,fresh_literal_02,7,next_token_logprob_delta,even,0.625,2,0.17453998380884986,0.029465354938181917,0.27243896865575423,3,0.25,1.0,2,"18,19",0.6166666666666667,8,8
7,16,matched_betti,0.5,max_full_branch_node_speed,all_interior,coexact,coexact,random_tangent,literal_stable,fresh_literal_03,7,next_token_logprob_delta,even,0.625,2,0.08907959808295635,0.0005434956644731743,0.010232797573091094,3,0.25,1.0,2,"19,20",0.6290322580645161,8,8
7,16,matched_betti,0.5,max_full_branch_node_speed,all_interior,coexact,coexact,random_tangent,literal_stable,fresh_literal_04,7,next_token_logprob_delta,even,0.625,2,-0.762680803868752,0.018582382532680415,0.04083151876127115,3,0.25,1.0,2,"20,21",0.6212121212121212,8,8
7,16,matched_betti,0.5,max_full_branch_node_speed,all_interior,coexact,coexact,random_tangent,literal_stable,fresh_literal_05,7,next_token_logprob_delta,even,0.625,2,0.0627893714615724,0.0038884902198084836,0.1033151166121843,3,0.25,1.0,2,"20,21",0.6212121212121212,8,8
7,16,matched_betti,0.5,max_full_branch_node_speed,all_interior,coexact,coexact,random_tangent,metaphor_shift,fresh_metaphor_01,7,next_token_logprob_delta,even,0.625,2,-0.28296052496879226,0.019728041092314675,0.1161470315001411,3,0.25,1.0,2,"18,19",0.6166666666666667,8,8
7,16,matched_betti,0.5,max_full_branch_node_speed,all_interior,coexact,coexact,random_tangent,metaphor_shift,fresh_metaphor_02,7,next_token_logprob_delta,even,0.625,2,-0.3769374867765981,0.0203103707795819,0.09000806700142386,3,0.25,1.0,3,"19,20,21",0.625,8,8
7,16,matched_betti,0.5,max_full_branch_node_speed,all_interior,coexact,coexact,random_tangent,metaphor_shift,fresh_metaphor_03,7,next_token_logprob_delta,even,0.625,2,0.12661557726990136,0.004842563465629993,0.06401706077683784,3,0.25,1.0,3,"19,20,21",0.625,8,8
7,16,matched_betti,0.5,max_full_branch_node_speed,all_interior,coexact,coexact,random_tangent,metaphor_shift,fresh_metaphor_04,7,next_token_logprob_delta,even,0.625,2,0.07360371141647533,0.008240976045927054,0.18456623139832776,3,0.25,1.0,2,"19,20",0.6290322580645161,8,8
7,16,matched_betti,0.5,max_full_branch_node_speed,all_interior,coexact,coexact,random_tangent,metaphor_shift,fresh_metaphor_05,7,next_token_logprob_delta,even,0.625,2,-0.27881285440555187,0.01612783889622481,0.09656688808451507,3,0.25,1.0,2,"18,19",0.6166666666666667,8,8
7,16,matched_betti,0.5,max_full_branch_node_speed,all_interior,coexact,coexact,random_tangent,ontology_collapse,fresh_ontology_01,7,next_token_logprob_delta,even,0.625,2,-0.13979649819047607,0.0011941026130394606,0.014325179644036967,3,0.25,1.0,2,"18,19",0.6166666666666667,8,8
7,16,matched_betti,0.5,max_full_branch_node_speed,all_interior,coexact,coexact,random_tangent,ontology_collapse,fresh_ontology_02,7,next_token_logprob_delta,even,0.625,2,0.6628837720162747,0.004271024642423829,0.010806090946100527,3,0.25,1.0,2,"18,19",0.6166666666666667,8,8
7,16,matched_betti,0.5,max_full_branch_node_speed,all_interior,coexact,coexact,random_tangent,ontology_collapse,fresh_ontology_03,7,next_token_logprob_delta,even,0.625,2,-0.2215337890112325,0.004762266107744756,0.03603220673585842,3,0.25,1.0,2,"19,21",0.625,8,8
7,16,matched_betti,0.5,max_full_branch_node_speed,all_interior,coexact,coexact,random_tangent,ontology_collapse,fresh_ontology_04,7,next_token_logprob_delta,even,0.625,2,0.2681655780509735,0.012466016402633756,0.07773343514304858,3,0.25,1.0,3,"19,20,21",0.625,8,8
7,16,matched_betti,0.5,max_full_branch_node_speed,all_interior,coexact,coexact,random_tangent,ontology_collapse,fresh_ontology_05,7,next_token_logprob_delta,even,0.625,2,0.06918851767781949,0.0016363063653300463,0.03963587708527287,3,0.25,1.0,2,"20,21",0.6212121212121212,8,8
7,16,matched_betti,0.5,max_full_branch_node_speed,all_interior,coexact,coexact,random_tangent,identity_stress,fresh_identity_01,8,next_token_logprob_delta,even,0.7083333333333334,2,-0.18057658927819273,0.033205866047375326,0.2947272851983327,3,0.25,1.0,2,"22,23",0.703125,8,8
7,16,matched_betti,0.5,max_full_branch_node_speed,all_interior,coexact,coexact,random_tangent,identity_stress,fresh_identity_02,8,next_token_logprob_delta,even,0.7083333333333334,2,0.3406200422645254,0.02360071234793712,0.1154359708442683,3,0.25,1.0,2,"21,23",0.7096774193548386,8,8
7,16,matched_betti,0.5,max_full_branch_node_speed,all_interior,coexact,coexact,random_tangent,identity_stress,fresh_identity_03,8,next_token_logprob_delta,even,0.7083333333333334,2,0.15922617894492797,0.010445227898633594,0.10936785762840084,3,0.25,1.0,2,"22,23",0.703125,8,8
7,16,matched_betti,0.5,max_full_branch_node_speed,all_interior,coexact,coexact,random_tangent,identity_stress,fresh_identity_04,8,next_token_logprob_delta,even,0.7083333333333334,2,-0.041057403091582415,0.02157790115853622,0.6612572601603822,3,0.25,1.0,3,"21,22,23",0.7096774193548386,8,8
7,16,matched_betti,0.5,max_full_branch_node_speed,all_interior,coexact,coexact,random_tangent,identity_stress,fresh_identity_05,8,next_token_logprob_delta,even,0.7083333333333334,2,-0.19616355946141192,0.11941466263256731,0.7144260501782371,3,0.25,1.0,2,"20,21",0.6833333333333332,8,8
7,16,matched_betti,0.5,max_full_branch_node_speed,all_interior,coexact,coexact,random_tangent,literal_stable,fresh_literal_01,8,next_token_logprob_delta,even,0.7083333333333334,2,-0.2416916872980999,0.0034379656105788174,0.02385149097147634,3,0.25,1.0,3,"21,22,23",0.7096774193548386,8,8
7,16,matched_betti,0.5,max_full_branch_node_speed,all_interior,coexact,coexact,random_tangent,literal_stable,fresh_literal_02,8,next_token_logprob_delta,even,0.7083333333333334,2,0.170448217138125,0.00516352440469717,0.050744989911683504,3,0.25,1.0,3,"20,21,22",0.6999999999999998,8,8
7,16,matched_betti,0.5,max_full_branch_node_speed,all_interior,coexact,coexact,random_tangent,literal_stable,fresh_literal_03,8,next_token_logprob_delta,even,0.7083333333333334,2,-0.16263779250275212,0.025817968964714225,0.25729240613512905,3,0.25,1.0,3,"21,22,23",0.7096774193548386,8,8
7,16,matched_betti,0.5,max_full_branch_node_speed,all_interior,coexact,coexact,random_tangent,literal_stable,fresh_literal_04,8,next_token_logprob_delta,even,0.7083333333333334,2,-0.060951513145631075,0.008687964524868063,0.23252153990731966,3,0.25,1.0,3,"22,23,24",0.6969696969696969,8,8
7,16,matched_betti,0.5,max_full_branch_node_speed,all_interior,coexact,coexact,random_tangent,literal_stable,fresh_literal_05,8,next_token_logprob_delta,even,0.7083333333333334,2,0.06204562364490681,0.01929656442169101,0.4624946092916723,3,0.25,1.0,3,"22,23,24",0.6969696969696969,8,8
7,16,matched_betti,0.5,max_full_branch_node_speed,all_interior,coexact,coexact,random_tangent,metaphor_shift,fresh_metaphor_01,8,next_token_logprob_delta,even,0.7083333333333334,2,0.10044079063831042,0.029610481636464847,0.4432391641385833,3,0.25,1.0,3,"20,21,22",0.6999999999999998,8,8
7,16,matched_betti,0.5,max_full_branch_node_speed,all_interior,coexact,coexact,random_tangent,metaphor_shift,fresh_metaphor_02,8,next_token_logprob_delta,even,0.7083333333333334,2,0.022701635299210866,0.016010957933642062,0.7636859932850564,3,0.25,1.0,2,"22,23",0.703125,8,8
7,16,matched_betti,0.5,max_full_branch_node_speed,all_interior,coexact,coexact,random_tangent,metaphor_shift,fresh_metaphor_03,8,next_token_logprob_delta,even,0.7083333333333334,2,0.08401023374287608,0.004302741466416344,0.08558857569546138,3,0.25,1.0,2,"22,23",0.703125,8,8
7,16,matched_betti,0.5,max_full_branch_node_speed,all_interior,coexact,coexact,random_tangent,metaphor_shift,fresh_metaphor_04,8,next_token_logprob_delta,even,0.7083333333333334,2,-0.47309266275624956,0.01132951598184995,0.04013417849859342,3,0.25,1.0,3,"21,22,23",0.7096774193548386,8,8
7,16,matched_betti,0.5,max_full_branch_node_speed,all_interior,coexact,coexact,random_tangent,metaphor_shift,fresh_metaphor_05,8,next_token_logprob_delta,even,0.7083333333333334,2,0.23458800704782243,0.009448554653937145,0.06740158640321811,3,0.25,1.0,3,"20,21,22",0.6999999999999998,8,8
7,16,matched_betti,0.5,max_full_branch_node_speed,all_interior,coexact,coexact,random_tangent,ontology_collapse,fresh_ontology_01,8,next_token_logprob_delta,even,0.7083333333333334,2,-0.38352816777311477,0.005717350169621307,0.024995458229508532,3,0.25,1.0,3,"20,21,22",0.6999999999999998,8,8
7,16,matched_betti,0.5,max_full_branch_node_speed,all_interior,coexact,coexact,random_tangent,ontology_collapse,fresh_ontology_02,8,next_token_logprob_delta,even,0.7083333333333334,2,-0.0931236712655205,0.01795251318188768,0.3076603511604635,3,0.25,1.0,3,"20,21,22",0.6999999999999998,8,8
7,16,matched_betti,0.5,max_full_branch_node_speed,all_interior,coexact,coexact,random_tangent,ontology_collapse,fresh_ontology_03,8,next_token_logprob_delta,even,0.7083333333333334,2,-0.034660685753789416,0.002731783747229772,0.1310528835977463,3,0.25,1.0,2,"22,23",0.703125,8,8
7,16,matched_betti,0.5,max_full_branch_node_speed,all_interior,coexact,coexact,random_tangent,ontology_collapse,fresh_ontology_04,8,next_token_logprob_delta,even,0.7083333333333334,2,0.13093705249283993,0.014107864910959576,0.17783599109841736,3,0.25,1.0,1,22,0.6875,8,8
7,16,matched_betti,0.5,max_full_branch_node_speed,all_interior,coexact,coexact,random_tangent,ontology_collapse,fresh_ontology_05,8,next_token_logprob_delta,even,0.7083333333333334,2,-0.08735162903996965,0.01171455697530484,0.21945044473952935,3,0.25,1.0,2,"23,24",0.7121212121212123,8,8
7,16,matched_betti,0.5,max_full_branch_node_speed,all_interior,coexact,coexact,random_tangent,identity_stress,fresh_identity_01,9,next_token_logprob_delta,even,0.7916666666666666,2,0.10629701505395696,0.007235815939102605,0.1134366445764326,3,0.25,1.0,2,"24,25",0.765625,8,8
7,16,matched_betti,0.5,max_full_branch_node_speed,all_interior,coexact,coexact,random_tangent,identity_stress,fresh_identity_02,9,next_token_logprob_delta,even,0.7916666666666666,2,0.027987172681609086,0.04143390654384067,0.9276039176136475,3,0.25,1.0,1,24,0.7741935483870966,8,8
7,16,matched_betti,0.5,max_full_branch_node_speed,all_interior,coexact,coexact,random_tangent,identity_stress,fresh_identity_03,9,next_token_logprob_delta,even,0.7916666666666666,2,0.12554642975567423,0.04472581818866497,0.5129301921872358,3,0.25,1.0,3,"24,25,26",0.78125,8,8
7,16,matched_betti,0.5,max_full_branch_node_speed,all_interior,coexact,coexact,random_tangent,identity_stress,fresh_identity_04,9,next_token_logprob_delta,even,0.7916666666666666,2,-0.3897024261293888,0.01730138223999592,0.07425851217910885,3,0.25,1.0,2,"24,25",0.7903225806451614,8,8
7,16,matched_betti,0.5,max_full_branch_node_speed,all_interior,coexact,coexact,random_tangent,identity_stress,fresh_identity_05,9,next_token_logprob_delta,even,0.7916666666666666,2,-0.28703140030680085,0.010086202283628654,0.05883619091624371,3,0.25,1.0,1,23,0.7666666666666667,8,8
7,16,matched_betti,0.5,max_full_branch_node_speed,all_interior,coexact,coexact,random_tangent,literal_stable,fresh_literal_01,9,next_token_logprob_delta,even,0.7916666666666666,2,0.004751398955739049,0.0014812790275060218,0.4633710871383558,3,0.25,1.0,2,"24,25",0.7903225806451614,8,8
7,16,matched_betti,0.5,max_full_branch_node_speed,all_interior,coexact,coexact,random_tangent,literal_stable,fresh_literal_02,9,next_token_logprob_delta,even,0.7916666666666666,2,0.17476748063226985,0.014226043424592117,0.13527340777044078,3,0.25,1.0,2,"23,24",0.7833333333333335,8,8
7,16,matched_betti,0.5,max_full_branch_node_speed,all_interior,coexact,coexact,random_tangent,literal_stable,fresh_literal_03,9,next_token_logprob_delta,even,0.7916666666666666,2,0.3097030062661651,0.0031316375689379177,0.016957542276337324,3,0.25,1.0,2,"24,25",0.7903225806451614,8,8
7,16,matched_betti,0.5,max_full_branch_node_speed,all_interior,coexact,coexact,random_tangent,literal_stable,fresh_literal_04,9,next_token_logprob_delta,even,0.7916666666666666,2,0.07684640434040446,0.005294314630884438,0.11479029053966582,3,0.25,1.0,3,"25,26,27",0.787878787878788,8,8
7,16,matched_betti,0.5,max_full_branch_node_speed,all_interior,coexact,coexact,random_tangent,literal_stable,fresh_literal_05,9,next_token_logprob_delta,even,0.7916666666666666,2,-0.04095254580417546,0.0013301803918258303,0.054398308275645596,3,0.25,1.0,3,"25,26,27",0.787878787878788,8,8
7,16,matched_betti,0.5,max_full_branch_node_speed,all_interior,coexact,coexact,random_tangent,metaphor_shift,fresh_metaphor_01,9,next_token_logprob_delta,even,0.7916666666666666,2,-0.3318472915358526,0.019388645556826543,0.09752885298423508,3,0.25,1.0,2,"23,24",0.7833333333333335,8,8
7,16,matched_betti,0.5,max_full_branch_node_speed,all_interior,coexact,coexact,random_tangent,metaphor_shift,fresh_metaphor_02,9,next_token_logprob_delta,even,0.7916666666666666,2,0.36034823901861146,0.022839097247829253,0.10570989151149401,3,0.25,1.0,3,"24,25,26",0.78125,8,8
7,16,matched_betti,0.5,max_full_branch_node_speed,all_interior,coexact,coexact,random_tangent,metaphor_shift,fresh_metaphor_03,9,next_token_logprob_delta,even,0.7916666666666666,2,0.21362651760239493,0.010693500344343207,0.08366401651332368,3,0.25,1.0,3,"24,25,26",0.78125,8,8
7,16,matched_betti,0.5,max_full_branch_node_speed,all_interior,coexact,coexact,random_tangent,metaphor_shift,fresh_metaphor_04,9,next_token_logprob_delta,even,0.7916666666666666,2,0.4232781163293626,0.02342579526198399,0.09242825619648803,3,0.25,1.0,2,"24,25",0.7903225806451614,8,8
7,16,matched_betti,0.5,max_full_branch_node_speed,all_interior,coexact,coexact,random_tangent,metaphor_shift,fresh_metaphor_05,9,next_token_logprob_delta,even,0.7916666666666666,2,-0.5236997860225668,0.02409777082288786,0.07694921079350775,3,0.25,1.0,2,"23,24",0.7833333333333335,8,8
7,16,matched_betti,0.5,max_full_branch_node_speed,all_interior,coexact,coexact,random_tangent,ontology_collapse,fresh_ontology_01,9,next_token_logprob_delta,even,0.7916666666666666,2,-0.21215376271403996,0.01469214037353299,0.1153781350824424,3,0.25,1.0,2,"23,24",0.7833333333333335,8,8
7,16,matched_betti,0.5,max_full_branch_node_speed,all_interior,coexact,coexact,random_tangent,ontology_collapse,fresh_ontology_02,9,next_token_logprob_delta,even,0.7916666666666666,2,-0.21523255436113523,0.010891621661951834,0.08457172209033735,3,0.25,1.0,2,"23,24",0.7833333333333335,8,8
7,16,matched_betti,0.5,max_full_branch_node_speed,all_interior,coexact,coexact,random_tangent,ontology_collapse,fresh_ontology_03,9,next_token_logprob_delta,even,0.7916666666666666,2,0.1466623148469919,0.005688372729589426,0.06491600510656335,3,0.25,1.0,3,"24,25,26",0.78125,8,8
7,16,matched_betti,0.5,max_full_branch_node_speed,all_interior,coexact,coexact,random_tangent,ontology_collapse,fresh_ontology_04,9,next_token_logprob_delta,even,0.7916666666666666,2,-0.19177294893387317,0.025240050919553853,0.21556097377784872,3,0.25,1.0,3,"24,25,26",0.78125,8,8
7,16,matched_betti,0.5,max_full_branch_node_speed,all_interior,coexact,coexact,random_tangent,ontology_collapse,fresh_ontology_05,9,next_token_logprob_delta,even,0.7916666666666666,2,0.017197186617442593,0.0067898333776433535,0.5521297233926682,3,0.25,1.0,3,"25,26,27",0.787878787878788,8,8
7,16,matched_betti,0.5,max_full_branch_node_speed,all_interior,coexact,coexact,random_tangent,identity_stress,fresh_identity_01,10,next_token_logprob_delta,even,0.875,2,0.1888371237776794,0.013944241344714212,0.12291394031553429,3,0.25,1.0,1,29,0.90625,8,8
7,16,matched_betti,0.5,max_full_branch_node_speed,all_interior,coexact,coexact,random_tangent,identity_stress,fresh_identity_02,10,next_token_logprob_delta,even,0.875,2,-0.8221103258951299,0.07738612115630573,0.1559501734404456,3,0.25,1.0,2,"26,27",0.8548387096774194,8,8
7,16,matched_betti,0.5,max_full_branch_node_speed,all_interior,coexact,coexact,random_tangent,identity_stress,fresh_identity_03,10,next_token_logprob_delta,even,0.875,2,0.10732128930066441,0.01647641462554155,0.24936483467996182,3,0.25,1.0,3,"27,28,29",0.875,8,8
7,16,matched_betti,0.5,max_full_branch_node_speed,all_interior,coexact,coexact,random_tangent,identity_stress,fresh_identity_04,10,next_token_logprob_delta,even,0.875,2,0.07947378630823548,0.0027127337850352986,0.05715733686946693,3,0.25,1.0,2,"27,28",0.8870967741935484,8,8
7,16,matched_betti,0.5,max_full_branch_node_speed,all_interior,coexact,coexact,random_tangent,identity_stress,fresh_identity_05,10,next_token_logprob_delta,even,0.875,2,0.13812079969469881,0.004875688650775128,0.05910391980931368,3,0.25,1.0,3,"25,26,27",0.8666666666666667,8,8
7,16,matched_betti,0.5,max_full_branch_node_speed,all_interior,coexact,coexact,random_tangent,literal_stable,fresh_literal_01,10,next_token_logprob_delta,even,0.875,2,0.05558161241833155,0.010953339524350415,0.3138337057283446,3,0.25,1.0,2,"27,28",0.8870967741935484,8,8
7,16,matched_betti,0.5,max_full_branch_node_speed,all_interior,coexact,coexact,random_tangent,literal_stable,fresh_literal_02,10,next_token_logprob_delta,even,0.875,2,0.2740321970544735,0.00806413323404196,0.0492977411560866,3,0.25,1.0,2,"25,26",0.8500000000000001,8,8
7,16,matched_betti,0.5,max_full_branch_node_speed,all_interior,coexact,coexact,random_tangent,literal_stable,fresh_literal_03,10,next_token_logprob_delta,even,0.875,2,0.045476667111576705,0.02501904676885779,0.6781481412362952,3,0.25,1.0,3,"26,27,28",0.8709677419354839,8,8
7,16,matched_betti,0.5,max_full_branch_node_speed,all_interior,coexact,coexact,random_tangent,literal_stable,fresh_literal_04,10,next_token_logprob_delta,even,0.875,2,0.001939574556139804,0.020154034767083898,0.998357937635547,3,0.25,1.0,3,"28,29,30",0.8787878787878788,8,8
7,16,matched_betti,0.5,max_full_branch_node_speed,all_interior,coexact,coexact,random_tangent,literal_stable,fresh_literal_05,10,next_token_logprob_delta,even,0.875,2,-0.13863245172451927,0.008738603971899628,0.10513872266359074,3,0.25,1.0,3,"28,29,30",0.8787878787878788,8,8
7,16,matched_betti,0.5,max_full_branch_node_speed,all_interior,coexact,coexact,random_tangent,metaphor_shift,fresh_metaphor_01,10,next_token_logprob_delta,even,0.875,2,0.25867025139011196,0.00194065660114146,0.012582505063633242,3,0.25,1.0,3,"25,26,27",0.8666666666666667,8,8
7,16,matched_betti,0.5,max_full_branch_node_speed,all_interior,coexact,coexact,random_tangent,metaphor_shift,fresh_metaphor_02,10,next_token_logprob_delta,even,0.875,2,-0.04919529299191041,0.02953952187936945,0.7096090450354222,3,0.25,1.0,3,"27,28,29",0.875,8,8
7,16,matched_betti,0.5,max_full_branch_node_speed,all_interior,coexact,coexact,random_tangent,metaphor_shift,fresh_metaphor_03,10,next_token_logprob_delta,even,0.875,2,0.08161523419738796,0.006299702467515929,0.1283922130535305,3,0.25,1.0,3,"27,28,29",0.875,8,8
7,16,matched_betti,0.5,max_full_branch_node_speed,all_interior,coexact,coexact,random_tangent,metaphor_shift,fresh_metaphor_04,10,next_token_logprob_delta,even,0.875,2,-0.1676799929878861,0.008409048045834049,0.08381735544458702,3,0.25,1.0,3,"26,27,28",0.8709677419354839,8,8
7,16,matched_betti,0.5,max_full_branch_node_speed,all_interior,coexact,coexact,random_tangent,metaphor_shift,fresh_metaphor_05,10,next_token_logprob_delta,even,0.875,2,0.07472809266187565,0.012438220384393843,0.26889134102035245,3,0.25,1.0,1,27,0.9,8,8
7,16,matched_betti,0.5,max_full_branch_node_speed,all_interior,coexact,coexact,random_tangent,ontology_collapse,fresh_ontology_01,10,next_token_logprob_delta,even,0.875,2,-0.28916667377441196,0.04876148304255721,0.2721556391263398,3,0.25,1.0,2,"26,27",0.8833333333333333,8,8
7,16,matched_betti,0.5,max_full_branch_node_speed,all_interior,coexact,coexact,random_tangent,ontology_collapse,fresh_ontology_02,10,next_token_logprob_delta,even,0.875,2,-0.34821891466717353,0.010794959206226968,0.0519256158625251,3,0.25,1.0,2,"25,27",0.8666666666666667,8,8
7,16,matched_betti,0.5,max_full_branch_node_speed,all_interior,coexact,coexact,random_tangent,ontology_collapse,fresh_ontology_03,10,next_token_logprob_delta,even,0.875,2,0.10878641168583597,0.015741027877900524,0.2358469392137331,3,0.25,1.0,2,"27,29",0.875,8,8
7,16,matched_betti,0.5,max_full_branch_node_speed,all_interior,coexact,coexact,random_tangent,ontology_collapse,fresh_ontology_04,10,next_token_logprob_delta,even,0.875,2,-0.23677893059708868,0.0007880862181352977,0.005582428859686197,3,0.25,1.0,3,"27,28,29",0.875,8,8
7,16,matched_betti,0.5,max_full_branch_node_speed,all_interior,coexact,coexact,random_tangent,ontology_collapse,fresh_ontology_05,10,next_token_logprob_delta,even,0.875,2,0.19020364193186748,0.010310425340284835,0.09054602765214809,3,0.25,1.0,2,"28,30",0.8787878787878788,8,8
7,16,matched_betti,0.5,max_full_branch_node_speed,all_interior,coexact,coexact,random_tangent,identity_stress,fresh_identity_01,11,next_token_logprob_delta,even,0.9583333333333334,2,-0.652588677401231,0.027695616069000333,0.07100244415591538,3,0.25,1.0,1,30,0.9375,8,8
7,16,matched_betti,0.5,max_full_branch_node_speed,all_interior,coexact,coexact,random_tangent,identity_stress,fresh_identity_02,11,next_token_logprob_delta,even,0.9583333333333334,2,0.29250985330926643,0.008507920291620417,0.048726589765854075,3,0.25,1.0,2,"29,30",0.9516129032258065,8,8
7,16,matched_betti,0.5,max_full_branch_node_speed,all_interior,coexact,coexact,random_tangent,identity_stress,fresh_identity_03,11,next_token_logprob_delta,even,0.9583333333333334,2,-0.1107636729101477,0.00975715759352005,0.14616250162133151,3,0.25,1.0,2,"30,31",0.953125,8,8
7,16,matched_betti,0.5,max_full_branch_node_speed,all_interior,coexact,coexact,random_tangent,identity_stress,fresh_identity_04,11,next_token_logprob_delta,even,0.9583333333333334,2,0.08455860162123933,0.002860416728666731,0.056646475825651375,3,0.25,1.0,2,"29,30",0.9516129032258065,8,8
7,16,matched_betti,0.5,max_full_branch_node_speed,all_interior,coexact,coexact,random_tangent,identity_stress,fresh_identity_05,11,next_token_logprob_delta,even,0.9583333333333334,2,0.13287257162719515,0.0032948091405723035,0.04155458197786957,3,0.25,1.0,1,29,0.9666666666666667,8,8
7,16,matched_betti,0.5,max_full_branch_node_speed,all_interior,coexact,coexact,random_tangent,literal_stable,fresh_literal_01,11,next_token_logprob_delta,even,0.9583333333333334,2,-0.07036137131040246,0.0025896222850481485,0.06161344730693396,3,0.25,1.0,2,"29,30",0.9516129032258065,8,8
7,16,matched_betti,0.5,max_full_branch_node_speed,all_interior,coexact,coexact,random_tangent,literal_stable,fresh_literal_02,11,next_token_logprob_delta,even,0.9583333333333334,2,-0.14790438831267372,0.0042761863645526905,0.04843561554220055,3,0.25,1.0,2,"28,29",0.9499999999999998,8,8
7,16,matched_betti,0.5,max_full_branch_node_speed,all_interior,coexact,coexact,random_tangent,literal_stable,fresh_literal_03,11,next_token_logprob_delta,even,0.9583333333333334,2,-0.16886527956577838,0.03079063541844254,0.2924570152125496,3,0.25,1.0,2,"29,30",0.9516129032258065,8,8
7,16,matched_betti,0.5,max_full_branch_node_speed,all_interior,coexact,coexact,random_tangent,literal_stable,fresh_literal_04,11,next_token_logprob_delta,even,0.9583333333333334,2,0.19200636094000342,0.016026987169801166,0.13865020024169591,3,0.25,1.0,2,"31,32",0.9545454545454546,8,8
7,16,matched_betti,0.5,max_full_branch_node_speed,all_interior,coexact,coexact,random_tangent,literal_stable,fresh_literal_05,11,next_token_logprob_delta,even,0.9583333333333334,2,0.1430897158336735,0.000845600595666978,0.00991139564767979,3,0.25,1.0,1,31,0.9393939393939394,8,8
7,16,matched_betti,0.5,max_full_branch_node_speed,all_interior,coexact,coexact,random_tangent,metaphor_shift,fresh_metaphor_01,11,next_token_logprob_delta,even,0.9583333333333334,2,-0.23376542836970016,0.01433412137767955,0.10230698430590669,3,0.25,1.0,2,"28,29",0.9499999999999998,8,8
7,16,matched_betti,0.5,max_full_branch_node_speed,all_interior,coexact,coexact,random_tangent,metaphor_shift,fresh_metaphor_02,11,next_token_logprob_delta,even,0.9583333333333334,2,0.06187228769843133,0.010729248971511661,0.27927922436565955,3,0.25,1.0,2,"30,31",0.953125,8,8
7,16,matched_betti,0.5,max_full_branch_node_speed,all_interior,coexact,coexact,random_tangent,metaphor_shift,fresh_metaphor_03,11,next_token_logprob_delta,even,0.9583333333333334,2,-0.060171497410963004,0.021670859266300718,0.5170526944856503,3,0.25,1.0,2,"30,31",0.953125,8,8
7,16,matched_betti,0.5,max_full_branch_node_speed,all_interior,coexact,coexact,random_tangent,metaphor_shift,fresh_metaphor_04,11,next_token_logprob_delta,even,0.9583333333333334,2,0.05600551856998347,0.007486700782424182,0.21878031556028746,3,0.25,1.0,2,"29,30",0.9516129032258065,8,8
7,16,matched_betti,0.5,max_full_branch_node_speed,all_interior,coexact,coexact,random_tangent,metaphor_shift,fresh_metaphor_05,11,next_token_logprob_delta,even,0.9583333333333334,2,0.17960826145517714,0.002136714572369252,0.019949547570452426,3,0.25,1.0,2,"28,29",0.9499999999999998,8,8
7,16,matched_betti,0.5,max_full_branch_node_speed,all_interior,coexact,coexact,random_tangent,ontology_collapse,fresh_ontology_01,11,next_token_logprob_delta,even,0.9583333333333334,2,-0.20344776816493154,0.005504480184892329,0.04533315568898846,3,0.25,1.0,2,"28,29",0.9499999999999998,8,8
7,16,matched_betti,0.5,max_full_branch_node_speed,all_interior,coexact,coexact,random_tangent,ontology_collapse,fresh_ontology_03,11,next_token_logprob_delta,even,0.9583333333333334,2,-0.16092333339450313,0.03392008541217744,0.33332118751879286,3,0.25,1.0,1,30,0.9375,8,8
7,16,matched_betti,0.5,max_full_branch_node_speed,all_interior,coexact,coexact,random_tangent,ontology_collapse,fresh_ontology_04,11,next_token_logprob_delta,even,0.9583333333333334,2,-0.10733885818484046,0.008227598116204347,0.1275133417461036,3,0.25,1.0,2,"30,31",0.953125,8,8
7,16,matched_betti,0.5,max_full_branch_node_speed,all_interior,coexact,coexact,random_tangent,ontology_collapse,fresh_ontology_05,11,next_token_logprob_delta,even,0.9583333333333334,2,-0.1780773447632071,0.022269254310504843,0.2052803156786191,3,0.25,1.0,1,32,0.9696969696969697,8,8
7,16,matched_betti,0.5,max_full_branch_node_speed,all_interior,coexact,coexact,random_tangent,identity_stress,fresh_identity_01,0,next_token_logprob_delta,odd,0.041666666666666664,1,0.0671964451254827,0.008939030179379451,0.19717172320512727,3,0.25,1.0,2,"1,2",0.046875,8,8
7,16,matched_betti,0.5,max_full_branch_node_speed,all_interior,coexact,coexact,random_tangent,identity_stress,fresh_identity_02,0,next_token_logprob_delta,odd,0.041666666666666664,1,-0.20161181337663578,0.0021171375791174747,0.01587410874680697,3,0.25,1.0,2,"1,2",0.04838709677419354,8,8
7,16,matched_betti,0.5,max_full_branch_node_speed,all_interior,coexact,coexact,random_tangent,identity_stress,fresh_identity_03,0,next_token_logprob_delta,odd,0.041666666666666664,1,1.1095210297612792,0.02394459837139813,0.032610086358601326,3,0.25,1.0,2,"1,2",0.046875,8,8
7,16,matched_betti,0.5,max_full_branch_node_speed,all_interior,coexact,coexact,random_tangent,identity_stress,fresh_identity_04,0,next_token_logprob_delta,odd,0.041666666666666664,1,0.9682615754186656,0.007925904035229359,0.01237467576374059,3,0.25,1.0,2,"1,2",0.04838709677419354,8,8
7,16,matched_betti,0.5,max_full_branch_node_speed,all_interior,coexact,coexact,random_tangent,identity_stress,fresh_identity_05,0,next_token_logprob_delta,odd,0.041666666666666664,1,1.1048313330557338,0.04858830120768145,0.06634204760745624,3,0.25,1.0,2,"1,2",0.05000000000000001,8,8
7,16,matched_betti,0.5,max_full_branch_node_speed,all_interior,coexact,coexact,random_tangent,literal_stable,fresh_literal_01,0,next_token_logprob_delta,odd,0.041666666666666664,1,1.3868232676092536,0.012116687088470319,0.013207963484629869,3,0.25,1.0,2,"1,2",0.04838709677419354,8,8
7,16,matched_betti,0.5,max_full_branch_node_speed,all_interior,coexact,coexact,random_tangent,literal_stable,fresh_literal_02,0,next_token_logprob_delta,odd,0.041666666666666664,1,1.5443834291139313,0.07928572355429485,0.07738318688033594,3,0.25,1.0,2,"1,2",0.05000000000000001,8,8
7,16,matched_betti,0.5,max_full_branch_node_speed,all_interior,coexact,coexact,random_tangent,literal_stable,fresh_literal_03,0,next_token_logprob_delta,odd,0.041666666666666664,1,1.0966669394649722,0.12657777092054592,0.17190171169554083,3,0.25,1.0,2,"1,2",0.04838709677419354,8,8
7,16,matched_betti,0.5,max_full_branch_node_speed,all_interior,coexact,coexact,random_tangent,literal_stable,fresh_literal_04,0,next_token_logprob_delta,odd,0.041666666666666664,1,1.116542364272424,0.014884718222892087,0.020150609789583107,3,0.25,1.0,2,"1,2",0.04545454545454545,8,8
7,16,matched_betti,0.5,max_full_branch_node_speed,all_interior,coexact,coexact,random_tangent,literal_stable,fresh_literal_05,0,next_token_logprob_delta,odd,0.041666666666666664,1,0.1273170911496699,0.04016754476309955,0.430513881565282,3,0.25,1.0,2,"1,2",0.04545454545454545,8,8
7,16,matched_betti,0.5,max_full_branch_node_speed,all_interior,coexact,coexact,random_tangent,metaphor_shift,fresh_metaphor_01,0,next_token_logprob_delta,odd,0.041666666666666664,1,-0.03493078031994005,0.1368828302090686,0.9860521961498461,3,0.25,1.0,2,"1,2",0.05000000000000001,8,8
7,16,matched_betti,0.5,max_full_branch_node_speed,all_interior,coexact,coexact,random_tangent,metaphor_shift,fresh_metaphor_02,0,next_token_logprob_delta,odd,0.041666666666666664,1,0.16974356588639541,0.011519514021104998,0.10206523785415224,3,0.25,1.0,2,"1,2",0.046875,8,8
7,16,matched_betti,0.5,max_full_branch_node_speed,all_interior,coexact,coexact,random_tangent,metaphor_shift,fresh_metaphor_03,0,next_token_logprob_delta,odd,0.041666666666666664,1,1.6080649183564102,0.041339508028927906,0.03883693299189924,3,0.25,1.0,2,"1,2",0.046875,8,8
7,16,matched_betti,0.5,max_full_branch_node_speed,all_interior,coexact,coexact,random_tangent,metaphor_shift,fresh_metaphor_04,0,next_token_logprob_delta,odd,0.041666666666666664,1,0.12768618796819467,0.03508980747149486,0.38367987658319325,3,0.25,1.0,2,"1,2",0.04838709677419354,8,8
7,16,matched_betti,0.5,max_full_branch_node_speed,all_interior,coexact,coexact,random_tangent,metaphor_shift,fresh_metaphor_05,0,next_token_logprob_delta,odd,0.041666666666666664,1,0.9092516574709119,0.08054723006967818,0.13274463706254594,3,0.25,1.0,2,"1,2",0.05000000000000001,8,8
7,16,matched_betti,0.5,max_full_branch_node_speed,all_interior,coexact,coexact,random_tangent,ontology_collapse,fresh_ontology_01,0,next_token_logprob_delta,odd,0.041666666666666664,1,0.8360268751825469,0.01695563283367318,0.030647896715143334,3,0.25,1.0,2,"1,2",0.05000000000000001,8,8
7,16,matched_betti,0.5,max_full_branch_node_speed,all_interior,coexact,coexact,random_tangent,ontology_collapse,fresh_ontology_02,0,next_token_logprob_delta,odd,0.041666666666666664,1,-0.6058994693257779,0.005437073725980775,0.01356549537134465,3,0.25,1.0,2,"1,2",0.05000000000000001,8,8
7,16,matched_betti,0.5,max_full_branch_node_speed,all_interior,coexact,coexact,random_tangent,ontology_collapse,fresh_ontology_03,0,next_token_logprob_delta,odd,0.041666666666666664,1,2.268184043052833,0.0954330009282916,0.06348255273829856,3,0.25,1.0,2,"1,2",0.046875,8,8
7,16,matched_betti,0.5,max_full_branch_node_speed,all_interior,coexact,coexact,random_tangent,ontology_collapse,fresh_ontology_04,0,next_token_logprob_delta,odd,0.041666666666666664,1,0.6896869678155481,0.08949883851660327,0.19251966734930528,3,0.25,1.0,2,"1,2",0.046875,8,8
7,16,matched_betti,0.5,max_full_branch_node_speed,all_interior,coexact,coexact,random_tangent,ontology_collapse,fresh_ontology_05,0,next_token_logprob_delta,odd,0.041666666666666664,1,0.2587244868549036,0.0265654359239078,0.15339797538448643,3,0.25,1.0,2,"1,2",0.04545454545454545,8,8
7,16,matched_betti,0.5,max_full_branch_node_speed,all_interior,coexact,coexact,random_tangent,identity_stress,fresh_identity_01,1,next_token_logprob_delta,odd,0.125,1,-0.282868763164985,0.022245522368727226,0.1180647941129887,3,0.25,1.0,3,"3,4,5",0.125,8,8
7,16,matched_betti,0.5,max_full_branch_node_speed,all_interior,coexact,coexact,random_tangent,identity_stress,fresh_identity_02,1,next_token_logprob_delta,odd,0.125,1,-0.07504670016898796,0.013526453375559997,0.2629115022495654,3,0.25,1.0,3,"3,4,5",0.12903225806451613,8,8
7,16,matched_betti,0.5,max_full_branch_node_speed,all_interior,coexact,coexact,random_tangent,identity_stress,fresh_identity_03,1,next_token_logprob_delta,odd,0.125,1,0.3395502362862409,0.020889259155665252,0.09261035260784828,3,0.25,1.0,3,"3,4,5",0.125,8,8
7,16,matched_betti,0.5,max_full_branch_node_speed,all_interior,coexact,coexact,random_tangent,identity_stress,fresh_identity_04,1,next_token_logprob_delta,odd,0.125,1,0.7809412755336259,0.05209316167022815,0.10034042773172148,3,0.25,1.0,3,"3,4,5",0.12903225806451613,8,8
7,16,matched_betti,0.5,max_full_branch_node_speed,all_interior,coexact,coexact,random_tangent,identity_stress,fresh_identity_05,1,next_token_logprob_delta,odd,0.125,1,-0.8955609836428038,0.0614428326274581,0.10317232460138406,3,0.25,1.0,2,"3,4",0.11666666666666665,8,8
7,16,matched_betti,0.5,max_full_branch_node_speed,all_interior,coexact,coexact,random_tangent,literal_stable,fresh_literal_01,1,next_token_logprob_delta,odd,0.125,1,0.12007062465439787,0.005779260998634774,0.07257711104633162,3,0.25,1.0,3,"3,4,5",0.12903225806451613,8,8
7,16,matched_betti,0.5,max_full_branch_node_speed,all_interior,coexact,coexact,random_tangent,literal_stable,fresh_literal_02,1,next_token_logprob_delta,odd,0.125,1,0.2227313443422378,0.00653468622980252,0.04431263347665759,3,0.25,1.0,2,"3,4",0.11666666666666665,8,8
7,16,matched_betti,0.5,max_full_branch_node_speed,all_interior,coexact,coexact,random_tangent,literal_stable,fresh_literal_03,1,next_token_logprob_delta,odd,0.125,1,0.5656965381752818,0.011589631305482571,0.03095913671073121,3,0.25,1.0,3,"3,4,5",0.12903225806451613,8,8
7,16,matched_betti,0.5,max_full_branch_node_speed,all_interior,coexact,coexact,random_tangent,literal_stable,fresh_literal_04,1,next_token_logprob_delta,odd,0.125,1,0.43291105163263455,0.09223274827751012,0.3065926721207924,3,0.25,1.0,3,"3,4,5",0.12121212121212122,8,8
7,16,matched_betti,0.5,max_full_branch_node_speed,all_interior,coexact,coexact,random_tangent,literal_stable,fresh_literal_05,1,next_token_logprob_delta,odd,0.125,1,0.5389951659175986,0.0027384621370425835,0.007681040058232339,3,0.25,1.0,3,"3,4,5",0.12121212121212122,8,8
7,16,matched_betti,0.5,max_full_branch_node_speed,all_interior,coexact,coexact,random_tangent,metaphor_shift,fresh_metaphor_01,1,next_token_logprob_delta,odd,0.125,1,0.46395836030663695,0.16804999762092016,0.4803077580288455,3,0.25,1.0,2,"3,4",0.11666666666666665,8,8
7,16,matched_betti,0.5,max_full_branch_node_speed,all_interior,coexact,coexact,random_tangent,metaphor_shift,fresh_metaphor_02,1,next_token_logprob_delta,odd,0.125,1,-0.015744656802360847,0.03458909849821823,0.9575409911044716,3,0.25,1.0,3,"3,4,5",0.125,8,8
7,16,matched_betti,0.5,max_full_branch_node_speed,all_interior,coexact,coexact,random_tangent,metaphor_shift,fresh_metaphor_03,1,next_token_logprob_delta,odd,0.125,1,-0.16496037975030486,0.01275268589173736,0.11608783957346959,3,0.25,1.0,3,"3,4,5",0.125,8,8
7,16,matched_betti,0.5,max_full_branch_node_speed,all_interior,coexact,coexact,random_tangent,metaphor_shift,fresh_metaphor_04,1,next_token_logprob_delta,odd,0.125,1,-0.39355109480492534,0.01592970936216726,0.06108098497902965,3,0.25,1.0,1,3,0.09677419354838708,8,8
7,16,matched_betti,0.5,max_full_branch_node_speed,all_interior,coexact,coexact,random_tangent,metaphor_shift,fresh_metaphor_05,1,next_token_logprob_delta,odd,0.125,1,0.822789682960891,0.1386722852659257,0.24691753912493725,3,0.25,1.0,2,"3,4",0.11666666666666665,8,8
7,16,matched_betti,0.5,max_full_branch_node_speed,all_interior,coexact,coexact,random_tangent,ontology_collapse,fresh_ontology_01,1,next_token_logprob_delta,odd,0.125,1,0.7293759451574074,0.0334595739619779,0.0691891399622025,3,0.25,1.0,2,"3,4",0.11666666666666665,8,8
7,16,matched_betti,0.5,max_full_branch_node_speed,all_interior,coexact,coexact,random_tangent,ontology_collapse,fresh_ontology_02,1,next_token_logprob_delta,odd,0.125,1,0.4669167619237046,0.07140384028389123,0.22526054844118146,3,0.25,1.0,2,"3,4",0.11666666666666665,8,8
7,16,matched_betti,0.5,max_full_branch_node_speed,all_interior,coexact,coexact,random_tangent,ontology_collapse,fresh_ontology_03,1,next_token_logprob_delta,odd,0.125,1,0.26653848387018975,0.013618248831442959,0.07701591514649433,3,0.25,1.0,3,"3,4,5",0.125,8,8
7,16,matched_betti,0.5,max_full_branch_node_speed,all_interior,coexact,coexact,random_tangent,ontology_collapse,fresh_ontology_04,1,next_token_logprob_delta,odd,0.125,1,1.4379576881836758,0.04490412652408723,0.047159331830078394,3,0.25,1.0,3,"3,4,5",0.125,8,8
7,16,matched_betti,0.5,max_full_branch_node_speed,all_interior,coexact,coexact,random_tangent,ontology_collapse,fresh_ontology_05,1,next_token_logprob_delta,odd,0.125,1,0.26264575795959444,0.006507252851932121,0.03743120476943682,3,0.25,1.0,3,"3,4,5",0.12121212121212122,8,8
7,16,matched_betti,0.5,max_full_branch_node_speed,all_interior,coexact,coexact,random_tangent,identity_stress,fresh_identity_01,2,next_token_logprob_delta,odd,0.20833333333333334,1,0.13073836929707172,0.060026027554123194,0.5702274590889427,3,0.25,1.0,2,"6,7",0.203125,8,8
7,16,matched_betti,0.5,max_full_branch_node_speed,all_interior,coexact,coexact,random_tangent,identity_stress,fresh_identity_02,2,next_token_logprob_delta,odd,0.20833333333333334,1,0.12596718331977488,0.02140860704972879,0.24886225211406168,3,0.25,1.0,2,"6,7",0.20967741935483866,8,8
7,16,matched_betti,0.5,max_full_branch_node_speed,all_interior,coexact,coexact,random_tangent,identity_stress,fresh_identity_03,2,next_token_logprob_delta,odd,0.20833333333333334,1,-0.175593872353231,0.04589021560104002,0.36746948148831987,3,0.25,1.0,2,"6,7",0.203125,8,8
7,16,matched_betti,0.5,max_full_branch_node_speed,all_interior,coexact,coexact,random_tangent,identity_stress,fresh_identity_04,2,next_token_logprob_delta,odd,0.20833333333333334,1,0.2779905087875159,0.002116088019481284,0.011507632220375185,3,0.25,1.0,2,"6,7",0.20967741935483866,8,8
7,16,matched_betti,0.5,max_full_branch_node_speed,all_interior,coexact,coexact,random_tangent,identity_stress,fresh_identity_05,2,next_token_logprob_delta,odd,0.20833333333333334,1,-0.04475407003063791,0.02470044883460301,0.6406754339486113,3,0.25,1.0,3,"5,6,7",0.19999999999999998,8,8
7,16,matched_betti,0.5,max_full_branch_node_speed,all_interior,coexact,coexact,random_tangent,literal_stable,fresh_literal_01,2,next_token_logprob_delta,odd,0.20833333333333334,1,-0.30797693016304306,0.02175114807155805,0.10617279289260917,3,0.25,1.0,2,"6,7",0.20967741935483866,8,8
7,16,matched_betti,0.5,max_full_branch_node_speed,all_interior,coexact,coexact,random_tangent,literal_stable,fresh_literal_02,2,next_token_logprob_delta,odd,0.20833333333333334,1,-0.02663294728527756,0.01958599543979562,0.7435084817930078,3,0.25,1.0,3,"5,6,7",0.19999999999999998,8,8
7,16,matched_betti,0.5,max_full_branch_node_speed,all_interior,coexact,coexact,random_tangent,literal_stable,fresh_literal_03,2,next_token_logprob_delta,odd,0.20833333333333334,1,0.6323803556452771,0.017481156763555113,0.041756474029883674,3,0.25,1.0,2,"6,7",0.20967741935483866,8,8
7,16,matched_betti,0.5,max_full_branch_node_speed,all_interior,coexact,coexact,random_tangent,literal_stable,fresh_literal_04,2,next_token_logprob_delta,odd,0.20833333333333334,1,0.2680872427199423,0.010848519799560846,0.06106523906290032,3,0.25,1.0,3,"6,7,8",0.21212121212121213,8,8
7,16,matched_betti,0.5,max_full_branch_node_speed,all_interior,coexact,coexact,random_tangent,literal_stable,fresh_literal_05,2,next_token_logprob_delta,odd,0.20833333333333334,1,-1.3290924596895846,0.029521088622487323,0.03356165869117186,3,0.25,1.0,3,"6,7,8",0.21212121212121213,8,8
7,16,matched_betti,0.5,max_full_branch_node_speed,all_interior,coexact,coexact,random_tangent,metaphor_shift,fresh_metaphor_01,2,next_token_logprob_delta,odd,0.20833333333333334,1,1.6628457814693494,0.014872257125903456,0.013520606831425962,3,0.25,1.0,3,"5,6,7",0.19999999999999998,8,8
7,16,matched_betti,0.5,max_full_branch_node_speed,all_interior,coexact,coexact,random_tangent,metaphor_shift,fresh_metaphor_02,2,next_token_logprob_delta,odd,0.20833333333333334,1,0.28010953190445,0.06075139430045669,0.3115760437752508,3,0.25,1.0,2,"6,7",0.203125,8,8
7,16,matched_betti,0.5,max_full_branch_node_speed,all_interior,coexact,coexact,random_tangent,metaphor_shift,fresh_metaphor_03,2,next_token_logprob_delta,odd,0.20833333333333334,1,-0.33145119826705444,0.060350367676541644,0.2654055424872673,3,0.25,1.0,2,"6,7",0.203125,8,8
7,16,matched_betti,0.5,max_full_branch_node_speed,all_interior,coexact,coexact,random_tangent,metaphor_shift,fresh_metaphor_04,2,next_token_logprob_delta,odd,0.20833333333333334,1,-0.1738130087603961,0.05127567509411504,0.40732853612484593,3,0.25,1.0,2,"6,7",0.20967741935483866,8,8
7,16,matched_betti,0.5,max_full_branch_node_speed,all_interior,coexact,coexact,random_tangent,metaphor_shift,fresh_metaphor_05,2,next_token_logprob_delta,odd,0.20833333333333334,1,-0.002264097239157246,0.030785820710834674,0.9988189539617359,3,0.25,1.0,3,"5,6,7",0.19999999999999998,8,8
7,16,matched_betti,0.5,max_full_branch_node_speed,all_interior,coexact,coexact,random_tangent,ontology_collapse,fresh_ontology_01,2,next_token_logprob_delta,odd,0.20833333333333334,1,0.7141779714880868,0.05991044048177553,0.1258177947509395,3,0.25,1.0,3,"5,6,7",0.19999999999999998,8,8
7,16,matched_betti,0.5,max_full_branch_node_speed,all_interior,coexact,coexact,random_tangent,ontology_collapse,fresh_ontology_02,2,next_token_logprob_delta,odd,0.20833333333333334,1,0.7495572457734316,0.004666071412958148,0.009411055025906414,3,0.25,1.0,3,"5,6,7",0.19999999999999998,8,8
7,16,matched_betti,0.5,max_full_branch_node_speed,all_interior,coexact,coexact,random_tangent,ontology_collapse,fresh_ontology_03,2,next_token_logprob_delta,odd,0.20833333333333334,1,0.8977161585107951,0.07688898520874617,0.12841779207543175,3,0.25,1.0,2,"6,7",0.203125,8,8
7,16,matched_betti,0.5,max_full_branch_node_speed,all_interior,coexact,coexact,random_tangent,ontology_collapse,fresh_ontology_04,2,next_token_logprob_delta,odd,0.20833333333333334,1,0.5337175096082208,0.008710957595323329,0.02466796047738782,3,0.25,1.0,2,"6,7",0.203125,8,8
7,16,matched_betti,0.5,max_full_branch_node_speed,all_interior,coexact,coexact,random_tangent,ontology_collapse,fresh_ontology_05,2,next_token_logprob_delta,odd,0.20833333333333334,1,0.1984026898162204,0.013488035879674011,0.10224221233190174,3,0.25,1.0,3,"6,7,8",0.21212121212121213,8,8
7,16,matched_betti,0.5,max_full_branch_node_speed,all_interior,coexact,coexact,random_tangent,identity_stress,fresh_identity_01,3,next_token_logprob_delta,odd,0.2916666666666667,1,0.09984998404548093,0.02015372667174997,0.29186679140470395,3,0.25,1.0,3,"8,9,10",0.28125,8,8
7,16,matched_betti,0.5,max_full_branch_node_speed,all_interior,coexact,coexact,random_tangent,identity_stress,fresh_identity_02,3,next_token_logprob_delta,odd,0.2916666666666667,1,-0.015059952471608165,0.003859341324944181,0.3612696057344254,3,0.25,1.0,3,"8,9,10",0.2903225806451613,8,8
7,16,matched_betti,0.5,max_full_branch_node_speed,all_interior,coexact,coexact,random_tangent,identity_stress,fresh_identity_03,3,next_token_logprob_delta,odd,0.2916666666666667,1,-0.26509817298479427,0.07248159665561904,0.3820126842970573,3,0.25,1.0,3,"8,9,10",0.28125,8,8
7,16,matched_betti,0.5,max_full_branch_node_speed,all_interior,coexact,coexact,random_tangent,identity_stress,fresh_identity_04,3,next_token_logprob_delta,odd,0.2916666666666667,1,0.18662230105851996,0.013184742228199382,0.10620763079396228,3,0.25,1.0,3,"8,9,10",0.2903225806451613,8,8
7,16,matched_betti,0.5,max_full_branch_node_speed,all_interior,coexact,coexact,random_tangent,identity_stress,fresh_identity_05,3,next_token_logprob_delta,odd,0.2916666666666667,1,-0.11077753356438427,0.031922817670176976,0.39941239471575846,3,0.25,1.0,2,"8,9",0.2833333333333333,8,8
7,16,matched_betti,0.5,max_full_branch_node_speed,all_interior,coexact,coexact,random_tangent,literal_stable,fresh_literal_01,3,next_token_logprob_delta,odd,0.2916666666666667,1,-0.18859683764067464,0.0019474682803010475,0.015609681463228234,3,0.25,1.0,3,"8,9,10",0.2903225806451613,8,8
7,16,matched_betti,0.5,max_full_branch_node_speed,all_interior,coexact,coexact,random_tangent,literal_stable,fresh_literal_02,3,next_token_logprob_delta,odd,0.2916666666666667,1,-0.420021680238314,0.047832654513814216,0.16967596739385013,3,0.25,1.0,2,"8,9",0.2833333333333333,8,8
7,16,matched_betti,0.5,max_full_branch_node_speed,all_interior,coexact,coexact,random_tangent,literal_stable,fresh_literal_03,3,next_token_logprob_delta,odd,0.2916666666666667,1,0.2834264999553707,0.014618021179964144,0.07773968962281302,3,0.25,1.0,3,"8,9,10",0.2903225806451613,8,8
7,16,matched_betti,0.5,max_full_branch_node_speed,all_interior,coexact,coexact,random_tangent,literal_stable,fresh_literal_04,3,next_token_logprob_delta,odd,0.2916666666666667,1,0.548093095308988,0.020875331749660952,0.05748720768270692,3,0.25,1.0,2,"9,10",0.28787878787878785,8,8
7,16,matched_betti,0.5,max_full_branch_node_speed,all_interior,coexact,coexact,random_tangent,literal_stable,fresh_literal_05,3,next_token_logprob_delta,odd,0.2916666666666667,1,0.2422459836539675,0.029241714616304502,0.17953241555476884,3,0.25,1.0,2,"9,10",0.28787878787878785,8,8
7,16,matched_betti,0.5,max_full_branch_node_speed,all_interior,coexact,coexact,random_tangent,metaphor_shift,fresh_metaphor_01,3,next_token_logprob_delta,odd,0.2916666666666667,1,-1.8890909834133343,0.0645543077098206,0.05159463046122788,3,0.25,1.0,1,8,0.26666666666666666,8,8
7,16,matched_betti,0.5,max_full_branch_node_speed,all_interior,coexact,coexact,random_tangent,metaphor_shift,fresh_metaphor_02,3,next_token_logprob_delta,odd,0.2916666666666667,1,0.262968006138972,0.005882117083653395,0.033798196743591656,3,0.25,1.0,3,"8,9,10",0.28125,8,8
7,16,matched_betti,0.5,max_full_branch_node_speed,all_interior,coexact,coexact,random_tangent,metaphor_shift,fresh_metaphor_03,3,next_token_logprob_delta,odd,0.2916666666666667,1,-0.9632341969082419,0.0023810472662237248,0.003737180401038222,3,0.25,1.0,1,10,0.3125,8,8
7,16,matched_betti,0.5,max_full_branch_node_speed,all_interior,coexact,coexact,random_tangent,metaphor_shift,fresh_metaphor_04,3,next_token_logprob_delta,odd,0.2916666666666667,1,0.13188371074171418,0.0062016374891726515,0.07091391267941956,3,0.25,1.0,2,"8,10",0.29032258064516125,8,8
7,16,matched_betti,0.5,max_full_branch_node_speed,all_interior,coexact,coexact,random_tangent,metaphor_shift,fresh_metaphor_05,3,next_token_logprob_delta,odd,0.2916666666666667,1,0.5580776202651042,0.0029423253712779172,0.007970641295256781,3,0.25,1.0,2,"8,9",0.2833333333333333,8,8
7,16,matched_betti,0.5,max_full_branch_node_speed,all_interior,coexact,coexact,random_tangent,ontology_collapse,fresh_ontology_01,3,next_token_logprob_delta,odd,0.2916666666666667,1,0.2971249551333655,0.12069796307462954,0.523331801602185,3,0.25,1.0,2,"8,9",0.2833333333333333,8,8
7,16,matched_betti,0.5,max_full_branch_node_speed,all_interior,coexact,coexact,random_tangent,ontology_collapse,fresh_ontology_02,3,next_token_logprob_delta,odd,0.2916666666666667,1,1.8806693390083322,0.09456796930952618,0.07580384158574137,3,0.25,1.0,2,"8,9",0.2833333333333333,8,8
7,16,matched_betti,0.5,max_full_branch_node_speed,all_interior,coexact,coexact,random_tangent,ontology_collapse,fresh_ontology_03,3,next_token_logprob_delta,odd,0.2916666666666667,1,0.026487068953526573,0.024360168041940373,0.8118466769724849,3,0.25,1.0,2,"8,9",0.265625,8,8
7,16,matched_betti,0.5,max_full_branch_node_speed,all_interior,coexact,coexact,random_tangent,ontology_collapse,fresh_ontology_04,3,next_token_logprob_delta,odd,0.2916666666666667,1,0.07152982329059106,0.03314255234908283,0.5737386025037426,3,0.25,1.0,3,"8,9,10",0.28125,8,8
7,16,matched_betti,0.5,max_full_branch_node_speed,all_interior,coexact,coexact,random_tangent,ontology_collapse,fresh_ontology_05,3,next_token_logprob_delta,odd,0.2916666666666667,1,-0.16653878162456626,0.034969744315763766,0.3025782456697001,3,0.25,1.0,2,"9,10",0.28787878787878785,8,8
7,16,matched_betti,0.5,max_full_branch_node_speed,all_interior,coexact,coexact,random_tangent,identity_stress,fresh_identity_01,4,next_token_logprob_delta,odd,0.375,1,0.12606422232330544,0.10223761567201886,0.7749419616697566,3,0.25,1.0,3,"11,12,13",0.375,8,8
7,16,matched_betti,0.5,max_full_branch_node_speed,all_interior,coexact,coexact,random_tangent,identity_stress,fresh_identity_02,4,next_token_logprob_delta,odd,0.375,1,0.6343081528125668,0.0001588675902763589,0.00037865696958834603,3,0.25,1.0,2,"11,12",0.3709677419354838,8,8
7,16,matched_betti,0.5,max_full_branch_node_speed,all_interior,coexact,coexact,random_tangent,identity_stress,fresh_identity_03,4,next_token_logprob_delta,odd,0.375,1,0.012071627331928615,0.005822792924060745,0.5892161681859873,3,0.25,1.0,3,"11,12,13",0.375,8,8
7,16,matched_betti,0.5,max_full_branch_node_speed,all_interior,coexact,coexact,random_tangent,identity_stress,fresh_identity_04,4,next_token_logprob_delta,odd,0.375,1,1.797118174107964,0.2751173830251969,0.2254867873255871,3,0.25,1.0,2,"11,12",0.3709677419354838,8,8
7,16,matched_betti,0.5,max_full_branch_node_speed,all_interior,coexact,coexact,random_tangent,identity_stress,fresh_identity_05,4,next_token_logprob_delta,odd,0.375,1,0.797281587580033,0.034182393090990436,0.06468316617463826,3,0.25,1.0,3,"10,11,12",0.3666666666666667,8,8
7,16,matched_betti,0.5,max_full_branch_node_speed,all_interior,coexact,coexact,random_tangent,literal_stable,fresh_literal_01,4,next_token_logprob_delta,odd,0.375,1,-0.4958065615740992,0.020635564396306438,0.06279961429016491,3,0.25,1.0,1,11,0.3548387096774193,8,8
7,16,matched_betti,0.5,max_full_branch_node_speed,all_interior,coexact,coexact,random_tangent,literal_stable,fresh_literal_02,4,next_token_logprob_delta,odd,0.375,1,-0.01209232951152585,0.06297222625505584,0.9920300847742393,3,0.25,1.0,3,"10,11,12",0.3666666666666667,8,8
7,16,matched_betti,0.5,max_full_branch_node_speed,all_interior,coexact,coexact,random_tangent,literal_stable,fresh_literal_03,4,next_token_logprob_delta,odd,0.375,1,-0.045590641933852795,0.007378850846947485,0.23768216901650308,3,0.25,1.0,2,"11,12",0.3709677419354838,8,8
7,16,matched_betti,0.5,max_full_branch_node_speed,all_interior,coexact,coexact,random_tangent,literal_stable,fresh_literal_04,4,next_token_logprob_delta,odd,0.375,1,-0.5201218505324358,0.011434782967450199,0.03321957220479069,3,0.25,1.0,3,"11,12,13",0.3636363636363636,8,8
7,16,matched_betti,0.5,max_full_branch_node_speed,all_interior,coexact,coexact,random_tangent,literal_stable,fresh_literal_05,4,next_token_logprob_delta,odd,0.375,1,0.9350830576009249,0.04224166506903693,0.06813829888028504,3,0.25,1.0,3,"11,12,13",0.3636363636363636,8,8
7,16,matched_betti,0.5,max_full_branch_node_speed,all_interior,coexact,coexact,random_tangent,metaphor_shift,fresh_metaphor_01,4,next_token_logprob_delta,odd,0.375,1,0.15325311267809788,0.003254289116816271,0.032087369190415535,3,0.25,1.0,3,"10,11,12",0.3666666666666667,8,8
7,16,matched_betti,0.5,max_full_branch_node_speed,all_interior,coexact,coexact,random_tangent,metaphor_shift,fresh_metaphor_02,4,next_token_logprob_delta,odd,0.375,1,-0.3190534058587418,0.02872734813656432,0.1348826570793224,3,0.25,1.0,3,"11,12,13",0.375,8,8
7,16,matched_betti,0.5,max_full_branch_node_speed,all_interior,coexact,coexact,random_tangent,metaphor_shift,fresh_metaphor_03,4,next_token_logprob_delta,odd,0.375,1,1.253235073116638,0.01128250646800762,0.013609551025171064,3,0.25,1.0,3,"11,12,13",0.375,8,8
7,16,matched_betti,0.5,max_full_branch_node_speed,all_interior,coexact,coexact,random_tangent,metaphor_shift,fresh_metaphor_04,4,next_token_logprob_delta,odd,0.375,1,0.6419551676854292,0.01708636689354688,0.04020727774870988,3,0.25,1.0,2,"11,12",0.3709677419354838,8,8
7,16,matched_betti,0.5,max_full_branch_node_speed,all_interior,coexact,coexact,random_tangent,metaphor_shift,fresh_metaphor_05,4,next_token_logprob_delta,odd,0.375,1,-0.10714801656676325,0.021258433241811876,0.2873095451907684,3,0.25,1.0,3,"10,11,12",0.3666666666666667,8,8
7,16,matched_betti,0.5,max_full_branch_node_speed,all_interior,coexact,coexact,random_tangent,ontology_collapse,fresh_ontology_01,4,next_token_logprob_delta,odd,0.375,1,0.5780993337886555,0.01187871700395717,0.031050498606624295,3,0.25,1.0,3,"10,11,12",0.3666666666666667,8,8
7,16,matched_betti,0.5,max_full_branch_node_speed,all_interior,coexact,coexact,random_tangent,ontology_collapse,fresh_ontology_02,4,next_token_logprob_delta,odd,0.375,1,0.3761883634361581,0.06178986166551845,0.24100657183532964,3,0.25,1.0,3,"10,11,12",0.3666666666666667,8,8
7,16,matched_betti,0.5,max_full_branch_node_speed,all_interior,coexact,coexact,random_tangent,ontology_collapse,fresh_ontology_03,4,next_token_logprob_delta,odd,0.375,1,0.45117032217546427,0.010416707444929488,0.034884820754366455,3,0.25,1.0,3,"11,12,13",0.375,8,8
7,16,matched_betti,0.5,max_full_branch_node_speed,all_interior,coexact,coexact,random_tangent,ontology_collapse,fresh_ontology_04,4,next_token_logprob_delta,odd,0.375,1,0.7664233758238174,0.028671778348162716,0.05646812236620295,3,0.25,1.0,3,"11,12,13",0.375,8,8
7,16,matched_betti,0.5,max_full_branch_node_speed,all_interior,coexact,coexact,random_tangent,ontology_collapse,fresh_ontology_05,4,next_token_logprob_delta,odd,0.375,1,0.024555897203997402,0.0406352508493348,0.9285704387789379,3,0.25,1.0,3,"11,12,13",0.3636363636363636,8,8
7,16,matched_betti,0.5,max_full_branch_node_speed,all_interior,coexact,coexact,random_tangent,identity_stress,fresh_identity_01,5,next_token_logprob_delta,odd,0.4583333333333333,1,0.20407859091533057,0.012332481251266274,0.09098273608739532,3,0.25,1.0,2,"14,15",0.453125,8,8
7,16,matched_betti,0.5,max_full_branch_node_speed,all_interior,coexact,coexact,random_tangent,identity_stress,fresh_identity_02,5,next_token_logprob_delta,odd,0.4583333333333333,1,-0.41661686245629376,0.04314077482175723,0.15466932733281402,3,0.25,1.0,3,"13,14,15",0.4516129032258065,8,8
7,16,matched_betti,0.5,max_full_branch_node_speed,all_interior,coexact,coexact,random_tangent,identity_stress,fresh_identity_03,5,next_token_logprob_delta,odd,0.4583333333333333,1,0.6563286459879324,0.02485860146990094,0.05716832354731354,3,0.25,1.0,2,"14,15",0.453125,8,8
7,16,matched_betti,0.5,max_full_branch_node_speed,all_interior,coexact,coexact,random_tangent,identity_stress,fresh_identity_04,5,next_token_logprob_delta,odd,0.4583333333333333,1,0.7718088859757065,0.018198599510362467,0.03562569852497612,3,0.25,1.0,3,"13,14,15",0.4516129032258065,8,8
7,16,matched_betti,0.5,max_full_branch_node_speed,all_interior,coexact,coexact,random_tangent,identity_stress,fresh_identity_05,5,next_token_logprob_delta,odd,0.4583333333333333,1,0.14761621035468528,0.014020348774131837,0.142135929291554,3,0.25,1.0,2,"13,14",0.45,8,8
7,16,matched_betti,0.5,max_full_branch_node_speed,all_interior,coexact,coexact,random_tangent,literal_stable,fresh_literal_01,5,next_token_logprob_delta,odd,0.4583333333333333,1,0.4655501171796623,0.028304685846868703,0.09153262100592828,3,0.25,1.0,3,"13,14,15",0.4516129032258065,8,8
7,16,matched_betti,0.5,max_full_branch_node_speed,all_interior,coexact,coexact,random_tangent,literal_stable,fresh_literal_02,5,next_token_logprob_delta,odd,0.4583333333333333,1,0.7104359113202515,0.08284334376148553,0.1736190628310245,3,0.25,1.0,2,"13,14",0.45,8,8
7,16,matched_betti,0.5,max_full_branch_node_speed,all_interior,coexact,coexact,random_tangent,literal_stable,fresh_literal_03,5,next_token_logprob_delta,odd,0.4583333333333333,1,-0.06097455770843689,0.05699955896543111,0.8163203065710873,3,0.25,1.0,3,"13,14,15",0.4516129032258065,8,8
7,16,matched_betti,0.5,max_full_branch_node_speed,all_interior,coexact,coexact,random_tangent,literal_stable,fresh_literal_04,5,next_token_logprob_delta,odd,0.4583333333333333,1,0.1694995857411783,0.054115073740936326,0.4346926829155832,3,0.25,1.0,2,"15,16",0.4696969696969697,8,8
7,16,matched_betti,0.5,max_full_branch_node_speed,all_interior,coexact,coexact,random_tangent,literal_stable,fresh_literal_05,5,next_token_logprob_delta,odd,0.4583333333333333,1,0.309828925328081,0.06419194832006228,0.2989134723083377,3,0.25,1.0,2,"14,15",0.4393939393939394,8,8
7,16,matched_betti,0.5,max_full_branch_node_speed,all_interior,coexact,coexact,random_tangent,metaphor_shift,fresh_metaphor_01,5,next_token_logprob_delta,odd,0.4583333333333333,1,1.5709625631071849,0.02811090099037619,0.027043383916977314,3,0.25,1.0,2,"13,14",0.45,8,8
7,16,matched_betti,0.5,max_full_branch_node_speed,all_interior,coexact,coexact,random_tangent,metaphor_shift,fresh_metaphor_02,5,next_token_logprob_delta,odd,0.4583333333333333,1,-0.009470007111688227,0.08207809466033142,0.9971006397923802,3,0.25,1.0,2,"14,15",0.453125,8,8
7,16,matched_betti,0.5,max_full_branch_node_speed,all_interior,coexact,coexact,random_tangent,metaphor_shift,fresh_metaphor_03,5,next_token_logprob_delta,odd,0.4583333333333333,1,1.0988429183454853,0.05548030932983216,0.07611191248310303,3,0.25,1.0,2,"14,15",0.453125,8,8
7,16,matched_betti,0.5,max_full_branch_node_speed,all_interior,coexact,coexact,random_tangent,metaphor_shift,fresh_metaphor_04,5,next_token_logprob_delta,odd,0.4583333333333333,1,1.2119959269266065,0.033126673966849915,0.041287365245552037,3,0.25,1.0,3,"13,14,15",0.4516129032258065,8,8
7,16,matched_betti,0.5,max_full_branch_node_speed,all_interior,coexact,coexact,random_tangent,metaphor_shift,fresh_metaphor_05,5,next_token_logprob_delta,odd,0.4583333333333333,1,0.4196449261067044,0.05395078764848149,0.19079820675339687,3,0.25,1.0,2,"13,14",0.45,8,8
7,16,matched_betti,0.5,max_full_branch_node_speed,all_interior,coexact,coexact,random_tangent,ontology_collapse,fresh_ontology_01,5,next_token_logprob_delta,odd,0.4583333333333333,1,0.2690422089506989,0.014409625887782634,0.0807094022529031,3,0.25,1.0,2,"13,14",0.45,8,8
7,16,matched_betti,0.5,max_full_branch_node_speed,all_interior,coexact,coexact,random_tangent,ontology_collapse,fresh_ontology_02,5,next_token_logprob_delta,odd,0.4583333333333333,1,1.4330924348915848,0.04926200215043143,0.0518994958301829,3,0.25,1.0,2,"13,14",0.45,8,8
7,16,matched_betti,0.5,max_full_branch_node_speed,all_interior,coexact,coexact,random_tangent,ontology_collapse,fresh_ontology_03,5,next_token_logprob_delta,odd,0.4583333333333333,1,-0.14920195477755185,0.007995341845377785,0.08075192215363686,3,0.25,1.0,2,"14,15",0.453125,8,8
7,16,matched_betti,0.5,max_full_branch_node_speed,all_interior,coexact,coexact,random_tangent,ontology_collapse,fresh_ontology_04,5,next_token_logprob_delta,odd,0.4583333333333333,1,0.05300164630553571,0.012155459759232327,0.3275976989656252,3,0.25,1.0,2,"14,15",0.453125,8,8
7,16,matched_betti,0.5,max_full_branch_node_speed,all_interior,coexact,coexact,random_tangent,ontology_collapse,fresh_ontology_05,5,next_token_logprob_delta,odd,0.4583333333333333,1,0.03228615900014903,0.007052559092990947,0.3135905446388039,3,0.25,1.0,3,"14,15,16",0.4545454545454546,8,8
7,16,matched_betti,0.5,max_full_branch_node_speed,all_interior,coexact,coexact,random_tangent,identity_stress,fresh_identity_01,6,next_token_logprob_delta,odd,0.5416666666666666,1,-0.3513717487009047,0.007215080584335217,0.031029597304636176,3,0.25,1.0,3,"16,17,18",0.53125,8,8
7,16,matched_betti,0.5,max_full_branch_node_speed,all_interior,coexact,coexact,random_tangent,identity_stress,fresh_identity_02,6,next_token_logprob_delta,odd,0.5416666666666666,1,-0.24001851567549023,0.006711705468122357,0.04223877886104698,3,0.25,1.0,3,"16,17,18",0.5483870967741935,8,8
7,16,matched_betti,0.5,max_full_branch_node_speed,all_interior,coexact,coexact,random_tangent,identity_stress,fresh_identity_03,6,next_token_logprob_delta,odd,0.5416666666666666,1,0.3088996625901498,0.00137194261894827,0.006714593016769207,3,0.25,1.0,3,"16,17,18",0.53125,8,8
7,16,matched_betti,0.5,max_full_branch_node_speed,all_interior,coexact,coexact,random_tangent,identity_stress,fresh_identity_04,6,next_token_logprob_delta,odd,0.5416666666666666,1,1.139905100908883,0.0515753431020614,0.06824497845870361,3,0.25,1.0,3,"16,17,18",0.5483870967741935,8,8
7,16,matched_betti,0.5,max_full_branch_node_speed,all_interior,coexact,coexact,random_tangent,identity_stress,fresh_identity_05,6,next_token_logprob_delta,odd,0.5416666666666666,1,0.22024169014975964,0.07760951166126152,0.47018984008904363,3,0.25,1.0,3,"15,16,17",0.5333333333333333,8,8
7,16,matched_betti,0.5,max_full_branch_node_speed,all_interior,coexact,coexact,random_tangent,literal_stable,fresh_literal_01,6,next_token_logprob_delta,odd,0.5416666666666666,1,0.5704485471492271,0.04881600642515097,0.12830752600116838,3,0.25,1.0,3,"16,17,18",0.5483870967741935,8,8
7,16,matched_betti,0.5,max_full_branch_node_speed,all_interior,coexact,coexact,random_tangent,literal_stable,fresh_literal_02,6,next_token_logprob_delta,odd,0.5416666666666666,1,-0.07972564624059994,0.003497837046869715,0.06618494387492793,3,0.25,1.0,3,"15,16,17",0.5333333333333333,8,8
7,16,matched_betti,0.5,max_full_branch_node_speed,all_interior,coexact,coexact,random_tangent,literal_stable,fresh_literal_03,6,next_token_logprob_delta,odd,0.5416666666666666,1,0.026432592137020327,0.007662555425582056,0.4014130957732956,3,0.25,1.0,3,"16,17,18",0.5483870967741935,8,8
7,16,matched_betti,0.5,max_full_branch_node_speed,all_interior,coexact,coexact,random_tangent,literal_stable,fresh_literal_04,6,next_token_logprob_delta,odd,0.5416666666666666,1,0.11376477676778371,0.011895118497711559,0.1561393561109998,3,0.25,1.0,3,"17,18,19",0.5454545454545454,8,8
7,16,matched_betti,0.5,max_full_branch_node_speed,all_interior,coexact,coexact,random_tangent,literal_stable,fresh_literal_05,6,next_token_logprob_delta,odd,0.5416666666666666,1,0.6167276055261153,0.05519639258430198,0.13408758200685145,3,0.25,1.0,3,"17,18,19",0.5454545454545454,8,8
7,16,matched_betti,0.5,max_full_branch_node_speed,all_interior,coexact,coexact,random_tangent,metaphor_shift,fresh_metaphor_01,6,next_token_logprob_delta,odd,0.5416666666666666,1,0.6330869016906651,0.08323646070480996,0.19496049492055015,3,0.25,1.0,3,"15,16,17",0.5333333333333333,8,8
7,16,matched_betti,0.5,max_full_branch_node_speed,all_interior,coexact,coexact,random_tangent,metaphor_shift,fresh_metaphor_02,6,next_token_logprob_delta,odd,0.5416666666666666,1,0.3563091533465226,0.01542336634326718,0.06530330434436941,3,0.25,1.0,3,"16,17,18",0.53125,8,8
7,16,matched_betti,0.5,max_full_branch_node_speed,all_interior,coexact,coexact,random_tangent,metaphor_shift,fresh_metaphor_03,6,next_token_logprob_delta,odd,0.5416666666666666,1,-0.1393536807166462,0.034415009856330746,0.34978502463078454,3,0.25,1.0,3,"16,17,18",0.53125,8,8
7,16,matched_betti,0.5,max_full_branch_node_speed,all_interior,coexact,coexact,random_tangent,metaphor_shift,fresh_metaphor_04,6,next_token_logprob_delta,odd,0.5416666666666666,1,-0.010596433804455293,0.036209664096503315,0.9817770174461323,3,0.25,1.0,3,"16,17,18",0.5483870967741935,8,8
7,16,matched_betti,0.5,max_full_branch_node_speed,all_interior,coexact,coexact,random_tangent,metaphor_shift,fresh_metaphor_05,6,next_token_logprob_delta,odd,0.5416666666666666,1,0.5515208431411576,0.022838832393464254,0.06248466762544786,3,0.25,1.0,3,"15,16,17",0.5333333333333333,8,8
7,16,matched_betti,0.5,max_full_branch_node_speed,all_interior,coexact,coexact,random_tangent,ontology_collapse,fresh_ontology_01,6,next_token_logprob_delta,odd,0.5416666666666666,1,0.7413144724226196,0.03344556847841746,0.06805172244288935,3,0.25,1.0,3,"15,16,17",0.5333333333333333,8,8
7,16,matched_betti,0.5,max_full_branch_node_speed,all_interior,coexact,coexact,random_tangent,ontology_collapse,fresh_ontology_02,6,next_token_logprob_delta,odd,0.5416666666666666,1,0.5143397827093936,0.10253341625611585,0.28856707492097916,3,0.25,1.0,3,"15,16,17",0.5333333333333333,8,8
7,16,matched_betti,0.5,max_full_branch_node_speed,all_interior,coexact,coexact,random_tangent,ontology_collapse,fresh_ontology_03,6,next_token_logprob_delta,odd,0.5416666666666666,1,0.33779218169835074,0.007396181937913539,0.03308500010296264,3,0.25,1.0,3,"16,17,18",0.53125,8,8
7,16,matched_betti,0.5,max_full_branch_node_speed,all_interior,coexact,coexact,random_tangent,ontology_collapse,fresh_ontology_04,6,next_token_logprob_delta,odd,0.5416666666666666,1,0.2789669938061701,0.01412650752814952,0.07633503832436951,3,0.25,1.0,2,"16,17",0.515625,8,8
7,16,matched_betti,0.5,max_full_branch_node_speed,all_interior,coexact,coexact,random_tangent,ontology_collapse,fresh_ontology_05,6,next_token_logprob_delta,odd,0.5416666666666666,1,0.25148036428203974,0.05665380383263942,0.32240602056369344,3,0.25,1.0,3,"17,18,19",0.5454545454545454,8,8
7,16,matched_betti,0.5,max_full_branch_node_speed,all_interior,coexact,coexact,random_tangent,identity_stress,fresh_identity_01,7,next_token_logprob_delta,odd,0.625,1,0.38522142850055646,0.03310979815447419,0.12886086374241854,3,0.25,1.0,3,"19,20,21",0.625,8,8
7,16,matched_betti,0.5,max_full_branch_node_speed,all_interior,coexact,coexact,random_tangent,identity_stress,fresh_identity_02,7,next_token_logprob_delta,odd,0.625,1,-0.2937539652090696,0.029466285402665104,0.14993915595361756,3,0.25,1.0,2,"19,20",0.6290322580645161,8,8
7,16,matched_betti,0.5,max_full_branch_node_speed,all_interior,coexact,coexact,random_tangent,identity_stress,fresh_identity_03,7,next_token_logprob_delta,odd,0.625,1,-0.3427575906026884,0.14380442714319988,0.5356358261666125,3,0.25,1.0,3,"19,20,21",0.625,8,8
7,16,matched_betti,0.5,max_full_branch_node_speed,all_interior,coexact,coexact,random_tangent,identity_stress,fresh_identity_04,7,next_token_logprob_delta,odd,0.625,1,0.08704351582797815,0.15683165239927943,0.9387428810799648,3,0.25,1.0,2,"19,20",0.6290322580645161,8,8
7,16,matched_betti,0.5,max_full_branch_node_speed,all_interior,coexact,coexact,random_tangent,identity_stress,fresh_identity_05,7,next_token_logprob_delta,odd,0.625,1,-1.6410925116530162,0.17985079817243543,0.16345921858777177,3,0.25,1.0,2,"18,19",0.6166666666666667,8,8
7,16,matched_betti,0.5,max_full_branch_node_speed,all_interior,coexact,coexact,random_tangent,literal_stable,fresh_literal_01,7,next_token_logprob_delta,odd,0.625,1,-0.3963821601008985,0.0036026419793135566,0.013739691445673663,3,0.25,1.0,2,"19,20",0.6290322580645161,8,8
7,16,matched_betti,0.5,max_full_branch_node_speed,all_interior,coexact,coexact,random_tangent,literal_stable,fresh_literal_02,7,next_token_logprob_delta,odd,0.625,1,0.2070192598625609,0.0757123908139476,0.4838836206872113,3,0.25,1.0,2,"18,19",0.6166666666666667,8,8
7,16,matched_betti,0.5,max_full_branch_node_speed,all_interior,coexact,coexact,random_tangent,literal_stable,fresh_literal_03,7,next_token_logprob_delta,odd,0.625,1,-0.23501606561684382,0.021604769761234537,0.13766025098520976,3,0.25,1.0,2,"19,20",0.6290322580645161,8,8
7,16,matched_betti,0.5,max_full_branch_node_speed,all_interior,coexact,coexact,random_tangent,literal_stable,fresh_literal_04,7,next_token_logprob_delta,odd,0.625,1,1.5358099357346842,0.06540817840938942,0.06425503420034638,3,0.25,1.0,2,"20,21",0.6212121212121212,8,8
7,16,matched_betti,0.5,max_full_branch_node_speed,all_interior,coexact,coexact,random_tangent,literal_stable,fresh_literal_05,7,next_token_logprob_delta,odd,0.625,1,0.14513535504262995,0.031674864845376474,0.3133374907077161,3,0.25,1.0,2,"20,21",0.6212121212121212,8,8
7,16,matched_betti,0.5,max_full_branch_node_speed,all_interior,coexact,coexact,random_tangent,metaphor_shift,fresh_metaphor_01,7,next_token_logprob_delta,odd,0.625,1,0.0892274905274973,0.00726620226857705,0.12219486963554119,3,0.25,1.0,2,"18,19",0.6166666666666667,8,8
7,16,matched_betti,0.5,max_full_branch_node_speed,all_interior,coexact,coexact,random_tangent,metaphor_shift,fresh_metaphor_02,7,next_token_logprob_delta,odd,0.625,1,-0.4080104651348351,0.027660439673688784,0.10195992493102098,3,0.25,1.0,3,"19,20,21",0.625,8,8
7,16,matched_betti,0.5,max_full_branch_node_speed,all_interior,coexact,coexact,random_tangent,metaphor_shift,fresh_metaphor_03,7,next_token_logprob_delta,odd,0.625,1,0.6717446758744581,0.054040806491226154,0.12073684481042897,3,0.25,1.0,3,"19,20,21",0.625,8,8
7,16,matched_betti,0.5,max_full_branch_node_speed,all_interior,coexact,coexact,random_tangent,metaphor_shift,fresh_metaphor_04,7,next_token_logprob_delta,odd,0.625,1,0.010321044060755392,0.0072017642848660164,0.7257511520618531,3,0.25,1.0,2,"19,20",0.6290322580645161,8,8
7,16,matched_betti,0.5,max_full_branch_node_speed,all_interior,coexact,coexact,random_tangent,metaphor_shift,fresh_metaphor_05,7,next_token_logprob_delta,odd,0.625,1,-0.5307263765698947,0.15974314830992856,0.41418620820583835,3,0.25,1.0,2,"18,19",0.6166666666666667,8,8
7,16,matched_betti,0.5,max_full_branch_node_speed,all_interior,coexact,coexact,random_tangent,ontology_collapse,fresh_ontology_01,7,next_token_logprob_delta,odd,0.625,1,0.8519892971851643,0.012577330216861221,0.02231295851677703,3,0.25,1.0,2,"18,19",0.6166666666666667,8,8
7,16,matched_betti,0.5,max_full_branch_node_speed,all_interior,coexact,coexact,random_tangent,ontology_collapse,fresh_ontology_02,7,next_token_logprob_delta,odd,0.625,1,0.9855240577798609,0.08518033332627094,0.1295706211728754,3,0.25,1.0,2,"18,19",0.6166666666666667,8,8
7,16,matched_betti,0.5,max_full_branch_node_speed,all_interior,coexact,coexact,random_tangent,ontology_collapse,fresh_ontology_03,7,next_token_logprob_delta,odd,0.625,1,0.3537123410542285,0.0825225272341793,0.3326368086607091,3,0.25,1.0,2,"19,21",0.625,8,8
7,16,matched_betti,0.5,max_full_branch_node_speed,all_interior,coexact,coexact,random_tangent,ontology_collapse,fresh_ontology_04,7,next_token_logprob_delta,odd,0.625,1,0.32921814458445975,0.05107200847462931,0.2283402195822672,3,0.25,1.0,3,"19,20,21",0.625,8,8
7,16,matched_betti,0.5,max_full_branch_node_speed,all_interior,coexact,coexact,random_tangent,ontology_collapse,fresh_ontology_05,7,next_token_logprob_delta,odd,0.625,1,0.21899665962861709,0.08530652901361727,0.5074579080825075,3,0.25,1.0,2,"20,21",0.6212121212121212,8,8
7,16,matched_betti,0.5,max_full_branch_node_speed,all_interior,coexact,coexact,random_tangent,identity_stress,fresh_identity_01,8,next_token_logprob_delta,odd,0.7083333333333334,1,-0.116462287048463,0.038778820864736774,0.4496472939645488,3,0.25,1.0,2,"22,23",0.703125,8,8
7,16,matched_betti,0.5,max_full_branch_node_speed,all_interior,coexact,coexact,random_tangent,identity_stress,fresh_identity_02,8,next_token_logprob_delta,odd,0.7083333333333334,1,0.0978689153246248,0.04935368577073421,0.6062949294556195,3,0.25,1.0,2,"21,23",0.7096774193548386,8,8
7,16,matched_betti,0.5,max_full_branch_node_speed,all_interior,coexact,coexact,random_tangent,identity_stress,fresh_identity_03,8,next_token_logprob_delta,odd,0.7083333333333334,1,0.31733819513661177,0.010268147155444681,0.048860923716070995,3,0.25,1.0,2,"22,23",0.703125,8,8
7,16,matched_betti,0.5,max_full_branch_node_speed,all_interior,coexact,coexact,random_tangent,identity_stress,fresh_identity_04,8,next_token_logprob_delta,odd,0.7083333333333334,1,-0.4043890855668491,0.039306805779916854,0.14539178294662586,3,0.25,1.0,3,"21,22,23",0.7096774193548386,8,8
7,16,matched_betti,0.5,max_full_branch_node_speed,all_interior,coexact,coexact,random_tangent,identity_stress,fresh_identity_05,8,next_token_logprob_delta,odd,0.7083333333333334,1,-1.177047167521152,0.06564282353204264,0.08401679663041332,3,0.25,1.0,2,"20,21",0.6833333333333332,8,8
7,16,matched_betti,0.5,max_full_branch_node_speed,all_interior,coexact,coexact,random_tangent,literal_stable,fresh_literal_01,8,next_token_logprob_delta,odd,0.7083333333333334,1,0.5315022206795305,0.08627864846460814,0.23834663145028182,3,0.25,1.0,3,"21,22,23",0.7096774193548386,8,8
7,16,matched_betti,0.5,max_full_branch_node_speed,all_interior,coexact,coexact,random_tangent,literal_stable,fresh_literal_02,8,next_token_logprob_delta,odd,0.7083333333333334,1,0.03482782820557729,0.007703567099922052,0.317144749963121,3,0.25,1.0,3,"20,21,22",0.6999999999999998,8,8
7,16,matched_betti,0.5,max_full_branch_node_speed,all_interior,coexact,coexact,random_tangent,literal_stable,fresh_literal_03,8,next_token_logprob_delta,odd,0.7083333333333334,1,0.7114336651208548,0.06464327245767122,0.13609439747179955,3,0.25,1.0,3,"21,22,23",0.7096774193548386,8,8
7,16,matched_betti,0.5,max_full_branch_node_speed,all_interior,coexact,coexact,random_tangent,literal_stable,fresh_literal_04,8,next_token_logprob_delta,odd,0.7083333333333334,1,0.6661847614357599,0.01055103930619733,0.02393795528425302,3,0.25,1.0,3,"22,23,24",0.6969696969696969,8,8
7,16,matched_betti,0.5,max_full_branch_node_speed,all_interior,coexact,coexact,random_tangent,literal_stable,fresh_literal_05,8,next_token_logprob_delta,odd,0.7083333333333334,1,0.08314195502652977,0.00876495665442653,0.15739584703419401,3,0.25,1.0,3,"22,23,24",0.6969696969696969,8,8
7,16,matched_betti,0.5,max_full_branch_node_speed,all_interior,coexact,coexact,random_tangent,metaphor_shift,fresh_metaphor_01,8,next_token_logprob_delta,odd,0.7083333333333334,1,-0.10945896642947421,0.07693651511808644,0.728249767677549,3,0.25,1.0,3,"20,21,22",0.6999999999999998,8,8
7,16,matched_betti,0.5,max_full_branch_node_speed,all_interior,coexact,coexact,random_tangent,metaphor_shift,fresh_metaphor_02,8,next_token_logprob_delta,odd,0.7083333333333334,1,0.07633920548429314,0.07586372085088654,0.8324662423900758,3,0.25,1.0,2,"22,23",0.703125,8,8
7,16,matched_betti,0.5,max_full_branch_node_speed,all_interior,coexact,coexact,random_tangent,metaphor_shift,fresh_metaphor_03,8,next_token_logprob_delta,odd,0.7083333333333334,1,-0.2517725036671422,0.026701208388980498,0.15831487832441418,3,0.25,1.0,2,"22,23",0.703125,8,8
7,16,matched_betti,0.5,max_full_branch_node_speed,all_interior,coexact,coexact,random_tangent,metaphor_shift,fresh_metaphor_04,8,next_token_logprob_delta,odd,0.7083333333333334,1,0.0240333568005965,0.015124074999640936,0.6892842541450729,3,0.25,1.0,3,"21,22,23",0.7096774193548386,8,8
7,16,matched_betti,0.5,max_full_branch_node_speed,all_interior,coexact,coexact,random_tangent,metaphor_shift,fresh_metaphor_05,8,next_token_logprob_delta,odd,0.7083333333333334,1,1.1914711235884508,0.022114610150116447,0.028050190575763977,3,0.25,1.0,3,"20,21,22",0.6999999999999998,8,8
7,16,matched_betti,0.5,max_full_branch_node_speed,all_interior,coexact,coexact,random_tangent,ontology_collapse,fresh_ontology_01,8,next_token_logprob_delta,odd,0.7083333333333334,1,0.04315132271507051,0.017061345651148675,0.5130841833543489,3,0.25,1.0,3,"20,21,22",0.6999999999999998,8,8
7,16,matched_betti,0.5,max_full_branch_node_speed,all_interior,coexact,coexact,random_tangent,ontology_collapse,fresh_ontology_02,8,next_token_logprob_delta,odd,0.7083333333333334,1,0.05535018629119959,0.000578466900820958,0.015798512328115747,3,0.25,1.0,3,"20,21,22",0.6999999999999998,8,8
7,16,matched_betti,0.5,max_full_branch_node_speed,all_interior,coexact,coexact,random_tangent,ontology_collapse,fresh_ontology_03,8,next_token_logprob_delta,odd,0.7083333333333334,1,-0.2064805318390097,0.04708044132386763,0.3259037390648732,3,0.25,1.0,2,"22,23",0.703125,8,8
7,16,matched_betti,0.5,max_full_branch_node_speed,all_interior,coexact,coexact,random_tangent,ontology_collapse,fresh_ontology_04,8,next_token_logprob_delta,odd,0.7083333333333334,1,0.41486577121015394,0.04981708091741672,0.17862418990252832,3,0.25,1.0,1,22,0.6875,8,8
7,16,matched_betti,0.5,max_full_branch_node_speed,all_interior,coexact,coexact,random_tangent,ontology_collapse,fresh_ontology_05,8,next_token_logprob_delta,odd,0.7083333333333334,1,-0.19429476010336427,0.008663385935536935,0.06725939856516357,3,0.25,1.0,2,"23,24",0.7121212121212123,8,8
7,16,matched_betti,0.5,max_full_branch_node_speed,all_interior,coexact,coexact,random_tangent,identity_stress,fresh_identity_01,9,next_token_logprob_delta,odd,0.7916666666666666,1,-0.10413070509502662,0.019879307717480255,0.27730532382080975,3,0.25,1.0,2,"24,25",0.765625,8,8
7,16,matched_betti,0.5,max_full_branch_node_speed,all_interior,coexact,coexact,random_tangent,identity_stress,fresh_identity_02,9,next_token_logprob_delta,odd,0.7916666666666666,1,0.6800452930729558,0.1578811249974742,0.3311883242079687,3,0.25,1.0,1,24,0.7741935483870966,8,8
7,16,matched_betti,0.5,max_full_branch_node_speed,all_interior,coexact,coexact,random_tangent,identity_stress,fresh_identity_03,9,next_token_logprob_delta,odd,0.7916666666666666,1,-0.6506428520138468,0.08449315649317951,0.19265352847734363,3,0.25,1.0,3,"24,25,26",0.78125,8,8
7,16,matched_betti,0.5,max_full_branch_node_speed,all_interior,coexact,coexact,random_tangent,identity_stress,fresh_identity_04,9,next_token_logprob_delta,odd,0.7916666666666666,1,-1.3145508720613044,0.030429126844460766,0.03497496404767513,3,0.25,1.0,2,"24,25",0.7903225806451614,8,8
7,16,matched_betti,0.5,max_full_branch_node_speed,all_interior,coexact,coexact,random_tangent,identity_stress,fresh_identity_05,9,next_token_logprob_delta,odd,0.7916666666666666,1,-0.5106006091186562,0.006444590155632375,0.019078573174714362,3,0.25,1.0,1,23,0.7666666666666667,8,8
7,16,matched_betti,0.5,max_full_branch_node_speed,all_interior,coexact,coexact,random_tangent,literal_stable,fresh_literal_01,9,next_token_logprob_delta,odd,0.7916666666666666,1,0.1440155269176525,0.020056209051777192,0.20603051823533713,3,0.25,1.0,2,"24,25",0.7903225806451614,8,8
7,16,matched_betti,0.5,max_full_branch_node_speed,all_interior,coexact,coexact,random_tangent,literal_stable,fresh_literal_02,9,next_token_logprob_delta,odd,0.7916666666666666,1,-0.017385065561864463,0.03316807075105278,0.9448284803026877,3,0.25,1.0,2,"23,24",0.7833333333333335,8,8
7,16,matched_betti,0.5,max_full_branch_node_speed,all_interior,coexact,coexact,random_tangent,literal_stable,fresh_literal_03,9,next_token_logprob_delta,odd,0.7916666666666666,1,0.3775341420545476,0.09689887058728675,0.36175652830801913,3,0.25,1.0,2,"24,25",0.7903225806451614,8,8
7,16,matched_betti,0.5,max_full_branch_node_speed,all_interior,coexact,coexact,random_tangent,literal_stable,fresh_literal_04,9,next_token_logprob_delta,odd,0.7916666666666666,1,0.10541172492909787,0.013600998020247038,0.19146223495087913,3,0.25,1.0,3,"25,26,27",0.787878787878788,8,8
7,16,matched_betti,0.5,max_full_branch_node_speed,all_interior,coexact,coexact,random_tangent,literal_stable,fresh_literal_05,9,next_token_logprob_delta,odd,0.7916666666666666,1,-0.04196083786107271,0.0013960142831365633,0.05023518453006432,3,0.25,1.0,3,"25,26,27",0.787878787878788,8,8
7,16,matched_betti,0.5,max_full_branch_node_speed,all_interior,coexact,coexact,random_tangent,metaphor_shift,fresh_metaphor_01,9,next_token_logprob_delta,odd,0.7916666666666666,1,-0.14217289947158568,0.07457969774946362,0.6213814759566019,3,0.25,1.0,2,"23,24",0.7833333333333335,8,8
7,16,matched_betti,0.5,max_full_branch_node_speed,all_interior,coexact,coexact,random_tangent,metaphor_shift,fresh_metaphor_02,9,next_token_logprob_delta,odd,0.7916666666666666,1,0.8589711024123897,0.06758775805873915,0.11812696632991519,3,0.25,1.0,3,"24,25,26",0.78125,8,8
7,16,matched_betti,0.5,max_full_branch_node_speed,all_interior,coexact,coexact,random_tangent,metaphor_shift,fresh_metaphor_03,9,next_token_logprob_delta,odd,0.7916666666666666,1,1.1110374907615697,0.0025294751032679864,0.003441993880506366,3,0.25,1.0,3,"24,25,26",0.78125,8,8
7,16,matched_betti,0.5,max_full_branch_node_speed,all_interior,coexact,coexact,random_tangent,metaphor_shift,fresh_metaphor_04,9,next_token_logprob_delta,odd,0.7916666666666666,1,0.5399562019350994,0.03251767388297884,0.09067325842523688,3,0.25,1.0,2,"24,25",0.7903225806451614,8,8
7,16,matched_betti,0.5,max_full_branch_node_speed,all_interior,coexact,coexact,random_tangent,metaphor_shift,fresh_metaphor_05,9,next_token_logprob_delta,odd,0.7916666666666666,1,0.3887233242899603,0.07738696963765633,0.2882090511434727,3,0.25,1.0,2,"23,24",0.7833333333333335,8,8
7,16,matched_betti,0.5,max_full_branch_node_speed,all_interior,coexact,coexact,random_tangent,ontology_collapse,fresh_ontology_01,9,next_token_logprob_delta,odd,0.7916666666666666,1,0.3645728632465272,0.003340460788138094,0.013851325805929154,3,0.25,1.0,2,"23,24",0.7833333333333335,8,8
7,16,matched_betti,0.5,max_full_branch_node_speed,all_interior,coexact,coexact,random_tangent,ontology_collapse,fresh_ontology_02,9,next_token_logprob_delta,odd,0.7916666666666666,1,1.0419323103909102,0.057744713101386465,0.08349578266276035,3,0.25,1.0,2,"23,24",0.7833333333333335,8,8
7,16,matched_betti,0.5,max_full_branch_node_speed,all_interior,coexact,coexact,random_tangent,ontology_collapse,fresh_ontology_03,9,next_token_logprob_delta,odd,0.7916666666666666,1,1.057886712903491,0.022286643929501762,0.0318343736072271,3,0.25,1.0,3,"24,25,26",0.78125,8,8
7,16,matched_betti,0.5,max_full_branch_node_speed,all_interior,coexact,coexact,random_tangent,ontology_collapse,fresh_ontology_04,9,next_token_logprob_delta,odd,0.7916666666666666,1,0.491365473672736,0.05153844201692408,0.15661908478640418,3,0.25,1.0,3,"24,25,26",0.78125,8,8
7,16,matched_betti,0.5,max_full_branch_node_speed,all_interior,coexact,coexact,random_tangent,ontology_collapse,fresh_ontology_05,9,next_token_logprob_delta,odd,0.7916666666666666,1,0.2753583992069192,0.0023276672228373144,0.012779035315482605,3,0.25,1.0,3,"25,26,27",0.787878787878788,8,8
7,16,matched_betti,0.5,max_full_branch_node_speed,all_interior,coexact,coexact,random_tangent,identity_stress,fresh_identity_01,10,next_token_logprob_delta,odd,0.875,1,-0.9326779273555327,0.009721104126187903,0.015755817976311596,3,0.25,1.0,1,29,0.90625,8,8
7,16,matched_betti,0.5,max_full_branch_node_speed,all_interior,coexact,coexact,random_tangent,identity_stress,fresh_identity_02,10,next_token_logprob_delta,odd,0.875,1,0.6212057652798432,0.02852812405522445,0.06926350294202127,3,0.25,1.0,2,"26,27",0.8548387096774194,8,8
7,16,matched_betti,0.5,max_full_branch_node_speed,all_interior,coexact,coexact,random_tangent,identity_stress,fresh_identity_03,10,next_token_logprob_delta,odd,0.875,1,0.5387662280806813,0.00497039917937425,0.013946320334433849,3,0.25,1.0,3,"27,28,29",0.875,8,8
7,16,matched_betti,0.5,max_full_branch_node_speed,all_interior,coexact,coexact,random_tangent,identity_stress,fresh_identity_04,10,next_token_logprob_delta,odd,0.875,1,0.7715654789204348,0.022270019354315357,0.04359590264519707,3,0.25,1.0,2,"27,28",0.8870967741935484,8,8
7,16,matched_betti,0.5,max_full_branch_node_speed,all_interior,coexact,coexact,random_tangent,identity_stress,fresh_identity_05,10,next_token_logprob_delta,odd,0.875,1,0.4778189567526432,0.0018524705352660562,0.005861266177809413,3,0.25,1.0,3,"25,26,27",0.8666666666666667,8,8
7,16,matched_betti,0.5,max_full_branch_node_speed,all_interior,coexact,coexact,random_tangent,literal_stable,fresh_literal_01,10,next_token_logprob_delta,odd,0.875,1,0.22914186140957374,0.034591881146317276,0.22251233608576,3,0.25,1.0,2,"27,28",0.8870967741935484,8,8
7,16,matched_betti,0.5,max_full_branch_node_speed,all_interior,coexact,coexact,random_tangent,literal_stable,fresh_literal_02,10,next_token_logprob_delta,odd,0.875,1,0.24495292365812163,0.00719716523192139,0.04437738999108162,3,0.25,1.0,2,"25,26",0.8500000000000001,8,8
7,16,matched_betti,0.5,max_full_branch_node_speed,all_interior,coexact,coexact,random_tangent,literal_stable,fresh_literal_03,10,next_token_logprob_delta,odd,0.875,1,0.02718397927043818,0.06378414569075011,0.9624886485611046,3,0.25,1.0,3,"26,27,28",0.8709677419354839,8,8
7,16,matched_betti,0.5,max_full_branch_node_speed,all_interior,coexact,coexact,random_tangent,literal_stable,fresh_literal_04,10,next_token_logprob_delta,odd,0.875,1,-0.39390519328798124,0.025420939976046202,0.09710765750445981,3,0.25,1.0,3,"28,29,30",0.8787878787878788,8,8
7,16,matched_betti,0.5,max_full_branch_node_speed,all_interior,coexact,coexact,random_tangent,literal_stable,fresh_literal_05,10,next_token_logprob_delta,odd,0.875,1,0.2532341181064227,0.006864231431940018,0.04094645368866966,3,0.25,1.0,3,"28,29,30",0.8787878787878788,8,8
7,16,matched_betti,0.5,max_full_branch_node_speed,all_interior,coexact,coexact,random_tangent,metaphor_shift,fresh_metaphor_01,10,next_token_logprob_delta,odd,0.875,1,1.3030116201652266,0.018133131466631383,0.02103484865010211,3,0.25,1.0,3,"25,26,27",0.8666666666666667,8,8
7,16,matched_betti,0.5,max_full_branch_node_speed,all_interior,coexact,coexact,random_tangent,metaphor_shift,fresh_metaphor_02,10,next_token_logprob_delta,odd,0.875,1,0.033569806440289916,0.030137203389699684,0.8050816135288743,3,0.25,1.0,3,"27,28,29",0.875,8,8
7,16,matched_betti,0.5,max_full_branch_node_speed,all_interior,coexact,coexact,random_tangent,metaphor_shift,fresh_metaphor_03,10,next_token_logprob_delta,odd,0.875,1,0.3493956263644626,0.007421326223266057,0.032096022736999255,3,0.25,1.0,3,"27,28,29",0.875,8,8
7,16,matched_betti,0.5,max_full_branch_node_speed,all_interior,coexact,coexact,random_tangent,metaphor_shift,fresh_metaphor_04,10,next_token_logprob_delta,odd,0.875,1,0.39858130881371406,0.02636516596267103,0.09950928869915447,3,0.25,1.0,3,"26,27,28",0.8709677419354839,8,8
7,16,matched_betti,0.5,max_full_branch_node_speed,all_interior,coexact,coexact,random_tangent,metaphor_shift,fresh_metaphor_05,10,next_token_logprob_delta,odd,0.875,1,0.23204948581217438,0.022124974263807735,0.14267479429293395,3,0.25,1.0,1,27,0.9,8,8
7,16,matched_betti,0.5,max_full_branch_node_speed,all_interior,coexact,coexact,random_tangent,ontology_collapse,fresh_ontology_01,10,next_token_logprob_delta,odd,0.875,1,0.355298006321432,0.09973298933273103,0.39065879351900606,3,0.25,1.0,2,"26,27",0.8833333333333333,8,8
7,16,matched_betti,0.5,max_full_branch_node_speed,all_interior,coexact,coexact,random_tangent,ontology_collapse,fresh_ontology_02,10,next_token_logprob_delta,odd,0.875,1,0.3769538718648932,0.084928335768453,0.3224322380875105,3,0.25,1.0,2,"25,27",0.8666666666666667,8,8
7,16,matched_betti,0.5,max_full_branch_node_speed,all_interior,coexact,coexact,random_tangent,ontology_collapse,fresh_ontology_03,10,next_token_logprob_delta,odd,0.875,1,0.5901722939046231,0.1513477061561831,0.36149201802923303,3,0.25,1.0,2,"27,29",0.875,8,8
7,16,matched_betti,0.5,max_full_branch_node_speed,all_interior,coexact,coexact,random_tangent,ontology_collapse,fresh_ontology_04,10,next_token_logprob_delta,odd,0.875,1,0.4763490032637422,0.032014757708875914,0.10108936607629142,3,0.25,1.0,3,"27,28,29",0.875,8,8
7,16,matched_betti,0.5,max_full_branch_node_speed,all_interior,coexact,coexact,random_tangent,ontology_collapse,fresh_ontology_05,10,next_token_logprob_delta,odd,0.875,1,0.1508233568003631,0.011213803675886052,0.11170400755354776,3,0.25,1.0,2,"28,30",0.8787878787878788,8,8
7,16,matched_betti,0.5,max_full_branch_node_speed,all_interior,coexact,coexact,random_tangent,identity_stress,fresh_identity_01,11,next_token_logprob_delta,odd,0.9583333333333334,1,-1.1416570684555882,0.018472407464469136,0.024455069267060457,3,0.25,1.0,1,30,0.9375,8,8
7,16,matched_betti,0.5,max_full_branch_node_speed,all_interior,coexact,coexact,random_tangent,identity_stress,fresh_identity_02,11,next_token_logprob_delta,odd,0.9583333333333334,1,0.011422173207609595,0.03442350928442924,0.9767522020228622,3,0.25,1.0,2,"29,30",0.9516129032258065,8,8
7,16,matched_betti,0.5,max_full_branch_node_speed,all_interior,coexact,coexact,random_tangent,identity_stress,fresh_identity_03,11,next_token_logprob_delta,odd,0.9583333333333334,1,-0.1632055013083362,0.03759843029716907,0.32891471581995074,3,0.25,1.0,2,"30,31",0.953125,8,8
7,16,matched_betti,0.5,max_full_branch_node_speed,all_interior,coexact,coexact,random_tangent,identity_stress,fresh_identity_04,11,next_token_logprob_delta,odd,0.9583333333333334,1,0.0929872999032041,0.023001610213431917,0.35028372763126725,3,0.25,1.0,2,"29,30",0.9516129032258065,8,8
7,16,matched_betti,0.5,max_full_branch_node_speed,all_interior,coexact,coexact,random_tangent,identity_stress,fresh_identity_05,11,next_token_logprob_delta,odd,0.9583333333333334,1,-0.34971884475170756,0.0285022995639819,0.12229248564914759,3,0.25,1.0,1,29,0.9666666666666667,8,8
7,16,matched_betti,0.5,max_full_branch_node_speed,all_interior,coexact,coexact,random_tangent,literal_stable,fresh_literal_01,11,next_token_logprob_delta,odd,0.9583333333333334,1,0.4202390002277812,0.03459727035832019,0.12351456055819292,3,0.25,1.0,2,"29,30",0.9516129032258065,8,8
7,16,matched_betti,0.5,max_full_branch_node_speed,all_interior,coexact,coexact,random_tangent,literal_stable,fresh_literal_02,11,next_token_logprob_delta,odd,0.9583333333333334,1,-0.049414588412110515,0.045413181107853924,0.811642909762877,3,0.25,1.0,2,"28,29",0.9499999999999998,8,8
7,16,matched_betti,0.5,max_full_branch_node_speed,all_interior,coexact,coexact,random_tangent,literal_stable,fresh_literal_03,11,next_token_logprob_delta,odd,0.9583333333333334,1,0.8496202167761198,0.047604534401287715,0.08440765194458753,3,0.25,1.0,2,"29,30",0.9516129032258065,8,8
7,16,matched_betti,0.5,max_full_branch_node_speed,all_interior,coexact,coexact,random_tangent,literal_stable,fresh_literal_04,11,next_token_logprob_delta,odd,0.9583333333333334,1,0.0019130642481280577,0.011673380134434945,0.9941761912856154,3,0.25,1.0,2,"31,32",0.9545454545454546,8,8
7,16,matched_betti,0.5,max_full_branch_node_speed,all_interior,coexact,coexact,random_tangent,literal_stable,fresh_literal_05,11,next_token_logprob_delta,odd,0.9583333333333334,1,-0.34250973180453376,0.013013175216577137,0.057346384741900194,3,0.25,1.0,1,31,0.9393939393939394,8,8
7,16,matched_betti,0.5,max_full_branch_node_speed,all_interior,coexact,coexact,random_tangent,metaphor_shift,fresh_metaphor_01,11,next_token_logprob_delta,odd,0.9583333333333334,1,-0.4800148011238363,0.11653114114517518,0.3445530413501534,3,0.25,1.0,2,"28,29",0.9499999999999998,8,8
7,16,matched_betti,0.5,max_full_branch_node_speed,all_interior,coexact,coexact,random_tangent,metaphor_shift,fresh_metaphor_02,11,next_token_logprob_delta,odd,0.9583333333333334,1,0.6613820173363637,0.003161043237161897,0.007225662749730867,3,0.25,1.0,2,"30,31",0.953125,8,8
7,16,matched_betti,0.5,max_full_branch_node_speed,all_interior,coexact,coexact,random_tangent,metaphor_shift,fresh_metaphor_03,11,next_token_logprob_delta,odd,0.9583333333333334,1,0.5405800146389659,0.012302475921164478,0.03438639101379346,3,0.25,1.0,2,"30,31",0.953125,8,8
7,16,matched_betti,0.5,max_full_branch_node_speed,all_interior,coexact,coexact,random_tangent,metaphor_shift,fresh_metaphor_04,11,next_token_logprob_delta,odd,0.9583333333333334,1,-0.4702296482675233,0.012688293902176745,0.04076083897437103,3,0.25,1.0,2,"29,30",0.9516129032258065,8,8
7,16,matched_betti,0.5,max_full_branch_node_speed,all_interior,coexact,coexact,random_tangent,metaphor_shift,fresh_metaphor_05,11,next_token_logprob_delta,odd,0.9583333333333334,1,0.498380588257705,0.0348027132971532,0.10499194587225597,3,0.25,1.0,2,"28,29",0.9499999999999998,8,8
7,16,matched_betti,0.5,max_full_branch_node_speed,all_interior,coexact,coexact,random_tangent,ontology_collapse,fresh_ontology_01,11,next_token_logprob_delta,odd,0.9583333333333334,1,0.7463344469173475,0.039036804900396016,0.07883119457063423,3,0.25,1.0,2,"28,29",0.9499999999999998,8,8
7,16,matched_betti,0.5,max_full_branch_node_speed,all_interior,coexact,coexact,random_tangent,ontology_collapse,fresh_ontology_03,11,next_token_logprob_delta,odd,0.9583333333333334,1,-1.8199432221097713,0.09120991910086117,0.07555307016777027,3,0.25,1.0,1,30,0.9375,8,8
7,16,matched_betti,0.5,max_full_branch_node_speed,all_interior,coexact,coexact,random_tangent,ontology_collapse,fresh_ontology_04,11,next_token_logprob_delta,odd,0.9583333333333334,1,-0.21688491840904833,0.002394500861776242,0.016689223284841,3,0.25,1.0,2,"30,31",0.953125,8,8
7,16,matched_betti,0.5,max_full_branch_node_speed,all_interior,coexact,coexact,random_tangent,ontology_collapse,fresh_ontology_05,11,next_token_logprob_delta,odd,0.9583333333333334,1,0.03717740379326594,0.10833452836343097,0.9751930139549494,3,0.25,1.0,1,32,0.9696969696969697,8,8
7,16,matched_betti,0.5,max_full_branch_node_speed,all_interior,coexact,coexact,random_tangent,identity_stress,fresh_identity_01,0,semantic_margin_delta,even,0.041666666666666664,2,-0.10994931844811481,0.011169316565984735,0.16796509875526486,3,0.25,1.0,2,"1,2",0.046875,8,8
7,16,matched_betti,0.5,max_full_branch_node_speed,all_interior,coexact,coexact,random_tangent,identity_stress,fresh_identity_02,0,semantic_margin_delta,even,0.041666666666666664,2,0.1618853027076631,0.008230053725179973,0.08496134678979499,3,0.25,1.0,2,"1,2",0.04838709677419354,8,8
7,16,matched_betti,0.5,max_full_branch_node_speed,all_interior,coexact,coexact,random_tangent,identity_stress,fresh_identity_03,0,semantic_margin_delta,even,0.041666666666666664,2,-0.06021792612427338,0.01575669661779149,0.4018736792715744,3,0.25,1.0,2,"1,2",0.046875,8,8
7,16,matched_betti,0.5,max_full_branch_node_speed,all_interior,coexact,coexact,random_tangent,identity_stress,fresh_identity_04,0,semantic_margin_delta,even,0.041666666666666664,2,0.28852433080051415,0.02112186513658282,0.121870821837381,3,0.25,1.0,2,"1,2",0.04838709677419354,8,8
7,16,matched_betti,0.5,max_full_branch_node_speed,all_interior,coexact,coexact,random_tangent,identity_stress,fresh_identity_05,0,semantic_margin_delta,even,0.041666666666666664,2,0.19715124061871375,0.03358462427945844,0.27472598821459415,3,0.25,1.0,2,"1,2",0.05000000000000001,8,8
7,16,matched_betti,0.5,max_full_branch_node_speed,all_interior,coexact,coexact,random_tangent,literal_stable,fresh_literal_01,0,semantic_margin_delta,even,0.041666666666666664,2,0.21919238259944737,0.008067423554231297,0.06161447517622539,3,0.25,1.0,2,"1,2",0.04838709677419354,8,8
7,16,matched_betti,0.5,max_full_branch_node_speed,all_interior,coexact,coexact,random_tangent,literal_stable,fresh_literal_02,0,semantic_margin_delta,even,0.041666666666666664,2,0.3425373130813104,0.0034625479794674167,0.0169521500577925,3,0.25,1.0,2,"1,2",0.05000000000000001,8,8
7,16,matched_betti,0.5,max_full_branch_node_speed,all_interior,coexact,coexact,random_tangent,literal_stable,fresh_literal_03,0,semantic_margin_delta,even,0.041666666666666664,2,-0.021249449408484104,0.018738550593179703,0.8284249899793358,3,0.25,1.0,2,"1,2",0.04838709677419354,8,8
7,16,matched_betti,0.5,max_full_branch_node_speed,all_interior,coexact,coexact,random_tangent,literal_stable,fresh_literal_04,0,semantic_margin_delta,even,0.041666666666666664,2,-0.32006835103943077,0.022955212716061036,0.11943131657148866,3,0.25,1.0,2,"1,2",0.04545454545454545,8,8
7,16,matched_betti,0.5,max_full_branch_node_speed,all_interior,coexact,coexact,random_tangent,literal_stable,fresh_literal_05,0,semantic_margin_delta,even,0.041666666666666664,2,-0.15154367743017305,0.022417751189673447,0.24081359031981237,3,0.25,1.0,2,"1,2",0.04545454545454545,8,8
7,16,matched_betti,0.5,max_full_branch_node_speed,all_interior,coexact,coexact,random_tangent,metaphor_shift,fresh_metaphor_01,0,semantic_margin_delta,even,0.041666666666666664,2,0.026080081279189208,0.009863748590743902,0.5356676586234218,3,0.25,1.0,2,"1,2",0.05000000000000001,8,8
7,16,matched_betti,0.5,max_full_branch_node_speed,all_interior,coexact,coexact,random_tangent,metaphor_shift,fresh_metaphor_02,0,semantic_margin_delta,even,0.041666666666666664,2,-0.04893740371111619,0.012593023552082614,0.3962725107563196,3,0.25,1.0,2,"1,2",0.046875,8,8
7,16,matched_betti,0.5,max_full_branch_node_speed,all_interior,coexact,coexact,random_tangent,metaphor_shift,fresh_metaphor_03,0,semantic_margin_delta,even,0.041666666666666664,2,0.2475505901730959,0.006337354304396938,0.042898620437604576,3,0.25,1.0,2,"1,2",0.046875,8,8
7,16,matched_betti,0.5,max_full_branch_node_speed,all_interior,coexact,coexact,random_tangent,metaphor_shift,fresh_metaphor_04,0,semantic_margin_delta,even,0.041666666666666664,2,-0.13908848520889197,0.010580981873715603,0.12656897991674027,3,0.25,1.0,2,"1,2",0.04838709677419354,8,8
7,16,matched_betti,0.5,max_full_branch_node_speed,all_interior,coexact,coexact,random_tangent,metaphor_shift,fresh_metaphor_05,0,semantic_margin_delta,even,0.041666666666666664,2,-0.16807059082417958,0.007683841425464404,0.07645623054775955,3,0.25,1.0,2,"1,2",0.05000000000000001,8,8
7,16,matched_betti,0.5,max_full_branch_node_speed,all_interior,coexact,coexact,random_tangent,ontology_collapse,fresh_ontology_01,0,semantic_margin_delta,even,0.041666666666666664,2,-0.1288481000617524,0.0023425324190539227,0.030479304763767947,3,0.25,1.0,2,"1,2",0.05000000000000001,8,8
7,16,matched_betti,0.5,max_full_branch_node_speed,all_interior,coexact,coexact,random_tangent,ontology_collapse,fresh_ontology_02,0,semantic_margin_delta,even,0.041666666666666664,2,-0.12493988998675225,0.016346768919696542,0.2143467503998304,3,0.25,1.0,2,"1,2",0.05000000000000001,8,8
7,16,matched_betti,0.5,max_full_branch_node_speed,all_interior,coexact,coexact,random_tangent,ontology_collapse,fresh_ontology_03,0,semantic_margin_delta,even,0.041666666666666664,2,-0.16981770456490805,0.014401778946981908,0.14082596356596727,3,0.25,1.0,2,"1,2",0.046875,8,8
7,16,matched_betti,0.5,max_full_branch_node_speed,all_interior,coexact,coexact,random_tangent,ontology_collapse,fresh_ontology_04,0,semantic_margin_delta,even,0.041666666666666664,2,0.08426120033633042,0.0051615322926248895,0.102204518131371,3,0.25,1.0,2,"1,2",0.046875,8,8
7,16,matched_betti,0.5,max_full_branch_node_speed,all_interior,coexact,coexact,random_tangent,ontology_collapse,fresh_ontology_05,0,semantic_margin_delta,even,0.041666666666666664,2,-0.05048075270726973,0.02310585075752652,0.6089510699191122,3,0.25,1.0,2,"1,2",0.04545454545454545,8,8
7,16,matched_betti,0.5,max_full_branch_node_speed,all_interior,coexact,coexact,random_tangent,identity_stress,fresh_identity_01,1,semantic_margin_delta,even,0.125,2,-0.019511414305723243,0.012228158591290013,0.7245202969622073,3,0.25,1.0,3,"3,4,5",0.125,8,8
7,16,matched_betti,0.5,max_full_branch_node_speed,all_interior,coexact,coexact,random_tangent,identity_stress,fresh_identity_02,1,semantic_margin_delta,even,0.125,2,0.16703004190096013,0.0031917389557251014,0.032033848468427106,3,0.25,1.0,3,"3,4,5",0.12903225806451613,8,8
7,16,matched_betti,0.5,max_full_branch_node_speed,all_interior,coexact,coexact,random_tangent,identity_stress,fresh_identity_03,1,semantic_margin_delta,even,0.125,2,-0.000743735211830579,0.02431242365484315,0.9998337187519947,3,0.25,1.0,3,"3,4,5",0.125,8,8
7,16,matched_betti,0.5,max_full_branch_node_speed,all_interior,coexact,coexact,random_tangent,identity_stress,fresh_identity_04,1,semantic_margin_delta,even,0.125,2,-0.10970949839208387,0.00952411793903283,0.14408679189969162,3,0.25,1.0,3,"3,4,5",0.12903225806451613,8,8
7,16,matched_betti,0.5,max_full_branch_node_speed,all_interior,coexact,coexact,random_tangent,identity_stress,fresh_identity_05,1,semantic_margin_delta,even,0.125,2,0.18857052541398936,0.037413593381483895,0.3157536854590874,3,0.25,1.0,2,"3,4",0.11666666666666665,8,8
7,16,matched_betti,0.5,max_full_branch_node_speed,all_interior,coexact,coexact,random_tangent,literal_stable,fresh_literal_01,1,semantic_margin_delta,even,0.125,2,-0.061494693932584506,0.004999578811696367,0.13511213180193973,3,0.25,1.0,3,"3,4,5",0.12903225806451613,8,8
7,16,matched_betti,0.5,max_full_branch_node_speed,all_interior,coexact,coexact,random_tangent,literal_stable,fresh_literal_02,1,semantic_margin_delta,even,0.125,2,-0.012275491343614211,0.005675362010688135,0.61279396058658,3,0.25,1.0,2,"3,4",0.11666666666666665,8,8
7,16,matched_betti,0.5,max_full_branch_node_speed,all_interior,coexact,coexact,random_tangent,literal_stable,fresh_literal_03,1,semantic_margin_delta,even,0.125,2,-0.023103061292865077,0.010723487599326521,0.614301970654921,3,0.25,1.0,3,"3,4,5",0.12903225806451613,8,8
7,16,matched_betti,0.5,max_full_branch_node_speed,all_interior,coexact,coexact,random_tangent,literal_stable,fresh_literal_04,1,semantic_margin_delta,even,0.125,2,-0.3102823101692067,0.015016967823569281,0.0809092794878985,3,0.25,1.0,3,"3,4,5",0.12121212121212122,8,8
7,16,matched_betti,0.5,max_full_branch_node_speed,all_interior,coexact,coexact,random_tangent,literal_stable,fresh_literal_05,1,semantic_margin_delta,even,0.125,2,-0.0028422668351155865,0.009159077171617005,0.9833114367095334,3,0.25,1.0,3,"3,4,5",0.12121212121212122,8,8
7,16,matched_betti,0.5,max_full_branch_node_speed,all_interior,coexact,coexact,random_tangent,metaphor_shift,fresh_metaphor_01,1,semantic_margin_delta,even,0.125,2,-0.15395882027598157,0.012531644741680436,0.13526729099910903,3,0.25,1.0,2,"3,4",0.11666666666666665,8,8
7,16,matched_betti,0.5,max_full_branch_node_speed,all_interior,coexact,coexact,random_tangent,metaphor_shift,fresh_metaphor_02,1,semantic_margin_delta,even,0.125,2,-0.20345528265343785,0.015408926323168025,0.12601629303296033,3,0.25,1.0,3,"3,4,5",0.125,8,8
7,16,matched_betti,0.5,max_full_branch_node_speed,all_interior,coexact,coexact,random_tangent,metaphor_shift,fresh_metaphor_03,1,semantic_margin_delta,even,0.125,2,0.04788680506576566,0.004663789154219492,0.1612144687742195,3,0.25,1.0,3,"3,4,5",0.125,8,8
7,16,matched_betti,0.5,max_full_branch_node_speed,all_interior,coexact,coexact,random_tangent,metaphor_shift,fresh_metaphor_04,1,semantic_margin_delta,even,0.125,2,0.444269819353647,0.03412500036296324,0.12777637384668655,3,0.25,1.0,1,3,0.09677419354838708,8,8
7,16,matched_betti,0.5,max_full_branch_node_speed,all_interior,coexact,coexact,random_tangent,metaphor_shift,fresh_metaphor_05,1,semantic_margin_delta,even,0.125,2,0.2703429787704392,0.003053676972384301,0.01894215379061891,3,0.25,1.0,2,"3,4",0.11666666666666665,8,8
7,16,matched_betti,0.5,max_full_branch_node_speed,all_interior,coexact,coexact,random_tangent,ontology_collapse,fresh_ontology_01,1,semantic_margin_delta,even,0.125,2,0.09656877911839444,0.009418864827434119,0.1614455834000126,3,0.25,1.0,2,"3,4",0.11666666666666665,8,8
7,16,matched_betti,0.5,max_full_branch_node_speed,all_interior,coexact,coexact,random_tangent,ontology_collapse,fresh_ontology_02,1,semantic_margin_delta,even,0.125,2,0.2967366616653241,0.012472567098399105,0.07032461315341552,3,0.25,1.0,2,"3,4",0.11666666666666665,8,8
7,16,matched_betti,0.5,max_full_branch_node_speed,all_interior,coexact,coexact,random_tangent,ontology_collapse,fresh_ontology_03,1,semantic_margin_delta,even,0.125,2,-0.06670403239138165,0.00928432110754368,0.2273390835276193,3,0.25,1.0,3,"3,4,5",0.125,8,8
7,16,matched_betti,0.5,max_full_branch_node_speed,all_interior,coexact,coexact,random_tangent,ontology_collapse,fresh_ontology_04,1,semantic_margin_delta,even,0.125,2,0.05560114095106566,0.004244433397214054,0.12700019133057258,3,0.25,1.0,3,"3,4,5",0.125,8,8
7,16,matched_betti,0.5,max_full_branch_node_speed,all_interior,coexact,coexact,random_tangent,ontology_collapse,fresh_ontology_05,1,semantic_margin_delta,even,0.125,2,-0.0031582689281431445,0.01186502833071402,0.9876399098837597,3,0.25,1.0,3,"3,4,5",0.12121212121212122,8,8
7,16,matched_betti,0.5,max_full_branch_node_speed,all_interior,coexact,coexact,random_tangent,identity_stress,fresh_identity_01,2,semantic_margin_delta,even,0.20833333333333334,2,0.3026599628185499,0.004707410848251623,0.026078264694675272,3,0.25,1.0,2,"6,7",0.203125,8,8
7,16,matched_betti,0.5,max_full_branch_node_speed,all_interior,coexact,coexact,random_tangent,identity_stress,fresh_identity_02,2,semantic_margin_delta,even,0.20833333333333334,2,0.17116733827698785,0.008216024351798698,0.08024854994739865,3,0.25,1.0,2,"6,7",0.20967741935483866,8,8
7,16,matched_betti,0.5,max_full_branch_node_speed,all_interior,coexact,coexact,random_tangent,identity_stress,fresh_identity_03,2,semantic_margin_delta,even,0.20833333333333334,2,-0.3117387644633309,0.012420635204682342,0.06667832696701659,3,0.25,1.0,2,"6,7",0.203125,8,8
7,16,matched_betti,0.5,max_full_branch_node_speed,all_interior,coexact,coexact,random_tangent,identity_stress,fresh_identity_04,2,semantic_margin_delta,even,0.20833333333333334,2,0.17918715901061041,0.008205528514163087,0.07658112045253788,3,0.25,1.0,2,"6,7",0.20967741935483866,8,8
7,16,matched_betti,0.5,max_full_branch_node_speed,all_interior,coexact,coexact,random_tangent,identity_stress,fresh_identity_05,2,semantic_margin_delta,even,0.20833333333333334,2,-0.08145378952968993,0.022063331493005496,0.41363063197489885,3,0.25,1.0,3,"5,6,7",0.19999999999999998,8,8
7,16,matched_betti,0.5,max_full_branch_node_speed,all_interior,coexact,coexact,random_tangent,literal_stable,fresh_literal_01,2,semantic_margin_delta,even,0.20833333333333334,2,-0.314359804875892,0.02179866610770866,0.11552727102338056,3,0.25,1.0,2,"6,7",0.20967741935483866,8,8
7,16,matched_betti,0.5,max_full_branch_node_speed,all_interior,coexact,coexact,random_tangent,literal_stable,fresh_literal_02,2,semantic_margin_delta,even,0.20833333333333334,2,0.1283408668353428,0.01187794802799006,0.1533929244037694,3,0.25,1.0,3,"5,6,7",0.19999999999999998,8,8
7,16,matched_betti,0.5,max_full_branch_node_speed,all_interior,coexact,coexact,random_tangent,literal_stable,fresh_literal_03,2,semantic_margin_delta,even,0.20833333333333334,2,-0.28419913914704076,0.02634938006771258,0.153659119913855,3,0.25,1.0,2,"6,7",0.20967741935483866,8,8
7,16,matched_betti,0.5,max_full_branch_node_speed,all_interior,coexact,coexact,random_tangent,literal_stable,fresh_literal_04,2,semantic_margin_delta,even,0.20833333333333334,2,0.08433587212211859,0.00015681609068882822,0.00311871333392235,3,0.25,1.0,3,"6,7,8",0.21212121212121213,8,8
7,16,matched_betti,0.5,max_full_branch_node_speed,all_interior,coexact,coexact,random_tangent,literal_stable,fresh_literal_05,2,semantic_margin_delta,even,0.20833333333333334,2,0.0053842540794305435,0.005757940353375869,0.8734285326297895,3,0.25,1.0,3,"6,7,8",0.21212121212121213,8,8
7,16,matched_betti,0.5,max_full_branch_node_speed,all_interior,coexact,coexact,random_tangent,metaphor_shift,fresh_metaphor_01,2,semantic_margin_delta,even,0.20833333333333334,2,0.12247405416020389,0.005695646605384189,0.07776444633154146,3,0.25,1.0,3,"5,6,7",0.19999999999999998,8,8
7,16,matched_betti,0.5,max_full_branch_node_speed,all_interior,coexact,coexact,random_tangent,metaphor_shift,fresh_metaphor_02,2,semantic_margin_delta,even,0.20833333333333334,2,0.23947678129062652,0.016827660543555282,0.11704802244754772,3,0.25,1.0,2,"6,7",0.203125,8,8
7,16,matched_betti,0.5,max_full_branch_node_speed,all_interior,coexact,coexact,random_tangent,metaphor_shift,fresh_metaphor_03,2,semantic_margin_delta,even,0.20833333333333334,2,-0.3506558261849055,0.024684105976293478,0.11725447949890402,3,0.25,1.0,2,"6,7",0.203125,8,8
7,16,matched_betti,0.5,max_full_branch_node_speed,all_interior,coexact,coexact,random_tangent,metaphor_shift,fresh_metaphor_04,2,semantic_margin_delta,even,0.20833333333333334,2,0.15770793705983813,0.009527101059304566,0.10080650998099146,3,0.25,1.0,2,"6,7",0.20967741935483866,8,8
7,16,matched_betti,0.5,max_full_branch_node_speed,all_interior,coexact,coexact,random_tangent,metaphor_shift,fresh_metaphor_05,2,semantic_margin_delta,even,0.20833333333333334,2,-0.27232988577320627,0.008012219511490781,0.04928658109786845,3,0.25,1.0,3,"5,6,7",0.19999999999999998,8,8
7,16,matched_betti,0.5,max_full_branch_node_speed,all_interior,coexact,coexact,random_tangent,ontology_collapse,fresh_ontology_01,2,semantic_margin_delta,even,0.20833333333333334,2,0.14754423873625777,0.00872821157787737,0.09873587751763813,3,0.25,1.0,3,"5,6,7",0.19999999999999998,8,8
7,16,matched_betti,0.5,max_full_branch_node_speed,all_interior,coexact,coexact,random_tangent,ontology_collapse,fresh_ontology_02,2,semantic_margin_delta,even,0.20833333333333334,2,0.08305477514700807,0.0013040429424687437,0.026325463783080816,3,0.25,1.0,3,"5,6,7",0.19999999999999998,8,8
7,16,matched_betti,0.5,max_full_branch_node_speed,all_interior,coexact,coexact,random_tangent,ontology_collapse,fresh_ontology_03,2,semantic_margin_delta,even,0.20833333333333334,2,-0.12068157656533478,0.00872072049491644,0.12032170896018735,3,0.25,1.0,2,"6,7",0.203125,8,8
7,16,matched_betti,0.5,max_full_branch_node_speed,all_interior,coexact,coexact,random_tangent,ontology_collapse,fresh_ontology_04,2,semantic_margin_delta,even,0.20833333333333334,2,-0.07581586391515047,0.018927371725253272,0.3862330123416546,3,0.25,1.0,2,"6,7",0.203125,8,8
7,16,matched_betti,0.5,max_full_branch_node_speed,all_interior,coexact,coexact,random_tangent,ontology_collapse,fresh_ontology_05,2,semantic_margin_delta,even,0.20833333333333334,2,-0.014799819411506937,0.002699556510645264,0.29255415319449596,3,0.25,1.0,3,"6,7,8",0.21212121212121213,8,8
7,16,matched_betti,0.5,max_full_branch_node_speed,all_interior,coexact,coexact,random_tangent,identity_stress,fresh_identity_01,3,semantic_margin_delta,even,0.2916666666666667,2,0.05057457393485544,0.007186757878862761,0.23184742302875674,3,0.25,1.0,3,"8,9,10",0.28125,8,8
7,16,matched_betti,0.5,max_full_branch_node_speed,all_interior,coexact,coexact,random_tangent,identity_stress,fresh_identity_02,3,semantic_margin_delta,even,0.2916666666666667,2,-0.08382502962087628,0.01455921158382942,0.2796891687207488,3,0.25,1.0,3,"8,9,10",0.2903225806451613,8,8
7,16,matched_betti,0.5,max_full_branch_node_speed,all_interior,coexact,coexact,random_tangent,identity_stress,fresh_identity_03,3,semantic_margin_delta,even,0.2916666666666667,2,-0.3398107168275078,0.009836897505539382,0.04849634987416342,3,0.25,1.0,3,"8,9,10",0.28125,8,8
7,16,matched_betti,0.5,max_full_branch_node_speed,all_interior,coexact,coexact,random_tangent,identity_stress,fresh_identity_04,3,semantic_margin_delta,even,0.2916666666666667,2,0.025344414006846772,0.01111461824140137,0.5925236872684804,3,0.25,1.0,3,"8,9,10",0.2903225806451613,8,8
7,16,matched_betti,0.5,max_full_branch_node_speed,all_interior,coexact,coexact,random_tangent,identity_stress,fresh_identity_05,3,semantic_margin_delta,even,0.2916666666666667,2,-0.04686325349446188,0.04197123272268325,0.8324198078777101,3,0.25,1.0,2,"8,9",0.2833333333333333,8,8
7,16,matched_betti,0.5,max_full_branch_node_speed,all_interior,coexact,coexact,random_tangent,literal_stable,fresh_literal_01,3,semantic_margin_delta,even,0.2916666666666667,2,-0.37729193409001005,0.010772030226631034,0.04783237452182134,3,0.25,1.0,3,"8,9,10",0.2903225806451613,8,8
7,16,matched_betti,0.5,max_full_branch_node_speed,all_interior,coexact,coexact,random_tangent,literal_stable,fresh_literal_02,3,semantic_margin_delta,even,0.2916666666666667,2,-0.05415924994548779,0.0021702258897285634,0.06705835730908663,3,0.25,1.0,2,"8,9",0.2833333333333333,8,8
7,16,matched_betti,0.5,max_full_branch_node_speed,all_interior,coexact,coexact,random_tangent,literal_stable,fresh_literal_03,3,semantic_margin_delta,even,0.2916666666666667,2,-0.05509879056985639,0.008889092151307822,0.2611982519286628,3,0.25,1.0,3,"8,9,10",0.2903225806451613,8,8
7,16,matched_betti,0.5,max_full_branch_node_speed,all_interior,coexact,coexact,random_tangent,literal_stable,fresh_literal_04,3,semantic_margin_delta,even,0.2916666666666667,2,-0.015624616595854157,0.015168159170070649,0.8521260819634074,3,0.25,1.0,2,"9,10",0.28787878787878785,8,8
7,16,matched_betti,0.5,max_full_branch_node_speed,all_interior,coexact,coexact,random_tangent,literal_stable,fresh_literal_05,3,semantic_margin_delta,even,0.2916666666666667,2,0.04411372531624086,0.007332957116014765,0.26856472156729666,3,0.25,1.0,2,"9,10",0.28787878787878785,8,8
7,16,matched_betti,0.5,max_full_branch_node_speed,all_interior,coexact,coexact,random_tangent,metaphor_shift,fresh_metaphor_01,3,semantic_margin_delta,even,0.2916666666666667,2,0.06445287793261253,0.023872409427691667,0.5276948664777473,3,0.25,1.0,1,8,0.26666666666666666,8,8
7,16,matched_betti,0.5,max_full_branch_node_speed,all_interior,coexact,coexact,random_tangent,metaphor_shift,fresh_metaphor_02,3,semantic_margin_delta,even,0.2916666666666667,2,0.029099392198458626,0.014935967338279224,0.6524278246184823,3,0.25,1.0,3,"8,9,10",0.28125,8,8
7,16,matched_betti,0.5,max_full_branch_node_speed,all_interior,coexact,coexact,random_tangent,metaphor_shift,fresh_metaphor_03,3,semantic_margin_delta,even,0.2916666666666667,2,-0.3881267914898935,0.018707670118131514,0.0805806526274234,3,0.25,1.0,1,10,0.3125,8,8
7,16,matched_betti,0.5,max_full_branch_node_speed,all_interior,coexact,coexact,random_tangent,metaphor_shift,fresh_metaphor_04,3,semantic_margin_delta,even,0.2916666666666667,2,-0.1353779600899734,0.00838937698612034,0.10338265363346476,3,0.25,1.0,2,"8,10",0.29032258064516125,8,8
7,16,matched_betti,0.5,max_full_branch_node_speed,all_interior,coexact,coexact,random_tangent,metaphor_shift,fresh_metaphor_05,3,semantic_margin_delta,even,0.2916666666666667,2,-0.26234553040351233,0.005893289702799662,0.03765090013326101,3,0.25,1.0,2,"8,9",0.2833333333333333,8,8
7,16,matched_betti,0.5,max_full_branch_node_speed,all_interior,coexact,coexact,random_tangent,ontology_collapse,fresh_ontology_01,3,semantic_margin_delta,even,0.2916666666666667,2,-0.14353231738626332,0.03198527782360525,0.3501097919282047,3,0.25,1.0,2,"8,9",0.2833333333333333,8,8
7,16,matched_betti,0.5,max_full_branch_node_speed,all_interior,coexact,coexact,random_tangent,ontology_collapse,fresh_ontology_02,3,semantic_margin_delta,even,0.2916666666666667,2,-0.10004389833823361,0.012412966476602765,0.2037407899839777,3,0.25,1.0,2,"8,9",0.2833333333333333,8,8
7,16,matched_betti,0.5,max_full_branch_node_speed,all_interior,coexact,coexact,random_tangent,ontology_collapse,fresh_ontology_03,3,semantic_margin_delta,even,0.2916666666666667,2,0.01998582506099952,0.011079539895683105,0.6809419933501535,3,0.25,1.0,2,"8,9",0.265625,8,8
7,16,matched_betti,0.5,max_full_branch_node_speed,all_interior,coexact,coexact,random_tangent,ontology_collapse,fresh_ontology_04,3,semantic_margin_delta,even,0.2916666666666667,2,-0.1746386605180759,0.002528069357131784,0.02427280155541438,3,0.25,1.0,3,"8,9,10",0.28125,8,8
7,16,matched_betti,0.5,max_full_branch_node_speed,all_interior,coexact,coexact,random_tangent,ontology_collapse,fresh_ontology_05,3,semantic_margin_delta,even,0.2916666666666667,2,0.30989647829922984,0.02699382117822089,0.14456421453621582,3,0.25,1.0,2,"9,10",0.28787878787878785,8,8
7,16,matched_betti,0.5,max_full_branch_node_speed,all_interior,coexact,coexact,random_tangent,identity_stress,fresh_identity_01,4,semantic_margin_delta,even,0.375,2,0.4669275092214386,0.010238601961237548,0.03675335267938833,3,0.25,1.0,3,"11,12,13",0.375,8,8
7,16,matched_betti,0.5,max_full_branch_node_speed,all_interior,coexact,coexact,random_tangent,identity_stress,fresh_identity_02,4,semantic_margin_delta,even,0.375,2,0.07209906564219543,0.0035905058512053865,0.08323683841258132,3,0.25,1.0,2,"11,12",0.3709677419354838,8,8
7,16,matched_betti,0.5,max_full_branch_node_speed,all_interior,coexact,coexact,random_tangent,identity_stress,fresh_identity_03,4,semantic_margin_delta,even,0.375,2,-0.18892697455565532,0.003102980110114446,0.02753718763922747,3,0.25,1.0,3,"11,12,13",0.375,8,8
7,16,matched_betti,0.5,max_full_branch_node_speed,all_interior,coexact,coexact,random_tangent,identity_stress,fresh_identity_04,4,semantic_margin_delta,even,0.375,2,0.3308454880314842,0.005275649076424674,0.026735893080763892,3,0.25,1.0,2,"11,12",0.3709677419354838,8,8
7,16,matched_betti,0.5,max_full_branch_node_speed,all_interior,coexact,coexact,random_tangent,identity_stress,fresh_identity_05,4,semantic_margin_delta,even,0.375,2,0.0804189099889881,0.01163947443539957,0.23590682237739374,3,0.25,1.0,3,"10,11,12",0.3666666666666667,8,8
7,16,matched_betti,0.5,max_full_branch_node_speed,all_interior,coexact,coexact,random_tangent,literal_stable,fresh_literal_01,4,semantic_margin_delta,even,0.375,2,-0.44279272949928994,0.015735211816583414,0.059497858521656816,3,0.25,1.0,1,11,0.3548387096774193,8,8
7,16,matched_betti,0.5,max_full_branch_node_speed,all_interior,coexact,coexact,random_tangent,literal_stable,fresh_literal_02,4,semantic_margin_delta,even,0.375,2,-0.17788816631630563,0.008434848924575813,0.07927941011868142,3,0.25,1.0,3,"10,11,12",0.3666666666666667,8,8
7,16,matched_betti,0.5,max_full_branch_node_speed,all_interior,coexact,coexact,random_tangent,literal_stable,fresh_literal_03,4,semantic_margin_delta,even,0.375,2,-0.04491173432179455,0.00209553949879391,0.07802062936889116,3,0.25,1.0,2,"11,12",0.3709677419354838,8,8
7,16,matched_betti,0.5,max_full_branch_node_speed,all_interior,coexact,coexact,random_tangent,literal_stable,fresh_literal_04,4,semantic_margin_delta,even,0.375,2,-0.018547362465306933,0.007152423818183745,0.5430983951497135,3,0.25,1.0,3,"11,12,13",0.3636363636363636,8,8
7,16,matched_betti,0.5,max_full_branch_node_speed,all_interior,coexact,coexact,random_tangent,literal_stable,fresh_literal_05,4,semantic_margin_delta,even,0.375,2,0.44032854037436214,0.013432170208335112,0.05109765043240586,3,0.25,1.0,3,"11,12,13",0.3636363636363636,8,8
7,16,matched_betti,0.5,max_full_branch_node_speed,all_interior,coexact,coexact,random_tangent,metaphor_shift,fresh_metaphor_01,4,semantic_margin_delta,even,0.375,2,-0.05617612299256778,0.0034981253243963205,0.10387880858504647,3,0.25,1.0,3,"10,11,12",0.3666666666666667,8,8
7,16,matched_betti,0.5,max_full_branch_node_speed,all_interior,coexact,coexact,random_tangent,metaphor_shift,fresh_metaphor_02,4,semantic_margin_delta,even,0.375,2,-0.04248276082226031,0.011310184343336744,0.4077324428788595,3,0.25,1.0,3,"11,12,13",0.375,8,8
7,16,matched_betti,0.5,max_full_branch_node_speed,all_interior,coexact,coexact,random_tangent,metaphor_shift,fresh_metaphor_03,4,semantic_margin_delta,even,0.375,2,0.09478852608986003,0.002312263345199593,0.04088063237011223,3,0.25,1.0,3,"11,12,13",0.375,8,8
7,16,matched_betti,0.5,max_full_branch_node_speed,all_interior,coexact,coexact,random_tangent,metaphor_shift,fresh_metaphor_04,4,semantic_margin_delta,even,0.375,2,-0.1264154555097209,0.0017849671178769807,0.023675958848828015,3,0.25,1.0,2,"11,12",0.3709677419354838,8,8
7,16,matched_betti,0.5,max_full_branch_node_speed,all_interior,coexact,coexact,random_tangent,metaphor_shift,fresh_metaphor_05,4,semantic_margin_delta,even,0.375,2,-0.28703043433717734,0.006281656676040857,0.036682012210058255,3,0.25,1.0,3,"10,11,12",0.3666666666666667,8,8
7,16,matched_betti,0.5,max_full_branch_node_speed,all_interior,coexact,coexact,random_tangent,ontology_collapse,fresh_ontology_01,4,semantic_margin_delta,even,0.375,2,0.12428847216033878,0.009493764153196856,0.1270783484704515,3,0.25,1.0,3,"10,11,12",0.3666666666666667,8,8
7,16,matched_betti,0.5,max_full_branch_node_speed,all_interior,coexact,coexact,random_tangent,ontology_collapse,fresh_ontology_02,4,semantic_margin_delta,even,0.375,2,0.14192011360942694,0.03908707823896235,0.41936103233670263,3,0.25,1.0,3,"10,11,12",0.3666666666666667,8,8
7,16,matched_betti,0.5,max_full_branch_node_speed,all_interior,coexact,coexact,random_tangent,ontology_collapse,fresh_ontology_03,4,semantic_margin_delta,even,0.375,2,0.08531122516595062,0.0018919358775921968,0.03717057601586047,3,0.25,1.0,3,"11,12,13",0.375,8,8
7,16,matched_betti,0.5,max_full_branch_node_speed,all_interior,coexact,coexact,random_tangent,ontology_collapse,fresh_ontology_04,4,semantic_margin_delta,even,0.375,2,-0.19775536876455432,0.003441458756750399,0.029176194639373484,3,0.25,1.0,3,"11,12,13",0.375,8,8
7,16,matched_betti,0.5,max_full_branch_node_speed,all_interior,coexact,coexact,random_tangent,ontology_collapse,fresh_ontology_05,4,semantic_margin_delta,even,0.375,2,-0.03285419649479844,0.027743457969277994,0.8169061421860795,3,0.25,1.0,3,"11,12,13",0.3636363636363636,8,8
7,16,matched_betti,0.5,max_full_branch_node_speed,all_interior,coexact,coexact,random_tangent,identity_stress,fresh_identity_01,5,semantic_margin_delta,even,0.4583333333333333,2,0.09141706408398684,0.010997162269103777,0.19778242815383093,3,0.25,1.0,2,"14,15",0.453125,8,8
7,16,matched_betti,0.5,max_full_branch_node_speed,all_interior,coexact,coexact,random_tangent,identity_stress,fresh_identity_02,5,semantic_margin_delta,even,0.4583333333333333,2,-0.07448569376199524,0.01753482434381278,0.3672544461423284,3,0.25,1.0,3,"13,14,15",0.4516129032258065,8,8
7,16,matched_betti,0.5,max_full_branch_node_speed,all_interior,coexact,coexact,random_tangent,identity_stress,fresh_identity_03,5,semantic_margin_delta,even,0.4583333333333333,2,-0.3166567356918116,0.008224853177520593,0.04352381674636076,3,0.25,1.0,2,"14,15",0.453125,8,8
7,16,matched_betti,0.5,max_full_branch_node_speed,all_interior,coexact,coexact,random_tangent,identity_stress,fresh_identity_04,5,semantic_margin_delta,even,0.4583333333333333,2,-0.05953127914445025,0.012203729957820738,0.3251493635992739,3,0.25,1.0,3,"13,14,15",0.4516129032258065,8,8
7,16,matched_betti,0.5,max_full_branch_node_speed,all_interior,coexact,coexact,random_tangent,identity_stress,fresh_identity_05,5,semantic_margin_delta,even,0.4583333333333333,2,-0.3556948552053508,0.019647142676013498,0.09224976465962421,3,0.25,1.0,2,"13,14",0.45,8,8
7,16,matched_betti,0.5,max_full_branch_node_speed,all_interior,coexact,coexact,random_tangent,literal_stable,fresh_literal_01,5,semantic_margin_delta,even,0.4583333333333333,2,0.31057133587397545,0.010223614899495198,0.055129167507125355,3,0.25,1.0,3,"13,14,15",0.4516129032258065,8,8
7,16,matched_betti,0.5,max_full_branch_node_speed,all_interior,coexact,coexact,random_tangent,literal_stable,fresh_literal_02,5,semantic_margin_delta,even,0.4583333333333333,2,-0.2598131843290619,0.013879697823170053,0.08924454898991194,3,0.25,1.0,2,"13,14",0.45,8,8
7,16,matched_betti,0.5,max_full_branch_node_speed,all_interior,coexact,coexact,random_tangent,literal_stable,fresh_literal_03,5,semantic_margin_delta,even,0.4583333333333333,2,0.031127573505989464,0.0037637871268998715,0.1987589081970369,3,0.25,1.0,3,"13,14,15",0.4516129032258065,8,8
7,16,matched_betti,0.5,max_full_branch_node_speed,all_interior,coexact,coexact,random_tangent,literal_stable,fresh_literal_04,5,semantic_margin_delta,even,0.4583333333333333,2,0.16464360566509753,0.011528325796351293,0.1166396301144812,3,0.25,1.0,2,"15,16",0.4696969696969697,8,8
7,16,matched_betti,0.5,max_full_branch_node_speed,all_interior,coexact,coexact,random_tangent,literal_stable,fresh_literal_05,5,semantic_margin_delta,even,0.4583333333333333,2,0.2617350690669185,0.0052597547159155475,0.03368653231336973,3,0.25,1.0,2,"14,15",0.4393939393939394,8,8
7,16,matched_betti,0.5,max_full_branch_node_speed,all_interior,coexact,coexact,random_tangent,metaphor_shift,fresh_metaphor_01,5,semantic_margin_delta,even,0.4583333333333333,2,-0.05165116943358416,0.0094779998107416,0.29415958289328953,3,0.25,1.0,2,"13,14",0.45,8,8
7,16,matched_betti,0.5,max_full_branch_node_speed,all_interior,coexact,coexact,random_tangent,metaphor_shift,fresh_metaphor_02,5,semantic_margin_delta,even,0.4583333333333333,2,0.11522368505861925,0.011532825099209405,0.16556099682160816,3,0.25,1.0,2,"14,15",0.453125,8,8
7,16,matched_betti,0.5,max_full_branch_node_speed,all_interior,coexact,coexact,random_tangent,metaphor_shift,fresh_metaphor_03,5,semantic_margin_delta,even,0.4583333333333333,2,-0.07404085703748244,0.006018968049258068,0.13509833516219655,3,0.25,1.0,2,"14,15",0.453125,8,8
7,16,matched_betti,0.5,max_full_branch_node_speed,all_interior,coexact,coexact,random_tangent,metaphor_shift,fresh_metaphor_04,5,semantic_margin_delta,even,0.4583333333333333,2,0.2634482444951466,0.03920683426634675,0.24218145782969694,3,0.25,1.0,3,"13,14,15",0.4516129032258065,8,8
7,16,matched_betti,0.5,max_full_branch_node_speed,all_interior,coexact,coexact,random_tangent,metaphor_shift,fresh_metaphor_05,5,semantic_margin_delta,even,0.4583333333333333,2,-0.013858014385166352,0.007570254933053346,0.6755532730391249,3,0.25,1.0,2,"13,14",0.45,8,8
7,16,matched_betti,0.5,max_full_branch_node_speed,all_interior,coexact,coexact,random_tangent,ontology_collapse,fresh_ontology_01,5,semantic_margin_delta,even,0.4583333333333333,2,0.001015661548583764,0.007537501317427279,0.9967884213182227,3,0.25,1.0,2,"13,14",0.45,8,8
7,16,matched_betti,0.5,max_full_branch_node_speed,all_interior,coexact,coexact,random_tangent,ontology_collapse,fresh_ontology_02,5,semantic_margin_delta,even,0.4583333333333333,2,-0.13396308036031504,0.006933040342152558,0.08647843980244657,3,0.25,1.0,2,"13,14",0.45,8,8
7,16,matched_betti,0.5,max_full_branch_node_speed,all_interior,coexact,coexact,random_tangent,ontology_collapse,fresh_ontology_03,5,semantic_margin_delta,even,0.4583333333333333,2,0.15460478183646711,0.011978709046068159,0.12886941727558432,3,0.25,1.0,2,"14,15",0.453125,8,8
7,16,matched_betti,0.5,max_full_branch_node_speed,all_interior,coexact,coexact,random_tangent,ontology_collapse,fresh_ontology_04,5,semantic_margin_delta,even,0.4583333333333333,2,0.20184377008590226,0.007942863575113434,0.06585930250785338,3,0.25,1.0,2,"14,15",0.453125,8,8
7,16,matched_betti,0.5,max_full_branch_node_speed,all_interior,coexact,coexact,random_tangent,ontology_collapse,fresh_ontology_05,5,semantic_margin_delta,even,0.4583333333333333,2,-0.0814125118935341,0.0034805052471450306,0.07152152966463936,3,0.25,1.0,3,"14,15,16",0.4545454545454546,8,8
7,16,matched_betti,0.5,max_full_branch_node_speed,all_interior,coexact,coexact,random_tangent,identity_stress,fresh_identity_01,6,semantic_margin_delta,even,0.5416666666666666,2,0.265253777155688,0.006423204115232915,0.040581820130733574,3,0.25,1.0,3,"16,17,18",0.53125,8,8
7,16,matched_betti,0.5,max_full_branch_node_speed,all_interior,coexact,coexact,random_tangent,identity_stress,fresh_identity_02,6,semantic_margin_delta,even,0.5416666666666666,2,-0.1456055010866139,0.015323826291470949,0.1738305069662722,3,0.25,1.0,3,"16,17,18",0.5483870967741935,8,8
7,16,matched_betti,0.5,max_full_branch_node_speed,all_interior,coexact,coexact,random_tangent,identity_stress,fresh_identity_03,6,semantic_margin_delta,even,0.5416666666666666,2,-0.042886053478069786,0.008054619365861753,0.3004576954412744,3,0.25,1.0,3,"16,17,18",0.53125,8,8
7,16,matched_betti,0.5,max_full_branch_node_speed,all_interior,coexact,coexact,random_tangent,identity_stress,fresh_identity_04,6,semantic_margin_delta,even,0.5416666666666666,2,0.110150563276589,0.009041121736638224,0.13638225947705848,3,0.25,1.0,3,"16,17,18",0.5483870967741935,8,8
7,16,matched_betti,0.5,max_full_branch_node_speed,all_interior,coexact,coexact,random_tangent,identity_stress,fresh_identity_05,6,semantic_margin_delta,even,0.5416666666666666,2,-0.2153299376843522,0.0021940663524447073,0.017087605768796334,3,0.25,1.0,3,"15,16,17",0.5333333333333333,8,8
7,16,matched_betti,0.5,max_full_branch_node_speed,all_interior,coexact,coexact,random_tangent,literal_stable,fresh_literal_01,6,semantic_margin_delta,even,0.5416666666666666,2,0.010584538409323534,0.014201067326480543,0.9138343943546192,3,0.25,1.0,3,"16,17,18",0.5483870967741935,8,8
7,16,matched_betti,0.5,max_full_branch_node_speed,all_interior,coexact,coexact,random_tangent,literal_stable,fresh_literal_02,6,semantic_margin_delta,even,0.5416666666666666,2,0.10446998592905402,0.002692581361287908,0.043188803088698866,3,0.25,1.0,3,"15,16,17",0.5333333333333333,8,8
7,16,matched_betti,0.5,max_full_branch_node_speed,all_interior,coexact,coexact,random_tangent,literal_stable,fresh_literal_03,6,semantic_margin_delta,even,0.5416666666666666,2,0.1054027996262403,0.0025356194151113466,0.04031604987420456,3,0.25,1.0,3,"16,17,18",0.5483870967741935,8,8
7,16,matched_betti,0.5,max_full_branch_node_speed,all_interior,coexact,coexact,random_tangent,literal_stable,fresh_literal_04,6,semantic_margin_delta,even,0.5416666666666666,2,0.4336066894269301,0.053326548285537616,0.2020219051939314,3,0.25,1.0,3,"17,18,19",0.5454545454545454,8,8
7,16,matched_betti,0.5,max_full_branch_node_speed,all_interior,coexact,coexact,random_tangent,literal_stable,fresh_literal_05,6,semantic_margin_delta,even,0.5416666666666666,2,0.09874415263310223,0.0025197838502287045,0.04276158148215533,3,0.25,1.0,3,"17,18,19",0.5454545454545454,8,8
7,16,matched_betti,0.5,max_full_branch_node_speed,all_interior,coexact,coexact,random_tangent,metaphor_shift,fresh_metaphor_01,6,semantic_margin_delta,even,0.5416666666666666,2,-0.0037923885745851497,0.025663737706710873,0.9961413276723061,3,0.25,1.0,3,"15,16,17",0.5333333333333333,8,8
7,16,matched_betti,0.5,max_full_branch_node_speed,all_interior,coexact,coexact,random_tangent,metaphor_shift,fresh_metaphor_02,6,semantic_margin_delta,even,0.5416666666666666,2,0.15720580921505503,0.005010971581296764,0.05338667248950109,3,0.25,1.0,3,"16,17,18",0.53125,8,8
7,16,matched_betti,0.5,max_full_branch_node_speed,all_interior,coexact,coexact,random_tangent,metaphor_shift,fresh_metaphor_03,6,semantic_margin_delta,even,0.5416666666666666,2,0.05366964987476918,0.026311488085072266,0.6351287175574749,3,0.25,1.0,3,"16,17,18",0.53125,8,8
7,16,matched_betti,0.5,max_full_branch_node_speed,all_interior,coexact,coexact,random_tangent,metaphor_shift,fresh_metaphor_04,6,semantic_margin_delta,even,0.5416666666666666,2,0.010633468290857125,0.016756133571397096,0.9352928574230646,3,0.25,1.0,3,"16,17,18",0.5483870967741935,8,8
7,16,matched_betti,0.5,max_full_branch_node_speed,all_interior,coexact,coexact,random_tangent,metaphor_shift,fresh_metaphor_05,6,semantic_margin_delta,even,0.5416666666666666,2,-0.08496955417101867,0.005363555301296889,0.10528540889605705,3,0.25,1.0,3,"15,16,17",0.5333333333333333,8,8
7,16,matched_betti,0.5,max_full_branch_node_speed,all_interior,coexact,coexact,random_tangent,ontology_collapse,fresh_ontology_01,6,semantic_margin_delta,even,0.5416666666666666,2,-0.1641598892377884,0.01182722745822025,0.11996849162681794,3,0.25,1.0,3,"15,16,17",0.5333333333333333,8,8
7,16,matched_betti,0.5,max_full_branch_node_speed,all_interior,coexact,coexact,random_tangent,ontology_collapse,fresh_ontology_02,6,semantic_margin_delta,even,0.5416666666666666,2,0.20462804027080314,0.03798503508053003,0.2972731354726028,3,0.25,1.0,3,"15,16,17",0.5333333333333333,8,8
7,16,matched_betti,0.5,max_full_branch_node_speed,all_interior,coexact,coexact,random_tangent,ontology_collapse,fresh_ontology_03,6,semantic_margin_delta,even,0.5416666666666666,2,-0.018443936636340325,0.006151019841757028,0.48817928758760454,3,0.25,1.0,3,"16,17,18",0.53125,8,8
7,16,matched_betti,0.5,max_full_branch_node_speed,all_interior,coexact,coexact,random_tangent,ontology_collapse,fresh_ontology_04,6,semantic_margin_delta,even,0.5416666666666666,2,-0.03610354599257939,0.00811397043814086,0.35272199982113295,3,0.25,1.0,2,"16,17",0.515625,8,8
7,16,matched_betti,0.5,max_full_branch_node_speed,all_interior,coexact,coexact,random_tangent,ontology_collapse,fresh_ontology_05,6,semantic_margin_delta,even,0.5416666666666666,2,0.10913728006844121,0.008435751823301953,0.12856732589339437,3,0.25,1.0,3,"17,18,19",0.5454545454545454,8,8
7,16,matched_betti,0.5,max_full_branch_node_speed,all_interior,coexact,coexact,random_tangent,identity_stress,fresh_identity_01,7,semantic_margin_delta,even,0.625,2,0.14259656184064293,0.03306397445894785,0.36246058163720957,3,0.25,1.0,3,"19,20,21",0.625,8,8
7,16,matched_betti,0.5,max_full_branch_node_speed,all_interior,coexact,coexact,random_tangent,identity_stress,fresh_identity_02,7,semantic_margin_delta,even,0.625,2,0.19733514249953366,0.007655753309623927,0.06493297364458812,3,0.25,1.0,2,"19,20",0.6290322580645161,8,8
7,16,matched_betti,0.5,max_full_branch_node_speed,all_interior,coexact,coexact,random_tangent,identity_stress,fresh_identity_03,7,semantic_margin_delta,even,0.625,2,-0.21473462001919602,0.0066575786903905155,0.05193105261663199,3,0.25,1.0,3,"19,20,21",0.625,8,8
7,16,matched_betti,0.5,max_full_branch_node_speed,all_interior,coexact,coexact,random_tangent,identity_stress,fresh_identity_04,7,semantic_margin_delta,even,0.625,2,0.2722208358945114,0.018496710908936547,0.11323228340859623,3,0.25,1.0,2,"19,20",0.6290322580645161,8,8
7,16,matched_betti,0.5,max_full_branch_node_speed,all_interior,coexact,coexact,random_tangent,identity_stress,fresh_identity_05,7,semantic_margin_delta,even,0.625,2,-0.24361673143122203,0.03472205169114823,0.23250367281466622,3,0.25,1.0,2,"18,19",0.6166666666666667,8,8
7,16,matched_betti,0.5,max_full_branch_node_speed,all_interior,coexact,coexact,random_tangent,literal_stable,fresh_literal_01,7,semantic_margin_delta,even,0.625,2,0.005648670909048794,0.007330718436503818,0.9086938922255535,3,0.25,1.0,2,"19,20",0.6290322580645161,8,8
7,16,matched_betti,0.5,max_full_branch_node_speed,all_interior,coexact,coexact,random_tangent,literal_stable,fresh_literal_02,7,semantic_margin_delta,even,0.625,2,-0.325313108393284,0.0013397777613838517,0.006907487804067189,3,0.25,1.0,2,"18,19",0.6166666666666667,8,8
7,16,matched_betti,0.5,max_full_branch_node_speed,all_interior,coexact,coexact,random_tangent,literal_stable,fresh_literal_03,7,semantic_margin_delta,even,0.625,2,0.13545812507999852,0.001948458608213061,0.02411898647072789,3,0.25,1.0,2,"19,20",0.6290322580645161,8,8
7,16,matched_betti,0.5,max_full_branch_node_speed,all_interior,coexact,coexact,random_tangent,literal_stable,fresh_literal_04,7,semantic_margin_delta,even,0.625,2,-0.11669182100393331,0.013858742115910873,0.19535879064958261,3,0.25,1.0,2,"20,21",0.6212121212121212,8,8
7,16,matched_betti,0.5,max_full_branch_node_speed,all_interior,coexact,coexact,random_tangent,literal_stable,fresh_literal_05,7,semantic_margin_delta,even,0.625,2,0.021988399916080526,0.00981131206021367,0.5991789446130863,3,0.25,1.0,2,"20,21",0.6212121212121212,8,8
7,16,matched_betti,0.5,max_full_branch_node_speed,all_interior,coexact,coexact,random_tangent,metaphor_shift,fresh_metaphor_01,7,semantic_margin_delta,even,0.625,2,0.13339412202832565,0.015110299210846175,0.18665320265122087,3,0.25,1.0,2,"18,19",0.6166666666666667,8,8
7,16,matched_betti,0.5,max_full_branch_node_speed,all_interior,coexact,coexact,random_tangent,metaphor_shift,fresh_metaphor_02,7,semantic_margin_delta,even,0.625,2,-0.13235277000272264,0.006205816578564101,0.07840184737690374,3,0.25,1.0,3,"19,20,21",0.625,8,8
7,16,matched_betti,0.5,max_full_branch_node_speed,all_interior,coexact,coexact,random_tangent,metaphor_shift,fresh_metaphor_03,7,semantic_margin_delta,even,0.625,2,0.11148784586128463,0.006706851955862454,0.10039011046723363,3,0.25,1.0,3,"19,20,21",0.625,8,8
7,16,matched_betti,0.5,max_full_branch_node_speed,all_interior,coexact,coexact,random_tangent,metaphor_shift,fresh_metaphor_04,7,semantic_margin_delta,even,0.625,2,0.12994380191439406,0.0033992750413970436,0.0438341296667933,3,0.25,1.0,2,"19,20",0.6290322580645161,8,8
7,16,matched_betti,0.5,max_full_branch_node_speed,all_interior,coexact,coexact,random_tangent,metaphor_shift,fresh_metaphor_05,7,semantic_margin_delta,even,0.625,2,-0.07686517371316297,0.021976489013655252,0.4323964771863725,3,0.25,1.0,2,"18,19",0.6166666666666667,8,8
7,16,matched_betti,0.5,max_full_branch_node_speed,all_interior,coexact,coexact,random_tangent,ontology_collapse,fresh_ontology_01,7,semantic_margin_delta,even,0.625,2,-0.1170733678905917,0.007036793671640395,0.1003044526477569,3,0.25,1.0,2,"18,19",0.6166666666666667,8,8
7,16,matched_betti,0.5,max_full_branch_node_speed,all_interior,coexact,coexact,random_tangent,ontology_collapse,fresh_ontology_02,7,semantic_margin_delta,even,0.625,2,0.09318712682335786,0.01819367221467571,0.31120335367769375,3,0.25,1.0,2,"18,19",0.6166666666666667,8,8
7,16,matched_betti,0.5,max_full_branch_node_speed,all_interior,coexact,coexact,random_tangent,ontology_collapse,fresh_ontology_03,7,semantic_margin_delta,even,0.625,2,0.1723733500721032,0.011302527627041327,0.1093186048039652,3,0.25,1.0,2,"19,21",0.625,8,8
7,16,matched_betti,0.5,max_full_branch_node_speed,all_interior,coexact,coexact,random_tangent,ontology_collapse,fresh_ontology_04,7,semantic_margin_delta,even,0.625,2,-0.012119288534935815,0.010650602781268857,0.8275309856830754,3,0.25,1.0,3,"19,20,21",0.625,8,8
7,16,matched_betti,0.5,max_full_branch_node_speed,all_interior,coexact,coexact,random_tangent,ontology_collapse,fresh_ontology_05,7,semantic_margin_delta,even,0.625,2,0.17819233729431636,0.013925371916913794,0.12996250280217506,3,0.25,1.0,2,"20,21",0.6212121212121212,8,8
7,16,matched_betti,0.5,max_full_branch_node_speed,all_interior,coexact,coexact,random_tangent,identity_stress,fresh_identity_01,8,semantic_margin_delta,even,0.7083333333333334,2,0.2179727114684428,0.015740966640747544,0.12024470276288218,3,0.25,1.0,2,"22,23",0.703125,8,8
7,16,matched_betti,0.5,max_full_branch_node_speed,all_interior,coexact,coexact,random_tangent,identity_stress,fresh_identity_02,8,semantic_margin_delta,even,0.7083333333333334,2,-0.13666130436179486,0.04077503675158816,0.4475251126769671,3,0.25,1.0,2,"21,23",0.7096774193548386,8,8
7,16,matched_betti,0.5,max_full_branch_node_speed,all_interior,coexact,coexact,random_tangent,identity_stress,fresh_identity_03,8,semantic_margin_delta,even,0.7083333333333334,2,0.21557201180678393,0.0032674270820498225,0.025413970527356132,3,0.25,1.0,2,"22,23",0.703125,8,8
7,16,matched_betti,0.5,max_full_branch_node_speed,all_interior,coexact,coexact,random_tangent,identity_stress,fresh_identity_04,8,semantic_margin_delta,even,0.7083333333333334,2,0.021859864128348363,0.023437856266717013,0.8739659480953055,3,0.25,1.0,3,"21,22,23",0.7096774193548386,8,8
7,16,matched_betti,0.5,max_full_branch_node_speed,all_interior,coexact,coexact,random_tangent,identity_stress,fresh_identity_05,8,semantic_margin_delta,even,0.7083333333333334,2,0.15374371915996618,0.0406723731037676,0.4055795138190987,3,0.25,1.0,2,"20,21",0.6833333333333332,8,8
7,16,matched_betti,0.5,max_full_branch_node_speed,all_interior,coexact,coexact,random_tangent,literal_stable,fresh_literal_01,8,semantic_margin_delta,even,0.7083333333333334,2,0.04161845319635947,0.029597473212298497,0.7663223980072159,3,0.25,1.0,3,"21,22,23",0.7096774193548386,8,8
7,16,matched_betti,0.5,max_full_branch_node_speed,all_interior,coexact,coexact,random_tangent,literal_stable,fresh_literal_02,8,semantic_margin_delta,even,0.7083333333333334,2,-0.10883405483663414,0.011944549705069495,0.18103732523870014,3,0.25,1.0,3,"20,21,22",0.6999999999999998,8,8
7,16,matched_betti,0.5,max_full_branch_node_speed,all_interior,coexact,coexact,random_tangent,literal_stable,fresh_literal_03,8,semantic_margin_delta,even,0.7083333333333334,2,-0.0014372672566568899,0.0037883828529028368,0.9753593611059649,3,0.25,1.0,3,"21,22,23",0.7096774193548386,8,8
7,16,matched_betti,0.5,max_full_branch_node_speed,all_interior,coexact,coexact,random_tangent,literal_stable,fresh_literal_04,8,semantic_margin_delta,even,0.7083333333333334,2,-0.37013959087227744,0.022533019898790498,0.10157830196725814,3,0.25,1.0,3,"22,23,24",0.6969696969696969,8,8
7,16,matched_betti,0.5,max_full_branch_node_speed,all_interior,coexact,coexact,random_tangent,literal_stable,fresh_literal_05,8,semantic_margin_delta,even,0.7083333333333334,2,0.19647487450018997,0.007416462156917303,0.06318592741643184,3,0.25,1.0,3,"22,23,24",0.6969696969696969,8,8
7,16,matched_betti,0.5,max_full_branch_node_speed,all_interior,coexact,coexact,random_tangent,metaphor_shift,fresh_metaphor_01,8,semantic_margin_delta,even,0.7083333333333334,2,0.05713520618400093,0.013799221797854335,0.3754529588860496,3,0.25,1.0,3,"20,21,22",0.6999999999999998,8,8
7,16,matched_betti,0.5,max_full_branch_node_speed,all_interior,coexact,coexact,random_tangent,metaphor_shift,fresh_metaphor_02,8,semantic_margin_delta,even,0.7083333333333334,2,0.09888844362275147,0.0331992531436358,0.4906553636793353,3,0.25,1.0,2,"22,23",0.703125,8,8
7,16,matched_betti,0.5,max_full_branch_node_speed,all_interior,coexact,coexact,random_tangent,metaphor_shift,fresh_metaphor_03,8,semantic_margin_delta,even,0.7083333333333334,2,-0.08401772095475851,0.010730319496378076,0.20945890404482492,3,0.25,1.0,2,"22,23",0.703125,8,8
7,16,matched_betti,0.5,max_full_branch_node_speed,all_interior,coexact,coexact,random_tangent,metaphor_shift,fresh_metaphor_04,8,semantic_margin_delta,even,0.7083333333333334,2,-0.11197719364152685,0.002846937395890196,0.04260426891919101,3,0.25,1.0,3,"21,22,23",0.7096774193548386,8,8
7,16,matched_betti,0.5,max_full_branch_node_speed,all_interior,coexact,coexact,random_tangent,metaphor_shift,fresh_metaphor_05,8,semantic_margin_delta,even,0.7083333333333334,2,-0.13135991991819213,0.017795105223551468,0.22156756261549912,3,0.25,1.0,3,"20,21,22",0.6999999999999998,8,8
7,16,matched_betti,0.5,max_full_branch_node_speed,all_interior,coexact,coexact,random_tangent,ontology_collapse,fresh_ontology_01,8,semantic_margin_delta,even,0.7083333333333334,2,0.11108332883870524,0.013538540039692048,0.20027774913060972,3,0.25,1.0,3,"20,21,22",0.6999999999999998,8,8
7,16,matched_betti,0.5,max_full_branch_node_speed,all_interior,coexact,coexact,random_tangent,ontology_collapse,fresh_ontology_02,8,semantic_margin_delta,even,0.7083333333333334,2,-0.0037691207836935254,0.017360624290306912,0.9917262041633284,3,0.25,1.0,3,"20,21,22",0.6999999999999998,8,8
7,16,matched_betti,0.5,max_full_branch_node_speed,all_interior,coexact,coexact,random_tangent,ontology_collapse,fresh_ontology_03,8,semantic_margin_delta,even,0.7083333333333334,2,-0.03979006316816221,0.034994496240600505,0.8277279326596343,3,0.25,1.0,2,"22,23",0.703125,8,8
7,16,matched_betti,0.5,max_full_branch_node_speed,all_interior,coexact,coexact,random_tangent,ontology_collapse,fresh_ontology_04,8,semantic_margin_delta,even,0.7083333333333334,2,0.37533110017791466,0.02267434208122624,0.10080947880907375,3,0.25,1.0,1,22,0.6875,8,8
7,16,matched_betti,0.5,max_full_branch_node_speed,all_interior,coexact,coexact,random_tangent,ontology_collapse,fresh_ontology_05,8,semantic_margin_delta,even,0.7083333333333334,2,-0.24561080914673963,0.0066205813235778125,0.04516526096779768,3,0.25,1.0,2,"23,24",0.7121212121212123,8,8
7,16,matched_betti,0.5,max_full_branch_node_speed,all_interior,coexact,coexact,random_tangent,identity_stress,fresh_identity_01,9,semantic_margin_delta,even,0.7916666666666666,2,0.09371438120367147,0.009319794581748652,0.1645281782721113,3,0.25,1.0,2,"24,25",0.765625,8,8
7,16,matched_betti,0.5,max_full_branch_node_speed,all_interior,coexact,coexact,random_tangent,identity_stress,fresh_identity_02,9,semantic_margin_delta,even,0.7916666666666666,2,-0.3121709496042702,0.007096374216928202,0.03810025339020292,3,0.25,1.0,1,24,0.7741935483870966,8,8
7,16,matched_betti,0.5,max_full_branch_node_speed,all_interior,coexact,coexact,random_tangent,identity_stress,fresh_identity_03,9,semantic_margin_delta,even,0.7916666666666666,2,-0.06773199645303105,0.017966584751787903,0.4064926710469365,3,0.25,1.0,3,"24,25,26",0.78125,8,8
7,16,matched_betti,0.5,max_full_branch_node_speed,all_interior,coexact,coexact,random_tangent,identity_stress,fresh_identity_04,9,semantic_margin_delta,even,0.7916666666666666,2,0.02948622321173243,0.01681230307747144,0.6911499198649844,3,0.25,1.0,2,"24,25",0.7903225806451614,8,8
7,16,matched_betti,0.5,max_full_branch_node_speed,all_interior,coexact,coexact,random_tangent,identity_stress,fresh_identity_05,9,semantic_margin_delta,even,0.7916666666666666,2,-0.10234112053416028,0.008397063147002169,0.1363334679621325,3,0.25,1.0,1,23,0.7666666666666667,8,8
7,16,matched_betti,0.5,max_full_branch_node_speed,all_interior,coexact,coexact,random_tangent,literal_stable,fresh_literal_01,9,semantic_margin_delta,even,0.7916666666666666,2,0.03510768676983396,0.022731337534649298,0.7356278936738112,3,0.25,1.0,2,"24,25",0.7903225806451614,8,8
7,16,matched_betti,0.5,max_full_branch_node_speed,all_interior,coexact,coexact,random_tangent,literal_stable,fresh_literal_02,9,semantic_margin_delta,even,0.7916666666666666,2,-0.2288029858695743,0.03735580354171227,0.26411549906687026,3,0.25,1.0,2,"23,24",0.7833333333333335,8,8
7,16,matched_betti,0.5,max_full_branch_node_speed,all_interior,coexact,coexact,random_tangent,literal_stable,fresh_literal_03,9,semantic_margin_delta,even,0.7916666666666666,2,0.029410265518417297,0.00985399414906115,0.48990979353266223,3,0.25,1.0,2,"24,25",0.7903225806451614,8,8
7,16,matched_betti,0.5,max_full_branch_node_speed,all_interior,coexact,coexact,random_tangent,literal_stable,fresh_literal_04,9,semantic_margin_delta,even,0.7916666666666666,2,-0.6412657198311206,0.023263536586694385,0.06073437071706576,3,0.25,1.0,3,"25,26,27",0.787878787878788,8,8
7,16,matched_betti,0.5,max_full_branch_node_speed,all_interior,coexact,coexact,random_tangent,literal_stable,fresh_literal_05,9,semantic_margin_delta,even,0.7916666666666666,2,-0.06981043517558481,0.007126480049382004,0.16876392052552816,3,0.25,1.0,3,"25,26,27",0.787878787878788,8,8
7,16,matched_betti,0.5,max_full_branch_node_speed,all_interior,coexact,coexact,random_tangent,metaphor_shift,fresh_metaphor_01,9,semantic_margin_delta,even,0.7916666666666666,2,-0.12208389864381666,0.03326973944790412,0.4157109513305342,3,0.25,1.0,2,"23,24",0.7833333333333335,8,8
7,16,matched_betti,0.5,max_full_branch_node_speed,all_interior,coexact,coexact,random_tangent,metaphor_shift,fresh_metaphor_02,9,semantic_margin_delta,even,0.7916666666666666,2,-0.38675654769829454,0.0345357148523391,0.14811973658161112,3,0.25,1.0,3,"24,25,26",0.78125,8,8
7,16,matched_betti,0.5,max_full_branch_node_speed,all_interior,coexact,coexact,random_tangent,metaphor_shift,fresh_metaphor_03,9,semantic_margin_delta,even,0.7916666666666666,2,-0.24588024579316256,0.018958920878525836,0.12825886985490767,3,0.25,1.0,3,"24,25,26",0.78125,8,8
7,16,matched_betti,0.5,max_full_branch_node_speed,all_interior,coexact,coexact,random_tangent,metaphor_shift,fresh_metaphor_04,9,semantic_margin_delta,even,0.7916666666666666,2,-0.23184269507609365,0.016894682106330237,0.12132100392814611,3,0.25,1.0,2,"24,25",0.7903225806451614,8,8
7,16,matched_betti,0.5,max_full_branch_node_speed,all_interior,coexact,coexact,random_tangent,metaphor_shift,fresh_metaphor_05,9,semantic_margin_delta,even,0.7916666666666666,2,0.1411991161876978,0.0050345231117953125,0.059696712862473675,3,0.25,1.0,2,"23,24",0.7833333333333335,8,8
7,16,matched_betti,0.5,max_full_branch_node_speed,all_interior,coexact,coexact,random_tangent,ontology_collapse,fresh_ontology_01,9,semantic_margin_delta,even,0.7916666666666666,2,0.004896559747510879,0.012456969566566176,0.97362003613955,3,0.25,1.0,2,"23,24",0.7833333333333335,8,8
7,16,matched_betti,0.5,max_full_branch_node_speed,all_interior,coexact,coexact,random_tangent,ontology_collapse,fresh_ontology_02,9,semantic_margin_delta,even,0.7916666666666666,2,-0.2725407042377634,0.004836139574908656,0.02974914416245326,3,0.25,1.0,2,"23,24",0.7833333333333335,8,8
7,16,matched_betti,0.5,max_full_branch_node_speed,all_interior,coexact,coexact,random_tangent,ontology_collapse,fresh_ontology_03,9,semantic_margin_delta,even,0.7916666666666666,2,-0.04954401854562969,0.0033862631189977032,0.11389210592663733,3,0.25,1.0,3,"24,25,26",0.78125,8,8
7,16,matched_betti,0.5,max_full_branch_node_speed,all_interior,coexact,coexact,random_tangent,ontology_collapse,fresh_ontology_04,9,semantic_margin_delta,even,0.7916666666666666,2,-0.07462528633483993,0.0062402431254769955,0.1388943956105616,3,0.25,1.0,3,"24,25,26",0.78125,8,8
7,16,matched_betti,0.5,max_full_branch_node_speed,all_interior,coexact,coexact,random_tangent,ontology_collapse,fresh_ontology_05,9,semantic_margin_delta,even,0.7916666666666666,2,0.013141507286844541,0.014867669028433974,0.8846719904566483,3,0.25,1.0,3,"25,26,27",0.787878787878788,8,8
7,16,matched_betti,0.5,max_full_branch_node_speed,all_interior,coexact,coexact,random_tangent,identity_stress,fresh_identity_01,10,semantic_margin_delta,even,0.875,2,0.0854538702209197,0.002968188530140348,0.05815984920643912,3,0.25,1.0,1,29,0.90625,8,8
7,16,matched_betti,0.5,max_full_branch_node_speed,all_interior,coexact,coexact,random_tangent,identity_stress,fresh_identity_02,10,semantic_margin_delta,even,0.875,2,-0.08687288518283401,0.006167448854773643,0.11823970072535182,3,0.25,1.0,2,"26,27",0.8548387096774194,8,8
7,16,matched_betti,0.5,max_full_branch_node_speed,all_interior,coexact,coexact,random_tangent,identity_stress,fresh_identity_03,10,semantic_margin_delta,even,0.875,2,0.13398223886381033,0.0038210426380331916,0.04777906655691904,3,0.25,1.0,3,"27,28,29",0.875,8,8
7,16,matched_betti,0.5,max_full_branch_node_speed,all_interior,coexact,coexact,random_tangent,identity_stress,fresh_identity_04,10,semantic_margin_delta,even,0.875,2,-0.5303726275614913,0.003433426775364113,0.010857263427664179,3,0.25,1.0,2,"27,28",0.8870967741935484,8,8
7,16,matched_betti,0.5,max_full_branch_node_speed,all_interior,coexact,coexact,random_tangent,identity_stress,fresh_identity_05,10,semantic_margin_delta,even,0.875,2,0.23484649934306664,0.015656836568056737,0.11112733645167089,3,0.25,1.0,3,"25,26,27",0.8666666666666667,8,8
7,16,matched_betti,0.5,max_full_branch_node_speed,all_interior,coexact,coexact,random_tangent,literal_stable,fresh_literal_01,10,semantic_margin_delta,even,0.875,2,0.01705623831179843,0.03268936477430929,0.9548641554519208,3,0.25,1.0,2,"27,28",0.8870967741935484,8,8
7,16,matched_betti,0.5,max_full_branch_node_speed,all_interior,coexact,coexact,random_tangent,literal_stable,fresh_literal_02,10,semantic_margin_delta,even,0.875,2,-0.15711768533334763,0.009573183326422758,0.10166570917805996,3,0.25,1.0,2,"25,26",0.8500000000000001,8,8
7,16,matched_betti,0.5,max_full_branch_node_speed,all_interior,coexact,coexact,random_tangent,literal_stable,fresh_literal_03,10,semantic_margin_delta,even,0.875,2,-0.07098672243861003,0.0012140779112251728,0.028674120536139824,3,0.25,1.0,3,"26,27,28",0.8709677419354839,8,8
7,16,matched_betti,0.5,max_full_branch_node_speed,all_interior,coexact,coexact,random_tangent,literal_stable,fresh_literal_04,10,semantic_margin_delta,even,0.875,2,-0.20417234169162526,0.010492090498260572,0.08587310889393342,3,0.25,1.0,3,"28,29,30",0.8787878787878788,8,8
7,16,matched_betti,0.5,max_full_branch_node_speed,all_interior,coexact,coexact,random_tangent,literal_stable,fresh_literal_05,10,semantic_margin_delta,even,0.875,2,-0.3329252737349222,0.012287915884408326,0.061787434643949146,3,0.25,1.0,3,"28,29,30",0.8787878787878788,8,8
7,16,matched_betti,0.5,max_full_branch_node_speed,all_interior,coexact,coexact,random_tangent,metaphor_shift,fresh_metaphor_01,10,semantic_margin_delta,even,0.875,2,-0.17698382741651827,0.006880451899461308,0.06506708835471192,3,0.25,1.0,3,"25,26,27",0.8666666666666667,8,8
7,16,matched_betti,0.5,max_full_branch_node_speed,all_interior,coexact,coexact,random_tangent,metaphor_shift,fresh_metaphor_02,10,semantic_margin_delta,even,0.875,2,-0.4213638717808471,0.06699051495005867,0.25765521421611365,3,0.25,1.0,3,"27,28,29",0.875,8,8
7,16,matched_betti,0.5,max_full_branch_node_speed,all_interior,coexact,coexact,random_tangent,metaphor_shift,fresh_metaphor_03,10,semantic_margin_delta,even,0.875,2,0.16701349943691438,0.026023686699485744,0.2528538222808534,3,0.25,1.0,3,"27,28,29",0.875,8,8
7,16,matched_betti,0.5,max_full_branch_node_speed,all_interior,coexact,coexact,random_tangent,metaphor_shift,fresh_metaphor_04,10,semantic_margin_delta,even,0.875,2,0.14234893526973463,0.007462072848223683,0.08758552560764628,3,0.25,1.0,3,"26,27,28",0.8709677419354839,8,8
7,16,matched_betti,0.5,max_full_branch_node_speed,all_interior,coexact,coexact,random_tangent,metaphor_shift,fresh_metaphor_05,10,semantic_margin_delta,even,0.875,2,0.3667083192893151,0.05068876104545712,0.22585065630639653,3,0.25,1.0,1,27,0.9,8,8
7,16,matched_betti,0.5,max_full_branch_node_speed,all_interior,coexact,coexact,random_tangent,ontology_collapse,fresh_ontology_01,10,semantic_margin_delta,even,0.875,2,0.19437839186422062,0.014368750643325049,0.12304320660791424,3,0.25,1.0,2,"26,27",0.8833333333333333,8,8
7,16,matched_betti,0.5,max_full_branch_node_speed,all_interior,coexact,coexact,random_tangent,ontology_collapse,fresh_ontology_02,10,semantic_margin_delta,even,0.875,2,0.09391527809449966,0.0494677535408443,0.6620865648108893,3,0.25,1.0,2,"25,27",0.8666666666666667,8,8
7,16,matched_betti,0.5,max_full_branch_node_speed,all_interior,coexact,coexact,random_tangent,ontology_collapse,fresh_ontology_03,10,semantic_margin_delta,even,0.875,2,0.18053802504115166,0.025574602486049376,0.2311610272946562,3,0.25,1.0,2,"27,29",0.875,8,8
7,16,matched_betti,0.5,max_full_branch_node_speed,all_interior,coexact,coexact,random_tangent,ontology_collapse,fresh_ontology_04,10,semantic_margin_delta,even,0.875,2,-0.14738512080801772,0.007117142657911912,0.0807293555866241,3,0.25,1.0,3,"27,28,29",0.875,8,8
7,16,matched_betti,0.5,max_full_branch_node_speed,all_interior,coexact,coexact,random_tangent,ontology_collapse,fresh_ontology_05,10,semantic_margin_delta,even,0.875,2,-0.015750734871966935,0.016115302077582744,0.8640078581268195,3,0.25,1.0,2,"28,30",0.8787878787878788,8,8
7,16,matched_betti,0.5,max_full_branch_node_speed,all_interior,coexact,coexact,random_tangent,identity_stress,fresh_identity_01,11,semantic_margin_delta,even,0.9583333333333334,2,0.09713223065064634,0.12860390024111873,0.9118162826000465,3,0.25,1.0,1,30,0.9375,8,8
7,16,matched_betti,0.5,max_full_branch_node_speed,all_interior,coexact,coexact,random_tangent,identity_stress,fresh_identity_02,11,semantic_margin_delta,even,0.9583333333333334,2,-0.45418670975024444,0.003494501839003862,0.01290369171827945,3,0.25,1.0,2,"29,30",0.9516129032258065,8,8
7,16,matched_betti,0.5,max_full_branch_node_speed,all_interior,coexact,coexact,random_tangent,identity_stress,fresh_identity_03,11,semantic_margin_delta,even,0.9583333333333334,2,0.03818219330080899,0.008349669681801525,0.3443498816103148,3,0.25,1.0,2,"30,31",0.953125,8,8
7,16,matched_betti,0.5,max_full_branch_node_speed,all_interior,coexact,coexact,random_tangent,identity_stress,fresh_identity_04,11,semantic_margin_delta,even,0.9583333333333334,2,-0.07912874942353211,0.04361674960121191,0.6788536836006387,3,0.25,1.0,2,"29,30",0.9516129032258065,8,8
7,16,matched_betti,0.5,max_full_branch_node_speed,all_interior,coexact,coexact,random_tangent,identity_stress,fresh_identity_05,11,semantic_margin_delta,even,0.9583333333333334,2,0.22644955171494657,0.0005401179525422233,0.004000487876972869,3,0.25,1.0,1,29,0.9666666666666667,8,8
7,16,matched_betti,0.5,max_full_branch_node_speed,all_interior,coexact,coexact,random_tangent,literal_stable,fresh_literal_01,11,semantic_margin_delta,even,0.9583333333333334,2,-0.09288362625993829,0.009438738349953239,0.16801799761119332,3,0.25,1.0,2,"29,30",0.9516129032258065,8,8
7,16,matched_betti,0.5,max_full_branch_node_speed,all_interior,coexact,coexact,random_tangent,literal_stable,fresh_literal_02,11,semantic_margin_delta,even,0.9583333333333334,2,0.055635031322516536,0.014902568206418358,0.4098145011503041,3,0.25,1.0,2,"28,29",0.9499999999999998,8,8
7,16,matched_betti,0.5,max_full_branch_node_speed,all_interior,coexact,coexact,random_tangent,literal_stable,fresh_literal_03,11,semantic_margin_delta,even,0.9583333333333334,2,-0.11102252552656952,0.015944287486261473,0.23417801393862375,3,0.25,1.0,2,"29,30",0.9516129032258065,8,8
7,16,matched_betti,0.5,max_full_branch_node_speed,all_interior,coexact,coexact,random_tangent,literal_stable,fresh_literal_04,11,semantic_margin_delta,even,0.9583333333333334,2,0.2786431398244405,0.014982632884245237,0.0898214462613062,3,0.25,1.0,2,"31,32",0.9545454545454546,8,8
7,16,matched_betti,0.5,max_full_branch_node_speed,all_interior,coexact,coexact,random_tangent,literal_stable,fresh_literal_05,11,semantic_margin_delta,even,0.9583333333333334,2,-0.06588265828944649,0.0026192739584326536,0.06653431542612007,3,0.25,1.0,1,31,0.9393939393939394,8,8
7,16,matched_betti,0.5,max_full_branch_node_speed,all_interior,coexact,coexact,random_tangent,metaphor_shift,fresh_metaphor_01,11,semantic_margin_delta,even,0.9583333333333334,2,0.0003583798864389115,0.010687449095239618,0.9998002069396387,3,0.25,1.0,2,"28,29",0.9499999999999998,8,8
7,16,matched_betti,0.5,max_full_branch_node_speed,all_interior,coexact,coexact,random_tangent,metaphor_shift,fresh_metaphor_02,11,semantic_margin_delta,even,0.9583333333333334,2,0.14722586225958642,0.018978223658861523,0.21132464684533506,3,0.25,1.0,2,"30,31",0.953125,8,8
7,16,matched_betti,0.5,max_full_branch_node_speed,all_interior,coexact,coexact,random_tangent,metaphor_shift,fresh_metaphor_03,11,semantic_margin_delta,even,0.9583333333333334,2,-0.22092639623076019,0.023764745167109955,0.1775534027083773,3,0.25,1.0,2,"30,31",0.953125,8,8
7,16,matched_betti,0.5,max_full_branch_node_speed,all_interior,coexact,coexact,random_tangent,metaphor_shift,fresh_metaphor_04,11,semantic_margin_delta,even,0.9583333333333334,2,0.06562998601831917,0.0038019326096838807,0.09670768570486628,3,0.25,1.0,2,"29,30",0.9516129032258065,8,8
7,16,matched_betti,0.5,max_full_branch_node_speed,all_interior,coexact,coexact,random_tangent,metaphor_shift,fresh_metaphor_05,11,semantic_margin_delta,even,0.9583333333333334,2,0.1404278316115628,0.00760603650894472,0.09047315857081088,3,0.25,1.0,2,"28,29",0.9499999999999998,8,8
7,16,matched_betti,0.5,max_full_branch_node_speed,all_interior,coexact,coexact,random_tangent,ontology_collapse,fresh_ontology_01,11,semantic_margin_delta,even,0.9583333333333334,2,0.0008078044811907408,0.006114629852134085,0.9969123465821806,3,0.25,1.0,2,"28,29",0.9499999999999998,8,8
7,16,matched_betti,0.5,max_full_branch_node_speed,all_interior,coexact,coexact,random_tangent,ontology_collapse,fresh_ontology_03,11,semantic_margin_delta,even,0.9583333333333334,2,0.12856741949357706,0.007598504316021682,0.09864455566558986,3,0.25,1.0,1,30,0.9375,8,8
7,16,matched_betti,0.5,max_full_branch_node_speed,all_interior,coexact,coexact,random_tangent,ontology_collapse,fresh_ontology_04,11,semantic_margin_delta,even,0.9583333333333334,2,0.19746820480835928,0.01383815084489872,0.1167349087636684,3,0.25,1.0,2,"30,31",0.953125,8,8
7,16,matched_betti,0.5,max_full_branch_node_speed,all_interior,coexact,coexact,random_tangent,ontology_collapse,fresh_ontology_05,11,semantic_margin_delta,even,0.9583333333333334,2,0.12603418061763236,0.027322809856278378,0.34172151733455486,3,0.25,1.0,1,32,0.9696969696969697,8,8
7,16,matched_betti,0.5,max_full_branch_node_speed,all_interior,coexact,coexact,random_tangent,identity_stress,fresh_identity_01,0,semantic_margin_delta,odd,0.041666666666666664,1,0.15189489033794995,0.06117711901856694,0.5200837754997721,3,0.25,1.0,2,"1,2",0.046875,8,8
7,16,matched_betti,0.5,max_full_branch_node_speed,all_interior,coexact,coexact,random_tangent,identity_stress,fresh_identity_02,0,semantic_margin_delta,odd,0.041666666666666664,1,-0.6956489864843358,0.024341303944121734,0.052827226532208775,3,0.25,1.0,2,"1,2",0.04838709677419354,8,8
7,16,matched_betti,0.5,max_full_branch_node_speed,all_interior,coexact,coexact,random_tangent,identity_stress,fresh_identity_03,0,semantic_margin_delta,odd,0.041666666666666664,1,-0.6893713636704705,0.036311331156740526,0.07938294135250598,3,0.25,1.0,2,"1,2",0.046875,8,8
7,16,matched_betti,0.5,max_full_branch_node_speed,all_interior,coexact,coexact,random_tangent,identity_stress,fresh_identity_04,0,semantic_margin_delta,odd,0.041666666666666664,1,0.7115303619161866,0.02260637335562055,0.04797864649383892,3,0.25,1.0,2,"1,2",0.04838709677419354,8,8
7,16,matched_betti,0.5,max_full_branch_node_speed,all_interior,coexact,coexact,random_tangent,identity_stress,fresh_identity_05,0,semantic_margin_delta,odd,0.041666666666666664,1,-0.348494524812883,0.05206016312464793,0.22030150208244115,3,0.25,1.0,2,"1,2",0.05000000000000001,8,8
7,16,matched_betti,0.5,max_full_branch_node_speed,all_interior,coexact,coexact,random_tangent,literal_stable,fresh_literal_01,0,semantic_margin_delta,odd,0.041666666666666664,1,0.7028410108729924,0.021722640606331636,0.046675920506288084,3,0.25,1.0,2,"1,2",0.04838709677419354,8,8
7,16,matched_betti,0.5,max_full_branch_node_speed,all_interior,coexact,coexact,random_tangent,literal_stable,fresh_literal_02,0,semantic_margin_delta,odd,0.041666666666666664,1,-1.4213245932257526,0.011860542790437445,0.012615013106302421,3,0.25,1.0,2,"1,2",0.05000000000000001,8,8
7,16,matched_betti,0.5,max_full_branch_node_speed,all_interior,coexact,coexact,random_tangent,literal_stable,fresh_literal_03,0,semantic_margin_delta,odd,0.041666666666666664,1,-0.1703251532886297,0.044005413923971545,0.3638347239030951,3,0.25,1.0,2,"1,2",0.04838709677419354,8,8
7,16,matched_betti,0.5,max_full_branch_node_speed,all_interior,coexact,coexact,random_tangent,literal_stable,fresh_literal_04,0,semantic_margin_delta,odd,0.041666666666666664,1,0.40977132640790764,0.06584913095058596,0.23608384304378288,3,0.25,1.0,2,"1,2",0.04545454545454545,8,8
7,16,matched_betti,0.5,max_full_branch_node_speed,all_interior,coexact,coexact,random_tangent,literal_stable,fresh_literal_05,0,semantic_margin_delta,odd,0.041666666666666664,1,-0.4356046822049655,0.05001602496507653,0.1710333363042942,3,0.25,1.0,2,"1,2",0.04545454545454545,8,8
7,16,matched_betti,0.5,max_full_branch_node_speed,all_interior,coexact,coexact,random_tangent,metaphor_shift,fresh_metaphor_01,0,semantic_margin_delta,odd,0.041666666666666664,1,0.056917118146665814,0.02726183917922513,0.5865115161716308,3,0.25,1.0,2,"1,2",0.05000000000000001,8,8
7,16,matched_betti,0.5,max_full_branch_node_speed,all_interior,coexact,coexact,random_tangent,metaphor_shift,fresh_metaphor_02,0,semantic_margin_delta,odd,0.041666666666666664,1,-0.9239210835578094,0.10155150401610727,0.16392587352941057,3,0.25,1.0,2,"1,2",0.046875,8,8
7,16,matched_betti,0.5,max_full_branch_node_speed,all_interior,coexact,coexact,random_tangent,metaphor_shift,fresh_metaphor_03,0,semantic_margin_delta,odd,0.041666666666666664,1,-0.0024550117195934235,0.09688898711592189,0.9998595845521405,3,0.25,1.0,2,"1,2",0.046875,8,8
7,16,matched_betti,0.5,max_full_branch_node_speed,all_interior,coexact,coexact,random_tangent,metaphor_shift,fresh_metaphor_04,0,semantic_margin_delta,odd,0.041666666666666664,1,0.16407169722031523,0.004872436174610941,0.04485245047017707,3,0.25,1.0,2,"1,2",0.04838709677419354,8,8
7,16,matched_betti,0.5,max_full_branch_node_speed,all_interior,coexact,coexact,random_tangent,metaphor_shift,fresh_metaphor_05,0,semantic_margin_delta,odd,0.041666666666666664,1,-0.1871311822687017,0.028239680038341198,0.2224363131126597,3,0.25,1.0,2,"1,2",0.05000000000000001,8,8
7,16,matched_betti,0.5,max_full_branch_node_speed,all_interior,coexact,coexact,random_tangent,ontology_collapse,fresh_ontology_01,0,semantic_margin_delta,odd,0.041666666666666664,1,0.03887662811962859,0.020625413815655174,0.6256903680495115,3,0.25,1.0,2,"1,2",0.05000000000000001,8,8
7,16,matched_betti,0.5,max_full_branch_node_speed,all_interior,coexact,coexact,random_tangent,ontology_collapse,fresh_ontology_02,0,semantic_margin_delta,odd,0.041666666666666664,1,-0.05863571126312833,0.012546096503213654,0.30778411840366743,3,0.25,1.0,2,"1,2",0.05000000000000001,8,8
7,16,matched_betti,0.5,max_full_branch_node_speed,all_interior,coexact,coexact,random_tangent,ontology_collapse,fresh_ontology_03,0,semantic_margin_delta,odd,0.041666666666666664,1,0.24224715711393627,0.022692745281300115,0.14022549307471682,3,0.25,1.0,2,"1,2",0.046875,8,8
7,16,matched_betti,0.5,max_full_branch_node_speed,all_interior,coexact,coexact,random_tangent,ontology_collapse,fresh_ontology_04,0,semantic_margin_delta,odd,0.041666666666666664,1,-0.6224971585632515,0.05998893976140411,0.1441728986303649,3,0.25,1.0,2,"1,2",0.046875,8,8
7,16,matched_betti,0.5,max_full_branch_node_speed,all_interior,coexact,coexact,random_tangent,ontology_collapse,fresh_ontology_05,0,semantic_margin_delta,odd,0.041666666666666664,1,0.8646829688336398,0.023796986375804366,0.041571952638473145,3,0.25,1.0,2,"1,2",0.04545454545454545,8,8
7,16,matched_betti,0.5,max_full_branch_node_speed,all_interior,coexact,coexact,random_tangent,identity_stress,fresh_identity_01,1,semantic_margin_delta,odd,0.125,1,-0.09752760665720342,0.02658985228611906,0.3810873874186546,3,0.25,1.0,3,"3,4,5",0.125,8,8
7,16,matched_betti,0.5,max_full_branch_node_speed,all_interior,coexact,coexact,random_tangent,identity_stress,fresh_identity_02,1,semantic_margin_delta,odd,0.125,1,0.05105018884283411,0.023939866327841442,0.5783697717866704,3,0.25,1.0,3,"3,4,5",0.12903225806451613,8,8
7,16,matched_betti,0.5,max_full_branch_node_speed,all_interior,coexact,coexact,random_tangent,identity_stress,fresh_identity_03,1,semantic_margin_delta,odd,0.125,1,0.3765724668249032,0.06291818553485873,0.24491022082628405,3,0.25,1.0,3,"3,4,5",0.125,8,8
7,16,matched_betti,0.5,max_full_branch_node_speed,all_interior,coexact,coexact,random_tangent,identity_stress,fresh_identity_04,1,semantic_margin_delta,odd,0.125,1,-0.08274554170461501,0.036603735799607365,0.555923290190464,3,0.25,1.0,3,"3,4,5",0.12903225806451613,8,8
7,16,matched_betti,0.5,max_full_branch_node_speed,all_interior,coexact,coexact,random_tangent,identity_stress,fresh_identity_05,1,semantic_margin_delta,odd,0.125,1,-0.8416951096419409,0.167152291169848,0.2875587317792341,3,0.25,1.0,2,"3,4",0.11666666666666665,8,8
7,16,matched_betti,0.5,max_full_branch_node_speed,all_interior,coexact,coexact,random_tangent,literal_stable,fresh_literal_01,1,semantic_margin_delta,odd,0.125,1,-0.23983942367684793,0.012956253247063992,0.08140033997282695,3,0.25,1.0,3,"3,4,5",0.12903225806451613,8,8
7,16,matched_betti,0.5,max_full_branch_node_speed,all_interior,coexact,coexact,random_tangent,literal_stable,fresh_literal_02,1,semantic_margin_delta,odd,0.125,1,-0.3885236762491098,0.02595124219495128,0.10047278481797811,3,0.25,1.0,2,"3,4",0.11666666666666665,8,8
7,16,matched_betti,0.5,max_full_branch_node_speed,all_interior,coexact,coexact,random_tangent,literal_stable,fresh_literal_03,1,semantic_margin_delta,odd,0.125,1,-0.028145838676866687,0.006023649932511487,0.3078477053572802,3,0.25,1.0,3,"3,4,5",0.12903225806451613,8,8
7,16,matched_betti,0.5,max_full_branch_node_speed,all_interior,coexact,coexact,random_tangent,literal_stable,fresh_literal_04,1,semantic_margin_delta,odd,0.125,1,0.6953499103933432,0.07974932647223705,0.1708449556500072,3,0.25,1.0,3,"3,4,5",0.12121212121212122,8,8
7,16,matched_betti,0.5,max_full_branch_node_speed,all_interior,coexact,coexact,random_tangent,literal_stable,fresh_literal_05,1,semantic_margin_delta,odd,0.125,1,0.8595005199615153,0.06465222267658172,0.11299466654033716,3,0.25,1.0,3,"3,4,5",0.12121212121212122,8,8
7,16,matched_betti,0.5,max_full_branch_node_speed,all_interior,coexact,coexact,random_tangent,metaphor_shift,fresh_metaphor_01,1,semantic_margin_delta,odd,0.125,1,0.15066263676809605,0.05860714170508237,0.5069376186768834,3,0.25,1.0,2,"3,4",0.11666666666666665,8,8
7,16,matched_betti,0.5,max_full_branch_node_speed,all_interior,coexact,coexact,random_tangent,metaphor_shift,fresh_metaphor_02,1,semantic_margin_delta,odd,0.125,1,0.1506164693067324,0.030284743008826533,0.290850169321673,3,0.25,1.0,3,"3,4,5",0.125,8,8
7,16,matched_betti,0.5,max_full_branch_node_speed,all_interior,coexact,coexact,random_tangent,metaphor_shift,fresh_metaphor_03,1,semantic_margin_delta,odd,0.125,1,0.1563893621089033,0.006491371582845111,0.06263062956339137,3,0.25,1.0,3,"3,4,5",0.125,8,8
7,16,matched_betti,0.5,max_full_branch_node_speed,all_interior,coexact,coexact,random_tangent,metaphor_shift,fresh_metaphor_04,1,semantic_margin_delta,odd,0.125,1,1.0431845546487293,0.1308029806842595,0.18625198535066878,3,0.25,1.0,1,3,0.09677419354838708,8,8
7,16,matched_betti,0.5,max_full_branch_node_speed,all_interior,coexact,coexact,random_tangent,metaphor_shift,fresh_metaphor_05,1,semantic_margin_delta,odd,0.125,1,0.3202195064156003,0.02924777578488432,0.13679001126914103,3,0.25,1.0,2,"3,4",0.11666666666666665,8,8
7,16,matched_betti,0.5,max_full_branch_node_speed,all_interior,coexact,coexact,random_tangent,ontology_collapse,fresh_ontology_01,1,semantic_margin_delta,odd,0.125,1,0.4145668135193016,0.03593283027194956,0.12993038012709174,3,0.25,1.0,2,"3,4",0.11666666666666665,8,8
7,16,matched_betti,0.5,max_full_branch_node_speed,all_interior,coexact,coexact,random_tangent,ontology_collapse,fresh_ontology_02,1,semantic_margin_delta,odd,0.125,1,0.762061005865377,0.037614716016900224,0.07441716720449089,3,0.25,1.0,2,"3,4",0.11666666666666665,8,8
7,16,matched_betti,0.5,max_full_branch_node_speed,all_interior,coexact,coexact,random_tangent,ontology_collapse,fresh_ontology_03,1,semantic_margin_delta,odd,0.125,1,-0.22881006660634284,0.002794762057010795,0.018463186068523933,3,0.25,1.0,3,"3,4,5",0.125,8,8
7,16,matched_betti,0.5,max_full_branch_node_speed,all_interior,coexact,coexact,random_tangent,ontology_collapse,fresh_ontology_04,1,semantic_margin_delta,odd,0.125,1,-0.05537469502689046,0.006631480650033454,0.1781582924549497,3,0.25,1.0,3,"3,4,5",0.125,8,8
7,16,matched_betti,0.5,max_full_branch_node_speed,all_interior,coexact,coexact,random_tangent,ontology_collapse,fresh_ontology_05,1,semantic_margin_delta,odd,0.125,1,0.0008667523566574011,0.00980974962025646,0.9982966200861599,3,0.25,1.0,3,"3,4,5",0.12121212121212122,8,8
7,16,matched_betti,0.5,max_full_branch_node_speed,all_interior,coexact,coexact,random_tangent,identity_stress,fresh_identity_01,2,semantic_margin_delta,odd,0.20833333333333334,1,0.11358631151974329,0.0207051335972499,0.26568499551605723,3,0.25,1.0,2,"6,7",0.203125,8,8
7,16,matched_betti,0.5,max_full_branch_node_speed,all_interior,coexact,coexact,random_tangent,identity_stress,fresh_identity_02,2,semantic_margin_delta,odd,0.20833333333333334,1,0.11897245361014155,0.001622459006689266,0.02061322762728285,3,0.25,1.0,2,"6,7",0.20967741935483866,8,8
7,16,matched_betti,0.5,max_full_branch_node_speed,all_interior,coexact,coexact,random_tangent,identity_stress,fresh_identity_03,2,semantic_margin_delta,odd,0.20833333333333334,1,0.2363248553671184,0.03868870021778038,0.24025640428262393,3,0.25,1.0,2,"6,7",0.203125,8,8
7,16,matched_betti,0.5,max_full_branch_node_speed,all_interior,coexact,coexact,random_tangent,identity_stress,fresh_identity_04,2,semantic_margin_delta,odd,0.20833333333333334,1,-0.032224592234909664,0.032957599290434236,0.8396972756470004,3,0.25,1.0,2,"6,7",0.20967741935483866,8,8
7,16,matched_betti,0.5,max_full_branch_node_speed,all_interior,coexact,coexact,random_tangent,identity_stress,fresh_identity_05,2,semantic_margin_delta,odd,0.20833333333333334,1,-0.08646863599425336,0.025161543947888623,0.40268964881947866,3,0.25,1.0,3,"5,6,7",0.19999999999999998,8,8
7,16,matched_betti,0.5,max_full_branch_node_speed,all_interior,coexact,coexact,random_tangent,literal_stable,fresh_literal_01,2,semantic_margin_delta,odd,0.20833333333333334,1,-1.0436088847307095,0.11912869038276493,0.17006563195402497,3,0.25,1.0,2,"6,7",0.20967741935483866,8,8
7,16,matched_betti,0.5,max_full_branch_node_speed,all_interior,coexact,coexact,random_tangent,literal_stable,fresh_literal_02,2,semantic_margin_delta,odd,0.20833333333333334,1,-0.15379246829324297,0.025717676076298608,0.24510591152477734,3,0.25,1.0,3,"5,6,7",0.19999999999999998,8,8
7,16,matched_betti,0.5,max_full_branch_node_speed,all_interior,coexact,coexact,random_tangent,literal_stable,fresh_literal_03,2,semantic_margin_delta,odd,0.20833333333333334,1,0.23811527031098284,0.02816208061284291,0.17601691048686868,3,0.25,1.0,2,"6,7",0.20967741935483866,8,8
7,16,matched_betti,0.5,max_full_branch_node_speed,all_interior,coexact,coexact,random_tangent,literal_stable,fresh_literal_04,2,semantic_margin_delta,odd,0.20833333333333334,1,-0.27743846638641695,0.017530355645232663,0.09509602683687084,3,0.25,1.0,3,"6,7,8",0.21212121212121213,8,8
7,16,matched_betti,0.5,max_full_branch_node_speed,all_interior,coexact,coexact,random_tangent,literal_stable,fresh_literal_05,2,semantic_margin_delta,odd,0.20833333333333334,1,-0.16026484278924777,0.009745004229488395,0.09154346253555073,3,0.25,1.0,3,"6,7,8",0.21212121212121213,8,8
7,16,matched_betti,0.5,max_full_branch_node_speed,all_interior,coexact,coexact,random_tangent,metaphor_shift,fresh_metaphor_01,2,semantic_margin_delta,odd,0.20833333333333334,1,0.10475401867805408,0.014505004448977827,0.20490115953703075,3,0.25,1.0,3,"5,6,7",0.19999999999999998,8,8
7,16,matched_betti,0.5,max_full_branch_node_speed,all_interior,coexact,coexact,random_tangent,metaphor_shift,fresh_metaphor_02,2,semantic_margin_delta,odd,0.20833333333333334,1,-0.1304570520492566,0.003232137219520657,0.03743076911892721,3,0.25,1.0,2,"6,7",0.203125,8,8
7,16,matched_betti,0.5,max_full_branch_node_speed,all_interior,coexact,coexact,random_tangent,metaphor_shift,fresh_metaphor_03,2,semantic_margin_delta,odd,0.20833333333333334,1,0.39150068633625323,0.0024624343068551462,0.009508750720732755,3,0.25,1.0,2,"6,7",0.203125,8,8
7,16,matched_betti,0.5,max_full_branch_node_speed,all_interior,coexact,coexact,random_tangent,metaphor_shift,fresh_metaphor_04,2,semantic_margin_delta,odd,0.20833333333333334,1,0.40780716968317404,0.019217976419294937,0.07106639808480349,3,0.25,1.0,2,"6,7",0.20967741935483866,8,8
7,16,matched_betti,0.5,max_full_branch_node_speed,all_interior,coexact,coexact,random_tangent,metaphor_shift,fresh_metaphor_05,2,semantic_margin_delta,odd,0.20833333333333334,1,-0.44470657750425874,0.05348780770453929,0.1789073313610629,3,0.25,1.0,3,"5,6,7",0.19999999999999998,8,8
7,16,matched_betti,0.5,max_full_branch_node_speed,all_interior,coexact,coexact,random_tangent,ontology_collapse,fresh_ontology_01,2,semantic_margin_delta,odd,0.20833333333333334,1,-0.3927554586877663,0.05124216626783971,0.19352086590041587,3,0.25,1.0,3,"5,6,7",0.19999999999999998,8,8
7,16,matched_betti,0.5,max_full_branch_node_speed,all_interior,coexact,coexact,random_tangent,ontology_collapse,fresh_ontology_02,2,semantic_margin_delta,odd,0.20833333333333334,1,-0.15497187197860318,0.012578420541499066,0.12179760973943549,3,0.25,1.0,3,"5,6,7",0.19999999999999998,8,8
7,16,matched_betti,0.5,max_full_branch_node_speed,all_interior,coexact,coexact,random_tangent,ontology_collapse,fresh_ontology_03,2,semantic_margin_delta,odd,0.20833333333333334,1,0.2218480859778119,0.01500975526056899,0.10175802757029474,3,0.25,1.0,2,"6,7",0.203125,8,8
7,16,matched_betti,0.5,max_full_branch_node_speed,all_interior,coexact,coexact,random_tangent,ontology_collapse,fresh_ontology_04,2,semantic_margin_delta,odd,0.20833333333333334,1,0.01616467719487476,0.04230893820339818,0.9695209337746954,3,0.25,1.0,2,"6,7",0.203125,8,8
7,16,matched_betti,0.5,max_full_branch_node_speed,all_interior,coexact,coexact,random_tangent,ontology_collapse,fresh_ontology_05,2,semantic_margin_delta,odd,0.20833333333333334,1,-0.1946273861031521,0.030900416923909116,0.23340350029348983,3,0.25,1.0,3,"6,7,8",0.21212121212121213,8,8
7,16,matched_betti,0.5,max_full_branch_node_speed,all_interior,coexact,coexact,random_tangent,identity_stress,fresh_identity_01,3,semantic_margin_delta,odd,0.2916666666666667,1,0.16245386184223412,0.032323812043648356,0.2880662600260134,3,0.25,1.0,3,"8,9,10",0.28125,8,8
7,16,matched_betti,0.5,max_full_branch_node_speed,all_interior,coexact,coexact,random_tangent,identity_stress,fresh_identity_02,3,semantic_margin_delta,odd,0.2916666666666667,1,-0.23391290280833746,0.046049332462798936,0.28526530602151845,3,0.25,1.0,3,"8,9,10",0.2903225806451613,8,8
7,16,matched_betti,0.5,max_full_branch_node_speed,all_interior,coexact,coexact,random_tangent,identity_stress,fresh_identity_03,3,semantic_margin_delta,odd,0.2916666666666667,1,-0.5175070375323287,0.062217571218493826,0.1788337929399812,3,0.25,1.0,3,"8,9,10",0.28125,8,8
7,16,matched_betti,0.5,max_full_branch_node_speed,all_interior,coexact,coexact,random_tangent,identity_stress,fresh_identity_04,3,semantic_margin_delta,odd,0.2916666666666667,1,-0.3104416514579552,0.061293197097785,0.2860283109615391,3,0.25,1.0,3,"8,9,10",0.2903225806451613,8,8
7,16,matched_betti,0.5,max_full_branch_node_speed,all_interior,coexact,coexact,random_tangent,identity_stress,fresh_identity_05,3,semantic_margin_delta,odd,0.2916666666666667,1,0.09261289327769787,0.07970663698743002,0.7928889296674089,3,0.25,1.0,2,"8,9",0.2833333333333333,8,8
7,16,matched_betti,0.5,max_full_branch_node_speed,all_interior,coexact,coexact,random_tangent,literal_stable,fresh_literal_01,3,semantic_margin_delta,odd,0.2916666666666667,1,-0.04401483329977848,0.06360405972791791,0.909274719852965,3,0.25,1.0,3,"8,9,10",0.2903225806451613,8,8
7,16,matched_betti,0.5,max_full_branch_node_speed,all_interior,coexact,coexact,random_tangent,literal_stable,fresh_literal_02,3,semantic_margin_delta,odd,0.2916666666666667,1,0.06921032575435,0.025940004475155848,0.4929974985707182,3,0.25,1.0,2,"8,9",0.2833333333333333,8,8
7,16,matched_betti,0.5,max_full_branch_node_speed,all_interior,coexact,coexact,random_tangent,literal_stable,fresh_literal_03,3,semantic_margin_delta,odd,0.2916666666666667,1,0.012885564976664663,0.01576719102842284,0.8797019823233843,3,0.25,1.0,3,"8,9,10",0.2903225806451613,8,8
7,16,matched_betti,0.5,max_full_branch_node_speed,all_interior,coexact,coexact,random_tangent,literal_stable,fresh_literal_04,3,semantic_margin_delta,odd,0.2916666666666667,1,0.061792623873972954,0.0380508014444203,0.6813953108866141,3,0.25,1.0,2,"9,10",0.28787878787878785,8,8
7,16,matched_betti,0.5,max_full_branch_node_speed,all_interior,coexact,coexact,random_tangent,literal_stable,fresh_literal_05,3,semantic_margin_delta,odd,0.2916666666666667,1,-0.22163587642357344,0.03689696147016459,0.2440754494425996,3,0.25,1.0,2,"9,10",0.28787878787878785,8,8
7,16,matched_betti,0.5,max_full_branch_node_speed,all_interior,coexact,coexact,random_tangent,metaphor_shift,fresh_metaphor_01,3,semantic_margin_delta,odd,0.2916666666666667,1,0.4949219618857641,0.06378761895152558,0.1912575505448972,3,0.25,1.0,1,8,0.26666666666666666,8,8
7,16,matched_betti,0.5,max_full_branch_node_speed,all_interior,coexact,coexact,random_tangent,metaphor_shift,fresh_metaphor_02,3,semantic_margin_delta,odd,0.2916666666666667,1,-0.5084594578726829,0.026373027920064733,0.07817779375965468,3,0.25,1.0,3,"8,9,10",0.28125,8,8
7,16,matched_betti,0.5,max_full_branch_node_speed,all_interior,coexact,coexact,random_tangent,metaphor_shift,fresh_metaphor_03,3,semantic_margin_delta,odd,0.2916666666666667,1,0.1304646708785094,0.020445306124720723,0.23054315090668562,3,0.25,1.0,1,10,0.3125,8,8
7,16,matched_betti,0.5,max_full_branch_node_speed,all_interior,coexact,coexact,random_tangent,metaphor_shift,fresh_metaphor_04,3,semantic_margin_delta,odd,0.2916666666666667,1,0.2861527072276309,0.004001145254420381,0.02113491046186198,3,0.25,1.0,2,"8,10",0.29032258064516125,8,8
7,16,matched_betti,0.5,max_full_branch_node_speed,all_interior,coexact,coexact,random_tangent,metaphor_shift,fresh_metaphor_05,3,semantic_margin_delta,odd,0.2916666666666667,1,0.08918355718338532,0.021878008564726943,0.3477348976203675,3,0.25,1.0,2,"8,9",0.2833333333333333,8,8
7,16,matched_betti,0.5,max_full_branch_node_speed,all_interior,coexact,coexact,random_tangent,ontology_collapse,fresh_ontology_01,3,semantic_margin_delta,odd,0.2916666666666667,1,-0.056707771922551296,0.079764400339728,0.9049389669813002,3,0.25,1.0,2,"8,9",0.2833333333333333,8,8
7,16,matched_betti,0.5,max_full_branch_node_speed,all_interior,coexact,coexact,random_tangent,ontology_collapse,fresh_ontology_02,3,semantic_margin_delta,odd,0.2916666666666667,1,0.368138438642401,0.022688529449197144,0.09277459136326227,3,0.25,1.0,2,"8,9",0.2833333333333333,8,8
7,16,matched_betti,0.5,max_full_branch_node_speed,all_interior,coexact,coexact,random_tangent,ontology_collapse,fresh_ontology_03,3,semantic_margin_delta,odd,0.2916666666666667,1,0.4272420016126397,0.06550596585661844,0.225814970253679,3,0.25,1.0,2,"8,9",0.265625,8,8
7,16,matched_betti,0.5,max_full_branch_node_speed,all_interior,coexact,coexact,random_tangent,ontology_collapse,fresh_ontology_04,3,semantic_margin_delta,odd,0.2916666666666667,1,0.9333245942561507,0.014610711610309052,0.023660724035583006,3,0.25,1.0,3,"8,9,10",0.28125,8,8
7,16,matched_betti,0.5,max_full_branch_node_speed,all_interior,coexact,coexact,random_tangent,ontology_collapse,fresh_ontology_05,3,semantic_margin_delta,odd,0.2916666666666667,1,-0.5096384495074436,0.008958780587220624,0.026567113225850033,3,0.25,1.0,2,"9,10",0.28787878787878785,8,8
7,16,matched_betti,0.5,max_full_branch_node_speed,all_interior,coexact,coexact,random_tangent,identity_stress,fresh_identity_01,4,semantic_margin_delta,odd,0.375,1,-0.48443763995084765,0.0807979230840455,0.24450482237999302,3,0.25,1.0,3,"11,12,13",0.375,8,8
7,16,matched_betti,0.5,max_full_branch_node_speed,all_interior,coexact,coexact,random_tangent,identity_stress,fresh_identity_02,4,semantic_margin_delta,odd,0.375,1,-0.0675463435047349,0.06742208180312215,0.8335897747174178,3,0.25,1.0,2,"11,12",0.3709677419354838,8,8
7,16,matched_betti,0.5,max_full_branch_node_speed,all_interior,coexact,coexact,random_tangent,identity_stress,fresh_identity_03,4,semantic_margin_delta,odd,0.375,1,-0.13831368841984298,0.01830523698035947,0.1961991577695705,3,0.25,1.0,3,"11,12,13",0.375,8,8
7,16,matched_betti,0.5,max_full_branch_node_speed,all_interior,coexact,coexact,random_tangent,identity_stress,fresh_identity_04,4,semantic_margin_delta,odd,0.375,1,-0.6826030629556479,0.07988009468955552,0.17421619464073265,3,0.25,1.0,2,"11,12",0.3709677419354838,8,8
7,16,matched_betti,0.5,max_full_branch_node_speed,all_interior,coexact,coexact,random_tangent,identity_stress,fresh_identity_05,4,semantic_margin_delta,odd,0.375,1,-0.03173860126510536,0.015072571773700598,0.5832219574295634,3,0.25,1.0,3,"10,11,12",0.3666666666666667,8,8
7,16,matched_betti,0.5,max_full_branch_node_speed,all_interior,coexact,coexact,random_tangent,literal_stable,fresh_literal_01,4,semantic_margin_delta,odd,0.375,1,-0.24410776181967314,0.0258839608966961,0.1582887688837037,3,0.25,1.0,1,11,0.3548387096774193,8,8
7,16,matched_betti,0.5,max_full_branch_node_speed,all_interior,coexact,coexact,random_tangent,literal_stable,fresh_literal_02,4,semantic_margin_delta,odd,0.375,1,0.1616518836012038,0.02093169505463207,0.1921180565663307,3,0.25,1.0,3,"10,11,12",0.3666666666666667,8,8
7,16,matched_betti,0.5,max_full_branch_node_speed,all_interior,coexact,coexact,random_tangent,literal_stable,fresh_literal_03,4,semantic_margin_delta,odd,0.375,1,-0.05195442725211861,0.027257270160847037,0.621430661217779,3,0.25,1.0,2,"11,12",0.3709677419354838,8,8
7,16,matched_betti,0.5,max_full_branch_node_speed,all_interior,coexact,coexact,random_tangent,literal_stable,fresh_literal_04,4,semantic_margin_delta,odd,0.375,1,-0.011335572692925054,0.011205043398436408,0.8310991842694834,3,0.25,1.0,3,"11,12,13",0.3636363636363636,8,8
7,16,matched_betti,0.5,max_full_branch_node_speed,all_interior,coexact,coexact,random_tangent,literal_stable,fresh_literal_05,4,semantic_margin_delta,odd,0.375,1,0.4759142721934253,0.016141902666370132,0.05121140915596969,3,0.25,1.0,3,"11,12,13",0.3636363636363636,8,8
7,16,matched_betti,0.5,max_full_branch_node_speed,all_interior,coexact,coexact,random_tangent,metaphor_shift,fresh_metaphor_01,4,semantic_margin_delta,odd,0.375,1,-0.012759846800674697,0.03853807582532293,0.9768489720001972,3,0.25,1.0,3,"10,11,12",0.3666666666666667,8,8
7,16,matched_betti,0.5,max_full_branch_node_speed,all_interior,coexact,coexact,random_tangent,metaphor_shift,fresh_metaphor_02,4,semantic_margin_delta,odd,0.375,1,-0.15884376815182794,0.01415986934852915,0.13356456981804804,3,0.25,1.0,3,"11,12,13",0.375,8,8
7,16,matched_betti,0.5,max_full_branch_node_speed,all_interior,coexact,coexact,random_tangent,metaphor_shift,fresh_metaphor_03,4,semantic_margin_delta,odd,0.375,1,-0.018612139745328344,0.004095269794119329,0.3156504658797078,3,0.25,1.0,3,"11,12,13",0.375,8,8
7,16,matched_betti,0.5,max_full_branch_node_speed,all_interior,coexact,coexact,random_tangent,metaphor_shift,fresh_metaphor_04,4,semantic_margin_delta,odd,0.375,1,0.35889270053025857,0.00034135105564541497,0.0014379611318875204,3,0.25,1.0,2,"11,12",0.3709677419354838,8,8
7,16,matched_betti,0.5,max_full_branch_node_speed,all_interior,coexact,coexact,random_tangent,metaphor_shift,fresh_metaphor_05,4,semantic_margin_delta,odd,0.375,1,0.21508207610797683,0.04295143839001293,0.2890292017525859,3,0.25,1.0,3,"10,11,12",0.3666666666666667,8,8
7,16,matched_betti,0.5,max_full_branch_node_speed,all_interior,coexact,coexact,random_tangent,ontology_collapse,fresh_ontology_01,4,semantic_margin_delta,odd,0.375,1,-0.30413201306064225,0.023877446631908102,0.1178687637847257,3,0.25,1.0,3,"10,11,12",0.3666666666666667,8,8
7,16,matched_betti,0.5,max_full_branch_node_speed,all_interior,coexact,coexact,random_tangent,ontology_collapse,fresh_ontology_02,4,semantic_margin_delta,odd,0.375,1,-0.17506077150093227,0.039858344440384476,0.32548072832901354,3,0.25,1.0,3,"10,11,12",0.3666666666666667,8,8
7,16,matched_betti,0.5,max_full_branch_node_speed,all_interior,coexact,coexact,random_tangent,ontology_collapse,fresh_ontology_03,4,semantic_margin_delta,odd,0.375,1,0.01392457378520657,0.0380470010888691,0.9719277029302229,3,0.25,1.0,3,"11,12,13",0.375,8,8
7,16,matched_betti,0.5,max_full_branch_node_speed,all_interior,coexact,coexact,random_tangent,ontology_collapse,fresh_ontology_04,4,semantic_margin_delta,odd,0.375,1,-0.21251602265745767,0.03279981396862031,0.2272365065656144,3,0.25,1.0,3,"11,12,13",0.375,8,8
7,16,matched_betti,0.5,max_full_branch_node_speed,all_interior,coexact,coexact,random_tangent,ontology_collapse,fresh_ontology_05,4,semantic_margin_delta,odd,0.375,1,0.37173340181083425,0.01989256909199913,0.08064056503702978,3,0.25,1.0,3,"11,12,13",0.3636363636363636,8,8
7,16,matched_betti,0.5,max_full_branch_node_speed,all_interior,coexact,coexact,random_tangent,identity_stress,fresh_identity_01,5,semantic_margin_delta,odd,0.4583333333333333,1,-0.11851437962469462,0.015978275031086963,0.19972405764837914,3,0.25,1.0,2,"14,15",0.453125,8,8
7,16,matched_betti,0.5,max_full_branch_node_speed,all_interior,coexact,coexact,random_tangent,identity_stress,fresh_identity_02,5,semantic_margin_delta,odd,0.4583333333333333,1,-0.4893928393513405,0.001362285018354793,0.004208404684812199,3,0.25,1.0,3,"13,14,15",0.4516129032258065,8,8
7,16,matched_betti,0.5,max_full_branch_node_speed,all_interior,coexact,coexact,random_tangent,identity_stress,fresh_identity_03,5,semantic_margin_delta,odd,0.4583333333333333,1,0.24371973095983857,0.014250272927082107,0.08805483701493491,3,0.25,1.0,2,"14,15",0.453125,8,8
7,16,matched_betti,0.5,max_full_branch_node_speed,all_interior,coexact,coexact,random_tangent,identity_stress,fresh_identity_04,5,semantic_margin_delta,odd,0.4583333333333333,1,-0.22099455588391456,0.025441956402450255,0.17147439062675282,3,0.25,1.0,3,"13,14,15",0.4516129032258065,8,8
7,16,matched_betti,0.5,max_full_branch_node_speed,all_interior,coexact,coexact,random_tangent,identity_stress,fresh_identity_05,5,semantic_margin_delta,odd,0.4583333333333333,1,-0.3501374142218618,0.0533000382009286,0.22428112600443062,3,0.25,1.0,2,"13,14",0.45,8,8
7,16,matched_betti,0.5,max_full_branch_node_speed,all_interior,coexact,coexact,random_tangent,literal_stable,fresh_literal_01,5,semantic_margin_delta,odd,0.4583333333333333,1,-0.43298062551777106,0.053463650922520214,0.1835111375933567,3,0.25,1.0,3,"13,14,15",0.4516129032258065,8,8
7,16,matched_betti,0.5,max_full_branch_node_speed,all_interior,coexact,coexact,random_tangent,literal_stable,fresh_literal_02,5,semantic_margin_delta,odd,0.4583333333333333,1,1.0396716155325754,0.07964011004016328,0.11504125636470934,3,0.25,1.0,2,"13,14",0.45,8,8
7,16,matched_betti,0.5,max_full_branch_node_speed,all_interior,coexact,coexact,random_tangent,literal_stable,fresh_literal_03,5,semantic_margin_delta,odd,0.4583333333333333,1,-0.3211916235101495,0.009483894849513747,0.044596542231927924,3,0.25,1.0,3,"13,14,15",0.4516129032258065,8,8
7,16,matched_betti,0.5,max_full_branch_node_speed,all_interior,coexact,coexact,random_tangent,literal_stable,fresh_literal_04,5,semantic_margin_delta,odd,0.4583333333333333,1,-1.052064291067795,0.11006565991995625,0.1562265807371628,3,0.25,1.0,2,"15,16",0.4696969696969697,8,8
7,16,matched_betti,0.5,max_full_branch_node_speed,all_interior,coexact,coexact,random_tangent,literal_stable,fresh_literal_05,5,semantic_margin_delta,odd,0.4583333333333333,1,-0.13143931125628006,0.017091778690298202,0.19290274662754942,3,0.25,1.0,2,"14,15",0.4393939393939394,8,8
7,16,matched_betti,0.5,max_full_branch_node_speed,all_interior,coexact,coexact,random_tangent,metaphor_shift,fresh_metaphor_01,5,semantic_margin_delta,odd,0.4583333333333333,1,0.4085778838200556,0.016190104684020788,0.05980091521470007,3,0.25,1.0,2,"13,14",0.45,8,8
7,16,matched_betti,0.5,max_full_branch_node_speed,all_interior,coexact,coexact,random_tangent,metaphor_shift,fresh_metaphor_02,5,semantic_margin_delta,odd,0.4583333333333333,1,-0.013735522905526699,0.0236906577996852,0.9336963746815662,3,0.25,1.0,2,"14,15",0.453125,8,8
7,16,matched_betti,0.5,max_full_branch_node_speed,all_interior,coexact,coexact,random_tangent,metaphor_shift,fresh_metaphor_03,5,semantic_margin_delta,odd,0.4583333333333333,1,0.823099959392001,0.0035359928701142475,0.006494722682770396,3,0.25,1.0,2,"14,15",0.453125,8,8
7,16,matched_betti,0.5,max_full_branch_node_speed,all_interior,coexact,coexact,random_tangent,metaphor_shift,fresh_metaphor_04,5,semantic_margin_delta,odd,0.4583333333333333,1,-0.2754039658876206,0.030968884010651627,0.16760202597410184,3,0.25,1.0,3,"13,14,15",0.4516129032258065,8,8
7,16,matched_betti,0.5,max_full_branch_node_speed,all_interior,coexact,coexact,random_tangent,metaphor_shift,fresh_metaphor_05,5,semantic_margin_delta,odd,0.4583333333333333,1,-0.5518333724508246,0.058581873077251635,0.1584687204861415,3,0.25,1.0,2,"13,14",0.45,8,8
7,16,matched_betti,0.5,max_full_branch_node_speed,all_interior,coexact,coexact,random_tangent,ontology_collapse,fresh_ontology_01,5,semantic_margin_delta,odd,0.4583333333333333,1,0.060132119361784975,0.015964960982950704,0.3725067122443095,3,0.25,1.0,2,"13,14",0.45,8,8
7,16,matched_betti,0.5,max_full_branch_node_speed,all_interior,coexact,coexact,random_tangent,ontology_collapse,fresh_ontology_02,5,semantic_margin_delta,odd,0.4583333333333333,1,-0.14067636314523146,0.07574519191442214,0.6313110222604097,3,0.25,1.0,2,"13,14",0.45,8,8
7,16,matched_betti,0.5,max_full_branch_node_speed,all_interior,coexact,coexact,random_tangent,ontology_collapse,fresh_ontology_03,5,semantic_margin_delta,odd,0.4583333333333333,1,0.09158448560117892,0.004588270721831515,0.07552589950676042,3,0.25,1.0,2,"14,15",0.453125,8,8
7,16,matched_betti,0.5,max_full_branch_node_speed,all_interior,coexact,coexact,random_tangent,ontology_collapse,fresh_ontology_04,5,semantic_margin_delta,odd,0.4583333333333333,1,0.5534391236171726,0.01658417251067407,0.04525741003371179,3,0.25,1.0,2,"14,15",0.453125,8,8
7,16,matched_betti,0.5,max_full_branch_node_speed,all_interior,coexact,coexact,random_tangent,ontology_collapse,fresh_ontology_05,5,semantic_margin_delta,odd,0.4583333333333333,1,0.02136732757631245,0.0037143201994685017,0.25417763285179584,3,0.25,1.0,3,"14,15,16",0.4545454545454546,8,8
7,16,matched_betti,0.5,max_full_branch_node_speed,all_interior,coexact,coexact,random_tangent,identity_stress,fresh_identity_01,6,semantic_margin_delta,odd,0.5416666666666666,1,-0.253794526159528,0.03747067651668046,0.2178522052392108,3,0.25,1.0,3,"16,17,18",0.53125,8,8
7,16,matched_betti,0.5,max_full_branch_node_speed,all_interior,coexact,coexact,random_tangent,identity_stress,fresh_identity_02,6,semantic_margin_delta,odd,0.5416666666666666,1,0.173555988077078,0.01081940135886891,0.09383270681050541,3,0.25,1.0,3,"16,17,18",0.5483870967741935,8,8
7,16,matched_betti,0.5,max_full_branch_node_speed,all_interior,coexact,coexact,random_tangent,identity_stress,fresh_identity_03,6,semantic_margin_delta,odd,0.5416666666666666,1,0.14875420957096003,0.008486650268000604,0.08593468302782167,3,0.25,1.0,3,"16,17,18",0.53125,8,8
7,16,matched_betti,0.5,max_full_branch_node_speed,all_interior,coexact,coexact,random_tangent,identity_stress,fresh_identity_04,6,semantic_margin_delta,odd,0.5416666666666666,1,-0.6188795583941941,0.029391196311556213,0.07161525426897021,3,0.25,1.0,3,"16,17,18",0.5483870967741935,8,8
7,16,matched_betti,0.5,max_full_branch_node_speed,all_interior,coexact,coexact,random_tangent,identity_stress,fresh_identity_05,6,semantic_margin_delta,odd,0.5416666666666666,1,0.018594951907888808,0.013743039748945652,0.7451604606708407,3,0.25,1.0,3,"15,16,17",0.5333333333333333,8,8
7,16,matched_betti,0.5,max_full_branch_node_speed,all_interior,coexact,coexact,random_tangent,literal_stable,fresh_literal_01,6,semantic_margin_delta,odd,0.5416666666666666,1,-0.11638874932514791,0.0010663788597934912,0.013850639802651308,3,0.25,1.0,3,"16,17,18",0.5483870967741935,8,8
7,16,matched_betti,0.5,max_full_branch_node_speed,all_interior,coexact,coexact,random_tangent,literal_stable,fresh_literal_02,6,semantic_margin_delta,odd,0.5416666666666666,1,-0.3661603417043883,0.010996494713939315,0.04535725292257624,3,0.25,1.0,3,"15,16,17",0.5333333333333333,8,8
7,16,matched_betti,0.5,max_full_branch_node_speed,all_interior,coexact,coexact,random_tangent,literal_stable,fresh_literal_03,6,semantic_margin_delta,odd,0.5416666666666666,1,0.5898481802908032,0.026077591827791898,0.06669146223988437,3,0.25,1.0,3,"16,17,18",0.5483870967741935,8,8
7,16,matched_betti,0.5,max_full_branch_node_speed,all_interior,coexact,coexact,random_tangent,literal_stable,fresh_literal_04,6,semantic_margin_delta,odd,0.5416666666666666,1,-0.003434809044667454,0.006991567809924916,0.951047938966292,3,0.25,1.0,3,"17,18,19",0.5454545454545454,8,8
7,16,matched_betti,0.5,max_full_branch_node_speed,all_interior,coexact,coexact,random_tangent,literal_stable,fresh_literal_05,6,semantic_margin_delta,odd,0.5416666666666666,1,-0.16955792476457562,0.005964351899808452,0.05310591131084734,3,0.25,1.0,3,"17,18,19",0.5454545454545454,8,8
7,16,matched_betti,0.5,max_full_branch_node_speed,all_interior,coexact,coexact,random_tangent,metaphor_shift,fresh_metaphor_01,6,semantic_margin_delta,odd,0.5416666666666666,1,0.12998127200892243,0.03425724609482564,0.3701555214934715,3,0.25,1.0,3,"15,16,17",0.5333333333333333,8,8
7,16,matched_betti,0.5,max_full_branch_node_speed,all_interior,coexact,coexact,random_tangent,metaphor_shift,fresh_metaphor_02,6,semantic_margin_delta,odd,0.5416666666666666,1,-0.0021594611894481136,0.06918068802305448,0.9997869260819979,3,0.25,1.0,3,"16,17,18",0.53125,8,8
7,16,matched_betti,0.5,max_full_branch_node_speed,all_interior,coexact,coexact,random_tangent,metaphor_shift,fresh_metaphor_03,6,semantic_margin_delta,odd,0.5416666666666666,1,-0.32988029186180773,0.016011667176200502,0.07318548642725085,3,0.25,1.0,3,"16,17,18",0.53125,8,8
7,16,matched_betti,0.5,max_full_branch_node_speed,all_interior,coexact,coexact,random_tangent,metaphor_shift,fresh_metaphor_04,6,semantic_margin_delta,odd,0.5416666666666666,1,0.6272627212317325,0.014530254206707434,0.03500003968862565,3,0.25,1.0,3,"16,17,18",0.5483870967741935,8,8
7,16,matched_betti,0.5,max_full_branch_node_speed,all_interior,coexact,coexact,random_tangent,metaphor_shift,fresh_metaphor_05,6,semantic_margin_delta,odd,0.5416666666666666,1,0.013056978079440597,0.08420131677122987,0.9947810228366422,3,0.25,1.0,3,"15,16,17",0.5333333333333333,8,8
7,16,matched_betti,0.5,max_full_branch_node_speed,all_interior,coexact,coexact,random_tangent,ontology_collapse,fresh_ontology_01,6,semantic_margin_delta,odd,0.5416666666666666,1,-0.151209666328292,0.031897595509429985,0.3038470479927152,3,0.25,1.0,3,"15,16,17",0.5333333333333333,8,8
7,16,matched_betti,0.5,max_full_branch_node_speed,all_interior,coexact,coexact,random_tangent,ontology_collapse,fresh_ontology_02,6,semantic_margin_delta,odd,0.5416666666666666,1,0.783075016867157,0.08756236454060527,0.16668872064245144,3,0.25,1.0,3,"15,16,17",0.5333333333333333,8,8
7,16,matched_betti,0.5,max_full_branch_node_speed,all_interior,coexact,coexact,random_tangent,ontology_collapse,fresh_ontology_03,6,semantic_margin_delta,odd,0.5416666666666666,1,0.43806685477174867,0.0025284292305461902,0.008725791773463533,3,0.25,1.0,3,"16,17,18",0.53125,8,8
7,16,matched_betti,0.5,max_full_branch_node_speed,all_interior,coexact,coexact,random_tangent,ontology_collapse,fresh_ontology_04,6,semantic_margin_delta,odd,0.5416666666666666,1,-0.3274965087745422,0.013677896638651092,0.06301726746901952,3,0.25,1.0,2,"16,17",0.515625,8,8
7,16,matched_betti,0.5,max_full_branch_node_speed,all_interior,coexact,coexact,random_tangent,ontology_collapse,fresh_ontology_05,6,semantic_margin_delta,odd,0.5416666666666666,1,-0.10872913161188105,0.025811173159167703,0.3378022980229602,3,0.25,1.0,3,"17,18,19",0.5454545454545454,8,8
7,16,matched_betti,0.5,max_full_branch_node_speed,all_interior,coexact,coexact,random_tangent,identity_stress,fresh_identity_01,7,semantic_margin_delta,odd,0.625,1,0.24299698003919018,0.04019442883709469,0.2426070897276901,3,0.25,1.0,3,"19,20,21",0.625,8,8
7,16,matched_betti,0.5,max_full_branch_node_speed,all_interior,coexact,coexact,random_tangent,identity_stress,fresh_identity_02,7,semantic_margin_delta,odd,0.625,1,0.7450773822607032,0.04746397054720859,0.09586691362221463,3,0.25,1.0,2,"19,20",0.6290322580645161,8,8
7,16,matched_betti,0.5,max_full_branch_node_speed,all_interior,coexact,coexact,random_tangent,identity_stress,fresh_identity_03,7,semantic_margin_delta,odd,0.625,1,-0.3591041321081465,0.0476119002075158,0.19654037972555533,3,0.25,1.0,3,"19,20,21",0.625,8,8
7,16,matched_betti,0.5,max_full_branch_node_speed,all_interior,coexact,coexact,random_tangent,identity_stress,fresh_identity_04,7,semantic_margin_delta,odd,0.625,1,0.1655994617086672,0.006820344248112407,0.06214669732942055,3,0.25,1.0,2,"19,20",0.6290322580645161,8,8
7,16,matched_betti,0.5,max_full_branch_node_speed,all_interior,coexact,coexact,random_tangent,identity_stress,fresh_identity_05,7,semantic_margin_delta,odd,0.625,1,0.3071490984950359,0.04349080094496594,0.20932894115076928,3,0.25,1.0,2,"18,19",0.6166666666666667,8,8
7,16,matched_betti,0.5,max_full_branch_node_speed,all_interior,coexact,coexact,random_tangent,literal_stable,fresh_literal_01,7,semantic_margin_delta,odd,0.625,1,-0.44213738164741717,0.030383899819894672,0.1033393818949506,3,0.25,1.0,2,"19,20",0.6290322580645161,8,8
7,16,matched_betti,0.5,max_full_branch_node_speed,all_interior,coexact,coexact,random_tangent,literal_stable,fresh_literal_02,7,semantic_margin_delta,odd,0.625,1,0.25380370273321506,0.004469235809291591,0.02661291452089261,3,0.25,1.0,2,"18,19",0.6166666666666667,8,8
7,16,matched_betti,0.5,max_full_branch_node_speed,all_interior,coexact,coexact,random_tangent,literal_stable,fresh_literal_03,7,semantic_margin_delta,odd,0.625,1,0.03105657763002387,0.004661226689018041,0.22128665043675932,3,0.25,1.0,2,"19,20",0.6290322580645161,8,8
7,16,matched_betti,0.5,max_full_branch_node_speed,all_interior,coexact,coexact,random_tangent,literal_stable,fresh_literal_04,7,semantic_margin_delta,odd,0.625,1,-0.6165912745931472,0.009354056417953734,0.02292975325104846,3,0.25,1.0,2,"20,21",0.6212121212121212,8,8
7,16,matched_betti,0.5,max_full_branch_node_speed,all_interior,coexact,coexact,random_tangent,literal_stable,fresh_literal_05,7,semantic_margin_delta,odd,0.625,1,-0.30608165138549037,0.002476816750033799,0.01223305852600423,3,0.25,1.0,2,"20,21",0.6212121212121212,8,8
7,16,matched_betti,0.5,max_full_branch_node_speed,all_interior,coexact,coexact,random_tangent,metaphor_shift,fresh_metaphor_01,7,semantic_margin_delta,odd,0.625,1,0.077777981489821,0.05262527544550456,0.7150781597939839,3,0.25,1.0,2,"18,19",0.6166666666666667,8,8
7,16,matched_betti,0.5,max_full_branch_node_speed,all_interior,coexact,coexact,random_tangent,metaphor_shift,fresh_metaphor_02,7,semantic_margin_delta,odd,0.625,1,-0.18979587660355066,0.04537346273987624,0.3399110882645502,3,0.25,1.0,3,"19,20,21",0.625,8,8
7,16,matched_betti,0.5,max_full_branch_node_speed,all_interior,coexact,coexact,random_tangent,metaphor_shift,fresh_metaphor_03,7,semantic_margin_delta,odd,0.625,1,0.5398158703527846,0.030527937971631138,0.08518854309580888,3,0.25,1.0,3,"19,20,21",0.625,8,8
7,16,matched_betti,0.5,max_full_branch_node_speed,all_interior,coexact,coexact,random_tangent,metaphor_shift,fresh_metaphor_04,7,semantic_margin_delta,odd,0.625,1,-0.19929553194350622,0.015269149000739576,0.11506258918567983,3,0.25,1.0,2,"19,20",0.6290322580645161,8,8
7,16,matched_betti,0.5,max_full_branch_node_speed,all_interior,coexact,coexact,random_tangent,metaphor_shift,fresh_metaphor_05,7,semantic_margin_delta,odd,0.625,1,0.09022091978433652,0.049207400765915434,0.6361913002619229,3,0.25,1.0,2,"18,19",0.6166666666666667,8,8
7,16,matched_betti,0.5,max_full_branch_node_speed,all_interior,coexact,coexact,random_tangent,ontology_collapse,fresh_ontology_01,7,semantic_margin_delta,odd,0.625,1,0.007229858353911911,0.012314560050468324,0.932180839998018,3,0.25,1.0,2,"18,19",0.6166666666666667,8,8
7,16,matched_betti,0.5,max_full_branch_node_speed,all_interior,coexact,coexact,random_tangent,ontology_collapse,fresh_ontology_02,7,semantic_margin_delta,odd,0.625,1,0.07140731282677379,0.049160784239353494,0.7211150612945338,3,0.25,1.0,2,"18,19",0.6166666666666667,8,8
7,16,matched_betti,0.5,max_full_branch_node_speed,all_interior,coexact,coexact,random_tangent,ontology_collapse,fresh_ontology_03,7,semantic_margin_delta,odd,0.625,1,-0.11434537261842866,0.015669905019879582,0.20287664513683895,3,0.25,1.0,2,"19,21",0.625,8,8
7,16,matched_betti,0.5,max_full_branch_node_speed,all_interior,coexact,coexact,random_tangent,ontology_collapse,fresh_ontology_04,7,semantic_margin_delta,odd,0.625,1,0.17746871751742932,0.06329804991301448,0.4746287071715035,3,0.25,1.0,3,"19,20,21",0.625,8,8
7,16,matched_betti,0.5,max_full_branch_node_speed,all_interior,coexact,coexact,random_tangent,ontology_collapse,fresh_ontology_05,7,semantic_margin_delta,odd,0.625,1,-0.08377984733641922,0.0831857960068066,0.8322443509219928,3,0.25,1.0,2,"20,21",0.6212121212121212,8,8
7,16,matched_betti,0.5,max_full_branch_node_speed,all_interior,coexact,coexact,random_tangent,identity_stress,fresh_identity_01,8,semantic_margin_delta,odd,0.7083333333333334,1,-0.2501938183482261,0.07483052753406874,0.4120173269148758,3,0.25,1.0,2,"22,23",0.703125,8,8
7,16,matched_betti,0.5,max_full_branch_node_speed,all_interior,coexact,coexact,random_tangent,identity_stress,fresh_identity_02,8,semantic_margin_delta,odd,0.7083333333333334,1,0.1910244236732424,0.0783371361795878,0.5269379812774831,3,0.25,1.0,2,"21,23",0.7096774193548386,8,8
7,16,matched_betti,0.5,max_full_branch_node_speed,all_interior,coexact,coexact,random_tangent,identity_stress,fresh_identity_03,8,semantic_margin_delta,odd,0.7083333333333334,1,0.5424034015638045,0.0031632461989843366,0.008816671940079589,3,0.25,1.0,2,"22,23",0.703125,8,8
7,16,matched_betti,0.5,max_full_branch_node_speed,all_interior,coexact,coexact,random_tangent,identity_stress,fresh_identity_04,8,semantic_margin_delta,odd,0.7083333333333334,1,-0.12213342874954528,0.02029314543825403,0.2436340985065479,3,0.25,1.0,3,"21,22,23",0.7096774193548386,8,8
7,16,matched_betti,0.5,max_full_branch_node_speed,all_interior,coexact,coexact,random_tangent,identity_stress,fresh_identity_05,8,semantic_margin_delta,odd,0.7083333333333334,1,-0.3134688397631566,0.0456104710001836,0.21484218608360126,3,0.25,1.0,2,"20,21",0.6833333333333332,8,8
7,16,matched_betti,0.5,max_full_branch_node_speed,all_interior,coexact,coexact,random_tangent,literal_stable,fresh_literal_01,8,semantic_margin_delta,odd,0.7083333333333334,1,1.04027938946506,0.10849950131385024,0.15575985065296544,3,0.25,1.0,3,"21,22,23",0.7096774193548386,8,8
7,16,matched_betti,0.5,max_full_branch_node_speed,all_interior,coexact,coexact,random_tangent,literal_stable,fresh_literal_02,8,semantic_margin_delta,odd,0.7083333333333334,1,0.014180789821655534,0.005018617371262227,0.47176647035246444,3,0.25,1.0,3,"20,21,22",0.6999999999999998,8,8
7,16,matched_betti,0.5,max_full_branch_node_speed,all_interior,coexact,coexact,random_tangent,literal_stable,fresh_literal_03,8,semantic_margin_delta,odd,0.7083333333333334,1,0.13928810635265132,0.034533077647619745,0.3509823757073388,3,0.25,1.0,3,"21,22,23",0.7096774193548386,8,8
7,16,matched_betti,0.5,max_full_branch_node_speed,all_interior,coexact,coexact,random_tangent,literal_stable,fresh_literal_04,8,semantic_margin_delta,odd,0.7083333333333334,1,-0.09976902719231873,0.050212049920952205,0.6055332882345322,3,0.25,1.0,3,"22,23,24",0.6969696969696969,8,8
7,16,matched_betti,0.5,max_full_branch_node_speed,all_interior,coexact,coexact,random_tangent,literal_stable,fresh_literal_05,8,semantic_margin_delta,odd,0.7083333333333334,1,-0.49094145376919396,0.02187700525593393,0.06721803097291566,3,0.25,1.0,3,"22,23,24",0.6969696969696969,8,8
7,16,matched_betti,0.5,max_full_branch_node_speed,all_interior,coexact,coexact,random_tangent,metaphor_shift,fresh_metaphor_01,8,semantic_margin_delta,odd,0.7083333333333334,1,-0.18846157086434023,0.014516726622885718,0.11567293894772396,3,0.25,1.0,3,"20,21,22",0.6999999999999998,8,8
7,16,matched_betti,0.5,max_full_branch_node_speed,all_interior,coexact,coexact,random_tangent,metaphor_shift,fresh_metaphor_02,8,semantic_margin_delta,odd,0.7083333333333334,1,-0.24939914498605803,0.02143199533335187,0.1288379750753996,3,0.25,1.0,2,"22,23",0.703125,8,8
7,16,matched_betti,0.5,max_full_branch_node_speed,all_interior,coexact,coexact,random_tangent,metaphor_shift,fresh_metaphor_03,8,semantic_margin_delta,odd,0.7083333333333334,1,-0.25302489235558073,0.01917045804325776,0.11380192166405842,3,0.25,1.0,2,"22,23",0.703125,8,8
7,16,matched_betti,0.5,max_full_branch_node_speed,all_interior,coexact,coexact,random_tangent,metaphor_shift,fresh_metaphor_04,8,semantic_margin_delta,odd,0.7083333333333334,1,-0.038187622135679736,0.003569346866374911,0.13992123942337958,3,0.25,1.0,3,"21,22,23",0.7096774193548386,8,8
7,16,matched_betti,0.5,max_full_branch_node_speed,all_interior,coexact,coexact,random_tangent,metaphor_shift,fresh_metaphor_05,8,semantic_margin_delta,odd,0.7083333333333334,1,0.11131129007443595,0.048617294417717054,0.5510353524079306,3,0.25,1.0,3,"20,21,22",0.6999999999999998,8,8
7,16,matched_betti,0.5,max_full_branch_node_speed,all_interior,coexact,coexact,random_tangent,ontology_collapse,fresh_ontology_01,8,semantic_margin_delta,odd,0.7083333333333334,1,-0.23273377476357154,0.05022567697563001,0.3101780241532453,3,0.25,1.0,3,"20,21,22",0.6999999999999998,8,8
7,16,matched_betti,0.5,max_full_branch_node_speed,all_interior,coexact,coexact,random_tangent,ontology_collapse,fresh_ontology_02,8,semantic_margin_delta,odd,0.7083333333333334,1,-0.10673280676596875,0.03412993179376092,0.43525128284767284,3,0.25,1.0,3,"20,21,22",0.6999999999999998,8,8
7,16,matched_betti,0.5,max_full_branch_node_speed,all_interior,coexact,coexact,random_tangent,ontology_collapse,fresh_ontology_03,8,semantic_margin_delta,odd,0.7083333333333334,1,-0.07305801700318407,0.0034704938985108975,0.07163367661030966,3,0.25,1.0,2,"22,23",0.703125,8,8
7,16,matched_betti,0.5,max_full_branch_node_speed,all_interior,coexact,coexact,random_tangent,ontology_collapse,fresh_ontology_04,8,semantic_margin_delta,odd,0.7083333333333334,1,0.4026904043318676,0.02194536304014023,0.08211327370538997,3,0.25,1.0,1,22,0.6875,8,8
7,16,matched_betti,0.5,max_full_branch_node_speed,all_interior,coexact,coexact,random_tangent,ontology_collapse,fresh_ontology_05,8,semantic_margin_delta,odd,0.7083333333333334,1,0.6839234780703122,0.085772115508716,0.186285983254725,3,0.25,1.0,2,"23,24",0.7121212121212123,8,8
7,16,matched_betti,0.5,max_full_branch_node_speed,all_interior,coexact,coexact,random_tangent,identity_stress,fresh_identity_01,9,semantic_margin_delta,odd,0.7916666666666666,1,0.4564930975582574,0.009839644553494793,0.03257059444575563,3,0.25,1.0,2,"24,25",0.765625,8,8
7,16,matched_betti,0.5,max_full_branch_node_speed,all_interior,coexact,coexact,random_tangent,identity_stress,fresh_identity_02,9,semantic_margin_delta,odd,0.7916666666666666,1,-0.0873201138732223,0.06204896157762714,0.7319698432914749,3,0.25,1.0,1,24,0.7741935483870966,8,8
7,16,matched_betti,0.5,max_full_branch_node_speed,all_interior,coexact,coexact,random_tangent,identity_stress,fresh_identity_03,9,semantic_margin_delta,odd,0.7916666666666666,1,-0.30657904338322944,0.0012882082732237504,0.0063525168766717125,3,0.25,1.0,3,"24,25,26",0.78125,8,8
7,16,matched_betti,0.5,max_full_branch_node_speed,all_interior,coexact,coexact,random_tangent,identity_stress,fresh_identity_04,9,semantic_margin_delta,odd,0.7916666666666666,1,0.06416195265362842,0.00943826975475114,0.2170915399997083,3,0.25,1.0,2,"24,25",0.7903225806451614,8,8
7,16,matched_betti,0.5,max_full_branch_node_speed,all_interior,coexact,coexact,random_tangent,identity_stress,fresh_identity_05,9,semantic_margin_delta,odd,0.7916666666666666,1,0.2606780952417753,0.014178465331644869,0.08195439780668623,3,0.25,1.0,1,23,0.7666666666666667,8,8
7,16,matched_betti,0.5,max_full_branch_node_speed,all_interior,coexact,coexact,random_tangent,literal_stable,fresh_literal_01,9,semantic_margin_delta,odd,0.7916666666666666,1,-0.27730929337318816,0.021105861332690667,0.11431241261842401,3,0.25,1.0,2,"24,25",0.7903225806451614,8,8
7,16,matched_betti,0.5,max_full_branch_node_speed,all_interior,coexact,coexact,random_tangent,literal_stable,fresh_literal_02,9,semantic_margin_delta,odd,0.7916666666666666,1,-0.3150177615427986,0.025840798023000166,0.12307433376035093,3,0.25,1.0,2,"23,24",0.7833333333333335,8,8
7,16,matched_betti,0.5,max_full_branch_node_speed,all_interior,coexact,coexact,random_tangent,literal_stable,fresh_literal_03,9,semantic_margin_delta,odd,0.7916666666666666,1,0.3161727614245351,0.02965582260841643,0.14040196299956287,3,0.25,1.0,2,"24,25",0.7903225806451614,8,8
7,16,matched_betti,0.5,max_full_branch_node_speed,all_interior,coexact,coexact,random_tangent,literal_stable,fresh_literal_04,9,semantic_margin_delta,odd,0.7916666666666666,1,0.32453914793587735,0.0665635927809195,0.2961727618269097,3,0.25,1.0,3,"25,26,27",0.787878787878788,8,8
7,16,matched_betti,0.5,max_full_branch_node_speed,all_interior,coexact,coexact,random_tangent,literal_stable,fresh_literal_05,9,semantic_margin_delta,odd,0.7916666666666666,1,-0.07779911890631792,0.007085051719313752,0.13639595506520594,3,0.25,1.0,3,"25,26,27",0.787878787878788,8,8
7,16,matched_betti,0.5,max_full_branch_node_speed,all_interior,coexact,coexact,random_tangent,metaphor_shift,fresh_metaphor_01,9,semantic_margin_delta,odd,0.7916666666666666,1,-0.15840942719716503,0.023574092270435828,0.21950373225730474,3,0.25,1.0,2,"23,24",0.7833333333333335,8,8
7,16,matched_betti,0.5,max_full_branch_node_speed,all_interior,coexact,coexact,random_tangent,metaphor_shift,fresh_metaphor_02,9,semantic_margin_delta,odd,0.7916666666666666,1,0.08762534237676516,0.13139162712304125,0.9149388312667586,3,0.25,1.0,3,"24,25,26",0.78125,8,8
7,16,matched_betti,0.5,max_full_branch_node_speed,all_interior,coexact,coexact,random_tangent,metaphor_shift,fresh_metaphor_03,9,semantic_margin_delta,odd,0.7916666666666666,1,-0.29378884303771574,0.003969544291670363,0.020423291268828622,3,0.25,1.0,3,"24,25,26",0.78125,8,8
7,16,matched_betti,0.5,max_full_branch_node_speed,all_interior,coexact,coexact,random_tangent,metaphor_shift,fresh_metaphor_04,9,semantic_margin_delta,odd,0.7916666666666666,1,-0.8739946540040235,0.06713664667677317,0.11535932175983357,3,0.25,1.0,2,"24,25",0.7903225806451614,8,8
7,16,matched_betti,0.5,max_full_branch_node_speed,all_interior,coexact,coexact,random_tangent,metaphor_shift,fresh_metaphor_05,9,semantic_margin_delta,odd,0.7916666666666666,1,0.3436776735739374,0.02097164449758174,0.09186536465396382,3,0.25,1.0,2,"23,24",0.7833333333333335,8,8
7,16,matched_betti,0.5,max_full_branch_node_speed,all_interior,coexact,coexact,random_tangent,ontology_collapse,fresh_ontology_01,9,semantic_margin_delta,odd,0.7916666666666666,1,0.020495247281366008,0.009627110210512194,0.5790064710356099,3,0.25,1.0,2,"23,24",0.7833333333333335,8,8
7,16,matched_betti,0.5,max_full_branch_node_speed,all_interior,coexact,coexact,random_tangent,ontology_collapse,fresh_ontology_02,9,semantic_margin_delta,odd,0.7916666666666666,1,-0.18461371215137484,0.03688045905236785,0.28912611316703846,3,0.25,1.0,2,"23,24",0.7833333333333335,8,8
7,16,matched_betti,0.5,max_full_branch_node_speed,all_interior,coexact,coexact,random_tangent,ontology_collapse,fresh_ontology_03,9,semantic_margin_delta,odd,0.7916666666666666,1,0.20280632781309438,0.02975384829953352,0.216542895350081,3,0.25,1.0,3,"24,25,26",0.78125,8,8
7,16,matched_betti,0.5,max_full_branch_node_speed,all_interior,coexact,coexact,random_tangent,ontology_collapse,fresh_ontology_04,9,semantic_margin_delta,odd,0.7916666666666666,1,0.2633236594540162,0.018949437770081852,0.1081588796582418,3,0.25,1.0,3,"24,25,26",0.78125,8,8
7,16,matched_betti,0.5,max_full_branch_node_speed,all_interior,coexact,coexact,random_tangent,ontology_collapse,fresh_ontology_05,9,semantic_margin_delta,odd,0.7916666666666666,1,-0.16273118609569656,0.013370543030243829,0.12327191344326859,3,0.25,1.0,3,"25,26,27",0.787878787878788,8,8
7,16,matched_betti,0.5,max_full_branch_node_speed,all_interior,coexact,coexact,random_tangent,identity_stress,fresh_identity_01,10,semantic_margin_delta,odd,0.875,1,-0.046868691276505656,0.007754385912095755,0.24265945793906793,3,0.25,1.0,1,29,0.90625,8,8
7,16,matched_betti,0.5,max_full_branch_node_speed,all_interior,coexact,coexact,random_tangent,identity_stress,fresh_identity_02,10,semantic_margin_delta,odd,0.875,1,0.2584963796431197,0.024877094497361134,0.1439816767476439,3,0.25,1.0,2,"26,27",0.8548387096774194,8,8
7,16,matched_betti,0.5,max_full_branch_node_speed,all_interior,coexact,coexact,random_tangent,identity_stress,fresh_identity_03,10,semantic_margin_delta,odd,0.875,1,0.137243390777177,0.05997066897536978,0.551208428197366,3,0.25,1.0,3,"27,28,29",0.875,8,8
7,16,matched_betti,0.5,max_full_branch_node_speed,all_interior,coexact,coexact,random_tangent,identity_stress,fresh_identity_04,10,semantic_margin_delta,odd,0.875,1,-0.678166309512834,0.052653027841708035,0.11658068739847832,3,0.25,1.0,2,"27,28",0.8870967741935484,8,8
7,16,matched_betti,0.5,max_full_branch_node_speed,all_interior,coexact,coexact,random_tangent,identity_stress,fresh_identity_05,10,semantic_margin_delta,odd,0.875,1,0.16891587940153144,0.043221950707142784,0.3607955638781795,3,0.25,1.0,3,"25,26,27",0.8666666666666667,8,8
7,16,matched_betti,0.5,max_full_branch_node_speed,all_interior,coexact,coexact,random_tangent,literal_stable,fresh_literal_01,10,semantic_margin_delta,odd,0.875,1,0.43576865279442467,0.01798328792003264,0.062270225766124565,3,0.25,1.0,2,"27,28",0.8870967741935484,8,8
7,16,matched_betti,0.5,max_full_branch_node_speed,all_interior,coexact,coexact,random_tangent,literal_stable,fresh_literal_02,10,semantic_margin_delta,odd,0.875,1,0.22316236813124993,0.03311226204733316,0.21888582281315397,3,0.25,1.0,2,"25,26",0.8500000000000001,8,8
7,16,matched_betti,0.5,max_full_branch_node_speed,all_interior,coexact,coexact,random_tangent,literal_stable,fresh_literal_03,10,semantic_margin_delta,odd,0.875,1,-0.20582933869857287,0.03885147638413558,0.2744167282137335,3,0.25,1.0,3,"26,27,28",0.8709677419354839,8,8
7,16,matched_betti,0.5,max_full_branch_node_speed,all_interior,coexact,coexact,random_tangent,literal_stable,fresh_literal_04,10,semantic_margin_delta,odd,0.875,1,-0.11401104267991305,0.015153800142082011,0.19701056497093503,3,0.25,1.0,3,"28,29,30",0.8787878787878788,8,8
7,16,matched_betti,0.5,max_full_branch_node_speed,all_interior,coexact,coexact,random_tangent,literal_stable,fresh_literal_05,10,semantic_margin_delta,odd,0.875,1,0.47925106744713186,0.10795569759173525,0.3223777408449808,3,0.25,1.0,3,"28,29,30",0.8787878787878788,8,8
7,16,matched_betti,0.5,max_full_branch_node_speed,all_interior,coexact,coexact,random_tangent,metaphor_shift,fresh_metaphor_01,10,semantic_margin_delta,odd,0.875,1,0.3677424250461647,0.04971429093130682,0.20024510580027718,3,0.25,1.0,3,"25,26,27",0.8666666666666667,8,8
7,16,matched_betti,0.5,max_full_branch_node_speed,all_interior,coexact,coexact,random_tangent,metaphor_shift,fresh_metaphor_02,10,semantic_margin_delta,odd,0.875,1,0.11487988467942473,0.030585396149392357,0.37340036516546793,3,0.25,1.0,3,"27,28,29",0.875,8,8
7,16,matched_betti,0.5,max_full_branch_node_speed,all_interior,coexact,coexact,random_tangent,metaphor_shift,fresh_metaphor_03,10,semantic_margin_delta,odd,0.875,1,-0.4139113216203554,0.05505419817866724,0.19714512072700827,3,0.25,1.0,3,"27,28,29",0.875,8,8
7,16,matched_betti,0.5,max_full_branch_node_speed,all_interior,coexact,coexact,random_tangent,metaphor_shift,fresh_metaphor_04,10,semantic_margin_delta,odd,0.875,1,0.2134148629093168,0.006370193159594878,0.04508137429118999,3,0.25,1.0,3,"26,27,28",0.8709677419354839,8,8
7,16,matched_betti,0.5,max_full_branch_node_speed,all_interior,coexact,coexact,random_tangent,metaphor_shift,fresh_metaphor_05,10,semantic_margin_delta,odd,0.875,1,0.1963162531850536,0.07399494465323454,0.49510141482883596,3,0.25,1.0,1,27,0.9,8,8
7,16,matched_betti,0.5,max_full_branch_node_speed,all_interior,coexact,coexact,random_tangent,ontology_collapse,fresh_ontology_01,10,semantic_margin_delta,odd,0.875,1,-0.2056410233419712,0.03865555111869156,0.27336778725065053,3,0.25,1.0,2,"26,27",0.8833333333333333,8,8
7,16,matched_betti,0.5,max_full_branch_node_speed,all_interior,coexact,coexact,random_tangent,ontology_collapse,fresh_ontology_02,10,semantic_margin_delta,odd,0.875,1,0.5372117186251444,0.14034890249499127,0.36736176161856915,3,0.25,1.0,2,"25,27",0.8666666666666667,8,8
7,16,matched_betti,0.5,max_full_branch_node_speed,all_interior,coexact,coexact,random_tangent,ontology_collapse,fresh_ontology_03,10,semantic_margin_delta,odd,0.875,1,-0.792616146728823,0.03098659913055462,0.05900172610531824,3,0.25,1.0,2,"27,29",0.875,8,8
7,16,matched_betti,0.5,max_full_branch_node_speed,all_interior,coexact,coexact,random_tangent,ontology_collapse,fresh_ontology_04,10,semantic_margin_delta,odd,0.875,1,-0.3843425287915652,0.032269806937727394,0.1259267167779396,3,0.25,1.0,3,"27,28,29",0.875,8,8
7,16,matched_betti,0.5,max_full_branch_node_speed,all_interior,coexact,coexact,random_tangent,ontology_collapse,fresh_ontology_05,10,semantic_margin_delta,odd,0.875,1,-0.141930471546205,0.02848344723253692,0.29033892613638784,3,0.25,1.0,2,"28,30",0.8787878787878788,8,8
7,16,matched_betti,0.5,max_full_branch_node_speed,all_interior,coexact,coexact,random_tangent,identity_stress,fresh_identity_01,11,semantic_margin_delta,odd,0.9583333333333334,1,-0.19189346744699795,0.16328710097607674,0.7895290516404871,3,0.25,1.0,1,30,0.9375,8,8
7,16,matched_betti,0.5,max_full_branch_node_speed,all_interior,coexact,coexact,random_tangent,identity_stress,fresh_identity_02,11,semantic_margin_delta,odd,0.9583333333333334,1,0.8636359752769439,0.02281111028414685,0.039900715378184445,3,0.25,1.0,2,"29,30",0.9516129032258065,8,8
7,16,matched_betti,0.5,max_full_branch_node_speed,all_interior,coexact,coexact,random_tangent,identity_stress,fresh_identity_03,11,semantic_margin_delta,odd,0.9583333333333334,1,-0.18259586708379508,0.0035915194969950797,0.029723936117351087,3,0.25,1.0,2,"30,31",0.953125,8,8
7,16,matched_betti,0.5,max_full_branch_node_speed,all_interior,coexact,coexact,random_tangent,identity_stress,fresh_identity_04,11,semantic_margin_delta,odd,0.9583333333333334,1,-0.3037306978916443,0.06798350723203404,0.32054089026166277,3,0.25,1.0,2,"29,30",0.9516129032258065,8,8
7,16,matched_betti,0.5,max_full_branch_node_speed,all_interior,coexact,coexact,random_tangent,identity_stress,fresh_identity_05,11,semantic_margin_delta,odd,0.9583333333333334,1,-0.15358592344587307,0.02525259098994323,0.2412380529074586,3,0.25,1.0,1,29,0.9666666666666667,8,8
7,16,matched_betti,0.5,max_full_branch_node_speed,all_interior,coexact,coexact,random_tangent,literal_stable,fresh_literal_01,11,semantic_margin_delta,odd,0.9583333333333334,1,-0.09977844656077473,0.023866741986195577,0.34007812156542705,3,0.25,1.0,2,"29,30",0.9516129032258065,8,8
7,16,matched_betti,0.5,max_full_branch_node_speed,all_interior,coexact,coexact,random_tangent,literal_stable,fresh_literal_02,11,semantic_margin_delta,odd,0.9583333333333334,1,0.20949153610409188,0.0471051688314818,0.3218589764100443,3,0.25,1.0,2,"28,29",0.9499999999999998,8,8
7,16,matched_betti,0.5,max_full_branch_node_speed,all_interior,coexact,coexact,random_tangent,literal_stable,fresh_literal_03,11,semantic_margin_delta,odd,0.9583333333333334,1,0.5944972190243595,0.0021599341769949643,0.005492816728049624,3,0.25,1.0,2,"29,30",0.9516129032258065,8,8
7,16,matched_betti,0.5,max_full_branch_node_speed,all_interior,coexact,coexact,random_tangent,literal_stable,fresh_literal_04,11,semantic_margin_delta,odd,0.9583333333333334,1,0.16955819212981998,0.014043473085376408,0.12424770262146154,3,0.25,1.0,2,"31,32",0.9545454545454546,8,8
7,16,matched_betti,0.5,max_full_branch_node_speed,all_interior,coexact,coexact,random_tangent,literal_stable,fresh_literal_05,11,semantic_margin_delta,odd,0.9583333333333334,1,-0.32709578552719293,0.05692735977011795,0.25446078128760974,3,0.25,1.0,1,31,0.9393939393939394,8,8
7,16,matched_betti,0.5,max_full_branch_node_speed,all_interior,coexact,coexact,random_tangent,metaphor_shift,fresh_metaphor_01,11,semantic_margin_delta,odd,0.9583333333333334,1,-0.45647558519992076,0.044228230504117894,0.14493816511837032,3,0.25,1.0,2,"28,29",0.9499999999999998,8,8
7,16,matched_betti,0.5,max_full_branch_node_speed,all_interior,coexact,coexact,random_tangent,metaphor_shift,fresh_metaphor_02,11,semantic_margin_delta,odd,0.9583333333333334,1,-0.7396008767391267,0.041945088952485776,0.08542876069971381,3,0.25,1.0,2,"30,31",0.953125,8,8
7,16,matched_betti,0.5,max_full_branch_node_speed,all_interior,coexact,coexact,random_tangent,metaphor_shift,fresh_metaphor_03,11,semantic_margin_delta,odd,0.9583333333333334,1,0.011567543176973201,0.03991283533296222,0.9821173226622486,3,0.25,1.0,2,"30,31",0.953125,8,8
7,16,matched_betti,0.5,max_full_branch_node_speed,all_interior,coexact,coexact,random_tangent,metaphor_shift,fresh_metaphor_04,11,semantic_margin_delta,odd,0.9583333333333334,1,-0.225137397517078,0.0059897160869061515,0.0401900492660172,3,0.25,1.0,2,"29,30",0.9516129032258065,8,8
7,16,matched_betti,0.5,max_full_branch_node_speed,all_interior,coexact,coexact,random_tangent,metaphor_shift,fresh_metaphor_05,11,semantic_margin_delta,odd,0.9583333333333334,1,-0.14815582236145675,0.035453730008417214,0.3402075046016497,3,0.25,1.0,2,"28,29",0.9499999999999998,8,8
7,16,matched_betti,0.5,max_full_branch_node_speed,all_interior,coexact,coexact,random_tangent,ontology_collapse,fresh_ontology_01,11,semantic_margin_delta,odd,0.9583333333333334,1,0.08885782470409045,0.14125313124894812,0.923266041187999,3,0.25,1.0,2,"28,29",0.9499999999999998,8,8
7,16,matched_betti,0.5,max_full_branch_node_speed,all_interior,coexact,coexact,random_tangent,ontology_collapse,fresh_ontology_03,11,semantic_margin_delta,odd,0.9583333333333334,1,0.3016392850751594,0.0008745375467822135,0.004383261252326967,3,0.25,1.0,1,30,0.9375,8,8
7,16,matched_betti,0.5,max_full_branch_node_speed,all_interior,coexact,coexact,random_tangent,ontology_collapse,fresh_ontology_04,11,semantic_margin_delta,odd,0.9583333333333334,1,0.2533453869668218,0.0017953467076954623,0.010713253362203884,3,0.25,1.0,2,"30,31",0.953125,8,8
7,16,matched_betti,0.5,max_full_branch_node_speed,all_interior,coexact,coexact,random_tangent,ontology_collapse,fresh_ontology_05,11,semantic_margin_delta,odd,0.9583333333333334,1,0.08319351334704898,0.06251042496527053,0.7506053453511887,3,0.25,1.0,1,32,0.9696969696969697,8,8
