layer,k,complex_mode,betti_1_fraction_target,random_tangent_reference,token_selector,selector_component,component,baseline_component,family,prompt_id,position_bin,metric,contrast_type,position_bin_center,response_power,response_coefficient,response_rmse,relative_response_rmse,n_alpha_magnitudes,min_alpha_abs,max_alpha_abs,n_tokens,token_set,mean_position_frac,min_null_seeds,max_null_seeds
8,16,matched_betti,0.5,max_full_branch_node_speed,all_interior,coexact,coexact,random_tangent,identity_stress,fresh_identity_01,0,next_token_logprob_delta,even,0.041666666666666664,2,0.3833458516858538,0.01558659420619916,0.06803810341644087,3,0.25,1.0,2,"1,2",0.046875,8,8
8,16,matched_betti,0.5,max_full_branch_node_speed,all_interior,coexact,coexact,random_tangent,identity_stress,fresh_identity_02,0,next_token_logprob_delta,even,0.041666666666666664,2,-0.11166374371135007,0.003122696474949571,0.046853243809296084,3,0.25,1.0,2,"1,2",0.04838709677419354,8,8
8,16,matched_betti,0.5,max_full_branch_node_speed,all_interior,coexact,coexact,random_tangent,identity_stress,fresh_identity_03,0,next_token_logprob_delta,even,0.041666666666666664,2,-0.14085689948231367,0.006786560810592579,0.08054849904714273,3,0.25,1.0,2,"1,2",0.046875,8,8
8,16,matched_betti,0.5,max_full_branch_node_speed,all_interior,coexact,coexact,random_tangent,identity_stress,fresh_identity_04,0,next_token_logprob_delta,even,0.041666666666666664,2,-0.11589147278321464,0.00518339306524035,0.07480719210656704,3,0.25,1.0,2,"1,2",0.04838709677419354,8,8
8,16,matched_betti,0.5,max_full_branch_node_speed,all_interior,coexact,coexact,random_tangent,identity_stress,fresh_identity_05,0,next_token_logprob_delta,even,0.041666666666666664,2,0.20463093439098712,0.006316895378851075,0.05170711836564015,3,0.25,1.0,2,"1,2",0.05000000000000001,8,8
8,16,matched_betti,0.5,max_full_branch_node_speed,all_interior,coexact,coexact,random_tangent,literal_stable,fresh_literal_01,0,next_token_logprob_delta,even,0.041666666666666664,2,0.16628504920804626,0.012653183805600644,0.12660105028034793,3,0.25,1.0,2,"1,2",0.04838709677419354,8,8
8,16,matched_betti,0.5,max_full_branch_node_speed,all_interior,coexact,coexact,random_tangent,literal_stable,fresh_literal_02,0,next_token_logprob_delta,even,0.041666666666666664,2,0.3705004623912159,0.01986254714631005,0.08955644654236981,3,0.25,1.0,2,"1,2",0.05000000000000001,8,8
8,16,matched_betti,0.5,max_full_branch_node_speed,all_interior,coexact,coexact,random_tangent,literal_stable,fresh_literal_03,0,next_token_logprob_delta,even,0.041666666666666664,2,-0.24476588648324246,0.004946318223281429,0.03387514210280221,3,0.25,1.0,2,"1,2",0.04838709677419354,8,8
8,16,matched_betti,0.5,max_full_branch_node_speed,all_interior,coexact,coexact,random_tangent,literal_stable,fresh_literal_04,0,next_token_logprob_delta,even,0.041666666666666664,2,-0.14187040420004995,0.019984657083479056,0.22993694079626642,3,0.25,1.0,2,"1,2",0.04545454545454545,8,8
8,16,matched_betti,0.5,max_full_branch_node_speed,all_interior,coexact,coexact,random_tangent,literal_stable,fresh_literal_05,0,next_token_logprob_delta,even,0.041666666666666664,2,0.34689419065060306,0.006930496892338623,0.03349060085417577,3,0.25,1.0,2,"1,2",0.04545454545454545,8,8
8,16,matched_betti,0.5,max_full_branch_node_speed,all_interior,coexact,coexact,random_tangent,metaphor_shift,fresh_metaphor_01,0,next_token_logprob_delta,even,0.041666666666666664,2,-0.6533070535244763,0.06595188212151437,0.16694415852318714,3,0.25,1.0,2,"1,2",0.05000000000000001,8,8
8,16,matched_betti,0.5,max_full_branch_node_speed,all_interior,coexact,coexact,random_tangent,metaphor_shift,fresh_metaphor_02,0,next_token_logprob_delta,even,0.041666666666666664,2,-0.4662554830980916,0.003348355745825615,0.012044129761188507,3,0.25,1.0,2,"1,2",0.046875,8,8
8,16,matched_betti,0.5,max_full_branch_node_speed,all_interior,coexact,coexact,random_tangent,metaphor_shift,fresh_metaphor_03,0,next_token_logprob_delta,even,0.041666666666666664,2,0.28264265686973883,0.018554096608841032,0.10944219379537834,3,0.25,1.0,2,"1,2",0.046875,8,8
8,16,matched_betti,0.5,max_full_branch_node_speed,all_interior,coexact,coexact,random_tangent,metaphor_shift,fresh_metaphor_04,0,next_token_logprob_delta,even,0.041666666666666664,2,-0.15367491575574987,0.03875640929096568,0.3895794961691379,3,0.25,1.0,2,"1,2",0.04838709677419354,8,8
8,16,matched_betti,0.5,max_full_branch_node_speed,all_interior,coexact,coexact,random_tangent,metaphor_shift,fresh_metaphor_05,0,next_token_logprob_delta,even,0.041666666666666664,2,0.021622947215818037,0.04502405392847475,0.9613667371474762,3,0.25,1.0,2,"1,2",0.05000000000000001,8,8
8,16,matched_betti,0.5,max_full_branch_node_speed,all_interior,coexact,coexact,random_tangent,ontology_collapse,fresh_ontology_01,0,next_token_logprob_delta,even,0.041666666666666664,2,-0.17663038570799824,0.00932625874595905,0.08821549712311524,3,0.25,1.0,2,"1,2",0.05000000000000001,8,8
8,16,matched_betti,0.5,max_full_branch_node_speed,all_interior,coexact,coexact,random_tangent,ontology_collapse,fresh_ontology_02,0,next_token_logprob_delta,even,0.041666666666666664,2,-0.43118448055298997,0.018980156092641722,0.07363011886778388,3,0.25,1.0,2,"1,2",0.05000000000000001,8,8
8,16,matched_betti,0.5,max_full_branch_node_speed,all_interior,coexact,coexact,random_tangent,ontology_collapse,fresh_ontology_03,0,next_token_logprob_delta,even,0.041666666666666664,2,-0.09288533103677586,0.001205730579023099,0.021767047197618655,3,0.25,1.0,2,"1,2",0.046875,8,8
8,16,matched_betti,0.5,max_full_branch_node_speed,all_interior,coexact,coexact,random_tangent,ontology_collapse,fresh_ontology_04,0,next_token_logprob_delta,even,0.041666666666666664,2,0.2579175671769674,0.006290911096149596,0.04087603728149948,3,0.25,1.0,2,"1,2",0.046875,8,8
8,16,matched_betti,0.5,max_full_branch_node_speed,all_interior,coexact,coexact,random_tangent,ontology_collapse,fresh_ontology_05,0,next_token_logprob_delta,even,0.041666666666666664,2,0.2579230781059121,0.025432188164476507,0.16316733573942363,3,0.25,1.0,2,"1,2",0.04545454545454545,8,8
8,16,matched_betti,0.5,max_full_branch_node_speed,all_interior,coexact,coexact,random_tangent,identity_stress,fresh_identity_01,1,next_token_logprob_delta,even,0.125,2,-0.0875365736267138,0.019177244415882314,0.3449010835957588,3,0.25,1.0,3,"3,4,5",0.125,8,8
8,16,matched_betti,0.5,max_full_branch_node_speed,all_interior,coexact,coexact,random_tangent,identity_stress,fresh_identity_02,1,next_token_logprob_delta,even,0.125,2,0.05269509623288418,0.003026413892835527,0.09588523241336948,3,0.25,1.0,3,"3,4,5",0.12903225806451613,8,8
8,16,matched_betti,0.5,max_full_branch_node_speed,all_interior,coexact,coexact,random_tangent,identity_stress,fresh_identity_03,1,next_token_logprob_delta,even,0.125,2,-0.3257810756531565,0.01238697207352499,0.06364396659880117,3,0.25,1.0,3,"3,4,5",0.125,8,8
8,16,matched_betti,0.5,max_full_branch_node_speed,all_interior,coexact,coexact,random_tangent,identity_stress,fresh_identity_04,1,next_token_logprob_delta,even,0.125,2,-0.27178307405606483,0.005026228147383535,0.031003466308541627,3,0.25,1.0,3,"3,4,5",0.12903225806451613,8,8
8,16,matched_betti,0.5,max_full_branch_node_speed,all_interior,coexact,coexact,random_tangent,identity_stress,fresh_identity_05,1,next_token_logprob_delta,even,0.125,2,0.007727235448961544,0.005316531000897533,0.7557305673714866,3,0.25,1.0,2,"3,4",0.11666666666666665,8,8
8,16,matched_betti,0.5,max_full_branch_node_speed,all_interior,coexact,coexact,random_tangent,literal_stable,fresh_literal_01,1,next_token_logprob_delta,even,0.125,2,0.21835905469707506,0.0032865336891811916,0.025236424803329435,3,0.25,1.0,3,"3,4,5",0.12903225806451613,8,8
8,16,matched_betti,0.5,max_full_branch_node_speed,all_interior,coexact,coexact,random_tangent,literal_stable,fresh_literal_02,1,next_token_logprob_delta,even,0.125,2,0.1279572932538522,0.0023991837024652986,0.031432801674656986,3,0.25,1.0,2,"3,4",0.11666666666666665,8,8
8,16,matched_betti,0.5,max_full_branch_node_speed,all_interior,coexact,coexact,random_tangent,literal_stable,fresh_literal_03,1,next_token_logprob_delta,even,0.125,2,-0.1265237935512828,0.004727015901054922,0.0625407581113616,3,0.25,1.0,3,"3,4,5",0.12903225806451613,8,8
8,16,matched_betti,0.5,max_full_branch_node_speed,all_interior,coexact,coexact,random_tangent,literal_stable,fresh_literal_04,1,next_token_logprob_delta,even,0.125,2,-0.06765961734650042,0.005071230761373466,0.12473208128893727,3,0.25,1.0,3,"3,4,5",0.12121212121212122,8,8
8,16,matched_betti,0.5,max_full_branch_node_speed,all_interior,coexact,coexact,random_tangent,literal_stable,fresh_literal_05,1,next_token_logprob_delta,even,0.125,2,-0.2861640763740914,0.01069002624819545,0.06253341423584557,3,0.25,1.0,3,"3,4,5",0.12121212121212122,8,8
8,16,matched_betti,0.5,max_full_branch_node_speed,all_interior,coexact,coexact,random_tangent,metaphor_shift,fresh_metaphor_01,1,next_token_logprob_delta,even,0.125,2,0.40909776485923705,0.007465207704414261,0.030592203239999227,3,0.25,1.0,2,"3,4",0.11666666666666665,8,8
8,16,matched_betti,0.5,max_full_branch_node_speed,all_interior,coexact,coexact,random_tangent,metaphor_shift,fresh_metaphor_02,1,next_token_logprob_delta,even,0.125,2,0.1163518876763829,0.011989317556077177,0.17030564132065099,3,0.25,1.0,3,"3,4,5",0.125,8,8
8,16,matched_betti,0.5,max_full_branch_node_speed,all_interior,coexact,coexact,random_tangent,metaphor_shift,fresh_metaphor_03,1,next_token_logprob_delta,even,0.125,2,-0.011953106517845567,0.0007133400928711793,0.09959793401331236,3,0.25,1.0,3,"3,4,5",0.125,8,8
8,16,matched_betti,0.5,max_full_branch_node_speed,all_interior,coexact,coexact,random_tangent,metaphor_shift,fresh_metaphor_04,1,next_token_logprob_delta,even,0.125,2,0.11874582927515864,0.03439293570409433,0.43696036712305636,3,0.25,1.0,1,3,0.09677419354838708,8,8
8,16,matched_betti,0.5,max_full_branch_node_speed,all_interior,coexact,coexact,random_tangent,metaphor_shift,fresh_metaphor_05,1,next_token_logprob_delta,even,0.125,2,-0.16150463643938473,0.046375290971209474,0.43391402967568327,3,0.25,1.0,2,"3,4",0.11666666666666665,8,8
8,16,matched_betti,0.5,max_full_branch_node_speed,all_interior,coexact,coexact,random_tangent,ontology_collapse,fresh_ontology_01,1,next_token_logprob_delta,even,0.125,2,-0.4129337913952858,0.012406601124538286,0.050329306047922864,3,0.25,1.0,2,"3,4",0.11666666666666665,8,8
8,16,matched_betti,0.5,max_full_branch_node_speed,all_interior,coexact,coexact,random_tangent,ontology_collapse,fresh_ontology_02,1,next_token_logprob_delta,even,0.125,2,0.2656910395178511,0.017315198939007095,0.10866025985568602,3,0.25,1.0,2,"3,4",0.11666666666666665,8,8
8,16,matched_betti,0.5,max_full_branch_node_speed,all_interior,coexact,coexact,random_tangent,ontology_collapse,fresh_ontology_03,1,next_token_logprob_delta,even,0.125,2,0.09689000294025671,0.0028935206852858044,0.05002680616016495,3,0.25,1.0,3,"3,4,5",0.125,8,8
8,16,matched_betti,0.5,max_full_branch_node_speed,all_interior,coexact,coexact,random_tangent,ontology_collapse,fresh_ontology_04,1,next_token_logprob_delta,even,0.125,2,0.0805036871868847,0.010616929233525106,0.2159779550580074,3,0.25,1.0,3,"3,4,5",0.125,8,8
8,16,matched_betti,0.5,max_full_branch_node_speed,all_interior,coexact,coexact,random_tangent,ontology_collapse,fresh_ontology_05,1,next_token_logprob_delta,even,0.125,2,-0.1078239363028403,0.0037135338943814615,0.05766975470824406,3,0.25,1.0,3,"3,4,5",0.12121212121212122,8,8
8,16,matched_betti,0.5,max_full_branch_node_speed,all_interior,coexact,coexact,random_tangent,identity_stress,fresh_identity_01,2,next_token_logprob_delta,even,0.20833333333333334,2,0.031120697669234816,0.004893237828205237,0.2550033517057494,3,0.25,1.0,2,"6,7",0.203125,8,8
8,16,matched_betti,0.5,max_full_branch_node_speed,all_interior,coexact,coexact,random_tangent,identity_stress,fresh_identity_02,2,next_token_logprob_delta,even,0.20833333333333334,2,0.04841132720901245,0.015080342497266318,0.4630769053841857,3,0.25,1.0,2,"6,7",0.20967741935483866,8,8
8,16,matched_betti,0.5,max_full_branch_node_speed,all_interior,coexact,coexact,random_tangent,identity_stress,fresh_identity_03,2,next_token_logprob_delta,even,0.20833333333333334,2,-0.0063874452833328245,0.014921719028957215,0.968941505392667,3,0.25,1.0,2,"6,7",0.203125,8,8
8,16,matched_betti,0.5,max_full_branch_node_speed,all_interior,coexact,coexact,random_tangent,identity_stress,fresh_identity_04,2,next_token_logprob_delta,even,0.20833333333333334,2,0.07549094035322866,0.0007778807775447522,0.01728035414791349,3,0.25,1.0,2,"6,7",0.20967741935483866,8,8
8,16,matched_betti,0.5,max_full_branch_node_speed,all_interior,coexact,coexact,random_tangent,identity_stress,fresh_identity_05,2,next_token_logprob_delta,even,0.20833333333333334,2,0.12952943021807198,0.025778592860293194,0.31662856064302103,3,0.25,1.0,3,"5,6,7",0.19999999999999998,8,8
8,16,matched_betti,0.5,max_full_branch_node_speed,all_interior,coexact,coexact,random_tangent,literal_stable,fresh_literal_01,2,next_token_logprob_delta,even,0.20833333333333334,2,0.12677992811870276,0.00019049715832189685,0.00252020522546741,3,0.25,1.0,2,"6,7",0.20967741935483866,8,8
8,16,matched_betti,0.5,max_full_branch_node_speed,all_interior,coexact,coexact,random_tangent,literal_stable,fresh_literal_02,2,next_token_logprob_delta,even,0.20833333333333334,2,-0.10801486788882966,0.013297461145382595,0.2022172839588454,3,0.25,1.0,3,"5,6,7",0.19999999999999998,8,8
8,16,matched_betti,0.5,max_full_branch_node_speed,all_interior,coexact,coexact,random_tangent,literal_stable,fresh_literal_03,2,next_token_logprob_delta,even,0.20833333333333334,2,0.1081461807112931,0.007903678017514206,0.12166868676118033,3,0.25,1.0,2,"6,7",0.20967741935483866,8,8
8,16,matched_betti,0.5,max_full_branch_node_speed,all_interior,coexact,coexact,random_tangent,literal_stable,fresh_literal_04,2,next_token_logprob_delta,even,0.20833333333333334,2,0.047612153567801255,0.019278209669931535,0.5618135639676083,3,0.25,1.0,3,"6,7,8",0.21212121212121213,8,8
8,16,matched_betti,0.5,max_full_branch_node_speed,all_interior,coexact,coexact,random_tangent,literal_stable,fresh_literal_05,2,next_token_logprob_delta,even,0.20833333333333334,2,0.09205370357629325,0.017248649190860468,0.2998193517602416,3,0.25,1.0,3,"6,7,8",0.21212121212121213,8,8
8,16,matched_betti,0.5,max_full_branch_node_speed,all_interior,coexact,coexact,random_tangent,metaphor_shift,fresh_metaphor_01,2,next_token_logprob_delta,even,0.20833333333333334,2,-0.45757029830559953,0.003482853297164765,0.012765600617086356,3,0.25,1.0,2,"5,6",0.18333333333333335,8,8
8,16,matched_betti,0.5,max_full_branch_node_speed,all_interior,coexact,coexact,random_tangent,metaphor_shift,fresh_metaphor_02,2,next_token_logprob_delta,even,0.20833333333333334,2,-0.10465064408763344,0.027368673007721642,0.40169715168473313,3,0.25,1.0,1,7,0.21875,8,8
8,16,matched_betti,0.5,max_full_branch_node_speed,all_interior,coexact,coexact,random_tangent,metaphor_shift,fresh_metaphor_03,2,next_token_logprob_delta,even,0.20833333333333334,2,-0.03931072597522116,0.007368491248413607,0.29991592444924303,3,0.25,1.0,2,"6,7",0.203125,8,8
8,16,matched_betti,0.5,max_full_branch_node_speed,all_interior,coexact,coexact,random_tangent,metaphor_shift,fresh_metaphor_04,2,next_token_logprob_delta,even,0.20833333333333334,2,0.07959188432204022,0.003920518377042842,0.0823373423104685,3,0.25,1.0,2,"6,7",0.20967741935483866,8,8
8,16,matched_betti,0.5,max_full_branch_node_speed,all_interior,coexact,coexact,random_tangent,metaphor_shift,fresh_metaphor_05,2,next_token_logprob_delta,even,0.20833333333333334,2,0.11645563379719603,0.014419191702182652,0.2033344174375244,3,0.25,1.0,3,"5,6,7",0.19999999999999998,8,8
8,16,matched_betti,0.5,max_full_branch_node_speed,all_interior,coexact,coexact,random_tangent,ontology_collapse,fresh_ontology_01,2,next_token_logprob_delta,even,0.20833333333333334,2,-0.22654940763098602,0.02201475015971917,0.1608633149594301,3,0.25,1.0,3,"5,6,7",0.19999999999999998,8,8
8,16,matched_betti,0.5,max_full_branch_node_speed,all_interior,coexact,coexact,random_tangent,ontology_collapse,fresh_ontology_02,2,next_token_logprob_delta,even,0.20833333333333334,2,0.09906865590561932,0.009871610971138808,0.16484237146713637,3,0.25,1.0,3,"5,6,7",0.19999999999999998,8,8
8,16,matched_betti,0.5,max_full_branch_node_speed,all_interior,coexact,coexact,random_tangent,ontology_collapse,fresh_ontology_03,2,next_token_logprob_delta,even,0.20833333333333334,2,0.045051407945306564,0.00835841828533641,0.2971286102017509,3,0.25,1.0,2,"6,7",0.203125,8,8
8,16,matched_betti,0.5,max_full_branch_node_speed,all_interior,coexact,coexact,random_tangent,ontology_collapse,fresh_ontology_04,2,next_token_logprob_delta,even,0.20833333333333334,2,-0.07439506491857985,0.0029667541523740494,0.0667371134793595,3,0.25,1.0,2,"6,7",0.203125,8,8
8,16,matched_betti,0.5,max_full_branch_node_speed,all_interior,coexact,coexact,random_tangent,ontology_collapse,fresh_ontology_05,2,next_token_logprob_delta,even,0.20833333333333334,2,0.10240152671268467,0.0019427660979458678,0.031804868533036865,3,0.25,1.0,3,"6,7,8",0.21212121212121213,8,8
8,16,matched_betti,0.5,max_full_branch_node_speed,all_interior,coexact,coexact,random_tangent,identity_stress,fresh_identity_01,3,next_token_logprob_delta,even,0.2916666666666667,2,-0.05673027985660943,0.0037516792590612602,0.11024394495032341,3,0.25,1.0,3,"8,9,10",0.28125,8,8
8,16,matched_betti,0.5,max_full_branch_node_speed,all_interior,coexact,coexact,random_tangent,identity_stress,fresh_identity_02,3,next_token_logprob_delta,even,0.2916666666666667,2,-0.03171644938218974,0.0018889895537030443,0.09940039280134558,3,0.25,1.0,3,"8,9,10",0.2903225806451613,8,8
8,16,matched_betti,0.5,max_full_branch_node_speed,all_interior,coexact,coexact,random_tangent,identity_stress,fresh_identity_03,3,next_token_logprob_delta,even,0.2916666666666667,2,-0.1410039855401001,0.013909992212305891,0.1632412140592734,3,0.25,1.0,3,"8,9,10",0.28125,8,8
8,16,matched_betti,0.5,max_full_branch_node_speed,all_interior,coexact,coexact,random_tangent,identity_stress,fresh_identity_04,3,next_token_logprob_delta,even,0.2916666666666667,2,0.025770048395064953,0.015906132082603035,0.7192485333154932,3,0.25,1.0,3,"8,9,10",0.2903225806451613,8,8
8,16,matched_betti,0.5,max_full_branch_node_speed,all_interior,coexact,coexact,random_tangent,identity_stress,fresh_identity_05,3,next_token_logprob_delta,even,0.2916666666666667,2,-0.10593240802674822,0.000701340046085653,0.011103817229674035,3,0.25,1.0,2,"8,9",0.2833333333333333,8,8
8,16,matched_betti,0.5,max_full_branch_node_speed,all_interior,coexact,coexact,random_tangent,literal_stable,fresh_literal_01,3,next_token_logprob_delta,even,0.2916666666666667,2,0.1258258191393444,0.007956588199641191,0.10546961363575841,3,0.25,1.0,3,"8,9,10",0.2903225806451613,8,8
8,16,matched_betti,0.5,max_full_branch_node_speed,all_interior,coexact,coexact,random_tangent,literal_stable,fresh_literal_02,3,next_token_logprob_delta,even,0.2916666666666667,2,-0.022288064122864566,0.009419418936831368,0.5782950700441275,3,0.25,1.0,2,"8,9",0.2833333333333333,8,8
8,16,matched_betti,0.5,max_full_branch_node_speed,all_interior,coexact,coexact,random_tangent,literal_stable,fresh_literal_03,3,next_token_logprob_delta,even,0.2916666666666667,2,-0.11283841378475884,0.013597793494946024,0.19811442770244694,3,0.25,1.0,3,"8,9,10",0.2903225806451613,8,8
8,16,matched_betti,0.5,max_full_branch_node_speed,all_interior,coexact,coexact,random_tangent,literal_stable,fresh_literal_04,3,next_token_logprob_delta,even,0.2916666666666667,2,0.27164980217589013,0.0016296018631553706,0.010061191691919326,3,0.25,1.0,2,"9,10",0.28787878787878785,8,8
8,16,matched_betti,0.5,max_full_branch_node_speed,all_interior,coexact,coexact,random_tangent,literal_stable,fresh_literal_05,3,next_token_logprob_delta,even,0.2916666666666667,2,-0.18199204005735456,0.032988692770200514,0.2908805770694791,3,0.25,1.0,2,"9,10",0.28787878787878785,8,8
8,16,matched_betti,0.5,max_full_branch_node_speed,all_interior,coexact,coexact,random_tangent,metaphor_shift,fresh_metaphor_01,3,next_token_logprob_delta,even,0.2916666666666667,2,-0.3917718433100683,0.03754422996131647,0.15869760944460512,3,0.25,1.0,1,8,0.26666666666666666,8,8
8,16,matched_betti,0.5,max_full_branch_node_speed,all_interior,coexact,coexact,random_tangent,metaphor_shift,fresh_metaphor_02,3,next_token_logprob_delta,even,0.2916666666666667,2,0.028465137462434606,0.017567009110405284,0.719196723736146,3,0.25,1.0,3,"8,9,10",0.28125,8,8
8,16,matched_betti,0.5,max_full_branch_node_speed,all_interior,coexact,coexact,random_tangent,metaphor_shift,fresh_metaphor_03,3,next_token_logprob_delta,even,0.2916666666666667,2,-0.12176430294958387,0.019752385251362563,0.2625372836124881,3,0.25,1.0,3,"8,9,10",0.28125,8,8
8,16,matched_betti,0.5,max_full_branch_node_speed,all_interior,coexact,coexact,random_tangent,metaphor_shift,fresh_metaphor_04,3,next_token_logprob_delta,even,0.2916666666666667,2,-0.0943270937755962,0.0078117948745828674,0.13758271698907656,3,0.25,1.0,3,"8,9,10",0.2903225806451613,8,8
8,16,matched_betti,0.5,max_full_branch_node_speed,all_interior,coexact,coexact,random_tangent,metaphor_shift,fresh_metaphor_05,3,next_token_logprob_delta,even,0.2916666666666667,2,0.05307741575398997,0.0005814409208503576,0.018370535484626662,3,0.25,1.0,2,"8,9",0.2833333333333333,8,8
8,16,matched_betti,0.5,max_full_branch_node_speed,all_interior,coexact,coexact,random_tangent,ontology_collapse,fresh_ontology_01,3,next_token_logprob_delta,even,0.2916666666666667,2,0.1425321780905216,0.004162640601341509,0.04892545487405025,3,0.25,1.0,2,"8,9",0.2833333333333333,8,8
8,16,matched_betti,0.5,max_full_branch_node_speed,all_interior,coexact,coexact,random_tangent,ontology_collapse,fresh_ontology_02,3,next_token_logprob_delta,even,0.2916666666666667,2,0.3282929669324788,0.006329291519847017,0.032319591718437166,3,0.25,1.0,2,"8,9",0.2833333333333333,8,8
8,16,matched_betti,0.5,max_full_branch_node_speed,all_interior,coexact,coexact,random_tangent,ontology_collapse,fresh_ontology_03,3,next_token_logprob_delta,even,0.2916666666666667,2,-0.1642901237636309,0.01544464129698096,0.15575177985780989,3,0.25,1.0,3,"8,9,10",0.28125,8,8
8,16,matched_betti,0.5,max_full_branch_node_speed,all_interior,coexact,coexact,random_tangent,ontology_collapse,fresh_ontology_04,3,next_token_logprob_delta,even,0.2916666666666667,2,-0.2721237072309943,0.029260238642427393,0.1774844940341422,3,0.25,1.0,3,"8,9,10",0.28125,8,8
8,16,matched_betti,0.5,max_full_branch_node_speed,all_interior,coexact,coexact,random_tangent,ontology_collapse,fresh_ontology_05,3,next_token_logprob_delta,even,0.2916666666666667,2,-0.457679505822759,0.05057740538305081,0.1822466601318514,3,0.25,1.0,2,"9,10",0.28787878787878785,8,8
8,16,matched_betti,0.5,max_full_branch_node_speed,all_interior,coexact,coexact,random_tangent,identity_stress,fresh_identity_01,4,next_token_logprob_delta,even,0.375,2,-0.05699891073666893,0.0012580143372769711,0.03699311932757596,3,0.25,1.0,3,"11,12,13",0.375,8,8
8,16,matched_betti,0.5,max_full_branch_node_speed,all_interior,coexact,coexact,random_tangent,identity_stress,fresh_identity_02,4,next_token_logprob_delta,even,0.375,2,0.10815045025068784,0.011257131309748562,0.1719804825461117,3,0.25,1.0,2,"11,12",0.3709677419354838,8,8
8,16,matched_betti,0.5,max_full_branch_node_speed,all_interior,coexact,coexact,random_tangent,identity_stress,fresh_identity_03,4,next_token_logprob_delta,even,0.375,2,-0.05232350812107173,0.005618215752011485,0.17724323889232443,3,0.25,1.0,3,"11,12,13",0.375,8,8
8,16,matched_betti,0.5,max_full_branch_node_speed,all_interior,coexact,coexact,random_tangent,identity_stress,fresh_identity_04,4,next_token_logprob_delta,even,0.375,2,0.020542421650302116,0.0017672988869277533,0.14281792320767847,3,0.25,1.0,2,"11,12",0.3709677419354838,8,8
8,16,matched_betti,0.5,max_full_branch_node_speed,all_interior,coexact,coexact,random_tangent,identity_stress,fresh_identity_05,4,next_token_logprob_delta,even,0.375,2,0.012449436627488578,0.0035617798202908354,0.4326301862623099,3,0.25,1.0,3,"10,11,12",0.3666666666666667,8,8
8,16,matched_betti,0.5,max_full_branch_node_speed,all_interior,coexact,coexact,random_tangent,literal_stable,fresh_literal_01,4,next_token_logprob_delta,even,0.375,2,0.3608657829185347,0.010246378045898155,0.04756987602756173,3,0.25,1.0,1,11,0.3548387096774193,8,8
8,16,matched_betti,0.5,max_full_branch_node_speed,all_interior,coexact,coexact,random_tangent,literal_stable,fresh_literal_02,4,next_token_logprob_delta,even,0.375,2,-0.02598319850235159,0.015697896906503972,0.7117706185467222,3,0.25,1.0,2,"10,11",0.3499999999999999,8,8
8,16,matched_betti,0.5,max_full_branch_node_speed,all_interior,coexact,coexact,random_tangent,literal_stable,fresh_literal_03,4,next_token_logprob_delta,even,0.375,2,-0.017235417042235336,0.026153487686328324,0.9307348024073999,3,0.25,1.0,2,"11,12",0.3709677419354838,8,8
8,16,matched_betti,0.5,max_full_branch_node_speed,all_interior,coexact,coexact,random_tangent,literal_stable,fresh_literal_04,4,next_token_logprob_delta,even,0.375,2,0.09327491752942986,0.02117957843018452,0.35591017444260065,3,0.25,1.0,3,"11,12,13",0.3636363636363636,8,8
8,16,matched_betti,0.5,max_full_branch_node_speed,all_interior,coexact,coexact,random_tangent,literal_stable,fresh_literal_05,4,next_token_logprob_delta,even,0.375,2,-0.054045779683224986,0.016958263143040803,0.4657233143936575,3,0.25,1.0,3,"11,12,13",0.3636363636363636,8,8
8,16,matched_betti,0.5,max_full_branch_node_speed,all_interior,coexact,coexact,random_tangent,metaphor_shift,fresh_metaphor_01,4,next_token_logprob_delta,even,0.375,2,0.06890354207324993,0.0011551385435439102,0.028107368946614596,3,0.25,1.0,2,"11,12",0.3833333333333333,8,8
8,16,matched_betti,0.5,max_full_branch_node_speed,all_interior,coexact,coexact,random_tangent,metaphor_shift,fresh_metaphor_02,4,next_token_logprob_delta,even,0.375,2,0.11347881106884387,0.0032819287190243595,0.04845106193221766,3,0.25,1.0,3,"11,12,13",0.375,8,8
8,16,matched_betti,0.5,max_full_branch_node_speed,all_interior,coexact,coexact,random_tangent,metaphor_shift,fresh_metaphor_03,4,next_token_logprob_delta,even,0.375,2,-0.09290594656850304,0.011670630931760417,0.20616666064213873,3,0.25,1.0,3,"11,12,13",0.375,8,8
8,16,matched_betti,0.5,max_full_branch_node_speed,all_interior,coexact,coexact,random_tangent,metaphor_shift,fresh_metaphor_04,4,next_token_logprob_delta,even,0.375,2,0.7114882717321336,0.03575321996529168,0.08398651777571034,3,0.25,1.0,2,"11,12",0.3709677419354838,8,8
8,16,matched_betti,0.5,max_full_branch_node_speed,all_interior,coexact,coexact,random_tangent,metaphor_shift,fresh_metaphor_05,4,next_token_logprob_delta,even,0.375,2,-0.34142477502769153,0.03640103460451262,0.1760285048489588,3,0.25,1.0,3,"10,11,12",0.3666666666666667,8,8
8,16,matched_betti,0.5,max_full_branch_node_speed,all_interior,coexact,coexact,random_tangent,ontology_collapse,fresh_ontology_01,4,next_token_logprob_delta,even,0.375,2,0.1395614700002255,0.012921228898129284,0.15344874838690845,3,0.25,1.0,3,"10,11,12",0.3666666666666667,8,8
8,16,matched_betti,0.5,max_full_branch_node_speed,all_interior,coexact,coexact,random_tangent,ontology_collapse,fresh_ontology_02,4,next_token_logprob_delta,even,0.375,2,-0.31421109681770343,0.026498175459770776,0.1400529010345072,3,0.25,1.0,3,"10,11,12",0.3666666666666667,8,8
8,16,matched_betti,0.5,max_full_branch_node_speed,all_interior,coexact,coexact,random_tangent,ontology_collapse,fresh_ontology_03,4,next_token_logprob_delta,even,0.375,2,-0.06997557965934013,0.00893296817722114,0.20937016403034672,3,0.25,1.0,3,"11,12,13",0.375,8,8
8,16,matched_betti,0.5,max_full_branch_node_speed,all_interior,coexact,coexact,random_tangent,ontology_collapse,fresh_ontology_04,4,next_token_logprob_delta,even,0.375,2,-0.021510831188016714,0.001352180889434873,0.10485191529242935,3,0.25,1.0,3,"11,12,13",0.375,8,8
8,16,matched_betti,0.5,max_full_branch_node_speed,all_interior,coexact,coexact,random_tangent,ontology_collapse,fresh_ontology_05,4,next_token_logprob_delta,even,0.375,2,-0.35637372291243574,0.043456224023717786,0.20037664612854808,3,0.25,1.0,3,"11,12,13",0.3636363636363636,8,8
8,16,matched_betti,0.5,max_full_branch_node_speed,all_interior,coexact,coexact,random_tangent,identity_stress,fresh_identity_01,5,next_token_logprob_delta,even,0.4583333333333333,2,0.08946247454185004,0.004389468752744821,0.08201715444088463,3,0.25,1.0,2,"14,15",0.453125,8,8
8,16,matched_betti,0.5,max_full_branch_node_speed,all_interior,coexact,coexact,random_tangent,identity_stress,fresh_identity_02,5,next_token_logprob_delta,even,0.4583333333333333,2,0.06260835531732256,0.0028693797546438375,0.0766435629358406,3,0.25,1.0,3,"13,14,15",0.4516129032258065,8,8
8,16,matched_betti,0.5,max_full_branch_node_speed,all_interior,coexact,coexact,random_tangent,identity_stress,fresh_identity_03,5,next_token_logprob_delta,even,0.4583333333333333,2,0.17387289983297582,0.005537637526049271,0.0533424745193818,3,0.25,1.0,2,"14,15",0.453125,8,8
8,16,matched_betti,0.5,max_full_branch_node_speed,all_interior,coexact,coexact,random_tangent,identity_stress,fresh_identity_04,5,next_token_logprob_delta,even,0.4583333333333333,2,-0.1987858103761327,0.017109852965564932,0.1428831817760343,3,0.25,1.0,3,"13,14,15",0.4516129032258065,8,8
8,16,matched_betti,0.5,max_full_branch_node_speed,all_interior,coexact,coexact,random_tangent,identity_stress,fresh_identity_05,5,next_token_logprob_delta,even,0.4583333333333333,2,0.06652258582121764,0.0037777169061476413,0.0948196665320165,3,0.25,1.0,2,"13,14",0.45,8,8
8,16,matched_betti,0.5,max_full_branch_node_speed,all_interior,coexact,coexact,random_tangent,literal_stable,fresh_literal_01,5,next_token_logprob_delta,even,0.4583333333333333,2,0.19527339539604865,0.004845233332499773,0.0415810198050894,3,0.25,1.0,3,"13,14,15",0.4516129032258065,8,8
8,16,matched_betti,0.5,max_full_branch_node_speed,all_interior,coexact,coexact,random_tangent,literal_stable,fresh_literal_02,5,next_token_logprob_delta,even,0.4583333333333333,2,0.36285505479490926,0.029586307853422218,0.1354980563526856,3,0.25,1.0,2,"13,14",0.45,8,8
8,16,matched_betti,0.5,max_full_branch_node_speed,all_interior,coexact,coexact,random_tangent,literal_stable,fresh_literal_03,5,next_token_logprob_delta,even,0.4583333333333333,2,-0.09985431001716719,0.01235659385071088,0.2032229292834079,3,0.25,1.0,3,"13,14,15",0.4516129032258065,8,8
8,16,matched_betti,0.5,max_full_branch_node_speed,all_interior,coexact,coexact,random_tangent,literal_stable,fresh_literal_04,5,next_token_logprob_delta,even,0.4583333333333333,2,0.003428515728415793,0.005032671754855364,0.9264922961743332,3,0.25,1.0,2,"15,16",0.4696969696969697,8,8
8,16,matched_betti,0.5,max_full_branch_node_speed,all_interior,coexact,coexact,random_tangent,literal_stable,fresh_literal_05,5,next_token_logprob_delta,even,0.4583333333333333,2,-0.0433811644433117,0.00423244402579762,0.16149200293085988,3,0.25,1.0,2,"14,15",0.4393939393939394,8,8
8,16,matched_betti,0.5,max_full_branch_node_speed,all_interior,coexact,coexact,random_tangent,metaphor_shift,fresh_metaphor_01,5,next_token_logprob_delta,even,0.4583333333333333,2,0.08991550890684577,0.005123013002082521,0.0951296905198312,3,0.25,1.0,2,"13,14",0.45,8,8
8,16,matched_betti,0.5,max_full_branch_node_speed,all_interior,coexact,coexact,random_tangent,metaphor_shift,fresh_metaphor_02,5,next_token_logprob_delta,even,0.4583333333333333,2,-0.04927002746737472,0.02010714623585222,0.5648408216400582,3,0.25,1.0,2,"14,15",0.453125,8,8
8,16,matched_betti,0.5,max_full_branch_node_speed,all_interior,coexact,coexact,random_tangent,metaphor_shift,fresh_metaphor_03,5,next_token_logprob_delta,even,0.4583333333333333,2,-0.6347729672024122,0.030595807837839942,0.08058017706637609,3,0.25,1.0,2,"14,15",0.453125,8,8
8,16,matched_betti,0.5,max_full_branch_node_speed,all_interior,coexact,coexact,random_tangent,metaphor_shift,fresh_metaphor_04,5,next_token_logprob_delta,even,0.4583333333333333,2,-0.015520674692638821,0.0014627801363620103,0.15613788968470133,3,0.25,1.0,3,"13,14,15",0.4516129032258065,8,8
8,16,matched_betti,0.5,max_full_branch_node_speed,all_interior,coexact,coexact,random_tangent,metaphor_shift,fresh_metaphor_05,5,next_token_logprob_delta,even,0.4583333333333333,2,0.15378907660428498,0.012072264503968472,0.13053607075905133,3,0.25,1.0,2,"13,14",0.45,8,8
8,16,matched_betti,0.5,max_full_branch_node_speed,all_interior,coexact,coexact,random_tangent,ontology_collapse,fresh_ontology_01,5,next_token_logprob_delta,even,0.4583333333333333,2,-0.08689846444461195,0.01220319938045828,0.2292642149988407,3,0.25,1.0,2,"13,14",0.45,8,8
8,16,matched_betti,0.5,max_full_branch_node_speed,all_interior,coexact,coexact,random_tangent,ontology_collapse,fresh_ontology_02,5,next_token_logprob_delta,even,0.4583333333333333,2,-0.003352650239190465,0.0012483040267980705,0.5296930322398438,3,0.25,1.0,2,"13,14",0.45,8,8
8,16,matched_betti,0.5,max_full_branch_node_speed,all_interior,coexact,coexact,random_tangent,ontology_collapse,fresh_ontology_03,5,next_token_logprob_delta,even,0.4583333333333333,2,-0.008550595793060079,0.006045901633458374,0.7644947215570627,3,0.25,1.0,2,"14,15",0.453125,8,8
8,16,matched_betti,0.5,max_full_branch_node_speed,all_interior,coexact,coexact,random_tangent,ontology_collapse,fresh_ontology_04,5,next_token_logprob_delta,even,0.4583333333333333,2,-0.10193429156487097,0.005231747229835404,0.08576744634208872,3,0.25,1.0,1,15,0.46875,8,8
8,16,matched_betti,0.5,max_full_branch_node_speed,all_interior,coexact,coexact,random_tangent,ontology_collapse,fresh_ontology_05,5,next_token_logprob_delta,even,0.4583333333333333,2,0.032754232216644315,0.0024594165196204676,0.1249530397201806,3,0.25,1.0,3,"14,15,16",0.4545454545454546,8,8
8,16,matched_betti,0.5,max_full_branch_node_speed,all_interior,coexact,coexact,random_tangent,identity_stress,fresh_identity_01,6,next_token_logprob_delta,even,0.5416666666666666,2,0.06821999973389822,0.006436499475491304,0.1563026756544595,3,0.25,1.0,3,"16,17,18",0.53125,8,8
8,16,matched_betti,0.5,max_full_branch_node_speed,all_interior,coexact,coexact,random_tangent,identity_stress,fresh_identity_02,6,next_token_logprob_delta,even,0.5416666666666666,2,-0.14905655390297756,0.005198878775533742,0.058400428094278464,3,0.25,1.0,3,"16,17,18",0.5483870967741935,8,8
8,16,matched_betti,0.5,max_full_branch_node_speed,all_interior,coexact,coexact,random_tangent,identity_stress,fresh_identity_03,6,next_token_logprob_delta,even,0.5416666666666666,2,-0.00517845883863718,0.005413498836972255,0.8686554015589227,3,0.25,1.0,3,"16,17,18",0.53125,8,8
8,16,matched_betti,0.5,max_full_branch_node_speed,all_interior,coexact,coexact,random_tangent,identity_stress,fresh_identity_04,6,next_token_logprob_delta,even,0.5416666666666666,2,-0.061590916951592176,0.00047577652228677716,0.012955350732568215,3,0.25,1.0,3,"16,17,18",0.5483870967741935,8,8
8,16,matched_betti,0.5,max_full_branch_node_speed,all_interior,coexact,coexact,random_tangent,identity_stress,fresh_identity_05,6,next_token_logprob_delta,even,0.5416666666666666,2,-0.09028405072114716,0.001529973623054336,0.028411674919117173,3,0.25,1.0,3,"15,16,17",0.5333333333333333,8,8
8,16,matched_betti,0.5,max_full_branch_node_speed,all_interior,coexact,coexact,random_tangent,literal_stable,fresh_literal_01,6,next_token_logprob_delta,even,0.5416666666666666,2,0.05015626520717534,0.010302934403860877,0.3257445707037027,3,0.25,1.0,3,"16,17,18",0.5483870967741935,8,8
8,16,matched_betti,0.5,max_full_branch_node_speed,all_interior,coexact,coexact,random_tangent,literal_stable,fresh_literal_02,6,next_token_logprob_delta,even,0.5416666666666666,2,-0.1888978502917341,0.00843383731209814,0.07467636446896342,3,0.25,1.0,3,"15,16,17",0.5333333333333333,8,8
8,16,matched_betti,0.5,max_full_branch_node_speed,all_interior,coexact,coexact,random_tangent,literal_stable,fresh_literal_03,6,next_token_logprob_delta,even,0.5416666666666666,2,-0.22344669067801776,0.017279787057669634,0.1286295843478751,3,0.25,1.0,3,"16,17,18",0.5483870967741935,8,8
8,16,matched_betti,0.5,max_full_branch_node_speed,all_interior,coexact,coexact,random_tangent,literal_stable,fresh_literal_04,6,next_token_logprob_delta,even,0.5416666666666666,2,0.021427222198532565,0.004668505675644261,0.34323551421902704,3,0.25,1.0,3,"17,18,19",0.5454545454545454,8,8
8,16,matched_betti,0.5,max_full_branch_node_speed,all_interior,coexact,coexact,random_tangent,literal_stable,fresh_literal_05,6,next_token_logprob_delta,even,0.5416666666666666,2,0.1065674030642517,0.02214253118123573,0.3290878451715048,3,0.25,1.0,3,"17,18,19",0.5454545454545454,8,8
8,16,matched_betti,0.5,max_full_branch_node_speed,all_interior,coexact,coexact,random_tangent,metaphor_shift,fresh_metaphor_01,6,next_token_logprob_delta,even,0.5416666666666666,2,-0.08010816911014022,0.018858633233811817,0.36725799861822467,3,0.25,1.0,3,"15,16,17",0.5333333333333333,8,8
8,16,matched_betti,0.5,max_full_branch_node_speed,all_interior,coexact,coexact,random_tangent,metaphor_shift,fresh_metaphor_02,6,next_token_logprob_delta,even,0.5416666666666666,2,-0.39700234816698304,0.00848840295390315,0.03583877129708047,3,0.25,1.0,3,"16,17,18",0.53125,8,8
8,16,matched_betti,0.5,max_full_branch_node_speed,all_interior,coexact,coexact,random_tangent,metaphor_shift,fresh_metaphor_03,6,next_token_logprob_delta,even,0.5416666666666666,2,-0.12998394206885497,0.001576902333165806,0.020343444675007535,3,0.25,1.0,3,"16,17,18",0.53125,8,8
8,16,matched_betti,0.5,max_full_branch_node_speed,all_interior,coexact,coexact,random_tangent,metaphor_shift,fresh_metaphor_04,6,next_token_logprob_delta,even,0.5416666666666666,2,0.009237038795339304,0.009521565091413215,0.8656332363693097,3,0.25,1.0,3,"16,17,18",0.5483870967741935,8,8
8,16,matched_betti,0.5,max_full_branch_node_speed,all_interior,coexact,coexact,random_tangent,metaphor_shift,fresh_metaphor_05,6,next_token_logprob_delta,even,0.5416666666666666,2,-0.052190841701488945,0.014516669954048829,0.4227776936455569,3,0.25,1.0,3,"15,16,17",0.5333333333333333,8,8
8,16,matched_betti,0.5,max_full_branch_node_speed,all_interior,coexact,coexact,random_tangent,ontology_collapse,fresh_ontology_01,6,next_token_logprob_delta,even,0.5416666666666666,2,-0.12887767839264147,0.01286816634273822,0.16517027767667278,3,0.25,1.0,3,"15,16,17",0.5333333333333333,8,8
8,16,matched_betti,0.5,max_full_branch_node_speed,all_interior,coexact,coexact,random_tangent,ontology_collapse,fresh_ontology_02,6,next_token_logprob_delta,even,0.5416666666666666,2,-0.3946024419837866,0.011400776734932007,0.04840214811862382,3,0.25,1.0,3,"15,16,17",0.5333333333333333,8,8
8,16,matched_betti,0.5,max_full_branch_node_speed,all_interior,coexact,coexact,random_tangent,ontology_collapse,fresh_ontology_03,6,next_token_logprob_delta,even,0.5416666666666666,2,-0.018000396675819326,0.0071932311755458535,0.5567631027763923,3,0.25,1.0,3,"16,17,18",0.53125,8,8
8,16,matched_betti,0.5,max_full_branch_node_speed,all_interior,coexact,coexact,random_tangent,ontology_collapse,fresh_ontology_04,6,next_token_logprob_delta,even,0.5416666666666666,2,0.036387238408991676,0.005280036660095324,0.2364781844735919,3,0.25,1.0,2,"16,17",0.515625,8,8
8,16,matched_betti,0.5,max_full_branch_node_speed,all_interior,coexact,coexact,random_tangent,ontology_collapse,fresh_ontology_05,6,next_token_logprob_delta,even,0.5416666666666666,2,-0.1171654445617938,0.004982145937874011,0.07114009372518,3,0.25,1.0,3,"17,18,19",0.5454545454545454,8,8
8,16,matched_betti,0.5,max_full_branch_node_speed,all_interior,coexact,coexact,random_tangent,identity_stress,fresh_identity_01,7,next_token_logprob_delta,even,0.625,2,-0.006022904260648262,0.014928188714196116,0.9722665319550617,3,0.25,1.0,3,"19,20,21",0.625,8,8
8,16,matched_betti,0.5,max_full_branch_node_speed,all_interior,coexact,coexact,random_tangent,identity_stress,fresh_identity_02,7,next_token_logprob_delta,even,0.625,2,-0.06426651142242298,0.01707260517480025,0.40699557732361097,3,0.25,1.0,2,"19,20",0.6290322580645161,8,8
8,16,matched_betti,0.5,max_full_branch_node_speed,all_interior,coexact,coexact,random_tangent,identity_stress,fresh_identity_03,7,next_token_logprob_delta,even,0.625,2,-0.35809315010487575,0.04239215033153983,0.19475653161393164,3,0.25,1.0,3,"19,20,21",0.625,8,8
8,16,matched_betti,0.5,max_full_branch_node_speed,all_interior,coexact,coexact,random_tangent,identity_stress,fresh_identity_04,7,next_token_logprob_delta,even,0.625,2,-0.19775183071241514,0.033888748396062665,0.276246581934159,3,0.25,1.0,2,"19,20",0.6290322580645161,8,8
8,16,matched_betti,0.5,max_full_branch_node_speed,all_interior,coexact,coexact,random_tangent,identity_stress,fresh_identity_05,7,next_token_logprob_delta,even,0.625,2,0.08663754225447153,0.002713872179836441,0.052466727148408485,3,0.25,1.0,2,"18,19",0.6166666666666667,8,8
8,16,matched_betti,0.5,max_full_branch_node_speed,all_interior,coexact,coexact,random_tangent,literal_stable,fresh_literal_01,7,next_token_logprob_delta,even,0.625,2,-0.1179925469619774,0.009420656450399127,0.13272914311632708,3,0.25,1.0,2,"19,20",0.6290322580645161,8,8
8,16,matched_betti,0.5,max_full_branch_node_speed,all_interior,coexact,coexact,random_tangent,literal_stable,fresh_literal_02,7,next_token_logprob_delta,even,0.625,2,-0.2534555864319765,0.04478943731400288,0.2841766196848378,3,0.25,1.0,2,"18,19",0.6166666666666667,8,8
8,16,matched_betti,0.5,max_full_branch_node_speed,all_interior,coexact,coexact,random_tangent,literal_stable,fresh_literal_03,7,next_token_logprob_delta,even,0.625,2,0.023529132063074297,0.008869715303346046,0.5344108925552606,3,0.25,1.0,2,"19,20",0.6290322580645161,8,8
8,16,matched_betti,0.5,max_full_branch_node_speed,all_interior,coexact,coexact,random_tangent,literal_stable,fresh_literal_04,7,next_token_logprob_delta,even,0.625,2,-0.6119709334766232,0.019512786048974093,0.05340323988779611,3,0.25,1.0,2,"20,21",0.6212121212121212,8,8
8,16,matched_betti,0.5,max_full_branch_node_speed,all_interior,coexact,coexact,random_tangent,literal_stable,fresh_literal_05,7,next_token_logprob_delta,even,0.625,2,-0.1747393167550165,0.004986562010080261,0.04780936418439253,3,0.25,1.0,2,"20,21",0.6212121212121212,8,8
8,16,matched_betti,0.5,max_full_branch_node_speed,all_interior,coexact,coexact,random_tangent,metaphor_shift,fresh_metaphor_01,7,next_token_logprob_delta,even,0.625,2,-0.11065697337427029,0.0030510576760761,0.04619628033960694,3,0.25,1.0,2,"18,19",0.6166666666666667,8,8
8,16,matched_betti,0.5,max_full_branch_node_speed,all_interior,coexact,coexact,random_tangent,metaphor_shift,fresh_metaphor_02,7,next_token_logprob_delta,even,0.625,2,0.1072671739005485,0.0036815755653446815,0.057470868979268265,3,0.25,1.0,2,"19,21",0.625,8,8
8,16,matched_betti,0.5,max_full_branch_node_speed,all_interior,coexact,coexact,random_tangent,metaphor_shift,fresh_metaphor_03,7,next_token_logprob_delta,even,0.625,2,-0.007998402333153035,0.007698564926197649,0.8501185750389457,3,0.25,1.0,3,"19,20,21",0.625,8,8
8,16,matched_betti,0.5,max_full_branch_node_speed,all_interior,coexact,coexact,random_tangent,metaphor_shift,fresh_metaphor_04,7,next_token_logprob_delta,even,0.625,2,-0.056641734045578644,0.004694564978230047,0.1376898078741818,3,0.25,1.0,2,"19,20",0.6290322580645161,8,8
8,16,matched_betti,0.5,max_full_branch_node_speed,all_interior,coexact,coexact,random_tangent,metaphor_shift,fresh_metaphor_05,7,next_token_logprob_delta,even,0.625,2,-0.2589687720447276,0.0027649035267160935,0.01790450213205542,3,0.25,1.0,2,"18,19",0.6166666666666667,8,8
8,16,matched_betti,0.5,max_full_branch_node_speed,all_interior,coexact,coexact,random_tangent,ontology_collapse,fresh_ontology_01,7,next_token_logprob_delta,even,0.625,2,0.014445315704129616,0.0001880094235322966,0.021824706435634705,3,0.25,1.0,2,"18,19",0.6166666666666667,8,8
8,16,matched_betti,0.5,max_full_branch_node_speed,all_interior,coexact,coexact,random_tangent,ontology_collapse,fresh_ontology_02,7,next_token_logprob_delta,even,0.625,2,-0.2644641823916041,0.032147480324876854,0.19977243239607456,3,0.25,1.0,2,"18,19",0.6166666666666667,8,8
8,16,matched_betti,0.5,max_full_branch_node_speed,all_interior,coexact,coexact,random_tangent,ontology_collapse,fresh_ontology_03,7,next_token_logprob_delta,even,0.625,2,-0.1649265897665669,0.03985973781918713,0.3756705687734374,3,0.25,1.0,2,"19,21",0.625,8,8
8,16,matched_betti,0.5,max_full_branch_node_speed,all_interior,coexact,coexact,random_tangent,ontology_collapse,fresh_ontology_04,7,next_token_logprob_delta,even,0.625,2,0.13099618163036958,0.004684787304596422,0.05987570424359199,3,0.25,1.0,3,"19,20,21",0.625,8,8
8,16,matched_betti,0.5,max_full_branch_node_speed,all_interior,coexact,coexact,random_tangent,ontology_collapse,fresh_ontology_05,7,next_token_logprob_delta,even,0.625,2,-0.26029255323441564,0.0014653688409926383,0.009442024776952128,3,0.25,1.0,2,"20,21",0.6212121212121212,8,8
8,16,matched_betti,0.5,max_full_branch_node_speed,all_interior,coexact,coexact,random_tangent,identity_stress,fresh_identity_01,8,next_token_logprob_delta,even,0.7083333333333334,2,-0.04264710173889616,0.01903810920854001,0.5993565432117655,3,0.25,1.0,2,"22,23",0.703125,8,8
8,16,matched_betti,0.5,max_full_branch_node_speed,all_interior,coexact,coexact,random_tangent,identity_stress,fresh_identity_02,8,next_token_logprob_delta,even,0.7083333333333334,2,-0.24127844488274663,0.012562154689514519,0.08699519027977964,3,0.25,1.0,3,"21,22,23",0.7096774193548386,8,8
8,16,matched_betti,0.5,max_full_branch_node_speed,all_interior,coexact,coexact,random_tangent,identity_stress,fresh_identity_03,8,next_token_logprob_delta,even,0.7083333333333334,2,0.048290923742046306,0.02743237647047078,0.6898104613541253,3,0.25,1.0,2,"22,23",0.703125,8,8
8,16,matched_betti,0.5,max_full_branch_node_speed,all_interior,coexact,coexact,random_tangent,identity_stress,fresh_identity_04,8,next_token_logprob_delta,even,0.7083333333333334,2,-0.35412939754317274,0.03384356578322162,0.1582721762140496,3,0.25,1.0,3,"21,22,23",0.7096774193548386,8,8
8,16,matched_betti,0.5,max_full_branch_node_speed,all_interior,coexact,coexact,random_tangent,identity_stress,fresh_identity_05,8,next_token_logprob_delta,even,0.7083333333333334,2,0.2899653913468438,0.058440026497262154,0.320234834014369,3,0.25,1.0,2,"20,21",0.6833333333333332,8,8
8,16,matched_betti,0.5,max_full_branch_node_speed,all_interior,coexact,coexact,random_tangent,literal_stable,fresh_literal_01,8,next_token_logprob_delta,even,0.7083333333333334,2,0.031790751917110394,0.010243419986000687,0.47544517741404835,3,0.25,1.0,2,"22,23",0.7258064516129034,8,8
8,16,matched_betti,0.5,max_full_branch_node_speed,all_interior,coexact,coexact,random_tangent,literal_stable,fresh_literal_02,8,next_token_logprob_delta,even,0.7083333333333334,2,0.13023171920551005,0.005412146875023845,0.0695343864129539,3,0.25,1.0,3,"20,21,22",0.6999999999999998,8,8
8,16,matched_betti,0.5,max_full_branch_node_speed,all_interior,coexact,coexact,random_tangent,literal_stable,fresh_literal_03,8,next_token_logprob_delta,even,0.7083333333333334,2,-0.11355266684845504,0.01424378421577931,0.20588376222468305,3,0.25,1.0,3,"21,22,23",0.7096774193548386,8,8
8,16,matched_betti,0.5,max_full_branch_node_speed,all_interior,coexact,coexact,random_tangent,literal_stable,fresh_literal_04,8,next_token_logprob_delta,even,0.7083333333333334,2,0.020868077665147658,0.0025898328854277873,0.2037877033527789,3,0.25,1.0,3,"22,23,24",0.6969696969696969,8,8
8,16,matched_betti,0.5,max_full_branch_node_speed,all_interior,coexact,coexact,random_tangent,literal_stable,fresh_literal_05,8,next_token_logprob_delta,even,0.7083333333333334,2,0.24750492568144736,0.0018910687231875282,0.012814070035342328,3,0.25,1.0,3,"22,23,24",0.6969696969696969,8,8
8,16,matched_betti,0.5,max_full_branch_node_speed,all_interior,coexact,coexact,random_tangent,metaphor_shift,fresh_metaphor_01,8,next_token_logprob_delta,even,0.7083333333333334,2,-0.02547954753541313,0.008414055662479611,0.4845201566785066,3,0.25,1.0,3,"20,21,22",0.6999999999999998,8,8
8,16,matched_betti,0.5,max_full_branch_node_speed,all_interior,coexact,coexact,random_tangent,metaphor_shift,fresh_metaphor_02,8,next_token_logprob_delta,even,0.7083333333333334,2,0.17599815282653417,0.005121080100983655,0.04874568290645044,3,0.25,1.0,2,"22,23",0.703125,8,8
8,16,matched_betti,0.5,max_full_branch_node_speed,all_interior,coexact,coexact,random_tangent,metaphor_shift,fresh_metaphor_03,8,next_token_logprob_delta,even,0.7083333333333334,2,0.20285559704405626,0.0023357217759845676,0.01930867302683832,3,0.25,1.0,2,"22,23",0.703125,8,8
8,16,matched_betti,0.5,max_full_branch_node_speed,all_interior,coexact,coexact,random_tangent,metaphor_shift,fresh_metaphor_04,8,next_token_logprob_delta,even,0.7083333333333334,2,0.0908599548694904,0.016453710412167907,0.290622319585802,3,0.25,1.0,3,"21,22,23",0.7096774193548386,8,8
8,16,matched_betti,0.5,max_full_branch_node_speed,all_interior,coexact,coexact,random_tangent,metaphor_shift,fresh_metaphor_05,8,next_token_logprob_delta,even,0.7083333333333334,2,0.14644491077092622,0.012774646620233905,0.14476866417169706,3,0.25,1.0,3,"20,21,22",0.6999999999999998,8,8
8,16,matched_betti,0.5,max_full_branch_node_speed,all_interior,coexact,coexact,random_tangent,ontology_collapse,fresh_ontology_01,8,next_token_logprob_delta,even,0.7083333333333334,2,-0.12601185820791713,0.0013205192188358483,0.017573793673726325,3,0.25,1.0,2,"20,21",0.6833333333333332,8,8
8,16,matched_betti,0.5,max_full_branch_node_speed,all_interior,coexact,coexact,random_tangent,ontology_collapse,fresh_ontology_02,8,next_token_logprob_delta,even,0.7083333333333334,2,-0.0624753466444617,0.016295196265760686,0.40079726068334376,3,0.25,1.0,3,"20,21,22",0.6999999999999998,8,8
8,16,matched_betti,0.5,max_full_branch_node_speed,all_interior,coexact,coexact,random_tangent,ontology_collapse,fresh_ontology_03,8,next_token_logprob_delta,even,0.7083333333333334,2,-0.38721222120509274,0.05280086846797396,0.2229561726096213,3,0.25,1.0,2,"22,23",0.703125,8,8
8,16,matched_betti,0.5,max_full_branch_node_speed,all_interior,coexact,coexact,random_tangent,ontology_collapse,fresh_ontology_04,8,next_token_logprob_delta,even,0.7083333333333334,2,-0.10232379535394645,0.02449573680961721,0.3726107554033809,3,0.25,1.0,1,22,0.6875,8,8
8,16,matched_betti,0.5,max_full_branch_node_speed,all_interior,coexact,coexact,random_tangent,ontology_collapse,fresh_ontology_05,8,next_token_logprob_delta,even,0.7083333333333334,2,-0.20834057745786538,0.03383125429536852,0.26278766985505264,3,0.25,1.0,3,"22,23,24",0.6969696969696969,8,8
8,16,matched_betti,0.5,max_full_branch_node_speed,all_interior,coexact,coexact,random_tangent,identity_stress,fresh_identity_01,9,next_token_logprob_delta,even,0.7916666666666666,2,-0.023324468165673514,0.005408173071087079,0.3624553830112658,3,0.25,1.0,2,"24,25",0.765625,8,8
8,16,matched_betti,0.5,max_full_branch_node_speed,all_interior,coexact,coexact,random_tangent,identity_stress,fresh_identity_03,9,next_token_logprob_delta,even,0.7916666666666666,2,-0.022501284370079127,0.022398279212853627,0.8578886153952281,3,0.25,1.0,3,"24,25,26",0.78125,8,8
8,16,matched_betti,0.5,max_full_branch_node_speed,all_interior,coexact,coexact,random_tangent,identity_stress,fresh_identity_04,9,next_token_logprob_delta,even,0.7916666666666666,2,-0.6955347848555204,0.09520603160711788,0.22376419821605562,3,0.25,1.0,1,24,0.7741935483870966,8,8
8,16,matched_betti,0.5,max_full_branch_node_speed,all_interior,coexact,coexact,random_tangent,identity_stress,fresh_identity_05,9,next_token_logprob_delta,even,0.7916666666666666,2,-0.33102640913669784,0.01657590903181763,0.08369271273959424,3,0.25,1.0,1,23,0.7666666666666667,8,8
8,16,matched_betti,0.5,max_full_branch_node_speed,all_interior,coexact,coexact,random_tangent,literal_stable,fresh_literal_01,9,next_token_logprob_delta,even,0.7916666666666666,2,-0.6833740152923543,0.009540118477201515,0.023408607100434242,3,0.25,1.0,2,"24,25",0.7903225806451614,8,8
8,16,matched_betti,0.5,max_full_branch_node_speed,all_interior,coexact,coexact,random_tangent,literal_stable,fresh_literal_02,9,next_token_logprob_delta,even,0.7916666666666666,2,-0.18955912555108306,0.04864530721554854,0.39535568676659916,3,0.25,1.0,2,"23,24",0.7833333333333335,8,8
8,16,matched_betti,0.5,max_full_branch_node_speed,all_interior,coexact,coexact,random_tangent,literal_stable,fresh_literal_03,9,next_token_logprob_delta,even,0.7916666666666666,2,0.021668028650955354,0.005839442251537748,0.41188977810154354,3,0.25,1.0,2,"24,25",0.7903225806451614,8,8
8,16,matched_betti,0.5,max_full_branch_node_speed,all_interior,coexact,coexact,random_tangent,literal_stable,fresh_literal_04,9,next_token_logprob_delta,even,0.7916666666666666,2,0.07269663004233104,0.007509409597482293,0.1707137081603807,3,0.25,1.0,3,"25,26,27",0.787878787878788,8,8
8,16,matched_betti,0.5,max_full_branch_node_speed,all_interior,coexact,coexact,random_tangent,literal_stable,fresh_literal_05,9,next_token_logprob_delta,even,0.7916666666666666,2,-0.15545536272804936,0.008675493804705935,0.0931952001219367,3,0.25,1.0,3,"25,26,27",0.787878787878788,8,8
8,16,matched_betti,0.5,max_full_branch_node_speed,all_interior,coexact,coexact,random_tangent,metaphor_shift,fresh_metaphor_01,9,next_token_logprob_delta,even,0.7916666666666666,2,-0.3985365725740481,0.030492601074912425,0.12728541361943735,3,0.25,1.0,2,"23,24",0.7833333333333335,8,8
8,16,matched_betti,0.5,max_full_branch_node_speed,all_interior,coexact,coexact,random_tangent,metaphor_shift,fresh_metaphor_02,9,next_token_logprob_delta,even,0.7916666666666666,2,0.3479519118300834,0.06446510667360969,0.2967481531925446,3,0.25,1.0,3,"24,25,26",0.78125,8,8
8,16,matched_betti,0.5,max_full_branch_node_speed,all_interior,coexact,coexact,random_tangent,metaphor_shift,fresh_metaphor_03,9,next_token_logprob_delta,even,0.7916666666666666,2,-0.04538517011319398,0.006144675698393474,0.22144500677047405,3,0.25,1.0,2,"25,26",0.796875,8,8
8,16,matched_betti,0.5,max_full_branch_node_speed,all_interior,coexact,coexact,random_tangent,metaphor_shift,fresh_metaphor_04,9,next_token_logprob_delta,even,0.7916666666666666,2,0.6251713246290277,0.05685244825091748,0.15078404747567328,3,0.25,1.0,2,"24,25",0.7903225806451614,8,8
8,16,matched_betti,0.5,max_full_branch_node_speed,all_interior,coexact,coexact,random_tangent,metaphor_shift,fresh_metaphor_05,9,next_token_logprob_delta,even,0.7916666666666666,2,-1.0403819130285905,0.13555285158593564,0.21349367801953842,3,0.25,1.0,2,"23,24",0.7833333333333335,8,8
8,16,matched_betti,0.5,max_full_branch_node_speed,all_interior,coexact,coexact,random_tangent,ontology_collapse,fresh_ontology_01,9,next_token_logprob_delta,even,0.7916666666666666,2,-0.005050055382903553,0.001153006040970213,0.3576185985898191,3,0.25,1.0,2,"23,24",0.7833333333333335,8,8
8,16,matched_betti,0.5,max_full_branch_node_speed,all_interior,coexact,coexact,random_tangent,ontology_collapse,fresh_ontology_02,9,next_token_logprob_delta,even,0.7916666666666666,2,0.5402859554861702,0.0067390582947789894,0.02091605632190532,3,0.25,1.0,2,"23,24",0.7833333333333335,8,8
8,16,matched_betti,0.5,max_full_branch_node_speed,all_interior,coexact,coexact,random_tangent,ontology_collapse,fresh_ontology_03,9,next_token_logprob_delta,even,0.7916666666666666,2,0.2732845186914352,0.020628169142041092,0.12560068813465733,3,0.25,1.0,3,"24,25,26",0.78125,8,8
8,16,matched_betti,0.5,max_full_branch_node_speed,all_interior,coexact,coexact,random_tangent,ontology_collapse,fresh_ontology_04,9,next_token_logprob_delta,even,0.7916666666666666,2,0.1581618344338591,0.029333204707673435,0.297030122986969,3,0.25,1.0,3,"24,25,26",0.78125,8,8
8,16,matched_betti,0.5,max_full_branch_node_speed,all_interior,coexact,coexact,random_tangent,ontology_collapse,fresh_ontology_05,9,next_token_logprob_delta,even,0.7916666666666666,2,0.22893045585831664,0.0009828447406716925,0.007200611377602463,3,0.25,1.0,3,"25,26,27",0.787878787878788,8,8
8,16,matched_betti,0.5,max_full_branch_node_speed,all_interior,coexact,coexact,random_tangent,identity_stress,fresh_identity_01,10,next_token_logprob_delta,even,0.875,2,0.10493823866577413,0.005186765203915233,0.08261802952093684,3,0.25,1.0,1,29,0.90625,8,8
8,16,matched_betti,0.5,max_full_branch_node_speed,all_interior,coexact,coexact,random_tangent,identity_stress,fresh_identity_02,10,next_token_logprob_delta,even,0.875,2,-0.40703944394701325,0.036805631677526235,0.14994740471411896,3,0.25,1.0,2,"26,27",0.8548387096774194,8,8
8,16,matched_betti,0.5,max_full_branch_node_speed,all_interior,coexact,coexact,random_tangent,identity_stress,fresh_identity_03,10,next_token_logprob_delta,even,0.875,2,0.08873355107442438,0.012169052319774432,0.22416747116335298,3,0.25,1.0,3,"27,28,29",0.875,8,8
8,16,matched_betti,0.5,max_full_branch_node_speed,all_interior,coexact,coexact,random_tangent,identity_stress,fresh_identity_04,10,next_token_logprob_delta,even,0.875,2,0.22721961014607975,0.032035291501988486,0.23012654849670675,3,0.25,1.0,2,"27,28",0.8870967741935484,8,8
8,16,matched_betti,0.5,max_full_branch_node_speed,all_interior,coexact,coexact,random_tangent,identity_stress,fresh_identity_05,10,next_token_logprob_delta,even,0.875,2,0.12217074058146547,0.008506069552010945,0.11598978960687772,3,0.25,1.0,3,"25,26,27",0.8666666666666667,8,8
8,16,matched_betti,0.5,max_full_branch_node_speed,all_interior,coexact,coexact,random_tangent,literal_stable,fresh_literal_01,10,next_token_logprob_delta,even,0.875,2,0.13529021288595094,0.005069203348834502,0.06272153514535049,3,0.25,1.0,1,28,0.9032258064516129,8,8
8,16,matched_betti,0.5,max_full_branch_node_speed,all_interior,coexact,coexact,random_tangent,literal_stable,fresh_literal_02,10,next_token_logprob_delta,even,0.875,2,0.10387129875200796,0.0168385966687492,0.2623745353277797,3,0.25,1.0,3,"25,26,27",0.8666666666666667,8,8
8,16,matched_betti,0.5,max_full_branch_node_speed,all_interior,coexact,coexact,random_tangent,literal_stable,fresh_literal_03,10,next_token_logprob_delta,even,0.875,2,-0.3813507260914114,0.0054453827661417415,0.023943002026856747,3,0.25,1.0,3,"26,27,28",0.8709677419354839,8,8
8,16,matched_betti,0.5,max_full_branch_node_speed,all_interior,coexact,coexact,random_tangent,literal_stable,fresh_literal_04,10,next_token_logprob_delta,even,0.875,2,-0.10168470425689316,0.006299643013454253,0.10335405923301898,3,0.25,1.0,3,"28,29,30",0.8787878787878788,8,8
8,16,matched_betti,0.5,max_full_branch_node_speed,all_interior,coexact,coexact,random_tangent,literal_stable,fresh_literal_05,10,next_token_logprob_delta,even,0.875,2,-0.013815197937131011,0.02043978980809469,0.927521150534964,3,0.25,1.0,3,"28,29,30",0.8787878787878788,8,8
8,16,matched_betti,0.5,max_full_branch_node_speed,all_interior,coexact,coexact,random_tangent,metaphor_shift,fresh_metaphor_01,10,next_token_logprob_delta,even,0.875,2,0.07838900192536215,0.0006630116749254367,0.01418474822380514,3,0.25,1.0,3,"25,26,27",0.8666666666666667,8,8
8,16,matched_betti,0.5,max_full_branch_node_speed,all_interior,coexact,coexact,random_tangent,metaphor_shift,fresh_metaphor_02,10,next_token_logprob_delta,even,0.875,2,0.017786312836612406,0.011367750918028751,0.7312313227433235,3,0.25,1.0,3,"27,28,29",0.875,8,8
8,16,matched_betti,0.5,max_full_branch_node_speed,all_interior,coexact,coexact,random_tangent,metaphor_shift,fresh_metaphor_03,10,next_token_logprob_delta,even,0.875,2,-0.10073812908882258,0.006921313921874288,0.11447991133543514,3,0.25,1.0,3,"27,28,29",0.875,8,8
8,16,matched_betti,0.5,max_full_branch_node_speed,all_interior,coexact,coexact,random_tangent,metaphor_shift,fresh_metaphor_04,10,next_token_logprob_delta,even,0.875,2,-0.20275199426071294,0.005134920095796807,0.04244009739210311,3,0.25,1.0,3,"26,27,28",0.8709677419354839,8,8
8,16,matched_betti,0.5,max_full_branch_node_speed,all_interior,coexact,coexact,random_tangent,metaphor_shift,fresh_metaphor_05,10,next_token_logprob_delta,even,0.875,2,-0.17355441951093417,0.0014676971738895445,0.01418261730504467,3,0.25,1.0,1,27,0.9,8,8
8,16,matched_betti,0.5,max_full_branch_node_speed,all_interior,coexact,coexact,random_tangent,ontology_collapse,fresh_ontology_01,10,next_token_logprob_delta,even,0.875,2,0.042426377734177415,0.017177820108513774,0.5617987105975808,3,0.25,1.0,3,"25,26,27",0.8666666666666667,8,8
8,16,matched_betti,0.5,max_full_branch_node_speed,all_interior,coexact,coexact,random_tangent,ontology_collapse,fresh_ontology_02,10,next_token_logprob_delta,even,0.875,2,-0.02707474630637555,0.008947596593844254,0.4848004965961138,3,0.25,1.0,3,"25,26,27",0.8666666666666667,8,8
8,16,matched_betti,0.5,max_full_branch_node_speed,all_interior,coexact,coexact,random_tangent,ontology_collapse,fresh_ontology_03,10,next_token_logprob_delta,even,0.875,2,-0.038404062118411283,0.034340268165300517,0.8320117063726348,3,0.25,1.0,2,"27,28",0.859375,8,8
8,16,matched_betti,0.5,max_full_branch_node_speed,all_interior,coexact,coexact,random_tangent,ontology_collapse,fresh_ontology_04,10,next_token_logprob_delta,even,0.875,2,0.041522955786600584,0.005007345213778937,0.19824937114346605,3,0.25,1.0,3,"27,28,29",0.875,8,8
8,16,matched_betti,0.5,max_full_branch_node_speed,all_interior,coexact,coexact,random_tangent,ontology_collapse,fresh_ontology_05,10,next_token_logprob_delta,even,0.875,2,-0.4342062615708575,0.007268867118192264,0.028067181645768526,3,0.25,1.0,2,"28,30",0.8787878787878788,8,8
8,16,matched_betti,0.5,max_full_branch_node_speed,all_interior,coexact,coexact,random_tangent,identity_stress,fresh_identity_01,11,next_token_logprob_delta,even,0.9583333333333334,2,-0.5859043200237645,0.013788322087903222,0.03944082162270612,3,0.25,1.0,1,30,0.9375,8,8
8,16,matched_betti,0.5,max_full_branch_node_speed,all_interior,coexact,coexact,random_tangent,identity_stress,fresh_identity_02,11,next_token_logprob_delta,even,0.9583333333333334,2,-0.26719253623694417,0.01958644968026988,0.12203170140812752,3,0.25,1.0,2,"29,30",0.9516129032258065,8,8
8,16,matched_betti,0.5,max_full_branch_node_speed,all_interior,coexact,coexact,random_tangent,identity_stress,fresh_identity_03,11,next_token_logprob_delta,even,0.9583333333333334,2,0.05746084653557931,0.010523503282780348,0.2936351555303573,3,0.25,1.0,2,"30,31",0.953125,8,8
8,16,matched_betti,0.5,max_full_branch_node_speed,all_interior,coexact,coexact,random_tangent,identity_stress,fresh_identity_04,11,next_token_logprob_delta,even,0.9583333333333334,2,0.21550875749702691,0.011742179859909805,0.09100748451971881,3,0.25,1.0,2,"29,30",0.9516129032258065,8,8
8,16,matched_betti,0.5,max_full_branch_node_speed,all_interior,coexact,coexact,random_tangent,identity_stress,fresh_identity_05,11,next_token_logprob_delta,even,0.9583333333333334,2,0.07730032985344076,0.004374044936345595,0.09448306889624676,3,0.25,1.0,1,29,0.9666666666666667,8,8
8,16,matched_betti,0.5,max_full_branch_node_speed,all_interior,coexact,coexact,random_tangent,literal_stable,fresh_literal_01,11,next_token_logprob_delta,even,0.9583333333333334,2,0.1533312062137443,0.005893074736407064,0.06432950380028972,3,0.25,1.0,2,"29,30",0.9516129032258065,8,8
8,16,matched_betti,0.5,max_full_branch_node_speed,all_interior,coexact,coexact,random_tangent,literal_stable,fresh_literal_02,11,next_token_logprob_delta,even,0.9583333333333334,2,0.1409950751242814,0.0039012515862889632,0.04635879298373226,3,0.25,1.0,2,"28,29",0.9499999999999998,8,8
8,16,matched_betti,0.5,max_full_branch_node_speed,all_interior,coexact,coexact,random_tangent,literal_stable,fresh_literal_03,11,next_token_logprob_delta,even,0.9583333333333334,2,-0.16354338892772002,0.01862420566109327,0.1876130326411448,3,0.25,1.0,2,"29,30",0.9516129032258065,8,8
8,16,matched_betti,0.5,max_full_branch_node_speed,all_interior,coexact,coexact,random_tangent,literal_stable,fresh_literal_04,11,next_token_logprob_delta,even,0.9583333333333334,2,0.10191359700372582,0.010373294733288588,0.1682850505324897,3,0.25,1.0,2,"31,32",0.9545454545454546,8,8
8,16,matched_betti,0.5,max_full_branch_node_speed,all_interior,coexact,coexact,random_tangent,literal_stable,fresh_literal_05,11,next_token_logprob_delta,even,0.9583333333333334,2,0.001348250639320624,0.006891394835770956,0.9932656746035826,3,0.25,1.0,2,"31,32",0.9545454545454546,8,8
8,16,matched_betti,0.5,max_full_branch_node_speed,all_interior,coexact,coexact,random_tangent,metaphor_shift,fresh_metaphor_01,11,next_token_logprob_delta,even,0.9583333333333334,2,0.02565651146934914,0.027454906735537965,0.8735623640271649,3,0.25,1.0,2,"28,29",0.9499999999999998,8,8
8,16,matched_betti,0.5,max_full_branch_node_speed,all_interior,coexact,coexact,random_tangent,metaphor_shift,fresh_metaphor_02,11,next_token_logprob_delta,even,0.9583333333333334,2,-0.2210352736390774,0.01119739393370239,0.08466279225097934,3,0.25,1.0,2,"30,31",0.953125,8,8
8,16,matched_betti,0.5,max_full_branch_node_speed,all_interior,coexact,coexact,random_tangent,metaphor_shift,fresh_metaphor_03,11,next_token_logprob_delta,even,0.9583333333333334,2,0.1904695807805212,0.028759163874057643,0.24549995091285154,3,0.25,1.0,2,"30,31",0.953125,8,8
8,16,matched_betti,0.5,max_full_branch_node_speed,all_interior,coexact,coexact,random_tangent,metaphor_shift,fresh_metaphor_04,11,next_token_logprob_delta,even,0.9583333333333334,2,0.06302045293445528,0.0008842035860127833,0.023526093513143477,3,0.25,1.0,2,"29,30",0.9516129032258065,8,8
8,16,matched_betti,0.5,max_full_branch_node_speed,all_interior,coexact,coexact,random_tangent,metaphor_shift,fresh_metaphor_05,11,next_token_logprob_delta,even,0.9583333333333334,2,0.0006238821073366454,0.011483295075527304,0.9994757941672668,3,0.25,1.0,2,"28,29",0.9499999999999998,8,8
8,16,matched_betti,0.5,max_full_branch_node_speed,all_interior,coexact,coexact,random_tangent,ontology_collapse,fresh_ontology_01,11,next_token_logprob_delta,even,0.9583333333333334,2,-0.2059207752573777,0.004502485631699736,0.03664878689138271,3,0.25,1.0,2,"28,29",0.9499999999999998,8,8
8,16,matched_betti,0.5,max_full_branch_node_speed,all_interior,coexact,coexact,random_tangent,ontology_collapse,fresh_ontology_03,11,next_token_logprob_delta,even,0.9583333333333334,2,0.5990143366004079,0.024821910244470693,0.06933473504143142,3,0.25,1.0,1,30,0.9375,8,8
8,16,matched_betti,0.5,max_full_branch_node_speed,all_interior,coexact,coexact,random_tangent,ontology_collapse,fresh_ontology_04,11,next_token_logprob_delta,even,0.9583333333333334,2,0.0658228669938311,0.0014385568748053314,0.03663177356976072,3,0.25,1.0,2,"30,31",0.953125,8,8
8,16,matched_betti,0.5,max_full_branch_node_speed,all_interior,coexact,coexact,random_tangent,identity_stress,fresh_identity_01,0,next_token_logprob_delta,odd,0.041666666666666664,1,0.6652398535719156,0.04933298547480171,0.11141856267166855,3,0.25,1.0,2,"1,2",0.046875,8,8
8,16,matched_betti,0.5,max_full_branch_node_speed,all_interior,coexact,coexact,random_tangent,identity_stress,fresh_identity_02,0,next_token_logprob_delta,odd,0.041666666666666664,1,0.8903984283112452,0.04241832930149215,0.07183839165260175,3,0.25,1.0,2,"1,2",0.04838709677419354,8,8
8,16,matched_betti,0.5,max_full_branch_node_speed,all_interior,coexact,coexact,random_tangent,identity_stress,fresh_identity_03,0,next_token_logprob_delta,odd,0.041666666666666664,1,1.2858854256334795,0.02435315708176322,0.02862107981480136,3,0.25,1.0,2,"1,2",0.046875,8,8
8,16,matched_betti,0.5,max_full_branch_node_speed,all_interior,coexact,coexact,random_tangent,identity_stress,fresh_identity_04,0,next_token_logprob_delta,odd,0.041666666666666664,1,1.1892340379794553,0.014844285142881357,0.018867988810813568,3,0.25,1.0,2,"1,2",0.04838709677419354,8,8
8,16,matched_betti,0.5,max_full_branch_node_speed,all_interior,coexact,coexact,random_tangent,identity_stress,fresh_identity_05,0,next_token_logprob_delta,odd,0.041666666666666664,1,0.9957549872448043,0.10211941204809967,0.15321748762220738,3,0.25,1.0,2,"1,2",0.05000000000000001,8,8
8,16,matched_betti,0.5,max_full_branch_node_speed,all_interior,coexact,coexact,random_tangent,literal_stable,fresh_literal_01,0,next_token_logprob_delta,odd,0.041666666666666664,1,0.4620752249703462,0.047431502596852644,0.15335479507928268,3,0.25,1.0,2,"1,2",0.04838709677419354,8,8
8,16,matched_betti,0.5,max_full_branch_node_speed,all_interior,coexact,coexact,random_tangent,literal_stable,fresh_literal_02,0,next_token_logprob_delta,odd,0.041666666666666664,1,-0.4717421482162023,0.007328331418651405,0.023479651562219123,3,0.25,1.0,2,"1,2",0.05000000000000001,8,8
8,16,matched_betti,0.5,max_full_branch_node_speed,all_interior,coexact,coexact,random_tangent,literal_stable,fresh_literal_03,0,next_token_logprob_delta,odd,0.041666666666666664,1,1.9720793965792744,0.08118320709730727,0.06211740157985425,3,0.25,1.0,2,"1,2",0.04838709677419354,8,8
8,16,matched_betti,0.5,max_full_branch_node_speed,all_interior,coexact,coexact,random_tangent,literal_stable,fresh_literal_04,0,next_token_logprob_delta,odd,0.041666666666666664,1,0.6105367604577789,0.01718391860276061,0.04251366349219546,3,0.25,1.0,2,"1,2",0.04545454545454545,8,8
8,16,matched_betti,0.5,max_full_branch_node_speed,all_interior,coexact,coexact,random_tangent,literal_stable,fresh_literal_05,0,next_token_logprob_delta,odd,0.041666666666666664,1,0.5618684866346664,0.03021126936057633,0.08102424886765759,3,0.25,1.0,2,"1,2",0.04545454545454545,8,8
8,16,matched_betti,0.5,max_full_branch_node_speed,all_interior,coexact,coexact,random_tangent,metaphor_shift,fresh_metaphor_01,0,next_token_logprob_delta,odd,0.041666666666666664,1,-0.7181716496376915,0.21024320830825763,0.4047243263205025,3,0.25,1.0,2,"1,2",0.05000000000000001,8,8
8,16,matched_betti,0.5,max_full_branch_node_speed,all_interior,coexact,coexact,random_tangent,metaphor_shift,fresh_metaphor_02,0,next_token_logprob_delta,odd,0.041666666666666664,1,-0.12154640884106066,0.004866469764117543,0.06042110682404212,3,0.25,1.0,2,"1,2",0.046875,8,8
8,16,matched_betti,0.5,max_full_branch_node_speed,all_interior,coexact,coexact,random_tangent,metaphor_shift,fresh_metaphor_03,0,next_token_logprob_delta,odd,0.041666666666666664,1,1.2361232388223662,0.02004958185653592,0.024514553246451357,3,0.25,1.0,2,"1,2",0.046875,8,8
8,16,matched_betti,0.5,max_full_branch_node_speed,all_interior,coexact,coexact,random_tangent,metaphor_shift,fresh_metaphor_04,0,next_token_logprob_delta,odd,0.041666666666666664,1,-0.27054867111252934,0.13046158538247754,0.5891025506323312,3,0.25,1.0,2,"1,2",0.04838709677419354,8,8
8,16,matched_betti,0.5,max_full_branch_node_speed,all_interior,coexact,coexact,random_tangent,metaphor_shift,fresh_metaphor_05,0,next_token_logprob_delta,odd,0.041666666666666664,1,0.7718900465404432,0.0067809693589979975,0.013280334421485927,3,0.25,1.0,2,"1,2",0.05000000000000001,8,8
8,16,matched_betti,0.5,max_full_branch_node_speed,all_interior,coexact,coexact,random_tangent,ontology_collapse,fresh_ontology_01,0,next_token_logprob_delta,odd,0.041666666666666664,1,1.2811071207668308,0.03022533672929171,0.035646801749948914,3,0.25,1.0,2,"1,2",0.05000000000000001,8,8
8,16,matched_betti,0.5,max_full_branch_node_speed,all_interior,coexact,coexact,random_tangent,ontology_collapse,fresh_ontology_02,0,next_token_logprob_delta,odd,0.041666666666666664,1,0.07294135167490796,0.03315520100165949,0.5663659492366768,3,0.25,1.0,2,"1,2",0.05000000000000001,8,8
8,16,matched_betti,0.5,max_full_branch_node_speed,all_interior,coexact,coexact,random_tangent,ontology_collapse,fresh_ontology_03,0,next_token_logprob_delta,odd,0.041666666666666664,1,2.636349733059197,0.12710463558683482,0.0726973688211644,3,0.25,1.0,2,"1,2",0.046875,8,8
8,16,matched_betti,0.5,max_full_branch_node_speed,all_interior,coexact,coexact,random_tangent,ontology_collapse,fresh_ontology_04,0,next_token_logprob_delta,odd,0.041666666666666664,1,0.5237093851456935,0.030385428266351502,0.08738191629667616,3,0.25,1.0,2,"1,2",0.046875,8,8
8,16,matched_betti,0.5,max_full_branch_node_speed,all_interior,coexact,coexact,random_tangent,ontology_collapse,fresh_ontology_05,0,next_token_logprob_delta,odd,0.041666666666666664,1,0.7816887693939056,0.0633758519223826,0.12166415199389267,3,0.25,1.0,2,"1,2",0.04545454545454545,8,8
8,16,matched_betti,0.5,max_full_branch_node_speed,all_interior,coexact,coexact,random_tangent,identity_stress,fresh_identity_01,1,next_token_logprob_delta,odd,0.125,1,-0.3741784557879524,0.03306578178616498,0.1324247739477732,3,0.25,1.0,3,"3,4,5",0.125,8,8
8,16,matched_betti,0.5,max_full_branch_node_speed,all_interior,coexact,coexact,random_tangent,identity_stress,fresh_identity_02,1,next_token_logprob_delta,odd,0.125,1,0.12543410376143233,0.01104603866104325,0.13197343626999297,3,0.25,1.0,3,"3,4,5",0.12903225806451613,8,8
8,16,matched_betti,0.5,max_full_branch_node_speed,all_interior,coexact,coexact,random_tangent,identity_stress,fresh_identity_03,1,next_token_logprob_delta,odd,0.125,1,-0.14835351518322984,0.0526696519965047,0.47293162110168663,3,0.25,1.0,3,"3,4,5",0.125,8,8
8,16,matched_betti,0.5,max_full_branch_node_speed,all_interior,coexact,coexact,random_tangent,identity_stress,fresh_identity_04,1,next_token_logprob_delta,odd,0.125,1,0.9083402160245154,0.04613986882016128,0.07657057202577958,3,0.25,1.0,3,"3,4,5",0.12903225806451613,8,8
8,16,matched_betti,0.5,max_full_branch_node_speed,all_interior,coexact,coexact,random_tangent,identity_stress,fresh_identity_05,1,next_token_logprob_delta,odd,0.125,1,-0.6844861658412862,0.0796376731288542,0.1732399390100122,3,0.25,1.0,2,"3,4",0.11666666666666665,8,8
8,16,matched_betti,0.5,max_full_branch_node_speed,all_interior,coexact,coexact,random_tangent,literal_stable,fresh_literal_01,1,next_token_logprob_delta,odd,0.125,1,0.17582341845528202,0.03199667729374473,0.2652736837854903,3,0.25,1.0,3,"3,4,5",0.12903225806451613,8,8
8,16,matched_betti,0.5,max_full_branch_node_speed,all_interior,coexact,coexact,random_tangent,literal_stable,fresh_literal_02,1,next_token_logprob_delta,odd,0.125,1,0.3005111690870953,0.003067140191610878,0.015428804733106023,3,0.25,1.0,2,"3,4",0.11666666666666665,8,8
8,16,matched_betti,0.5,max_full_branch_node_speed,all_interior,coexact,coexact,random_tangent,literal_stable,fresh_literal_03,1,next_token_logprob_delta,odd,0.125,1,0.8425300956962287,0.04076040788155001,0.0729466742590966,3,0.25,1.0,3,"3,4,5",0.12903225806451613,8,8
8,16,matched_betti,0.5,max_full_branch_node_speed,all_interior,coexact,coexact,random_tangent,literal_stable,fresh_literal_04,1,next_token_logprob_delta,odd,0.125,1,0.33062425427508435,0.00727328313696266,0.03324043445239828,3,0.25,1.0,3,"3,4,5",0.12121212121212122,8,8
8,16,matched_betti,0.5,max_full_branch_node_speed,all_interior,coexact,coexact,random_tangent,literal_stable,fresh_literal_05,1,next_token_logprob_delta,odd,0.125,1,0.9287496165217471,0.02294458262625628,0.03732413650742886,3,0.25,1.0,3,"3,4,5",0.12121212121212122,8,8
8,16,matched_betti,0.5,max_full_branch_node_speed,all_interior,coexact,coexact,random_tangent,metaphor_shift,fresh_metaphor_01,1,next_token_logprob_delta,odd,0.125,1,0.8196833134437567,0.11780640662195374,0.21233233674594093,3,0.25,1.0,2,"3,4",0.11666666666666665,8,8
8,16,matched_betti,0.5,max_full_branch_node_speed,all_interior,coexact,coexact,random_tangent,metaphor_shift,fresh_metaphor_02,1,next_token_logprob_delta,odd,0.125,1,0.14578233023050188,0.007789369212742948,0.0805185550374644,3,0.25,1.0,3,"3,4,5",0.125,8,8
8,16,matched_betti,0.5,max_full_branch_node_speed,all_interior,coexact,coexact,random_tangent,metaphor_shift,fresh_metaphor_03,1,next_token_logprob_delta,odd,0.125,1,0.12310811766419019,0.03452303544195595,0.39033585279181765,3,0.25,1.0,3,"3,4,5",0.125,8,8
8,16,matched_betti,0.5,max_full_branch_node_speed,all_interior,coexact,coexact,random_tangent,metaphor_shift,fresh_metaphor_04,1,next_token_logprob_delta,odd,0.125,1,0.3756596573732392,0.08005774495523577,0.30667091426725834,3,0.25,1.0,1,3,0.09677419354838708,8,8
8,16,matched_betti,0.5,max_full_branch_node_speed,all_interior,coexact,coexact,random_tangent,metaphor_shift,fresh_metaphor_05,1,next_token_logprob_delta,odd,0.125,1,1.468354880448761,0.07962449691302924,0.08170939839635641,3,0.25,1.0,2,"3,4",0.11666666666666665,8,8
8,16,matched_betti,0.5,max_full_branch_node_speed,all_interior,coexact,coexact,random_tangent,ontology_collapse,fresh_ontology_01,1,next_token_logprob_delta,odd,0.125,1,1.250325011182395,0.0765124948515812,0.09212334220966,3,0.25,1.0,2,"3,4",0.11666666666666665,8,8
8,16,matched_betti,0.5,max_full_branch_node_speed,all_interior,coexact,coexact,random_tangent,ontology_collapse,fresh_ontology_02,1,next_token_logprob_delta,odd,0.125,1,0.6820917432369626,0.012243790681478184,0.027128401656246987,3,0.25,1.0,2,"3,4",0.11666666666666665,8,8
8,16,matched_betti,0.5,max_full_branch_node_speed,all_interior,coexact,coexact,random_tangent,ontology_collapse,fresh_ontology_03,1,next_token_logprob_delta,odd,0.125,1,0.1825427429644852,0.007863985315159043,0.06499349427577832,3,0.25,1.0,3,"3,4,5",0.125,8,8
8,16,matched_betti,0.5,max_full_branch_node_speed,all_interior,coexact,coexact,random_tangent,ontology_collapse,fresh_ontology_04,1,next_token_logprob_delta,odd,0.125,1,1.709412714907341,0.03894522959781536,0.03442396058548119,3,0.25,1.0,3,"3,4,5",0.125,8,8
8,16,matched_betti,0.5,max_full_branch_node_speed,all_interior,coexact,coexact,random_tangent,ontology_collapse,fresh_ontology_05,1,next_token_logprob_delta,odd,0.125,1,0.1718842044051232,0.011243207549309209,0.09841286816189258,3,0.25,1.0,3,"3,4,5",0.12121212121212122,8,8
8,16,matched_betti,0.5,max_full_branch_node_speed,all_interior,coexact,coexact,random_tangent,identity_stress,fresh_identity_01,2,next_token_logprob_delta,odd,0.20833333333333334,1,0.26191444147586007,0.031095845509573103,0.17667212720231804,3,0.25,1.0,2,"6,7",0.203125,8,8
8,16,matched_betti,0.5,max_full_branch_node_speed,all_interior,coexact,coexact,random_tangent,identity_stress,fresh_identity_02,2,next_token_logprob_delta,odd,0.20833333333333334,1,0.17246161844393393,0.016602499339702863,0.14402577925845003,3,0.25,1.0,2,"6,7",0.20967741935483866,8,8
8,16,matched_betti,0.5,max_full_branch_node_speed,all_interior,coexact,coexact,random_tangent,identity_stress,fresh_identity_03,2,next_token_logprob_delta,odd,0.20833333333333334,1,0.10767523967470446,0.02039660833638158,0.27531885332723516,3,0.25,1.0,2,"6,7",0.203125,8,8
8,16,matched_betti,0.5,max_full_branch_node_speed,all_interior,coexact,coexact,random_tangent,identity_stress,fresh_identity_04,2,next_token_logprob_delta,odd,0.20833333333333334,1,0.48143098694372005,0.028763923629646033,0.08996228739623999,3,0.25,1.0,2,"6,7",0.20967741935483866,8,8
8,16,matched_betti,0.5,max_full_branch_node_speed,all_interior,coexact,coexact,random_tangent,identity_stress,fresh_identity_05,2,next_token_logprob_delta,odd,0.20833333333333334,1,-0.29545935672098267,0.03064987908753321,0.15494066904538595,3,0.25,1.0,3,"5,6,7",0.19999999999999998,8,8
8,16,matched_betti,0.5,max_full_branch_node_speed,all_interior,coexact,coexact,random_tangent,literal_stable,fresh_literal_01,2,next_token_logprob_delta,odd,0.20833333333333334,1,0.5797623581658853,0.009913719726032829,0.025843570466951255,3,0.25,1.0,2,"6,7",0.20967741935483866,8,8
8,16,matched_betti,0.5,max_full_branch_node_speed,all_interior,coexact,coexact,random_tangent,literal_stable,fresh_literal_02,2,next_token_logprob_delta,odd,0.20833333333333334,1,-0.3867918153400336,0.04684670238387066,0.18011559171314206,3,0.25,1.0,3,"5,6,7",0.19999999999999998,8,8
8,16,matched_betti,0.5,max_full_branch_node_speed,all_interior,coexact,coexact,random_tangent,literal_stable,fresh_literal_03,2,next_token_logprob_delta,odd,0.20833333333333334,1,0.32414766861163546,0.02813906576825169,0.13012755285423824,3,0.25,1.0,2,"6,7",0.20967741935483866,8,8
8,16,matched_betti,0.5,max_full_branch_node_speed,all_interior,coexact,coexact,random_tangent,literal_stable,fresh_literal_04,2,next_token_logprob_delta,odd,0.20833333333333334,1,-0.1522823515295772,0.01185342118794925,0.11687416756268033,3,0.25,1.0,3,"6,7,8",0.21212121212121213,8,8
8,16,matched_betti,0.5,max_full_branch_node_speed,all_interior,coexact,coexact,random_tangent,literal_stable,fresh_literal_05,2,next_token_logprob_delta,odd,0.20833333333333334,1,-1.090875902187661,0.09635815469474662,0.13236879811500832,3,0.25,1.0,3,"6,7,8",0.21212121212121213,8,8
8,16,matched_betti,0.5,max_full_branch_node_speed,all_interior,coexact,coexact,random_tangent,metaphor_shift,fresh_metaphor_01,2,next_token_logprob_delta,odd,0.20833333333333334,1,2.5602110326079464,0.03585068205288065,0.021165831135590663,3,0.25,1.0,2,"5,6",0.18333333333333335,8,8
8,16,matched_betti,0.5,max_full_branch_node_speed,all_interior,coexact,coexact,random_tangent,metaphor_shift,fresh_metaphor_02,2,next_token_logprob_delta,odd,0.20833333333333334,1,1.2755433524942883,0.061986093320339074,0.07327250502062034,3,0.25,1.0,1,7,0.21875,8,8
8,16,matched_betti,0.5,max_full_branch_node_speed,all_interior,coexact,coexact,random_tangent,metaphor_shift,fresh_metaphor_03,2,next_token_logprob_delta,odd,0.20833333333333334,1,0.15925424765553367,0.02456731193908981,0.22713079244751933,3,0.25,1.0,2,"6,7",0.203125,8,8
8,16,matched_betti,0.5,max_full_branch_node_speed,all_interior,coexact,coexact,random_tangent,metaphor_shift,fresh_metaphor_04,2,next_token_logprob_delta,odd,0.20833333333333334,1,-0.23911724171027368,0.05585886277897748,0.33301767561676093,3,0.25,1.0,2,"6,7",0.20967741935483866,8,8
8,16,matched_betti,0.5,max_full_branch_node_speed,all_interior,coexact,coexact,random_tangent,metaphor_shift,fresh_metaphor_05,2,next_token_logprob_delta,odd,0.20833333333333334,1,0.28556716530791715,0.017799386829635323,0.09381838980928671,3,0.25,1.0,3,"5,6,7",0.19999999999999998,8,8
8,16,matched_betti,0.5,max_full_branch_node_speed,all_interior,coexact,coexact,random_tangent,ontology_collapse,fresh_ontology_01,2,next_token_logprob_delta,odd,0.20833333333333334,1,1.0967406422952288,0.008474561888243968,0.011681393572210107,3,0.25,1.0,3,"5,6,7",0.19999999999999998,8,8
8,16,matched_betti,0.5,max_full_branch_node_speed,all_interior,coexact,coexact,random_tangent,ontology_collapse,fresh_ontology_02,2,next_token_logprob_delta,odd,0.20833333333333334,1,0.754983259233778,0.007466552234001878,0.014950138563142932,3,0.25,1.0,3,"5,6,7",0.19999999999999998,8,8
8,16,matched_betti,0.5,max_full_branch_node_speed,all_interior,coexact,coexact,random_tangent,ontology_collapse,fresh_ontology_03,2,next_token_logprob_delta,odd,0.20833333333333334,1,0.9792262260350248,0.030685182126461832,0.04732273172070448,3,0.25,1.0,2,"6,7",0.203125,8,8
8,16,matched_betti,0.5,max_full_branch_node_speed,all_interior,coexact,coexact,random_tangent,ontology_collapse,fresh_ontology_04,2,next_token_logprob_delta,odd,0.20833333333333334,1,-0.2205686508080363,0.0025522414066086714,0.017491316140181727,3,0.25,1.0,2,"6,7",0.203125,8,8
8,16,matched_betti,0.5,max_full_branch_node_speed,all_interior,coexact,coexact,random_tangent,ontology_collapse,fresh_ontology_05,2,next_token_logprob_delta,odd,0.20833333333333334,1,0.27327152623249346,0.03071932968623837,0.16755026795491526,3,0.25,1.0,3,"6,7,8",0.21212121212121213,8,8
8,16,matched_betti,0.5,max_full_branch_node_speed,all_interior,coexact,coexact,random_tangent,identity_stress,fresh_identity_01,3,next_token_logprob_delta,odd,0.2916666666666667,1,-0.012826272049927947,0.0012701650711516319,0.14806658319877103,3,0.25,1.0,3,"8,9,10",0.28125,8,8
8,16,matched_betti,0.5,max_full_branch_node_speed,all_interior,coexact,coexact,random_tangent,identity_stress,fresh_identity_02,3,next_token_logprob_delta,odd,0.2916666666666667,1,0.04098824158549312,0.0027208807082127738,0.09985848804152314,3,0.25,1.0,3,"8,9,10",0.2903225806451613,8,8
8,16,matched_betti,0.5,max_full_branch_node_speed,all_interior,coexact,coexact,random_tangent,identity_stress,fresh_identity_03,3,next_token_logprob_delta,odd,0.2916666666666667,1,-0.09705151532958199,0.06415468254564166,0.706892652869405,3,0.25,1.0,3,"8,9,10",0.28125,8,8
8,16,matched_betti,0.5,max_full_branch_node_speed,all_interior,coexact,coexact,random_tangent,identity_stress,fresh_identity_04,3,next_token_logprob_delta,odd,0.2916666666666667,1,0.37947904345869443,0.01747892947304696,0.06946843967315243,3,0.25,1.0,3,"8,9,10",0.2903225806451613,8,8
8,16,matched_betti,0.5,max_full_branch_node_speed,all_interior,coexact,coexact,random_tangent,identity_stress,fresh_identity_05,3,next_token_logprob_delta,odd,0.2916666666666667,1,-0.08991871898194702,0.04526839542159142,0.6056505332034624,3,0.25,1.0,2,"8,9",0.2833333333333333,8,8
8,16,matched_betti,0.5,max_full_branch_node_speed,all_interior,coexact,coexact,random_tangent,literal_stable,fresh_literal_01,3,next_token_logprob_delta,odd,0.2916666666666667,1,0.47089910060351814,0.00945928020745905,0.030355753225383548,3,0.25,1.0,3,"8,9,10",0.2903225806451613,8,8
8,16,matched_betti,0.5,max_full_branch_node_speed,all_interior,coexact,coexact,random_tangent,literal_stable,fresh_literal_02,3,next_token_logprob_delta,odd,0.2916666666666667,1,0.09415713033442855,0.01918789028257341,0.2944375932198988,3,0.25,1.0,2,"8,9",0.2833333333333333,8,8
8,16,matched_betti,0.5,max_full_branch_node_speed,all_interior,coexact,coexact,random_tangent,literal_stable,fresh_literal_03,3,next_token_logprob_delta,odd,0.2916666666666667,1,0.6033279435426158,0.0006429097249916322,0.0016110423702750947,3,0.25,1.0,3,"8,9,10",0.2903225806451613,8,8
8,16,matched_betti,0.5,max_full_branch_node_speed,all_interior,coexact,coexact,random_tangent,literal_stable,fresh_literal_04,3,next_token_logprob_delta,odd,0.2916666666666667,1,0.5894141013842867,0.005555308166877722,0.014248020066670038,3,0.25,1.0,2,"9,10",0.28787878787878785,8,8
8,16,matched_betti,0.5,max_full_branch_node_speed,all_interior,coexact,coexact,random_tangent,literal_stable,fresh_literal_05,3,next_token_logprob_delta,odd,0.2916666666666667,1,-0.4125560931418663,0.01929611442594088,0.07053663487760163,3,0.25,1.0,2,"9,10",0.28787878787878785,8,8
8,16,matched_betti,0.5,max_full_branch_node_speed,all_interior,coexact,coexact,random_tangent,metaphor_shift,fresh_metaphor_01,3,next_token_logprob_delta,odd,0.2916666666666667,1,-0.533679764844744,0.07394575158832745,0.20503015843176,3,0.25,1.0,1,8,0.26666666666666666,8,8
8,16,matched_betti,0.5,max_full_branch_node_speed,all_interior,coexact,coexact,random_tangent,metaphor_shift,fresh_metaphor_02,3,next_token_logprob_delta,odd,0.2916666666666667,1,0.5868076129855696,0.027371647613829014,0.0703459243414302,3,0.25,1.0,3,"8,9,10",0.28125,8,8
8,16,matched_betti,0.5,max_full_branch_node_speed,all_interior,coexact,coexact,random_tangent,metaphor_shift,fresh_metaphor_03,3,next_token_logprob_delta,odd,0.2916666666666667,1,0.44810290680498904,0.01806368417448977,0.060832334310471574,3,0.25,1.0,3,"8,9,10",0.28125,8,8
8,16,matched_betti,0.5,max_full_branch_node_speed,all_interior,coexact,coexact,random_tangent,metaphor_shift,fresh_metaphor_04,3,next_token_logprob_delta,odd,0.2916666666666667,1,0.1338503342269466,0.009566988807087584,0.10743500930386876,3,0.25,1.0,3,"8,9,10",0.2903225806451613,8,8
8,16,matched_betti,0.5,max_full_branch_node_speed,all_interior,coexact,coexact,random_tangent,metaphor_shift,fresh_metaphor_05,3,next_token_logprob_delta,odd,0.2916666666666667,1,0.5151377506400183,0.0064143500905222165,0.018821893544464854,3,0.25,1.0,2,"8,9",0.2833333333333333,8,8
8,16,matched_betti,0.5,max_full_branch_node_speed,all_interior,coexact,coexact,random_tangent,ontology_collapse,fresh_ontology_01,3,next_token_logprob_delta,odd,0.2916666666666667,1,0.8914369038149332,0.053214185539254395,0.08988480144280572,3,0.25,1.0,2,"8,9",0.2833333333333333,8,8
8,16,matched_betti,0.5,max_full_branch_node_speed,all_interior,coexact,coexact,random_tangent,ontology_collapse,fresh_ontology_02,3,next_token_logprob_delta,odd,0.2916666666666667,1,1.3114674796617452,0.020598359675394525,0.023739068645561752,3,0.25,1.0,2,"8,9",0.2833333333333333,8,8
8,16,matched_betti,0.5,max_full_branch_node_speed,all_interior,coexact,coexact,random_tangent,ontology_collapse,fresh_ontology_03,3,next_token_logprob_delta,odd,0.2916666666666667,1,0.3941924891736377,0.07538965236445276,0.27776594736611626,3,0.25,1.0,3,"8,9,10",0.28125,8,8
8,16,matched_betti,0.5,max_full_branch_node_speed,all_interior,coexact,coexact,random_tangent,ontology_collapse,fresh_ontology_04,3,next_token_logprob_delta,odd,0.2916666666666667,1,-0.05473035846634336,0.031674628103074816,0.6584927139730834,3,0.25,1.0,3,"8,9,10",0.28125,8,8
8,16,matched_betti,0.5,max_full_branch_node_speed,all_interior,coexact,coexact,random_tangent,ontology_collapse,fresh_ontology_05,3,next_token_logprob_delta,odd,0.2916666666666667,1,-0.4910914925092081,0.11477438406962544,0.3331549784928106,3,0.25,1.0,2,"9,10",0.28787878787878785,8,8
8,16,matched_betti,0.5,max_full_branch_node_speed,all_interior,coexact,coexact,random_tangent,identity_stress,fresh_identity_01,4,next_token_logprob_delta,odd,0.375,1,-0.048993959279660944,0.016440901414128295,0.45243836256477904,3,0.25,1.0,3,"11,12,13",0.375,8,8
8,16,matched_betti,0.5,max_full_branch_node_speed,all_interior,coexact,coexact,random_tangent,identity_stress,fresh_identity_02,4,next_token_logprob_delta,odd,0.375,1,0.18257201775760284,0.012293302473251704,0.10127600933710593,3,0.25,1.0,2,"11,12",0.3709677419354838,8,8
8,16,matched_betti,0.5,max_full_branch_node_speed,all_interior,coexact,coexact,random_tangent,identity_stress,fresh_identity_03,4,next_token_logprob_delta,odd,0.375,1,0.11892716037512005,0.0025352425530654472,0.032212467942832744,3,0.25,1.0,3,"11,12,13",0.375,8,8
8,16,matched_betti,0.5,max_full_branch_node_speed,all_interior,coexact,coexact,random_tangent,identity_stress,fresh_identity_04,4,next_token_logprob_delta,odd,0.375,1,1.3897409493754924,0.05094257071969243,0.05533400198461431,3,0.25,1.0,2,"11,12",0.3709677419354838,8,8
8,16,matched_betti,0.5,max_full_branch_node_speed,all_interior,coexact,coexact,random_tangent,identity_stress,fresh_identity_05,4,next_token_logprob_delta,odd,0.375,1,1.2745882871067962,0.025802262300027603,0.03059113064131327,3,0.25,1.0,3,"10,11,12",0.3666666666666667,8,8
8,16,matched_betti,0.5,max_full_branch_node_speed,all_interior,coexact,coexact,random_tangent,literal_stable,fresh_literal_01,4,next_token_logprob_delta,odd,0.375,1,-0.6328846913318155,0.015705328765516623,0.037491082465978,3,0.25,1.0,1,11,0.3548387096774193,8,8
8,16,matched_betti,0.5,max_full_branch_node_speed,all_interior,coexact,coexact,random_tangent,literal_stable,fresh_literal_02,4,next_token_logprob_delta,odd,0.375,1,-0.05669639813293912,0.022402145215126942,0.5128361087552697,3,0.25,1.0,2,"10,11",0.3499999999999999,8,8
8,16,matched_betti,0.5,max_full_branch_node_speed,all_interior,coexact,coexact,random_tangent,literal_stable,fresh_literal_03,4,next_token_logprob_delta,odd,0.375,1,0.09811871616734798,0.0418983497425611,0.542380490217979,3,0.25,1.0,2,"11,12",0.3709677419354838,8,8
8,16,matched_betti,0.5,max_full_branch_node_speed,all_interior,coexact,coexact,random_tangent,literal_stable,fresh_literal_04,4,next_token_logprob_delta,odd,0.375,1,0.5576441919645635,0.01292551002272788,0.03502151914899593,3,0.25,1.0,3,"11,12,13",0.3636363636363636,8,8
8,16,matched_betti,0.5,max_full_branch_node_speed,all_interior,coexact,coexact,random_tangent,literal_stable,fresh_literal_05,4,next_token_logprob_delta,odd,0.375,1,0.4762078400419239,0.03905865987472898,0.12306035648342685,3,0.25,1.0,3,"11,12,13",0.3636363636363636,8,8
8,16,matched_betti,0.5,max_full_branch_node_speed,all_interior,coexact,coexact,random_tangent,metaphor_shift,fresh_metaphor_01,4,next_token_logprob_delta,odd,0.375,1,0.21761935106854274,0.020437410729102053,0.14057409785696182,3,0.25,1.0,2,"11,12",0.3833333333333333,8,8
8,16,matched_betti,0.5,max_full_branch_node_speed,all_interior,coexact,coexact,random_tangent,metaphor_shift,fresh_metaphor_02,4,next_token_logprob_delta,odd,0.375,1,0.4387036929466445,0.013046171929420895,0.04491426396280365,3,0.25,1.0,3,"11,12,13",0.375,8,8
8,16,matched_betti,0.5,max_full_branch_node_speed,all_interior,coexact,coexact,random_tangent,metaphor_shift,fresh_metaphor_03,4,next_token_logprob_delta,odd,0.375,1,1.8090584098380058,0.006905507078042125,0.005770942202922867,3,0.25,1.0,3,"11,12,13",0.375,8,8
8,16,matched_betti,0.5,max_full_branch_node_speed,all_interior,coexact,coexact,random_tangent,metaphor_shift,fresh_metaphor_04,4,next_token_logprob_delta,odd,0.375,1,0.7252793391426454,0.012659121318096893,0.026378984492499476,3,0.25,1.0,2,"11,12",0.3709677419354838,8,8
8,16,matched_betti,0.5,max_full_branch_node_speed,all_interior,coexact,coexact,random_tangent,metaphor_shift,fresh_metaphor_05,4,next_token_logprob_delta,odd,0.375,1,0.5027562421521905,0.09692539953387272,0.2798243483267008,3,0.25,1.0,3,"10,11,12",0.3666666666666667,8,8
8,16,matched_betti,0.5,max_full_branch_node_speed,all_interior,coexact,coexact,random_tangent,ontology_collapse,fresh_ontology_01,4,next_token_logprob_delta,odd,0.375,1,0.43301207596240754,0.00547710519045939,0.019119769348070415,3,0.25,1.0,3,"10,11,12",0.3666666666666667,8,8
8,16,matched_betti,0.5,max_full_branch_node_speed,all_interior,coexact,coexact,random_tangent,ontology_collapse,fresh_ontology_02,4,next_token_logprob_delta,odd,0.375,1,0.7868955925029274,0.0757750064890842,0.14406730627038064,3,0.25,1.0,3,"10,11,12",0.3666666666666667,8,8
8,16,matched_betti,0.5,max_full_branch_node_speed,all_interior,coexact,coexact,random_tangent,ontology_collapse,fresh_ontology_03,4,next_token_logprob_delta,odd,0.375,1,0.6737915989301465,0.03226720011375077,0.07221233012694599,3,0.25,1.0,3,"11,12,13",0.375,8,8
8,16,matched_betti,0.5,max_full_branch_node_speed,all_interior,coexact,coexact,random_tangent,ontology_collapse,fresh_ontology_04,4,next_token_logprob_delta,odd,0.375,1,0.801895983634517,0.012894586896811267,0.024303681562732,3,0.25,1.0,3,"11,12,13",0.375,8,8
8,16,matched_betti,0.5,max_full_branch_node_speed,all_interior,coexact,coexact,random_tangent,ontology_collapse,fresh_ontology_05,4,next_token_logprob_delta,odd,0.375,1,0.12504871714319282,0.06752061564373628,0.6323801710522938,3,0.25,1.0,3,"11,12,13",0.3636363636363636,8,8
8,16,matched_betti,0.5,max_full_branch_node_speed,all_interior,coexact,coexact,random_tangent,identity_stress,fresh_identity_01,5,next_token_logprob_delta,odd,0.4583333333333333,1,0.18176845836917077,0.06444398247397276,0.47242554226174505,3,0.25,1.0,2,"14,15",0.453125,8,8
8,16,matched_betti,0.5,max_full_branch_node_speed,all_interior,coexact,coexact,random_tangent,identity_stress,fresh_identity_02,5,next_token_logprob_delta,odd,0.4583333333333333,1,0.7350634559669329,0.012288636400654512,0.025266853339153364,3,0.25,1.0,3,"13,14,15",0.4516129032258065,8,8
8,16,matched_betti,0.5,max_full_branch_node_speed,all_interior,coexact,coexact,random_tangent,identity_stress,fresh_identity_03,5,next_token_logprob_delta,odd,0.4583333333333333,1,0.3802909370142934,0.020542995552797427,0.0813982807854704,3,0.25,1.0,2,"14,15",0.453125,8,8
8,16,matched_betti,0.5,max_full_branch_node_speed,all_interior,coexact,coexact,random_tangent,identity_stress,fresh_identity_04,5,next_token_logprob_delta,odd,0.4583333333333333,1,0.9110200461227742,0.016037536869005598,0.026605225625015636,3,0.25,1.0,3,"13,14,15",0.4516129032258065,8,8
8,16,matched_betti,0.5,max_full_branch_node_speed,all_interior,coexact,coexact,random_tangent,identity_stress,fresh_identity_05,5,next_token_logprob_delta,odd,0.4583333333333333,1,0.010401425714206417,0.011039111378400598,0.8486730489527221,3,0.25,1.0,2,"13,14",0.45,8,8
8,16,matched_betti,0.5,max_full_branch_node_speed,all_interior,coexact,coexact,random_tangent,literal_stable,fresh_literal_01,5,next_token_logprob_delta,odd,0.4583333333333333,1,0.227515704167792,0.011906641790708114,0.07887398166266535,3,0.25,1.0,3,"13,14,15",0.4516129032258065,8,8
8,16,matched_betti,0.5,max_full_branch_node_speed,all_interior,coexact,coexact,random_tangent,literal_stable,fresh_literal_02,5,next_token_logprob_delta,odd,0.4583333333333333,1,1.0249832888763952,0.09550382706897814,0.13949160850550205,3,0.25,1.0,2,"13,14",0.45,8,8
8,16,matched_betti,0.5,max_full_branch_node_speed,all_interior,coexact,coexact,random_tangent,literal_stable,fresh_literal_03,5,next_token_logprob_delta,odd,0.4583333333333333,1,0.19872241152349623,0.0417906701463921,0.30299330032951577,3,0.25,1.0,3,"13,14,15",0.4516129032258065,8,8
8,16,matched_betti,0.5,max_full_branch_node_speed,all_interior,coexact,coexact,random_tangent,literal_stable,fresh_literal_04,5,next_token_logprob_delta,odd,0.4583333333333333,1,0.06450261428298434,0.030762145013713382,0.5848521074570269,3,0.25,1.0,2,"15,16",0.4696969696969697,8,8
8,16,matched_betti,0.5,max_full_branch_node_speed,all_interior,coexact,coexact,random_tangent,literal_stable,fresh_literal_05,5,next_token_logprob_delta,odd,0.4583333333333333,1,0.5419175326107338,0.07219703188193172,0.1974520616279158,3,0.25,1.0,2,"14,15",0.4393939393939394,8,8
8,16,matched_betti,0.5,max_full_branch_node_speed,all_interior,coexact,coexact,random_tangent,metaphor_shift,fresh_metaphor_01,5,next_token_logprob_delta,odd,0.4583333333333333,1,1.5200422273158571,0.01141111536007143,0.011348943768264569,3,0.25,1.0,2,"13,14",0.45,8,8
8,16,matched_betti,0.5,max_full_branch_node_speed,all_interior,coexact,coexact,random_tangent,metaphor_shift,fresh_metaphor_02,5,next_token_logprob_delta,odd,0.4583333333333333,1,0.14849218762863503,0.05257286814682855,0.4719137638123124,3,0.25,1.0,2,"14,15",0.453125,8,8
8,16,matched_betti,0.5,max_full_branch_node_speed,all_interior,coexact,coexact,random_tangent,metaphor_shift,fresh_metaphor_03,5,next_token_logprob_delta,odd,0.4583333333333333,1,0.8251027128485778,0.0006481082616501947,0.001187545361431701,3,0.25,1.0,2,"14,15",0.453125,8,8
8,16,matched_betti,0.5,max_full_branch_node_speed,all_interior,coexact,coexact,random_tangent,metaphor_shift,fresh_metaphor_04,5,next_token_logprob_delta,odd,0.4583333333333333,1,1.3572189078245622,0.01361419473303416,0.01516362699150113,3,0.25,1.0,3,"13,14,15",0.4516129032258065,8,8
8,16,matched_betti,0.5,max_full_branch_node_speed,all_interior,coexact,coexact,random_tangent,metaphor_shift,fresh_metaphor_05,5,next_token_logprob_delta,odd,0.4583333333333333,1,0.6008708332998963,0.004349466757220843,0.010943087163655064,3,0.25,1.0,2,"13,14",0.45,8,8
8,16,matched_betti,0.5,max_full_branch_node_speed,all_interior,coexact,coexact,random_tangent,ontology_collapse,fresh_ontology_01,5,next_token_logprob_delta,odd,0.4583333333333333,1,0.4243579891834341,0.05839973927795355,0.20369818185629407,3,0.25,1.0,2,"13,14",0.45,8,8
8,16,matched_betti,0.5,max_full_branch_node_speed,all_interior,coexact,coexact,random_tangent,ontology_collapse,fresh_ontology_02,5,next_token_logprob_delta,odd,0.4583333333333333,1,1.5792519695858718,0.0852303905573639,0.08132295784592518,3,0.25,1.0,2,"13,14",0.45,8,8
8,16,matched_betti,0.5,max_full_branch_node_speed,all_interior,coexact,coexact,random_tangent,ontology_collapse,fresh_ontology_03,5,next_token_logprob_delta,odd,0.4583333333333333,1,-0.3029752001716759,0.04575320684307315,0.22258282013896058,3,0.25,1.0,2,"14,15",0.453125,8,8
8,16,matched_betti,0.5,max_full_branch_node_speed,all_interior,coexact,coexact,random_tangent,ontology_collapse,fresh_ontology_04,5,next_token_logprob_delta,odd,0.4583333333333333,1,-0.13960403749479458,0.009620644088896272,0.10362694268671054,3,0.25,1.0,1,15,0.46875,8,8
8,16,matched_betti,0.5,max_full_branch_node_speed,all_interior,coexact,coexact,random_tangent,ontology_collapse,fresh_ontology_05,5,next_token_logprob_delta,odd,0.4583333333333333,1,0.2878253864993296,0.002895735667119718,0.01520864622227771,3,0.25,1.0,3,"14,15,16",0.4545454545454546,8,8
8,16,matched_betti,0.5,max_full_branch_node_speed,all_interior,coexact,coexact,random_tangent,identity_stress,fresh_identity_01,6,next_token_logprob_delta,odd,0.5416666666666666,1,-0.5946568038225177,0.027448166102075733,0.06961502824817668,3,0.25,1.0,3,"16,17,18",0.53125,8,8
8,16,matched_betti,0.5,max_full_branch_node_speed,all_interior,coexact,coexact,random_tangent,identity_stress,fresh_identity_02,6,next_token_logprob_delta,odd,0.5416666666666666,1,-0.3442908924981245,0.0051130123998704,0.022446717686791934,3,0.25,1.0,3,"16,17,18",0.5483870967741935,8,8
8,16,matched_betti,0.5,max_full_branch_node_speed,all_interior,coexact,coexact,random_tangent,identity_stress,fresh_identity_03,6,next_token_logprob_delta,odd,0.5416666666666666,1,0.03042266326767174,0.042489499976243086,0.9037699703688883,3,0.25,1.0,3,"16,17,18",0.53125,8,8
8,16,matched_betti,0.5,max_full_branch_node_speed,all_interior,coexact,coexact,random_tangent,identity_stress,fresh_identity_04,6,next_token_logprob_delta,odd,0.5416666666666666,1,1.680073256302247,0.0017346795988913816,0.0015609949367752062,3,0.25,1.0,3,"16,17,18",0.5483870967741935,8,8
8,16,matched_betti,0.5,max_full_branch_node_speed,all_interior,coexact,coexact,random_tangent,identity_stress,fresh_identity_05,6,next_token_logprob_delta,odd,0.5416666666666666,1,-0.0023883299275849227,0.032589210895098836,0.9988271985917526,3,0.25,1.0,3,"15,16,17",0.5333333333333333,8,8
8,16,matched_betti,0.5,max_full_branch_node_speed,all_interior,coexact,coexact,random_tangent,literal_stable,fresh_literal_01,6,next_token_logprob_delta,odd,0.5416666666666666,1,-0.06367409476724177,0.005653378294883853,0.13303884271214528,3,0.25,1.0,3,"16,17,18",0.5483870967741935,8,8
8,16,matched_betti,0.5,max_full_branch_node_speed,all_interior,coexact,coexact,random_tangent,literal_stable,fresh_literal_02,6,next_token_logprob_delta,odd,0.5416666666666666,1,-0.2830208576445655,0.013313508550543467,0.07093972649474516,3,0.25,1.0,3,"15,16,17",0.5333333333333333,8,8
8,16,matched_betti,0.5,max_full_branch_node_speed,all_interior,coexact,coexact,random_tangent,literal_stable,fresh_literal_03,6,next_token_logprob_delta,odd,0.5416666666666666,1,0.4415966232651454,0.012549319407517457,0.04292446941967746,3,0.25,1.0,3,"16,17,18",0.5483870967741935,8,8
8,16,matched_betti,0.5,max_full_branch_node_speed,all_interior,coexact,coexact,random_tangent,literal_stable,fresh_literal_04,6,next_token_logprob_delta,odd,0.5416666666666666,1,0.33237990107537463,0.019629839025033877,0.0889341682104087,3,0.25,1.0,3,"17,18,19",0.5454545454545454,8,8
8,16,matched_betti,0.5,max_full_branch_node_speed,all_interior,coexact,coexact,random_tangent,literal_stable,fresh_literal_05,6,next_token_logprob_delta,odd,0.5416666666666666,1,-0.4831383184688445,0.03217013631422169,0.10016197397509052,3,0.25,1.0,3,"17,18,19",0.5454545454545454,8,8
8,16,matched_betti,0.5,max_full_branch_node_speed,all_interior,coexact,coexact,random_tangent,metaphor_shift,fresh_metaphor_01,6,next_token_logprob_delta,odd,0.5416666666666666,1,0.3436747377871199,0.03746541309633061,0.1626200426302892,3,0.25,1.0,3,"15,16,17",0.5333333333333333,8,8
8,16,matched_betti,0.5,max_full_branch_node_speed,all_interior,coexact,coexact,random_tangent,metaphor_shift,fresh_metaphor_02,6,next_token_logprob_delta,odd,0.5416666666666666,1,0.36172378339347233,0.031154293856338736,0.12912219553784013,3,0.25,1.0,3,"16,17,18",0.53125,8,8
8,16,matched_betti,0.5,max_full_branch_node_speed,all_interior,coexact,coexact,random_tangent,metaphor_shift,fresh_metaphor_03,6,next_token_logprob_delta,odd,0.5416666666666666,1,-0.5196287249073449,0.026383283534023375,0.07653690542534583,3,0.25,1.0,3,"16,17,18",0.53125,8,8
8,16,matched_betti,0.5,max_full_branch_node_speed,all_interior,coexact,coexact,random_tangent,metaphor_shift,fresh_metaphor_04,6,next_token_logprob_delta,odd,0.5416666666666666,1,0.23508699229211233,0.01405960470820708,0.09005076905090428,3,0.25,1.0,3,"16,17,18",0.5483870967741935,8,8
8,16,matched_betti,0.5,max_full_branch_node_speed,all_interior,coexact,coexact,random_tangent,metaphor_shift,fresh_metaphor_05,6,next_token_logprob_delta,odd,0.5416666666666666,1,0.9332474716728695,0.0045245777673351435,0.007329604487448304,3,0.25,1.0,3,"15,16,17",0.5333333333333333,8,8
8,16,matched_betti,0.5,max_full_branch_node_speed,all_interior,coexact,coexact,random_tangent,ontology_collapse,fresh_ontology_01,6,next_token_logprob_delta,odd,0.5416666666666666,1,0.35121756800621384,0.04083732730381647,0.1731344123007703,3,0.25,1.0,3,"15,16,17",0.5333333333333333,8,8
8,16,matched_betti,0.5,max_full_branch_node_speed,all_interior,coexact,coexact,random_tangent,ontology_collapse,fresh_ontology_02,6,next_token_logprob_delta,odd,0.5416666666666666,1,0.5787783298090244,0.09335573495295145,0.23691682245415369,3,0.25,1.0,3,"15,16,17",0.5333333333333333,8,8
8,16,matched_betti,0.5,max_full_branch_node_speed,all_interior,coexact,coexact,random_tangent,ontology_collapse,fresh_ontology_03,6,next_token_logprob_delta,odd,0.5416666666666666,1,0.41529437553069004,0.004257387734891572,0.015496940705276054,3,0.25,1.0,3,"16,17,18",0.53125,8,8
8,16,matched_betti,0.5,max_full_branch_node_speed,all_interior,coexact,coexact,random_tangent,ontology_collapse,fresh_ontology_04,6,next_token_logprob_delta,odd,0.5416666666666666,1,0.036777116986862514,0.012102257176332749,0.4454274696414515,3,0.25,1.0,2,"16,17",0.515625,8,8
8,16,matched_betti,0.5,max_full_branch_node_speed,all_interior,coexact,coexact,random_tangent,ontology_collapse,fresh_ontology_05,6,next_token_logprob_delta,odd,0.5416666666666666,1,0.9977104769640532,0.02896354612886831,0.04384704102493416,3,0.25,1.0,3,"17,18,19",0.5454545454545454,8,8
8,16,matched_betti,0.5,max_full_branch_node_speed,all_interior,coexact,coexact,random_tangent,identity_stress,fresh_identity_01,7,next_token_logprob_delta,odd,0.625,1,0.0029629225821964974,0.024786493396491107,0.9968887992393781,3,0.25,1.0,3,"19,20,21",0.625,8,8
8,16,matched_betti,0.5,max_full_branch_node_speed,all_interior,coexact,coexact,random_tangent,identity_stress,fresh_identity_02,7,next_token_logprob_delta,odd,0.625,1,-0.5803502144109585,0.007639924614766034,0.01989866302222005,3,0.25,1.0,2,"19,20",0.6290322580645161,8,8
8,16,matched_betti,0.5,max_full_branch_node_speed,all_interior,coexact,coexact,random_tangent,identity_stress,fresh_identity_03,7,next_token_logprob_delta,odd,0.625,1,-0.09422912543633102,0.1363542216571432,0.9094912479207663,3,0.25,1.0,3,"19,20,21",0.625,8,8
8,16,matched_betti,0.5,max_full_branch_node_speed,all_interior,coexact,coexact,random_tangent,identity_stress,fresh_identity_04,7,next_token_logprob_delta,odd,0.625,1,-0.9642721640976368,0.04702023713848971,0.07352231551225792,3,0.25,1.0,2,"19,20",0.6290322580645161,8,8
8,16,matched_betti,0.5,max_full_branch_node_speed,all_interior,coexact,coexact,random_tangent,identity_stress,fresh_identity_05,7,next_token_logprob_delta,odd,0.625,1,-1.2516837486596966,0.14073726667237652,0.16758669834835463,3,0.25,1.0,2,"18,19",0.6166666666666667,8,8
8,16,matched_betti,0.5,max_full_branch_node_speed,all_interior,coexact,coexact,random_tangent,literal_stable,fresh_literal_01,7,next_token_logprob_delta,odd,0.625,1,0.08815776710991416,0.0026896476914935715,0.046077008275391046,3,0.25,1.0,2,"19,20",0.6290322580645161,8,8
8,16,matched_betti,0.5,max_full_branch_node_speed,all_interior,coexact,coexact,random_tangent,literal_stable,fresh_literal_02,7,next_token_logprob_delta,odd,0.625,1,0.09268269496687255,0.1582736442203806,0.932495439299128,3,0.25,1.0,2,"18,19",0.6166666666666667,8,8
8,16,matched_betti,0.5,max_full_branch_node_speed,all_interior,coexact,coexact,random_tangent,literal_stable,fresh_literal_03,7,next_token_logprob_delta,odd,0.625,1,0.042112471762472424,0.01830255612888275,0.5491356671683697,3,0.25,1.0,2,"19,20",0.6290322580645161,8,8
8,16,matched_betti,0.5,max_full_branch_node_speed,all_interior,coexact,coexact,random_tangent,literal_stable,fresh_literal_04,7,next_token_logprob_delta,odd,0.625,1,1.4859371147974365,0.059168503803768153,0.06009185129362603,3,0.25,1.0,2,"20,21",0.6212121212121212,8,8
8,16,matched_betti,0.5,max_full_branch_node_speed,all_interior,coexact,coexact,random_tangent,literal_stable,fresh_literal_05,7,next_token_logprob_delta,odd,0.625,1,0.4028503391205523,0.04336153317159342,0.16061876752105667,3,0.25,1.0,2,"20,21",0.6212121212121212,8,8
8,16,matched_betti,0.5,max_full_branch_node_speed,all_interior,coexact,coexact,random_tangent,metaphor_shift,fresh_metaphor_01,7,next_token_logprob_delta,odd,0.625,1,0.09992781724025077,0.06559166804242166,0.7043933613409171,3,0.25,1.0,2,"18,19",0.6166666666666667,8,8
8,16,matched_betti,0.5,max_full_branch_node_speed,all_interior,coexact,coexact,random_tangent,metaphor_shift,fresh_metaphor_02,7,next_token_logprob_delta,odd,0.625,1,0.12368258619106522,0.08372903603223286,0.7152630459887808,3,0.25,1.0,2,"19,21",0.625,8,8
8,16,matched_betti,0.5,max_full_branch_node_speed,all_interior,coexact,coexact,random_tangent,metaphor_shift,fresh_metaphor_03,7,next_token_logprob_delta,odd,0.625,1,0.8295336528503344,0.035886098125013095,0.06526439267401175,3,0.25,1.0,3,"19,20,21",0.625,8,8
8,16,matched_betti,0.5,max_full_branch_node_speed,all_interior,coexact,coexact,random_tangent,metaphor_shift,fresh_metaphor_04,7,next_token_logprob_delta,odd,0.625,1,-0.2887102199163941,0.033412794060164015,0.17235089471386955,3,0.25,1.0,2,"19,20",0.6290322580645161,8,8
8,16,matched_betti,0.5,max_full_branch_node_speed,all_interior,coexact,coexact,random_tangent,metaphor_shift,fresh_metaphor_05,7,next_token_logprob_delta,odd,0.625,1,-0.49276013718309936,0.1270979592369937,0.36330851424162364,3,0.25,1.0,2,"18,19",0.6166666666666667,8,8
8,16,matched_betti,0.5,max_full_branch_node_speed,all_interior,coexact,coexact,random_tangent,ontology_collapse,fresh_ontology_01,7,next_token_logprob_delta,odd,0.625,1,0.29681162916363735,0.007311636252662711,0.03721719626242966,3,0.25,1.0,2,"18,19",0.6166666666666667,8,8
8,16,matched_betti,0.5,max_full_branch_node_speed,all_interior,coexact,coexact,random_tangent,ontology_collapse,fresh_ontology_02,7,next_token_logprob_delta,odd,0.625,1,0.40217933329376715,0.009238015175500661,0.034706288738522925,3,0.25,1.0,2,"18,19",0.6166666666666667,8,8
8,16,matched_betti,0.5,max_full_branch_node_speed,all_interior,coexact,coexact,random_tangent,ontology_collapse,fresh_ontology_03,7,next_token_logprob_delta,odd,0.625,1,0.5514071124978187,0.06137881379546813,0.1659558893053961,3,0.25,1.0,2,"19,21",0.625,8,8
8,16,matched_betti,0.5,max_full_branch_node_speed,all_interior,coexact,coexact,random_tangent,ontology_collapse,fresh_ontology_04,7,next_token_logprob_delta,odd,0.625,1,0.2289898807342898,0.007573686834912302,0.049941289684500845,3,0.25,1.0,3,"19,20,21",0.625,8,8
8,16,matched_betti,0.5,max_full_branch_node_speed,all_interior,coexact,coexact,random_tangent,ontology_collapse,fresh_ontology_05,7,next_token_logprob_delta,odd,0.625,1,-0.476022627049409,0.046763507880811864,0.14691039472398795,3,0.25,1.0,2,"20,21",0.6212121212121212,8,8
8,16,matched_betti,0.5,max_full_branch_node_speed,all_interior,coexact,coexact,random_tangent,identity_stress,fresh_identity_01,8,next_token_logprob_delta,odd,0.7083333333333334,1,-0.31240134546313236,0.029981003504067932,0.1435887322024902,3,0.25,1.0,2,"22,23",0.703125,8,8
8,16,matched_betti,0.5,max_full_branch_node_speed,all_interior,coexact,coexact,random_tangent,identity_stress,fresh_identity_02,8,next_token_logprob_delta,odd,0.7083333333333334,1,-0.04190536735293078,0.0449576855039345,0.8512225582512197,3,0.25,1.0,3,"21,22,23",0.7096774193548386,8,8
8,16,matched_betti,0.5,max_full_branch_node_speed,all_interior,coexact,coexact,random_tangent,identity_stress,fresh_identity_03,8,next_token_logprob_delta,odd,0.7083333333333334,1,-0.5218512073941702,0.020704597486935063,0.059875778795172405,3,0.25,1.0,2,"22,23",0.703125,8,8
8,16,matched_betti,0.5,max_full_branch_node_speed,all_interior,coexact,coexact,random_tangent,identity_stress,fresh_identity_04,8,next_token_logprob_delta,odd,0.7083333333333334,1,0.17666763692347967,0.026149645993141117,0.2183781496761449,3,0.25,1.0,3,"21,22,23",0.7096774193548386,8,8
8,16,matched_betti,0.5,max_full_branch_node_speed,all_interior,coexact,coexact,random_tangent,identity_stress,fresh_identity_05,8,next_token_logprob_delta,odd,0.7083333333333334,1,-0.15934602642944454,0.21091778837868871,0.8945313368834829,3,0.25,1.0,2,"20,21",0.6833333333333332,8,8
8,16,matched_betti,0.5,max_full_branch_node_speed,all_interior,coexact,coexact,random_tangent,literal_stable,fresh_literal_01,8,next_token_logprob_delta,odd,0.7083333333333334,1,0.3898842422396909,0.014576918613730715,0.05643497281907679,3,0.25,1.0,2,"22,23",0.7258064516129034,8,8
8,16,matched_betti,0.5,max_full_branch_node_speed,all_interior,coexact,coexact,random_tangent,literal_stable,fresh_literal_02,8,next_token_logprob_delta,odd,0.7083333333333334,1,0.09113324588208027,0.0026803166787771515,0.04442130691694605,3,0.25,1.0,3,"20,21,22",0.6999999999999998,8,8
8,16,matched_betti,0.5,max_full_branch_node_speed,all_interior,coexact,coexact,random_tangent,literal_stable,fresh_literal_03,8,next_token_logprob_delta,odd,0.7083333333333334,1,0.2193805444811524,0.041436491137376276,0.27458306604787563,3,0.25,1.0,3,"21,22,23",0.7096774193548386,8,8
8,16,matched_betti,0.5,max_full_branch_node_speed,all_interior,coexact,coexact,random_tangent,literal_stable,fresh_literal_04,8,next_token_logprob_delta,odd,0.7083333333333334,1,1.0298292201782488,0.004525330440213963,0.0066433399146962,3,0.25,1.0,3,"22,23,24",0.6969696969696969,8,8
8,16,matched_betti,0.5,max_full_branch_node_speed,all_interior,coexact,coexact,random_tangent,literal_stable,fresh_literal_05,8,next_token_logprob_delta,odd,0.7083333333333334,1,0.6960225163520127,0.02263721761540203,0.04911185539365421,3,0.25,1.0,3,"22,23,24",0.6969696969696969,8,8
8,16,matched_betti,0.5,max_full_branch_node_speed,all_interior,coexact,coexact,random_tangent,metaphor_shift,fresh_metaphor_01,8,next_token_logprob_delta,odd,0.7083333333333334,1,-0.11597600226433331,0.01715707438136512,0.2182662603795433,3,0.25,1.0,3,"20,21,22",0.6999999999999998,8,8
8,16,matched_betti,0.5,max_full_branch_node_speed,all_interior,coexact,coexact,random_tangent,metaphor_shift,fresh_metaphor_02,8,next_token_logprob_delta,odd,0.7083333333333334,1,0.9277169058686348,0.027648722780724045,0.04501219242241542,3,0.25,1.0,2,"22,23",0.703125,8,8
8,16,matched_betti,0.5,max_full_branch_node_speed,all_interior,coexact,coexact,random_tangent,metaphor_shift,fresh_metaphor_03,8,next_token_logprob_delta,odd,0.7083333333333334,1,0.050092358896839904,0.02117369464336676,0.5384868196316955,3,0.25,1.0,2,"22,23",0.703125,8,8
8,16,matched_betti,0.5,max_full_branch_node_speed,all_interior,coexact,coexact,random_tangent,metaphor_shift,fresh_metaphor_04,8,next_token_logprob_delta,odd,0.7083333333333334,1,0.0015306380248750215,0.005056977833205813,0.9805423872111261,3,0.25,1.0,3,"21,22,23",0.7096774193548386,8,8
8,16,matched_betti,0.5,max_full_branch_node_speed,all_interior,coexact,coexact,random_tangent,metaphor_shift,fresh_metaphor_05,8,next_token_logprob_delta,odd,0.7083333333333334,1,1.2817721089946201,0.016082676779186147,0.018966201591337366,3,0.25,1.0,3,"20,21,22",0.6999999999999998,8,8
8,16,matched_betti,0.5,max_full_branch_node_speed,all_interior,coexact,coexact,random_tangent,ontology_collapse,fresh_ontology_01,8,next_token_logprob_delta,odd,0.7083333333333334,1,0.6945674710789529,0.02935152352843643,0.06375916593283716,3,0.25,1.0,2,"20,21",0.6833333333333332,8,8
8,16,matched_betti,0.5,max_full_branch_node_speed,all_interior,coexact,coexact,random_tangent,ontology_collapse,fresh_ontology_02,8,next_token_logprob_delta,odd,0.7083333333333334,1,-0.28767277860095974,0.04565842044067638,0.23333324499583102,3,0.25,1.0,3,"20,21,22",0.6999999999999998,8,8
8,16,matched_betti,0.5,max_full_branch_node_speed,all_interior,coexact,coexact,random_tangent,ontology_collapse,fresh_ontology_03,8,next_token_logprob_delta,odd,0.7083333333333334,1,-0.5285813367698202,0.10382915895200268,0.2846855363688708,3,0.25,1.0,2,"22,23",0.703125,8,8
8,16,matched_betti,0.5,max_full_branch_node_speed,all_interior,coexact,coexact,random_tangent,ontology_collapse,fresh_ontology_04,8,next_token_logprob_delta,odd,0.7083333333333334,1,0.18137924903578026,0.08097555660760766,0.5594494386967407,3,0.25,1.0,1,22,0.6875,8,8
8,16,matched_betti,0.5,max_full_branch_node_speed,all_interior,coexact,coexact,random_tangent,ontology_collapse,fresh_ontology_05,8,next_token_logprob_delta,odd,0.7083333333333334,1,0.34337233931503036,0.04409150774618305,0.1905755802757545,3,0.25,1.0,3,"22,23,24",0.6969696969696969,8,8
8,16,matched_betti,0.5,max_full_branch_node_speed,all_interior,coexact,coexact,random_tangent,identity_stress,fresh_identity_01,9,next_token_logprob_delta,odd,0.7916666666666666,1,-0.17564731660416377,0.00952822010254108,0.08173829446328869,3,0.25,1.0,2,"24,25",0.765625,8,8
8,16,matched_betti,0.5,max_full_branch_node_speed,all_interior,coexact,coexact,random_tangent,identity_stress,fresh_identity_03,9,next_token_logprob_delta,odd,0.7916666666666666,1,-0.5573697885261514,0.015510112183026538,0.042033783415443435,3,0.25,1.0,3,"24,25,26",0.78125,8,8
8,16,matched_betti,0.5,max_full_branch_node_speed,all_interior,coexact,coexact,random_tangent,identity_stress,fresh_identity_04,9,next_token_logprob_delta,odd,0.7916666666666666,1,-1.4418023742578296,0.060851222526039264,0.06367841333319342,3,0.25,1.0,1,24,0.7741935483870966,8,8
8,16,matched_betti,0.5,max_full_branch_node_speed,all_interior,coexact,coexact,random_tangent,identity_stress,fresh_identity_05,9,next_token_logprob_delta,odd,0.7916666666666666,1,1.2174251132007643,0.029156359725348465,0.036184078797364044,3,0.25,1.0,1,23,0.7666666666666667,8,8
8,16,matched_betti,0.5,max_full_branch_node_speed,all_interior,coexact,coexact,random_tangent,literal_stable,fresh_literal_01,9,next_token_logprob_delta,odd,0.7916666666666666,1,-0.34474829395365053,0.04155580230893502,0.17928585281042583,3,0.25,1.0,2,"24,25",0.7903225806451614,8,8
8,16,matched_betti,0.5,max_full_branch_node_speed,all_interior,coexact,coexact,random_tangent,literal_stable,fresh_literal_02,9,next_token_logprob_delta,odd,0.7916666666666666,1,0.49508123029895196,0.024161334290842936,0.07358283228129602,3,0.25,1.0,2,"23,24",0.7833333333333335,8,8
8,16,matched_betti,0.5,max_full_branch_node_speed,all_interior,coexact,coexact,random_tangent,literal_stable,fresh_literal_03,9,next_token_logprob_delta,odd,0.7916666666666666,1,0.7809320126700338,0.017220042073109856,0.033318907554875335,3,0.25,1.0,2,"24,25",0.7903225806451614,8,8
8,16,matched_betti,0.5,max_full_branch_node_speed,all_interior,coexact,coexact,random_tangent,literal_stable,fresh_literal_04,9,next_token_logprob_delta,odd,0.7916666666666666,1,0.07674715876146973,0.025384869627341204,0.4472577502870809,3,0.25,1.0,3,"25,26,27",0.787878787878788,8,8
8,16,matched_betti,0.5,max_full_branch_node_speed,all_interior,coexact,coexact,random_tangent,literal_stable,fresh_literal_05,9,next_token_logprob_delta,odd,0.7916666666666666,1,-0.3970031136461329,0.029189124319177574,0.11047690630624282,3,0.25,1.0,3,"25,26,27",0.787878787878788,8,8
8,16,matched_betti,0.5,max_full_branch_node_speed,all_interior,coexact,coexact,random_tangent,metaphor_shift,fresh_metaphor_01,9,next_token_logprob_delta,odd,0.7916666666666666,1,0.24817565370492695,0.018864706302174284,0.11417019884094144,3,0.25,1.0,2,"23,24",0.7833333333333335,8,8
8,16,matched_betti,0.5,max_full_branch_node_speed,all_interior,coexact,coexact,random_tangent,metaphor_shift,fresh_metaphor_02,9,next_token_logprob_delta,odd,0.7916666666666666,1,1.1850804009955387,0.1058682694567025,0.13384544510326743,3,0.25,1.0,3,"24,25,26",0.78125,8,8
8,16,matched_betti,0.5,max_full_branch_node_speed,all_interior,coexact,coexact,random_tangent,metaphor_shift,fresh_metaphor_03,9,next_token_logprob_delta,odd,0.7916666666666666,1,1.3119108986088164,0.010824642917317025,0.012473445168073796,3,0.25,1.0,2,"25,26",0.796875,8,8
8,16,matched_betti,0.5,max_full_branch_node_speed,all_interior,coexact,coexact,random_tangent,metaphor_shift,fresh_metaphor_04,9,next_token_logprob_delta,odd,0.7916666666666666,1,1.5081293990620055,0.06286140045913624,0.06289205821704295,3,0.25,1.0,2,"24,25",0.7903225806451614,8,8
8,16,matched_betti,0.5,max_full_branch_node_speed,all_interior,coexact,coexact,random_tangent,metaphor_shift,fresh_metaphor_05,9,next_token_logprob_delta,odd,0.7916666666666666,1,0.23617450938519258,0.1899021513197813,0.7722798579720533,3,0.25,1.0,2,"23,24",0.7833333333333335,8,8
8,16,matched_betti,0.5,max_full_branch_node_speed,all_interior,coexact,coexact,random_tangent,ontology_collapse,fresh_ontology_01,9,next_token_logprob_delta,odd,0.7916666666666666,1,-0.8986641151533997,0.01642505373289458,0.027621968742115293,3,0.25,1.0,2,"23,24",0.7833333333333335,8,8
8,16,matched_betti,0.5,max_full_branch_node_speed,all_interior,coexact,coexact,random_tangent,ontology_collapse,fresh_ontology_02,9,next_token_logprob_delta,odd,0.7916666666666666,1,0.6754687822444738,0.04547022323521125,0.10125003598015796,3,0.25,1.0,2,"23,24",0.7833333333333335,8,8
8,16,matched_betti,0.5,max_full_branch_node_speed,all_interior,coexact,coexact,random_tangent,ontology_collapse,fresh_ontology_03,9,next_token_logprob_delta,odd,0.7916666666666666,1,0.5861323568728978,0.0349164965983134,0.08969984425790917,3,0.25,1.0,3,"24,25,26",0.78125,8,8
8,16,matched_betti,0.5,max_full_branch_node_speed,all_interior,coexact,coexact,random_tangent,ontology_collapse,fresh_ontology_04,9,next_token_logprob_delta,odd,0.7916666666666666,1,0.36864170706079497,0.03453796375299774,0.14024572457425175,3,0.25,1.0,3,"24,25,26",0.78125,8,8
8,16,matched_betti,0.5,max_full_branch_node_speed,all_interior,coexact,coexact,random_tangent,ontology_collapse,fresh_ontology_05,9,next_token_logprob_delta,odd,0.7916666666666666,1,0.8549887231575529,0.011722444070080816,0.020724090103765323,3,0.25,1.0,3,"25,26,27",0.787878787878788,8,8
8,16,matched_betti,0.5,max_full_branch_node_speed,all_interior,coexact,coexact,random_tangent,identity_stress,fresh_identity_01,10,next_token_logprob_delta,odd,0.875,1,-0.9174468813592814,0.016494361016929252,0.027170971552234635,3,0.25,1.0,1,29,0.90625,8,8
8,16,matched_betti,0.5,max_full_branch_node_speed,all_interior,coexact,coexact,random_tangent,identity_stress,fresh_identity_02,10,next_token_logprob_delta,odd,0.875,1,0.8288414232175801,0.051968997589837,0.09437159331748557,3,0.25,1.0,2,"26,27",0.8548387096774194,8,8
8,16,matched_betti,0.5,max_full_branch_node_speed,all_interior,coexact,coexact,random_tangent,identity_stress,fresh_identity_03,10,next_token_logprob_delta,odd,0.875,1,0.45523898632539933,0.008418150680512238,0.027945929942658314,3,0.25,1.0,3,"27,28,29",0.875,8,8
8,16,matched_betti,0.5,max_full_branch_node_speed,all_interior,coexact,coexact,random_tangent,identity_stress,fresh_identity_04,10,next_token_logprob_delta,odd,0.875,1,-0.35792549670178736,0.006191938236894615,0.02614547047958706,3,0.25,1.0,2,"27,28",0.8870967741935484,8,8
8,16,matched_betti,0.5,max_full_branch_node_speed,all_interior,coexact,coexact,random_tangent,identity_stress,fresh_identity_05,10,next_token_logprob_delta,odd,0.875,1,0.4465673503124392,0.013197309743700225,0.044635084536556256,3,0.25,1.0,3,"25,26,27",0.8666666666666667,8,8
8,16,matched_betti,0.5,max_full_branch_node_speed,all_interior,coexact,coexact,random_tangent,literal_stable,fresh_literal_01,10,next_token_logprob_delta,odd,0.875,1,1.099656241396352,0.06992866309978495,0.09569987155486169,3,0.25,1.0,1,28,0.9032258064516129,8,8
8,16,matched_betti,0.5,max_full_branch_node_speed,all_interior,coexact,coexact,random_tangent,literal_stable,fresh_literal_02,10,next_token_logprob_delta,odd,0.875,1,0.30509187479616806,0.0023530548350660673,0.011659578625143538,3,0.25,1.0,3,"25,26,27",0.8666666666666667,8,8
8,16,matched_betti,0.5,max_full_branch_node_speed,all_interior,coexact,coexact,random_tangent,literal_stable,fresh_literal_03,10,next_token_logprob_delta,odd,0.875,1,0.0305895279124821,0.06754897849762591,0.9579496257877219,3,0.25,1.0,3,"26,27,28",0.8709677419354839,8,8
8,16,matched_betti,0.5,max_full_branch_node_speed,all_interior,coexact,coexact,random_tangent,literal_stable,fresh_literal_04,10,next_token_logprob_delta,odd,0.875,1,-0.3317396156205423,0.025301045007162622,0.11454708444041949,3,0.25,1.0,3,"28,29,30",0.8787878787878788,8,8
8,16,matched_betti,0.5,max_full_branch_node_speed,all_interior,coexact,coexact,random_tangent,literal_stable,fresh_literal_05,10,next_token_logprob_delta,odd,0.875,1,0.2682359316250893,0.005263489520138234,0.02965355402102498,3,0.25,1.0,3,"28,29,30",0.8787878787878788,8,8
8,16,matched_betti,0.5,max_full_branch_node_speed,all_interior,coexact,coexact,random_tangent,metaphor_shift,fresh_metaphor_01,10,next_token_logprob_delta,odd,0.875,1,1.2328436621981875,0.0624496331363204,0.07635948914008213,3,0.25,1.0,3,"25,26,27",0.8666666666666667,8,8
8,16,matched_betti,0.5,max_full_branch_node_speed,all_interior,coexact,coexact,random_tangent,metaphor_shift,fresh_metaphor_02,10,next_token_logprob_delta,odd,0.875,1,-0.09799798859896904,0.006396655864524622,0.09820697428938378,3,0.25,1.0,3,"27,28,29",0.875,8,8
8,16,matched_betti,0.5,max_full_branch_node_speed,all_interior,coexact,coexact,random_tangent,metaphor_shift,fresh_metaphor_03,10,next_token_logprob_delta,odd,0.875,1,0.5450096577908004,0.005120942189736517,0.014204070889955591,3,0.25,1.0,3,"27,28,29",0.875,8,8
8,16,matched_betti,0.5,max_full_branch_node_speed,all_interior,coexact,coexact,random_tangent,metaphor_shift,fresh_metaphor_04,10,next_token_logprob_delta,odd,0.875,1,0.4099024476963389,0.008631351179585717,0.03181920187075838,3,0.25,1.0,3,"26,27,28",0.8709677419354839,8,8
8,16,matched_betti,0.5,max_full_branch_node_speed,all_interior,coexact,coexact,random_tangent,metaphor_shift,fresh_metaphor_05,10,next_token_logprob_delta,odd,0.875,1,0.47134037897714753,0.12616483755129523,0.37512968543246733,3,0.25,1.0,1,27,0.9,8,8
8,16,matched_betti,0.5,max_full_branch_node_speed,all_interior,coexact,coexact,random_tangent,ontology_collapse,fresh_ontology_01,10,next_token_logprob_delta,odd,0.875,1,-0.17272390404828072,0.07103274051220473,0.5280138977857359,3,0.25,1.0,3,"25,26,27",0.8666666666666667,8,8
8,16,matched_betti,0.5,max_full_branch_node_speed,all_interior,coexact,coexact,random_tangent,ontology_collapse,fresh_ontology_02,10,next_token_logprob_delta,odd,0.875,1,0.6744024946838834,0.005453713789082456,0.012225079442531052,3,0.25,1.0,3,"25,26,27",0.8666666666666667,8,8
8,16,matched_betti,0.5,max_full_branch_node_speed,all_interior,coexact,coexact,random_tangent,ontology_collapse,fresh_ontology_03,10,next_token_logprob_delta,odd,0.875,1,0.8197813844898953,0.0979932154863026,0.17784031695991215,3,0.25,1.0,2,"27,28",0.859375,8,8
8,16,matched_betti,0.5,max_full_branch_node_speed,all_interior,coexact,coexact,random_tangent,ontology_collapse,fresh_ontology_04,10,next_token_logprob_delta,odd,0.875,1,0.5059638288674551,0.009178551588340043,0.0274158918437235,3,0.25,1.0,3,"27,28,29",0.875,8,8
8,16,matched_betti,0.5,max_full_branch_node_speed,all_interior,coexact,coexact,random_tangent,ontology_collapse,fresh_ontology_05,10,next_token_logprob_delta,odd,0.875,1,-0.062484048252912906,0.07056122326472206,0.8628801790687165,3,0.25,1.0,2,"28,30",0.8787878787878788,8,8
8,16,matched_betti,0.5,max_full_branch_node_speed,all_interior,coexact,coexact,random_tangent,identity_stress,fresh_identity_01,11,next_token_logprob_delta,odd,0.9583333333333334,1,-0.6976052744236783,0.05943923980871489,0.12776170790940353,3,0.25,1.0,1,30,0.9375,8,8
8,16,matched_betti,0.5,max_full_branch_node_speed,all_interior,coexact,coexact,random_tangent,identity_stress,fresh_identity_02,11,next_token_logprob_delta,odd,0.9583333333333334,1,1.2820765907090288,0.09072557494420092,0.10637887198660873,3,0.25,1.0,2,"29,30",0.9516129032258065,8,8
8,16,matched_betti,0.5,max_full_branch_node_speed,all_interior,coexact,coexact,random_tangent,identity_stress,fresh_identity_03,11,next_token_logprob_delta,odd,0.9583333333333334,1,0.6115369903356067,0.007932775326883874,0.019607846209440987,3,0.25,1.0,2,"30,31",0.953125,8,8
8,16,matched_betti,0.5,max_full_branch_node_speed,all_interior,coexact,coexact,random_tangent,identity_stress,fresh_identity_04,11,next_token_logprob_delta,odd,0.9583333333333334,1,0.0018799571063429189,0.002773954032191643,0.9125120123955213,3,0.25,1.0,2,"29,30",0.9516129032258065,8,8
8,16,matched_betti,0.5,max_full_branch_node_speed,all_interior,coexact,coexact,random_tangent,identity_stress,fresh_identity_05,11,next_token_logprob_delta,odd,0.9583333333333334,1,-0.3310003384058,0.006362473006472995,0.02904859794041137,3,0.25,1.0,1,29,0.9666666666666667,8,8
8,16,matched_betti,0.5,max_full_branch_node_speed,all_interior,coexact,coexact,random_tangent,literal_stable,fresh_literal_01,11,next_token_logprob_delta,odd,0.9583333333333334,1,0.43398379801809356,0.005495778630761611,0.019141990898644944,3,0.25,1.0,2,"29,30",0.9516129032258065,8,8
8,16,matched_betti,0.5,max_full_branch_node_speed,all_interior,coexact,coexact,random_tangent,literal_stable,fresh_literal_02,11,next_token_logprob_delta,odd,0.9583333333333334,1,-0.03373106008596952,0.023790250697988454,0.7294203280255412,3,0.25,1.0,2,"28,29",0.9499999999999998,8,8
8,16,matched_betti,0.5,max_full_branch_node_speed,all_interior,coexact,coexact,random_tangent,literal_stable,fresh_literal_03,11,next_token_logprob_delta,odd,0.9583333333333334,1,0.6808910439756246,0.05115161394053442,0.11285204483004296,3,0.25,1.0,2,"29,30",0.9516129032258065,8,8
8,16,matched_betti,0.5,max_full_branch_node_speed,all_interior,coexact,coexact,random_tangent,literal_stable,fresh_literal_04,11,next_token_logprob_delta,odd,0.9583333333333334,1,-0.2751782111633175,0.0025709374801335763,0.014123590719709459,3,0.25,1.0,2,"31,32",0.9545454545454546,8,8
8,16,matched_betti,0.5,max_full_branch_node_speed,all_interior,coexact,coexact,random_tangent,literal_stable,fresh_literal_05,11,next_token_logprob_delta,odd,0.9583333333333334,1,0.23252531847798424,0.02309292076512963,0.1484836025912725,3,0.25,1.0,2,"31,32",0.9545454545454546,8,8
8,16,matched_betti,0.5,max_full_branch_node_speed,all_interior,coexact,coexact,random_tangent,metaphor_shift,fresh_metaphor_01,11,next_token_logprob_delta,odd,0.9583333333333334,1,-0.7454044732415173,0.08076253472711531,0.16165128364704678,3,0.25,1.0,2,"28,29",0.9499999999999998,8,8
8,16,matched_betti,0.5,max_full_branch_node_speed,all_interior,coexact,coexact,random_tangent,metaphor_shift,fresh_metaphor_02,11,next_token_logprob_delta,odd,0.9583333333333334,1,0.18493079619645814,0.010827932965316034,0.08817639841964066,3,0.25,1.0,2,"30,31",0.953125,8,8
8,16,matched_betti,0.5,max_full_branch_node_speed,all_interior,coexact,coexact,random_tangent,metaphor_shift,fresh_metaphor_03,11,next_token_logprob_delta,odd,0.9583333333333334,1,0.10721941126814676,0.019350661334634735,0.2632329130625564,3,0.25,1.0,2,"30,31",0.953125,8,8
8,16,matched_betti,0.5,max_full_branch_node_speed,all_interior,coexact,coexact,random_tangent,metaphor_shift,fresh_metaphor_04,11,next_token_logprob_delta,odd,0.9583333333333334,1,0.18154007308478942,0.024837654471045214,0.20255899065290411,3,0.25,1.0,2,"29,30",0.9516129032258065,8,8
8,16,matched_betti,0.5,max_full_branch_node_speed,all_interior,coexact,coexact,random_tangent,metaphor_shift,fresh_metaphor_05,11,next_token_logprob_delta,odd,0.9583333333333334,1,0.7336912174612941,0.05166677867658037,0.10586722670682745,3,0.25,1.0,2,"28,29",0.9499999999999998,8,8
8,16,matched_betti,0.5,max_full_branch_node_speed,all_interior,coexact,coexact,random_tangent,ontology_collapse,fresh_ontology_01,11,next_token_logprob_delta,odd,0.9583333333333334,1,0.9570282745709117,0.013215847629207519,0.020873082844477343,3,0.25,1.0,2,"28,29",0.9499999999999998,8,8
8,16,matched_betti,0.5,max_full_branch_node_speed,all_interior,coexact,coexact,random_tangent,ontology_collapse,fresh_ontology_03,11,next_token_logprob_delta,odd,0.9583333333333334,1,-2.7630528055936834,0.09372565249180906,0.05121650100149743,3,0.25,1.0,1,30,0.9375,8,8
8,16,matched_betti,0.5,max_full_branch_node_speed,all_interior,coexact,coexact,random_tangent,ontology_collapse,fresh_ontology_04,11,next_token_logprob_delta,odd,0.9583333333333334,1,0.3543841425509584,0.010351527044476247,0.04411822597107788,3,0.25,1.0,2,"30,31",0.953125,8,8
8,16,matched_betti,0.5,max_full_branch_node_speed,all_interior,coexact,coexact,random_tangent,identity_stress,fresh_identity_01,0,semantic_margin_delta,even,0.041666666666666664,2,0.06050692412855043,0.009096882995873213,0.24451198452123032,3,0.25,1.0,2,"1,2",0.046875,8,8
8,16,matched_betti,0.5,max_full_branch_node_speed,all_interior,coexact,coexact,random_tangent,identity_stress,fresh_identity_02,0,semantic_margin_delta,even,0.041666666666666664,2,-0.25180190541789477,0.0031218119298890732,0.020789935133595852,3,0.25,1.0,2,"1,2",0.04838709677419354,8,8
8,16,matched_betti,0.5,max_full_branch_node_speed,all_interior,coexact,coexact,random_tangent,identity_stress,fresh_identity_03,0,semantic_margin_delta,even,0.041666666666666664,2,-0.05204643486283379,0.02074037859001428,0.5556873225392249,3,0.25,1.0,2,"1,2",0.046875,8,8
8,16,matched_betti,0.5,max_full_branch_node_speed,all_interior,coexact,coexact,random_tangent,identity_stress,fresh_identity_04,0,semantic_margin_delta,even,0.041666666666666664,2,0.34746298160674005,0.03400948220649174,0.16200029897718687,3,0.25,1.0,2,"1,2",0.04838709677419354,8,8
8,16,matched_betti,0.5,max_full_branch_node_speed,all_interior,coexact,coexact,random_tangent,identity_stress,fresh_identity_05,0,semantic_margin_delta,even,0.041666666666666664,2,0.1078949454004993,0.007116624195029744,0.10995897826960897,3,0.25,1.0,2,"1,2",0.05000000000000001,8,8
8,16,matched_betti,0.5,max_full_branch_node_speed,all_interior,coexact,coexact,random_tangent,literal_stable,fresh_literal_01,0,semantic_margin_delta,even,0.041666666666666664,2,0.6245878937054867,0.021437048330219432,0.05747146840917225,3,0.25,1.0,2,"1,2",0.04838709677419354,8,8
8,16,matched_betti,0.5,max_full_branch_node_speed,all_interior,coexact,coexact,random_tangent,literal_stable,fresh_literal_02,0,semantic_margin_delta,even,0.041666666666666664,2,-0.21809250312685963,0.004280270088005408,0.03289989829461736,3,0.25,1.0,2,"1,2",0.05000000000000001,8,8
8,16,matched_betti,0.5,max_full_branch_node_speed,all_interior,coexact,coexact,random_tangent,literal_stable,fresh_literal_03,0,semantic_margin_delta,even,0.041666666666666664,2,0.004290782081662629,0.019681197897313246,0.991657806970705,3,0.25,1.0,2,"1,2",0.04838709677419354,8,8
8,16,matched_betti,0.5,max_full_branch_node_speed,all_interior,coexact,coexact,random_tangent,literal_stable,fresh_literal_04,0,semantic_margin_delta,even,0.041666666666666664,2,0.14742779283917734,0.039145456852799,0.40682899748448,3,0.25,1.0,2,"1,2",0.04545454545454545,8,8
8,16,matched_betti,0.5,max_full_branch_node_speed,all_interior,coexact,coexact,random_tangent,literal_stable,fresh_literal_05,0,semantic_margin_delta,even,0.041666666666666664,2,-0.10660668018879979,0.0027591890876764065,0.04336980858322118,3,0.25,1.0,2,"1,2",0.04545454545454545,8,8
8,16,matched_betti,0.5,max_full_branch_node_speed,all_interior,coexact,coexact,random_tangent,metaphor_shift,fresh_metaphor_01,0,semantic_margin_delta,even,0.041666666666666664,2,0.23187471705317425,0.013095653353503418,0.09430468096302369,3,0.25,1.0,2,"1,2",0.05000000000000001,8,8
8,16,matched_betti,0.5,max_full_branch_node_speed,all_interior,coexact,coexact,random_tangent,metaphor_shift,fresh_metaphor_02,0,semantic_margin_delta,even,0.041666666666666664,2,-0.3202029118226738,0.03112438423655683,0.16090830067862466,3,0.25,1.0,2,"1,2",0.046875,8,8
8,16,matched_betti,0.5,max_full_branch_node_speed,all_interior,coexact,coexact,random_tangent,metaphor_shift,fresh_metaphor_03,0,semantic_margin_delta,even,0.041666666666666664,2,0.13302397072988364,0.004611460890971953,0.05804636414717528,3,0.25,1.0,2,"1,2",0.046875,8,8
8,16,matched_betti,0.5,max_full_branch_node_speed,all_interior,coexact,coexact,random_tangent,metaphor_shift,fresh_metaphor_04,0,semantic_margin_delta,even,0.041666666666666664,2,-0.010512323735855327,0.012937197635182335,0.8999507970675106,3,0.25,1.0,2,"1,2",0.04838709677419354,8,8
8,16,matched_betti,0.5,max_full_branch_node_speed,all_interior,coexact,coexact,random_tangent,metaphor_shift,fresh_metaphor_05,0,semantic_margin_delta,even,0.041666666666666664,2,-0.13131416451680544,0.0038865456635208597,0.049581198106868146,3,0.25,1.0,2,"1,2",0.05000000000000001,8,8
8,16,matched_betti,0.5,max_full_branch_node_speed,all_interior,coexact,coexact,random_tangent,ontology_collapse,fresh_ontology_01,0,semantic_margin_delta,even,0.041666666666666664,2,-0.15462049313224108,0.005412328108942601,0.05860965224022956,3,0.25,1.0,2,"1,2",0.05000000000000001,8,8
8,16,matched_betti,0.5,max_full_branch_node_speed,all_interior,coexact,coexact,random_tangent,ontology_collapse,fresh_ontology_02,0,semantic_margin_delta,even,0.041666666666666664,2,-0.15735527746085343,0.008412676038722682,0.08931266806067116,3,0.25,1.0,2,"1,2",0.05000000000000001,8,8
8,16,matched_betti,0.5,max_full_branch_node_speed,all_interior,coexact,coexact,random_tangent,ontology_collapse,fresh_ontology_03,0,semantic_margin_delta,even,0.041666666666666664,2,-0.18417496154683258,0.009876608394491357,0.08958325975373566,3,0.25,1.0,2,"1,2",0.046875,8,8
8,16,matched_betti,0.5,max_full_branch_node_speed,all_interior,coexact,coexact,random_tangent,ontology_collapse,fresh_ontology_04,0,semantic_margin_delta,even,0.041666666666666664,2,0.09153780327692097,0.005865073914643406,0.10685105793468042,3,0.25,1.0,2,"1,2",0.046875,8,8
8,16,matched_betti,0.5,max_full_branch_node_speed,all_interior,coexact,coexact,random_tangent,ontology_collapse,fresh_ontology_05,0,semantic_margin_delta,even,0.041666666666666664,2,-0.2991351735066181,0.036821302145049625,0.20219337946246144,3,0.25,1.0,2,"1,2",0.04545454545454545,8,8
8,16,matched_betti,0.5,max_full_branch_node_speed,all_interior,coexact,coexact,random_tangent,identity_stress,fresh_identity_01,1,semantic_margin_delta,even,0.125,2,0.19195407613577967,0.00309817599523083,0.02706131857567004,3,0.25,1.0,3,"3,4,5",0.125,8,8
8,16,matched_betti,0.5,max_full_branch_node_speed,all_interior,coexact,coexact,random_tangent,identity_stress,fresh_identity_02,1,semantic_margin_delta,even,0.125,2,0.10208969571626143,0.008571817462526764,0.13945234990806976,3,0.25,1.0,3,"3,4,5",0.12903225806451613,8,8
8,16,matched_betti,0.5,max_full_branch_node_speed,all_interior,coexact,coexact,random_tangent,identity_stress,fresh_identity_03,1,semantic_margin_delta,even,0.125,2,0.05546090260809007,0.002275893373220516,0.06866540838535946,3,0.25,1.0,3,"3,4,5",0.125,8,8
8,16,matched_betti,0.5,max_full_branch_node_speed,all_interior,coexact,coexact,random_tangent,identity_stress,fresh_identity_04,1,semantic_margin_delta,even,0.125,2,0.24942628006999498,0.021001387154077737,0.1398353311232672,3,0.25,1.0,3,"3,4,5",0.12903225806451613,8,8
8,16,matched_betti,0.5,max_full_branch_node_speed,all_interior,coexact,coexact,random_tangent,identity_stress,fresh_identity_05,1,semantic_margin_delta,even,0.125,2,0.11852145909542576,0.1136601993151729,0.8492508880114061,3,0.25,1.0,2,"3,4",0.11666666666666665,8,8
8,16,matched_betti,0.5,max_full_branch_node_speed,all_interior,coexact,coexact,random_tangent,literal_stable,fresh_literal_01,1,semantic_margin_delta,even,0.125,2,-0.09538292287451886,0.005405226735747748,0.09462146182629055,3,0.25,1.0,3,"3,4,5",0.12903225806451613,8,8
8,16,matched_betti,0.5,max_full_branch_node_speed,all_interior,coexact,coexact,random_tangent,literal_stable,fresh_literal_02,1,semantic_margin_delta,even,0.125,2,-0.04459284494004417,0.00041486713231418904,0.01560235905701537,3,0.25,1.0,2,"3,4",0.11666666666666665,8,8
8,16,matched_betti,0.5,max_full_branch_node_speed,all_interior,coexact,coexact,random_tangent,literal_stable,fresh_literal_03,1,semantic_margin_delta,even,0.125,2,0.014257405714194453,0.009320434995881297,0.7388614006449682,3,0.25,1.0,3,"3,4,5",0.12903225806451613,8,8
8,16,matched_betti,0.5,max_full_branch_node_speed,all_interior,coexact,coexact,random_tangent,literal_stable,fresh_literal_04,1,semantic_margin_delta,even,0.125,2,-0.0004933541017749471,0.0028445117888460307,0.9946959521607772,3,0.25,1.0,3,"3,4,5",0.12121212121212122,8,8
8,16,matched_betti,0.5,max_full_branch_node_speed,all_interior,coexact,coexact,random_tangent,literal_stable,fresh_literal_05,1,semantic_margin_delta,even,0.125,2,0.010209748407161318,0.02325389638025485,0.9674041471451589,3,0.25,1.0,3,"3,4,5",0.12121212121212122,8,8
8,16,matched_betti,0.5,max_full_branch_node_speed,all_interior,coexact,coexact,random_tangent,metaphor_shift,fresh_metaphor_01,1,semantic_margin_delta,even,0.125,2,-0.06291520201971268,0.001113400744007996,0.029669072467079928,3,0.25,1.0,2,"3,4",0.11666666666666665,8,8
8,16,matched_betti,0.5,max_full_branch_node_speed,all_interior,coexact,coexact,random_tangent,metaphor_shift,fresh_metaphor_02,1,semantic_margin_delta,even,0.125,2,-0.1280278808748604,0.00753521362626578,0.09823911671675274,3,0.25,1.0,3,"3,4,5",0.125,8,8
8,16,matched_betti,0.5,max_full_branch_node_speed,all_interior,coexact,coexact,random_tangent,metaphor_shift,fresh_metaphor_03,1,semantic_margin_delta,even,0.125,2,-0.0900124969964192,0.007482922810595698,0.13809772792087588,3,0.25,1.0,3,"3,4,5",0.125,8,8
8,16,matched_betti,0.5,max_full_branch_node_speed,all_interior,coexact,coexact,random_tangent,metaphor_shift,fresh_metaphor_04,1,semantic_margin_delta,even,0.125,2,-0.21143020316437452,0.03897256509002889,0.29537145861007996,3,0.25,1.0,1,3,0.09677419354838708,8,8
8,16,matched_betti,0.5,max_full_branch_node_speed,all_interior,coexact,coexact,random_tangent,metaphor_shift,fresh_metaphor_05,1,semantic_margin_delta,even,0.125,2,0.13825804925584498,0.009373177621944203,0.11298116197336759,3,0.25,1.0,2,"3,4",0.11666666666666665,8,8
8,16,matched_betti,0.5,max_full_branch_node_speed,all_interior,coexact,coexact,random_tangent,ontology_collapse,fresh_ontology_01,1,semantic_margin_delta,even,0.125,2,0.052344195507928105,0.020295770833154914,0.5451850359470435,3,0.25,1.0,2,"3,4",0.11666666666666665,8,8
8,16,matched_betti,0.5,max_full_branch_node_speed,all_interior,coexact,coexact,random_tangent,ontology_collapse,fresh_ontology_02,1,semantic_margin_delta,even,0.125,2,0.21041405686567596,0.012679862868616894,0.10056155625271523,3,0.25,1.0,2,"3,4",0.11666666666666665,8,8
8,16,matched_betti,0.5,max_full_branch_node_speed,all_interior,coexact,coexact,random_tangent,ontology_collapse,fresh_ontology_03,1,semantic_margin_delta,even,0.125,2,0.03572763740228633,0.0015024594285570987,0.07035907265182859,3,0.25,1.0,3,"3,4,5",0.125,8,8
8,16,matched_betti,0.5,max_full_branch_node_speed,all_interior,coexact,coexact,random_tangent,ontology_collapse,fresh_ontology_04,1,semantic_margin_delta,even,0.125,2,0.014093358370802132,0.009951127323883847,0.7640505346496859,3,0.25,1.0,3,"3,4,5",0.125,8,8
8,16,matched_betti,0.5,max_full_branch_node_speed,all_interior,coexact,coexact,random_tangent,ontology_collapse,fresh_ontology_05,1,semantic_margin_delta,even,0.125,2,-0.0867477830080487,0.017702526666177408,0.323832094421328,3,0.25,1.0,3,"3,4,5",0.12121212121212122,8,8
8,16,matched_betti,0.5,max_full_branch_node_speed,all_interior,coexact,coexact,random_tangent,identity_stress,fresh_identity_01,2,semantic_margin_delta,even,0.20833333333333334,2,0.10697250975414707,0.011016531097067354,0.17021110181473692,3,0.25,1.0,2,"6,7",0.203125,8,8
8,16,matched_betti,0.5,max_full_branch_node_speed,all_interior,coexact,coexact,random_tangent,identity_stress,fresh_identity_02,2,semantic_margin_delta,even,0.20833333333333334,2,0.15319027143338124,0.01776604262789258,0.1909388089927728,3,0.25,1.0,2,"6,7",0.20967741935483866,8,8
8,16,matched_betti,0.5,max_full_branch_node_speed,all_interior,coexact,coexact,random_tangent,identity_stress,fresh_identity_03,2,semantic_margin_delta,even,0.20833333333333334,2,-0.0095032838092079,0.005666874163073298,0.7071630779760435,3,0.25,1.0,2,"6,7",0.203125,8,8
8,16,matched_betti,0.5,max_full_branch_node_speed,all_interior,coexact,coexact,random_tangent,identity_stress,fresh_identity_04,2,semantic_margin_delta,even,0.20833333333333334,2,0.22955540209005018,0.008197275806441492,0.05978658500956838,3,0.25,1.0,2,"6,7",0.20967741935483866,8,8
8,16,matched_betti,0.5,max_full_branch_node_speed,all_interior,coexact,coexact,random_tangent,identity_stress,fresh_identity_05,2,semantic_margin_delta,even,0.20833333333333334,2,0.01859331541433439,0.007333795973854702,0.551749962765417,3,0.25,1.0,3,"5,6,7",0.19999999999999998,8,8
8,16,matched_betti,0.5,max_full_branch_node_speed,all_interior,coexact,coexact,random_tangent,literal_stable,fresh_literal_01,2,semantic_margin_delta,even,0.20833333333333334,2,0.04255778028687637,0.01850399907795364,0.5892245108693364,3,0.25,1.0,2,"6,7",0.20967741935483866,8,8
8,16,matched_betti,0.5,max_full_branch_node_speed,all_interior,coexact,coexact,random_tangent,literal_stable,fresh_literal_02,2,semantic_margin_delta,even,0.20833333333333334,2,0.010481728814348352,0.0033740869794825147,0.47508867403843513,3,0.25,1.0,3,"5,6,7",0.19999999999999998,8,8
8,16,matched_betti,0.5,max_full_branch_node_speed,all_interior,coexact,coexact,random_tangent,literal_stable,fresh_literal_03,2,semantic_margin_delta,even,0.20833333333333334,2,-0.09929392629577188,0.012549927649629259,0.20738249352879579,3,0.25,1.0,2,"6,7",0.20967741935483866,8,8
8,16,matched_betti,0.5,max_full_branch_node_speed,all_interior,coexact,coexact,random_tangent,literal_stable,fresh_literal_04,2,semantic_margin_delta,even,0.20833333333333334,2,0.2748375439852745,0.032550718971626334,0.1948407183825877,3,0.25,1.0,3,"6,7,8",0.21212121212121213,8,8
8,16,matched_betti,0.5,max_full_branch_node_speed,all_interior,coexact,coexact,random_tangent,literal_stable,fresh_literal_05,2,semantic_margin_delta,even,0.20833333333333334,2,0.58865866647553,0.0021434589148581207,0.006107209363048182,3,0.25,1.0,3,"6,7,8",0.21212121212121213,8,8
8,16,matched_betti,0.5,max_full_branch_node_speed,all_interior,coexact,coexact,random_tangent,metaphor_shift,fresh_metaphor_01,2,semantic_margin_delta,even,0.20833333333333334,2,0.14749984365549096,0.02475077919920596,0.2709212918628036,3,0.25,1.0,2,"5,6",0.18333333333333335,8,8
8,16,matched_betti,0.5,max_full_branch_node_speed,all_interior,coexact,coexact,random_tangent,metaphor_shift,fresh_metaphor_02,2,semantic_margin_delta,even,0.20833333333333334,2,0.26113420864749437,0.008327495266548324,0.053410859555731924,3,0.25,1.0,1,7,0.21875,8,8
8,16,matched_betti,0.5,max_full_branch_node_speed,all_interior,coexact,coexact,random_tangent,metaphor_shift,fresh_metaphor_03,2,semantic_margin_delta,even,0.20833333333333334,2,-0.10922121367068947,0.015649751258714217,0.2336721285831237,3,0.25,1.0,2,"6,7",0.203125,8,8
8,16,matched_betti,0.5,max_full_branch_node_speed,all_interior,coexact,coexact,random_tangent,metaphor_shift,fresh_metaphor_04,2,semantic_margin_delta,even,0.20833333333333334,2,-0.04878163931006947,0.0008517035515118833,0.02927151615033949,3,0.25,1.0,2,"6,7",0.20967741935483866,8,8
8,16,matched_betti,0.5,max_full_branch_node_speed,all_interior,coexact,coexact,random_tangent,metaphor_shift,fresh_metaphor_05,2,semantic_margin_delta,even,0.20833333333333334,2,-0.09594291014513921,0.01650070607757548,0.27716124759378824,3,0.25,1.0,3,"5,6,7",0.19999999999999998,8,8
8,16,matched_betti,0.5,max_full_branch_node_speed,all_interior,coexact,coexact,random_tangent,ontology_collapse,fresh_ontology_01,2,semantic_margin_delta,even,0.20833333333333334,2,0.010446477587004161,0.0035392737459435373,0.49405776223231257,3,0.25,1.0,3,"5,6,7",0.19999999999999998,8,8
8,16,matched_betti,0.5,max_full_branch_node_speed,all_interior,coexact,coexact,random_tangent,ontology_collapse,fresh_ontology_02,2,semantic_margin_delta,even,0.20833333333333334,2,0.01510478482721326,0.028820457208441293,0.954486944589421,3,0.25,1.0,3,"5,6,7",0.19999999999999998,8,8
8,16,matched_betti,0.5,max_full_branch_node_speed,all_interior,coexact,coexact,random_tangent,ontology_collapse,fresh_ontology_03,2,semantic_margin_delta,even,0.20833333333333334,2,-0.35690846269901566,0.010997305337822385,0.05161186099804502,3,0.25,1.0,2,"6,7",0.203125,8,8
8,16,matched_betti,0.5,max_full_branch_node_speed,all_interior,coexact,coexact,random_tangent,ontology_collapse,fresh_ontology_04,2,semantic_margin_delta,even,0.20833333333333334,2,-0.3088460134110613,0.006966781788913777,0.037807579968871435,3,0.25,1.0,2,"6,7",0.203125,8,8
8,16,matched_betti,0.5,max_full_branch_node_speed,all_interior,coexact,coexact,random_tangent,ontology_collapse,fresh_ontology_05,2,semantic_margin_delta,even,0.20833333333333334,2,0.19602103630125667,0.007332574680736554,0.06261811450346248,3,0.25,1.0,3,"6,7,8",0.21212121212121213,8,8
8,16,matched_betti,0.5,max_full_branch_node_speed,all_interior,coexact,coexact,random_tangent,identity_stress,fresh_identity_01,3,semantic_margin_delta,even,0.2916666666666667,2,0.10308678054546137,0.0008470776516305229,0.0137809225092357,3,0.25,1.0,3,"8,9,10",0.28125,8,8
8,16,matched_betti,0.5,max_full_branch_node_speed,all_interior,coexact,coexact,random_tangent,identity_stress,fresh_identity_02,3,semantic_margin_delta,even,0.2916666666666667,2,-0.12963243776070205,0.0025607084367414495,0.033113683590517445,3,0.25,1.0,3,"8,9,10",0.2903225806451613,8,8
8,16,matched_betti,0.5,max_full_branch_node_speed,all_interior,coexact,coexact,random_tangent,identity_stress,fresh_identity_03,3,semantic_margin_delta,even,0.2916666666666667,2,-0.14272621617798484,0.011548970226134962,0.1344854947272101,3,0.25,1.0,3,"8,9,10",0.28125,8,8
8,16,matched_betti,0.5,max_full_branch_node_speed,all_interior,coexact,coexact,random_tangent,identity_stress,fresh_identity_04,3,semantic_margin_delta,even,0.2916666666666667,2,-0.09315094404139992,0.011167194771454399,0.1971285460168905,3,0.25,1.0,3,"8,9,10",0.2903225806451613,8,8
8,16,matched_betti,0.5,max_full_branch_node_speed,all_interior,coexact,coexact,random_tangent,identity_stress,fresh_identity_05,3,semantic_margin_delta,even,0.2916666666666667,2,0.014937708517200969,0.017411826917249622,0.8902965799393313,3,0.25,1.0,2,"8,9",0.2833333333333333,8,8
8,16,matched_betti,0.5,max_full_branch_node_speed,all_interior,coexact,coexact,random_tangent,literal_stable,fresh_literal_01,3,semantic_margin_delta,even,0.2916666666666667,2,-0.36340508298393254,0.006467591048385236,0.02983715686258757,3,0.25,1.0,3,"8,9,10",0.2903225806451613,8,8
8,16,matched_betti,0.5,max_full_branch_node_speed,all_interior,coexact,coexact,random_tangent,literal_stable,fresh_literal_02,3,semantic_margin_delta,even,0.2916666666666667,2,0.06264896435258589,0.0021160886998517476,0.056561828227200385,3,0.25,1.0,2,"8,9",0.2833333333333333,8,8
8,16,matched_betti,0.5,max_full_branch_node_speed,all_interior,coexact,coexact,random_tangent,literal_stable,fresh_literal_03,3,semantic_margin_delta,even,0.2916666666666667,2,0.21564149672795202,0.019149569059775072,0.14731985539796413,3,0.25,1.0,3,"8,9,10",0.2903225806451613,8,8
8,16,matched_betti,0.5,max_full_branch_node_speed,all_interior,coexact,coexact,random_tangent,literal_stable,fresh_literal_04,3,semantic_margin_delta,even,0.2916666666666667,2,-0.18273195723572497,0.0042955789619212375,0.03939754649095905,3,0.25,1.0,2,"9,10",0.28787878787878785,8,8
8,16,matched_betti,0.5,max_full_branch_node_speed,all_interior,coexact,coexact,random_tangent,literal_stable,fresh_literal_05,3,semantic_margin_delta,even,0.2916666666666667,2,-0.056247765786226554,0.017958452856729517,0.47207754268288027,3,0.25,1.0,2,"9,10",0.28787878787878785,8,8
8,16,matched_betti,0.5,max_full_branch_node_speed,all_interior,coexact,coexact,random_tangent,metaphor_shift,fresh_metaphor_01,3,semantic_margin_delta,even,0.2916666666666667,2,-0.1531304687010843,0.007569539168792436,0.08262653410628448,3,0.25,1.0,1,8,0.26666666666666666,8,8
8,16,matched_betti,0.5,max_full_branch_node_speed,all_interior,coexact,coexact,random_tangent,metaphor_shift,fresh_metaphor_02,3,semantic_margin_delta,even,0.2916666666666667,2,0.008185541844630358,0.016149201806208494,0.9572442364139512,3,0.25,1.0,3,"8,9,10",0.28125,8,8
8,16,matched_betti,0.5,max_full_branch_node_speed,all_interior,coexact,coexact,random_tangent,metaphor_shift,fresh_metaphor_03,3,semantic_margin_delta,even,0.2916666666666667,2,0.11733345252262763,0.03336893760005239,0.4305302481395533,3,0.25,1.0,3,"8,9,10",0.28125,8,8
8,16,matched_betti,0.5,max_full_branch_node_speed,all_interior,coexact,coexact,random_tangent,metaphor_shift,fresh_metaphor_04,3,semantic_margin_delta,even,0.2916666666666667,2,0.07466047668002412,0.0008252725913611965,0.018536653145274768,3,0.25,1.0,3,"8,9,10",0.2903225806451613,8,8
8,16,matched_betti,0.5,max_full_branch_node_speed,all_interior,coexact,coexact,random_tangent,metaphor_shift,fresh_metaphor_05,3,semantic_margin_delta,even,0.2916666666666667,2,-0.3057688182539452,0.010697536218710998,0.05857919916933848,3,0.25,1.0,2,"8,9",0.2833333333333333,8,8
8,16,matched_betti,0.5,max_full_branch_node_speed,all_interior,coexact,coexact,random_tangent,ontology_collapse,fresh_ontology_01,3,semantic_margin_delta,even,0.2916666666666667,2,0.08233954969395553,0.0027153309395244536,0.055226847717704204,3,0.25,1.0,2,"8,9",0.2833333333333333,8,8
8,16,matched_betti,0.5,max_full_branch_node_speed,all_interior,coexact,coexact,random_tangent,ontology_collapse,fresh_ontology_02,3,semantic_margin_delta,even,0.2916666666666667,2,-0.06038320271276507,0.0005674048115353583,0.015758766617023016,3,0.25,1.0,2,"8,9",0.2833333333333333,8,8
8,16,matched_betti,0.5,max_full_branch_node_speed,all_interior,coexact,coexact,random_tangent,ontology_collapse,fresh_ontology_03,3,semantic_margin_delta,even,0.2916666666666667,2,0.04276911542755691,8.683826598561083e-05,0.003405474579946038,3,0.25,1.0,3,"8,9,10",0.28125,8,8
8,16,matched_betti,0.5,max_full_branch_node_speed,all_interior,coexact,coexact,random_tangent,ontology_collapse,fresh_ontology_04,3,semantic_margin_delta,even,0.2916666666666667,2,-0.06251043702291954,0.048902140751744455,0.7953478298068171,3,0.25,1.0,3,"8,9,10",0.28125,8,8
8,16,matched_betti,0.5,max_full_branch_node_speed,all_interior,coexact,coexact,random_tangent,ontology_collapse,fresh_ontology_05,3,semantic_margin_delta,even,0.2916666666666667,2,0.07045465437929711,0.0011062119867039633,0.02632554768281558,3,0.25,1.0,2,"9,10",0.28787878787878785,8,8
8,16,matched_betti,0.5,max_full_branch_node_speed,all_interior,coexact,coexact,random_tangent,identity_stress,fresh_identity_01,4,semantic_margin_delta,even,0.375,2,0.00375412169663371,0.014198007299530937,0.9878008588696563,3,0.25,1.0,3,"11,12,13",0.375,8,8
8,16,matched_betti,0.5,max_full_branch_node_speed,all_interior,coexact,coexact,random_tangent,identity_stress,fresh_identity_02,4,semantic_margin_delta,even,0.375,2,0.032253213783108955,0.008293582474802481,0.39602648818222197,3,0.25,1.0,2,"11,12",0.3709677419354838,8,8
8,16,matched_betti,0.5,max_full_branch_node_speed,all_interior,coexact,coexact,random_tangent,identity_stress,fresh_identity_03,4,semantic_margin_delta,even,0.375,2,-0.11631008562360926,0.008393108977822089,0.12015638285696627,3,0.25,1.0,3,"11,12,13",0.375,8,8
8,16,matched_betti,0.5,max_full_branch_node_speed,all_interior,coexact,coexact,random_tangent,identity_stress,fresh_identity_04,4,semantic_margin_delta,even,0.375,2,0.0025166856490294706,0.004902622402882321,0.9562176734426956,3,0.25,1.0,2,"11,12",0.3709677419354838,8,8
8,16,matched_betti,0.5,max_full_branch_node_speed,all_interior,coexact,coexact,random_tangent,identity_stress,fresh_identity_05,4,semantic_margin_delta,even,0.375,2,0.015438141915981859,0.0018958531098014356,0.20173749062677115,3,0.25,1.0,3,"10,11,12",0.3666666666666667,8,8
8,16,matched_betti,0.5,max_full_branch_node_speed,all_interior,coexact,coexact,random_tangent,literal_stable,fresh_literal_01,4,semantic_margin_delta,even,0.375,2,-0.024639803233766192,0.005131759804530432,0.3297817923085514,3,0.25,1.0,1,11,0.3548387096774193,8,8
8,16,matched_betti,0.5,max_full_branch_node_speed,all_interior,coexact,coexact,random_tangent,literal_stable,fresh_literal_02,4,semantic_margin_delta,even,0.375,2,-0.04987323687565186,0.020134076081494177,0.5606762746817021,3,0.25,1.0,2,"10,11",0.3499999999999999,8,8
8,16,matched_betti,0.5,max_full_branch_node_speed,all_interior,coexact,coexact,random_tangent,literal_stable,fresh_literal_03,4,semantic_margin_delta,even,0.375,2,-0.07001022865165292,0.01258182894127691,0.28860075170910027,3,0.25,1.0,2,"11,12",0.3709677419354838,8,8
8,16,matched_betti,0.5,max_full_branch_node_speed,all_interior,coexact,coexact,random_tangent,literal_stable,fresh_literal_04,4,semantic_margin_delta,even,0.375,2,0.12054328340738422,0.01816176804957582,0.2450034264867238,3,0.25,1.0,3,"11,12,13",0.3636363636363636,8,8
8,16,matched_betti,0.5,max_full_branch_node_speed,all_interior,coexact,coexact,random_tangent,literal_stable,fresh_literal_05,4,semantic_margin_delta,even,0.375,2,0.462484604795906,0.015797870247053356,0.057199065822258435,3,0.25,1.0,3,"11,12,13",0.3636363636363636,8,8
8,16,matched_betti,0.5,max_full_branch_node_speed,all_interior,coexact,coexact,random_tangent,metaphor_shift,fresh_metaphor_01,4,semantic_margin_delta,even,0.375,2,-0.19789434871460196,0.0029453205800122123,0.024955322792809962,3,0.25,1.0,2,"11,12",0.3833333333333333,8,8
8,16,matched_betti,0.5,max_full_branch_node_speed,all_interior,coexact,coexact,random_tangent,metaphor_shift,fresh_metaphor_02,4,semantic_margin_delta,even,0.375,2,0.15567210161838954,0.0064956326088528825,0.06981503460561189,3,0.25,1.0,3,"11,12,13",0.375,8,8
8,16,matched_betti,0.5,max_full_branch_node_speed,all_interior,coexact,coexact,random_tangent,metaphor_shift,fresh_metaphor_03,4,semantic_margin_delta,even,0.375,2,0.014861676024883246,0.007510045509845976,0.6465702773047819,3,0.25,1.0,3,"11,12,13",0.375,8,8
8,16,matched_betti,0.5,max_full_branch_node_speed,all_interior,coexact,coexact,random_tangent,metaphor_shift,fresh_metaphor_04,4,semantic_margin_delta,even,0.375,2,-0.2310817674341213,0.015169435223300274,0.10944259825479008,3,0.25,1.0,2,"11,12",0.3709677419354838,8,8
8,16,matched_betti,0.5,max_full_branch_node_speed,all_interior,coexact,coexact,random_tangent,metaphor_shift,fresh_metaphor_05,4,semantic_margin_delta,even,0.375,2,-0.5916044231140973,0.012647943333418581,0.03583511110969978,3,0.25,1.0,3,"10,11,12",0.3666666666666667,8,8
8,16,matched_betti,0.5,max_full_branch_node_speed,all_interior,coexact,coexact,random_tangent,ontology_collapse,fresh_ontology_01,4,semantic_margin_delta,even,0.375,2,0.1319775130039184,0.0033223249870330336,0.04218467338243329,3,0.25,1.0,3,"10,11,12",0.3666666666666667,8,8
8,16,matched_betti,0.5,max_full_branch_node_speed,all_interior,coexact,coexact,random_tangent,ontology_collapse,fresh_ontology_02,4,semantic_margin_delta,even,0.375,2,0.05308573985119638,0.011845000321089708,0.35050377920956105,3,0.25,1.0,3,"10,11,12",0.3666666666666667,8,8
8,16,matched_betti,0.5,max_full_branch_node_speed,all_interior,coexact,coexact,random_tangent,ontology_collapse,fresh_ontology_03,4,semantic_margin_delta,even,0.375,2,0.17517239417625186,0.009569113990132147,0.091241002550699,3,0.25,1.0,3,"11,12,13",0.375,8,8
8,16,matched_betti,0.5,max_full_branch_node_speed,all_interior,coexact,coexact,random_tangent,ontology_collapse,fresh_ontology_04,4,semantic_margin_delta,even,0.375,2,-0.2004267606745843,0.005999423459029941,0.05014255280452459,3,0.25,1.0,3,"11,12,13",0.375,8,8
8,16,matched_betti,0.5,max_full_branch_node_speed,all_interior,coexact,coexact,random_tangent,ontology_collapse,fresh_ontology_05,4,semantic_margin_delta,even,0.375,2,0.16650573130550372,0.03433508501870222,0.3268678652519362,3,0.25,1.0,3,"11,12,13",0.3636363636363636,8,8
8,16,matched_betti,0.5,max_full_branch_node_speed,all_interior,coexact,coexact,random_tangent,identity_stress,fresh_identity_01,5,semantic_margin_delta,even,0.4583333333333333,2,-0.012056607834330215,0.01063809164636264,0.8285747138808296,3,0.25,1.0,2,"14,15",0.453125,8,8
8,16,matched_betti,0.5,max_full_branch_node_speed,all_interior,coexact,coexact,random_tangent,identity_stress,fresh_identity_02,5,semantic_margin_delta,even,0.4583333333333333,2,0.0028506435213235485,0.003609758161862434,0.9047338877735057,3,0.25,1.0,3,"13,14,15",0.4516129032258065,8,8
8,16,matched_betti,0.5,max_full_branch_node_speed,all_interior,coexact,coexact,random_tangent,identity_stress,fresh_identity_03,5,semantic_margin_delta,even,0.4583333333333333,2,-0.032819760068632,0.0020538691900423445,0.10438963555042734,3,0.25,1.0,2,"14,15",0.453125,8,8
8,16,matched_betti,0.5,max_full_branch_node_speed,all_interior,coexact,coexact,random_tangent,identity_stress,fresh_identity_04,5,semantic_margin_delta,even,0.4583333333333333,2,-0.17280306583361302,0.018417158810894924,0.1759705791448289,3,0.25,1.0,3,"13,14,15",0.4516129032258065,8,8
8,16,matched_betti,0.5,max_full_branch_node_speed,all_interior,coexact,coexact,random_tangent,identity_stress,fresh_identity_05,5,semantic_margin_delta,even,0.4583333333333333,2,-0.455894316714124,0.008699177995698495,0.031988289336265636,3,0.25,1.0,2,"13,14",0.45,8,8
8,16,matched_betti,0.5,max_full_branch_node_speed,all_interior,coexact,coexact,random_tangent,literal_stable,fresh_literal_01,5,semantic_margin_delta,even,0.4583333333333333,2,0.4071022415552778,0.03521876904150922,0.143597062253123,3,0.25,1.0,3,"13,14,15",0.4516129032258065,8,8
8,16,matched_betti,0.5,max_full_branch_node_speed,all_interior,coexact,coexact,random_tangent,literal_stable,fresh_literal_02,5,semantic_margin_delta,even,0.4583333333333333,2,0.08326809796815506,0.012132120519291223,0.2373897350412568,3,0.25,1.0,2,"13,14",0.45,8,8
8,16,matched_betti,0.5,max_full_branch_node_speed,all_interior,coexact,coexact,random_tangent,literal_stable,fresh_literal_03,5,semantic_margin_delta,even,0.4583333333333333,2,-0.18834299439230767,0.01321623581863668,0.11688809891986404,3,0.25,1.0,3,"13,14,15",0.4516129032258065,8,8
8,16,matched_betti,0.5,max_full_branch_node_speed,all_interior,coexact,coexact,random_tangent,literal_stable,fresh_literal_04,5,semantic_margin_delta,even,0.4583333333333333,2,-0.16215574291362142,0.05261892107991921,0.4780453994411519,3,0.25,1.0,2,"15,16",0.4696969696969697,8,8
8,16,matched_betti,0.5,max_full_branch_node_speed,all_interior,coexact,coexact,random_tangent,literal_stable,fresh_literal_05,5,semantic_margin_delta,even,0.4583333333333333,2,-0.04519415773021273,0.00464448162737554,0.16986217843820237,3,0.25,1.0,2,"14,15",0.4393939393939394,8,8
8,16,matched_betti,0.5,max_full_branch_node_speed,all_interior,coexact,coexact,random_tangent,metaphor_shift,fresh_metaphor_01,5,semantic_margin_delta,even,0.4583333333333333,2,-0.022838174260921818,0.00408571794679631,0.28739950458496716,3,0.25,1.0,2,"13,14",0.45,8,8
8,16,matched_betti,0.5,max_full_branch_node_speed,all_interior,coexact,coexact,random_tangent,metaphor_shift,fresh_metaphor_02,5,semantic_margin_delta,even,0.4583333333333333,2,0.012457216762120422,0.003081765887038324,0.3832504995524041,3,0.25,1.0,2,"14,15",0.453125,8,8
8,16,matched_betti,0.5,max_full_branch_node_speed,all_interior,coexact,coexact,random_tangent,metaphor_shift,fresh_metaphor_03,5,semantic_margin_delta,even,0.4583333333333333,2,-0.2868242235780457,0.008425002221272472,0.049207019577348986,3,0.25,1.0,2,"14,15",0.453125,8,8
8,16,matched_betti,0.5,max_full_branch_node_speed,all_interior,coexact,coexact,random_tangent,metaphor_shift,fresh_metaphor_04,5,semantic_margin_delta,even,0.4583333333333333,2,0.2860965187422989,0.019305695623802036,0.11246262285925043,3,0.25,1.0,3,"13,14,15",0.4516129032258065,8,8
8,16,matched_betti,0.5,max_full_branch_node_speed,all_interior,coexact,coexact,random_tangent,metaphor_shift,fresh_metaphor_05,5,semantic_margin_delta,even,0.4583333333333333,2,-0.005654713609264832,0.0011392415080998869,0.32012959427376175,3,0.25,1.0,2,"13,14",0.45,8,8
8,16,matched_betti,0.5,max_full_branch_node_speed,all_interior,coexact,coexact,random_tangent,ontology_collapse,fresh_ontology_01,5,semantic_margin_delta,even,0.4583333333333333,2,0.051283935549598696,0.018206975345455984,0.5116273762572533,3,0.25,1.0,2,"13,14",0.45,8,8
8,16,matched_betti,0.5,max_full_branch_node_speed,all_interior,coexact,coexact,random_tangent,ontology_collapse,fresh_ontology_02,5,semantic_margin_delta,even,0.4583333333333333,2,0.18893107375751803,0.003470397677339527,0.03079421395064153,3,0.25,1.0,2,"13,14",0.45,8,8
8,16,matched_betti,0.5,max_full_branch_node_speed,all_interior,coexact,coexact,random_tangent,ontology_collapse,fresh_ontology_03,5,semantic_margin_delta,even,0.4583333333333333,2,0.08695303434100767,0.0015192947924144696,0.02929342676772478,3,0.25,1.0,2,"14,15",0.453125,8,8
8,16,matched_betti,0.5,max_full_branch_node_speed,all_interior,coexact,coexact,random_tangent,ontology_collapse,fresh_ontology_04,5,semantic_margin_delta,even,0.4583333333333333,2,0.11297332847805207,0.01297635287958862,0.18917446128873147,3,0.25,1.0,1,15,0.46875,8,8
8,16,matched_betti,0.5,max_full_branch_node_speed,all_interior,coexact,coexact,random_tangent,ontology_collapse,fresh_ontology_05,5,semantic_margin_delta,even,0.4583333333333333,2,0.02092949159391364,0.00303612075576314,0.23641266012355394,3,0.25,1.0,3,"14,15,16",0.4545454545454546,8,8
8,16,matched_betti,0.5,max_full_branch_node_speed,all_interior,coexact,coexact,random_tangent,identity_stress,fresh_identity_01,6,semantic_margin_delta,even,0.5416666666666666,2,0.15439482138259775,0.013136343787331955,0.14127434714464956,3,0.25,1.0,3,"16,17,18",0.53125,8,8
8,16,matched_betti,0.5,max_full_branch_node_speed,all_interior,coexact,coexact,random_tangent,identity_stress,fresh_identity_02,6,semantic_margin_delta,even,0.5416666666666666,2,-0.19519455417491702,0.00046867235231576635,0.0040271462567215335,3,0.25,1.0,3,"16,17,18",0.5483870967741935,8,8
8,16,matched_betti,0.5,max_full_branch_node_speed,all_interior,coexact,coexact,random_tangent,identity_stress,fresh_identity_03,6,semantic_margin_delta,even,0.5416666666666666,2,0.1064214685506873,0.010004907110039872,0.15575788408762334,3,0.25,1.0,3,"16,17,18",0.53125,8,8
8,16,matched_betti,0.5,max_full_branch_node_speed,all_interior,coexact,coexact,random_tangent,identity_stress,fresh_identity_04,6,semantic_margin_delta,even,0.5416666666666666,2,-0.035374619715677076,0.016928795582272553,0.6259608226804395,3,0.25,1.0,3,"16,17,18",0.5483870967741935,8,8
8,16,matched_betti,0.5,max_full_branch_node_speed,all_interior,coexact,coexact,random_tangent,identity_stress,fresh_identity_05,6,semantic_margin_delta,even,0.5416666666666666,2,0.11454770953744461,0.0040274997408422985,0.058870066592904,3,0.25,1.0,3,"15,16,17",0.5333333333333333,8,8
8,16,matched_betti,0.5,max_full_branch_node_speed,all_interior,coexact,coexact,random_tangent,literal_stable,fresh_literal_01,6,semantic_margin_delta,even,0.5416666666666666,2,-0.0904568718555287,0.007331326143345432,0.13469894787240835,3,0.25,1.0,3,"16,17,18",0.5483870967741935,8,8
8,16,matched_betti,0.5,max_full_branch_node_speed,all_interior,coexact,coexact,random_tangent,literal_stable,fresh_literal_02,6,semantic_margin_delta,even,0.5416666666666666,2,0.06481490809900857,0.004304726687006919,0.11071129780789352,3,0.25,1.0,3,"15,16,17",0.5333333333333333,8,8
8,16,matched_betti,0.5,max_full_branch_node_speed,all_interior,coexact,coexact,random_tangent,literal_stable,fresh_literal_03,6,semantic_margin_delta,even,0.5416666666666666,2,0.03604609035656717,0.002893713632847622,0.1334427834841537,3,0.25,1.0,3,"16,17,18",0.5483870967741935,8,8
8,16,matched_betti,0.5,max_full_branch_node_speed,all_interior,coexact,coexact,random_tangent,literal_stable,fresh_literal_04,6,semantic_margin_delta,even,0.5416666666666666,2,0.2924699222306586,0.01970380018787106,0.11228274015723944,3,0.25,1.0,3,"17,18,19",0.5454545454545454,8,8
8,16,matched_betti,0.5,max_full_branch_node_speed,all_interior,coexact,coexact,random_tangent,literal_stable,fresh_literal_05,6,semantic_margin_delta,even,0.5416666666666666,2,-0.18793676174226043,0.006146656557504694,0.054773946541858694,3,0.25,1.0,3,"17,18,19",0.5454545454545454,8,8
8,16,matched_betti,0.5,max_full_branch_node_speed,all_interior,coexact,coexact,random_tangent,metaphor_shift,fresh_metaphor_01,6,semantic_margin_delta,even,0.5416666666666666,2,-0.05751067694261762,0.01436769243136456,0.38646635324859263,3,0.25,1.0,3,"15,16,17",0.5333333333333333,8,8
8,16,matched_betti,0.5,max_full_branch_node_speed,all_interior,coexact,coexact,random_tangent,metaphor_shift,fresh_metaphor_02,6,semantic_margin_delta,even,0.5416666666666666,2,-0.018332777538194876,0.013958451876054353,0.787334795966546,3,0.25,1.0,3,"16,17,18",0.53125,8,8
8,16,matched_betti,0.5,max_full_branch_node_speed,all_interior,coexact,coexact,random_tangent,metaphor_shift,fresh_metaphor_03,6,semantic_margin_delta,even,0.5416666666666666,2,0.022449847763013415,0.005358817908439555,0.3716818727140782,3,0.25,1.0,3,"16,17,18",0.53125,8,8
8,16,matched_betti,0.5,max_full_branch_node_speed,all_interior,coexact,coexact,random_tangent,metaphor_shift,fresh_metaphor_04,6,semantic_margin_delta,even,0.5416666666666666,2,0.1527632935121746,0.017126146876574586,0.18479695015477268,3,0.25,1.0,3,"16,17,18",0.5483870967741935,8,8
8,16,matched_betti,0.5,max_full_branch_node_speed,all_interior,coexact,coexact,random_tangent,metaphor_shift,fresh_metaphor_05,6,semantic_margin_delta,even,0.5416666666666666,2,0.2643215074410321,0.0073763238627313574,0.04675537481739478,3,0.25,1.0,3,"15,16,17",0.5333333333333333,8,8
8,16,matched_betti,0.5,max_full_branch_node_speed,all_interior,coexact,coexact,random_tangent,ontology_collapse,fresh_ontology_01,6,semantic_margin_delta,even,0.5416666666666666,2,-0.06009888916383488,0.0032034769127790553,0.08904831083641278,3,0.25,1.0,3,"15,16,17",0.5333333333333333,8,8
8,16,matched_betti,0.5,max_full_branch_node_speed,all_interior,coexact,coexact,random_tangent,ontology_collapse,fresh_ontology_02,6,semantic_margin_delta,even,0.5416666666666666,2,-0.032525828509010805,0.015048821388318194,0.6130754187840762,3,0.25,1.0,3,"15,16,17",0.5333333333333333,8,8
8,16,matched_betti,0.5,max_full_branch_node_speed,all_interior,coexact,coexact,random_tangent,ontology_collapse,fresh_ontology_03,6,semantic_margin_delta,even,0.5416666666666666,2,-0.0019983134304982007,0.0026637015750239448,0.9128485914627834,3,0.25,1.0,3,"16,17,18",0.53125,8,8
8,16,matched_betti,0.5,max_full_branch_node_speed,all_interior,coexact,coexact,random_tangent,ontology_collapse,fresh_ontology_04,6,semantic_margin_delta,even,0.5416666666666666,2,0.23886042798895507,0.0021799013788229285,0.015305272046312502,3,0.25,1.0,2,"16,17",0.515625,8,8
8,16,matched_betti,0.5,max_full_branch_node_speed,all_interior,coexact,coexact,random_tangent,ontology_collapse,fresh_ontology_05,6,semantic_margin_delta,even,0.5416666666666666,2,0.32037347375430353,0.028199192933400518,0.14604863680446667,3,0.25,1.0,3,"17,18,19",0.5454545454545454,8,8
8,16,matched_betti,0.5,max_full_branch_node_speed,all_interior,coexact,coexact,random_tangent,identity_stress,fresh_identity_01,7,semantic_margin_delta,even,0.625,2,0.11097194011531318,0.0003234145961863662,0.004888105104105833,3,0.25,1.0,3,"19,20,21",0.625,8,8
8,16,matched_betti,0.5,max_full_branch_node_speed,all_interior,coexact,coexact,random_tangent,identity_stress,fresh_identity_02,7,semantic_margin_delta,even,0.625,2,-0.13489438085215186,0.0035217713392669357,0.043747234400506894,3,0.25,1.0,2,"19,20",0.6290322580645161,8,8
8,16,matched_betti,0.5,max_full_branch_node_speed,all_interior,coexact,coexact,random_tangent,identity_stress,fresh_identity_03,7,semantic_margin_delta,even,0.625,2,0.007574849385060185,0.00820043285588504,0.8759461315875636,3,0.25,1.0,3,"19,20,21",0.625,8,8
8,16,matched_betti,0.5,max_full_branch_node_speed,all_interior,coexact,coexact,random_tangent,identity_stress,fresh_identity_04,7,semantic_margin_delta,even,0.625,2,-0.13106357285265968,0.025157687556183108,0.3064587348756554,3,0.25,1.0,2,"19,20",0.6290322580645161,8,8
8,16,matched_betti,0.5,max_full_branch_node_speed,all_interior,coexact,coexact,random_tangent,identity_stress,fresh_identity_05,7,semantic_margin_delta,even,0.625,2,-0.30552556864912533,0.01587603661546295,0.08682615911915892,3,0.25,1.0,2,"18,19",0.6166666666666667,8,8
8,16,matched_betti,0.5,max_full_branch_node_speed,all_interior,coexact,coexact,random_tangent,literal_stable,fresh_literal_01,7,semantic_margin_delta,even,0.625,2,-0.09789023835245632,0.0037156758856645867,0.06353592650873859,3,0.25,1.0,2,"19,20",0.6290322580645161,8,8
8,16,matched_betti,0.5,max_full_branch_node_speed,all_interior,coexact,coexact,random_tangent,literal_stable,fresh_literal_02,7,semantic_margin_delta,even,0.625,2,-0.3824818314997621,0.03134305599000409,0.13616513101258304,3,0.25,1.0,2,"18,19",0.6166666666666667,8,8
8,16,matched_betti,0.5,max_full_branch_node_speed,all_interior,coexact,coexact,random_tangent,literal_stable,fresh_literal_03,7,semantic_margin_delta,even,0.625,2,0.19730956374149333,0.01279719244951839,0.10814618808841267,3,0.25,1.0,2,"19,20",0.6290322580645161,8,8
8,16,matched_betti,0.5,max_full_branch_node_speed,all_interior,coexact,coexact,random_tangent,literal_stable,fresh_literal_04,7,semantic_margin_delta,even,0.625,2,0.11070188381459115,0.002364264864521979,0.03579826242013218,3,0.25,1.0,2,"20,21",0.6212121212121212,8,8
8,16,matched_betti,0.5,max_full_branch_node_speed,all_interior,coexact,coexact,random_tangent,literal_stable,fresh_literal_05,7,semantic_margin_delta,even,0.625,2,0.047944035409643294,0.013770255909268085,0.43399981681520045,3,0.25,1.0,2,"20,21",0.6212121212121212,8,8
8,16,matched_betti,0.5,max_full_branch_node_speed,all_interior,coexact,coexact,random_tangent,metaphor_shift,fresh_metaphor_01,7,semantic_margin_delta,even,0.625,2,0.12546110159540816,0.002267926588912637,0.03030537480680482,3,0.25,1.0,2,"18,19",0.6166666666666667,8,8
8,16,matched_betti,0.5,max_full_branch_node_speed,all_interior,coexact,coexact,random_tangent,metaphor_shift,fresh_metaphor_02,7,semantic_margin_delta,even,0.625,2,-0.14094017345064305,0.004962345501644502,0.05895158951349298,3,0.25,1.0,2,"19,21",0.625,8,8
8,16,matched_betti,0.5,max_full_branch_node_speed,all_interior,coexact,coexact,random_tangent,metaphor_shift,fresh_metaphor_03,7,semantic_margin_delta,even,0.625,2,0.1395025330501566,0.0005040056765893973,0.006059609633727766,3,0.25,1.0,3,"19,20,21",0.625,8,8
8,16,matched_betti,0.5,max_full_branch_node_speed,all_interior,coexact,coexact,random_tangent,metaphor_shift,fresh_metaphor_04,7,semantic_margin_delta,even,0.625,2,0.209630450885018,0.01614817642380788,0.12813667993817035,3,0.25,1.0,2,"19,20",0.6290322580645161,8,8
8,16,matched_betti,0.5,max_full_branch_node_speed,all_interior,coexact,coexact,random_tangent,metaphor_shift,fresh_metaphor_05,7,semantic_margin_delta,even,0.625,2,-0.3963981748216827,0.007663506454012418,0.03240909974395732,3,0.25,1.0,2,"18,19",0.6166666666666667,8,8
8,16,matched_betti,0.5,max_full_branch_node_speed,all_interior,coexact,coexact,random_tangent,ontology_collapse,fresh_ontology_01,7,semantic_margin_delta,even,0.625,2,0.08065088261736128,0.013990759410371652,0.2793735186165937,3,0.25,1.0,2,"18,19",0.6166666666666667,8,8
8,16,matched_betti,0.5,max_full_branch_node_speed,all_interior,coexact,coexact,random_tangent,ontology_collapse,fresh_ontology_02,7,semantic_margin_delta,even,0.625,2,0.1354249490060883,0.04305371546567622,0.4705144338985671,3,0.25,1.0,2,"18,19",0.6166666666666667,8,8
8,16,matched_betti,0.5,max_full_branch_node_speed,all_interior,coexact,coexact,random_tangent,ontology_collapse,fresh_ontology_03,7,semantic_margin_delta,even,0.625,2,-0.09255958214281088,0.0015316336759145675,0.027743778046726557,3,0.25,1.0,2,"19,21",0.625,8,8
8,16,matched_betti,0.5,max_full_branch_node_speed,all_interior,coexact,coexact,random_tangent,ontology_collapse,fresh_ontology_04,7,semantic_margin_delta,even,0.625,2,0.3581296685590381,0.010181368868032998,0.04762905817592769,3,0.25,1.0,3,"19,20,21",0.625,8,8
8,16,matched_betti,0.5,max_full_branch_node_speed,all_interior,coexact,coexact,random_tangent,ontology_collapse,fresh_ontology_05,7,semantic_margin_delta,even,0.625,2,-0.06867886724483889,0.035692944838106165,0.6570872568151012,3,0.25,1.0,2,"20,21",0.6212121212121212,8,8
8,16,matched_betti,0.5,max_full_branch_node_speed,all_interior,coexact,coexact,random_tangent,identity_stress,fresh_identity_01,8,semantic_margin_delta,even,0.7083333333333334,2,0.21846173343081263,0.016026172193668402,0.12212114934393195,3,0.25,1.0,2,"22,23",0.703125,8,8
8,16,matched_betti,0.5,max_full_branch_node_speed,all_interior,coexact,coexact,random_tangent,identity_stress,fresh_identity_02,8,semantic_margin_delta,even,0.7083333333333334,2,-0.21190941531069943,0.020289049181558824,0.15855570512875902,3,0.25,1.0,3,"21,22,23",0.7096774193548386,8,8
8,16,matched_betti,0.5,max_full_branch_node_speed,all_interior,coexact,coexact,random_tangent,identity_stress,fresh_identity_03,8,semantic_margin_delta,even,0.7083333333333334,2,-0.13509791193976778,0.014126569805881286,0.1727463040231524,3,0.25,1.0,2,"22,23",0.703125,8,8
8,16,matched_betti,0.5,max_full_branch_node_speed,all_interior,coexact,coexact,random_tangent,identity_stress,fresh_identity_04,8,semantic_margin_delta,even,0.7083333333333334,2,0.08199019177976107,0.0007928945991377265,0.01621794121649002,3,0.25,1.0,3,"21,22,23",0.7096774193548386,8,8
8,16,matched_betti,0.5,max_full_branch_node_speed,all_interior,coexact,coexact,random_tangent,identity_stress,fresh_identity_05,8,semantic_margin_delta,even,0.7083333333333334,2,-0.4402593851958703,0.010252034818827126,0.03902741070163284,3,0.25,1.0,2,"20,21",0.6833333333333332,8,8
8,16,matched_betti,0.5,max_full_branch_node_speed,all_interior,coexact,coexact,random_tangent,literal_stable,fresh_literal_01,8,semantic_margin_delta,even,0.7083333333333334,2,-0.35671880069143785,0.005980790800377899,0.028109961312924165,3,0.25,1.0,2,"22,23",0.7258064516129034,8,8
8,16,matched_betti,0.5,max_full_branch_node_speed,all_interior,coexact,coexact,random_tangent,literal_stable,fresh_literal_02,8,semantic_margin_delta,even,0.7083333333333334,2,-0.18954212114443214,0.009975464595335529,0.08793083783019975,3,0.25,1.0,3,"20,21,22",0.6999999999999998,8,8
8,16,matched_betti,0.5,max_full_branch_node_speed,all_interior,coexact,coexact,random_tangent,literal_stable,fresh_literal_03,8,semantic_margin_delta,even,0.7083333333333334,2,-0.3390652125862637,0.014680398826950524,0.07242887943024406,3,0.25,1.0,3,"21,22,23",0.7096774193548386,8,8
8,16,matched_betti,0.5,max_full_branch_node_speed,all_interior,coexact,coexact,random_tangent,literal_stable,fresh_literal_04,8,semantic_margin_delta,even,0.7083333333333334,2,-0.0021392596611676906,0.0159579422438589,0.9968211504527861,3,0.25,1.0,3,"22,23,24",0.6969696969696969,8,8
8,16,matched_betti,0.5,max_full_branch_node_speed,all_interior,coexact,coexact,random_tangent,literal_stable,fresh_literal_05,8,semantic_margin_delta,even,0.7083333333333334,2,-0.137571099152805,0.0077446928828139635,0.09400454514378291,3,0.25,1.0,3,"22,23,24",0.6969696969696969,8,8
8,16,matched_betti,0.5,max_full_branch_node_speed,all_interior,coexact,coexact,random_tangent,metaphor_shift,fresh_metaphor_01,8,semantic_margin_delta,even,0.7083333333333334,2,-0.03625150704786622,0.0011372286024719802,0.05254370064672715,3,0.25,1.0,3,"20,21,22",0.6999999999999998,8,8
8,16,matched_betti,0.5,max_full_branch_node_speed,all_interior,coexact,coexact,random_tangent,metaphor_shift,fresh_metaphor_02,8,semantic_margin_delta,even,0.7083333333333334,2,-0.18792503553056397,0.01376596459452053,0.12194608973271805,3,0.25,1.0,2,"22,23",0.703125,8,8
8,16,matched_betti,0.5,max_full_branch_node_speed,all_interior,coexact,coexact,random_tangent,metaphor_shift,fresh_metaphor_03,8,semantic_margin_delta,even,0.7083333333333334,2,-0.10867421350442791,0.0072163825682092075,0.1106917523997109,3,0.25,1.0,2,"22,23",0.703125,8,8
8,16,matched_betti,0.5,max_full_branch_node_speed,all_interior,coexact,coexact,random_tangent,metaphor_shift,fresh_metaphor_04,8,semantic_margin_delta,even,0.7083333333333334,2,0.10469866289073432,0.015004356066224238,0.23371068124686306,3,0.25,1.0,3,"21,22,23",0.7096774193548386,8,8
8,16,matched_betti,0.5,max_full_branch_node_speed,all_interior,coexact,coexact,random_tangent,metaphor_shift,fresh_metaphor_05,8,semantic_margin_delta,even,0.7083333333333334,2,-0.16841205045963653,0.0017405758767248274,0.017332205959924307,3,0.25,1.0,3,"20,21,22",0.6999999999999998,8,8
8,16,matched_betti,0.5,max_full_branch_node_speed,all_interior,coexact,coexact,random_tangent,ontology_collapse,fresh_ontology_01,8,semantic_margin_delta,even,0.7083333333333334,2,0.21656652308874735,0.0007303403674075317,0.0056562203602039274,3,0.25,1.0,2,"20,21",0.6833333333333332,8,8
8,16,matched_betti,0.5,max_full_branch_node_speed,all_interior,coexact,coexact,random_tangent,ontology_collapse,fresh_ontology_02,8,semantic_margin_delta,even,0.7083333333333334,2,-0.3625148174542656,0.040172779512816746,0.18273859619279872,3,0.25,1.0,3,"20,21,22",0.6999999999999998,8,8
8,16,matched_betti,0.5,max_full_branch_node_speed,all_interior,coexact,coexact,random_tangent,ontology_collapse,fresh_ontology_03,8,semantic_margin_delta,even,0.7083333333333334,2,-0.09358064983621937,0.0023774496765681325,0.042572645803749254,3,0.25,1.0,2,"22,23",0.703125,8,8
8,16,matched_betti,0.5,max_full_branch_node_speed,all_interior,coexact,coexact,random_tangent,ontology_collapse,fresh_ontology_04,8,semantic_margin_delta,even,0.7083333333333334,2,-0.22905314889233797,0.021253184656576628,0.15377665517314903,3,0.25,1.0,1,22,0.6875,8,8
8,16,matched_betti,0.5,max_full_branch_node_speed,all_interior,coexact,coexact,random_tangent,ontology_collapse,fresh_ontology_05,8,semantic_margin_delta,even,0.7083333333333334,2,-0.2918662792700538,0.0032313406634698985,0.018566209476566533,3,0.25,1.0,3,"22,23,24",0.6969696969696969,8,8
8,16,matched_betti,0.5,max_full_branch_node_speed,all_interior,coexact,coexact,random_tangent,identity_stress,fresh_identity_01,9,semantic_margin_delta,even,0.7916666666666666,2,0.26929849683110507,0.019963955663748263,0.12339013340713993,3,0.25,1.0,2,"24,25",0.765625,8,8
8,16,matched_betti,0.5,max_full_branch_node_speed,all_interior,coexact,coexact,random_tangent,identity_stress,fresh_identity_03,9,semantic_margin_delta,even,0.7916666666666666,2,-0.6309719042070752,0.01050146776326039,0.027904235065977622,3,0.25,1.0,3,"24,25,26",0.78125,8,8
8,16,matched_betti,0.5,max_full_branch_node_speed,all_interior,coexact,coexact,random_tangent,identity_stress,fresh_identity_04,9,semantic_margin_delta,even,0.7916666666666666,2,-0.023958353999119213,0.0033960076880647787,0.2312978430682876,3,0.25,1.0,1,24,0.7741935483870966,8,8
8,16,matched_betti,0.5,max_full_branch_node_speed,all_interior,coexact,coexact,random_tangent,identity_stress,fresh_identity_05,9,semantic_margin_delta,even,0.7916666666666666,2,-0.165925754161979,0.0049799685317513335,0.05027620720075966,3,0.25,1.0,1,23,0.7666666666666667,8,8
8,16,matched_betti,0.5,max_full_branch_node_speed,all_interior,coexact,coexact,random_tangent,literal_stable,fresh_literal_01,9,semantic_margin_delta,even,0.7916666666666666,2,-0.47302650434647,0.06890721090190513,0.237349053748868,3,0.25,1.0,2,"24,25",0.7903225806451614,8,8
8,16,matched_betti,0.5,max_full_branch_node_speed,all_interior,coexact,coexact,random_tangent,literal_stable,fresh_literal_02,9,semantic_margin_delta,even,0.7916666666666666,2,-0.4460630654216699,0.002887336537871945,0.010856124995655608,3,0.25,1.0,2,"23,24",0.7833333333333335,8,8
8,16,matched_betti,0.5,max_full_branch_node_speed,all_interior,coexact,coexact,random_tangent,literal_stable,fresh_literal_03,9,semantic_margin_delta,even,0.7916666666666666,2,-0.11000898543887612,0.007309007378740508,0.11075148370461521,3,0.25,1.0,2,"24,25",0.7903225806451614,8,8
8,16,matched_betti,0.5,max_full_branch_node_speed,all_interior,coexact,coexact,random_tangent,literal_stable,fresh_literal_04,9,semantic_margin_delta,even,0.7916666666666666,2,0.06082952130545068,0.011412335286491231,0.3001627509726504,3,0.25,1.0,3,"25,26,27",0.787878787878788,8,8
8,16,matched_betti,0.5,max_full_branch_node_speed,all_interior,coexact,coexact,random_tangent,literal_stable,fresh_literal_05,9,semantic_margin_delta,even,0.7916666666666666,2,0.019707115907487444,0.01235464768872958,0.7246272673128542,3,0.25,1.0,3,"25,26,27",0.787878787878788,8,8
8,16,matched_betti,0.5,max_full_branch_node_speed,all_interior,coexact,coexact,random_tangent,metaphor_shift,fresh_metaphor_01,9,semantic_margin_delta,even,0.7916666666666666,2,-0.2387240894523325,0.005453469313910053,0.03828753064639687,3,0.25,1.0,2,"23,24",0.7833333333333335,8,8
8,16,matched_betti,0.5,max_full_branch_node_speed,all_interior,coexact,coexact,random_tangent,metaphor_shift,fresh_metaphor_02,9,semantic_margin_delta,even,0.7916666666666666,2,-0.5705758941437192,0.058278497865448246,0.16885462563478634,3,0.25,1.0,3,"24,25,26",0.78125,8,8
8,16,matched_betti,0.5,max_full_branch_node_speed,all_interior,coexact,coexact,random_tangent,metaphor_shift,fresh_metaphor_03,9,semantic_margin_delta,even,0.7916666666666666,2,-0.14759944025980012,0.0009260208197214077,0.010522314623738942,3,0.25,1.0,2,"25,26",0.796875,8,8
8,16,matched_betti,0.5,max_full_branch_node_speed,all_interior,coexact,coexact,random_tangent,metaphor_shift,fresh_metaphor_04,9,semantic_margin_delta,even,0.7916666666666666,2,-0.21292127658132526,0.021046865466481986,0.16356085639523926,3,0.25,1.0,2,"24,25",0.7903225806451614,8,8
8,16,matched_betti,0.5,max_full_branch_node_speed,all_interior,coexact,coexact,random_tangent,metaphor_shift,fresh_metaphor_05,9,semantic_margin_delta,even,0.7916666666666666,2,-0.08687590013895193,0.034634271192692634,0.5558474418478283,3,0.25,1.0,2,"23,24",0.7833333333333335,8,8
8,16,matched_betti,0.5,max_full_branch_node_speed,all_interior,coexact,coexact,random_tangent,ontology_collapse,fresh_ontology_01,9,semantic_margin_delta,even,0.7916666666666666,2,0.16289364895791664,0.00819227316615826,0.08405430119920888,3,0.25,1.0,2,"23,24",0.7833333333333335,8,8
8,16,matched_betti,0.5,max_full_branch_node_speed,all_interior,coexact,coexact,random_tangent,ontology_collapse,fresh_ontology_02,9,semantic_margin_delta,even,0.7916666666666666,2,-0.33818514877814937,0.013153644107542644,0.06509815296421913,3,0.25,1.0,2,"23,24",0.7833333333333335,8,8
8,16,matched_betti,0.5,max_full_branch_node_speed,all_interior,coexact,coexact,random_tangent,ontology_collapse,fresh_ontology_03,9,semantic_margin_delta,even,0.7916666666666666,2,-0.15616152930509122,0.0054801997564335545,0.05875848790004118,3,0.25,1.0,3,"24,25,26",0.78125,8,8
8,16,matched_betti,0.5,max_full_branch_node_speed,all_interior,coexact,coexact,random_tangent,ontology_collapse,fresh_ontology_04,9,semantic_margin_delta,even,0.7916666666666666,2,0.1030760954996216,0.0018525298251189195,0.030130705960046876,3,0.25,1.0,3,"24,25,26",0.78125,8,8
8,16,matched_betti,0.5,max_full_branch_node_speed,all_interior,coexact,coexact,random_tangent,ontology_collapse,fresh_ontology_05,9,semantic_margin_delta,even,0.7916666666666666,2,0.11979221559150113,0.0032066010659378493,0.04485164263723464,3,0.25,1.0,3,"25,26,27",0.787878787878788,8,8
8,16,matched_betti,0.5,max_full_branch_node_speed,all_interior,coexact,coexact,random_tangent,identity_stress,fresh_identity_01,10,semantic_margin_delta,even,0.875,2,0.11095935053079911,0.013735005420953406,0.20328259023746562,3,0.25,1.0,1,29,0.90625,8,8
8,16,matched_betti,0.5,max_full_branch_node_speed,all_interior,coexact,coexact,random_tangent,identity_stress,fresh_identity_02,10,semantic_margin_delta,even,0.875,2,-0.14837675361623634,0.007654795791957042,0.08620792824488939,3,0.25,1.0,2,"26,27",0.8548387096774194,8,8
8,16,matched_betti,0.5,max_full_branch_node_speed,all_interior,coexact,coexact,random_tangent,identity_stress,fresh_identity_03,10,semantic_margin_delta,even,0.875,2,-0.09699273883112979,0.008639086229062122,0.14775250870395334,3,0.25,1.0,3,"27,28,29",0.875,8,8
8,16,matched_betti,0.5,max_full_branch_node_speed,all_interior,coexact,coexact,random_tangent,identity_stress,fresh_identity_04,10,semantic_margin_delta,even,0.875,2,0.19438633411984968,0.0037672093692107675,0.032488076557813425,3,0.25,1.0,2,"27,28",0.8870967741935484,8,8
8,16,matched_betti,0.5,max_full_branch_node_speed,all_interior,coexact,coexact,random_tangent,identity_stress,fresh_identity_05,10,semantic_margin_delta,even,0.875,2,0.4106643219502359,0.003949264920401353,0.016127687242924432,3,0.25,1.0,3,"25,26,27",0.8666666666666667,8,8
8,16,matched_betti,0.5,max_full_branch_node_speed,all_interior,coexact,coexact,random_tangent,literal_stable,fresh_literal_01,10,semantic_margin_delta,even,0.875,2,0.047914183529841274,0.0015007123956239192,0.052460717194391174,3,0.25,1.0,1,28,0.9032258064516129,8,8
8,16,matched_betti,0.5,max_full_branch_node_speed,all_interior,coexact,coexact,random_tangent,literal_stable,fresh_literal_02,10,semantic_margin_delta,even,0.875,2,-0.10912322337742592,0.004959310626213139,0.07600555740398969,3,0.25,1.0,3,"25,26,27",0.8666666666666667,8,8
8,16,matched_betti,0.5,max_full_branch_node_speed,all_interior,coexact,coexact,random_tangent,literal_stable,fresh_literal_03,10,semantic_margin_delta,even,0.875,2,-0.19787546268402054,0.0020647327438099794,0.017498655733199493,3,0.25,1.0,3,"26,27,28",0.8709677419354839,8,8
8,16,matched_betti,0.5,max_full_branch_node_speed,all_interior,coexact,coexact,random_tangent,literal_stable,fresh_literal_04,10,semantic_margin_delta,even,0.875,2,-0.1661000851176728,0.0066350901336786165,0.06685034597598444,3,0.25,1.0,3,"28,29,30",0.8787878787878788,8,8
8,16,matched_betti,0.5,max_full_branch_node_speed,all_interior,coexact,coexact,random_tangent,literal_stable,fresh_literal_05,10,semantic_margin_delta,even,0.875,2,0.06643373465743543,0.01999263255973401,0.45060626771786405,3,0.25,1.0,3,"28,29,30",0.8787878787878788,8,8
8,16,matched_betti,0.5,max_full_branch_node_speed,all_interior,coexact,coexact,random_tangent,metaphor_shift,fresh_metaphor_01,10,semantic_margin_delta,even,0.875,2,-0.007931995416800269,0.0007822293227973389,0.1631885889733825,3,0.25,1.0,3,"25,26,27",0.8666666666666667,8,8
8,16,matched_betti,0.5,max_full_branch_node_speed,all_interior,coexact,coexact,random_tangent,metaphor_shift,fresh_metaphor_02,10,semantic_margin_delta,even,0.875,2,-0.717750754219233,0.05974242866584157,0.13826649957475093,3,0.25,1.0,3,"27,28,29",0.875,8,8
8,16,matched_betti,0.5,max_full_branch_node_speed,all_interior,coexact,coexact,random_tangent,metaphor_shift,fresh_metaphor_03,10,semantic_margin_delta,even,0.875,2,0.35295106760843203,0.010671477848365111,0.050646756206338586,3,0.25,1.0,3,"27,28,29",0.875,8,8
8,16,matched_betti,0.5,max_full_branch_node_speed,all_interior,coexact,coexact,random_tangent,metaphor_shift,fresh_metaphor_04,10,semantic_margin_delta,even,0.875,2,0.20104838768170416,0.007842347799062798,0.06528558291683619,3,0.25,1.0,3,"26,27,28",0.8709677419354839,8,8
8,16,matched_betti,0.5,max_full_branch_node_speed,all_interior,coexact,coexact,random_tangent,metaphor_shift,fresh_metaphor_05,10,semantic_margin_delta,even,0.875,2,0.03186899113086147,0.012907002494537129,0.5619093597183193,3,0.25,1.0,1,27,0.9,8,8
8,16,matched_betti,0.5,max_full_branch_node_speed,all_interior,coexact,coexact,random_tangent,ontology_collapse,fresh_ontology_01,10,semantic_margin_delta,even,0.875,2,0.2435238919051934,0.01553131035151602,0.1063641194118818,3,0.25,1.0,3,"25,26,27",0.8666666666666667,8,8
8,16,matched_betti,0.5,max_full_branch_node_speed,all_interior,coexact,coexact,random_tangent,ontology_collapse,fresh_ontology_02,10,semantic_margin_delta,even,0.875,2,-0.048314547064752814,0.014869416365249393,0.458690460625376,3,0.25,1.0,3,"25,26,27",0.8666666666666667,8,8
8,16,matched_betti,0.5,max_full_branch_node_speed,all_interior,coexact,coexact,random_tangent,ontology_collapse,fresh_ontology_03,10,semantic_margin_delta,even,0.875,2,-0.3804807740795316,0.027721464393821265,0.12130087007629634,3,0.25,1.0,2,"27,28",0.859375,8,8
8,16,matched_betti,0.5,max_full_branch_node_speed,all_interior,coexact,coexact,random_tangent,ontology_collapse,fresh_ontology_04,10,semantic_margin_delta,even,0.875,2,0.059341185732961425,0.009815276294254037,0.26732826232248624,3,0.25,1.0,3,"27,28,29",0.875,8,8
8,16,matched_betti,0.5,max_full_branch_node_speed,all_interior,coexact,coexact,random_tangent,ontology_collapse,fresh_ontology_05,10,semantic_margin_delta,even,0.875,2,-0.11921851365654054,0.00529062870878371,0.07422721190499984,3,0.25,1.0,2,"28,30",0.8787878787878788,8,8
8,16,matched_betti,0.5,max_full_branch_node_speed,all_interior,coexact,coexact,random_tangent,identity_stress,fresh_identity_01,11,semantic_margin_delta,even,0.9583333333333334,2,0.07792150899183864,0.032651758432644805,0.5750136538193273,3,0.25,1.0,1,30,0.9375,8,8
8,16,matched_betti,0.5,max_full_branch_node_speed,all_interior,coexact,coexact,random_tangent,identity_stress,fresh_identity_02,11,semantic_margin_delta,even,0.9583333333333334,2,-0.19463527932260025,0.0048268567043529735,0.04155915959819045,3,0.25,1.0,2,"29,30",0.9516129032258065,8,8
8,16,matched_betti,0.5,max_full_branch_node_speed,all_interior,coexact,coexact,random_tangent,identity_stress,fresh_identity_03,11,semantic_margin_delta,even,0.9583333333333334,2,0.12546483761728647,0.00031136439874757045,0.004162386932752319,3,0.25,1.0,2,"30,31",0.953125,8,8
8,16,matched_betti,0.5,max_full_branch_node_speed,all_interior,coexact,coexact,random_tangent,identity_stress,fresh_identity_04,11,semantic_margin_delta,even,0.9583333333333334,2,0.3757088762677941,0.00207622099629144,0.00926835703482509,3,0.25,1.0,2,"29,30",0.9516129032258065,8,8
8,16,matched_betti,0.5,max_full_branch_node_speed,all_interior,coexact,coexact,random_tangent,identity_stress,fresh_identity_05,11,semantic_margin_delta,even,0.9583333333333334,2,-0.29161474667517884,0.005424211991688804,0.031182807184355718,3,0.25,1.0,1,29,0.9666666666666667,8,8
8,16,matched_betti,0.5,max_full_branch_node_speed,all_interior,coexact,coexact,random_tangent,literal_stable,fresh_literal_01,11,semantic_margin_delta,even,0.9583333333333334,2,-0.32234930882342283,0.031823559815454226,0.16336071500058147,3,0.25,1.0,2,"29,30",0.9516129032258065,8,8
8,16,matched_betti,0.5,max_full_branch_node_speed,all_interior,coexact,coexact,random_tangent,literal_stable,fresh_literal_02,11,semantic_margin_delta,even,0.9583333333333334,2,-0.1152934316887349,0.01867178585495868,0.2621332727590973,3,0.25,1.0,2,"28,29",0.9499999999999998,8,8
8,16,matched_betti,0.5,max_full_branch_node_speed,all_interior,coexact,coexact,random_tangent,literal_stable,fresh_literal_03,11,semantic_margin_delta,even,0.9583333333333334,2,0.07202256916495736,0.0041731530688682295,0.09672833611867011,3,0.25,1.0,2,"29,30",0.9516129032258065,8,8
8,16,matched_betti,0.5,max_full_branch_node_speed,all_interior,coexact,coexact,random_tangent,literal_stable,fresh_literal_04,11,semantic_margin_delta,even,0.9583333333333334,2,-0.14590925215613545,0.009196121335574816,0.10512548558471319,3,0.25,1.0,2,"31,32",0.9545454545454546,8,8
8,16,matched_betti,0.5,max_full_branch_node_speed,all_interior,coexact,coexact,random_tangent,literal_stable,fresh_literal_05,11,semantic_margin_delta,even,0.9583333333333334,2,-0.45023171744869,0.03933277453414365,0.14497894582445983,3,0.25,1.0,2,"31,32",0.9545454545454546,8,8
8,16,matched_betti,0.5,max_full_branch_node_speed,all_interior,coexact,coexact,random_tangent,metaphor_shift,fresh_metaphor_01,11,semantic_margin_delta,even,0.9583333333333334,2,0.026602736671104694,0.0032322309068259416,0.19968235116994612,3,0.25,1.0,2,"28,29",0.9499999999999998,8,8
8,16,matched_betti,0.5,max_full_branch_node_speed,all_interior,coexact,coexact,random_tangent,metaphor_shift,fresh_metaphor_02,11,semantic_margin_delta,even,0.9583333333333334,2,0.2450569220375222,0.010750513367014082,0.07338191458322582,3,0.25,1.0,2,"30,31",0.953125,8,8
8,16,matched_betti,0.5,max_full_branch_node_speed,all_interior,coexact,coexact,random_tangent,metaphor_shift,fresh_metaphor_03,11,semantic_margin_delta,even,0.9583333333333334,2,-0.2755878522574645,0.048950505960077106,0.2855165723083979,3,0.25,1.0,2,"30,31",0.953125,8,8
8,16,matched_betti,0.5,max_full_branch_node_speed,all_interior,coexact,coexact,random_tangent,metaphor_shift,fresh_metaphor_04,11,semantic_margin_delta,even,0.9583333333333334,2,-0.039229743013028444,0.008714143144445572,0.34912673277713435,3,0.25,1.0,2,"29,30",0.9516129032258065,8,8
8,16,matched_betti,0.5,max_full_branch_node_speed,all_interior,coexact,coexact,random_tangent,metaphor_shift,fresh_metaphor_05,11,semantic_margin_delta,even,0.9583333333333334,2,-0.2071902494577451,0.00407670487436103,0.03298396596162029,3,0.25,1.0,2,"28,29",0.9499999999999998,8,8
8,16,matched_betti,0.5,max_full_branch_node_speed,all_interior,coexact,coexact,random_tangent,ontology_collapse,fresh_ontology_01,11,semantic_margin_delta,even,0.9583333333333334,2,0.5775805327286055,0.011878632082182419,0.03447425924475073,3,0.25,1.0,2,"28,29",0.9499999999999998,8,8
8,16,matched_betti,0.5,max_full_branch_node_speed,all_interior,coexact,coexact,random_tangent,ontology_collapse,fresh_ontology_03,11,semantic_margin_delta,even,0.9583333333333334,2,0.057932727908362805,0.005161512720918673,0.14779392517412157,3,0.25,1.0,1,30,0.9375,8,8
8,16,matched_betti,0.5,max_full_branch_node_speed,all_interior,coexact,coexact,random_tangent,ontology_collapse,fresh_ontology_04,11,semantic_margin_delta,even,0.9583333333333334,2,0.15251733169184678,0.001842727293664381,0.020260585934437716,3,0.25,1.0,2,"30,31",0.953125,8,8
8,16,matched_betti,0.5,max_full_branch_node_speed,all_interior,coexact,coexact,random_tangent,identity_stress,fresh_identity_01,0,semantic_margin_delta,odd,0.041666666666666664,1,0.47998102664499065,0.008608807905702634,0.027106304348299255,3,0.25,1.0,2,"1,2",0.046875,8,8
8,16,matched_betti,0.5,max_full_branch_node_speed,all_interior,coexact,coexact,random_tangent,identity_stress,fresh_identity_02,0,semantic_margin_delta,odd,0.041666666666666664,1,-0.8588734147658971,0.08173928833860537,0.14241739858656857,3,0.25,1.0,2,"1,2",0.04838709677419354,8,8
8,16,matched_betti,0.5,max_full_branch_node_speed,all_interior,coexact,coexact,random_tangent,identity_stress,fresh_identity_03,0,semantic_margin_delta,odd,0.041666666666666664,1,-0.540252118154915,0.0020161159440535703,0.005641870132840718,3,0.25,1.0,2,"1,2",0.046875,8,8
8,16,matched_betti,0.5,max_full_branch_node_speed,all_interior,coexact,coexact,random_tangent,identity_stress,fresh_identity_04,0,semantic_margin_delta,odd,0.041666666666666664,1,0.5086253535335217,0.005952506201151173,0.017690693326233506,3,0.25,1.0,2,"1,2",0.04838709677419354,8,8
8,16,matched_betti,0.5,max_full_branch_node_speed,all_interior,coexact,coexact,random_tangent,identity_stress,fresh_identity_05,0,semantic_margin_delta,odd,0.041666666666666664,1,0.20554077785573965,0.029414115191508154,0.21146322823648367,3,0.25,1.0,2,"1,2",0.05000000000000001,8,8
8,16,matched_betti,0.5,max_full_branch_node_speed,all_interior,coexact,coexact,random_tangent,literal_stable,fresh_literal_01,0,semantic_margin_delta,odd,0.041666666666666664,1,0.02730977187341042,0.011586212947065232,0.539894234242382,3,0.25,1.0,2,"1,2",0.04838709677419354,8,8
8,16,matched_betti,0.5,max_full_branch_node_speed,all_interior,coexact,coexact,random_tangent,literal_stable,fresh_literal_02,0,semantic_margin_delta,odd,0.041666666666666664,1,-0.9291556056574499,0.06629197425061434,0.10724364009968418,3,0.25,1.0,2,"1,2",0.05000000000000001,8,8
8,16,matched_betti,0.5,max_full_branch_node_speed,all_interior,coexact,coexact,random_tangent,literal_stable,fresh_literal_03,0,semantic_margin_delta,odd,0.041666666666666664,1,-0.05013978058382466,0.023864225001724217,0.5840773412588369,3,0.25,1.0,2,"1,2",0.04838709677419354,8,8
8,16,matched_betti,0.5,max_full_branch_node_speed,all_interior,coexact,coexact,random_tangent,literal_stable,fresh_literal_04,0,semantic_margin_delta,odd,0.041666666666666664,1,0.020038847707839695,0.0415572515182305,0.9527156417394029,3,0.25,1.0,2,"1,2",0.04545454545454545,8,8
8,16,matched_betti,0.5,max_full_branch_node_speed,all_interior,coexact,coexact,random_tangent,literal_stable,fresh_literal_05,0,semantic_margin_delta,odd,0.041666666666666664,1,-0.5909318422409415,0.05351196987102698,0.1356413511152011,3,0.25,1.0,2,"1,2",0.04545454545454545,8,8
8,16,matched_betti,0.5,max_full_branch_node_speed,all_interior,coexact,coexact,random_tangent,metaphor_shift,fresh_metaphor_01,0,semantic_margin_delta,odd,0.041666666666666664,1,-0.04388086260855898,0.03360243933004482,0.7567765049090636,3,0.25,1.0,2,"1,2",0.05000000000000001,8,8
8,16,matched_betti,0.5,max_full_branch_node_speed,all_interior,coexact,coexact,random_tangent,metaphor_shift,fresh_metaphor_02,0,semantic_margin_delta,odd,0.041666666666666664,1,-0.9345423382849839,0.08688093711241725,0.13918377270165094,3,0.25,1.0,2,"1,2",0.046875,8,8
8,16,matched_betti,0.5,max_full_branch_node_speed,all_interior,coexact,coexact,random_tangent,metaphor_shift,fresh_metaphor_03,0,semantic_margin_delta,odd,0.041666666666666664,1,0.026817160407900508,0.03825101155978799,0.9072037605850092,3,0.25,1.0,2,"1,2",0.046875,8,8
8,16,matched_betti,0.5,max_full_branch_node_speed,all_interior,coexact,coexact,random_tangent,metaphor_shift,fresh_metaphor_04,0,semantic_margin_delta,odd,0.041666666666666664,1,0.03946476907928684,0.014772305447011063,0.4925160134081752,3,0.25,1.0,2,"1,2",0.04838709677419354,8,8
8,16,matched_betti,0.5,max_full_branch_node_speed,all_interior,coexact,coexact,random_tangent,metaphor_shift,fresh_metaphor_05,0,semantic_margin_delta,odd,0.041666666666666664,1,-0.4452100004561568,0.01695427280801547,0.057478659270162366,3,0.25,1.0,2,"1,2",0.05000000000000001,8,8
8,16,matched_betti,0.5,max_full_branch_node_speed,all_interior,coexact,coexact,random_tangent,ontology_collapse,fresh_ontology_01,0,semantic_margin_delta,odd,0.041666666666666664,1,0.02412519073292021,0.031460245358397504,0.8918361825555448,3,0.25,1.0,2,"1,2",0.05000000000000001,8,8
8,16,matched_betti,0.5,max_full_branch_node_speed,all_interior,coexact,coexact,random_tangent,ontology_collapse,fresh_ontology_02,0,semantic_margin_delta,odd,0.041666666666666664,1,-0.3636651669267656,0.03421226944147715,0.14081283422263569,3,0.25,1.0,2,"1,2",0.05000000000000001,8,8
8,16,matched_betti,0.5,max_full_branch_node_speed,all_interior,coexact,coexact,random_tangent,ontology_collapse,fresh_ontology_03,0,semantic_margin_delta,odd,0.041666666666666664,1,0.2827405554810169,0.018449590721297083,0.09817625427511688,3,0.25,1.0,2,"1,2",0.046875,8,8
8,16,matched_betti,0.5,max_full_branch_node_speed,all_interior,coexact,coexact,random_tangent,ontology_collapse,fresh_ontology_04,0,semantic_margin_delta,odd,0.041666666666666664,1,-0.258291913920024,0.04284742091474783,0.2432644637116525,3,0.25,1.0,2,"1,2",0.046875,8,8
8,16,matched_betti,0.5,max_full_branch_node_speed,all_interior,coexact,coexact,random_tangent,ontology_collapse,fresh_ontology_05,0,semantic_margin_delta,odd,0.041666666666666664,1,0.778263559471578,0.060706772348617336,0.11711763480593256,3,0.25,1.0,2,"1,2",0.04545454545454545,8,8
8,16,matched_betti,0.5,max_full_branch_node_speed,all_interior,coexact,coexact,random_tangent,identity_stress,fresh_identity_01,1,semantic_margin_delta,odd,0.125,1,-0.28938926054300895,0.004743469355226107,0.024773727036551244,3,0.25,1.0,3,"3,4,5",0.125,8,8
8,16,matched_betti,0.5,max_full_branch_node_speed,all_interior,coexact,coexact,random_tangent,identity_stress,fresh_identity_02,1,semantic_margin_delta,odd,0.125,1,-0.08529730462448953,0.022617133111641048,0.37209385208303314,3,0.25,1.0,3,"3,4,5",0.12903225806451613,8,8
8,16,matched_betti,0.5,max_full_branch_node_speed,all_interior,coexact,coexact,random_tangent,identity_stress,fresh_identity_03,1,semantic_margin_delta,odd,0.125,1,0.035020073567773514,0.008205749666846273,0.33391852314444603,3,0.25,1.0,3,"3,4,5",0.125,8,8
8,16,matched_betti,0.5,max_full_branch_node_speed,all_interior,coexact,coexact,random_tangent,identity_stress,fresh_identity_04,1,semantic_margin_delta,odd,0.125,1,-0.2304498501134263,0.0038894136122630952,0.025508054484493583,3,0.25,1.0,3,"3,4,5",0.12903225806451613,8,8
8,16,matched_betti,0.5,max_full_branch_node_speed,all_interior,coexact,coexact,random_tangent,identity_stress,fresh_identity_05,1,semantic_margin_delta,odd,0.125,1,-0.941189655559825,0.027172981001487788,0.043607159091968106,3,0.25,1.0,2,"3,4",0.11666666666666665,8,8
8,16,matched_betti,0.5,max_full_branch_node_speed,all_interior,coexact,coexact,random_tangent,literal_stable,fresh_literal_01,1,semantic_margin_delta,odd,0.125,1,-0.04979348069221787,0.000640399136474516,0.019440487028921122,3,0.25,1.0,3,"3,4,5",0.12903225806451613,8,8
8,16,matched_betti,0.5,max_full_branch_node_speed,all_interior,coexact,coexact,random_tangent,literal_stable,fresh_literal_02,1,semantic_margin_delta,odd,0.125,1,0.16507594302233222,0.024608057901680483,0.21985979241439874,3,0.25,1.0,2,"3,4",0.11666666666666665,8,8
8,16,matched_betti,0.5,max_full_branch_node_speed,all_interior,coexact,coexact,random_tangent,literal_stable,fresh_literal_03,1,semantic_margin_delta,odd,0.125,1,-0.1952373141841494,0.04515549518966406,0.3300731591717438,3,0.25,1.0,3,"3,4,5",0.12903225806451613,8,8
8,16,matched_betti,0.5,max_full_branch_node_speed,all_interior,coexact,coexact,random_tangent,literal_stable,fresh_literal_04,1,semantic_margin_delta,odd,0.125,1,0.15967839481595134,0.03426951255037037,0.3086289087689471,3,0.25,1.0,3,"3,4,5",0.12121212121212122,8,8
8,16,matched_betti,0.5,max_full_branch_node_speed,all_interior,coexact,coexact,random_tangent,literal_stable,fresh_literal_05,1,semantic_margin_delta,odd,0.125,1,0.6004601409877032,0.06538712531633253,0.16244702412789205,3,0.25,1.0,3,"3,4,5",0.12121212121212122,8,8
8,16,matched_betti,0.5,max_full_branch_node_speed,all_interior,coexact,coexact,random_tangent,metaphor_shift,fresh_metaphor_01,1,semantic_margin_delta,odd,0.125,1,0.31451107162015335,0.009236797816811327,0.04435767656328279,3,0.25,1.0,2,"3,4",0.11666666666666665,8,8
8,16,matched_betti,0.5,max_full_branch_node_speed,all_interior,coexact,coexact,random_tangent,metaphor_shift,fresh_metaphor_02,1,semantic_margin_delta,odd,0.125,1,-0.29540316794874,0.007838850349538922,0.040086577103548696,3,0.25,1.0,3,"3,4,5",0.125,8,8
8,16,matched_betti,0.5,max_full_branch_node_speed,all_interior,coexact,coexact,random_tangent,metaphor_shift,fresh_metaphor_03,1,semantic_margin_delta,odd,0.125,1,0.06920301933961166,0.005338083272599526,0.1158345050078697,3,0.25,1.0,3,"3,4,5",0.125,8,8
8,16,matched_betti,0.5,max_full_branch_node_speed,all_interior,coexact,coexact,random_tangent,metaphor_shift,fresh_metaphor_04,1,semantic_margin_delta,odd,0.125,1,0.10485534805135514,0.10455885649000458,0.833337758927044,3,0.25,1.0,1,3,0.09677419354838708,8,8
8,16,matched_betti,0.5,max_full_branch_node_speed,all_interior,coexact,coexact,random_tangent,metaphor_shift,fresh_metaphor_05,1,semantic_margin_delta,odd,0.125,1,0.6068087145181125,0.004213534902542222,0.010497401976192327,3,0.25,1.0,2,"3,4",0.11666666666666665,8,8
8,16,matched_betti,0.5,max_full_branch_node_speed,all_interior,coexact,coexact,random_tangent,ontology_collapse,fresh_ontology_01,1,semantic_margin_delta,odd,0.125,1,0.7474399667321119,0.05004163159602761,0.1007053767451498,3,0.25,1.0,2,"3,4",0.11666666666666665,8,8
8,16,matched_betti,0.5,max_full_branch_node_speed,all_interior,coexact,coexact,random_tangent,ontology_collapse,fresh_ontology_02,1,semantic_margin_delta,odd,0.125,1,0.8620694421787605,0.04668196050031316,0.08159569345140011,3,0.25,1.0,2,"3,4",0.11666666666666665,8,8
8,16,matched_betti,0.5,max_full_branch_node_speed,all_interior,coexact,coexact,random_tangent,ontology_collapse,fresh_ontology_03,1,semantic_margin_delta,odd,0.125,1,0.06099679629582385,0.02587400287900222,0.539835365228776,3,0.25,1.0,3,"3,4,5",0.125,8,8
8,16,matched_betti,0.5,max_full_branch_node_speed,all_interior,coexact,coexact,random_tangent,ontology_collapse,fresh_ontology_04,1,semantic_margin_delta,odd,0.125,1,0.1287272525555633,0.0041021731504198335,0.04812281290405101,3,0.25,1.0,3,"3,4,5",0.125,8,8
8,16,matched_betti,0.5,max_full_branch_node_speed,all_interior,coexact,coexact,random_tangent,ontology_collapse,fresh_ontology_05,1,semantic_margin_delta,odd,0.125,1,-0.2244760725789759,0.00737848715241941,0.04963324248745563,3,0.25,1.0,3,"3,4,5",0.12121212121212122,8,8
8,16,matched_betti,0.5,max_full_branch_node_speed,all_interior,coexact,coexact,random_tangent,identity_stress,fresh_identity_01,2,semantic_margin_delta,odd,0.20833333333333334,1,0.04604884140811307,0.02944559043532162,0.6950517029187416,3,0.25,1.0,2,"6,7",0.203125,8,8
8,16,matched_betti,0.5,max_full_branch_node_speed,all_interior,coexact,coexact,random_tangent,identity_stress,fresh_identity_02,2,semantic_margin_delta,odd,0.20833333333333334,1,0.08044733730696808,0.013166606658243995,0.24019774010503087,3,0.25,1.0,2,"6,7",0.20967741935483866,8,8
8,16,matched_betti,0.5,max_full_branch_node_speed,all_interior,coexact,coexact,random_tangent,identity_stress,fresh_identity_03,2,semantic_margin_delta,odd,0.20833333333333334,1,0.6400326902379714,0.010342570401826939,0.02442349053366864,3,0.25,1.0,2,"6,7",0.203125,8,8
8,16,matched_betti,0.5,max_full_branch_node_speed,all_interior,coexact,coexact,random_tangent,identity_stress,fresh_identity_04,2,semantic_margin_delta,odd,0.20833333333333334,1,0.08863964724962925,0.0450813806622079,0.6095550936019712,3,0.25,1.0,2,"6,7",0.20967741935483866,8,8
8,16,matched_betti,0.5,max_full_branch_node_speed,all_interior,coexact,coexact,random_tangent,identity_stress,fresh_identity_05,2,semantic_margin_delta,odd,0.20833333333333334,1,0.11616604370593037,0.007746933158861804,0.10031487665687662,3,0.25,1.0,3,"5,6,7",0.19999999999999998,8,8
8,16,matched_betti,0.5,max_full_branch_node_speed,all_interior,coexact,coexact,random_tangent,literal_stable,fresh_literal_01,2,semantic_margin_delta,odd,0.20833333333333334,1,-0.8658339450741452,0.10361808653723108,0.178039883192937,3,0.25,1.0,2,"6,7",0.20967741935483866,8,8
8,16,matched_betti,0.5,max_full_branch_node_speed,all_interior,coexact,coexact,random_tangent,literal_stable,fresh_literal_02,2,semantic_margin_delta,odd,0.20833333333333334,1,0.11536310800932553,0.017807022822678212,0.22725867149059864,3,0.25,1.0,3,"5,6,7",0.19999999999999998,8,8
8,16,matched_betti,0.5,max_full_branch_node_speed,all_interior,coexact,coexact,random_tangent,literal_stable,fresh_literal_03,2,semantic_margin_delta,odd,0.20833333333333334,1,0.12002797917852151,0.016716845402408507,0.20604519230257562,3,0.25,1.0,2,"6,7",0.20967741935483866,8,8
8,16,matched_betti,0.5,max_full_branch_node_speed,all_interior,coexact,coexact,random_tangent,literal_stable,fresh_literal_04,2,semantic_margin_delta,odd,0.20833333333333334,1,-0.5806822732797905,0.006419311506251987,0.016710914072588096,3,0.25,1.0,3,"6,7,8",0.21212121212121213,8,8
8,16,matched_betti,0.5,max_full_branch_node_speed,all_interior,coexact,coexact,random_tangent,literal_stable,fresh_literal_05,2,semantic_margin_delta,odd,0.20833333333333334,1,0.3200503557422818,0.064798871587855,0.29269265538832556,3,0.25,1.0,3,"6,7,8",0.21212121212121213,8,8
8,16,matched_betti,0.5,max_full_branch_node_speed,all_interior,coexact,coexact,random_tangent,metaphor_shift,fresh_metaphor_01,2,semantic_margin_delta,odd,0.20833333333333334,1,0.042312233069113636,0.051474712729574296,0.8785419749214333,3,0.25,1.0,2,"5,6",0.18333333333333335,8,8
8,16,matched_betti,0.5,max_full_branch_node_speed,all_interior,coexact,coexact,random_tangent,metaphor_shift,fresh_metaphor_02,2,semantic_margin_delta,odd,0.20833333333333334,1,0.26476529616714906,0.06462663725727849,0.34620817940244086,3,0.25,1.0,1,7,0.21875,8,8
8,16,matched_betti,0.5,max_full_branch_node_speed,all_interior,coexact,coexact,random_tangent,metaphor_shift,fresh_metaphor_03,2,semantic_margin_delta,odd,0.20833333333333334,1,-0.1589513375692079,0.017350009063705946,0.16282160908138577,3,0.25,1.0,2,"6,7",0.203125,8,8
8,16,matched_betti,0.5,max_full_branch_node_speed,all_interior,coexact,coexact,random_tangent,metaphor_shift,fresh_metaphor_04,2,semantic_margin_delta,odd,0.20833333333333334,1,0.7661401570595109,0.02866001171086914,0.05646582170527426,3,0.25,1.0,2,"6,7",0.20967741935483866,8,8
8,16,matched_betti,0.5,max_full_branch_node_speed,all_interior,coexact,coexact,random_tangent,metaphor_shift,fresh_metaphor_05,2,semantic_margin_delta,odd,0.20833333333333334,1,-0.1667258086492096,0.012234645882350959,0.1102663851921042,3,0.25,1.0,3,"5,6,7",0.19999999999999998,8,8
8,16,matched_betti,0.5,max_full_branch_node_speed,all_interior,coexact,coexact,random_tangent,ontology_collapse,fresh_ontology_01,2,semantic_margin_delta,odd,0.20833333333333334,1,-0.14848361514591701,0.026670818125475018,0.26207043425467674,3,0.25,1.0,3,"5,6,7",0.19999999999999998,8,8
8,16,matched_betti,0.5,max_full_branch_node_speed,all_interior,coexact,coexact,random_tangent,ontology_collapse,fresh_ontology_02,2,semantic_margin_delta,odd,0.20833333333333334,1,-0.16549052615973836,0.026110223140322228,0.23202345225458298,3,0.25,1.0,3,"5,6,7",0.19999999999999998,8,8
8,16,matched_betti,0.5,max_full_branch_node_speed,all_interior,coexact,coexact,random_tangent,ontology_collapse,fresh_ontology_03,2,semantic_margin_delta,odd,0.20833333333333334,1,-0.2921267407658292,0.04459836384848689,0.22489917137490592,3,0.25,1.0,2,"6,7",0.203125,8,8
8,16,matched_betti,0.5,max_full_branch_node_speed,all_interior,coexact,coexact,random_tangent,ontology_collapse,fresh_ontology_04,2,semantic_margin_delta,odd,0.20833333333333334,1,0.19505424989701647,0.024270418310311112,0.18487623483015694,3,0.25,1.0,2,"6,7",0.203125,8,8
8,16,matched_betti,0.5,max_full_branch_node_speed,all_interior,coexact,coexact,random_tangent,ontology_collapse,fresh_ontology_05,2,semantic_margin_delta,odd,0.20833333333333334,1,-0.2501647474599649,0.014784787389739129,0.08899655738587005,3,0.25,1.0,3,"6,7,8",0.21212121212121213,8,8
8,16,matched_betti,0.5,max_full_branch_node_speed,all_interior,coexact,coexact,random_tangent,identity_stress,fresh_identity_01,3,semantic_margin_delta,odd,0.2916666666666667,1,0.0554059779089841,0.023869170086518534,0.5457632504972474,3,0.25,1.0,3,"8,9,10",0.28125,8,8
8,16,matched_betti,0.5,max_full_branch_node_speed,all_interior,coexact,coexact,random_tangent,identity_stress,fresh_identity_02,3,semantic_margin_delta,odd,0.2916666666666667,1,-0.18812262516503792,0.026913262789995295,0.21140161866711693,3,0.25,1.0,3,"8,9,10",0.2903225806451613,8,8
8,16,matched_betti,0.5,max_full_branch_node_speed,all_interior,coexact,coexact,random_tangent,identity_stress,fresh_identity_03,3,semantic_margin_delta,odd,0.2916666666666667,1,-0.85733725628376,0.048944427431361986,0.08599058267239398,3,0.25,1.0,3,"8,9,10",0.28125,8,8
8,16,matched_betti,0.5,max_full_branch_node_speed,all_interior,coexact,coexact,random_tangent,identity_stress,fresh_identity_04,3,semantic_margin_delta,odd,0.2916666666666667,1,-0.7980418231962787,0.016977633739280133,0.0321468156410903,3,0.25,1.0,3,"8,9,10",0.2903225806451613,8,8
8,16,matched_betti,0.5,max_full_branch_node_speed,all_interior,coexact,coexact,random_tangent,identity_stress,fresh_identity_05,3,semantic_margin_delta,odd,0.2916666666666667,1,0.008925360879684437,0.013697347873829554,0.9183352464281428,3,0.25,1.0,2,"8,9",0.2833333333333333,8,8
8,16,matched_betti,0.5,max_full_branch_node_speed,all_interior,coexact,coexact,random_tangent,literal_stable,fresh_literal_01,3,semantic_margin_delta,odd,0.2916666666666667,1,-0.02020475008562137,0.07066221498609289,0.9825812697606798,3,0.25,1.0,3,"8,9,10",0.2903225806451613,8,8
8,16,matched_betti,0.5,max_full_branch_node_speed,all_interior,coexact,coexact,random_tangent,literal_stable,fresh_literal_02,3,semantic_margin_delta,odd,0.2916666666666667,1,0.13504394441925757,0.022666667494924665,0.24596441029947583,3,0.25,1.0,2,"8,9",0.2833333333333333,8,8
8,16,matched_betti,0.5,max_full_branch_node_speed,all_interior,coexact,coexact,random_tangent,literal_stable,fresh_literal_03,3,semantic_margin_delta,odd,0.2916666666666667,1,-0.03871938159902957,0.030741975056172495,0.7683177445293645,3,0.25,1.0,3,"8,9,10",0.2903225806451613,8,8
8,16,matched_betti,0.5,max_full_branch_node_speed,all_interior,coexact,coexact,random_tangent,literal_stable,fresh_literal_04,3,semantic_margin_delta,odd,0.2916666666666667,1,-0.09196036023184999,0.04123959945041357,0.5611731458508813,3,0.25,1.0,2,"9,10",0.28787878787878785,8,8
8,16,matched_betti,0.5,max_full_branch_node_speed,all_interior,coexact,coexact,random_tangent,literal_stable,fresh_literal_05,3,semantic_margin_delta,odd,0.2916666666666667,1,-0.7292149129986407,0.011542428754318823,0.023923698127490938,3,0.25,1.0,2,"9,10",0.28787878787878785,8,8
8,16,matched_betti,0.5,max_full_branch_node_speed,all_interior,coexact,coexact,random_tangent,metaphor_shift,fresh_metaphor_01,3,semantic_margin_delta,odd,0.2916666666666667,1,0.14763672929963997,0.05316478577153672,0.4781572712639135,3,0.25,1.0,1,8,0.26666666666666666,8,8
8,16,matched_betti,0.5,max_full_branch_node_speed,all_interior,coexact,coexact,random_tangent,metaphor_shift,fresh_metaphor_02,3,semantic_margin_delta,odd,0.2916666666666667,1,-0.28495052923808184,0.008997995834113492,0.047686224742123355,3,0.25,1.0,3,"8,9,10",0.28125,8,8
8,16,matched_betti,0.5,max_full_branch_node_speed,all_interior,coexact,coexact,random_tangent,metaphor_shift,fresh_metaphor_03,3,semantic_margin_delta,odd,0.2916666666666667,1,0.3684323212133142,0.01411549049594611,0.057825833779790815,3,0.25,1.0,3,"8,9,10",0.28125,8,8
8,16,matched_betti,0.5,max_full_branch_node_speed,all_interior,coexact,coexact,random_tangent,metaphor_shift,fresh_metaphor_04,3,semantic_margin_delta,odd,0.2916666666666667,1,0.2146742968459362,0.007784700965882047,0.054742062509272826,3,0.25,1.0,3,"8,9,10",0.2903225806451613,8,8
8,16,matched_betti,0.5,max_full_branch_node_speed,all_interior,coexact,coexact,random_tangent,metaphor_shift,fresh_metaphor_05,3,semantic_margin_delta,odd,0.2916666666666667,1,-0.30727768465010963,0.003861136366487843,0.018994013172860237,3,0.25,1.0,2,"8,9",0.2833333333333333,8,8
8,16,matched_betti,0.5,max_full_branch_node_speed,all_interior,coexact,coexact,random_tangent,ontology_collapse,fresh_ontology_01,3,semantic_margin_delta,odd,0.2916666666666667,1,-0.15677815222154395,0.035008902938079366,0.3198646880181269,3,0.25,1.0,2,"8,9",0.2833333333333333,8,8
8,16,matched_betti,0.5,max_full_branch_node_speed,all_interior,coexact,coexact,random_tangent,ontology_collapse,fresh_ontology_02,3,semantic_margin_delta,odd,0.2916666666666667,1,0.14347504675102615,0.01796212011873125,0.18597262867623854,3,0.25,1.0,2,"8,9",0.2833333333333333,8,8
8,16,matched_betti,0.5,max_full_branch_node_speed,all_interior,coexact,coexact,random_tangent,ontology_collapse,fresh_ontology_03,3,semantic_margin_delta,odd,0.2916666666666667,1,0.34494627028046715,0.025993292850681065,0.11319326677745711,3,0.25,1.0,3,"8,9,10",0.28125,8,8
8,16,matched_betti,0.5,max_full_branch_node_speed,all_interior,coexact,coexact,random_tangent,ontology_collapse,fresh_ontology_04,3,semantic_margin_delta,odd,0.2916666666666667,1,0.7959726841406242,0.0720591292494897,0.1356037388047096,3,0.25,1.0,3,"8,9,10",0.28125,8,8
8,16,matched_betti,0.5,max_full_branch_node_speed,all_interior,coexact,coexact,random_tangent,ontology_collapse,fresh_ontology_05,3,semantic_margin_delta,odd,0.2916666666666667,1,-0.28297612852761533,0.0576767804502642,0.2944853959126973,3,0.25,1.0,2,"9,10",0.28787878787878785,8,8
8,16,matched_betti,0.5,max_full_branch_node_speed,all_interior,coexact,coexact,random_tangent,identity_stress,fresh_identity_01,4,semantic_margin_delta,odd,0.375,1,-0.4665236530802712,0.04886980310117318,0.1564222999110893,3,0.25,1.0,3,"11,12,13",0.375,8,8
8,16,matched_betti,0.5,max_full_branch_node_speed,all_interior,coexact,coexact,random_tangent,identity_stress,fresh_identity_02,4,semantic_margin_delta,odd,0.375,1,-0.1426877718785506,0.04442386035100683,0.42587686250875023,3,0.25,1.0,2,"11,12",0.3709677419354838,8,8
8,16,matched_betti,0.5,max_full_branch_node_speed,all_interior,coexact,coexact,random_tangent,identity_stress,fresh_identity_03,4,semantic_margin_delta,odd,0.375,1,-0.0680092153179462,0.015512206549335028,0.3260006013508597,3,0.25,1.0,3,"11,12,13",0.375,8,8
8,16,matched_betti,0.5,max_full_branch_node_speed,all_interior,coexact,coexact,random_tangent,identity_stress,fresh_identity_04,4,semantic_margin_delta,odd,0.375,1,-0.40355159144608505,0.011022679162886824,0.041259987305500394,3,0.25,1.0,2,"11,12",0.3709677419354838,8,8
8,16,matched_betti,0.5,max_full_branch_node_speed,all_interior,coexact,coexact,random_tangent,identity_stress,fresh_identity_05,4,semantic_margin_delta,odd,0.375,1,-0.0841241709713114,0.0025047239579331034,0.04496871600037859,3,0.25,1.0,3,"10,11,12",0.3666666666666667,8,8
8,16,matched_betti,0.5,max_full_branch_node_speed,all_interior,coexact,coexact,random_tangent,literal_stable,fresh_literal_01,4,semantic_margin_delta,odd,0.375,1,-0.43123548480270607,0.03383028939983471,0.11777926749316706,3,0.25,1.0,1,11,0.3548387096774193,8,8
8,16,matched_betti,0.5,max_full_branch_node_speed,all_interior,coexact,coexact,random_tangent,literal_stable,fresh_literal_02,4,semantic_margin_delta,odd,0.375,1,-0.17610685541339294,0.07698728691056506,0.5513809937625429,3,0.25,1.0,2,"10,11",0.3499999999999999,8,8
8,16,matched_betti,0.5,max_full_branch_node_speed,all_interior,coexact,coexact,random_tangent,literal_stable,fresh_literal_03,4,semantic_margin_delta,odd,0.375,1,-0.24340821191732584,0.032024496994545716,0.19508871287414298,3,0.25,1.0,2,"11,12",0.3709677419354838,8,8
8,16,matched_betti,0.5,max_full_branch_node_speed,all_interior,coexact,coexact,random_tangent,literal_stable,fresh_literal_04,4,semantic_margin_delta,odd,0.375,1,0.0053571632388668316,0.038926617803763226,0.995882480222975,3,0.25,1.0,3,"11,12,13",0.3636363636363636,8,8
8,16,matched_betti,0.5,max_full_branch_node_speed,all_interior,coexact,coexact,random_tangent,literal_stable,fresh_literal_05,4,semantic_margin_delta,odd,0.375,1,0.5213582431953976,0.037291376409342186,0.1075123944804397,3,0.25,1.0,3,"11,12,13",0.3636363636363636,8,8
8,16,matched_betti,0.5,max_full_branch_node_speed,all_interior,coexact,coexact,random_tangent,metaphor_shift,fresh_metaphor_01,4,semantic_margin_delta,odd,0.375,1,0.02068425711402299,0.0012570722528261087,0.09149676716222391,3,0.25,1.0,2,"11,12",0.3833333333333333,8,8
8,16,matched_betti,0.5,max_full_branch_node_speed,all_interior,coexact,coexact,random_tangent,metaphor_shift,fresh_metaphor_02,4,semantic_margin_delta,odd,0.375,1,-0.14239639838449353,0.019990105564213576,0.2076153195465003,3,0.25,1.0,3,"11,12,13",0.375,8,8
8,16,matched_betti,0.5,max_full_branch_node_speed,all_interior,coexact,coexact,random_tangent,metaphor_shift,fresh_metaphor_03,4,semantic_margin_delta,odd,0.375,1,0.0884446689678829,0.0012434535514160969,0.021250580324124694,3,0.25,1.0,3,"11,12,13",0.375,8,8
8,16,matched_betti,0.5,max_full_branch_node_speed,all_interior,coexact,coexact,random_tangent,metaphor_shift,fresh_metaphor_04,4,semantic_margin_delta,odd,0.375,1,0.37985308312214117,0.011136556549851986,0.04428126665874751,3,0.25,1.0,2,"11,12",0.3709677419354838,8,8
8,16,matched_betti,0.5,max_full_branch_node_speed,all_interior,coexact,coexact,random_tangent,metaphor_shift,fresh_metaphor_05,4,semantic_margin_delta,odd,0.375,1,0.7168274937496092,0.04440412108095037,0.09324452567220909,3,0.25,1.0,3,"10,11,12",0.3666666666666667,8,8
8,16,matched_betti,0.5,max_full_branch_node_speed,all_interior,coexact,coexact,random_tangent,ontology_collapse,fresh_ontology_01,4,semantic_margin_delta,odd,0.375,1,-0.011412863386206165,0.017391500894440273,0.9173133328175703,3,0.25,1.0,3,"10,11,12",0.3666666666666667,8,8
8,16,matched_betti,0.5,max_full_branch_node_speed,all_interior,coexact,coexact,random_tangent,ontology_collapse,fresh_ontology_02,4,semantic_margin_delta,odd,0.375,1,-0.37050944997559254,0.06877084059296329,0.2701819220637539,3,0.25,1.0,3,"10,11,12",0.3666666666666667,8,8
8,16,matched_betti,0.5,max_full_branch_node_speed,all_interior,coexact,coexact,random_tangent,ontology_collapse,fresh_ontology_03,4,semantic_margin_delta,odd,0.375,1,-0.19241617635892685,0.03845978006452426,0.289268202079079,3,0.25,1.0,3,"11,12,13",0.375,8,8
8,16,matched_betti,0.5,max_full_branch_node_speed,all_interior,coexact,coexact,random_tangent,ontology_collapse,fresh_ontology_04,4,semantic_margin_delta,odd,0.375,1,-0.1310619198283583,0.03437171578006697,0.3685786459590552,3,0.25,1.0,3,"11,12,13",0.375,8,8
8,16,matched_betti,0.5,max_full_branch_node_speed,all_interior,coexact,coexact,random_tangent,ontology_collapse,fresh_ontology_05,4,semantic_margin_delta,odd,0.375,1,0.46506121042959936,0.015795243608714434,0.05128087085627256,3,0.25,1.0,3,"11,12,13",0.3636363636363636,8,8
8,16,matched_betti,0.5,max_full_branch_node_speed,all_interior,coexact,coexact,random_tangent,identity_stress,fresh_identity_01,5,semantic_margin_delta,odd,0.4583333333333333,1,-0.14712639862359264,0.03238046989829279,0.31572005313391904,3,0.25,1.0,2,"14,15",0.453125,8,8
8,16,matched_betti,0.5,max_full_branch_node_speed,all_interior,coexact,coexact,random_tangent,identity_stress,fresh_identity_02,5,semantic_margin_delta,odd,0.4583333333333333,1,-0.21204866053666496,0.009218075755255174,0.06558126168994859,3,0.25,1.0,3,"13,14,15",0.4516129032258065,8,8
8,16,matched_betti,0.5,max_full_branch_node_speed,all_interior,coexact,coexact,random_tangent,identity_stress,fresh_identity_03,5,semantic_margin_delta,odd,0.4583333333333333,1,-0.16723290674423658,0.0009656443501686449,0.008729510435767385,3,0.25,1.0,2,"14,15",0.453125,8,8
8,16,matched_betti,0.5,max_full_branch_node_speed,all_interior,coexact,coexact,random_tangent,identity_stress,fresh_identity_04,5,semantic_margin_delta,odd,0.4583333333333333,1,0.0616485299439565,0.02007433632222478,0.44167814805007793,3,0.25,1.0,3,"13,14,15",0.4516129032258065,8,8
8,16,matched_betti,0.5,max_full_branch_node_speed,all_interior,coexact,coexact,random_tangent,identity_stress,fresh_identity_05,5,semantic_margin_delta,odd,0.4583333333333333,1,0.1521527390671571,0.05749020636815926,0.4960210564439793,3,0.25,1.0,2,"13,14",0.45,8,8
8,16,matched_betti,0.5,max_full_branch_node_speed,all_interior,coexact,coexact,random_tangent,literal_stable,fresh_literal_01,5,semantic_margin_delta,odd,0.4583333333333333,1,-0.899863057689973,0.0943958191740802,0.1566365650330244,3,0.25,1.0,3,"13,14,15",0.4516129032258065,8,8
8,16,matched_betti,0.5,max_full_branch_node_speed,all_interior,coexact,coexact,random_tangent,literal_stable,fresh_literal_02,5,semantic_margin_delta,odd,0.4583333333333333,1,0.5926407358209379,0.06729013760280912,0.16918606488138777,3,0.25,1.0,2,"13,14",0.45,8,8
8,16,matched_betti,0.5,max_full_branch_node_speed,all_interior,coexact,coexact,random_tangent,literal_stable,fresh_literal_03,5,semantic_margin_delta,odd,0.4583333333333333,1,-0.1615863241740424,0.0013051193293481054,0.012210240401963444,3,0.25,1.0,3,"13,14,15",0.4516129032258065,8,8
8,16,matched_betti,0.5,max_full_branch_node_speed,all_interior,coexact,coexact,random_tangent,literal_stable,fresh_literal_04,5,semantic_margin_delta,odd,0.4583333333333333,1,-0.858284922122879,0.15661932706130766,0.2659476925841825,3,0.25,1.0,2,"15,16",0.4696969696969697,8,8
8,16,matched_betti,0.5,max_full_branch_node_speed,all_interior,coexact,coexact,random_tangent,literal_stable,fresh_literal_05,5,semantic_margin_delta,odd,0.4583333333333333,1,-0.14341690172956723,0.04453419847686106,0.4249652811628174,3,0.25,1.0,2,"14,15",0.4393939393939394,8,8
8,16,matched_betti,0.5,max_full_branch_node_speed,all_interior,coexact,coexact,random_tangent,metaphor_shift,fresh_metaphor_01,5,semantic_margin_delta,odd,0.4583333333333333,1,0.16168615617893978,0.017054228647737518,0.15747705344491517,3,0.25,1.0,2,"13,14",0.45,8,8
8,16,matched_betti,0.5,max_full_branch_node_speed,all_interior,coexact,coexact,random_tangent,metaphor_shift,fresh_metaphor_02,5,semantic_margin_delta,odd,0.4583333333333333,1,0.14047041582268407,0.04495849812326388,0.43556769985872046,3,0.25,1.0,2,"14,15",0.453125,8,8
8,16,matched_betti,0.5,max_full_branch_node_speed,all_interior,coexact,coexact,random_tangent,metaphor_shift,fresh_metaphor_03,5,semantic_margin_delta,odd,0.4583333333333333,1,0.442174031606864,0.06593540236367591,0.21992333439650116,3,0.25,1.0,2,"14,15",0.453125,8,8
8,16,matched_betti,0.5,max_full_branch_node_speed,all_interior,coexact,coexact,random_tangent,metaphor_shift,fresh_metaphor_04,5,semantic_margin_delta,odd,0.4583333333333333,1,-0.1144507014048093,0.01717557195492673,0.22126054302383416,3,0.25,1.0,3,"13,14,15",0.4516129032258065,8,8
8,16,matched_betti,0.5,max_full_branch_node_speed,all_interior,coexact,coexact,random_tangent,metaphor_shift,fresh_metaphor_05,5,semantic_margin_delta,odd,0.4583333333333333,1,-0.19745551827812066,0.00878435772179807,0.0671075824209826,3,0.25,1.0,2,"13,14",0.45,8,8
8,16,matched_betti,0.5,max_full_branch_node_speed,all_interior,coexact,coexact,random_tangent,ontology_collapse,fresh_ontology_01,5,semantic_margin_delta,odd,0.4583333333333333,1,0.03270245870722347,0.02521731084394332,0.7590214863556753,3,0.25,1.0,2,"13,14",0.45,8,8
8,16,matched_betti,0.5,max_full_branch_node_speed,all_interior,coexact,coexact,random_tangent,ontology_collapse,fresh_ontology_02,5,semantic_margin_delta,odd,0.4583333333333333,1,0.23052860755858084,0.036639521176420914,0.2336396805235299,3,0.25,1.0,2,"13,14",0.45,8,8
8,16,matched_betti,0.5,max_full_branch_node_speed,all_interior,coexact,coexact,random_tangent,ontology_collapse,fresh_ontology_03,5,semantic_margin_delta,odd,0.4583333333333333,1,-0.0004620065634360692,0.0163565659387766,0.9998255196918739,3,0.25,1.0,2,"14,15",0.453125,8,8
8,16,matched_betti,0.5,max_full_branch_node_speed,all_interior,coexact,coexact,random_tangent,ontology_collapse,fresh_ontology_04,5,semantic_margin_delta,odd,0.4583333333333333,1,0.6877296298936978,0.007395716451849773,0.01625609006406466,3,0.25,1.0,1,15,0.46875,8,8
8,16,matched_betti,0.5,max_full_branch_node_speed,all_interior,coexact,coexact,random_tangent,ontology_collapse,fresh_ontology_05,5,semantic_margin_delta,odd,0.4583333333333333,1,-0.036474237831705655,0.003282489179663253,0.13481708999769013,3,0.25,1.0,3,"14,15,16",0.4545454545454546,8,8
8,16,matched_betti,0.5,max_full_branch_node_speed,all_interior,coexact,coexact,random_tangent,identity_stress,fresh_identity_01,6,semantic_margin_delta,odd,0.5416666666666666,1,-0.32608611486810174,0.018109127699541185,0.0836663470651233,3,0.25,1.0,3,"16,17,18",0.53125,8,8
8,16,matched_betti,0.5,max_full_branch_node_speed,all_interior,coexact,coexact,random_tangent,identity_stress,fresh_identity_02,6,semantic_margin_delta,odd,0.5416666666666666,1,-0.40993440573721834,0.025216903456322853,0.09260155496463793,3,0.25,1.0,3,"16,17,18",0.5483870967741935,8,8
8,16,matched_betti,0.5,max_full_branch_node_speed,all_interior,coexact,coexact,random_tangent,identity_stress,fresh_identity_03,6,semantic_margin_delta,odd,0.5416666666666666,1,0.0667440612894443,0.004945346507347787,0.11132357942023403,3,0.25,1.0,3,"16,17,18",0.53125,8,8
8,16,matched_betti,0.5,max_full_branch_node_speed,all_interior,coexact,coexact,random_tangent,identity_stress,fresh_identity_04,6,semantic_margin_delta,odd,0.5416666666666666,1,-0.580605769659021,0.04018430355856721,0.10406901858854645,3,0.25,1.0,3,"16,17,18",0.5483870967741935,8,8
8,16,matched_betti,0.5,max_full_branch_node_speed,all_interior,coexact,coexact,random_tangent,identity_stress,fresh_identity_05,6,semantic_margin_delta,odd,0.5416666666666666,1,-0.16784342717945966,0.0037736774120742124,0.03397196373109694,3,0.25,1.0,3,"15,16,17",0.5333333333333333,8,8
8,16,matched_betti,0.5,max_full_branch_node_speed,all_interior,coexact,coexact,random_tangent,literal_stable,fresh_literal_01,6,semantic_margin_delta,odd,0.5416666666666666,1,0.019152447540979785,0.03983416059070389,0.952969678760867,3,0.25,1.0,3,"16,17,18",0.5483870967741935,8,8
8,16,matched_betti,0.5,max_full_branch_node_speed,all_interior,coexact,coexact,random_tangent,literal_stable,fresh_literal_02,6,semantic_margin_delta,odd,0.5416666666666666,1,-0.5713530179045184,0.019094955108246676,0.050462808529878576,3,0.25,1.0,3,"15,16,17",0.5333333333333333,8,8
8,16,matched_betti,0.5,max_full_branch_node_speed,all_interior,coexact,coexact,random_tangent,literal_stable,fresh_literal_03,6,semantic_margin_delta,odd,0.5416666666666666,1,0.615686831987813,0.011478357742370961,0.028174642884385953,3,0.25,1.0,3,"16,17,18",0.5483870967741935,8,8
8,16,matched_betti,0.5,max_full_branch_node_speed,all_interior,coexact,coexact,random_tangent,literal_stable,fresh_literal_04,6,semantic_margin_delta,odd,0.5416666666666666,1,-0.09670863537977197,0.04301345004795928,0.55800942890181,3,0.25,1.0,3,"17,18,19",0.5454545454545454,8,8
8,16,matched_betti,0.5,max_full_branch_node_speed,all_interior,coexact,coexact,random_tangent,literal_stable,fresh_literal_05,6,semantic_margin_delta,odd,0.5416666666666666,1,0.20465859145362916,0.016348530267411173,0.11989895398826196,3,0.25,1.0,3,"17,18,19",0.5454545454545454,8,8
8,16,matched_betti,0.5,max_full_branch_node_speed,all_interior,coexact,coexact,random_tangent,metaphor_shift,fresh_metaphor_01,6,semantic_margin_delta,odd,0.5416666666666666,1,-0.18740890500446902,0.024007849156201952,0.19014190433743244,3,0.25,1.0,3,"15,16,17",0.5333333333333333,8,8
8,16,matched_betti,0.5,max_full_branch_node_speed,all_interior,coexact,coexact,random_tangent,metaphor_shift,fresh_metaphor_02,6,semantic_margin_delta,odd,0.5416666666666666,1,0.32505388687379966,0.03591256482785749,0.16475044626183574,3,0.25,1.0,3,"16,17,18",0.53125,8,8
8,16,matched_betti,0.5,max_full_branch_node_speed,all_interior,coexact,coexact,random_tangent,metaphor_shift,fresh_metaphor_03,6,semantic_margin_delta,odd,0.5416666666666666,1,-0.38038308338390675,0.05039246829737235,0.1963878658935577,3,0.25,1.0,3,"16,17,18",0.53125,8,8
8,16,matched_betti,0.5,max_full_branch_node_speed,all_interior,coexact,coexact,random_tangent,metaphor_shift,fresh_metaphor_04,6,semantic_margin_delta,odd,0.5416666666666666,1,0.4283949147531055,0.030378956744691932,0.10660015099563354,3,0.25,1.0,3,"16,17,18",0.5483870967741935,8,8
8,16,matched_betti,0.5,max_full_branch_node_speed,all_interior,coexact,coexact,random_tangent,metaphor_shift,fresh_metaphor_05,6,semantic_margin_delta,odd,0.5416666666666666,1,-0.1855552150625847,0.04747287142736289,0.3607510894080653,3,0.25,1.0,3,"15,16,17",0.5333333333333333,8,8
8,16,matched_betti,0.5,max_full_branch_node_speed,all_interior,coexact,coexact,random_tangent,ontology_collapse,fresh_ontology_01,6,semantic_margin_delta,odd,0.5416666666666666,1,-0.1738095034661693,0.05168216966414349,0.41002347907802816,3,0.25,1.0,3,"15,16,17",0.5333333333333333,8,8
8,16,matched_betti,0.5,max_full_branch_node_speed,all_interior,coexact,coexact,random_tangent,ontology_collapse,fresh_ontology_02,6,semantic_margin_delta,odd,0.5416666666666666,1,0.39042291698196085,0.024259958211952846,0.09353146281875646,3,0.25,1.0,3,"15,16,17",0.5333333333333333,8,8
8,16,matched_betti,0.5,max_full_branch_node_speed,all_interior,coexact,coexact,random_tangent,ontology_collapse,fresh_ontology_03,6,semantic_margin_delta,odd,0.5416666666666666,1,0.3446914012546915,0.004288367046930357,0.01880596662630016,3,0.25,1.0,3,"16,17,18",0.53125,8,8
8,16,matched_betti,0.5,max_full_branch_node_speed,all_interior,coexact,coexact,random_tangent,ontology_collapse,fresh_ontology_04,6,semantic_margin_delta,odd,0.5416666666666666,1,-0.253686575653196,0.024507494106228076,0.14452034619068702,3,0.25,1.0,2,"16,17",0.515625,8,8
8,16,matched_betti,0.5,max_full_branch_node_speed,all_interior,coexact,coexact,random_tangent,ontology_collapse,fresh_ontology_05,6,semantic_margin_delta,odd,0.5416666666666666,1,0.10504985599118194,0.023306348011157735,0.3180082335291699,3,0.25,1.0,3,"17,18,19",0.5454545454545454,8,8
8,16,matched_betti,0.5,max_full_branch_node_speed,all_interior,coexact,coexact,random_tangent,identity_stress,fresh_identity_01,7,semantic_margin_delta,odd,0.625,1,0.01654863548899976,0.041730904789371394,0.9672791555649025,3,0.25,1.0,3,"19,20,21",0.625,8,8
8,16,matched_betti,0.5,max_full_branch_node_speed,all_interior,coexact,coexact,random_tangent,identity_stress,fresh_identity_02,7,semantic_margin_delta,odd,0.625,1,0.6629191651585397,0.0006043338268071102,0.0013782464676221006,3,0.25,1.0,2,"19,20",0.6290322580645161,8,8
8,16,matched_betti,0.5,max_full_branch_node_speed,all_interior,coexact,coexact,random_tangent,identity_stress,fresh_identity_03,7,semantic_margin_delta,odd,0.625,1,-0.1669963604736691,0.016720211912178377,0.14966708037483462,3,0.25,1.0,3,"19,20,21",0.625,8,8
8,16,matched_betti,0.5,max_full_branch_node_speed,all_interior,coexact,coexact,random_tangent,identity_stress,fresh_identity_04,7,semantic_margin_delta,odd,0.625,1,0.31984058185267034,0.015841895550631764,0.07467415186627056,3,0.25,1.0,2,"19,20",0.6290322580645161,8,8
8,16,matched_betti,0.5,max_full_branch_node_speed,all_interior,coexact,coexact,random_tangent,identity_stress,fresh_identity_05,7,semantic_margin_delta,odd,0.625,1,0.3739377557072741,0.019902537696329166,0.08020817077792979,3,0.25,1.0,2,"18,19",0.6166666666666667,8,8
8,16,matched_betti,0.5,max_full_branch_node_speed,all_interior,coexact,coexact,random_tangent,literal_stable,fresh_literal_01,7,semantic_margin_delta,odd,0.625,1,-0.5672426743244111,0.00796181080723851,0.021215641501608262,3,0.25,1.0,2,"19,20",0.6290322580645161,8,8
8,16,matched_betti,0.5,max_full_branch_node_speed,all_interior,coexact,coexact,random_tangent,literal_stable,fresh_literal_02,7,semantic_margin_delta,odd,0.625,1,-0.09540822516762229,0.053486704017166965,0.6465676133531083,3,0.25,1.0,2,"18,19",0.6166666666666667,8,8
8,16,matched_betti,0.5,max_full_branch_node_speed,all_interior,coexact,coexact,random_tangent,literal_stable,fresh_literal_03,7,semantic_margin_delta,odd,0.625,1,0.12792129722877613,0.005095696231752873,0.06011536475827885,3,0.25,1.0,2,"19,20",0.6290322580645161,8,8
8,16,matched_betti,0.5,max_full_branch_node_speed,all_interior,coexact,coexact,random_tangent,literal_stable,fresh_literal_04,7,semantic_margin_delta,odd,0.625,1,-0.48256022256196185,0.022404926327346197,0.07002218469036048,3,0.25,1.0,2,"20,21",0.6212121212121212,8,8
8,16,matched_betti,0.5,max_full_branch_node_speed,all_interior,coexact,coexact,random_tangent,literal_stable,fresh_literal_05,7,semantic_margin_delta,odd,0.625,1,-0.1789901891582978,0.014580995362392817,0.12223621264960738,3,0.25,1.0,2,"20,21",0.6212121212121212,8,8
8,16,matched_betti,0.5,max_full_branch_node_speed,all_interior,coexact,coexact,random_tangent,metaphor_shift,fresh_metaphor_01,7,semantic_margin_delta,odd,0.625,1,0.32429960826762044,0.059113380539412765,0.2656777928583762,3,0.25,1.0,2,"18,19",0.6166666666666667,8,8
8,16,matched_betti,0.5,max_full_branch_node_speed,all_interior,coexact,coexact,random_tangent,metaphor_shift,fresh_metaphor_02,7,semantic_margin_delta,odd,0.625,1,0.12143610661272514,0.033172738238757174,0.3817216250805601,3,0.25,1.0,2,"19,21",0.625,8,8
8,16,matched_betti,0.5,max_full_branch_node_speed,all_interior,coexact,coexact,random_tangent,metaphor_shift,fresh_metaphor_03,7,semantic_margin_delta,odd,0.625,1,0.42032286937104973,0.004094167325827329,0.014724699918347992,3,0.25,1.0,3,"19,20,21",0.625,8,8
8,16,matched_betti,0.5,max_full_branch_node_speed,all_interior,coexact,coexact,random_tangent,metaphor_shift,fresh_metaphor_04,7,semantic_margin_delta,odd,0.625,1,0.18873943623681436,0.006125917767693765,0.0490114148228344,3,0.25,1.0,2,"19,20",0.6290322580645161,8,8
8,16,matched_betti,0.5,max_full_branch_node_speed,all_interior,coexact,coexact,random_tangent,metaphor_shift,fresh_metaphor_05,7,semantic_margin_delta,odd,0.625,1,-0.06649164968843554,0.013807789402196265,0.2995398041123995,3,0.25,1.0,2,"18,19",0.6166666666666667,8,8
8,16,matched_betti,0.5,max_full_branch_node_speed,all_interior,coexact,coexact,random_tangent,ontology_collapse,fresh_ontology_01,7,semantic_margin_delta,odd,0.625,1,-0.0021850563717391303,0.007724299308188218,0.9829418918942092,3,0.25,1.0,2,"18,19",0.6166666666666667,8,8
8,16,matched_betti,0.5,max_full_branch_node_speed,all_interior,coexact,coexact,random_tangent,ontology_collapse,fresh_ontology_02,7,semantic_margin_delta,odd,0.625,1,0.24704352595776685,0.050420874084643595,0.2948482753995667,3,0.25,1.0,2,"18,19",0.6166666666666667,8,8
8,16,matched_betti,0.5,max_full_branch_node_speed,all_interior,coexact,coexact,random_tangent,ontology_collapse,fresh_ontology_03,7,semantic_margin_delta,odd,0.625,1,0.7796172236345401,0.018542906413930926,0.035935753214682196,3,0.25,1.0,2,"19,21",0.625,8,8
8,16,matched_betti,0.5,max_full_branch_node_speed,all_interior,coexact,coexact,random_tangent,ontology_collapse,fresh_ontology_04,7,semantic_margin_delta,odd,0.625,1,0.07800072020224176,0.0313374863590044,0.5191402177962535,3,0.25,1.0,3,"19,20,21",0.625,8,8
8,16,matched_betti,0.5,max_full_branch_node_speed,all_interior,coexact,coexact,random_tangent,ontology_collapse,fresh_ontology_05,7,semantic_margin_delta,odd,0.625,1,0.29109199211103454,0.030995677980069077,0.15893736392605276,3,0.25,1.0,2,"20,21",0.6212121212121212,8,8
8,16,matched_betti,0.5,max_full_branch_node_speed,all_interior,coexact,coexact,random_tangent,identity_stress,fresh_identity_01,8,semantic_margin_delta,odd,0.7083333333333334,1,-0.6804681722730728,0.051648585192185105,0.11400419440464571,3,0.25,1.0,2,"22,23",0.703125,8,8
8,16,matched_betti,0.5,max_full_branch_node_speed,all_interior,coexact,coexact,random_tangent,identity_stress,fresh_identity_02,8,semantic_margin_delta,odd,0.7083333333333334,1,-0.26484038673305266,0.029572300039966005,0.16646004459618707,3,0.25,1.0,3,"21,22,23",0.7096774193548386,8,8
8,16,matched_betti,0.5,max_full_branch_node_speed,all_interior,coexact,coexact,random_tangent,identity_stress,fresh_identity_03,8,semantic_margin_delta,odd,0.7083333333333334,1,0.34147946833931886,0.09738901566979313,0.3959402978734159,3,0.25,1.0,2,"22,23",0.703125,8,8
8,16,matched_betti,0.5,max_full_branch_node_speed,all_interior,coexact,coexact,random_tangent,identity_stress,fresh_identity_04,8,semantic_margin_delta,odd,0.7083333333333334,1,0.015458046568777806,0.01533376867070099,0.831999596893437,3,0.25,1.0,3,"21,22,23",0.7096774193548386,8,8
8,16,matched_betti,0.5,max_full_branch_node_speed,all_interior,coexact,coexact,random_tangent,identity_stress,fresh_identity_05,8,semantic_margin_delta,odd,0.7083333333333334,1,0.024805504537305872,0.07580777666028725,0.9773703936505638,3,0.25,1.0,2,"20,21",0.6833333333333332,8,8
8,16,matched_betti,0.5,max_full_branch_node_speed,all_interior,coexact,coexact,random_tangent,literal_stable,fresh_literal_01,8,semantic_margin_delta,odd,0.7083333333333334,1,0.957930714939968,0.052390132288401656,0.0824037219242322,3,0.25,1.0,2,"22,23",0.7258064516129034,8,8
8,16,matched_betti,0.5,max_full_branch_node_speed,all_interior,coexact,coexact,random_tangent,literal_stable,fresh_literal_02,8,semantic_margin_delta,odd,0.7083333333333334,1,0.3639391556795764,0.026356724841758165,0.1088393517098843,3,0.25,1.0,3,"20,21,22",0.6999999999999998,8,8
8,16,matched_betti,0.5,max_full_branch_node_speed,all_interior,coexact,coexact,random_tangent,literal_stable,fresh_literal_03,8,semantic_margin_delta,odd,0.7083333333333334,1,0.5825028375426289,0.028947702222720008,0.074921195898677,3,0.25,1.0,3,"21,22,23",0.7096774193548386,8,8
8,16,matched_betti,0.5,max_full_branch_node_speed,all_interior,coexact,coexact,random_tangent,literal_stable,fresh_literal_04,8,semantic_margin_delta,odd,0.7083333333333334,1,-0.3510205167179623,0.004907480606174102,0.02113197416778529,3,0.25,1.0,3,"22,23,24",0.6969696969696969,8,8
8,16,matched_betti,0.5,max_full_branch_node_speed,all_interior,coexact,coexact,random_tangent,literal_stable,fresh_literal_05,8,semantic_margin_delta,odd,0.7083333333333334,1,0.05226502895788712,0.018437156575081902,0.4705840104357723,3,0.25,1.0,3,"22,23,24",0.6969696969696969,8,8
8,16,matched_betti,0.5,max_full_branch_node_speed,all_interior,coexact,coexact,random_tangent,metaphor_shift,fresh_metaphor_01,8,semantic_margin_delta,odd,0.7083333333333334,1,-0.11730633701344544,0.021880917559011785,0.2714178714644923,3,0.25,1.0,3,"20,21,22",0.6999999999999998,8,8
8,16,matched_betti,0.5,max_full_branch_node_speed,all_interior,coexact,coexact,random_tangent,metaphor_shift,fresh_metaphor_02,8,semantic_margin_delta,odd,0.7083333333333334,1,-0.6067706060563823,0.009447232547830467,0.023532645734218045,3,0.25,1.0,2,"22,23",0.703125,8,8
8,16,matched_betti,0.5,max_full_branch_node_speed,all_interior,coexact,coexact,random_tangent,metaphor_shift,fresh_metaphor_03,8,semantic_margin_delta,odd,0.7083333333333334,1,-0.01744431154028208,0.06173521730636333,0.9829788068614498,3,0.25,1.0,2,"22,23",0.703125,8,8
8,16,matched_betti,0.5,max_full_branch_node_speed,all_interior,coexact,coexact,random_tangent,metaphor_shift,fresh_metaphor_04,8,semantic_margin_delta,odd,0.7083333333333334,1,-0.258649969755996,0.00357342933994044,0.020882814054741267,3,0.25,1.0,3,"21,22,23",0.7096774193548386,8,8
8,16,matched_betti,0.5,max_full_branch_node_speed,all_interior,coexact,coexact,random_tangent,metaphor_shift,fresh_metaphor_05,8,semantic_margin_delta,odd,0.7083333333333334,1,0.02186250440344474,0.03504129572429117,0.924381372580572,3,0.25,1.0,3,"20,21,22",0.6999999999999998,8,8
8,16,matched_betti,0.5,max_full_branch_node_speed,all_interior,coexact,coexact,random_tangent,ontology_collapse,fresh_ontology_01,8,semantic_margin_delta,odd,0.7083333333333334,1,-0.7780248487947381,0.05594009374807387,0.10806619451397344,3,0.25,1.0,2,"20,21",0.6833333333333332,8,8
8,16,matched_betti,0.5,max_full_branch_node_speed,all_interior,coexact,coexact,random_tangent,ontology_collapse,fresh_ontology_02,8,semantic_margin_delta,odd,0.7083333333333334,1,-0.1227766003384121,0.02328097993253646,0.27557882431807673,3,0.25,1.0,3,"20,21,22",0.6999999999999998,8,8
8,16,matched_betti,0.5,max_full_branch_node_speed,all_interior,coexact,coexact,random_tangent,ontology_collapse,fresh_ontology_03,8,semantic_margin_delta,odd,0.7083333333333334,1,-0.23072546401911284,0.03871994293482891,0.24592536881967847,3,0.25,1.0,2,"22,23",0.703125,8,8
8,16,matched_betti,0.5,max_full_branch_node_speed,all_interior,coexact,coexact,random_tangent,ontology_collapse,fresh_ontology_04,8,semantic_margin_delta,odd,0.7083333333333334,1,0.26772760496763853,0.025661725672205572,0.14341379498647927,3,0.25,1.0,1,22,0.6875,8,8
8,16,matched_betti,0.5,max_full_branch_node_speed,all_interior,coexact,coexact,random_tangent,ontology_collapse,fresh_ontology_05,8,semantic_margin_delta,odd,0.7083333333333334,1,0.4266935446485337,0.025042767858780887,0.08838412473870955,3,0.25,1.0,3,"22,23,24",0.6969696969696969,8,8
8,16,matched_betti,0.5,max_full_branch_node_speed,all_interior,coexact,coexact,random_tangent,identity_stress,fresh_identity_01,9,semantic_margin_delta,odd,0.7916666666666666,1,-0.18788993659976458,0.05106740541594226,0.3800771415107085,3,0.25,1.0,2,"24,25",0.765625,8,8
8,16,matched_betti,0.5,max_full_branch_node_speed,all_interior,coexact,coexact,random_tangent,identity_stress,fresh_identity_03,9,semantic_margin_delta,odd,0.7916666666666666,1,-0.001936290420754359,0.027527303079178656,0.9989194189507012,3,0.25,1.0,3,"24,25,26",0.78125,8,8
8,16,matched_betti,0.5,max_full_branch_node_speed,all_interior,coexact,coexact,random_tangent,identity_stress,fresh_identity_04,9,semantic_margin_delta,odd,0.7916666666666666,1,0.9117228131625158,0.09065697225614133,0.14866083681926892,3,0.25,1.0,1,24,0.7741935483870966,8,8
8,16,matched_betti,0.5,max_full_branch_node_speed,all_interior,coexact,coexact,random_tangent,identity_stress,fresh_identity_05,9,semantic_margin_delta,odd,0.7916666666666666,1,0.19862872961410433,0.03526233356388582,0.2592238306551536,3,0.25,1.0,1,23,0.7666666666666667,8,8
8,16,matched_betti,0.5,max_full_branch_node_speed,all_interior,coexact,coexact,random_tangent,literal_stable,fresh_literal_01,9,semantic_margin_delta,odd,0.7916666666666666,1,-0.13323959534275626,0.16821187893723671,0.8857910038139422,3,0.25,1.0,2,"24,25",0.7903225806451614,8,8
8,16,matched_betti,0.5,max_full_branch_node_speed,all_interior,coexact,coexact,random_tangent,literal_stable,fresh_literal_02,9,semantic_margin_delta,odd,0.7916666666666666,1,-0.062235974903586046,0.017820780863321405,0.39727924870951065,3,0.25,1.0,2,"23,24",0.7833333333333335,8,8
8,16,matched_betti,0.5,max_full_branch_node_speed,all_interior,coexact,coexact,random_tangent,literal_stable,fresh_literal_03,9,semantic_margin_delta,odd,0.7916666666666666,1,0.11859526306894927,0.005528053832473513,0.07029754293724509,3,0.25,1.0,2,"24,25",0.7903225806451614,8,8
8,16,matched_betti,0.5,max_full_branch_node_speed,all_interior,coexact,coexact,random_tangent,literal_stable,fresh_literal_04,9,semantic_margin_delta,odd,0.7916666666666666,1,0.4397774056275348,0.059527522562051655,0.20048750733102147,3,0.25,1.0,3,"25,26,27",0.787878787878788,8,8
8,16,matched_betti,0.5,max_full_branch_node_speed,all_interior,coexact,coexact,random_tangent,literal_stable,fresh_literal_05,9,semantic_margin_delta,odd,0.7916666666666666,1,0.018935780422602345,0.015825803583302645,0.784140331547005,3,0.25,1.0,3,"25,26,27",0.787878787878788,8,8
8,16,matched_betti,0.5,max_full_branch_node_speed,all_interior,coexact,coexact,random_tangent,metaphor_shift,fresh_metaphor_01,9,semantic_margin_delta,odd,0.7916666666666666,1,-0.09397703743706602,0.007216490547718529,0.11532091290665965,3,0.25,1.0,2,"23,24",0.7833333333333335,8,8
8,16,matched_betti,0.5,max_full_branch_node_speed,all_interior,coexact,coexact,random_tangent,metaphor_shift,fresh_metaphor_02,9,semantic_margin_delta,odd,0.7916666666666666,1,0.05174124179784233,0.10740864584303157,0.9528023252312178,3,0.25,1.0,3,"24,25,26",0.78125,8,8
8,16,matched_betti,0.5,max_full_branch_node_speed,all_interior,coexact,coexact,random_tangent,metaphor_shift,fresh_metaphor_03,9,semantic_margin_delta,odd,0.7916666666666666,1,-0.5463618382853158,0.033106527192644356,0.0912282719999603,3,0.25,1.0,2,"25,26",0.796875,8,8
8,16,matched_betti,0.5,max_full_branch_node_speed,all_interior,coexact,coexact,random_tangent,metaphor_shift,fresh_metaphor_04,9,semantic_margin_delta,odd,0.7916666666666666,1,-0.7871291050887081,0.02577788705033513,0.049451633322096615,3,0.25,1.0,2,"24,25",0.7903225806451614,8,8
8,16,matched_betti,0.5,max_full_branch_node_speed,all_interior,coexact,coexact,random_tangent,metaphor_shift,fresh_metaphor_05,9,semantic_margin_delta,odd,0.7916666666666666,1,0.11674672110336294,0.044921943938766216,0.5028395378047043,3,0.25,1.0,2,"23,24",0.7833333333333335,8,8
8,16,matched_betti,0.5,max_full_branch_node_speed,all_interior,coexact,coexact,random_tangent,ontology_collapse,fresh_ontology_01,9,semantic_margin_delta,odd,0.7916666666666666,1,0.2020480477057849,0.020195672295417685,0.14942096001841962,3,0.25,1.0,2,"23,24",0.7833333333333335,8,8
8,16,matched_betti,0.5,max_full_branch_node_speed,all_interior,coexact,coexact,random_tangent,ontology_collapse,fresh_ontology_02,9,semantic_margin_delta,odd,0.7916666666666666,1,-0.031120616014982998,0.0939119280596036,0.9768106480456765,3,0.25,1.0,2,"23,24",0.7833333333333335,8,8
8,16,matched_betti,0.5,max_full_branch_node_speed,all_interior,coexact,coexact,random_tangent,ontology_collapse,fresh_ontology_03,9,semantic_margin_delta,odd,0.7916666666666666,1,-0.11494881052457975,0.020194577895450778,0.25670732955718045,3,0.25,1.0,3,"24,25,26",0.78125,8,8
8,16,matched_betti,0.5,max_full_branch_node_speed,all_interior,coexact,coexact,random_tangent,ontology_collapse,fresh_ontology_04,9,semantic_margin_delta,odd,0.7916666666666666,1,0.14108105204527457,0.012863623347483323,0.13655825799153956,3,0.25,1.0,3,"24,25,26",0.78125,8,8
8,16,matched_betti,0.5,max_full_branch_node_speed,all_interior,coexact,coexact,random_tangent,ontology_collapse,fresh_ontology_05,9,semantic_margin_delta,odd,0.7916666666666666,1,-0.4571780199989786,0.010105033259521263,0.03339804369817413,3,0.25,1.0,3,"25,26,27",0.787878787878788,8,8
8,16,matched_betti,0.5,max_full_branch_node_speed,all_interior,coexact,coexact,random_tangent,identity_stress,fresh_identity_01,10,semantic_margin_delta,odd,0.875,1,-0.1862581522601957,0.006458485005891712,0.052351651329361655,3,0.25,1.0,1,29,0.90625,8,8
8,16,matched_betti,0.5,max_full_branch_node_speed,all_interior,coexact,coexact,random_tangent,identity_stress,fresh_identity_02,10,semantic_margin_delta,odd,0.875,1,-0.001323443450741408,0.007600757724727228,0.9934332461207027,3,0.25,1.0,2,"26,27",0.8548387096774194,8,8
8,16,matched_betti,0.5,max_full_branch_node_speed,all_interior,coexact,coexact,random_tangent,identity_stress,fresh_identity_03,10,semantic_margin_delta,odd,0.875,1,0.28024951292401534,0.022631067707733835,0.12118765363681394,3,0.25,1.0,3,"27,28,29",0.875,8,8
8,16,matched_betti,0.5,max_full_branch_node_speed,all_interior,coexact,coexact,random_tangent,identity_stress,fresh_identity_04,10,semantic_margin_delta,odd,0.875,1,-0.6029642164856829,0.02234139461312568,0.055930584804100084,3,0.25,1.0,2,"27,28",0.8870967741935484,8,8
8,16,matched_betti,0.5,max_full_branch_node_speed,all_interior,coexact,coexact,random_tangent,identity_stress,fresh_identity_05,10,semantic_margin_delta,odd,0.875,1,0.5226900225906628,0.0027666539061889403,0.008002168470632707,3,0.25,1.0,3,"25,26,27",0.8666666666666667,8,8
8,16,matched_betti,0.5,max_full_branch_node_speed,all_interior,coexact,coexact,random_tangent,literal_stable,fresh_literal_01,10,semantic_margin_delta,odd,0.875,1,-0.13062620266526012,0.03599263858548432,0.3845441518771521,3,0.25,1.0,1,28,0.9032258064516129,8,8
8,16,matched_betti,0.5,max_full_branch_node_speed,all_interior,coexact,coexact,random_tangent,literal_stable,fresh_literal_02,10,semantic_margin_delta,odd,0.875,1,-0.14805700165410104,0.013473099439560456,0.13629434614266556,3,0.25,1.0,3,"25,26,27",0.8666666666666667,8,8
8,16,matched_betti,0.5,max_full_branch_node_speed,all_interior,coexact,coexact,random_tangent,literal_stable,fresh_literal_03,10,semantic_margin_delta,odd,0.875,1,-0.3609387407441008,0.0061279635148038854,0.02565964376900555,3,0.25,1.0,3,"26,27,28",0.8709677419354839,8,8
8,16,matched_betti,0.5,max_full_branch_node_speed,all_interior,coexact,coexact,random_tangent,literal_stable,fresh_literal_04,10,semantic_margin_delta,odd,0.875,1,-0.33391688391544916,0.02410485162614189,0.10849403513118128,3,0.25,1.0,3,"28,29,30",0.8787878787878788,8,8
8,16,matched_betti,0.5,max_full_branch_node_speed,all_interior,coexact,coexact,random_tangent,literal_stable,fresh_literal_05,10,semantic_margin_delta,odd,0.875,1,0.3063820433661699,0.05518520091731105,0.26274642098528683,3,0.25,1.0,3,"28,29,30",0.8787878787878788,8,8
8,16,matched_betti,0.5,max_full_branch_node_speed,all_interior,coexact,coexact,random_tangent,metaphor_shift,fresh_metaphor_01,10,semantic_margin_delta,odd,0.875,1,0.060943442587285596,0.022726771649197088,0.49111837402680586,3,0.25,1.0,3,"25,26,27",0.8666666666666667,8,8
8,16,matched_betti,0.5,max_full_branch_node_speed,all_interior,coexact,coexact,random_tangent,metaphor_shift,fresh_metaphor_02,10,semantic_margin_delta,odd,0.875,1,0.7971780917580428,0.01089086334665272,0.020650249669598695,3,0.25,1.0,3,"27,28,29",0.875,8,8
8,16,matched_betti,0.5,max_full_branch_node_speed,all_interior,coexact,coexact,random_tangent,metaphor_shift,fresh_metaphor_03,10,semantic_margin_delta,odd,0.875,1,-0.6904979790416118,0.030981156528237647,0.06767827651342746,3,0.25,1.0,3,"27,28,29",0.875,8,8
8,16,matched_betti,0.5,max_full_branch_node_speed,all_interior,coexact,coexact,random_tangent,metaphor_shift,fresh_metaphor_04,10,semantic_margin_delta,odd,0.875,1,-0.0069465033022395725,0.012567580667406309,0.9392003603577471,3,0.25,1.0,3,"26,27,28",0.8709677419354839,8,8
8,16,matched_betti,0.5,max_full_branch_node_speed,all_interior,coexact,coexact,random_tangent,metaphor_shift,fresh_metaphor_05,10,semantic_margin_delta,odd,0.875,1,0.6564755889396365,0.022564978296596826,0.051896931502502505,3,0.25,1.0,1,27,0.9,8,8
8,16,matched_betti,0.5,max_full_branch_node_speed,all_interior,coexact,coexact,random_tangent,ontology_collapse,fresh_ontology_01,10,semantic_margin_delta,odd,0.875,1,-0.9234945587022383,0.026392794499075136,0.043167509144817075,3,0.25,1.0,3,"25,26,27",0.8666666666666667,8,8
8,16,matched_betti,0.5,max_full_branch_node_speed,all_interior,coexact,coexact,random_tangent,ontology_collapse,fresh_ontology_02,10,semantic_margin_delta,odd,0.875,1,0.2955589926678809,0.049962286896035706,0.2476109918313003,3,0.25,1.0,3,"25,26,27",0.8666666666666667,8,8
8,16,matched_betti,0.5,max_full_branch_node_speed,all_interior,coexact,coexact,random_tangent,ontology_collapse,fresh_ontology_03,10,semantic_margin_delta,odd,0.875,1,-0.5586292303729871,0.043660502659982926,0.1173451584835744,3,0.25,1.0,2,"27,28",0.859375,8,8
8,16,matched_betti,0.5,max_full_branch_node_speed,all_interior,coexact,coexact,random_tangent,ontology_collapse,fresh_ontology_04,10,semantic_margin_delta,odd,0.875,1,-0.5428218380789234,0.008807886198458743,0.024524192437192244,3,0.25,1.0,3,"27,28,29",0.875,8,8
8,16,matched_betti,0.5,max_full_branch_node_speed,all_interior,coexact,coexact,random_tangent,ontology_collapse,fresh_ontology_05,10,semantic_margin_delta,odd,0.875,1,0.00803198033185855,0.030161616122552262,0.9848392914461114,3,0.25,1.0,2,"28,30",0.8787878787878788,8,8
8,16,matched_betti,0.5,max_full_branch_node_speed,all_interior,coexact,coexact,random_tangent,identity_stress,fresh_identity_01,11,semantic_margin_delta,odd,0.9583333333333334,1,-0.4478493906568361,0.029078941035673714,0.09769561454982544,3,0.25,1.0,1,30,0.9375,8,8
8,16,matched_betti,0.5,max_full_branch_node_speed,all_interior,coexact,coexact,random_tangent,identity_stress,fresh_identity_02,11,semantic_margin_delta,odd,0.9583333333333334,1,1.2802433480595805,0.08785964922981135,0.10320073761120607,3,0.25,1.0,2,"29,30",0.9516129032258065,8,8
8,16,matched_betti,0.5,max_full_branch_node_speed,all_interior,coexact,coexact,random_tangent,identity_stress,fresh_identity_03,11,semantic_margin_delta,odd,0.9583333333333334,1,-0.22291812889924983,0.02524641806761123,0.16876820057690697,3,0.25,1.0,2,"30,31",0.953125,8,8
8,16,matched_betti,0.5,max_full_branch_node_speed,all_interior,coexact,coexact,random_tangent,identity_stress,fresh_identity_04,11,semantic_margin_delta,odd,0.9583333333333334,1,-0.24388194404888797,0.023691384205536476,0.14530741054314278,3,0.25,1.0,2,"29,30",0.9516129032258065,8,8
8,16,matched_betti,0.5,max_full_branch_node_speed,all_interior,coexact,coexact,random_tangent,identity_stress,fresh_identity_05,11,semantic_margin_delta,odd,0.9583333333333334,1,-0.6014625943185761,0.058061124827457795,0.14441462247614603,3,0.25,1.0,1,29,0.9666666666666667,8,8
8,16,matched_betti,0.5,max_full_branch_node_speed,all_interior,coexact,coexact,random_tangent,literal_stable,fresh_literal_01,11,semantic_margin_delta,odd,0.9583333333333334,1,0.5014441623848809,0.01729434166354983,0.05207182955665518,3,0.25,1.0,2,"29,30",0.9516129032258065,8,8
8,16,matched_betti,0.5,max_full_branch_node_speed,all_interior,coexact,coexact,random_tangent,literal_stable,fresh_literal_02,11,semantic_margin_delta,odd,0.9583333333333334,1,-0.15617701774467868,0.00619429183487931,0.059855785530711955,3,0.25,1.0,2,"28,29",0.9499999999999998,8,8
8,16,matched_betti,0.5,max_full_branch_node_speed,all_interior,coexact,coexact,random_tangent,literal_stable,fresh_literal_03,11,semantic_margin_delta,odd,0.9583333333333334,1,0.8769513506965447,0.008346411237744305,0.014387664227579164,3,0.25,1.0,2,"29,30",0.9516129032258065,8,8
8,16,matched_betti,0.5,max_full_branch_node_speed,all_interior,coexact,coexact,random_tangent,literal_stable,fresh_literal_04,11,semantic_margin_delta,odd,0.9583333333333334,1,0.4531007974540307,0.04012181106652421,0.1326903569577463,3,0.25,1.0,2,"31,32",0.9545454545454546,8,8
8,16,matched_betti,0.5,max_full_branch_node_speed,all_interior,coexact,coexact,random_tangent,literal_stable,fresh_literal_05,11,semantic_margin_delta,odd,0.9583333333333334,1,0.309342005299689,0.03148856123161591,0.15210447641223265,3,0.25,1.0,2,"31,32",0.9545454545454546,8,8
8,16,matched_betti,0.5,max_full_branch_node_speed,all_interior,coexact,coexact,random_tangent,metaphor_shift,fresh_metaphor_01,11,semantic_margin_delta,odd,0.9583333333333334,1,-0.4557308562338948,0.03298316226597865,0.10877032955552665,3,0.25,1.0,2,"28,29",0.9499999999999998,8,8
8,16,matched_betti,0.5,max_full_branch_node_speed,all_interior,coexact,coexact,random_tangent,metaphor_shift,fresh_metaphor_02,11,semantic_margin_delta,odd,0.9583333333333334,1,-0.3034862610392178,0.011883071637906877,0.05909367951998819,3,0.25,1.0,2,"30,31",0.953125,8,8
8,16,matched_betti,0.5,max_full_branch_node_speed,all_interior,coexact,coexact,random_tangent,metaphor_shift,fresh_metaphor_03,11,semantic_margin_delta,odd,0.9583333333333334,1,0.21900227049236504,0.022515357366979006,0.1535880636035998,3,0.25,1.0,2,"30,31",0.953125,8,8
8,16,matched_betti,0.5,max_full_branch_node_speed,all_interior,coexact,coexact,random_tangent,metaphor_shift,fresh_metaphor_04,11,semantic_margin_delta,odd,0.9583333333333334,1,-0.24094753146674514,0.005292422711820286,0.03318972717318368,3,0.25,1.0,2,"29,30",0.9516129032258065,8,8
8,16,matched_betti,0.5,max_full_branch_node_speed,all_interior,coexact,coexact,random_tangent,metaphor_shift,fresh_metaphor_05,11,semantic_margin_delta,odd,0.9583333333333334,1,-0.8921001209212617,0.03922280302769539,0.06632521320734708,3,0.25,1.0,2,"28,29",0.9499999999999998,8,8
8,16,matched_betti,0.5,max_full_branch_node_speed,all_interior,coexact,coexact,random_tangent,ontology_collapse,fresh_ontology_01,11,semantic_margin_delta,odd,0.9583333333333334,1,0.5921438550507354,0.053044187427035955,0.1342068706582432,3,0.25,1.0,2,"28,29",0.9499999999999998,8,8
8,16,matched_betti,0.5,max_full_branch_node_speed,all_interior,coexact,coexact,random_tangent,ontology_collapse,fresh_ontology_03,11,semantic_margin_delta,odd,0.9583333333333334,1,0.7573942717433801,0.05534263479169816,0.10980314765310561,3,0.25,1.0,1,30,0.9375,8,8
8,16,matched_betti,0.5,max_full_branch_node_speed,all_interior,coexact,coexact,random_tangent,ontology_collapse,fresh_ontology_04,11,semantic_margin_delta,odd,0.9583333333333334,1,0.04515867226421956,0.01547843715706227,0.46009385836413735,3,0.25,1.0,2,"30,31",0.953125,8,8
