source_id,family,layer,k,target_set,component,alpha,prompt_id,random_matched,both_active,gap_position_frac,gap_nearest_distance,gap_next_token_base_logprob,gap_baseline_token_mismatch,gap_target_margin_delta,gap_next_token_logprob_gain,gap_entropy_delta,gap_kl_base_to_steered,gap_early_occupancy,gap_middle_occupancy,gap_late_occupancy
spiral_out_hltd_branch_band_runs/07__identity_stress__coexact__l4_5_7__k16__a0p8__s0_4,identity_stress,4,16,identity_stress,coexact,0.8,identity_01,1.0,1.0,0.0,0.0,0.0,0.0,-0.03123605044530171,0.012194657490017413,-0.0723833701293583,-0.002907067754475725,0.0,0.0,0.0
spiral_out_hltd_branch_band_runs/07__identity_stress__coexact__l4_5_7__k16__a0p8__s0_4,identity_stress,4,16,identity_stress,coexact,0.8,identity_02,1.0,1.0,0.05483870967741935,-0.012063318062040604,-0.013411507419155555,0.2,0.244279921678438,-0.05407033300474914,0.057311786270421904,-0.004132128194018542,-0.1,0.0,0.1
spiral_out_hltd_branch_band_runs/07__identity_stress__coexact__l4_5_7__k16__a0p8__s0_4,identity_stress,4,16,identity_stress,coexact,0.8,identity_03,1.0,1.0,0.024193548387096777,-0.0002871260819979321,0.19833100950370125,-0.3,-0.04895776673026449,0.07911755581434007,-0.1274619788537545,0.002669497572797876,-0.15,0.15,0.0
spiral_out_hltd_branch_band_runs/07__identity_stress__coexact__l4_5_7__k16__a0p8__s0_4,identity_stress,4,16,identity_stress,coexact,0.8,identity_04,1.0,1.0,-0.09285714285714285,0.02453917831401848,0.320903265545752,-0.4,0.062463503884990466,-0.08167488322277523,0.07215634780802642,-0.004092461410561225,0.0,0.2,-0.2
spiral_out_hltd_branch_band_runs/07__identity_stress__coexact__l4_5_7__k16__a0p8__s0_4,identity_stress,4,16,identity_stress,coexact,0.8,identity_05,1.0,1.0,0.0,0.0,-0.25315093994140625,0.25,-0.06133503353435845,0.27491995383366474,-0.06450054472605286,-0.0010107934914518888,0.0,0.0,0.0
spiral_out_hltd_branch_band_runs/07__identity_stress__coexact__l4_5_7__k16__a0p8__s0_4,identity_stress,5,16,identity_stress,coexact,0.8,identity_01,1.0,1.0,0.0,0.0,0.0,0.0,-0.1968814857964034,-0.09518210941922235,0.04837940896569874,0.008562705459110405,0.0,0.0,0.0
spiral_out_hltd_branch_band_runs/07__identity_stress__coexact__l4_5_7__k16__a0p8__s0_4,identity_stress,5,16,identity_stress,coexact,0.8,identity_02,1.0,1.0,0.024193548387096777,-0.014498891106307624,-0.020117261128733334,0.3,0.3113511342345356,0.03623834355827782,0.0535695746049528,-0.012238280964097448,-0.15,0.15,0.0
spiral_out_hltd_branch_band_runs/07__identity_stress__coexact__l4_5_7__k16__a0p8__s0_4,identity_stress,5,16,identity_stress,coexact,0.8,identity_03,1.0,1.0,-0.024193548387096777,0.0021863318078809537,-0.19833100950370125,0.3,-0.01448378984004054,0.0243361539314954,0.030595647873331827,-0.0027619919674558686,0.15,-0.15,0.0
spiral_out_hltd_branch_band_runs/07__identity_stress__coexact__l4_5_7__k16__a0p8__s0_4,identity_stress,5,16,identity_stress,coexact,0.8,identity_04,1.0,1.0,-0.04642857142857142,0.0067467985877815,0.17011693123479005,-0.2,0.13948075767286078,-0.011338725042624943,0.16395861232587067,0.02033877055836499,0.0,0.1,-0.1
spiral_out_hltd_branch_band_runs/07__identity_stress__coexact__l4_5_7__k16__a0p8__s0_4,identity_stress,5,16,identity_stress,coexact,0.8,identity_05,1.0,1.0,0.0,0.0,0.0,0.0,-0.07652833163179477,-0.008285082784120629,-0.1326196321545301,-0.0014792977717475204,0.0,0.0,0.0
spiral_out_hltd_branch_band_runs/07__identity_stress__coexact__l4_5_7__k16__a0p8__s0_4,identity_stress,7,16,identity_stress,coexact,0.8,identity_01,1.0,1.0,-0.03529411764705882,0.003752740939981272,0.012314755054593719,-0.1,-0.35911938504534835,-0.030393772029854226,-0.11027322186402029,-0.004002745390726111,0.05,0.0,-0.05
spiral_out_hltd_branch_band_runs/07__identity_stress__coexact__l4_5_7__k16__a0p8__s0_4,identity_stress,7,16,identity_stress,coexact,0.8,identity_02,1.0,1.0,0.01612903225806452,-0.0062070952809114175,0.032552924343539756,0.15,0.43966036144481535,-0.010586117863079622,-0.12181135536067404,0.007254358773856914,-0.1,0.1,0.0
spiral_out_hltd_branch_band_runs/07__identity_stress__coexact__l4_5_7__k16__a0p8__s0_4,identity_stress,7,16,identity_stress,coexact,0.8,identity_03,1.0,1.0,-0.024193548387096777,0.009417869854655956,-0.19833100950370125,0.3,-0.022580272055079776,0.1093722032643157,-0.0707124176275888,-0.0018151538638502304,0.15,-0.15,0.0
spiral_out_hltd_branch_band_runs/07__identity_stress__coexact__l4_5_7__k16__a0p8__s0_4,identity_stress,7,16,identity_stress,coexact,0.8,identity_04,1.0,1.0,-0.04642857142857142,0.007950585638540758,0.1895520508636963,-0.2,-0.159795850526819,-0.08018517696996595,-0.06213610049607545,-0.0055705174967103,0.0,0.1,-0.1
spiral_out_hltd_branch_band_runs/07__identity_stress__coexact__l4_5_7__k16__a0p8__s0_4,identity_stress,7,16,identity_stress,coexact,0.8,identity_05,1.0,1.0,0.0,0.0,0.05063018798828125,-0.05,0.14709586609402137,-0.031211783568901592,-0.07393479997641647,-0.006231877329125783,0.0,0.0,0.0
spiral_out_hltd_closed_loop_affordance5_prompt_robust_l7_k16_a08,affordance_stress,7,16,affordance_stress,coexact,0.8,affordance_01,1.0,1.0,0.109375,0.006649101646622649,-0.5734404781965239,0.5,-1.0499527706410439e-05,0.12902501501306946,0.18758621415163867,-0.020973189300286597,-0.25,0.0,0.25
spiral_out_hltd_closed_loop_affordance5_prompt_robust_l7_k16_a08,affordance_stress,7,16,affordance_stress,coexact,0.8,affordance_02,1.0,1.0,0.0,0.0,0.0,0.0,-0.41237071584048524,-0.07109955844853746,0.05360567665333809,0.01792288867606913,0.0,0.0,0.0
spiral_out_hltd_closed_loop_affordance5_prompt_robust_l7_k16_a08,affordance_stress,7,16,affordance_stress,coexact,0.8,affordance_03,1.0,1.0,0.0,0.0,-0.0625,0.0,0.07973196835929962,-0.10358650875343045,0.0002492319270286786,-0.03640879260436707,0.0,0.0,0.0
spiral_out_hltd_closed_loop_affordance5_prompt_robust_l7_k16_a08,affordance_stress,7,16,affordance_stress,coexact,0.8,affordance_04,1.0,1.0,0.12096774193548386,0.010908029352494672,-0.0013975625203067055,-0.5,0.21745502989528442,-0.02346740776663836,-0.1065784197824701,-0.010439443546451502,-0.25,0.0,0.25
spiral_out_hltd_closed_loop_affordance5_prompt_robust_l7_k16_a08,affordance_stress,7,16,affordance_stress,coexact,0.8,affordance_05,1.0,1.0,0.0,0.0,-0.09375,0.25,0.21182606753252473,0.08102272089552716,0.044363115644875425,-0.015367249458276399,0.0,0.0,0.0
spiral_out_hltd_closed_loop_affordance5_prompt_robust_l7_k16_a08,affordance_stress,7,16,affordance_stress,coexact_minus_presence,0.8,affordance_01,1.0,1.0,0.0,0.0,0.0,0.0,-0.26584421236848765,-0.2560331993999688,0.4881781173502215,-0.0148829741255854,0.0,0.0,0.0
spiral_out_hltd_closed_loop_affordance5_prompt_robust_l7_k16_a08,affordance_stress,7,16,affordance_stress,coexact_minus_presence,0.8,affordance_02,1.0,1.0,0.0,0.0,0.0,0.0,-0.37521307633268197,-0.06374210890476209,0.08412700607993012,0.014885866086445501,0.0,0.0,0.0
spiral_out_hltd_closed_loop_affordance5_prompt_robust_l7_k16_a08,affordance_stress,7,16,affordance_stress,coexact_minus_presence,0.8,affordance_03,1.0,1.0,0.0,0.0,-0.0625,0.0,0.2462202952123843,0.047914182831881674,-0.1310448923685036,-0.03409198468245937,0.0,0.0,0.0
spiral_out_hltd_closed_loop_affordance5_prompt_robust_l7_k16_a08,affordance_stress,7,16,affordance_stress,coexact_minus_presence,0.8,affordance_04,1.0,1.0,0.12096774193548386,0.010908029352494672,-0.0013975625203067055,-0.5,0.35072618577137543,0.07862200524560944,-0.13172447490772796,-0.014024509099467225,-0.25,0.0,0.25
spiral_out_hltd_closed_loop_affordance5_prompt_robust_l7_k16_a08,affordance_stress,7,16,affordance_stress,coexact_minus_presence,0.8,affordance_05,1.0,1.0,0.0,0.0,-0.28125,0.25,0.28699455691277737,0.2713659260789952,0.1630995992410076,0.0023008069072438762,0.0,0.0,0.0
spiral_out_hltd_closed_loop_affordance5_prompt_robust_l7_k16_a08,affordance_stress,7,16,affordance_stress,presence,0.8,affordance_01,1.0,1.0,0.109375,0.006649101646622649,-0.3703154781965239,0.5,0.16178694693043014,-0.227511208323591,0.16308036701237943,0.036337536374086626,-0.25,0.0,0.25
spiral_out_hltd_closed_loop_affordance5_prompt_robust_l7_k16_a08,affordance_stress,7,16,affordance_stress,presence,0.8,affordance_02,1.0,1.0,0.0,0.0,0.0,0.0,-0.05273737196284591,0.10725861812516864,-0.2583782217533616,0.006268841177350027,0.0,0.0,0.0
spiral_out_hltd_closed_loop_affordance5_prompt_robust_l7_k16_a08,affordance_stress,7,16,affordance_stress,presence,0.8,affordance_03,1.0,1.0,0.0,0.0,0.0,0.0,-0.2244347845490297,-0.19820851086786107,0.07338190217146881,-0.059270089654008595,0.0,0.0,0.0
spiral_out_hltd_closed_loop_affordance5_prompt_robust_l7_k16_a08,affordance_stress,7,16,affordance_stress,presence,0.8,affordance_04,1.0,1.0,0.0,0.0,0.0,0.0,-0.08231081169984378,0.001728755674005128,0.005898028801761657,-0.018242061518327902,0.0,0.0,0.0
spiral_out_hltd_closed_loop_affordance5_prompt_robust_l7_k16_a08,affordance_stress,7,16,affordance_stress,presence,0.8,affordance_05,1.0,1.0,0.0,0.0,0.0,0.0,-0.13762213079551677,0.0943389282205746,-0.15183153775666205,-0.016855444191101698,0.0,0.0,0.0
spiral_out_hltd_closed_loop_affordance5_prompt_robust_l7_k16_a08,affordance_stress,7,16,affordance_stress,presence_plus_coexact,0.8,affordance_01,1.0,1.0,0.109375,0.006649101646622649,-0.9171904781965239,0.5,0.13740975060409322,0.3694642808252589,0.12399737637580524,0.036503343457036125,-0.25,0.0,0.25
spiral_out_hltd_closed_loop_affordance5_prompt_robust_l7_k16_a08,affordance_stress,7,16,affordance_stress,presence_plus_coexact,0.8,affordance_02,1.0,1.0,0.0,0.0,0.0,0.0,-0.42780004131327537,-0.013194417345019402,-0.031419344929584855,0.0149686408686238,0.0,0.0,0.0
spiral_out_hltd_closed_loop_affordance5_prompt_robust_l7_k16_a08,affordance_stress,7,16,affordance_stress,presence_plus_coexact,0.8,affordance_03,1.0,1.0,0.0,0.0,0.0,0.0,-0.22046652150639234,-0.198104990832217,0.0528678151783068,-0.06043754334240374,0.0,0.0,0.0
spiral_out_hltd_closed_loop_affordance5_prompt_robust_l7_k16_a08,affordance_stress,7,16,affordance_stress,presence_plus_coexact,0.8,affordance_04,1.0,1.0,0.12096774193548386,0.010908029352494672,-0.2826475625203067,-0.25,-0.10101818848146049,0.21840544407117335,-0.04358214068402454,-0.007789783254374549,-0.25,0.0,0.25
spiral_out_hltd_closed_loop_affordance5_prompt_robust_l7_k16_a08,affordance_stress,7,16,affordance_stress,presence_plus_coexact,0.8,affordance_05,1.0,1.0,0.0,0.0,-0.125,0.25,-0.06655148615199422,0.14026328546698424,-0.096906012380504,-0.017761052997383873,0.0,0.0,0.0
spiral_out_hltd_closed_loop_alpha_k_grid_l7,ontology_collapse,7,12,ontology_collapse,coexact,0.7,ontology_03,1.0,1.0,0.3103448275862069,0.045972831799530184,-0.37595117132239153,1.0,0.0731903922951907,-0.06161949513650095,0.16222095734262348,0.015378281319084525,-0.5,0.0,0.5
spiral_out_hltd_closed_loop_alpha_k_grid_l7,ontology_collapse,7,12,ontology_collapse,coexact,0.7,ontology_05,1.0,1.0,0.0,0.0,0.0,0.0,0.1425932281058642,0.04121198657758644,0.026322948044426874,0.0030996723778662,0.0,0.0,0.0
spiral_out_hltd_closed_loop_alpha_k_grid_l7,ontology_collapse,7,12,ontology_collapse,coexact,0.8,ontology_03,1.0,1.0,0.3103448275862069,0.045972831799530184,-0.37595117132239153,1.0,0.1292250977297928,-0.058965423421110275,0.18509735328070523,0.023904413187591827,-0.5,0.0,0.5
spiral_out_hltd_closed_loop_alpha_k_grid_l7,ontology_collapse,7,12,ontology_collapse,coexact,0.8,ontology_05,1.0,1.0,0.0,0.0,0.0,0.0,0.19270528326039482,0.006918005520833343,0.08733907784650097,0.004054140406943452,0.0,0.0,0.0
spiral_out_hltd_closed_loop_alpha_k_grid_l7,ontology_collapse,7,12,ontology_collapse,coexact,0.9,ontology_03,1.0,1.0,0.3103448275862069,0.045972831799530184,-0.37595117132239153,1.0,0.1738860089152881,-0.08876960161886058,0.2520252933067427,0.03660831368188192,-0.5,0.0,0.5
spiral_out_hltd_closed_loop_alpha_k_grid_l7,ontology_collapse,7,12,ontology_collapse,coexact,0.9,ontology_05,1.0,1.0,0.0,0.0,0.0,0.0,0.3028100457953484,0.010257583606442446,0.11929804675178071,0.007200258212499125,0.0,0.0,0.0
spiral_out_hltd_closed_loop_alpha_k_grid_l7,ontology_collapse,7,12,ontology_collapse,coexact_minus_presence,0.7,ontology_03,1.0,1.0,0.3103448275862069,0.045972831799530184,-0.37595117132239153,1.0,0.10418904523535913,-0.0520473201219147,0.2256388258505648,0.021125291091437,-0.5,0.0,0.5
spiral_out_hltd_closed_loop_alpha_k_grid_l7,ontology_collapse,7,12,ontology_collapse,coexact_minus_presence,0.7,ontology_05,1.0,1.0,0.0,0.0,0.0,0.0,0.31379637702382146,0.01601917824915858,0.07780544214869095,0.003969662801303625,0.0,0.0,0.0
spiral_out_hltd_closed_loop_alpha_k_grid_l7,ontology_collapse,7,12,ontology_collapse,coexact_minus_presence,0.8,ontology_03,1.0,1.0,0.3103448275862069,0.045972831799530184,-0.37595117132239153,1.0,0.17427623621500207,-0.07515158994075927,0.2603692903618161,0.029225591438577878,-0.5,0.0,0.5
spiral_out_hltd_closed_loop_alpha_k_grid_l7,ontology_collapse,7,12,ontology_collapse,coexact_minus_presence,0.8,ontology_05,1.0,1.0,0.0,0.0,0.0,0.0,0.43685806713521513,-0.01245894609822425,0.13510655636624974,0.004632805273551203,0.0,0.0,0.0
spiral_out_hltd_closed_loop_alpha_k_grid_l7,ontology_collapse,7,12,ontology_collapse,coexact_minus_presence,0.9,ontology_03,1.0,1.0,0.3103448275862069,0.045972831799530184,-0.37595117132239153,1.0,0.22676042694040854,-0.10684076502897707,0.3376819492925893,0.04165297381498878,-0.5,0.0,0.5
spiral_out_hltd_closed_loop_alpha_k_grid_l7,ontology_collapse,7,12,ontology_collapse,coexact_minus_presence,0.9,ontology_05,1.0,1.0,0.0,0.0,0.0,0.0,0.5871122576162451,-0.03734263387698177,0.2133216961555225,0.009732566235066674,0.0,0.0,0.0
spiral_out_hltd_closed_loop_alpha_k_grid_l7,ontology_collapse,7,12,ontology_collapse,presence,0.7,ontology_03,1.0,1.0,0.0,0.029302944615894597,-0.37132493303599656,0.5,-0.2934881392977894,0.09329859794927842,0.08249476915691145,0.00838892741433035,0.0,0.0,0.0
spiral_out_hltd_closed_loop_alpha_k_grid_l7,ontology_collapse,7,12,ontology_collapse,presence,0.7,ontology_05,1.0,1.0,0.0,0.0,0.0,0.0,-0.09996303595500097,0.053103482880471745,-0.057874860619731086,0.007809704245438075,0.0,0.0,0.0
spiral_out_hltd_closed_loop_alpha_k_grid_l7,ontology_collapse,7,12,ontology_collapse,presence,0.8,ontology_03,1.0,1.0,0.0,0.029302944615894597,-0.37132493303599656,0.5,-0.3758738843592105,0.09212660386121746,0.09265708428022806,0.0114409650152156,0.0,0.0,0.0
spiral_out_hltd_closed_loop_alpha_k_grid_l7,ontology_collapse,7,12,ontology_collapse,presence,0.8,ontology_05,1.0,1.0,0.0,0.0,0.0,0.0,-0.1415560187443679,0.026437595318832045,-0.030702135643827743,0.011875804768546576,0.0,0.0,0.0
spiral_out_hltd_closed_loop_alpha_k_grid_l7,ontology_collapse,7,12,ontology_collapse,presence,0.9,ontology_03,1.0,1.0,0.0,0.029302944615894597,-0.37132493303599656,0.5,-0.4143213838827628,0.07531496067683824,0.12431851299876268,0.014336428251743576,0.0,0.0,0.0
spiral_out_hltd_closed_loop_alpha_k_grid_l7,ontology_collapse,7,12,ontology_collapse,presence,0.9,ontology_05,1.0,1.0,0.0,0.0,0.0,0.0,-0.12114341766907669,0.05334262449654402,-0.037074223693520335,0.020114224800937826,0.0,0.0,0.0
spiral_out_hltd_closed_loop_alpha_k_grid_l7,ontology_collapse,7,16,ontology_collapse,coexact,0.7,ontology_03,1.0,1.0,0.3103448275862069,0.045972831799530184,-0.37595117132239153,1.0,0.06990178747774281,-0.06074861423745398,0.08449149911923548,0.021010326978876226,-0.5,0.0,0.5
spiral_out_hltd_closed_loop_alpha_k_grid_l7,ontology_collapse,7,16,ontology_collapse,coexact,0.7,ontology_05,1.0,1.0,0.0,0.0,0.0,0.0,0.09799936967790668,-0.03608461753432565,0.07867275720644702,0.008164897971173476,0.0,0.0,0.0
spiral_out_hltd_closed_loop_alpha_k_grid_l7,ontology_collapse,7,16,ontology_collapse,coexact,0.8,ontology_03,1.0,1.0,0.3103448275862069,0.045972831799530184,-0.37595117132239153,1.0,0.09793027305639154,-0.0658720336892564,0.11525719222884283,0.0318654401492478,-0.5,0.0,0.5
spiral_out_hltd_closed_loop_alpha_k_grid_l7,ontology_collapse,7,16,ontology_collapse,coexact,0.8,ontology_05,1.0,1.0,0.0,0.0,0.0,0.0,0.13217322905551798,-0.053427636372051154,0.13229081756355196,0.010041086370228127,0.0,0.0,0.0
spiral_out_hltd_closed_loop_alpha_k_grid_l7,ontology_collapse,7,16,ontology_collapse,coexact,0.9,ontology_03,1.0,1.0,0.3103448275862069,0.045972831799530184,-0.37595117132239153,1.0,0.12113289965391252,-0.12746711704900088,0.18161390133261823,0.04735195854727785,-0.5,0.0,0.5
spiral_out_hltd_closed_loop_alpha_k_grid_l7,ontology_collapse,7,16,ontology_collapse,coexact,0.9,ontology_05,1.0,1.0,0.0,0.0,0.0,0.0,0.240479929377384,-0.08084199120999894,0.1815226863685766,0.016186160376116122,0.0,0.0,0.0
spiral_out_hltd_closed_loop_alpha_k_grid_l7,ontology_collapse,7,16,ontology_collapse,coexact_minus_presence,0.7,ontology_03,1.0,1.0,0.3103448275862069,0.045972831799530184,-0.37595117132239153,1.0,0.09142010505979517,-0.05992825545946798,0.11931587713003368,0.029083881212928823,-0.5,0.0,0.5
spiral_out_hltd_closed_loop_alpha_k_grid_l7,ontology_collapse,7,16,ontology_collapse,coexact_minus_presence,0.7,ontology_05,1.0,1.0,-0.01785714285714285,-0.001990922412585805,-0.037067628652629026,0.5,0.48956522111224354,0.012187952727930329,0.018562153599969197,0.014619928264351649,0.0,0.0,0.0
spiral_out_hltd_closed_loop_alpha_k_grid_l7,ontology_collapse,7,16,ontology_collapse,coexact_minus_presence,0.8,ontology_03,1.0,1.0,0.3103448275862069,0.045972831799530184,-0.37595117132239153,1.0,0.1366515157528292,-0.09840831500970278,0.1521605178417284,0.04068022835690275,-0.5,0.0,0.5
spiral_out_hltd_closed_loop_alpha_k_grid_l7,ontology_collapse,7,16,ontology_collapse,coexact_minus_presence,0.8,ontology_05,1.0,1.0,0.06250000000000001,0.011092832705342906,-1.0426601411210932,1.0,0.5013177721532545,0.2099091988237909,0.03820757225150838,0.0708079508958965,0.0,-0.25,0.25
spiral_out_hltd_closed_loop_alpha_k_grid_l7,ontology_collapse,7,16,ontology_collapse,coexact_minus_presence,0.9,ontology_03,1.0,1.0,0.3103448275862069,0.045972831799530184,-0.37595117132239153,1.0,0.14920607198226965,-0.13969245212410186,0.20960780955955247,0.054209269800526,-0.5,0.0,0.5
spiral_out_hltd_closed_loop_alpha_k_grid_l7,ontology_collapse,7,16,ontology_collapse,coexact_minus_presence,0.9,ontology_05,1.0,1.0,0.06250000000000001,0.011092832705342906,-1.0426601411210932,1.0,0.6548225658612552,0.22976123698349935,0.09013655688679573,0.09693066867508646,0.0,-0.25,0.25
spiral_out_hltd_closed_loop_alpha_k_grid_l7,ontology_collapse,7,16,ontology_collapse,presence,0.7,ontology_03,1.0,1.0,0.0,0.0,0.0,0.0,-0.46526343070935056,0.10185254251189589,-0.035199719754961646,0.047490363827734805,0.0,0.0,0.0
spiral_out_hltd_closed_loop_alpha_k_grid_l7,ontology_collapse,7,16,ontology_collapse,presence,0.7,ontology_05,1.0,1.0,0.0,0.0,0.0,0.0,-0.15934888690036608,0.06574979830615572,-0.06766549471548053,0.011174870558257525,0.0,0.0,0.0
spiral_out_hltd_closed_loop_alpha_k_grid_l7,ontology_collapse,7,16,ontology_collapse,presence,0.8,ontology_03,1.0,1.0,0.0,0.0,0.0,0.0,-0.47068035627866456,0.10231169731784819,-0.04380968649789945,0.0577433547748007,0.0,0.0,0.0
spiral_out_hltd_closed_loop_alpha_k_grid_l7,ontology_collapse,7,16,ontology_collapse,presence,0.8,ontology_05,1.0,1.0,0.0,0.0,0.0,0.0,-0.21075126231886637,0.045249936670375135,-0.040605313241908164,0.014135041681450949,0.0,0.0,0.0
spiral_out_hltd_closed_loop_alpha_k_grid_l7,ontology_collapse,7,16,ontology_collapse,presence,0.9,ontology_03,1.0,1.0,0.0,0.0,0.0,0.0,-0.5112820534085794,0.07310913182096,-0.01210905107264185,0.06305584151812192,0.0,0.0,0.0
spiral_out_hltd_closed_loop_alpha_k_grid_l7,ontology_collapse,7,16,ontology_collapse,presence,0.9,ontology_05,1.0,1.0,0.0,0.0,0.0,0.0,-0.18646828038366128,0.056123978212497094,-0.0447581808295076,0.019509081806085023,0.0,0.0,0.0
spiral_out_hltd_closed_loop_alpha_k_grid_l7,ontology_collapse,7,24,ontology_collapse,coexact,0.7,ontology_03,1.0,1.0,0.3103448275862069,0.045972831799530184,-0.37595117132239153,1.0,0.23432070363159732,-0.0029206542141721713,0.0694827167091072,0.03574434892070965,-0.5,0.0,0.5
spiral_out_hltd_closed_loop_alpha_k_grid_l7,ontology_collapse,7,24,ontology_collapse,coexact,0.7,ontology_05,1.0,1.0,-0.01785714285714285,-0.001990922412585805,-0.037067628652629026,0.5,0.23513419073790343,0.056567033871369105,0.015608421762707894,0.017388721315282674,0.0,0.0,0.0
spiral_out_hltd_closed_loop_alpha_k_grid_l7,ontology_collapse,7,24,ontology_collapse,coexact,0.8,ontology_03,1.0,1.0,0.3103448275862069,0.045972831799530184,-0.37595117132239153,1.0,0.27837758280541464,-0.00716471816681612,0.09106244652661083,0.05055022661567236,-0.5,0.0,0.5
spiral_out_hltd_closed_loop_alpha_k_grid_l7,ontology_collapse,7,24,ontology_collapse,coexact,0.8,ontology_05,1.0,1.0,-0.01785714285714285,-0.001990922412585805,-0.037067628652629026,0.5,0.3025202135074526,0.025499431671541138,0.07659529753287643,0.0216535324109473,0.0,0.0,0.0
spiral_out_hltd_closed_loop_alpha_k_grid_l7,ontology_collapse,7,24,ontology_collapse,coexact,0.9,ontology_03,1.0,1.0,0.3103448275862069,0.045972831799530184,-0.37595117132239153,1.0,0.3105024387424258,-0.05662542729945482,0.1556495687651439,0.06962388152049626,-0.5,0.0,0.5
spiral_out_hltd_closed_loop_alpha_k_grid_l7,ontology_collapse,7,24,ontology_collapse,coexact,0.9,ontology_05,1.0,1.0,-0.01785714285714285,-0.001990922412585805,-0.037067628652629026,0.5,0.43220273977381996,0.022820070032762985,0.10438192676340807,0.03153717556415325,0.0,0.0,0.0
spiral_out_hltd_closed_loop_alpha_k_grid_l7,ontology_collapse,7,24,ontology_collapse,coexact_minus_presence,0.7,ontology_03,1.0,1.0,0.3103448275862069,0.045972831799530184,-0.37595117132239153,1.0,0.24908295882725542,-0.0763019628465251,0.19487984083628138,0.05054635129635986,-0.5,0.0,0.5
spiral_out_hltd_closed_loop_alpha_k_grid_l7,ontology_collapse,7,24,ontology_collapse,coexact_minus_presence,0.7,ontology_05,1.0,1.0,-0.01785714285714285,-0.001990922412585805,-0.037067628652629026,0.5,0.45651928804861797,0.02204077876106951,0.09141297271737157,0.0174503770122943,0.0,0.0,0.0
spiral_out_hltd_closed_loop_alpha_k_grid_l7,ontology_collapse,7,24,ontology_collapse,coexact_minus_presence,0.8,ontology_03,1.0,1.0,0.3103448275862069,0.045972831799530184,-0.37595117132239153,1.0,0.27003998143805535,-0.1115808609715607,0.2545810088420743,0.06677361445882254,-0.5,0.0,0.5
spiral_out_hltd_closed_loop_alpha_k_grid_l7,ontology_collapse,7,24,ontology_collapse,coexact_minus_presence,0.8,ontology_05,1.0,1.0,0.06250000000000001,0.011092832705342906,-0.9489101411210932,1.0,0.3990395357990282,0.09600441937612915,0.11465212720966417,0.0800191794571656,0.0,-0.25,0.25
spiral_out_hltd_closed_loop_alpha_k_grid_l7,ontology_collapse,7,24,ontology_collapse,coexact_minus_presence,0.9,ontology_03,1.0,1.0,0.3103448275862069,0.045972831799530184,-0.37595117132239153,1.0,0.29040399851241205,-0.20850926105322995,0.35176334620011185,0.08834428213437567,-0.5,0.0,0.5
spiral_out_hltd_closed_loop_alpha_k_grid_l7,ontology_collapse,7,24,ontology_collapse,coexact_minus_presence,0.9,ontology_05,1.0,1.0,0.06250000000000001,0.011092832705342906,-0.9489101411210932,1.0,0.5081549111631838,0.09441426892604451,0.17143267651581537,0.1073792826315424,0.0,-0.25,0.25
spiral_out_hltd_closed_loop_alpha_k_grid_l7,ontology_collapse,7,24,ontology_collapse,presence,0.7,ontology_03,1.0,1.0,0.0,0.0,0.0,0.0,-0.4186851636316947,0.10073219933690324,-0.026282122142954053,0.0445570668338399,0.0,0.0,0.0
spiral_out_hltd_closed_loop_alpha_k_grid_l7,ontology_collapse,7,24,ontology_collapse,presence,0.7,ontology_05,1.0,1.0,0.0,0.0,0.0,0.0,-0.20073663754431426,0.12830102761309095,-0.13515973188478522,0.015327901507438575,0.0,0.0,0.0
spiral_out_hltd_closed_loop_alpha_k_grid_l7,ontology_collapse,7,24,ontology_collapse,presence,0.8,ontology_03,1.0,1.0,0.0,0.0,0.0,0.0,-0.43796125045082374,0.10643760236811418,-0.03410946156672072,0.05475935917340148,0.0,0.0,0.0
spiral_out_hltd_closed_loop_alpha_k_grid_l7,ontology_collapse,7,24,ontology_collapse,presence,0.8,ontology_05,1.0,1.0,0.0,0.0,0.0,0.0,-0.23100404797336355,0.11836400568628311,-0.12989473573988083,0.019434589689953905,0.0,0.0,0.0
spiral_out_hltd_closed_loop_alpha_k_grid_l7,ontology_collapse,7,24,ontology_collapse,presence,0.9,ontology_03,1.0,1.0,0.0,0.0,0.0,0.0,-0.5113394096389959,0.07222183875240518,-0.010633348785269399,0.06089984189813483,0.0,0.0,0.0
spiral_out_hltd_closed_loop_alpha_k_grid_l7,ontology_collapse,7,24,ontology_collapse,presence,0.9,ontology_05,1.0,1.0,0.0,0.0,0.0,0.0,-0.16622408832857444,0.13984629527231182,-0.15536657641510646,0.025429026613002552,0.0,0.0,0.0
spiral_out_hltd_closed_loop_branch_panel_l7_k16_a08,ontology_collapse,7,16,ontology_collapse,coexact,0.8,ontology_01,1.0,1.0,0.0,0.0,0.0,0.0,-0.511765067077661,0.15854204966508695,-0.010394915619922479,-0.01750855609626045,0.0,0.0,0.0
spiral_out_hltd_closed_loop_branch_panel_l7_k16_a08,ontology_collapse,7,16,ontology_collapse,coexact,0.8,ontology_03,1.0,1.0,0.3103448275862069,0.045972831799530184,-0.37595117132239153,1.0,0.09793027305639154,-0.0658720336892564,0.11525719222884283,0.0318654401492478,-0.5,0.0,0.5
spiral_out_hltd_closed_loop_branch_panel_l7_k16_a08,ontology_collapse,7,16,ontology_collapse,coexact,0.8,ontology_05,1.0,1.0,0.0,0.0,0.0,0.0,0.13217322905551798,-0.053427636372051154,0.13229081756355196,0.010041086370228127,0.0,0.0,0.0
spiral_out_hltd_closed_loop_branch_panel_l7_k16_a08,ontology_collapse,7,16,ontology_collapse,coexact_minus_presence,0.8,ontology_01,1.0,1.0,0.0,0.0,0.0,0.0,-0.45188155591279877,0.16530994515923328,-0.036923562135321095,-0.020586350547424,0.0,0.0,0.0
spiral_out_hltd_closed_loop_branch_panel_l7_k16_a08,ontology_collapse,7,16,ontology_collapse,coexact_minus_presence,0.8,ontology_03,1.0,1.0,0.3103448275862069,0.045972831799530184,-0.37595117132239153,1.0,0.1366515157528292,-0.09840831500970278,0.1521605178417284,0.04068022835690275,-0.5,0.0,0.5
spiral_out_hltd_closed_loop_branch_panel_l7_k16_a08,ontology_collapse,7,16,ontology_collapse,coexact_minus_presence,0.8,ontology_05,1.0,1.0,0.06250000000000001,0.011092832705342906,-1.0426601411210932,1.0,0.5013177721532545,0.2099091988237909,0.03820757225150838,0.0708079508958965,0.0,-0.25,0.25
spiral_out_hltd_closed_loop_branch_panel_l7_k16_a08,ontology_collapse,7,16,ontology_collapse,presence,0.8,ontology_01,1.0,1.0,0.0,0.0,0.0,0.0,-0.32597992780458895,0.13736440661370253,-0.12976620919146292,-0.0192143961126873,0.0,0.0,0.0
spiral_out_hltd_closed_loop_branch_panel_l7_k16_a08,ontology_collapse,7,16,ontology_collapse,presence,0.8,ontology_03,1.0,1.0,0.0,0.0,0.0,0.0,-0.47068035627866456,0.10231169731784819,-0.04380968649789945,0.0577433547748007,0.0,0.0,0.0
spiral_out_hltd_closed_loop_branch_panel_l7_k16_a08,ontology_collapse,7,16,ontology_collapse,presence,0.8,ontology_05,1.0,1.0,0.0,0.0,0.0,0.0,-0.21075126231886637,0.045249936670375135,-0.040605313241908164,0.014135041681450949,0.0,0.0,0.0
spiral_out_hltd_closed_loop_branch_panel_l7_k16_a08,ontology_collapse,7,16,ontology_collapse,presence_plus_coexact,0.8,ontology_01,1.0,1.0,0.0,0.0,0.0,0.0,-0.5664396280908809,0.1441447388133526,-0.002008600829839443,-0.012773893968101673,0.0,0.0,0.0
spiral_out_hltd_closed_loop_branch_panel_l7_k16_a08,ontology_collapse,7,16,ontology_collapse,presence_plus_coexact,0.8,ontology_03,1.0,1.0,0.0,0.0,0.0,0.0,-0.33203010926629256,0.002838529160552432,-0.003793682018982919,0.015591254518100074,0.0,0.0,0.0
spiral_out_hltd_closed_loop_branch_panel_l7_k16_a08,ontology_collapse,7,16,ontology_collapse,presence_plus_coexact,0.8,ontology_05,1.0,1.0,0.0,0.0,0.0,0.0,-0.0818044490215222,-0.007806394238042601,0.08314165359310721,0.007888195465370477,0.0,0.0,0.0
spiral_out_hltd_closed_loop_branch_panel_l7_k16_a08_steps8,ontology_collapse,7,16,ontology_collapse,coexact,0.8,ontology_01,1.0,1.0,0.0,0.0,0.0,0.0,0.13354735197086623,0.11995135609153887,-0.08334013812373166,-0.0330467965260889,0.0,0.0,0.0
spiral_out_hltd_closed_loop_branch_panel_l7_k16_a08_steps8,ontology_collapse,7,16,ontology_collapse,coexact,0.8,ontology_03,1.0,1.0,0.3577586206896552,-0.036439441620886096,-0.7840634956586126,0.875,-0.22789268754986006,-0.11187386720243886,0.1937812400815777,0.0030782641886521137,-0.625,0.0,0.625
spiral_out_hltd_closed_loop_branch_panel_l7_k16_a08_steps8,ontology_collapse,7,16,ontology_collapse,coexact,0.8,ontology_05,1.0,1.0,0.0,0.0,-0.07031249999999994,0.0,0.10360158759441482,-0.04145120543281333,0.0316072402448785,-0.009187535845034983,0.0,0.0,0.0
spiral_out_hltd_closed_loop_branch_panel_l7_k16_a08_steps8,ontology_collapse,7,16,ontology_collapse,coexact_minus_presence,0.8,ontology_01,1.0,1.0,-0.04435483870967742,-0.019110718205644965,-0.11606316522904248,0.0,0.06529923308064481,0.21636020819531335,-0.11396776240516551,-0.022267447298580087,0.125,-0.125,0.0
spiral_out_hltd_closed_loop_branch_panel_l7_k16_a08_steps8,ontology_collapse,7,16,ontology_collapse,coexact_minus_presence,0.8,ontology_03,1.0,1.0,0.34051724137931033,-0.07442860985728794,-0.31609222938315706,0.875,-0.13564291529465244,0.002282094919884514,0.2730988492326266,0.028282690501594626,-0.625,0.0,0.625
spiral_out_hltd_closed_loop_branch_panel_l7_k16_a08_steps8,ontology_collapse,7,16,ontology_collapse,coexact_minus_presence,0.8,ontology_05,1.0,1.0,0.06696428571428571,0.03573600059851662,0.24336741412610352,0.875,0.38553068299299764,-0.035345143127833746,0.01357890690417779,0.015789518814743227,0.0,-0.125,0.125
spiral_out_hltd_closed_loop_branch_panel_l7_k16_a08_steps8,ontology_collapse,7,16,ontology_collapse,presence,0.8,ontology_01,1.0,1.0,0.0,0.0,0.0,0.0,0.13516849823038293,0.12563427418218565,-0.17203708168128803,-0.025857034979853588,0.0,0.0,0.0
spiral_out_hltd_closed_loop_branch_panel_l7_k16_a08_steps8,ontology_collapse,7,16,ontology_collapse,presence,0.8,ontology_03,1.0,1.0,0.08620689655172413,0.01635077467928949,0.06857681107012864,0.25,-0.7747911588437352,0.109779168350018,0.07585484936422365,0.0007565181760933737,-0.125,0.0,0.125
spiral_out_hltd_closed_loop_branch_panel_l7_k16_a08_steps8,ontology_collapse,7,16,ontology_collapse,presence,0.8,ontology_05,1.0,1.0,0.0,0.0,0.0,0.0,-0.19591227105595702,0.010709068454233708,-0.05526557314387402,0.02431239876807335,0.0,0.0,0.0
spiral_out_hltd_closed_loop_branch_panel_l7_k16_a08_steps8,ontology_collapse,7,16,ontology_collapse,presence_plus_coexact,0.8,ontology_01,1.0,1.0,0.0,0.0,0.0,0.0,0.06201859304793067,0.16383033440339473,-0.1087058599385346,-0.029395847860426025,0.0,0.0,0.0
spiral_out_hltd_closed_loop_branch_panel_l7_k16_a08_steps8,ontology_collapse,7,16,ontology_collapse,presence_plus_coexact,0.8,ontology_03,1.0,1.0,0.008620689655172403,0.014381607952622784,-0.006746141837652403,0.25,-0.32341038556619534,-0.0452752301848882,0.04000715619621509,-0.030236613128030738,0.0,-0.125,0.125
spiral_out_hltd_closed_loop_branch_panel_l7_k16_a08_steps8,ontology_collapse,7,16,ontology_collapse,presence_plus_coexact,0.8,ontology_05,1.0,1.0,0.0,0.0,-0.07031249999999994,0.0,-0.00040064453262005084,0.01569575980889007,-0.014359983238712844,-0.010695186495942711,0.0,0.0,0.0
spiral_out_hltd_closed_loop_identity02_branch_surface_l4_5_7_k12_16_24_a04_08_12_s0_19,identity_stress,4,12,identity_stress,coexact,0.4,identity_02,1.0,1.0,-0.06169354838709677,0.013571232819795678,0.017684228805534375,-0.2375,0.09672682769284544,-0.017860018741907117,0.027931813469467277,0.00020084924829595567,0.1125,0.0,-0.1125
spiral_out_hltd_closed_loop_identity02_branch_surface_l4_5_7_k12_16_24_a04_08_12_s0_19,identity_stress,4,12,identity_stress,coexact,0.8,identity_02,1.0,1.0,-0.06854838709677419,0.015079147577550755,-0.02737242602878993,-0.0375,0.1860432933970153,0.06098292638382256,-0.011795353619531932,-0.0009946283696517023,0.125,0.0,-0.125
spiral_out_hltd_closed_loop_identity02_branch_surface_l4_5_7_k12_16_24_a04_08_12_s0_19,identity_stress,4,12,identity_stress,coexact,1.2,identity_02,1.0,1.0,-0.09475806451612903,0.022900474558289426,0.5742403579382142,-0.1375,0.1704094136697425,-0.37073264794980876,-0.14763116446441732,-0.18375763670867995,0.175,0.0,-0.175
spiral_out_hltd_closed_loop_identity02_branch_surface_l4_5_7_k12_16_24_a04_08_12_s0_19,identity_stress,4,12,identity_stress,coexact_minus_presence,0.4,identity_02,1.0,1.0,-0.06169354838709677,0.013571232819795678,0.017684228805534375,-0.2375,0.05167587539445575,-0.008022852881865777,0.017596362312140755,0.0003930819521770363,0.1125,0.0,-0.1125
spiral_out_hltd_closed_loop_identity02_branch_surface_l4_5_7_k12_16_24_a04_08_12_s0_19,identity_stress,4,12,identity_stress,coexact_minus_presence,0.8,identity_02,1.0,1.0,-0.06854838709677419,0.015079147577550755,-0.02737242602878993,-0.0375,0.10039640463580746,0.06584069472017649,-0.04605112632949781,-0.0019969793864149173,0.125,0.0,-0.125
spiral_out_hltd_closed_loop_identity02_branch_surface_l4_5_7_k12_16_24_a04_08_12_s0_19,identity_stress,4,12,identity_stress,coexact_minus_presence,1.2,identity_02,1.0,1.0,-0.09475806451612903,0.022900474558289426,0.5742403579382142,-0.1375,0.2094777156029453,-0.4277832401248364,-0.09360293333109461,-0.1623083574479816,0.175,0.0,-0.175
spiral_out_hltd_closed_loop_identity02_branch_surface_l4_5_7_k12_16_24_a04_08_12_s0_19,identity_stress,4,12,identity_stress,negative_coexact,0.4,identity_02,1.0,1.0,0.0754032258064516,-0.01658706233530583,-0.015844539742354512,0.2625,-0.030606578122191745,-0.003987172317729196,-0.01568910908678562,-0.0005310746088750976,-0.1375,0.0,0.1375
spiral_out_hltd_closed_loop_identity02_branch_surface_l4_5_7_k12_16_24_a04_08_12_s0_19,identity_stress,4,12,identity_stress,negative_coexact,0.8,identity_02,1.0,1.0,0.06854838709677419,-0.015079147577550755,-0.008975535396991318,0.2125,-0.12253480492824238,-0.020636526899795973,-0.04085559010798688,-0.0036190314330423815,-0.125,0.0,0.125
spiral_out_hltd_closed_loop_identity02_branch_surface_l4_5_7_k12_16_24_a04_08_12_s0_19,identity_stress,4,12,identity_stress,negative_coexact,1.2,identity_02,1.0,1.0,0.04233870967741935,-0.007257820596812082,0.5926372485700128,0.1125,-0.3853532193512337,-0.5366711203572523,-0.126031493953058,-0.18541364396250856,-0.075,0.0,0.075
spiral_out_hltd_closed_loop_identity02_branch_surface_l4_5_7_k12_16_24_a04_08_12_s0_19,identity_stress,4,12,identity_stress,presence,0.4,identity_02,1.0,1.0,0.0754032258064516,-0.01658706233530583,-0.015844539742354512,0.2625,0.11012897210318148,0.02740113809194184,-0.03163861147694315,-0.0008543142241402053,-0.1375,0.0,0.1375
spiral_out_hltd_closed_loop_identity02_branch_surface_l4_5_7_k12_16_24_a04_08_12_s0_19,identity_stress,4,12,identity_stress,presence,0.8,identity_02,1.0,1.0,0.06854838709677419,-0.015079147577550755,-0.008975535396991318,0.2125,0.20943450706545796,0.05781905763213794,-0.10172739548115906,-0.007043103285053719,-0.125,0.0,0.125
spiral_out_hltd_closed_loop_identity02_branch_surface_l4_5_7_k12_16_24_a04_08_12_s0_19,identity_stress,4,12,identity_stress,presence,1.2,identity_02,1.0,1.0,0.04233870967741935,-0.007257820596812082,0.5926372485700128,0.1125,0.1662973731489328,-0.38079973765335584,-0.2581080630282878,-0.20004917277316075,-0.075,0.0,0.075
spiral_out_hltd_closed_loop_identity02_branch_surface_l4_5_7_k12_16_24_a04_08_12_s0_19,identity_stress,4,12,identity_stress,presence_plus_coexact,0.4,identity_02,1.0,1.0,-0.06169354838709677,0.013571232819795678,0.017684228805534375,-0.2375,0.11061484726757272,-0.026122859230917273,0.02275922138139533,-0.0012466603311753048,0.1125,0.0,-0.1125
spiral_out_hltd_closed_loop_identity02_branch_surface_l4_5_7_k12_16_24_a04_08_12_s0_19,identity_stress,4,12,identity_stress,presence_plus_coexact,0.8,identity_02,1.0,1.0,-0.06854838709677419,0.015079147577550755,0.02455323315089757,-0.2875,0.19856882070095241,-0.03863813102835638,0.004734572134843658,-0.007147087413916081,0.125,0.0,-0.125
spiral_out_hltd_closed_loop_identity02_branch_surface_l4_5_7_k12_16_24_a04_08_12_s0_19,identity_stress,4,12,identity_stress,presence_plus_coexact,1.2,identity_02,1.0,1.0,-0.09475806451612903,0.022900474558289426,0.5742403579382142,-0.1375,0.16064629495455643,-0.4363301255875074,-0.12187667613739554,-0.1972393176778593,0.175,0.0,-0.175
spiral_out_hltd_closed_loop_identity02_branch_surface_l4_5_7_k12_16_24_a04_08_12_s0_19,identity_stress,4,16,identity_stress,coexact,0.4,identity_02,1.0,1.0,0.0754032258064516,-0.01658706233530583,-0.015844539742354512,0.2625,0.0996174110421026,-0.018566488000854496,0.02725054021540275,-0.0006193137494043203,-0.1375,0.0,0.1375
spiral_out_hltd_closed_loop_identity02_branch_surface_l4_5_7_k12_16_24_a04_08_12_s0_19,identity_stress,4,16,identity_stress,coexact,0.8,identity_02,1.0,1.0,0.06854838709677419,-0.015079147577550755,-0.008975535396991318,0.2125,0.15760971000573548,-0.0552462148462989,0.030758264208315483,-0.004731639563109545,-0.125,0.0,0.125
spiral_out_hltd_closed_loop_identity02_branch_surface_l4_5_7_k12_16_24_a04_08_12_s0_19,identity_stress,4,16,identity_stress,coexact,1.2,identity_02,1.0,1.0,0.04233870967741935,-0.007257820596812082,0.5926372485700128,0.1125,0.10460162357151195,-0.577307242616329,-0.055198557538261396,-0.18724993594604064,-0.075,0.0,0.075
spiral_out_hltd_closed_loop_identity02_branch_surface_l4_5_7_k12_16_24_a04_08_12_s0_19,identity_stress,4,16,identity_stress,coexact_minus_presence,0.4,identity_02,1.0,1.0,-0.06169354838709677,0.013571232819795678,0.017684228805534375,-0.2375,-0.039252476903315105,0.015029960155987985,-0.03166135254979154,0.0003305795031737758,0.1125,0.0,-0.1125
spiral_out_hltd_closed_loop_identity02_branch_surface_l4_5_7_k12_16_24_a04_08_12_s0_19,identity_stress,4,16,identity_stress,coexact_minus_presence,0.8,identity_02,1.0,1.0,-0.06854838709677419,0.015079147577550755,-0.02737242602878993,-0.0375,-0.027191277752705873,0.11422770985924338,-0.12771416807115527,0.008701626782550768,0.125,0.0,-0.125
spiral_out_hltd_closed_loop_identity02_branch_surface_l4_5_7_k12_16_24_a04_08_12_s0_19,identity_stress,4,16,identity_stress,coexact_minus_presence,1.2,identity_02,1.0,1.0,-0.09475806451612903,0.022900474558289426,0.5742403579382142,-0.1375,0.7198323955393833,-0.420271651621559,0.14606200832050148,-0.07510211822338302,0.175,0.0,-0.175
spiral_out_hltd_closed_loop_identity02_branch_surface_l4_5_7_k12_16_24_a04_08_12_s0_19,identity_stress,4,16,identity_stress,negative_coexact,0.4,identity_02,1.0,1.0,-0.06169354838709677,0.013571232819795678,0.017684228805534375,-0.2375,-0.09128290673355292,0.03279318648994971,-0.08138097700921146,-0.0004082425992150382,0.1125,0.0,-0.1125
spiral_out_hltd_closed_loop_identity02_branch_surface_l4_5_7_k12_16_24_a04_08_12_s0_19,identity_stress,4,16,identity_stress,negative_coexact,0.8,identity_02,1.0,1.0,-0.06854838709677419,0.015079147577550755,0.02455323315089757,-0.2875,-0.18515913916518512,0.06671276117371541,-0.19738104460194478,-0.004700020416682231,0.125,0.0,-0.125
spiral_out_hltd_closed_loop_identity02_branch_surface_l4_5_7_k12_16_24_a04_08_12_s0_19,identity_stress,4,16,identity_stress,negative_coexact,1.2,identity_02,1.0,1.0,-0.09475806451612903,0.022900474558289426,0.6261660171179017,-0.3875,-0.4034684061126092,-0.364021088824118,-0.34119766067508783,-0.18565423166362482,0.175,0.0,-0.175
spiral_out_hltd_closed_loop_identity02_branch_surface_l4_5_7_k12_16_24_a04_08_12_s0_19,identity_stress,4,16,identity_stress,presence,0.4,identity_02,1.0,1.0,0.0754032258064516,-0.01658706233530583,-0.015844539742354512,0.2625,0.152960637080485,0.0021501517428419064,0.015270611835703652,0.00031464561197051393,-0.1375,0.0,0.1375
spiral_out_hltd_closed_loop_identity02_branch_surface_l4_5_7_k12_16_24_a04_08_12_s0_19,identity_stress,4,16,identity_stress,presence,0.8,identity_02,1.0,1.0,0.06854838709677419,-0.015079147577550755,-0.008975535396991318,0.2125,0.29056472428869506,0.016589906245389942,-0.006742353549863592,-0.0007738292071104572,-0.125,0.0,0.125
spiral_out_hltd_closed_loop_identity02_branch_surface_l4_5_7_k12_16_24_a04_08_12_s0_19,identity_stress,4,16,identity_stress,presence,1.2,identity_02,1.0,1.0,0.04233870967741935,-0.007257820596812082,0.5926372485700128,0.1125,0.3370096094191744,-0.42759282080942373,-0.1466663695103399,-0.18384910594388484,-0.075,0.0,0.075
spiral_out_hltd_closed_loop_identity02_branch_surface_l4_5_7_k12_16_24_a04_08_12_s0_19,identity_stress,4,16,identity_stress,presence_plus_coexact,0.4,identity_02,1.0,1.0,0.0754032258064516,-0.01658706233530583,-0.015844539742354512,0.2625,0.15636489127136707,-0.010628077296517083,0.031736491996800925,-0.00012138365669890829,-0.1375,0.0,0.1375
spiral_out_hltd_closed_loop_identity02_branch_surface_l4_5_7_k12_16_24_a04_08_12_s0_19,identity_stress,4,16,identity_stress,presence_plus_coexact,0.8,identity_02,1.0,1.0,0.06854838709677419,-0.015079147577550755,-0.008975535396991318,0.2125,0.2759066109010275,-0.021364994171736745,0.03367100919923167,-0.00312957692411482,-0.125,0.0,0.125
spiral_out_hltd_closed_loop_identity02_branch_surface_l4_5_7_k12_16_24_a04_08_12_s0_19,identity_stress,4,16,identity_stress,presence_plus_coexact,1.2,identity_02,1.0,1.0,0.04233870967741935,-0.007257820596812082,0.5926372485700128,0.1125,0.2882402014772539,-0.5023469016111131,-0.07497202486672355,-0.18817119216905362,-0.075,0.0,0.075
spiral_out_hltd_closed_loop_identity02_branch_surface_l4_5_7_k12_16_24_a04_08_12_s0_19,identity_stress,4,24,identity_stress,coexact,0.4,identity_02,1.0,1.0,0.0754032258064516,-0.01658706233530583,-0.015844539742354512,0.2625,0.07464229694936872,-0.020664916590605004,0.05679777891793573,0.0002055092698579085,-0.1375,0.0,0.1375
spiral_out_hltd_closed_loop_identity02_branch_surface_l4_5_7_k12_16_24_a04_08_12_s0_19,identity_stress,4,24,identity_stress,coexact,0.8,identity_02,1.0,1.0,0.06854838709677419,-0.015079147577550755,-0.008975535396991318,0.2125,0.12566888998660547,-0.058029025252686106,0.10965027183306879,0.0008645529892615933,-0.125,0.0,0.125
spiral_out_hltd_closed_loop_identity02_branch_surface_l4_5_7_k12_16_24_a04_08_12_s0_19,identity_stress,4,24,identity_stress,coexact,1.2,identity_02,1.0,1.0,0.04233870967741935,-0.007257820596812082,0.5926372485700128,0.1125,0.05130904825100237,-0.5829619422889545,0.1084517565315269,-0.16658844455022062,-0.075,0.0,0.075
spiral_out_hltd_closed_loop_identity02_branch_surface_l4_5_7_k12_16_24_a04_08_12_s0_19,identity_stress,4,24,identity_stress,coexact_minus_presence,0.4,identity_02,1.0,1.0,0.0754032258064516,-0.01658706233530583,-0.015844539742354512,0.2625,0.025196512284508626,0.02217792805860623,-0.0080946932750706,0.0012324762458169245,-0.1375,0.0,0.1375
spiral_out_hltd_closed_loop_identity02_branch_surface_l4_5_7_k12_16_24_a04_08_12_s0_19,identity_stress,4,24,identity_stress,coexact_minus_presence,0.8,identity_02,1.0,1.0,-0.06854838709677419,0.015079147577550755,0.02455323315089757,-0.2875,-0.0793804814605287,-0.029258739832073048,0.07181489192316123,0.009998452153795445,0.125,0.0,-0.125
spiral_out_hltd_closed_loop_identity02_branch_surface_l4_5_7_k12_16_24_a04_08_12_s0_19,identity_stress,4,24,identity_stress,coexact_minus_presence,1.2,identity_02,1.0,1.0,-0.09475806451612903,0.022900474558289426,0.5742403579382142,-0.1375,-0.23447924701247858,-0.5352681151467928,0.13051651286296467,-0.1387905444463205,0.175,0.0,-0.175
spiral_out_hltd_closed_loop_identity02_branch_surface_l4_5_7_k12_16_24_a04_08_12_s0_19,identity_stress,4,24,identity_stress,negative_coexact,0.4,identity_02,1.0,1.0,-0.06169354838709677,0.013571232819795678,0.017684228805534375,-0.2375,-0.07119912034566608,0.012060206697284307,-0.058373248580749326,-0.0006410740462765553,0.1125,0.0,-0.1125
spiral_out_hltd_closed_loop_identity02_branch_surface_l4_5_7_k12_16_24_a04_08_12_s0_19,identity_stress,4,24,identity_stress,negative_coexact,0.8,identity_02,1.0,1.0,-0.06854838709677419,0.015079147577550755,-0.02737242602878993,-0.0375,-0.12555312101174013,0.06298898762680985,-0.13686634977924733,-0.004654144296489542,0.125,0.0,-0.125
spiral_out_hltd_closed_loop_identity02_branch_surface_l4_5_7_k12_16_24_a04_08_12_s0_19,identity_stress,4,24,identity_stress,negative_coexact,1.2,identity_02,1.0,1.0,-0.09475806451612903,0.022900474558289426,0.5742403579382142,-0.1375,-0.29240110409217007,-0.3214493749774592,-0.3055015318153421,-0.19087627636452695,0.175,0.0,-0.175
spiral_out_hltd_closed_loop_identity02_branch_surface_l4_5_7_k12_16_24_a04_08_12_s0_19,identity_stress,4,24,identity_stress,presence,0.4,identity_02,1.0,1.0,0.0754032258064516,-0.01658706233530583,-0.015844539742354512,0.2625,0.0297422993964436,-0.050305771541002256,0.046771470549641224,-0.00018846440649802594,-0.1375,0.0,0.1375
spiral_out_hltd_closed_loop_identity02_branch_surface_l4_5_7_k12_16_24_a04_08_12_s0_19,identity_stress,4,24,identity_stress,presence,0.8,identity_02,1.0,1.0,0.06854838709677419,-0.015079147577550755,-0.008975535396991318,0.2125,0.005841097088549461,-0.10260740851165868,0.06599298636314561,-0.002206061846157946,-0.125,0.0,0.125
spiral_out_hltd_closed_loop_identity02_branch_surface_l4_5_7_k12_16_24_a04_08_12_s0_19,identity_stress,4,24,identity_stress,presence,1.2,identity_02,1.0,1.0,0.04233870967741935,-0.007257820596812082,0.5926372485700128,0.1125,-0.17503640781844296,-0.663484980668426,-0.005451293540223693,-0.17808352793387147,-0.075,0.0,0.075
spiral_out_hltd_closed_loop_identity02_branch_surface_l4_5_7_k12_16_24_a04_08_12_s0_19,identity_stress,4,24,identity_stress,presence_plus_coexact,0.4,identity_02,1.0,1.0,0.0754032258064516,-0.01658706233530583,-0.015844539742354512,0.2625,0.08972670060298517,-0.04745239698697,0.06125020128969427,-0.00018271491797935846,-0.1375,0.0,0.1375
spiral_out_hltd_closed_loop_identity02_branch_surface_l4_5_7_k12_16_24_a04_08_12_s0_19,identity_stress,4,24,identity_stress,presence_plus_coexact,0.8,identity_02,1.0,1.0,0.06854838709677419,-0.015079147577550755,-0.008975535396991318,0.2125,0.10993818443269014,-0.09594358067041106,0.07929720537580622,-0.0027237387380937184,-0.125,0.0,0.125
spiral_out_hltd_closed_loop_identity02_branch_surface_l4_5_7_k12_16_24_a04_08_12_s0_19,identity_stress,4,24,identity_stress,presence_plus_coexact,1.2,identity_02,1.0,1.0,0.04233870967741935,-0.007257820596812082,0.5926372485700128,0.1125,-0.07610874136916698,-0.6476430507227499,0.004295229751261086,-0.1832499246110842,-0.075,0.0,0.075
spiral_out_hltd_closed_loop_identity02_branch_surface_l4_5_7_k12_16_24_a04_08_12_s0_19,identity_stress,5,12,identity_stress,coexact,0.4,identity_02,1.0,1.0,0.026209677419354843,-0.01570713203183326,-0.016601133638159026,0.3,0.06491968454936463,0.0007216556956791499,0.0029570785864998423,-0.002646709232425395,-0.1625,0.1625,0.0
spiral_out_hltd_closed_loop_identity02_branch_surface_l4_5_7_k12_16_24_a04_08_12_s0_19,identity_stress,5,12,identity_stress,coexact,0.8,identity_02,1.0,1.0,0.02217741935483871,-0.013290650180781988,-0.005207256417159206,0.2125,0.1033034495397062,0.02967243267433909,-0.024470037267102358,-0.015041621598019092,-0.1375,0.1375,0.0
spiral_out_hltd_closed_loop_identity02_branch_surface_l4_5_7_k12_16_24_a04_08_12_s0_19,identity_stress,5,12,identity_stress,coexact,1.2,identity_02,1.0,1.0,0.01209677419354839,-0.007781247275100498,0.7488409980366159,0.0875,0.0416826917553131,-0.6408644328941168,-0.10670338807359177,-0.2887194152830768,-0.1,0.1125,-0.0125
spiral_out_hltd_closed_loop_identity02_branch_surface_l4_5_7_k12_16_24_a04_08_12_s0_19,identity_stress,5,12,identity_stress,coexact_minus_presence,0.4,identity_02,1.0,1.0,0.026209677419354843,-0.01570713203183326,-0.016601133638159026,0.3,0.015982735328676757,-0.0055616157204013495,0.03307528654635972,-0.0013526918231988201,-0.1625,0.1625,0.0
spiral_out_hltd_closed_loop_identity02_branch_surface_l4_5_7_k12_16_24_a04_08_12_s0_19,identity_stress,5,12,identity_stress,coexact_minus_presence,0.8,identity_02,1.0,1.0,0.02217741935483871,-0.013290650180781988,-0.005207256417159206,0.2125,0.028257490867534058,-0.012844792006198305,0.08066742937546559,-0.0037474725280771935,-0.1375,0.1375,0.0
spiral_out_hltd_closed_loop_identity02_branch_surface_l4_5_7_k12_16_24_a04_08_12_s0_19,identity_stress,5,12,identity_stress,coexact_minus_presence,1.2,identity_02,1.0,1.0,0.01209677419354839,-0.007781247275100498,0.7488409980366159,0.0875,0.010050042699913947,-0.7477438368712878,0.07550285998904359,-0.2609552272703598,-0.1,0.1125,-0.0125
spiral_out_hltd_closed_loop_identity02_branch_surface_l4_5_7_k12_16_24_a04_08_12_s0_19,identity_stress,5,12,identity_stress,negative_coexact,0.4,identity_02,1.0,1.0,-0.014112903225806453,0.008457686478679446,0.01692763490972986,-0.2,0.006420530339421105,0.005014784663357115,-0.029559722717419634,-0.0013905762609889203,0.0875,-0.0875,0.0
spiral_out_hltd_closed_loop_identity02_branch_surface_l4_5_7_k12_16_24_a04_08_12_s0_19,identity_stress,5,12,identity_stress,negative_coexact,0.8,identity_02,1.0,1.0,-0.018145161290322585,0.010874168329730718,0.02832151213072968,-0.2875,0.027768501119671496,0.010321514939335344,-0.052957683391911384,-0.007836997885303667,0.1125,-0.1125,0.0
spiral_out_hltd_closed_loop_identity02_branch_surface_l4_5_7_k12_16_24_a04_08_12_s0_19,identity_stress,5,12,identity_stress,negative_coexact,1.2,identity_02,1.0,1.0,0.01209677419354839,-0.007781247275100498,0.7488409980366159,0.0875,-0.10297011855015721,-0.7874042420668108,-0.04594138639889138,-0.27568890884413555,-0.1,0.1125,-0.0125
spiral_out_hltd_closed_loop_identity02_branch_surface_l4_5_7_k12_16_24_a04_08_12_s0_19,identity_stress,5,12,identity_stress,presence,0.4,identity_02,1.0,1.0,-0.014112903225806453,0.008457686478679446,0.01692763490972986,-0.2,0.08273942347678129,0.0006245316278721795,-0.02112870727286598,-0.0021478758405441534,0.0875,-0.0875,0.0
spiral_out_hltd_closed_loop_identity02_branch_surface_l4_5_7_k12_16_24_a04_08_12_s0_19,identity_stress,5,12,identity_stress,presence,0.8,identity_02,1.0,1.0,-0.018145161290322585,0.010874168329730718,0.02832151213072968,-0.2875,0.14365166463236706,0.02500730634536589,-0.08630946370357376,-0.015799890301340748,0.1125,-0.1125,0.0
spiral_out_hltd_closed_loop_identity02_branch_surface_l4_5_7_k12_16_24_a04_08_12_s0_19,identity_stress,5,12,identity_stress,presence,1.2,identity_02,1.0,1.0,-0.028225806451612906,0.01638357123541221,0.7823697665845047,-0.4125,0.014054345672183643,-0.6719350465387006,-0.1788613407355027,-0.2994600583009906,0.15,-0.1375,-0.0125
spiral_out_hltd_closed_loop_identity02_branch_surface_l4_5_7_k12_16_24_a04_08_12_s0_19,identity_stress,5,12,identity_stress,presence_plus_coexact,0.4,identity_02,1.0,1.0,-0.014112903225806453,0.008457686478679446,0.01692763490972986,-0.2,0.07788558371882186,-0.016132647170822873,0.006143352206291619,-0.0026831876469723443,0.0875,-0.0875,0.0
spiral_out_hltd_closed_loop_identity02_branch_surface_l4_5_7_k12_16_24_a04_08_12_s0_19,identity_stress,5,12,identity_stress,presence_plus_coexact,0.8,identity_02,1.0,1.0,0.02217741935483871,-0.013290650180781988,-0.005207256417159206,0.2125,0.1316823733874991,0.011012188323562518,-0.07232263829632418,-0.018796624256434243,-0.1375,0.1375,0.0
spiral_out_hltd_closed_loop_identity02_branch_surface_l4_5_7_k12_16_24_a04_08_12_s0_19,identity_stress,5,12,identity_stress,presence_plus_coexact,1.2,identity_02,1.0,1.0,0.01209677419354839,-0.007781247275100498,0.7488409980366159,0.0875,-0.03730649886905583,-0.685976183781315,-0.15944339229760746,-0.30560049739994455,-0.1,0.1125,-0.0125
spiral_out_hltd_closed_loop_identity02_branch_surface_l4_5_7_k12_16_24_a04_08_12_s0_19,identity_stress,5,16,identity_stress,coexact,0.4,identity_02,1.0,1.0,0.026209677419354843,-0.01570713203183326,-0.016601133638159026,0.3,0.08985288255680406,-0.003208165771253848,0.012123568436936068,-0.002454149784188362,-0.1625,0.1625,0.0
spiral_out_hltd_closed_loop_identity02_branch_surface_l4_5_7_k12_16_24_a04_08_12_s0_19,identity_stress,5,16,identity_stress,coexact,0.8,identity_02,1.0,1.0,0.02217741935483871,-0.013290650180781988,-0.005207256417159206,0.2125,0.16475689108162167,0.014222471035932568,0.01011044007636055,-0.014215147536238417,-0.1375,0.1375,0.0
spiral_out_hltd_closed_loop_identity02_branch_surface_l4_5_7_k12_16_24_a04_08_12_s0_19,identity_stress,5,16,identity_stress,coexact,1.2,identity_02,1.0,1.0,0.01209677419354839,-0.007781247275100498,0.7488409980366159,0.0875,0.04192413632435793,-0.6779088293168033,-0.008134715004941052,-0.2856810449676431,-0.1,0.1125,-0.0125
spiral_out_hltd_closed_loop_identity02_branch_surface_l4_5_7_k12_16_24_a04_08_12_s0_19,identity_stress,5,16,identity_stress,coexact_minus_presence,0.4,identity_02,1.0,1.0,-0.014112903225806453,0.008457686478679446,0.01692763490972986,-0.2,0.05981509105287893,0.018029859233317326,-0.00543986826983993,-0.0004517697848680827,0.0875,-0.0875,0.0
spiral_out_hltd_closed_loop_identity02_branch_surface_l4_5_7_k12_16_24_a04_08_12_s0_19,identity_stress,5,16,identity_stress,coexact_minus_presence,0.8,identity_02,1.0,1.0,-0.018145161290322585,0.010874168329730718,-0.02864717683411396,-0.0375,0.07727330446797115,0.08252752845755075,0.0511895561453477,0.0004321595247393312,0.1125,-0.1125,0.0
spiral_out_hltd_closed_loop_identity02_branch_surface_l4_5_7_k12_16_24_a04_08_12_s0_19,identity_stress,5,16,identity_stress,coexact_minus_presence,1.2,identity_02,1.0,1.0,-0.028225806451612906,0.01638357123541221,0.7254010776196611,-0.1625,0.0805209191192536,-0.6125392259721185,0.14580411996005396,-0.24875039280037275,0.15,-0.1375,-0.0125
spiral_out_hltd_closed_loop_identity02_branch_surface_l4_5_7_k12_16_24_a04_08_12_s0_19,identity_stress,5,16,identity_stress,negative_coexact,0.4,identity_02,1.0,1.0,-0.014112903225806453,0.008457686478679446,0.01692763490972986,-0.2,-0.028918226548950265,0.0021391278554553383,-0.04436288187197993,-0.001706555529887421,0.0875,-0.0875,0.0
spiral_out_hltd_closed_loop_identity02_branch_surface_l4_5_7_k12_16_24_a04_08_12_s0_19,identity_stress,5,16,identity_stress,negative_coexact,0.8,identity_02,1.0,1.0,0.02217741935483871,-0.013290650180781988,-0.005207256417159206,0.2125,-0.08102177005873885,-0.03856182770529735,-0.06874257030987682,-0.009423027334596913,-0.1375,0.1375,0.0
spiral_out_hltd_closed_loop_identity02_branch_surface_l4_5_7_k12_16_24_a04_08_12_s0_19,identity_stress,5,16,identity_stress,negative_coexact,1.2,identity_02,1.0,1.0,0.01209677419354839,-0.007781247275100498,0.7488409980366159,0.0875,-0.20342062843281786,-0.7721042257905577,-0.11559138531065974,-0.2750550883609295,-0.1,0.1125,-0.0125
spiral_out_hltd_closed_loop_identity02_branch_surface_l4_5_7_k12_16_24_a04_08_12_s0_19,identity_stress,5,16,identity_stress,presence,0.4,identity_02,1.0,1.0,0.026209677419354843,-0.01570713203183326,-0.016601133638159026,0.3,0.05936785007999368,-0.024651339540258,0.02949842656000807,-0.0009464570547429322,-0.1625,0.1625,0.0
spiral_out_hltd_closed_loop_identity02_branch_surface_l4_5_7_k12_16_24_a04_08_12_s0_19,identity_stress,5,16,identity_stress,presence,0.8,identity_02,1.0,1.0,0.02217741935483871,-0.013290650180781988,-0.005207256417159206,0.2125,0.08715232011354995,-0.04679385422869194,0.033940253913293986,-0.008418523190065641,-0.1375,0.1375,0.0
spiral_out_hltd_closed_loop_identity02_branch_surface_l4_5_7_k12_16_24_a04_08_12_s0_19,identity_stress,5,16,identity_stress,presence,1.2,identity_02,1.0,1.0,0.01209677419354839,-0.007781247275100498,0.7488409980366159,0.0875,-0.04370127876709977,-0.8198421723996969,0.0008342731509366694,-0.27610831826738835,-0.1,0.1125,-0.0125
spiral_out_hltd_closed_loop_identity02_branch_surface_l4_5_7_k12_16_24_a04_08_12_s0_19,identity_stress,5,16,identity_stress,presence_plus_coexact,0.4,identity_02,1.0,1.0,0.026209677419354843,-0.01570713203183326,-0.016601133638159026,0.3,0.08682989677746586,-0.01901214871854005,0.028646332116579416,-0.0015842986649119675,-0.1625,0.1625,0.0
spiral_out_hltd_closed_loop_identity02_branch_surface_l4_5_7_k12_16_24_a04_08_12_s0_19,identity_stress,5,16,identity_stress,presence_plus_coexact,0.8,identity_02,1.0,1.0,0.02217741935483871,-0.013290650180781988,-0.005207256417159206,0.2125,0.14201865029863595,-0.025687680562988258,0.010938838778834495,-0.01300922312411774,-0.1375,0.1375,0.0
spiral_out_hltd_closed_loop_identity02_branch_surface_l4_5_7_k12_16_24_a04_08_12_s0_19,identity_stress,5,16,identity_stress,presence_plus_coexact,1.2,identity_02,1.0,1.0,0.01209677419354839,-0.007781247275100498,0.7488409980366159,0.0875,0.026914894928890487,-0.7498911749720254,-0.055703801627882285,-0.29331187282888893,-0.1,0.1125,-0.0125
spiral_out_hltd_closed_loop_identity02_branch_surface_l4_5_7_k12_16_24_a04_08_12_s0_19,identity_stress,5,24,identity_stress,coexact,0.4,identity_02,1.0,1.0,0.026209677419354843,-0.01570713203183326,-0.016601133638159026,0.3,0.07353809207936926,0.018692284617377875,-0.013910944009496332,-0.002334522902001395,-0.1625,0.1625,0.0
spiral_out_hltd_closed_loop_identity02_branch_surface_l4_5_7_k12_16_24_a04_08_12_s0_19,identity_stress,5,24,identity_stress,coexact,0.8,identity_02,1.0,1.0,0.02217741935483871,-0.013290650180781988,-0.005207256417159206,0.2125,0.11904632562463764,0.04729207866358854,0.0019610087383785347,-0.007882773175714617,-0.1375,0.1375,0.0
spiral_out_hltd_closed_loop_identity02_branch_surface_l4_5_7_k12_16_24_a04_08_12_s0_19,identity_stress,5,24,identity_stress,coexact,1.2,identity_02,1.0,1.0,0.01209677419354839,-0.007781247275100498,0.7488409980366159,0.0875,-0.10547989255830485,-0.6590420583685106,0.023747216191919326,-0.266599292458244,-0.1,0.1125,-0.0125
spiral_out_hltd_closed_loop_identity02_branch_surface_l4_5_7_k12_16_24_a04_08_12_s0_19,identity_stress,5,24,identity_stress,coexact_minus_presence,0.4,identity_02,1.0,1.0,-0.014112903225806453,0.008457686478679446,0.01692763490972986,-0.2,0.032750243156209384,0.039970183168330176,-0.0575950759546721,0.0002928796722580929,0.0875,-0.0875,0.0
spiral_out_hltd_closed_loop_identity02_branch_surface_l4_5_7_k12_16_24_a04_08_12_s0_19,identity_stress,5,24,identity_stress,coexact_minus_presence,0.8,identity_02,1.0,1.0,-0.018145161290322585,0.010874168329730718,0.02832151213072968,-0.2875,0.11873208582852209,0.07001499377896929,-0.030975445011787377,0.012274647059107881,0.1125,-0.1125,0.0
spiral_out_hltd_closed_loop_identity02_branch_surface_l4_5_7_k12_16_24_a04_08_12_s0_19,identity_stress,5,24,identity_stress,coexact_minus_presence,1.2,identity_02,1.0,1.0,-0.028225806451612906,0.01638357123541221,0.7254010776196611,-0.1625,0.16249609566887815,-0.5558136869162642,0.24205836539825082,-0.18296758507500024,0.15,-0.1375,-0.0125
spiral_out_hltd_closed_loop_identity02_branch_surface_l4_5_7_k12_16_24_a04_08_12_s0_19,identity_stress,5,24,identity_stress,negative_coexact,0.4,identity_02,1.0,1.0,-0.014112903225806453,0.008457686478679446,0.01692763490972986,-0.2,-0.02523526479594504,-0.012356811790107999,-0.005860786379558557,-0.001909594107462942,0.0875,-0.0875,0.0
spiral_out_hltd_closed_loop_identity02_branch_surface_l4_5_7_k12_16_24_a04_08_12_s0_19,identity_stress,5,24,identity_stress,negative_coexact,0.8,identity_02,1.0,1.0,-0.018145161290322585,0.010874168329730718,-0.02360414704895782,-0.0375,-0.04069239502412452,0.07298301285925424,-0.037672863093410315,-0.009740866580859618,0.1125,-0.1125,0.0
spiral_out_hltd_closed_loop_identity02_branch_surface_l4_5_7_k12_16_24_a04_08_12_s0_19,identity_stress,5,24,identity_stress,negative_coexact,1.2,identity_02,1.0,1.0,-0.028225806451612906,0.01638357123541221,0.7304441074048172,-0.1625,0.087049168990927,-0.5730670439497676,-0.009936845942584848,-0.2512928598876695,0.15,-0.1375,-0.0125
spiral_out_hltd_closed_loop_identity02_branch_surface_l4_5_7_k12_16_24_a04_08_12_s0_19,identity_stress,5,24,identity_stress,presence,0.4,identity_02,1.0,1.0,-0.014112903225806453,0.008457686478679446,0.01692763490972986,-0.2,0.043069693490686206,-0.059236359029624444,0.07064129720064272,-0.0004442657499889316,0.0875,-0.0875,0.0
spiral_out_hltd_closed_loop_identity02_branch_surface_l4_5_7_k12_16_24_a04_08_12_s0_19,identity_stress,5,24,identity_stress,presence,0.8,identity_02,1.0,1.0,-0.018145161290322585,0.010874168329730718,-0.02360414704895782,-0.0375,0.14313471294137153,0.03108340753249942,0.07178317869541948,-0.00608356198718612,0.1125,-0.1125,0.0
spiral_out_hltd_closed_loop_identity02_branch_surface_l4_5_7_k12_16_24_a04_08_12_s0_19,identity_stress,5,24,identity_stress,presence,1.2,identity_02,1.0,1.0,0.01209677419354839,-0.007781247275100498,0.5709444984028268,0.0875,0.10777200707041645,-0.6093554704762819,-0.08865149424560949,-0.2864561271154989,-0.1,0.1125,-0.0125
spiral_out_hltd_closed_loop_identity02_branch_surface_l4_5_7_k12_16_24_a04_08_12_s0_19,identity_stress,5,24,identity_stress,presence_plus_coexact,0.4,identity_02,1.0,1.0,0.026209677419354843,-0.01570713203183326,-0.016601133638159026,0.3,0.09538587074987513,-0.023643162761852205,0.02893501239968599,-0.0015376247678552718,-0.1625,0.1625,0.0
spiral_out_hltd_closed_loop_identity02_branch_surface_l4_5_7_k12_16_24_a04_08_12_s0_19,identity_stress,5,24,identity_stress,presence_plus_coexact,0.8,identity_02,1.0,1.0,0.02217741935483871,-0.013290650180781988,-0.005207256417159206,0.2125,0.1787826357618007,-0.02881061984892198,-0.0018530281334193511,-0.013525747172422975,-0.1375,0.1375,0.0
spiral_out_hltd_closed_loop_identity02_branch_surface_l4_5_7_k12_16_24_a04_08_12_s0_19,identity_stress,5,24,identity_stress,presence_plus_coexact,1.2,identity_02,1.0,1.0,0.01209677419354839,-0.007781247275100498,0.7488409980366159,0.0875,0.09556869875255777,-0.7464099645774606,-0.09140667493305218,-0.2959899475338798,-0.1,0.1125,-0.0125
spiral_out_hltd_closed_loop_identity02_branch_surface_l4_5_7_k12_16_24_a04_08_12_s0_19,identity_stress,7,12,identity_stress,coexact,0.4,identity_02,1.0,1.0,0.018145161290322585,-0.006982982191025344,-0.006193120864860546,0.225,0.0912440971888356,0.010983191967006433,-0.05593955161290073,0.0018538004507231373,-0.1125,0.1125,0.0
spiral_out_hltd_closed_loop_identity02_branch_surface_l4_5_7_k12_16_24_a04_08_12_s0_19,identity_stress,7,12,identity_stress,coexact,0.8,identity_02,1.0,1.0,0.014112903225806453,-0.005431208370797491,0.007840908333678343,0.1375,0.16961057962673629,0.02059471174015426,-0.17437599737754597,0.014103998704517978,-0.0875,0.0875,0.0
spiral_out_hltd_closed_loop_identity02_branch_surface_l4_5_7_k12_16_24_a04_08_12_s0_19,identity_stress,7,12,identity_stress,coexact,1.2,identity_02,1.0,1.0,6.938893903907229e-19,-0.004087132815792032,0.4025447141775702,-0.025,0.17496523059487817,-0.14921871399566275,-0.29523751460230074,-0.049758941962526046,-0.025,0.0375,-0.0125
spiral_out_hltd_closed_loop_identity02_branch_surface_l4_5_7_k12_16_24_a04_08_12_s0_19,identity_stress,7,12,identity_stress,coexact_minus_presence,0.4,identity_02,1.0,1.0,0.018145161290322585,-0.006982982191025344,-0.006193120864860546,0.225,0.17764108665579587,0.015227289228426585,-0.001142647245087934,0.0006559116586842554,-0.1125,0.1125,0.0
spiral_out_hltd_closed_loop_identity02_branch_surface_l4_5_7_k12_16_24_a04_08_12_s0_19,identity_stress,7,12,identity_stress,coexact_minus_presence,0.8,identity_02,1.0,1.0,0.014112903225806453,-0.005431208370797491,0.007840908333678343,0.1375,0.35336212769265074,0.018373547007320183,-0.023386174745735493,-0.003507114457546824,-0.0875,0.0875,0.0
spiral_out_hltd_closed_loop_identity02_branch_surface_l4_5_7_k12_16_24_a04_08_12_s0_19,identity_stress,7,12,identity_stress,coexact_minus_presence,1.2,identity_02,1.0,1.0,6.938893903907229e-19,-0.004087132815792032,0.5804412138113593,-0.025,0.6406504731946417,-0.4961265811700713,-0.049056326757844014,-0.13754429017185904,-0.025,0.0375,-0.0125
spiral_out_hltd_closed_loop_identity02_branch_surface_l4_5_7_k12_16_24_a04_08_12_s0_19,identity_stress,7,12,identity_stress,negative_coexact,0.4,identity_02,1.0,1.0,-0.02217741935483871,0.0085347560112532,0.02733564768302834,-0.275,-0.06211988832781142,-0.01755279916315617,-0.006481180189803734,-0.0031541308236924443,0.1375,-0.1375,0.0
spiral_out_hltd_closed_loop_identity02_branch_surface_l4_5_7_k12_16_24_a04_08_12_s0_19,identity_stress,7,12,identity_stress,negative_coexact,0.8,identity_02,1.0,1.0,-0.026209677419354843,0.010086529831481053,-0.015599012083276409,-0.1125,-0.147682340850804,0.08449625170423965,-0.0542945405855668,-0.017112953770224797,0.1625,-0.1625,0.0
spiral_out_hltd_closed_loop_identity02_branch_surface_l4_5_7_k12_16_24_a04_08_12_s0_19,identity_stress,7,12,identity_stress,negative_coexact,1.2,identity_02,1.0,1.0,-0.040322580645161296,0.011430605386486511,0.5570012933944045,-0.275,-0.18367083889612965,-0.3405114539278891,-0.1478155691375848,-0.16349725031373386,0.225,-0.2125,-0.0125
spiral_out_hltd_closed_loop_identity02_branch_surface_l4_5_7_k12_16_24_a04_08_12_s0_19,identity_stress,7,12,identity_stress,presence,0.4,identity_02,1.0,1.0,0.018145161290322585,-0.006982982191025344,-0.006193120864860546,0.225,-0.045357154088381826,-0.03650508985919456,-0.07264317801033464,0.0024321890046525756,-0.1125,0.1125,0.0
spiral_out_hltd_closed_loop_identity02_branch_surface_l4_5_7_k12_16_24_a04_08_12_s0_19,identity_stress,7,12,identity_stress,presence,0.8,identity_02,1.0,1.0,0.014112903225806453,-0.005431208370797491,-0.17005559130011072,0.1375,-0.05598774129740293,0.07130487704344761,-0.08610172636193196,0.011986771191965475,-0.0875,0.0875,0.0
spiral_out_hltd_closed_loop_identity02_branch_surface_l4_5_7_k12_16_24_a04_08_12_s0_19,identity_stress,7,12,identity_stress,presence,1.2,identity_02,1.0,1.0,6.938893903907229e-19,-0.004087132815792032,0.4025447141775702,-0.025,0.12190814271543074,-0.2270971640680493,-0.2686661280056603,-0.09572318970033786,-0.025,0.0375,-0.0125
spiral_out_hltd_closed_loop_identity02_branch_surface_l4_5_7_k12_16_24_a04_08_12_s0_19,identity_stress,7,12,identity_stress,presence_plus_coexact,0.4,identity_02,1.0,1.0,0.018145161290322585,-0.006982982191025344,-0.006193120864860546,0.225,0.022253988045750968,-0.004718137287899535,-0.07232905993866523,0.003954937453478214,-0.1125,0.1125,0.0
spiral_out_hltd_closed_loop_identity02_branch_surface_l4_5_7_k12_16_24_a04_08_12_s0_19,identity_stress,7,12,identity_stress,presence_plus_coexact,0.8,identity_02,1.0,1.0,0.014112903225806453,-0.005431208370797491,0.007840908333678343,0.1375,0.15149388329478083,0.06056319729584773,-0.26510927793078964,0.024287000580447977,-0.0875,0.0875,0.0
spiral_out_hltd_closed_loop_identity02_branch_surface_l4_5_7_k12_16_24_a04_08_12_s0_19,identity_stress,7,12,identity_stress,presence_plus_coexact,1.2,identity_02,1.0,1.0,6.938893903907229e-19,-0.004087132815792032,0.4025447141775702,-0.025,-0.2580422291444106,-0.2525012962784146,-0.19058990810617243,0.004441861289124675,-0.025,0.0375,-0.0125
spiral_out_hltd_closed_loop_identity02_branch_surface_l4_5_7_k12_16_24_a04_08_12_s0_19,identity_stress,7,16,identity_stress,coexact,0.4,identity_02,1.0,1.0,0.018145161290322585,-0.006982982191025344,-0.006193120864860546,0.225,0.133261009991778,0.003602696129113529,-0.028734110096836636,0.0008053997945268414,-0.1125,0.1125,0.0
spiral_out_hltd_closed_loop_identity02_branch_surface_l4_5_7_k12_16_24_a04_08_12_s0_19,identity_stress,7,16,identity_stress,coexact,0.8,identity_02,1.0,1.0,0.014112903225806453,-0.005431208370797491,0.007840908333678343,0.1375,0.26012694506515116,-0.000980378331861681,-0.09072226676548824,0.007177993762371162,-0.0875,0.0875,0.0
spiral_out_hltd_closed_loop_identity02_branch_surface_l4_5_7_k12_16_24_a04_08_12_s0_19,identity_stress,7,16,identity_stress,coexact,1.2,identity_02,1.0,1.0,6.938893903907229e-19,-0.004087132815792032,0.4025447141775702,-0.025,0.4425186567492907,-0.16370761152066465,-0.2787554620440015,-0.07408195363716721,-0.025,0.0375,-0.0125
spiral_out_hltd_closed_loop_identity02_branch_surface_l4_5_7_k12_16_24_a04_08_12_s0_19,identity_stress,7,16,identity_stress,coexact_minus_presence,0.4,identity_02,1.0,1.0,0.018145161290322585,-0.006982982191025344,-0.006193120864860546,0.225,0.22018855605838147,0.023779282559462458,0.005101450813533843,-0.0012120733432891885,-0.1125,0.1125,0.0
spiral_out_hltd_closed_loop_identity02_branch_surface_l4_5_7_k12_16_24_a04_08_12_s0_19,identity_stress,7,16,identity_stress,coexact_minus_presence,0.8,identity_02,1.0,1.0,0.014112903225806453,-0.005431208370797491,0.007840908333678343,0.1375,0.44158105255425506,0.04218301257037139,-0.014961105416560136,-0.010978432228788347,-0.0875,0.0875,0.0
spiral_out_hltd_closed_loop_identity02_branch_surface_l4_5_7_k12_16_24_a04_08_12_s0_19,identity_stress,7,16,identity_stress,coexact_minus_presence,1.2,identity_02,1.0,1.0,6.938893903907229e-19,-0.004087132815792032,0.5804412138113593,-0.025,0.7300174249351273,-0.4475049909114979,-0.04978772693336137,-0.1546456780160596,-0.025,0.0375,-0.0125
spiral_out_hltd_closed_loop_identity02_branch_surface_l4_5_7_k12_16_24_a04_08_12_s0_19,identity_stress,7,16,identity_stress,negative_coexact,0.4,identity_02,1.0,1.0,-0.02217741935483871,0.0085347560112532,0.02733564768302834,-0.275,-0.09286516447529455,0.0019131586881961347,-0.03778823928631066,-0.003780300480877595,0.1375,-0.1375,0.0
spiral_out_hltd_closed_loop_identity02_branch_surface_l4_5_7_k12_16_24_a04_08_12_s0_19,identity_stress,7,16,identity_stress,negative_coexact,0.8,identity_02,1.0,1.0,-0.026209677419354843,0.010086529831481053,-0.015599012083276409,-0.1125,-0.21642663852886543,0.11593667070990528,-0.11714874182211957,-0.019102005705357323,0.1625,-0.1625,0.0
spiral_out_hltd_closed_loop_identity02_branch_surface_l4_5_7_k12_16_24_a04_08_12_s0_19,identity_stress,7,16,identity_stress,negative_coexact,1.2,identity_02,1.0,1.0,-0.040322580645161296,0.011430605386486511,0.5570012933944045,-0.275,-0.38028831927074463,-0.27882227824088873,-0.24570812054601038,-0.16865670053508777,0.225,-0.2125,-0.0125
spiral_out_hltd_closed_loop_identity02_branch_surface_l4_5_7_k12_16_24_a04_08_12_s0_19,identity_stress,7,16,identity_stress,presence,0.4,identity_02,1.0,1.0,0.018145161290322585,-0.006982982191025344,-0.006193120864860546,0.225,-0.0924271285277468,-0.037205052469478486,-0.09027099214763103,0.004309336564706237,-0.1125,0.1125,0.0
spiral_out_hltd_closed_loop_identity02_branch_surface_l4_5_7_k12_16_24_a04_08_12_s0_19,identity_stress,7,16,identity_stress,presence,0.8,identity_02,1.0,1.0,0.014112903225806453,-0.005431208370797491,0.007840908333678343,0.1375,-0.09039840660947794,-0.0638071199851403,-0.20439284122466111,0.017759541435970336,-0.0875,0.0875,0.0
spiral_out_hltd_closed_loop_identity02_branch_surface_l4_5_7_k12_16_24_a04_08_12_s0_19,identity_stress,7,16,identity_stress,presence,1.2,identity_02,1.0,1.0,6.938893903907229e-19,-0.004087132815792032,0.4025447141775702,-0.025,-0.6752617608826155,-0.3735665449794972,-0.22787726351129836,0.012233125092886894,-0.025,0.0375,-0.0125
spiral_out_hltd_closed_loop_identity02_branch_surface_l4_5_7_k12_16_24_a04_08_12_s0_19,identity_stress,7,16,identity_stress,presence_plus_coexact,0.4,identity_02,1.0,1.0,0.018145161290322585,-0.006982982191025344,-0.006193120864860546,0.225,0.04791562286552474,-0.01109620784096847,-0.05213911714283922,0.003493161894229116,-0.1125,0.1125,0.0
spiral_out_hltd_closed_loop_identity02_branch_surface_l4_5_7_k12_16_24_a04_08_12_s0_19,identity_stress,7,16,identity_stress,presence_plus_coexact,0.8,identity_02,1.0,1.0,0.014112903225806453,-0.005431208370797491,0.007840908333678343,0.1375,0.20820276341265273,0.04293330908369555,-0.21685950762053138,0.022021024408728735,-0.0875,0.0875,0.0
spiral_out_hltd_closed_loop_identity02_branch_surface_l4_5_7_k12_16_24_a04_08_12_s0_19,identity_stress,7,16,identity_stress,presence_plus_coexact,1.2,identity_02,1.0,1.0,6.938893903907229e-19,-0.004087132815792032,0.4025447141775702,-0.025,-0.19917937873855068,-0.2849429032292939,-0.11843962422428114,-0.0019104543482959418,-0.025,0.0375,-0.0125
spiral_out_hltd_closed_loop_identity02_branch_surface_l4_5_7_k12_16_24_a04_08_12_s0_19,identity_stress,7,24,identity_stress,coexact,0.4,identity_02,1.0,1.0,0.018145161290322585,-0.006982982191025344,-0.006193120864860546,0.225,0.05211744916366277,0.028573389140421984,-0.040746607931145803,0.010651012236513708,-0.1125,0.1125,0.0
spiral_out_hltd_closed_loop_identity02_branch_surface_l4_5_7_k12_16_24_a04_08_12_s0_19,identity_stress,7,24,identity_stress,coexact,0.8,identity_02,1.0,1.0,0.014112903225806453,-0.005431208370797491,0.007840908333678343,0.1375,0.2213579353408109,0.027982752403824633,-0.13834046794216442,0.08877774726960472,-0.0875,0.0875,0.0
spiral_out_hltd_closed_loop_identity02_branch_surface_l4_5_7_k12_16_24_a04_08_12_s0_19,identity_stress,7,24,identity_stress,coexact,1.2,identity_02,1.0,1.0,-0.13709677419354838,0.021701791488096374,-1.161322437219158,0.475,-0.1904133487706187,0.7475910967665016,-0.44364669749377017,0.372427450828509,0.225,-0.2125,-0.0125
spiral_out_hltd_closed_loop_identity02_branch_surface_l4_5_7_k12_16_24_a04_08_12_s0_19,identity_stress,7,24,identity_stress,coexact_minus_presence,0.4,identity_02,1.0,1.0,0.018145161290322585,-0.006982982191025344,-0.006193120864860546,0.225,0.15206621374654924,0.04280506023491453,-0.008891477201053953,0.004774032161368319,-0.1125,0.1125,0.0
spiral_out_hltd_closed_loop_identity02_branch_surface_l4_5_7_k12_16_24_a04_08_12_s0_19,identity_stress,7,24,identity_stress,coexact_minus_presence,0.8,identity_02,1.0,1.0,0.014112903225806453,-0.005431208370797491,0.007840908333678343,0.1375,0.33723575898678904,0.037643600308820864,0.011009862055262928,0.034363085582551,-0.0875,0.0875,0.0
spiral_out_hltd_closed_loop_identity02_branch_surface_l4_5_7_k12_16_24_a04_08_12_s0_19,identity_stress,7,24,identity_stress,coexact_minus_presence,1.2,identity_02,1.0,1.0,6.938893903907229e-19,-0.004087132815792032,0.5804412138113593,-0.025,0.41499982903180427,-0.5603381452802239,0.011211859456024023,0.014151150054647394,-0.025,0.0375,-0.0125
spiral_out_hltd_closed_loop_identity02_branch_surface_l4_5_7_k12_16_24_a04_08_12_s0_19,identity_stress,7,24,identity_stress,negative_coexact,0.4,identity_02,1.0,1.0,-0.02217741935483871,0.0085347560112532,0.02733564768302834,-0.275,-0.015182899421562025,0.000489506210036712,-0.008233220575183057,-0.0022642518051730564,0.1375,-0.1375,0.0
spiral_out_hltd_closed_loop_identity02_branch_surface_l4_5_7_k12_16_24_a04_08_12_s0_19,identity_stress,7,24,identity_stress,negative_coexact,0.8,identity_02,1.0,1.0,-0.026209677419354843,0.010086529831481053,-0.01055598229812027,-0.1125,-0.07930859093271436,0.059575364186949975,-0.07555879711406224,-0.018630085323113475,0.1625,-0.1625,0.0
spiral_out_hltd_closed_loop_identity02_branch_surface_l4_5_7_k12_16_24_a04_08_12_s0_19,identity_stress,7,24,identity_stress,negative_coexact,1.2,identity_02,1.0,1.0,-0.040322580645161296,0.011430605386486511,0.5620443231795607,-0.275,-0.14839591803867552,-0.3721664537532668,-0.22765517263026908,-0.17619635401641556,0.225,-0.2125,-0.0125
spiral_out_hltd_closed_loop_identity02_branch_surface_l4_5_7_k12_16_24_a04_08_12_s0_19,identity_stress,7,24,identity_stress,presence,0.4,identity_02,1.0,1.0,0.018145161290322585,-0.006982982191025344,-0.006193120864860546,0.225,-0.0683126905199983,-0.03829696063740047,-0.0766859036539685,0.007391767748684085,-0.1125,0.1125,0.0
spiral_out_hltd_closed_loop_identity02_branch_surface_l4_5_7_k12_16_24_a04_08_12_s0_19,identity_stress,7,24,identity_stress,presence,0.8,identity_02,1.0,1.0,0.014112903225806453,-0.005431208370797491,-0.17005559130011072,0.1375,-0.003832629503256589,0.18672464009421785,-0.20570409261049422,0.034800640579457406,-0.0875,0.0875,0.0
spiral_out_hltd_closed_loop_identity02_branch_surface_l4_5_7_k12_16_24_a04_08_12_s0_19,identity_stress,7,24,identity_stress,presence,1.2,identity_02,1.0,1.0,6.938893903907229e-19,-0.004087132815792032,-0.03483893755582823,-0.025,-0.8356016555738691,-0.07200381615029698,-0.0942684360545622,0.14237640690700348,-0.025,0.0375,-0.0125
spiral_out_hltd_closed_loop_identity02_branch_surface_l4_5_7_k12_16_24_a04_08_12_s0_19,identity_stress,7,24,identity_stress,presence_plus_coexact,0.4,identity_02,1.0,1.0,0.018145161290322585,-0.006982982191025344,-0.006193120864860546,0.225,-0.022860618955500855,0.012226604029368086,-0.06165304028904036,0.011764383220424734,-0.1125,0.1125,0.0
spiral_out_hltd_closed_loop_identity02_branch_surface_l4_5_7_k12_16_24_a04_08_12_s0_19,identity_stress,7,24,identity_stress,presence_plus_coexact,0.8,identity_02,1.0,1.0,0.014112903225806453,-0.005431208370797491,-0.17005559130011072,0.1375,0.08122964306708547,0.2662504756592682,-0.2512858716302031,0.08430326366503774,-0.0875,0.0875,0.0
spiral_out_hltd_closed_loop_identity02_branch_surface_l4_5_7_k12_16_24_a04_08_12_s0_19,identity_stress,7,24,identity_stress,presence_plus_coexact,1.2,identity_02,1.0,1.0,6.938893903907229e-19,-0.004087132815792032,0.4025447141775702,-0.025,-0.3632876319760305,-0.6180530711836993,0.02909613046271926,0.3141713294005763,-0.025,0.0375,-0.0125
spiral_out_hltd_closed_loop_identity02_prompt_heldout_branch_surface_l4_5_7_k12_16_24_a04_08_12_s0_19,identity_stress,4,12,identity_stress__prompt_heldout,coexact,0.4,identity_02,1.0,1.0,-0.06169354838709677,0.013571232819795678,0.017684228805534375,-0.2375,0.11996512639730098,-0.017860018741907117,0.027931813469467277,0.00020084924829595567,0.1125,0.0,-0.1125
spiral_out_hltd_closed_loop_identity02_prompt_heldout_branch_surface_l4_5_7_k12_16_24_a04_08_12_s0_19,identity_stress,4,12,identity_stress__prompt_heldout,coexact,0.8,identity_02,1.0,1.0,-0.06854838709677419,0.015079147577550755,-0.02737242602878993,-0.0375,0.2311647720546069,0.06098292638382256,-0.011795353619531932,-0.0009946283696517023,0.125,0.0,-0.125
spiral_out_hltd_closed_loop_identity02_prompt_heldout_branch_surface_l4_5_7_k12_16_24_a04_08_12_s0_19,identity_stress,4,12,identity_stress__prompt_heldout,coexact,1.2,identity_02,1.0,1.0,-0.09475806451612903,0.022900474558289426,0.5742403579382142,-0.1375,0.21651817666772666,-0.37073264794980876,-0.14763116446441732,-0.18375763670867995,0.175,0.0,-0.175
spiral_out_hltd_closed_loop_identity02_prompt_heldout_branch_surface_l4_5_7_k12_16_24_a04_08_12_s0_19,identity_stress,4,12,identity_stress__prompt_heldout,coexact_minus_presence,0.4,identity_02,1.0,1.0,-0.06169354838709677,0.013571232819795678,0.017684228805534375,-0.2375,0.06031018534964687,-0.008022852881865777,0.017596362312140755,0.0003930819521770363,0.1125,0.0,-0.1125
spiral_out_hltd_closed_loop_identity02_prompt_heldout_branch_surface_l4_5_7_k12_16_24_a04_08_12_s0_19,identity_stress,4,12,identity_stress__prompt_heldout,coexact_minus_presence,0.8,identity_02,1.0,1.0,-0.06854838709677419,0.015079147577550755,-0.02737242602878993,-0.0375,0.11149903790677958,0.06584069472017649,-0.04605112632949781,-0.0019969793864149173,0.125,0.0,-0.125
spiral_out_hltd_closed_loop_identity02_prompt_heldout_branch_surface_l4_5_7_k12_16_24_a04_08_12_s0_19,identity_stress,4,12,identity_stress__prompt_heldout,coexact_minus_presence,1.2,identity_02,1.0,1.0,-0.09475806451612903,0.022900474558289426,0.5742403579382142,-0.1375,0.14072724709918938,-0.4277832401248364,-0.09360293333109461,-0.1623083574479816,0.175,0.0,-0.175
spiral_out_hltd_closed_loop_identity02_prompt_heldout_branch_surface_l4_5_7_k12_16_24_a04_08_12_s0_19,identity_stress,4,12,identity_stress__prompt_heldout,negative_coexact,0.4,identity_02,1.0,1.0,0.0754032258064516,-0.01658706233530583,-0.015844539742354512,0.2625,-0.046890694021973454,-0.003987172317729196,-0.01568910908678562,-0.0005310746088750976,-0.1375,0.0,0.1375
spiral_out_hltd_closed_loop_identity02_prompt_heldout_branch_surface_l4_5_7_k12_16_24_a04_08_12_s0_19,identity_stress,4,12,identity_stress__prompt_heldout,negative_coexact,0.8,identity_02,1.0,1.0,0.06854838709677419,-0.015079147577550755,-0.008975535396991318,0.2125,-0.13303320134010335,-0.020636526899795973,-0.04085559010798688,-0.0036190314330423815,-0.125,0.0,0.125
spiral_out_hltd_closed_loop_identity02_prompt_heldout_branch_surface_l4_5_7_k12_16_24_a04_08_12_s0_19,identity_stress,4,12,identity_stress__prompt_heldout,negative_coexact,1.2,identity_02,1.0,1.0,0.04233870967741935,-0.007257820596812082,0.5926372485700128,0.1125,-0.4124114034501991,-0.5366711203572523,-0.126031493953058,-0.18541364396250856,-0.075,0.0,0.075
spiral_out_hltd_closed_loop_identity02_prompt_heldout_branch_surface_l4_5_7_k12_16_24_a04_08_12_s0_19,identity_stress,4,12,identity_stress__prompt_heldout,presence,0.4,identity_02,1.0,1.0,0.0754032258064516,-0.01658706233530583,-0.015844539742354512,0.2625,0.07659785819112289,0.02740113809194184,-0.03163861147694315,-0.0008543142241402053,-0.1375,0.0,0.1375
spiral_out_hltd_closed_loop_identity02_prompt_heldout_branch_surface_l4_5_7_k12_16_24_a04_08_12_s0_19,identity_stress,4,12,identity_stress__prompt_heldout,presence,0.8,identity_02,1.0,1.0,0.06854838709677419,-0.015079147577550755,-0.008975535396991318,0.2125,0.1438375237865204,0.05781905763213794,-0.10172739548115906,-0.007043103285053719,-0.125,0.0,0.125
spiral_out_hltd_closed_loop_identity02_prompt_heldout_branch_surface_l4_5_7_k12_16_24_a04_08_12_s0_19,identity_stress,4,12,identity_stress__prompt_heldout,presence,1.2,identity_02,1.0,1.0,0.04233870967741935,-0.007257820596812082,0.5926372485700128,0.1125,0.07687063939300942,-0.38079973765335584,-0.2581080630282878,-0.20004917277316075,-0.075,0.0,0.075
spiral_out_hltd_closed_loop_identity02_prompt_heldout_branch_surface_l4_5_7_k12_16_24_a04_08_12_s0_19,identity_stress,4,12,identity_stress__prompt_heldout,presence_plus_coexact,0.4,identity_02,1.0,1.0,-0.06169354838709677,0.013571232819795678,0.017684228805534375,-0.2375,0.12910685974180794,-0.026122859230917273,0.02275922138139533,-0.0012466603311753048,0.1125,0.0,-0.1125
spiral_out_hltd_closed_loop_identity02_prompt_heldout_branch_surface_l4_5_7_k12_16_24_a04_08_12_s0_19,identity_stress,4,12,identity_stress__prompt_heldout,presence_plus_coexact,0.8,identity_02,1.0,1.0,-0.06854838709677419,0.015079147577550755,0.02455323315089757,-0.2875,0.23621170400321373,-0.03863813102835638,0.004734572134843658,-0.007147087413916081,0.125,0.0,-0.125
spiral_out_hltd_closed_loop_identity02_prompt_heldout_branch_surface_l4_5_7_k12_16_24_a04_08_12_s0_19,identity_stress,4,12,identity_stress__prompt_heldout,presence_plus_coexact,1.2,identity_02,1.0,1.0,-0.09475806451612903,0.022900474558289426,0.5742403579382142,-0.1375,0.20657182383731265,-0.4363301255875074,-0.12187667613739554,-0.1972393176778593,0.175,0.0,-0.175
spiral_out_hltd_closed_loop_identity02_prompt_heldout_branch_surface_l4_5_7_k12_16_24_a04_08_12_s0_19,identity_stress,4,16,identity_stress__prompt_heldout,coexact,0.4,identity_02,1.0,1.0,0.0754032258064516,-0.01658706233530583,-0.015844539742354512,0.2625,0.10334730810151307,-0.018566488000854496,0.02725054021540275,-0.0006193137494043203,-0.1375,0.0,0.1375
spiral_out_hltd_closed_loop_identity02_prompt_heldout_branch_surface_l4_5_7_k12_16_24_a04_08_12_s0_19,identity_stress,4,16,identity_stress__prompt_heldout,coexact,0.8,identity_02,1.0,1.0,0.06854838709677419,-0.015079147577550755,-0.008975535396991318,0.2125,0.18352652380543516,-0.0552462148462989,0.030758264208315483,-0.004731639563109545,-0.125,0.0,0.125
spiral_out_hltd_closed_loop_identity02_prompt_heldout_branch_surface_l4_5_7_k12_16_24_a04_08_12_s0_19,identity_stress,4,16,identity_stress__prompt_heldout,coexact,1.2,identity_02,1.0,1.0,0.04233870967741935,-0.007257820596812082,0.5926372485700128,0.1125,0.17648224557383663,-0.577307242616329,-0.055198557538261396,-0.18724993594604064,-0.075,0.0,0.075
spiral_out_hltd_closed_loop_identity02_prompt_heldout_branch_surface_l4_5_7_k12_16_24_a04_08_12_s0_19,identity_stress,4,16,identity_stress__prompt_heldout,coexact_minus_presence,0.4,identity_02,1.0,1.0,-0.06169354838709677,0.013571232819795678,0.017684228805534375,-0.2375,-0.01987974490239013,0.015029960155987985,-0.03166135254979154,0.0003305795031737758,0.1125,0.0,-0.1125
spiral_out_hltd_closed_loop_identity02_prompt_heldout_branch_surface_l4_5_7_k12_16_24_a04_08_12_s0_19,identity_stress,4,16,identity_stress__prompt_heldout,coexact_minus_presence,0.8,identity_02,1.0,1.0,-0.06854838709677419,0.015079147577550755,-0.02737242602878993,-0.0375,-0.007921431017469938,0.11422770985924338,-0.12771416807115527,0.008701626782550768,0.125,0.0,-0.125
spiral_out_hltd_closed_loop_identity02_prompt_heldout_branch_surface_l4_5_7_k12_16_24_a04_08_12_s0_19,identity_stress,4,16,identity_stress__prompt_heldout,coexact_minus_presence,1.2,identity_02,1.0,1.0,-0.09475806451612903,0.022900474558289426,0.5742403579382142,-0.1375,0.5389396423685688,-0.420271651621559,0.14606200832050148,-0.07510211822338302,0.175,0.0,-0.175
spiral_out_hltd_closed_loop_identity02_prompt_heldout_branch_surface_l4_5_7_k12_16_24_a04_08_12_s0_19,identity_stress,4,16,identity_stress__prompt_heldout,negative_coexact,0.4,identity_02,1.0,1.0,-0.06169354838709677,0.013571232819795678,0.017684228805534375,-0.2375,-0.12958504503824933,0.03279318648994971,-0.08138097700921146,-0.0004082425992150382,0.1125,0.0,-0.1125
spiral_out_hltd_closed_loop_identity02_prompt_heldout_branch_surface_l4_5_7_k12_16_24_a04_08_12_s0_19,identity_stress,4,16,identity_stress__prompt_heldout,negative_coexact,0.8,identity_02,1.0,1.0,-0.06854838709677419,0.015079147577550755,0.02455323315089757,-0.2875,-0.27844188573583945,0.06671276117371541,-0.19738104460194478,-0.004700020416682231,0.125,0.0,-0.125
spiral_out_hltd_closed_loop_identity02_prompt_heldout_branch_surface_l4_5_7_k12_16_24_a04_08_12_s0_19,identity_stress,4,16,identity_stress__prompt_heldout,negative_coexact,1.2,identity_02,1.0,1.0,-0.09475806451612903,0.022900474558289426,0.6261660171179017,-0.3875,-0.6244954341733366,-0.364021088824118,-0.34119766067508783,-0.18565423166362482,0.175,0.0,-0.175
spiral_out_hltd_closed_loop_identity02_prompt_heldout_branch_surface_l4_5_7_k12_16_24_a04_08_12_s0_19,identity_stress,4,16,identity_stress__prompt_heldout,presence,0.4,identity_02,1.0,1.0,0.0754032258064516,-0.01658706233530583,-0.015844539742354512,0.2625,0.12649729593124936,0.0021501517428419064,0.015270611835703652,0.00031464561197051393,-0.1375,0.0,0.1375
spiral_out_hltd_closed_loop_identity02_prompt_heldout_branch_surface_l4_5_7_k12_16_24_a04_08_12_s0_19,identity_stress,4,16,identity_stress__prompt_heldout,presence,0.8,identity_02,1.0,1.0,0.06854838709677419,-0.015079147577550755,-0.008975535396991318,0.2125,0.23873527297423186,0.016589906245389942,-0.006742353549863592,-0.0007738292071104572,-0.125,0.0,0.125
spiral_out_hltd_closed_loop_identity02_prompt_heldout_branch_surface_l4_5_7_k12_16_24_a04_08_12_s0_19,identity_stress,4,16,identity_stress__prompt_heldout,presence,1.2,identity_02,1.0,1.0,0.04233870967741935,-0.007257820596812082,0.5926372485700128,0.1125,0.2625469974603041,-0.42759282080942373,-0.1466663695103399,-0.18384910594388484,-0.075,0.0,0.075
spiral_out_hltd_closed_loop_identity02_prompt_heldout_branch_surface_l4_5_7_k12_16_24_a04_08_12_s0_19,identity_stress,4,16,identity_stress__prompt_heldout,presence_plus_coexact,0.4,identity_02,1.0,1.0,0.0754032258064516,-0.01658706233530583,-0.015844539742354512,0.2625,0.14383869572322389,-0.010628077296517083,0.031736491996800925,-0.00012138365669890829,-0.1375,0.0,0.1375
spiral_out_hltd_closed_loop_identity02_prompt_heldout_branch_surface_l4_5_7_k12_16_24_a04_08_12_s0_19,identity_stress,4,16,identity_stress__prompt_heldout,presence_plus_coexact,0.8,identity_02,1.0,1.0,0.06854838709677419,-0.015079147577550755,-0.008975535396991318,0.2125,0.2586530179866694,-0.021364994171736745,0.03367100919923167,-0.00312957692411482,-0.125,0.0,0.125
spiral_out_hltd_closed_loop_identity02_prompt_heldout_branch_surface_l4_5_7_k12_16_24_a04_08_12_s0_19,identity_stress,4,16,identity_stress__prompt_heldout,presence_plus_coexact,1.2,identity_02,1.0,1.0,0.04233870967741935,-0.007257820596812082,0.5926372485700128,0.1125,0.2853232118042943,-0.5023469016111131,-0.07497202486672355,-0.18817119216905362,-0.075,0.0,0.075
spiral_out_hltd_closed_loop_identity02_prompt_heldout_branch_surface_l4_5_7_k12_16_24_a04_08_12_s0_19,identity_stress,4,24,identity_stress__prompt_heldout,coexact,0.4,identity_02,1.0,1.0,0.0754032258064516,-0.01658706233530583,-0.015844539742354512,0.2625,0.09506476702331937,-0.020664916590605004,0.05679777891793573,0.0002055092698579085,-0.1375,0.0,0.1375
spiral_out_hltd_closed_loop_identity02_prompt_heldout_branch_surface_l4_5_7_k12_16_24_a04_08_12_s0_19,identity_stress,4,24,identity_stress__prompt_heldout,coexact,0.8,identity_02,1.0,1.0,0.06854838709677419,-0.015079147577550755,-0.008975535396991318,0.2125,0.18053233977487443,-0.058029025252686106,0.10965027183306879,0.0008645529892615933,-0.125,0.0,0.125
spiral_out_hltd_closed_loop_identity02_prompt_heldout_branch_surface_l4_5_7_k12_16_24_a04_08_12_s0_19,identity_stress,4,24,identity_stress__prompt_heldout,coexact,1.2,identity_02,1.0,1.0,0.04233870967741935,-0.007257820596812082,0.5926372485700128,0.1125,0.1454601378643341,-0.5829619422889545,0.1084517565315269,-0.16658844455022062,-0.075,0.0,0.075
spiral_out_hltd_closed_loop_identity02_prompt_heldout_branch_surface_l4_5_7_k12_16_24_a04_08_12_s0_19,identity_stress,4,24,identity_stress__prompt_heldout,coexact_minus_presence,0.4,identity_02,1.0,1.0,0.0754032258064516,-0.01658706233530583,-0.015844539742354512,0.2625,-0.0015800045948619079,0.02217792805860623,-0.0080946932750706,0.0012324762458169245,-0.1375,0.0,0.1375
spiral_out_hltd_closed_loop_identity02_prompt_heldout_branch_surface_l4_5_7_k12_16_24_a04_08_12_s0_19,identity_stress,4,24,identity_stress__prompt_heldout,coexact_minus_presence,0.8,identity_02,1.0,1.0,-0.06854838709677419,0.015079147577550755,0.02455323315089757,-0.2875,-0.06839896719160359,-0.029258739832073048,0.07181489192316123,0.009998452153795445,0.125,0.0,-0.125
spiral_out_hltd_closed_loop_identity02_prompt_heldout_branch_surface_l4_5_7_k12_16_24_a04_08_12_s0_19,identity_stress,4,24,identity_stress__prompt_heldout,coexact_minus_presence,1.2,identity_02,1.0,1.0,-0.09475806451612903,0.022900474558289426,0.5742403579382142,-0.1375,-0.20547159155276762,-0.5352681151467928,0.13051651286296467,-0.1387905444463205,0.175,0.0,-0.175
spiral_out_hltd_closed_loop_identity02_prompt_heldout_branch_surface_l4_5_7_k12_16_24_a04_08_12_s0_19,identity_stress,4,24,identity_stress__prompt_heldout,negative_coexact,0.4,identity_02,1.0,1.0,-0.06169354838709677,0.013571232819795678,0.017684228805534375,-0.2375,-0.11924576517331043,0.012060206697284307,-0.058373248580749326,-0.0006410740462765553,0.1125,0.0,-0.1125
spiral_out_hltd_closed_loop_identity02_prompt_heldout_branch_surface_l4_5_7_k12_16_24_a04_08_12_s0_19,identity_stress,4,24,identity_stress__prompt_heldout,negative_coexact,0.8,identity_02,1.0,1.0,-0.06854838709677419,0.015079147577550755,-0.02737242602878993,-0.0375,-0.22260940577344948,0.06298898762680985,-0.13686634977924733,-0.004654144296489542,0.125,0.0,-0.125
spiral_out_hltd_closed_loop_identity02_prompt_heldout_branch_surface_l4_5_7_k12_16_24_a04_08_12_s0_19,identity_stress,4,24,identity_stress__prompt_heldout,negative_coexact,1.2,identity_02,1.0,1.0,-0.09475806451612903,0.022900474558289426,0.5742403579382142,-0.1375,-0.43917482881532804,-0.3214493749774592,-0.3055015318153421,-0.19087627636452695,0.175,0.0,-0.175
spiral_out_hltd_closed_loop_identity02_prompt_heldout_branch_surface_l4_5_7_k12_16_24_a04_08_12_s0_19,identity_stress,4,24,identity_stress__prompt_heldout,presence,0.4,identity_02,1.0,1.0,0.0754032258064516,-0.01658706233530583,-0.015844539742354512,0.2625,0.05082681569344112,-0.050305771541002256,0.046771470549641224,-0.00018846440649802594,-0.1375,0.0,0.1375
spiral_out_hltd_closed_loop_identity02_prompt_heldout_branch_surface_l4_5_7_k12_16_24_a04_08_12_s0_19,identity_stress,4,24,identity_stress__prompt_heldout,presence,0.8,identity_02,1.0,1.0,0.06854838709677419,-0.015079147577550755,-0.008975535396991318,0.2125,0.055369886541137024,-0.10260740851165868,0.06599298636314561,-0.002206061846157946,-0.125,0.0,0.125
spiral_out_hltd_closed_loop_identity02_prompt_heldout_branch_surface_l4_5_7_k12_16_24_a04_08_12_s0_19,identity_stress,4,24,identity_stress__prompt_heldout,presence,1.2,identity_02,1.0,1.0,0.04233870967741935,-0.007257820596812082,0.5926372485700128,0.1125,-0.07780663995041401,-0.663484980668426,-0.005451293540223693,-0.17808352793387147,-0.075,0.0,0.075
spiral_out_hltd_closed_loop_identity02_prompt_heldout_branch_surface_l4_5_7_k12_16_24_a04_08_12_s0_19,identity_stress,4,24,identity_stress__prompt_heldout,presence_plus_coexact,0.4,identity_02,1.0,1.0,0.0754032258064516,-0.01658706233530583,-0.015844539742354512,0.2625,0.1135402208165615,-0.04745239698697,0.06125020128969427,-0.00018271491797935846,-0.1375,0.0,0.1375
spiral_out_hltd_closed_loop_identity02_prompt_heldout_branch_surface_l4_5_7_k12_16_24_a04_08_12_s0_19,identity_stress,4,24,identity_stress__prompt_heldout,presence_plus_coexact,0.8,identity_02,1.0,1.0,0.06854838709677419,-0.015079147577550755,-0.008975535396991318,0.2125,0.16264870519319824,-0.09594358067041106,0.07929720537580622,-0.0027237387380937184,-0.125,0.0,0.125
spiral_out_hltd_closed_loop_identity02_prompt_heldout_branch_surface_l4_5_7_k12_16_24_a04_08_12_s0_19,identity_stress,4,24,identity_stress__prompt_heldout,presence_plus_coexact,1.2,identity_02,1.0,1.0,0.04233870967741935,-0.007257820596812082,0.5926372485700128,0.1125,0.028159807201525666,-0.6476430507227499,0.004295229751261086,-0.1832499246110842,-0.075,0.0,0.075
spiral_out_hltd_closed_loop_identity02_prompt_heldout_branch_surface_l4_5_7_k12_16_24_a04_08_12_s0_19,identity_stress,5,12,identity_stress__prompt_heldout,coexact,0.4,identity_02,1.0,1.0,0.026209677419354843,-0.01570713203183326,-0.016601133638159026,0.3,0.08118068472286047,0.0007216556956791499,0.0029570785864998423,-0.002646709232425395,-0.1625,0.1625,0.0
spiral_out_hltd_closed_loop_identity02_prompt_heldout_branch_surface_l4_5_7_k12_16_24_a04_08_12_s0_19,identity_stress,5,12,identity_stress__prompt_heldout,coexact,0.8,identity_02,1.0,1.0,0.02217741935483871,-0.013290650180781988,-0.005207256417159206,0.2125,0.13655933133901146,0.02967243267433909,-0.024470037267102358,-0.015041621598019092,-0.1375,0.1375,0.0
spiral_out_hltd_closed_loop_identity02_prompt_heldout_branch_surface_l4_5_7_k12_16_24_a04_08_12_s0_19,identity_stress,5,12,identity_stress__prompt_heldout,coexact,1.2,identity_02,1.0,1.0,0.01209677419354839,-0.007781247275100498,0.7488409980366159,0.0875,0.07622110838204113,-0.6408644328941168,-0.10670338807359177,-0.2887194152830768,-0.1,0.1125,-0.0125
spiral_out_hltd_closed_loop_identity02_prompt_heldout_branch_surface_l4_5_7_k12_16_24_a04_08_12_s0_19,identity_stress,5,12,identity_stress__prompt_heldout,coexact_minus_presence,0.4,identity_02,1.0,1.0,0.026209677419354843,-0.01570713203183326,-0.016601133638159026,0.3,0.041230215579134866,-0.0055616157204013495,0.03307528654635972,-0.0013526918231988201,-0.1625,0.1625,0.0
spiral_out_hltd_closed_loop_identity02_prompt_heldout_branch_surface_l4_5_7_k12_16_24_a04_08_12_s0_19,identity_stress,5,12,identity_stress__prompt_heldout,coexact_minus_presence,0.8,identity_02,1.0,1.0,0.02217741935483871,-0.013290650180781988,-0.005207256417159206,0.2125,0.08579296062099043,-0.012844792006198305,0.08066742937546559,-0.0037474725280771935,-0.1375,0.1375,0.0
spiral_out_hltd_closed_loop_identity02_prompt_heldout_branch_surface_l4_5_7_k12_16_24_a04_08_12_s0_19,identity_stress,5,12,identity_stress__prompt_heldout,coexact_minus_presence,1.2,identity_02,1.0,1.0,0.01209677419354839,-0.007781247275100498,0.7488409980366159,0.0875,0.07431946955612839,-0.7477438368712878,0.07550285998904359,-0.2609552272703598,-0.1,0.1125,-0.0125
spiral_out_hltd_closed_loop_identity02_prompt_heldout_branch_surface_l4_5_7_k12_16_24_a04_08_12_s0_19,identity_stress,5,12,identity_stress__prompt_heldout,negative_coexact,0.4,identity_02,1.0,1.0,-0.014112903225806453,0.008457686478679446,0.01692763490972986,-0.2,-0.03944759977220941,0.005014784663357115,-0.029559722717419634,-0.0013905762609889203,0.0875,-0.0875,0.0
spiral_out_hltd_closed_loop_identity02_prompt_heldout_branch_surface_l4_5_7_k12_16_24_a04_08_12_s0_19,identity_stress,5,12,identity_stress__prompt_heldout,negative_coexact,0.8,identity_02,1.0,1.0,-0.018145161290322585,0.010874168329730718,0.02832151213072968,-0.2875,-0.14695449428812465,0.010321514939335344,-0.052957683391911384,-0.007836997885303667,0.1125,-0.1125,0.0
spiral_out_hltd_closed_loop_identity02_prompt_heldout_branch_surface_l4_5_7_k12_16_24_a04_08_12_s0_19,identity_stress,5,12,identity_stress__prompt_heldout,negative_coexact,1.2,identity_02,1.0,1.0,0.01209677419354839,-0.007781247275100498,0.7488409980366159,0.0875,-0.20293252275814339,-0.7874042420668108,-0.04594138639889138,-0.27568890884413555,-0.1,0.1125,-0.0125
spiral_out_hltd_closed_loop_identity02_prompt_heldout_branch_surface_l4_5_7_k12_16_24_a04_08_12_s0_19,identity_stress,5,12,identity_stress__prompt_heldout,presence,0.4,identity_02,1.0,1.0,-0.014112903225806453,0.008457686478679446,0.01692763490972986,-0.2,0.08497653565984359,0.0006245316278721795,-0.02112870727286598,-0.0021478758405441534,0.0875,-0.0875,0.0
spiral_out_hltd_closed_loop_identity02_prompt_heldout_branch_surface_l4_5_7_k12_16_24_a04_08_12_s0_19,identity_stress,5,12,identity_stress__prompt_heldout,presence,0.8,identity_02,1.0,1.0,-0.018145161290322585,0.010874168329730718,0.02832151213072968,-0.2875,0.10151038719160788,0.02500730634536589,-0.08630946370357376,-0.015799890301340748,0.1125,-0.1125,0.0
spiral_out_hltd_closed_loop_identity02_prompt_heldout_branch_surface_l4_5_7_k12_16_24_a04_08_12_s0_19,identity_stress,5,12,identity_stress__prompt_heldout,presence,1.2,identity_02,1.0,1.0,-0.028225806451612906,0.01638357123541221,0.7823697665845047,-0.4125,-0.10095901400195588,-0.6719350465387006,-0.1788613407355027,-0.2994600583009906,0.15,-0.1375,-0.0125
spiral_out_hltd_closed_loop_identity02_prompt_heldout_branch_surface_l4_5_7_k12_16_24_a04_08_12_s0_19,identity_stress,5,12,identity_stress__prompt_heldout,presence_plus_coexact,0.4,identity_02,1.0,1.0,-0.014112903225806453,0.008457686478679446,0.01692763490972986,-0.2,0.09941225101836285,-0.016132647170822873,0.006143352206291619,-0.0026831876469723443,0.0875,-0.0875,0.0
spiral_out_hltd_closed_loop_identity02_prompt_heldout_branch_surface_l4_5_7_k12_16_24_a04_08_12_s0_19,identity_stress,5,12,identity_stress__prompt_heldout,presence_plus_coexact,0.8,identity_02,1.0,1.0,0.02217741935483871,-0.013290650180781988,-0.005207256417159206,0.2125,0.14334052818921128,0.011012188323562518,-0.07232263829632418,-0.018796624256434243,-0.1375,0.1375,0.0
spiral_out_hltd_closed_loop_identity02_prompt_heldout_branch_surface_l4_5_7_k12_16_24_a04_08_12_s0_19,identity_stress,5,12,identity_stress__prompt_heldout,presence_plus_coexact,1.2,identity_02,1.0,1.0,0.01209677419354839,-0.007781247275100498,0.7488409980366159,0.0875,0.00044543236258812733,-0.685976183781315,-0.15944339229760746,-0.30560049739994455,-0.1,0.1125,-0.0125
spiral_out_hltd_closed_loop_identity02_prompt_heldout_branch_surface_l4_5_7_k12_16_24_a04_08_12_s0_19,identity_stress,5,16,identity_stress__prompt_heldout,coexact,0.4,identity_02,1.0,1.0,0.026209677419354843,-0.01570713203183326,-0.016601133638159026,0.3,0.10330872715133624,-0.003208165771253848,0.012123568436936068,-0.002454149784188362,-0.1625,0.1625,0.0
spiral_out_hltd_closed_loop_identity02_prompt_heldout_branch_surface_l4_5_7_k12_16_24_a04_08_12_s0_19,identity_stress,5,16,identity_stress__prompt_heldout,coexact,0.8,identity_02,1.0,1.0,0.02217741935483871,-0.013290650180781988,-0.005207256417159206,0.2125,0.19231409618536466,0.014222471035932568,0.01011044007636055,-0.014215147536238417,-0.1375,0.1375,0.0
spiral_out_hltd_closed_loop_identity02_prompt_heldout_branch_surface_l4_5_7_k12_16_24_a04_08_12_s0_19,identity_stress,5,16,identity_stress__prompt_heldout,coexact,1.2,identity_02,1.0,1.0,0.01209677419354839,-0.007781247275100498,0.7488409980366159,0.0875,0.09166642852733511,-0.6779088293168033,-0.008134715004941052,-0.2856810449676431,-0.1,0.1125,-0.0125
spiral_out_hltd_closed_loop_identity02_prompt_heldout_branch_surface_l4_5_7_k12_16_24_a04_08_12_s0_19,identity_stress,5,16,identity_stress__prompt_heldout,coexact_minus_presence,0.4,identity_02,1.0,1.0,-0.014112903225806453,0.008457686478679446,0.01692763490972986,-0.2,0.08985182917498975,0.018029859233317326,-0.00543986826983993,-0.0004517697848680827,0.0875,-0.0875,0.0
spiral_out_hltd_closed_loop_identity02_prompt_heldout_branch_surface_l4_5_7_k12_16_24_a04_08_12_s0_19,identity_stress,5,16,identity_stress__prompt_heldout,coexact_minus_presence,0.8,identity_02,1.0,1.0,-0.018145161290322585,0.010874168329730718,-0.02864717683411396,-0.0375,0.11357401803142689,0.08252752845755075,0.0511895561453477,0.0004321595247393312,0.1125,-0.1125,0.0
spiral_out_hltd_closed_loop_identity02_prompt_heldout_branch_surface_l4_5_7_k12_16_24_a04_08_12_s0_19,identity_stress,5,16,identity_stress__prompt_heldout,coexact_minus_presence,1.2,identity_02,1.0,1.0,-0.028225806451612906,0.01638357123541221,0.7254010776196611,-0.1625,0.16508156208612607,-0.6125392259721185,0.14580411996005396,-0.24875039280037275,0.15,-0.1375,-0.0125
spiral_out_hltd_closed_loop_identity02_prompt_heldout_branch_surface_l4_5_7_k12_16_24_a04_08_12_s0_19,identity_stress,5,16,identity_stress__prompt_heldout,negative_coexact,0.4,identity_02,1.0,1.0,-0.014112903225806453,0.008457686478679446,0.01692763490972986,-0.2,-0.07892228265280701,0.0021391278554553383,-0.04436288187197993,-0.001706555529887421,0.0875,-0.0875,0.0
spiral_out_hltd_closed_loop_identity02_prompt_heldout_branch_surface_l4_5_7_k12_16_24_a04_08_12_s0_19,identity_stress,5,16,identity_stress__prompt_heldout,negative_coexact,0.8,identity_02,1.0,1.0,0.02217741935483871,-0.013290650180781988,-0.005207256417159206,0.2125,-0.10739625450818542,-0.03856182770529735,-0.06874257030987682,-0.009423027334596913,-0.1375,0.1375,0.0
spiral_out_hltd_closed_loop_identity02_prompt_heldout_branch_surface_l4_5_7_k12_16_24_a04_08_12_s0_19,identity_stress,5,16,identity_stress__prompt_heldout,negative_coexact,1.2,identity_02,1.0,1.0,0.01209677419354839,-0.007781247275100498,0.7488409980366159,0.0875,-0.28126247391927267,-0.7721042257905577,-0.11559138531065974,-0.2750550883609295,-0.1,0.1125,-0.0125
spiral_out_hltd_closed_loop_identity02_prompt_heldout_branch_surface_l4_5_7_k12_16_24_a04_08_12_s0_19,identity_stress,5,16,identity_stress__prompt_heldout,presence,0.4,identity_02,1.0,1.0,0.026209677419354843,-0.01570713203183326,-0.016601133638159026,0.3,0.03971630167377434,-0.024651339540258,0.02949842656000807,-0.0009464570547429322,-0.1625,0.1625,0.0
spiral_out_hltd_closed_loop_identity02_prompt_heldout_branch_surface_l4_5_7_k12_16_24_a04_08_12_s0_19,identity_stress,5,16,identity_stress__prompt_heldout,presence,0.8,identity_02,1.0,1.0,0.02217741935483871,-0.013290650180781988,-0.005207256417159206,0.2125,0.0689767002607993,-0.04679385422869194,0.033940253913293986,-0.008418523190065641,-0.1375,0.1375,0.0
spiral_out_hltd_closed_loop_identity02_prompt_heldout_branch_surface_l4_5_7_k12_16_24_a04_08_12_s0_19,identity_stress,5,16,identity_stress__prompt_heldout,presence,1.2,identity_02,1.0,1.0,0.01209677419354839,-0.007781247275100498,0.7488409980366159,0.0875,-0.0010481925886958621,-0.8198421723996969,0.0008342731509366694,-0.27610831826738835,-0.1,0.1125,-0.0125
spiral_out_hltd_closed_loop_identity02_prompt_heldout_branch_surface_l4_5_7_k12_16_24_a04_08_12_s0_19,identity_stress,5,16,identity_stress__prompt_heldout,presence_plus_coexact,0.4,identity_02,1.0,1.0,0.026209677419354843,-0.01570713203183326,-0.016601133638159026,0.3,0.08038466803126637,-0.01901214871854005,0.028646332116579416,-0.0015842986649119675,-0.1625,0.1625,0.0
spiral_out_hltd_closed_loop_identity02_prompt_heldout_branch_surface_l4_5_7_k12_16_24_a04_08_12_s0_19,identity_stress,5,16,identity_stress__prompt_heldout,presence_plus_coexact,0.8,identity_02,1.0,1.0,0.02217741935483871,-0.013290650180781988,-0.005207256417159206,0.2125,0.13412849491959536,-0.025687680562988258,0.010938838778834495,-0.01300922312411774,-0.1375,0.1375,0.0
spiral_out_hltd_closed_loop_identity02_prompt_heldout_branch_surface_l4_5_7_k12_16_24_a04_08_12_s0_19,identity_stress,5,16,identity_stress__prompt_heldout,presence_plus_coexact,1.2,identity_02,1.0,1.0,0.01209677419354839,-0.007781247275100498,0.7488409980366159,0.0875,0.04068124877831453,-0.7498911749720254,-0.055703801627882285,-0.29331187282888893,-0.1,0.1125,-0.0125
spiral_out_hltd_closed_loop_identity02_prompt_heldout_branch_surface_l4_5_7_k12_16_24_a04_08_12_s0_19,identity_stress,5,24,identity_stress__prompt_heldout,coexact,0.4,identity_02,1.0,1.0,0.026209677419354843,-0.01570713203183326,-0.016601133638159026,0.3,0.08577112983424187,0.018692284617377875,-0.013910944009496332,-0.002334522902001395,-0.1625,0.1625,0.0
spiral_out_hltd_closed_loop_identity02_prompt_heldout_branch_surface_l4_5_7_k12_16_24_a04_08_12_s0_19,identity_stress,5,24,identity_stress__prompt_heldout,coexact,0.8,identity_02,1.0,1.0,0.02217741935483871,-0.013290650180781988,-0.005207256417159206,0.2125,0.14902202651183521,0.04729207866358854,0.0019610087383785347,-0.007882773175714617,-0.1375,0.1375,0.0
spiral_out_hltd_closed_loop_identity02_prompt_heldout_branch_surface_l4_5_7_k12_16_24_a04_08_12_s0_19,identity_stress,5,24,identity_stress__prompt_heldout,coexact,1.2,identity_02,1.0,1.0,0.01209677419354839,-0.007781247275100498,0.7488409980366159,0.0875,-0.03186756052757295,-0.6590420583685106,0.023747216191919326,-0.266599292458244,-0.1,0.1125,-0.0125
spiral_out_hltd_closed_loop_identity02_prompt_heldout_branch_surface_l4_5_7_k12_16_24_a04_08_12_s0_19,identity_stress,5,24,identity_stress__prompt_heldout,coexact_minus_presence,0.4,identity_02,1.0,1.0,-0.014112903225806453,0.008457686478679446,0.01692763490972986,-0.2,0.06552074969437284,0.039970183168330176,-0.0575950759546721,0.0002928796722580929,0.0875,-0.0875,0.0
spiral_out_hltd_closed_loop_identity02_prompt_heldout_branch_surface_l4_5_7_k12_16_24_a04_08_12_s0_19,identity_stress,5,24,identity_stress__prompt_heldout,coexact_minus_presence,0.8,identity_02,1.0,1.0,-0.018145161290322585,0.010874168329730718,0.02832151213072968,-0.2875,0.17870363980912313,0.07001499377896929,-0.030975445011787377,0.012274647059107881,0.1125,-0.1125,0.0
spiral_out_hltd_closed_loop_identity02_prompt_heldout_branch_surface_l4_5_7_k12_16_24_a04_08_12_s0_19,identity_stress,5,24,identity_stress__prompt_heldout,coexact_minus_presence,1.2,identity_02,1.0,1.0,-0.028225806451612906,0.01638357123541221,0.7254010776196611,-0.1625,0.25486160682218467,-0.5558136869162642,0.24205836539825082,-0.18296758507500024,0.15,-0.1375,-0.0125
spiral_out_hltd_closed_loop_identity02_prompt_heldout_branch_surface_l4_5_7_k12_16_24_a04_08_12_s0_19,identity_stress,5,24,identity_stress__prompt_heldout,negative_coexact,0.4,identity_02,1.0,1.0,-0.014112903225806453,0.008457686478679446,0.01692763490972986,-0.2,-0.08645718278717508,-0.012356811790107999,-0.005860786379558557,-0.001909594107462942,0.0875,-0.0875,0.0
spiral_out_hltd_closed_loop_identity02_prompt_heldout_branch_surface_l4_5_7_k12_16_24_a04_08_12_s0_19,identity_stress,5,24,identity_stress__prompt_heldout,negative_coexact,0.8,identity_02,1.0,1.0,-0.018145161290322585,0.010874168329730718,-0.02360414704895782,-0.0375,-0.23687078184640992,0.07298301285925424,-0.037672863093410315,-0.009740866580859618,0.1125,-0.1125,0.0
spiral_out_hltd_closed_loop_identity02_prompt_heldout_branch_surface_l4_5_7_k12_16_24_a04_08_12_s0_19,identity_stress,5,24,identity_stress__prompt_heldout,negative_coexact,1.2,identity_02,1.0,1.0,-0.028225806451612906,0.01638357123541221,0.7304441074048172,-0.1625,-0.21749674327327712,-0.5730670439497676,-0.009936845942584848,-0.2512928598876695,0.15,-0.1375,-0.0125
spiral_out_hltd_closed_loop_identity02_prompt_heldout_branch_surface_l4_5_7_k12_16_24_a04_08_12_s0_19,identity_stress,5,24,identity_stress__prompt_heldout,presence,0.4,identity_02,1.0,1.0,-0.014112903225806453,0.008457686478679446,0.01692763490972986,-0.2,0.007622090390356845,-0.059236359029624444,0.07064129720064272,-0.0004442657499889316,0.0875,-0.0875,0.0
spiral_out_hltd_closed_loop_identity02_prompt_heldout_branch_surface_l4_5_7_k12_16_24_a04_08_12_s0_19,identity_stress,5,24,identity_stress__prompt_heldout,presence,0.8,identity_02,1.0,1.0,-0.018145161290322585,0.010874168329730718,-0.02360414704895782,-0.0375,0.058215442155294284,0.03108340753249942,0.07178317869541948,-0.00608356198718612,0.1125,-0.1125,0.0
spiral_out_hltd_closed_loop_identity02_prompt_heldout_branch_surface_l4_5_7_k12_16_24_a04_08_12_s0_19,identity_stress,5,24,identity_stress__prompt_heldout,presence,1.2,identity_02,1.0,1.0,0.01209677419354839,-0.007781247275100498,0.5709444984028268,0.0875,0.12598889569159746,-0.6093554704762819,-0.08865149424560949,-0.2864561271154989,-0.1,0.1125,-0.0125
spiral_out_hltd_closed_loop_identity02_prompt_heldout_branch_surface_l4_5_7_k12_16_24_a04_08_12_s0_19,identity_stress,5,24,identity_stress__prompt_heldout,presence_plus_coexact,0.4,identity_02,1.0,1.0,0.026209677419354843,-0.01570713203183326,-0.016601133638159026,0.3,0.08615556712561094,-0.023643162761852205,0.02893501239968599,-0.0015376247678552718,-0.1625,0.1625,0.0
spiral_out_hltd_closed_loop_identity02_prompt_heldout_branch_surface_l4_5_7_k12_16_24_a04_08_12_s0_19,identity_stress,5,24,identity_stress__prompt_heldout,presence_plus_coexact,0.8,identity_02,1.0,1.0,0.02217741935483871,-0.013290650180781988,-0.005207256417159206,0.2125,0.16617051870298563,-0.02881061984892198,-0.0018530281334193511,-0.013525747172422975,-0.1375,0.1375,0.0
spiral_out_hltd_closed_loop_identity02_prompt_heldout_branch_surface_l4_5_7_k12_16_24_a04_08_12_s0_19,identity_stress,5,24,identity_stress__prompt_heldout,presence_plus_coexact,1.2,identity_02,1.0,1.0,0.01209677419354839,-0.007781247275100498,0.7488409980366159,0.0875,0.09936362461501064,-0.7464099645774606,-0.09140667493305218,-0.2959899475338798,-0.1,0.1125,-0.0125
spiral_out_hltd_closed_loop_identity02_prompt_heldout_branch_surface_l4_5_7_k12_16_24_a04_08_12_s0_19,identity_stress,7,12,identity_stress__prompt_heldout,coexact,0.4,identity_02,1.0,1.0,0.018145161290322585,-0.006982982191025344,-0.006193120864860546,0.225,0.10812263873743674,0.010983191967006433,-0.05593955161290073,0.0018538004507231373,-0.1125,0.1125,0.0
spiral_out_hltd_closed_loop_identity02_prompt_heldout_branch_surface_l4_5_7_k12_16_24_a04_08_12_s0_19,identity_stress,7,12,identity_stress__prompt_heldout,coexact,0.8,identity_02,1.0,1.0,0.014112903225806453,-0.005431208370797491,0.007840908333678343,0.1375,0.21923693169542702,0.02059471174015426,-0.17437599737754597,0.014103998704517978,-0.0875,0.0875,0.0
spiral_out_hltd_closed_loop_identity02_prompt_heldout_branch_surface_l4_5_7_k12_16_24_a04_08_12_s0_19,identity_stress,7,12,identity_stress__prompt_heldout,coexact,1.2,identity_02,1.0,1.0,6.938893903907229e-19,-0.004087132815792032,0.4025447141775702,-0.025,0.2582184120107297,-0.14921871399566275,-0.29523751460230074,-0.049758941962526046,-0.025,0.0375,-0.0125
spiral_out_hltd_closed_loop_identity02_prompt_heldout_branch_surface_l4_5_7_k12_16_24_a04_08_12_s0_19,identity_stress,7,12,identity_stress__prompt_heldout,coexact_minus_presence,0.4,identity_02,1.0,1.0,0.018145161290322585,-0.006982982191025344,-0.006193120864860546,0.225,0.1747778346954169,0.015227289228426585,-0.001142647245087934,0.0006559116586842554,-0.1125,0.1125,0.0
spiral_out_hltd_closed_loop_identity02_prompt_heldout_branch_surface_l4_5_7_k12_16_24_a04_08_12_s0_19,identity_stress,7,12,identity_stress__prompt_heldout,coexact_minus_presence,0.8,identity_02,1.0,1.0,0.014112903225806453,-0.005431208370797491,0.007840908333678343,0.1375,0.3319956799787194,0.018373547007320183,-0.023386174745735493,-0.003507114457546824,-0.0875,0.0875,0.0
spiral_out_hltd_closed_loop_identity02_prompt_heldout_branch_surface_l4_5_7_k12_16_24_a04_08_12_s0_19,identity_stress,7,12,identity_stress__prompt_heldout,coexact_minus_presence,1.2,identity_02,1.0,1.0,6.938893903907229e-19,-0.004087132815792032,0.5804412138113593,-0.025,0.4978058488506033,-0.4961265811700713,-0.049056326757844014,-0.13754429017185904,-0.025,0.0375,-0.0125
spiral_out_hltd_closed_loop_identity02_prompt_heldout_branch_surface_l4_5_7_k12_16_24_a04_08_12_s0_19,identity_stress,7,12,identity_stress__prompt_heldout,negative_coexact,0.4,identity_02,1.0,1.0,-0.02217741935483871,0.0085347560112532,0.02733564768302834,-0.275,-0.12438664925890383,-0.01755279916315617,-0.006481180189803734,-0.0031541308236924443,0.1375,-0.1375,0.0
spiral_out_hltd_closed_loop_identity02_prompt_heldout_branch_surface_l4_5_7_k12_16_24_a04_08_12_s0_19,identity_stress,7,12,identity_stress__prompt_heldout,negative_coexact,0.8,identity_02,1.0,1.0,-0.026209677419354843,0.010086529831481053,-0.015599012083276409,-0.1125,-0.296139066736827,0.08449625170423965,-0.0542945405855668,-0.017112953770224797,0.1625,-0.1625,0.0
spiral_out_hltd_closed_loop_identity02_prompt_heldout_branch_surface_l4_5_7_k12_16_24_a04_08_12_s0_19,identity_stress,7,12,identity_stress__prompt_heldout,negative_coexact,1.2,identity_02,1.0,1.0,-0.040322580645161296,0.011430605386486511,0.5570012933944045,-0.275,-0.4731465401628839,-0.3405114539278891,-0.1478155691375848,-0.16349725031373386,0.225,-0.2125,-0.0125
spiral_out_hltd_closed_loop_identity02_prompt_heldout_branch_surface_l4_5_7_k12_16_24_a04_08_12_s0_19,identity_stress,7,12,identity_stress__prompt_heldout,presence,0.4,identity_02,1.0,1.0,0.018145161290322585,-0.006982982191025344,-0.006193120864860546,0.225,-0.04253313167157603,-0.03650508985919456,-0.07264317801033464,0.0024321890046525756,-0.1125,0.1125,0.0
spiral_out_hltd_closed_loop_identity02_prompt_heldout_branch_surface_l4_5_7_k12_16_24_a04_08_12_s0_19,identity_stress,7,12,identity_stress__prompt_heldout,presence,0.8,identity_02,1.0,1.0,0.014112903225806453,-0.005431208370797491,-0.17005559130011072,0.1375,-0.02972552239003181,0.07130487704344761,-0.08610172636193196,0.011986771191965475,-0.0875,0.0875,0.0
spiral_out_hltd_closed_loop_identity02_prompt_heldout_branch_surface_l4_5_7_k12_16_24_a04_08_12_s0_19,identity_stress,7,12,identity_stress__prompt_heldout,presence,1.2,identity_02,1.0,1.0,6.938893903907229e-19,-0.004087132815792032,0.4025447141775702,-0.025,-0.12861987952175977,-0.2270971640680493,-0.2686661280056603,-0.09572318970033786,-0.025,0.0375,-0.0125
spiral_out_hltd_closed_loop_identity02_prompt_heldout_branch_surface_l4_5_7_k12_16_24_a04_08_12_s0_19,identity_stress,7,12,identity_stress__prompt_heldout,presence_plus_coexact,0.4,identity_02,1.0,1.0,0.018145161290322585,-0.006982982191025344,-0.006193120864860546,0.225,0.050806203094664514,-0.004718137287899535,-0.07232905993866523,0.003954937453478214,-0.1125,0.1125,0.0
spiral_out_hltd_closed_loop_identity02_prompt_heldout_branch_surface_l4_5_7_k12_16_24_a04_08_12_s0_19,identity_stress,7,12,identity_stress__prompt_heldout,presence_plus_coexact,0.8,identity_02,1.0,1.0,0.014112903225806453,-0.005431208370797491,0.007840908333678343,0.1375,0.1474653759773122,0.06056319729584773,-0.26510927793078964,0.024287000580447977,-0.0875,0.0875,0.0
spiral_out_hltd_closed_loop_identity02_prompt_heldout_branch_surface_l4_5_7_k12_16_24_a04_08_12_s0_19,identity_stress,7,12,identity_stress__prompt_heldout,presence_plus_coexact,1.2,identity_02,1.0,1.0,6.938893903907229e-19,-0.004087132815792032,0.4025447141775702,-0.025,-0.1254257407514284,-0.2525012962784146,-0.19058990810617243,0.004441861289124675,-0.025,0.0375,-0.0125
spiral_out_hltd_closed_loop_identity02_prompt_heldout_branch_surface_l4_5_7_k12_16_24_a04_08_12_s0_19,identity_stress,7,16,identity_stress__prompt_heldout,coexact,0.4,identity_02,1.0,1.0,0.018145161290322585,-0.006982982191025344,-0.006193120864860546,0.225,0.14915692215672655,0.003602696129113529,-0.028734110096836636,0.0008053997945268414,-0.1125,0.1125,0.0
spiral_out_hltd_closed_loop_identity02_prompt_heldout_branch_surface_l4_5_7_k12_16_24_a04_08_12_s0_19,identity_stress,7,16,identity_stress__prompt_heldout,coexact,0.8,identity_02,1.0,1.0,0.014112903225806453,-0.005431208370797491,0.007840908333678343,0.1375,0.30524460298063266,-0.000980378331861681,-0.09072226676548824,0.007177993762371162,-0.0875,0.0875,0.0
spiral_out_hltd_closed_loop_identity02_prompt_heldout_branch_surface_l4_5_7_k12_16_24_a04_08_12_s0_19,identity_stress,7,16,identity_stress__prompt_heldout,coexact,1.2,identity_02,1.0,1.0,6.938893903907229e-19,-0.004087132815792032,0.4025447141775702,-0.025,0.4076474012517891,-0.16370761152066465,-0.2787554620440015,-0.07408195363716721,-0.025,0.0375,-0.0125
spiral_out_hltd_closed_loop_identity02_prompt_heldout_branch_surface_l4_5_7_k12_16_24_a04_08_12_s0_19,identity_stress,7,16,identity_stress__prompt_heldout,coexact_minus_presence,0.4,identity_02,1.0,1.0,0.018145161290322585,-0.006982982191025344,-0.006193120864860546,0.225,0.20170826761792643,0.023779282559462458,0.005101450813533843,-0.0012120733432891885,-0.1125,0.1125,0.0
spiral_out_hltd_closed_loop_identity02_prompt_heldout_branch_surface_l4_5_7_k12_16_24_a04_08_12_s0_19,identity_stress,7,16,identity_stress__prompt_heldout,coexact_minus_presence,0.8,identity_02,1.0,1.0,0.014112903225806453,-0.005431208370797491,0.007840908333678343,0.1375,0.38632268340650533,0.04218301257037139,-0.014961105416560136,-0.010978432228788347,-0.0875,0.0875,0.0
spiral_out_hltd_closed_loop_identity02_prompt_heldout_branch_surface_l4_5_7_k12_16_24_a04_08_12_s0_19,identity_stress,7,16,identity_stress__prompt_heldout,coexact_minus_presence,1.2,identity_02,1.0,1.0,6.938893903907229e-19,-0.004087132815792032,0.5804412138113593,-0.025,0.5257056279282154,-0.4475049909114979,-0.04978772693336137,-0.1546456780160596,-0.025,0.0375,-0.0125
spiral_out_hltd_closed_loop_identity02_prompt_heldout_branch_surface_l4_5_7_k12_16_24_a04_08_12_s0_19,identity_stress,7,16,identity_stress__prompt_heldout,negative_coexact,0.4,identity_02,1.0,1.0,-0.02217741935483871,0.0085347560112532,0.02733564768302834,-0.275,-0.14810351433077604,0.0019131586881961347,-0.03778823928631066,-0.003780300480877595,0.1375,-0.1375,0.0
spiral_out_hltd_closed_loop_identity02_prompt_heldout_branch_surface_l4_5_7_k12_16_24_a04_08_12_s0_19,identity_stress,7,16,identity_stress__prompt_heldout,negative_coexact,0.8,identity_02,1.0,1.0,-0.026209677419354843,0.010086529831481053,-0.015599012083276409,-0.1125,-0.3603563025420248,0.11593667070990528,-0.11714874182211957,-0.019102005705357323,0.1625,-0.1625,0.0
spiral_out_hltd_closed_loop_identity02_prompt_heldout_branch_surface_l4_5_7_k12_16_24_a04_08_12_s0_19,identity_stress,7,16,identity_stress__prompt_heldout,negative_coexact,1.2,identity_02,1.0,1.0,-0.040322580645161296,0.011430605386486511,0.5570012933944045,-0.275,-0.6874954726851772,-0.27882227824088873,-0.24570812054601038,-0.16865670053508777,0.225,-0.2125,-0.0125
spiral_out_hltd_closed_loop_identity02_prompt_heldout_branch_surface_l4_5_7_k12_16_24_a04_08_12_s0_19,identity_stress,7,16,identity_stress__prompt_heldout,presence,0.4,identity_02,1.0,1.0,0.018145161290322585,-0.006982982191025344,-0.006193120864860546,0.225,-0.06576997678313834,-0.037205052469478486,-0.09027099214763103,0.004309336564706237,-0.1125,0.1125,0.0
spiral_out_hltd_closed_loop_identity02_prompt_heldout_branch_surface_l4_5_7_k12_16_24_a04_08_12_s0_19,identity_stress,7,16,identity_stress__prompt_heldout,presence,0.8,identity_02,1.0,1.0,0.014112903225806453,-0.005431208370797491,0.007840908333678343,0.1375,-0.06255932218162444,-0.0638071199851403,-0.20439284122466111,0.017759541435970336,-0.0875,0.0875,0.0
spiral_out_hltd_closed_loop_identity02_prompt_heldout_branch_surface_l4_5_7_k12_16_24_a04_08_12_s0_19,identity_stress,7,16,identity_stress__prompt_heldout,presence,1.2,identity_02,1.0,1.0,6.938893903907229e-19,-0.004087132815792032,0.4025447141775702,-0.025,-0.5038599421850184,-0.3735665449794972,-0.22787726351129836,0.012233125092886894,-0.025,0.0375,-0.0125
spiral_out_hltd_closed_loop_identity02_prompt_heldout_branch_surface_l4_5_7_k12_16_24_a04_08_12_s0_19,identity_stress,7,16,identity_stress__prompt_heldout,presence_plus_coexact,0.4,identity_02,1.0,1.0,0.018145161290322585,-0.006982982191025344,-0.006193120864860546,0.225,0.08036377284454718,-0.01109620784096847,-0.05213911714283922,0.003493161894229116,-0.1125,0.1125,0.0
spiral_out_hltd_closed_loop_identity02_prompt_heldout_branch_surface_l4_5_7_k12_16_24_a04_08_12_s0_19,identity_stress,7,16,identity_stress__prompt_heldout,presence_plus_coexact,0.8,identity_02,1.0,1.0,0.014112903225806453,-0.005431208370797491,0.007840908333678343,0.1375,0.21532006041089985,0.04293330908369555,-0.21685950762053138,0.022021024408728735,-0.0875,0.0875,0.0
spiral_out_hltd_closed_loop_identity02_prompt_heldout_branch_surface_l4_5_7_k12_16_24_a04_08_12_s0_19,identity_stress,7,16,identity_stress__prompt_heldout,presence_plus_coexact,1.2,identity_02,1.0,1.0,6.938893903907229e-19,-0.004087132815792032,0.4025447141775702,-0.025,-0.0432967081377814,-0.2849429032292939,-0.11843962422428114,-0.0019104543482959418,-0.025,0.0375,-0.0125
spiral_out_hltd_closed_loop_identity02_prompt_heldout_branch_surface_l4_5_7_k12_16_24_a04_08_12_s0_19,identity_stress,7,24,identity_stress__prompt_heldout,coexact,0.4,identity_02,1.0,1.0,0.018145161290322585,-0.006982982191025344,-0.006193120864860546,0.225,0.06841128761992496,0.028573389140421984,-0.040746607931145803,0.010651012236513708,-0.1125,0.1125,0.0
spiral_out_hltd_closed_loop_identity02_prompt_heldout_branch_surface_l4_5_7_k12_16_24_a04_08_12_s0_19,identity_stress,7,24,identity_stress__prompt_heldout,coexact,0.8,identity_02,1.0,1.0,0.014112903225806453,-0.005431208370797491,0.007840908333678343,0.1375,0.2153243511414372,0.027982752403824633,-0.13834046794216442,0.08877774726960472,-0.0875,0.0875,0.0
spiral_out_hltd_closed_loop_identity02_prompt_heldout_branch_surface_l4_5_7_k12_16_24_a04_08_12_s0_19,identity_stress,7,24,identity_stress__prompt_heldout,coexact,1.2,identity_02,1.0,1.0,-0.13709677419354838,0.021701791488096374,-1.161322437219158,0.475,0.23446782009054737,0.7475910967665016,-0.44364669749377017,0.372427450828509,0.225,-0.2125,-0.0125
spiral_out_hltd_closed_loop_identity02_prompt_heldout_branch_surface_l4_5_7_k12_16_24_a04_08_12_s0_19,identity_stress,7,24,identity_stress__prompt_heldout,coexact_minus_presence,0.4,identity_02,1.0,1.0,0.018145161290322585,-0.006982982191025344,-0.006193120864860546,0.225,0.13122339319219684,0.04280506023491453,-0.008891477201053953,0.004774032161368319,-0.1125,0.1125,0.0
spiral_out_hltd_closed_loop_identity02_prompt_heldout_branch_surface_l4_5_7_k12_16_24_a04_08_12_s0_19,identity_stress,7,24,identity_stress__prompt_heldout,coexact_minus_presence,0.8,identity_02,1.0,1.0,0.014112903225806453,-0.005431208370797491,0.007840908333678343,0.1375,0.2789398536252642,0.037643600308820864,0.011009862055262928,0.034363085582551,-0.0875,0.0875,0.0
spiral_out_hltd_closed_loop_identity02_prompt_heldout_branch_surface_l4_5_7_k12_16_24_a04_08_12_s0_19,identity_stress,7,24,identity_stress__prompt_heldout,coexact_minus_presence,1.2,identity_02,1.0,1.0,6.938893903907229e-19,-0.004087132815792032,0.5804412138113593,-0.025,0.2277719603282872,-0.5603381452802239,0.011211859456024023,0.014151150054647394,-0.025,0.0375,-0.0125
spiral_out_hltd_closed_loop_identity02_prompt_heldout_branch_surface_l4_5_7_k12_16_24_a04_08_12_s0_19,identity_stress,7,24,identity_stress__prompt_heldout,negative_coexact,0.4,identity_02,1.0,1.0,-0.02217741935483871,0.0085347560112532,0.02733564768302834,-0.275,-0.04012006881529248,0.000489506210036712,-0.008233220575183057,-0.0022642518051730564,0.1375,-0.1375,0.0
spiral_out_hltd_closed_loop_identity02_prompt_heldout_branch_surface_l4_5_7_k12_16_24_a04_08_12_s0_19,identity_stress,7,24,identity_stress__prompt_heldout,negative_coexact,0.8,identity_02,1.0,1.0,-0.026209677419354843,0.010086529831481053,-0.01055598229812027,-0.1125,-0.15336172107790452,0.059575364186949975,-0.07555879711406224,-0.018630085323113475,0.1625,-0.1625,0.0
spiral_out_hltd_closed_loop_identity02_prompt_heldout_branch_surface_l4_5_7_k12_16_24_a04_08_12_s0_19,identity_stress,7,24,identity_stress__prompt_heldout,negative_coexact,1.2,identity_02,1.0,1.0,-0.040322580645161296,0.011430605386486511,0.5620443231795607,-0.275,-0.3524665697694459,-0.3721664537532668,-0.22765517263026908,-0.17619635401641556,0.225,-0.2125,-0.0125
spiral_out_hltd_closed_loop_identity02_prompt_heldout_branch_surface_l4_5_7_k12_16_24_a04_08_12_s0_19,identity_stress,7,24,identity_stress__prompt_heldout,presence,0.4,identity_02,1.0,1.0,0.018145161290322585,-0.006982982191025344,-0.006193120864860546,0.225,-0.02957996531336351,-0.03829696063740047,-0.0766859036539685,0.007391767748684085,-0.1125,0.1125,0.0
spiral_out_hltd_closed_loop_identity02_prompt_heldout_branch_surface_l4_5_7_k12_16_24_a04_08_12_s0_19,identity_stress,7,24,identity_stress__prompt_heldout,presence,0.8,identity_02,1.0,1.0,0.014112903225806453,-0.005431208370797491,-0.17005559130011072,0.1375,0.016666787308623338,0.18672464009421785,-0.20570409261049422,0.034800640579457406,-0.0875,0.0875,0.0
spiral_out_hltd_closed_loop_identity02_prompt_heldout_branch_surface_l4_5_7_k12_16_24_a04_08_12_s0_19,identity_stress,7,24,identity_stress__prompt_heldout,presence,1.2,identity_02,1.0,1.0,6.938893903907229e-19,-0.004087132815792032,-0.03483893755582823,-0.025,-0.4762533378218198,-0.07200381615029698,-0.0942684360545622,0.14237640690700348,-0.025,0.0375,-0.0125
spiral_out_hltd_closed_loop_identity02_prompt_heldout_branch_surface_l4_5_7_k12_16_24_a04_08_12_s0_19,identity_stress,7,24,identity_stress__prompt_heldout,presence_plus_coexact,0.4,identity_02,1.0,1.0,0.018145161290322585,-0.006982982191025344,-0.006193120864860546,0.225,0.009065731898385984,0.012226604029368086,-0.06165304028904036,0.011764383220424734,-0.1125,0.1125,0.0
spiral_out_hltd_closed_loop_identity02_prompt_heldout_branch_surface_l4_5_7_k12_16_24_a04_08_12_s0_19,identity_stress,7,24,identity_stress__prompt_heldout,presence_plus_coexact,0.8,identity_02,1.0,1.0,0.014112903225806453,-0.005431208370797491,-0.17005559130011072,0.1375,0.060732654951928346,0.2662504756592682,-0.2512858716302031,0.08430326366503774,-0.0875,0.0875,0.0
spiral_out_hltd_closed_loop_identity02_prompt_heldout_branch_surface_l4_5_7_k12_16_24_a04_08_12_s0_19,identity_stress,7,24,identity_stress__prompt_heldout,presence_plus_coexact,1.2,identity_02,1.0,1.0,6.938893903907229e-19,-0.004087132815792032,0.4025447141775702,-0.025,0.01057853247119501,-0.6180530711836993,0.02909613046271926,0.3141713294005763,-0.025,0.0375,-0.0125
spiral_out_hltd_closed_loop_identity5_prompt_robust_l7_k16_a08,identity_stress,7,16,identity_stress,coexact,0.8,identity_01,1.0,1.0,-0.1764705882352941,0.018831424148623252,0.06362868752098905,-0.5,0.010097406617440408,0.08506570614670746,-0.31834073347885394,-0.023885863193259395,0.25,0.0,-0.25
spiral_out_hltd_closed_loop_identity5_prompt_robust_l7_k16_a08,identity_stress,7,16,identity_stress,coexact,0.8,identity_02,1.0,1.0,0.040322580645161296,-0.015524882797119915,-0.047687214766199304,0.5,0.6115677790704517,0.03440897905829133,0.028808269277678926,0.018432678611689825,-0.25,0.25,0.0
spiral_out_hltd_closed_loop_identity5_prompt_robust_l7_k16_a08,identity_stress,7,16,identity_stress,coexact,0.8,identity_03,1.0,1.0,-0.040322580645161296,0.015616603410744626,-0.33357435788544976,0.5,0.1298753246632277,0.20393835738538965,-0.20147290768187281,-0.00044294650088640055,0.25,-0.25,0.0
spiral_out_hltd_closed_loop_identity5_prompt_robust_l7_k16_a08,identity_stress,7,16,identity_stress,coexact,0.8,identity_04,1.0,1.0,0.0,0.0,0.0,0.0,-0.1254287010991888,0.10056856523738665,-0.1796022535356063,-0.0003444329302560731,0.0,0.0,0.0
spiral_out_hltd_closed_loop_identity5_prompt_robust_l7_k16_a08,identity_stress,7,16,identity_stress,coexact,0.8,identity_05,1.0,1.0,0.0,0.0,0.25,-0.25,0.1483450511791627,-0.2658790757231771,-0.1463970012065465,-0.01993044998204695,0.0,0.0,0.0
spiral_out_hltd_closed_loop_identity5_prompt_robust_l7_k16_a08,identity_stress,7,16,identity_stress,coexact_minus_presence,0.8,identity_01,1.0,1.0,-0.1764705882352941,0.018831424148623252,0.06362868752098905,-0.5,0.07867416291523793,0.09706472584534608,-0.31521034768513395,-0.019016324658457297,0.25,0.0,-0.25
spiral_out_hltd_closed_loop_identity5_prompt_robust_l7_k16_a08,identity_stress,7,16,identity_stress,coexact_minus_presence,0.8,identity_02,1.0,1.0,0.040322580645161296,-0.015524882797119915,-0.047687214766199304,0.5,0.7892749025942052,0.09256523171063337,0.0859593003490962,-0.0007398927624450245,-0.25,0.25,0.0
spiral_out_hltd_closed_loop_identity5_prompt_robust_l7_k16_a08,identity_stress,7,16,identity_stress,coexact_minus_presence,0.8,identity_03,1.0,1.0,0.0,0.0,0.0,0.0,0.1511163913244724,0.07375138682670013,-0.16588717208528592,-0.00547876992209585,0.0,0.0,0.0
spiral_out_hltd_closed_loop_identity5_prompt_robust_l7_k16_a08,identity_stress,7,16,identity_stress,coexact_minus_presence,0.8,identity_04,1.0,1.0,0.11607142857142856,-0.019691394388889352,-0.4077515723245746,0.5,-0.0434362610794648,0.11821668165274962,-0.042051210247739876,0.0089912732012258,0.0,-0.25,0.25
spiral_out_hltd_closed_loop_identity5_prompt_robust_l7_k16_a08,identity_stress,7,16,identity_stress,coexact_minus_presence,0.8,identity_05,1.0,1.0,0.0,0.0,0.0,0.0,0.37906020685078334,0.041134673653551994,-0.16574595626352942,-0.018542831065568817,0.0,0.0,0.0
spiral_out_hltd_closed_loop_identity5_prompt_robust_l7_k16_a08,identity_stress,7,16,identity_stress,presence,0.8,identity_01,1.0,1.0,-0.1764705882352941,0.018831424148623252,0.06362868752098905,-0.5,0.06135867185946231,0.13459972053819594,-0.38490165221634354,-0.030711900410130326,0.25,0.0,-0.25
spiral_out_hltd_closed_loop_identity5_prompt_robust_l7_k16_a08,identity_stress,7,16,identity_stress,presence,0.8,identity_02,1.0,1.0,0.040322580645161296,-0.015524882797119915,-0.047687214766199304,0.5,0.22741817956611457,-0.024591891006721767,-0.09200944671673905,0.02832830095984866,-0.25,0.25,0.0
spiral_out_hltd_closed_loop_identity5_prompt_robust_l7_k16_a08,identity_stress,7,16,identity_stress,presence,0.8,identity_03,1.0,1.0,0.0,0.0,0.0,0.0,-0.4142758985592403,0.11269599635573962,-0.1783952991717578,0.0208497546002995,0.0,0.0,0.0
spiral_out_hltd_closed_loop_identity5_prompt_robust_l7_k16_a08,identity_stress,7,16,identity_stress,presence,0.8,identity_04,1.0,1.0,0.0,0.0,0.0,0.0,-0.17167400438375016,0.23324878997980925,-0.3222423406390676,0.017328622488280924,0.0,0.0,0.0
spiral_out_hltd_closed_loop_identity5_prompt_robust_l7_k16_a08,identity_stress,7,16,identity_stress,presence,0.8,identity_05,1.0,1.0,0.0,0.0,0.25,-0.25,0.0007038765826866134,-0.35052902097646665,-0.02930418837715479,-0.018229316983983574,0.0,0.0,0.0
spiral_out_hltd_closed_loop_identity5_prompt_robust_l7_k16_a08,identity_stress,7,16,identity_stress,presence_plus_coexact,0.8,identity_01,1.0,1.0,-0.1764705882352941,0.018831424148623252,0.06362868752098905,-0.5,0.0039599939782875015,0.08757867882985337,-0.3338093845481157,-0.028087999707865723,0.25,0.0,-0.25
spiral_out_hltd_closed_loop_identity5_prompt_robust_l7_k16_a08,identity_stress,7,16,identity_stress,presence_plus_coexact,0.8,identity_02,1.0,1.0,0.040322580645161296,-0.015524882797119915,-0.047687214766199304,0.5,0.5501060270010134,0.08060506329622541,-0.10928931438536948,0.032698394979429835,-0.25,0.25,0.0
spiral_out_hltd_closed_loop_identity5_prompt_robust_l7_k16_a08,identity_stress,7,16,identity_stress,presence_plus_coexact,0.8,identity_03,1.0,1.0,0.008064516129032251,-0.0632787941925384,-0.0583284856479942,0.5,-0.21357852865994204,0.21276808698747374,-0.23432970912841575,0.011633521413237199,0.0,0.0,0.0
spiral_out_hltd_closed_loop_identity5_prompt_robust_l7_k16_a08,identity_stress,7,16,identity_stress,presence_plus_coexact,0.8,identity_04,1.0,1.0,0.0,0.0,0.0,0.0,-0.23233197508003658,0.2135177146688338,-0.2938192913257869,0.009237644512416748,0.0,0.0,0.0
spiral_out_hltd_closed_loop_identity5_prompt_robust_l7_k16_a08,identity_stress,7,16,identity_stress,presence_plus_coexact,0.8,identity_05,1.0,1.0,0.0,0.0,0.25,-0.25,-0.07163633691436219,-0.27179697824636057,-0.16100598767221216,-0.021722663163439574,0.0,0.0,0.0
spiral_out_hltd_closed_loop_k_pilot_l7_a08,ontology_collapse,7,12,ontology_collapse,coexact,0.8,ontology_03,1.0,1.0,0.3103448275862069,0.045972831799530184,-0.37595117132239153,1.0,0.1292250977297928,-0.058965423421110275,0.18509735328070523,0.023904413187591827,-0.5,0.0,0.5
spiral_out_hltd_closed_loop_k_pilot_l7_a08,ontology_collapse,7,12,ontology_collapse,coexact,0.8,ontology_05,1.0,1.0,0.0,0.0,0.0,0.0,0.19270528326039482,0.006918005520833343,0.08733907784650097,0.004054140406943452,0.0,0.0,0.0
spiral_out_hltd_closed_loop_k_pilot_l7_a08,ontology_collapse,7,12,ontology_collapse,coexact_minus_presence,0.8,ontology_03,1.0,1.0,0.3103448275862069,0.045972831799530184,-0.37595117132239153,1.0,0.17427623621500207,-0.07515158994075927,0.2603692903618161,0.029225591438577878,-0.5,0.0,0.5
spiral_out_hltd_closed_loop_k_pilot_l7_a08,ontology_collapse,7,12,ontology_collapse,coexact_minus_presence,0.8,ontology_05,1.0,1.0,0.0,0.0,0.0,0.0,0.43685806713521513,-0.01245894609822425,0.13510655636624974,0.004632805273551203,0.0,0.0,0.0
spiral_out_hltd_closed_loop_k_pilot_l7_a08,ontology_collapse,7,12,ontology_collapse,presence,0.8,ontology_03,1.0,1.0,0.0,0.029302944615894597,-0.37132493303599656,0.5,-0.3758738843592105,0.09212660386121746,0.09265708428022806,0.0114409650152156,0.0,0.0,0.0
spiral_out_hltd_closed_loop_k_pilot_l7_a08,ontology_collapse,7,12,ontology_collapse,presence,0.8,ontology_05,1.0,1.0,0.0,0.0,0.0,0.0,-0.1415560187443679,0.026437595318832045,-0.030702135643827743,0.011875804768546576,0.0,0.0,0.0
spiral_out_hltd_closed_loop_k_pilot_l7_a08,ontology_collapse,7,12,ontology_collapse,presence_plus_coexact,0.8,ontology_03,1.0,1.0,0.0,0.0,0.0,0.0,-0.19585816289657076,-0.028053868890204132,-0.008860957331215447,0.006732521028025299,0.0,0.0,0.0
spiral_out_hltd_closed_loop_k_pilot_l7_a08,ontology_collapse,7,12,ontology_collapse,presence_plus_coexact,0.8,ontology_05,1.0,1.0,0.0,0.0,0.0,0.0,0.04706349736075441,0.02501702626318285,0.04790757895507248,0.003926071654051575,0.0,0.0,0.0
spiral_out_hltd_closed_loop_k_pilot_l7_a08,ontology_collapse,7,16,ontology_collapse,coexact,0.8,ontology_03,1.0,1.0,0.3103448275862069,0.045972831799530184,-0.37595117132239153,1.0,0.09793027305639154,-0.0658720336892564,0.11525719222884283,0.0318654401492478,-0.5,0.0,0.5
spiral_out_hltd_closed_loop_k_pilot_l7_a08,ontology_collapse,7,16,ontology_collapse,coexact,0.8,ontology_05,1.0,1.0,0.0,0.0,0.0,0.0,0.13217322905551798,-0.053427636372051154,0.13229081756355196,0.010041086370228127,0.0,0.0,0.0
spiral_out_hltd_closed_loop_k_pilot_l7_a08,ontology_collapse,7,16,ontology_collapse,coexact_minus_presence,0.8,ontology_03,1.0,1.0,0.3103448275862069,0.045972831799530184,-0.37595117132239153,1.0,0.1366515157528292,-0.09840831500970278,0.1521605178417284,0.04068022835690275,-0.5,0.0,0.5
spiral_out_hltd_closed_loop_k_pilot_l7_a08,ontology_collapse,7,16,ontology_collapse,coexact_minus_presence,0.8,ontology_05,1.0,1.0,0.06250000000000001,0.011092832705342906,-1.0426601411210932,1.0,0.5013177721532545,0.2099091988237909,0.03820757225150838,0.0708079508958965,0.0,-0.25,0.25
spiral_out_hltd_closed_loop_k_pilot_l7_a08,ontology_collapse,7,16,ontology_collapse,presence,0.8,ontology_03,1.0,1.0,0.0,0.0,0.0,0.0,-0.47068035627866456,0.10231169731784819,-0.04380968649789945,0.0577433547748007,0.0,0.0,0.0
spiral_out_hltd_closed_loop_k_pilot_l7_a08,ontology_collapse,7,16,ontology_collapse,presence,0.8,ontology_05,1.0,1.0,0.0,0.0,0.0,0.0,-0.21075126231886637,0.045249936670375135,-0.040605313241908164,0.014135041681450949,0.0,0.0,0.0
spiral_out_hltd_closed_loop_k_pilot_l7_a08,ontology_collapse,7,16,ontology_collapse,presence_plus_coexact,0.8,ontology_03,1.0,1.0,0.0,0.0,0.0,0.0,-0.33203010926629256,0.002838529160552432,-0.003793682018982919,0.015591254518100074,0.0,0.0,0.0
spiral_out_hltd_closed_loop_k_pilot_l7_a08,ontology_collapse,7,16,ontology_collapse,presence_plus_coexact,0.8,ontology_05,1.0,1.0,0.0,0.0,0.0,0.0,-0.0818044490215222,-0.007806394238042601,0.08314165359310721,0.007888195465370477,0.0,0.0,0.0
spiral_out_hltd_closed_loop_k_pilot_l7_a08,ontology_collapse,7,24,ontology_collapse,coexact,0.8,ontology_03,1.0,1.0,0.3103448275862069,0.045972831799530184,-0.37595117132239153,1.0,0.27837758280541464,-0.00716471816681612,0.09106244652661083,0.05055022661567236,-0.5,0.0,0.5
spiral_out_hltd_closed_loop_k_pilot_l7_a08,ontology_collapse,7,24,ontology_collapse,coexact,0.8,ontology_05,1.0,1.0,-0.01785714285714285,-0.001990922412585805,-0.037067628652629026,0.5,0.3025202135074526,0.025499431671541138,0.07659529753287643,0.0216535324109473,0.0,0.0,0.0
spiral_out_hltd_closed_loop_k_pilot_l7_a08,ontology_collapse,7,24,ontology_collapse,coexact_minus_presence,0.8,ontology_03,1.0,1.0,0.3103448275862069,0.045972831799530184,-0.37595117132239153,1.0,0.27003998143805535,-0.1115808609715607,0.2545810088420743,0.06677361445882254,-0.5,0.0,0.5
spiral_out_hltd_closed_loop_k_pilot_l7_a08,ontology_collapse,7,24,ontology_collapse,coexact_minus_presence,0.8,ontology_05,1.0,1.0,0.06250000000000001,0.011092832705342906,-0.9489101411210932,1.0,0.3990395357990282,0.09600441937612915,0.11465212720966417,0.0800191794571656,0.0,-0.25,0.25
spiral_out_hltd_closed_loop_k_pilot_l7_a08,ontology_collapse,7,24,ontology_collapse,presence,0.8,ontology_03,1.0,1.0,0.0,0.0,0.0,0.0,-0.43796125045082374,0.10643760236811418,-0.03410946156672072,0.05475935917340148,0.0,0.0,0.0
spiral_out_hltd_closed_loop_k_pilot_l7_a08,ontology_collapse,7,24,ontology_collapse,presence,0.8,ontology_05,1.0,1.0,0.0,0.0,0.0,0.0,-0.23100404797336355,0.11836400568628311,-0.12989473573988083,0.019434589689953905,0.0,0.0,0.0
spiral_out_hltd_closed_loop_k_pilot_l7_a08,ontology_collapse,7,24,ontology_collapse,presence_plus_coexact,0.8,ontology_03,1.0,1.0,0.0,0.0,0.0,0.0,-0.33203010926629256,0.002838529160552432,-0.003793682018982919,0.015591254518100074,0.0,0.0,0.0
spiral_out_hltd_closed_loop_k_pilot_l7_a08,ontology_collapse,7,24,ontology_collapse,presence_plus_coexact,0.8,ontology_05,1.0,1.0,0.0,0.0,0.0,0.0,-0.12343971012673688,-0.04604566812261711,0.0864575660375258,0.012706033959789852,0.0,0.0,0.0
spiral_out_hltd_closed_loop_layer_pilot_l5_l8_a08,ontology_collapse,5,16,ontology_collapse,coexact,0.8,ontology_03,1.0,1.0,0.2844827586206896,0.01081929813888418,-0.37595117132239153,1.0,0.2913836193305929,-0.03130297302626418,0.06890894814762719,0.014037001324831749,-0.75,0.5,0.25
spiral_out_hltd_closed_loop_layer_pilot_l5_l8_a08,ontology_collapse,5,16,ontology_collapse,coexact,0.8,ontology_05,1.0,1.0,0.0,0.0,0.0,0.0,0.5286656531925766,-0.13883371516822104,0.3490067611897131,0.018181526694490625,0.0,0.0,0.0
spiral_out_hltd_closed_loop_layer_pilot_l5_l8_a08,ontology_collapse,5,16,ontology_collapse,coexact_minus_presence,0.8,ontology_03,1.0,1.0,0.2844827586206896,0.01081929813888418,-0.37595117132239153,1.0,0.3362819323685417,-0.10908087299934267,0.13094473155892897,0.02069242349682355,-0.75,0.5,0.25
spiral_out_hltd_closed_loop_layer_pilot_l5_l8_a08,ontology_collapse,5,16,ontology_collapse,coexact_minus_presence,0.8,ontology_05,1.0,1.0,0.035714285714285726,-0.006195244048688854,-0.9489101411210932,1.0,0.42941684751643855,0.12242836318450753,-0.017117510679665056,0.07168115789158461,0.25,-0.5,0.25
spiral_out_hltd_closed_loop_layer_pilot_l5_l8_a08,ontology_collapse,5,16,ontology_collapse,presence,0.8,ontology_03,1.0,1.0,0.07758620689655171,0.00791088099741355,-0.13694993303599645,0.5,0.06401424564534162,0.1061375898127963,-0.16764436720571435,0.017225353833155772,-0.25,0.25,0.0
spiral_out_hltd_closed_loop_layer_pilot_l5_l8_a08,ontology_collapse,5,16,ontology_collapse,presence,0.8,ontology_05,1.0,1.0,-0.04464285714285714,-0.00490752118858119,-0.037067628652629026,0.5,-0.04683613197252144,-0.1924631015222485,0.175863198948065,-0.010792060129722874,0.25,-0.25,0.0
spiral_out_hltd_closed_loop_layer_pilot_l5_l8_a08,ontology_collapse,5,16,ontology_collapse,presence_plus_coexact,0.8,ontology_03,1.0,1.0,0.07758620689655171,0.00791088099741355,-0.13694993303599645,0.5,-0.027358532102651698,0.11286380447396022,-0.13056336876037378,0.0148920586141098,-0.25,0.25,0.0
spiral_out_hltd_closed_loop_layer_pilot_l5_l8_a08,ontology_collapse,5,16,ontology_collapse,presence_plus_coexact,0.8,ontology_05,1.0,1.0,-0.04464285714285714,-0.00490752118858119,-0.037067628652629026,0.5,0.2513088409292177,-0.19026798901741546,0.26766199613511216,-0.008100978256254051,0.25,-0.25,0.0
spiral_out_hltd_closed_loop_layer_pilot_l5_l8_a08,ontology_collapse,6,16,ontology_collapse,coexact,0.8,ontology_03,1.0,1.0,0.2844827586206896,0.04692611851683298,-0.37595117132239153,1.0,0.1686863746222573,0.0725259770312014,0.1129293968292711,0.04957513914566155,-0.75,0.5,0.25
spiral_out_hltd_closed_loop_layer_pilot_l5_l8_a08,ontology_collapse,6,16,ontology_collapse,coexact,0.8,ontology_05,1.0,1.0,0.0,0.0,0.0,0.0,0.1727062965186925,-0.04810213034809503,0.16211631068690147,-0.003597570058082324,0.0,0.0,0.0
spiral_out_hltd_closed_loop_layer_pilot_l5_l8_a08,ontology_collapse,6,16,ontology_collapse,coexact_minus_presence,0.8,ontology_03,1.0,1.0,0.2844827586206896,0.04692611851683298,-0.37595117132239153,1.0,0.18053379486441298,0.06387438621235475,0.11733064615407576,0.03760889813106673,-0.75,0.5,0.25
spiral_out_hltd_closed_loop_layer_pilot_l5_l8_a08,ontology_collapse,6,16,ontology_collapse,coexact_minus_presence,0.8,ontology_05,1.0,1.0,0.0,0.0,0.0,0.0,0.6193193045162202,-0.06385825880491879,0.10549190288009974,-0.004362900581717575,0.0,0.0,0.0
spiral_out_hltd_closed_loop_layer_pilot_l5_l8_a08,ontology_collapse,6,16,ontology_collapse,presence,0.8,ontology_03,1.0,1.0,0.0,0.0,0.0,0.0,0.3851653747841941,0.16699069225400362,-0.12482059124867034,0.04135727966050922,0.0,0.0,0.0
spiral_out_hltd_closed_loop_layer_pilot_l5_l8_a08,ontology_collapse,6,16,ontology_collapse,presence,0.8,ontology_05,1.0,1.0,-0.04464285714285714,0.0013549244051530018,-0.037067628652629026,0.5,-0.05668508422776894,-0.20363911607111929,0.3674069377014211,-0.0035146778673475487,0.25,-0.25,0.0
spiral_out_hltd_closed_loop_layer_pilot_l5_l8_a08,ontology_collapse,6,16,ontology_collapse,presence_plus_coexact,0.8,ontology_03,1.0,1.0,0.07758620689655171,0.025884853766617574,-0.13694993303599645,0.5,-0.02659293857709865,0.06544194067562965,-0.030010656082275742,0.01119390445875635,-0.25,0.25,0.0
spiral_out_hltd_closed_loop_layer_pilot_l5_l8_a08,ontology_collapse,6,16,ontology_collapse,presence_plus_coexact,0.8,ontology_05,1.0,1.0,-0.04464285714285714,0.0013549244051530018,-0.037067628652629026,0.5,-0.022320786537997628,-0.2575443413289995,0.3396856581389322,0.010906367548394927,0.25,-0.25,0.0
spiral_out_hltd_closed_loop_layer_pilot_l5_l8_a08,ontology_collapse,7,16,ontology_collapse,coexact,0.8,ontology_03,1.0,1.0,0.3103448275862069,0.045972831799530184,-0.37595117132239153,1.0,0.09793027305639154,-0.0658720336892564,0.11525719222884283,0.0318654401492478,-0.5,0.0,0.5
spiral_out_hltd_closed_loop_layer_pilot_l5_l8_a08,ontology_collapse,7,16,ontology_collapse,coexact,0.8,ontology_05,1.0,1.0,0.0,0.0,0.0,0.0,0.13217322905551798,-0.053427636372051154,0.13229081756355196,0.010041086370228127,0.0,0.0,0.0
spiral_out_hltd_closed_loop_layer_pilot_l5_l8_a08,ontology_collapse,7,16,ontology_collapse,coexact_minus_presence,0.8,ontology_03,1.0,1.0,0.3103448275862069,0.045972831799530184,-0.37595117132239153,1.0,0.1366515157528292,-0.09840831500970278,0.1521605178417284,0.04068022835690275,-0.5,0.0,0.5
spiral_out_hltd_closed_loop_layer_pilot_l5_l8_a08,ontology_collapse,7,16,ontology_collapse,coexact_minus_presence,0.8,ontology_05,1.0,1.0,0.06250000000000001,0.011092832705342906,-1.0426601411210932,1.0,0.5013177721532545,0.2099091988237909,0.03820757225150838,0.0708079508958965,0.0,-0.25,0.25
spiral_out_hltd_closed_loop_layer_pilot_l5_l8_a08,ontology_collapse,7,16,ontology_collapse,presence,0.8,ontology_03,1.0,1.0,0.0,0.0,0.0,0.0,-0.47068035627866456,0.10231169731784819,-0.04380968649789945,0.0577433547748007,0.0,0.0,0.0
spiral_out_hltd_closed_loop_layer_pilot_l5_l8_a08,ontology_collapse,7,16,ontology_collapse,presence,0.8,ontology_05,1.0,1.0,0.0,0.0,0.0,0.0,-0.21075126231886637,0.045249936670375135,-0.040605313241908164,0.014135041681450949,0.0,0.0,0.0
spiral_out_hltd_closed_loop_layer_pilot_l5_l8_a08,ontology_collapse,7,16,ontology_collapse,presence_plus_coexact,0.8,ontology_03,1.0,1.0,0.0,0.0,0.0,0.0,-0.33203010926629256,0.002838529160552432,-0.003793682018982919,0.015591254518100074,0.0,0.0,0.0
spiral_out_hltd_closed_loop_layer_pilot_l5_l8_a08,ontology_collapse,7,16,ontology_collapse,presence_plus_coexact,0.8,ontology_05,1.0,1.0,0.0,0.0,0.0,0.0,-0.0818044490215222,-0.007806394238042601,0.08314165359310721,0.007888195465370477,0.0,0.0,0.0
spiral_out_hltd_closed_loop_layer_pilot_l5_l8_a08,ontology_collapse,8,16,ontology_collapse,coexact,0.8,ontology_03,1.0,1.0,0.3017241379310345,-0.0021139412727871204,-0.23900123828639508,0.5,-0.16923858755872678,-0.1064779237629203,0.35158157130495504,0.01958459907485865,-0.5,0.0,0.5
spiral_out_hltd_closed_loop_layer_pilot_l5_l8_a08,ontology_collapse,8,16,ontology_collapse,coexact,0.8,ontology_05,1.0,1.0,0.0,0.0,0.0,0.0,0.0199408085469086,0.0028970167410773302,0.004933077465822479,0.01960641158940405,0.0,0.0,0.0
spiral_out_hltd_closed_loop_layer_pilot_l5_l8_a08,ontology_collapse,8,16,ontology_collapse,coexact_minus_presence,0.8,ontology_03,1.0,1.0,0.3017241379310345,-0.0021139412727871204,-0.23900123828639508,0.5,-0.12545850459586935,-0.07629729052498391,0.32377238777244943,-0.007640670737231152,-0.5,0.0,0.5
spiral_out_hltd_closed_loop_layer_pilot_l5_l8_a08,ontology_collapse,8,16,ontology_collapse,coexact_minus_presence,0.8,ontology_05,1.0,1.0,0.0,0.0,0.0,0.0,0.41152672556311076,-0.052676519332505875,0.12899949042496528,0.027627884452350475,0.0,0.0,0.0
spiral_out_hltd_closed_loop_layer_pilot_l5_l8_a08,ontology_collapse,8,16,ontology_collapse,presence,0.8,ontology_03,1.0,1.0,0.0,0.0,0.0,0.0,-0.2036038631252814,-0.02054134966029509,0.10215326142008938,-0.027218248508778804,0.0,0.0,0.0
spiral_out_hltd_closed_loop_layer_pilot_l5_l8_a08,ontology_collapse,8,16,ontology_collapse,presence,0.8,ontology_05,1.0,1.0,0.0,0.0,0.0,0.0,-0.30281442014670557,-0.05018320160254053,0.02943847515770745,0.0100764755491703,0.0,0.0,0.0
spiral_out_hltd_closed_loop_layer_pilot_l5_l8_a08,ontology_collapse,8,16,ontology_collapse,presence_plus_coexact,0.8,ontology_03,1.0,1.0,0.3017241379310345,-0.0021139412727871204,-0.23900123828639508,0.5,-0.2846889695143579,-0.12937274385996742,0.2596022354655724,0.014110773670949022,-0.5,0.0,0.5
spiral_out_hltd_closed_loop_layer_pilot_l5_l8_a08,ontology_collapse,8,16,ontology_collapse,presence_plus_coexact,0.8,ontology_05,1.0,1.0,0.0,0.0,0.0,0.0,-0.23384181283279215,0.04138802644811722,-0.05692629262161336,0.016086479709812203,0.0,0.0,0.0
spiral_out_hltd_closed_loop_ontology5_prompt_robust_l7_k16_a08,ontology_collapse,7,16,ontology_collapse,coexact,0.8,ontology_01,1.0,1.0,0.0,0.0,0.0,0.0,-0.511765067077661,0.15854204966508695,-0.010394915619922479,-0.01750855609626045,0.0,0.0,0.0
spiral_out_hltd_closed_loop_ontology5_prompt_robust_l7_k16_a08,ontology_collapse,7,16,ontology_collapse,coexact,0.8,ontology_02,1.0,1.0,0.008928571428571425,-0.07447978351517895,-0.222812793700772,0.25,-0.3117930120611496,0.06429064254436409,-0.03090662446174236,0.016138931073926024,0.0,0.0,0.0
spiral_out_hltd_closed_loop_ontology5_prompt_robust_l7_k16_a08,ontology_collapse,7,16,ontology_collapse,coexact,0.8,ontology_03,1.0,1.0,0.3103448275862069,0.045972831799530184,-0.37595117132239153,1.0,0.09793027305639154,-0.0658720336892564,0.11525719222884283,0.0318654401492478,-0.5,0.0,0.5
spiral_out_hltd_closed_loop_ontology5_prompt_robust_l7_k16_a08,ontology_collapse,7,16,ontology_collapse,coexact,0.8,ontology_04,1.0,1.0,0.12931034482758622,-0.028930888153002668,-0.5396188869082401,0.5,0.6127898628823669,0.20237827644560896,0.012635460851627625,0.021850404973392898,-0.25,0.0,0.25
spiral_out_hltd_closed_loop_ontology5_prompt_robust_l7_k16_a08,ontology_collapse,7,16,ontology_collapse,coexact,0.8,ontology_05,1.0,1.0,0.0,0.0,0.0,0.0,0.13217322905551798,-0.053427636372051154,0.13229081756355196,0.010041086370228127,0.0,0.0,0.0
spiral_out_hltd_closed_loop_ontology5_prompt_robust_l7_k16_a08,ontology_collapse,7,16,ontology_collapse,coexact_minus_presence,0.8,ontology_01,1.0,1.0,0.0,0.0,0.0,0.0,-0.45188155591279877,0.16530994515923328,-0.036923562135321095,-0.020586350547424,0.0,0.0,0.0
spiral_out_hltd_closed_loop_ontology5_prompt_robust_l7_k16_a08,ontology_collapse,7,16,ontology_collapse,coexact_minus_presence,0.8,ontology_02,1.0,1.0,0.008928571428571425,-0.07447978351517895,-0.222812793700772,0.25,-0.2806296748037833,0.0384774379626016,0.053194674670291014,0.016200999152321427,0.0,0.0,0.0
spiral_out_hltd_closed_loop_ontology5_prompt_robust_l7_k16_a08,ontology_collapse,7,16,ontology_collapse,coexact_minus_presence,0.8,ontology_03,1.0,1.0,0.3103448275862069,0.045972831799530184,-0.37595117132239153,1.0,0.1366515157528292,-0.09840831500970278,0.1521605178417284,0.04068022835690275,-0.5,0.0,0.5
spiral_out_hltd_closed_loop_ontology5_prompt_robust_l7_k16_a08,ontology_collapse,7,16,ontology_collapse,coexact_minus_presence,0.8,ontology_04,1.0,1.0,0.12931034482758622,-0.028930888153002668,-0.5396188869082401,0.5,0.5609137998376162,0.14717035153959473,0.03375112563580368,0.014972034443945275,-0.25,0.0,0.25
spiral_out_hltd_closed_loop_ontology5_prompt_robust_l7_k16_a08,ontology_collapse,7,16,ontology_collapse,coexact_minus_presence,0.8,ontology_05,1.0,1.0,0.06250000000000001,0.011092832705342906,-1.0426601411210932,1.0,0.5013177721532545,0.2099091988237909,0.03820757225150838,0.0708079508958965,0.0,-0.25,0.25
spiral_out_hltd_closed_loop_ontology5_prompt_robust_l7_k16_a08,ontology_collapse,7,16,ontology_collapse,presence,0.8,ontology_01,1.0,1.0,0.0,0.0,0.0,0.0,-0.32597992780458895,0.13736440661370253,-0.12976620919146292,-0.0192143961126873,0.0,0.0,0.0
spiral_out_hltd_closed_loop_ontology5_prompt_robust_l7_k16_a08,ontology_collapse,7,16,ontology_collapse,presence,0.8,ontology_02,1.0,1.0,0.0,0.0,0.0625,-0.25,-0.2756613407692732,-0.0500543195896519,-0.025573184133238,-0.007359150259491901,0.0,0.0,0.0
spiral_out_hltd_closed_loop_ontology5_prompt_robust_l7_k16_a08,ontology_collapse,7,16,ontology_collapse,presence,0.8,ontology_03,1.0,1.0,0.0,0.0,0.0,0.0,-0.47068035627866456,0.10231169731784819,-0.04380968649789945,0.0577433547748007,0.0,0.0,0.0
spiral_out_hltd_closed_loop_ontology5_prompt_robust_l7_k16_a08,ontology_collapse,7,16,ontology_collapse,presence,0.8,ontology_04,1.0,1.0,0.0,0.0,0.0,0.0,0.21615145333093225,0.03993054105104931,-0.12277030662560227,-0.0044396064135649,0.0,0.0,0.0
spiral_out_hltd_closed_loop_ontology5_prompt_robust_l7_k16_a08,ontology_collapse,7,16,ontology_collapse,presence,0.8,ontology_05,1.0,1.0,0.0,0.0,0.0,0.0,-0.21075126231886637,0.045249936670375135,-0.040605313241908164,0.014135041681450949,0.0,0.0,0.0
spiral_out_hltd_closed_loop_ontology5_prompt_robust_l7_k16_a08,ontology_collapse,7,16,ontology_collapse,presence_plus_coexact,0.8,ontology_01,1.0,1.0,0.0,0.0,0.0,0.0,-0.5664396280908809,0.1441447388133526,-0.002008600829839443,-0.012773893968101673,0.0,0.0,0.0
spiral_out_hltd_closed_loop_ontology5_prompt_robust_l7_k16_a08,ontology_collapse,7,16,ontology_collapse,presence_plus_coexact,0.8,ontology_02,1.0,1.0,0.0,0.0,0.0625,-0.25,-0.5308560902503205,-0.1566674740196241,0.060906599625411256,-0.007540080112843949,0.0,0.0,0.0
spiral_out_hltd_closed_loop_ontology5_prompt_robust_l7_k16_a08,ontology_collapse,7,16,ontology_collapse,presence_plus_coexact,0.8,ontology_03,1.0,1.0,0.0,0.0,0.0,0.0,-0.33203010926629256,0.002838529160552432,-0.003793682018982919,0.015591254518100074,0.0,0.0,0.0
spiral_out_hltd_closed_loop_ontology5_prompt_robust_l7_k16_a08,ontology_collapse,7,16,ontology_collapse,presence_plus_coexact,0.8,ontology_04,1.0,1.0,0.12931034482758622,-0.028930888153002668,-0.6646188869082401,0.5,0.6460207381918736,0.38125620080360895,-0.03872844472512538,0.018001119760219324,-0.25,0.0,0.25
spiral_out_hltd_closed_loop_ontology5_prompt_robust_l7_k16_a08,ontology_collapse,7,16,ontology_collapse,presence_plus_coexact,0.8,ontology_05,1.0,1.0,0.0,0.0,0.0,0.0,-0.0818044490215222,-0.007806394238042601,0.08314165359310721,0.007888195465370477,0.0,0.0,0.0
spiral_out_hltd_closed_loop_ontology_alpha_narrow,ontology_collapse,7,16,ontology_collapse,coexact_minus_presence,0.6,ontology_05,0.0,0.0,,,,,,,,,,,
spiral_out_hltd_closed_loop_ontology_alpha_narrow,ontology_collapse,7,16,ontology_collapse,coexact_minus_presence,0.7,ontology_05,0.0,0.0,,,,,,,,,,,
spiral_out_hltd_closed_loop_ontology_alpha_narrow,ontology_collapse,7,16,ontology_collapse,coexact_minus_presence,0.8,ontology_05,0.0,0.0,,,,,,,,,,,
spiral_out_hltd_closed_loop_ontology_alpha_narrow,ontology_collapse,7,16,ontology_collapse,coexact_minus_presence,0.9,ontology_05,0.0,0.0,,,,,,,,,,,
spiral_out_hltd_closed_loop_ontology_alpha_sweep,ontology_collapse,7,16,ontology_collapse,coexact_minus_presence,0.25,ontology_05,0.0,0.0,,,,,,,,,,,
spiral_out_hltd_closed_loop_ontology_alpha_sweep,ontology_collapse,7,16,ontology_collapse,coexact_minus_presence,0.5,ontology_05,0.0,0.0,,,,,,,,,,,
spiral_out_hltd_closed_loop_ontology_alpha_sweep,ontology_collapse,7,16,ontology_collapse,coexact_minus_presence,1.0,ontology_05,0.0,0.0,,,,,,,,,,,
spiral_out_hltd_closed_loop_ontology_alpha_sweep,ontology_collapse,7,16,ontology_collapse,presence_plus_coexact,0.25,ontology_05,0.0,0.0,,,,,,,,,,,
spiral_out_hltd_closed_loop_ontology_alpha_sweep,ontology_collapse,7,16,ontology_collapse,presence_plus_coexact,0.5,ontology_05,0.0,0.0,,,,,,,,,,,
spiral_out_hltd_closed_loop_ontology_alpha_sweep,ontology_collapse,7,16,ontology_collapse,presence_plus_coexact,1.0,ontology_05,0.0,0.0,,,,,,,,,,,
spiral_out_hltd_closed_loop_ontology_tiny,ontology_collapse,7,16,ontology_collapse,coexact_minus_presence,1.0,ontology_05,0.0,0.0,,,,,,,,,,,
spiral_out_hltd_closed_loop_ontology_tiny,ontology_collapse,7,16,ontology_collapse,presence_plus_coexact,1.0,ontology_05,0.0,0.0,,,,,,,,,,,
spiral_out_hltd_closed_loop_reverse_exception_lk_probe_l5_l8_k12_k24_a08_s01,identity_stress,5,12,identity_stress,negative_coexact,0.8,identity_04,1.0,1.0,-0.05803571428571428,0.008373172771419787,0.2038757861622873,-0.25,0.2167020895305785,-0.03172312196816306,0.06395128450672405,-0.010177708429556412,0.0,0.125,-0.125
spiral_out_hltd_closed_loop_reverse_exception_lk_probe_l5_l8_k12_k24_a08_s01,identity_stress,5,16,identity_stress,negative_coexact,0.8,identity_04,1.0,1.0,0.05803571428571428,-0.008373172771419787,-0.2038757861622873,0.25,0.22855878410165636,0.1515775838849436,0.04563593168921459,-0.009708588019345363,0.0,-0.125,0.125
spiral_out_hltd_closed_loop_reverse_exception_lk_probe_l5_l8_k12_k24_a08_s01,identity_stress,5,24,identity_stress,negative_coexact,0.8,identity_04,1.0,1.0,0.05803571428571428,-0.008373172771419787,-0.2038757861622873,0.25,0.2245804631567458,0.23212828729050725,-0.04396637647318392,-0.007941733027372161,0.0,-0.125,0.125
spiral_out_hltd_closed_loop_reverse_exception_lk_probe_l5_l8_k12_k24_a08_s01,identity_stress,7,12,identity_stress,negative_coexact,0.8,identity_04,1.0,1.0,-0.05803571428571428,0.009845697194444676,0.2038757861622873,-0.25,0.24757617339913884,-0.011346801553084027,-0.05215685072441621,-0.021854211046741838,0.0,0.125,-0.125
spiral_out_hltd_closed_loop_reverse_exception_lk_probe_l5_l8_k12_k24_a08_s01,identity_stress,7,16,identity_stress,negative_coexact,0.8,identity_04,1.0,1.0,0.05803571428571428,-0.009845697194444676,-0.2038757861622873,0.25,0.48126402096277654,0.24222343164342497,-0.025656597267534928,-0.008436056149494614,0.0,-0.125,0.125
spiral_out_hltd_closed_loop_reverse_exception_lk_probe_l5_l8_k12_k24_a08_s01,identity_stress,7,24,identity_stress,negative_coexact,0.8,identity_04,1.0,1.0,0.05803571428571428,-0.009845697194444676,-0.2038757861622873,0.25,0.34475434888870704,0.1688316104172473,-0.08371051068530291,-0.02032427328106799,0.0,-0.125,0.125
spiral_out_hltd_closed_loop_reverse_exception_lk_probe_l5_l8_k12_k24_a08_s01,identity_stress,8,12,identity_stress,negative_coexact,0.8,identity_04,1.0,1.0,-0.05803571428571428,0.008386554758444062,0.2038757861622873,-0.25,-0.01779639611646172,0.22874006654800033,-0.34750639587215215,-0.014166683672130337,0.0,0.125,-0.125
spiral_out_hltd_closed_loop_reverse_exception_lk_probe_l5_l8_k12_k24_a08_s01,identity_stress,8,16,identity_stress,negative_coexact,0.8,identity_04,1.0,1.0,-0.05803571428571428,0.008386554758444062,0.2038757861622873,-0.25,0.004318994217387809,0.20246509497430515,-0.28660356362122175,-0.01598288239590929,0.0,0.125,-0.125
spiral_out_hltd_closed_loop_reverse_exception_lk_probe_l5_l8_k12_k24_a08_s01,identity_stress,8,24,identity_stress,negative_coexact,0.8,identity_04,1.0,1.0,-0.05803571428571428,0.008386554758444062,0.2038757861622873,-0.25,-0.04827846148502801,0.18588429814068627,-0.2601718877612606,-0.014016871415661963,0.0,0.125,-0.125
spiral_out_hltd_closed_loop_reverse_exception_lk_probe_l5_l8_k12_k24_a08_s01,ontology_collapse,5,12,ontology_collapse,negative_coexact,0.8,ontology_05,1.0,1.0,-0.04464285714285714,-0.00490752118858119,-0.037067628652629026,0.5,-0.0865139714045712,-0.05474959508043933,0.025200443765731995,0.0028393869059137504,0.25,-0.25,0.0
spiral_out_hltd_closed_loop_reverse_exception_lk_probe_l5_l8_k12_k24_a08_s01,ontology_collapse,5,16,ontology_collapse,negative_coexact,0.8,ontology_05,1.0,1.0,0.0,0.0,0.0,0.0,-0.12149279151586259,-0.09458571221116863,-0.0500730603046457,-0.002387320881896249,0.0,0.0,0.0
spiral_out_hltd_closed_loop_reverse_exception_lk_probe_l5_l8_k12_k24_a08_s01,ontology_collapse,5,24,ontology_collapse,negative_coexact,0.8,ontology_05,1.0,1.0,0.0,0.0,0.0,0.0,-0.09319112531338727,-0.08243028349430223,-0.04694476552359898,-0.0031313888149466246,0.0,0.0,0.0
spiral_out_hltd_closed_loop_reverse_exception_lk_probe_l5_l8_k12_k24_a08_s01,ontology_collapse,7,12,ontology_collapse,negative_coexact,0.8,ontology_05,1.0,1.0,-0.01785714285714285,-0.001990922412585805,-0.037067628652629026,0.5,0.10100924671152298,-0.266130834774442,0.18707305457102957,0.0161520381452911,0.0,0.0,0.0
spiral_out_hltd_closed_loop_reverse_exception_lk_probe_l5_l8_k12_k24_a08_s01,ontology_collapse,7,16,ontology_collapse,negative_coexact,0.8,ontology_05,1.0,1.0,-0.01785714285714285,-0.001990922412585805,-0.037067628652629026,0.5,0.152884263937323,-0.2515061606505337,0.1655547244879002,0.0138537429485931,0.0,0.0,0.0
spiral_out_hltd_closed_loop_reverse_exception_lk_probe_l5_l8_k12_k24_a08_s01,ontology_collapse,7,24,ontology_collapse,negative_coexact,0.8,ontology_05,1.0,1.0,-0.01785714285714285,-0.001990922412585805,-0.037067628652629026,0.5,0.2952658961495178,-0.23721991491867375,0.15272550000306936,0.01186956920074565,0.0,0.0,0.0
spiral_out_hltd_closed_loop_reverse_exception_lk_probe_l5_l8_k12_k24_a08_s01,ontology_collapse,8,12,ontology_collapse,negative_coexact,0.8,ontology_05,1.0,1.0,-0.01785714285714285,-0.010516928553229096,-0.037067628652629026,0.5,0.3822812222507643,-0.15913029956967684,0.16473905708347072,0.02341641309212899,0.0,0.0,0.0
spiral_out_hltd_closed_loop_reverse_exception_lk_probe_l5_l8_k12_k24_a08_s01,ontology_collapse,8,16,ontology_collapse,negative_coexact,0.8,ontology_05,1.0,1.0,-0.01785714285714285,-0.010516928553229096,-0.037067628652629026,0.5,0.4830477246297318,-0.15306366624628248,0.11867656148106416,0.01917913911275866,0.0,0.0,0.0
spiral_out_hltd_closed_loop_reverse_exception_lk_probe_l5_l8_k12_k24_a08_s01,ontology_collapse,8,24,ontology_collapse,negative_coexact,0.8,ontology_05,1.0,1.0,-0.01785714285714285,-0.010516928553229096,-0.037067628652629026,0.5,0.4838359499316639,-0.15111205928907445,0.10107561560772674,0.016897346492578312,0.0,0.0,0.0
spiral_out_hltd_closed_loop_reverse_identity04_passing_band_l5_l7_k16_k24_a08_s04,identity_stress,5,16,identity_stress,negative_coexact,0.8,identity_04,1.0,1.0,0.09285714285714285,-0.01339707643427166,-0.3262012578596597,0.4,0.1165885844004582,0.12097758584458093,0.10244127781370985,0.0022526911695371697,0.0,-0.2,0.2
spiral_out_hltd_closed_loop_reverse_identity04_passing_band_l5_l7_k16_k24_a08_s04,identity_stress,5,24,identity_stress,negative_coexact,0.8,identity_04,1.0,1.0,0.09285714285714285,-0.01339707643427166,-0.3262012578596597,0.4,0.11261026345554766,0.20152828925014457,0.012838969651311347,0.004019546161510371,0.0,-0.2,0.2
spiral_out_hltd_closed_loop_reverse_identity04_passing_band_l5_l7_k16_k24_a08_s04,identity_stress,7,16,identity_stress,negative_coexact,0.8,identity_04,1.0,1.0,0.09285714285714285,-0.01575311551111148,-0.3262012578596597,0.4,0.36303521358210566,0.2510099092118664,0.0012793833455424098,0.007985616088605225,0.0,-0.2,0.2
spiral_out_hltd_closed_loop_reverse_identity04_passing_band_l5_l7_k16_k24_a08_s04,identity_stress,7,24,identity_stress,negative_coexact,0.8,identity_04,1.0,1.0,0.09285714285714285,-0.01575311551111148,-0.3262012578596597,0.4,0.2265255415080362,0.17761808798568876,-0.05677453007222557,-0.0039026010429681498,0.0,-0.2,0.2
spiral_out_hltd_closed_loop_reverse_ontology05_passing_band_l7_l8_k12_k24_a08_s04,ontology_collapse,7,12,ontology_collapse,negative_coexact,0.8,ontology_05,1.0,1.0,-0.03035714285714285,-0.004209488953654386,0.1527143995715896,0.3,0.04578845632572622,-0.3391929632629568,0.16618538832431085,0.0013519966293590938,0.0,0.05,-0.05
spiral_out_hltd_closed_loop_reverse_ontology05_passing_band_l7_l8_k12_k24_a08_s04,ontology_collapse,7,16,ontology_collapse,negative_coexact,0.8,ontology_05,1.0,1.0,-0.03035714285714285,-0.004209488953654386,0.1527143995715896,0.3,0.09766347355152624,-0.3245682891390485,0.14466705824118148,-0.000946298567338906,0.0,0.05,-0.05
spiral_out_hltd_closed_loop_reverse_ontology05_passing_band_l7_l8_k12_k24_a08_s04,ontology_collapse,7,24,ontology_collapse,negative_coexact,0.8,ontology_05,1.0,1.0,-0.03035714285714285,-0.004209488953654386,0.1527143995715896,0.3,0.240045105763721,-0.3102820434071885,0.13183783375635066,-0.002930472315186357,0.0,0.05,-0.05
spiral_out_hltd_closed_loop_reverse_ontology05_passing_band_l7_l8_k12_k24_a08_s04,ontology_collapse,8,12,ontology_collapse,negative_coexact,0.8,ontology_05,1.0,1.0,-0.03035714285714285,-0.012096509721971753,0.14958939957158962,0.3,0.341099567145791,-0.2492015449088571,0.1902899955247303,0.0056973707900855345,0.0,0.05,-0.05
spiral_out_hltd_closed_loop_reverse_ontology05_passing_band_l7_l8_k12_k24_a08_s04,ontology_collapse,8,16,ontology_collapse,negative_coexact,0.8,ontology_05,1.0,1.0,-0.03035714285714285,-0.012096509721971753,0.14958939957158962,0.3,0.4418660695247585,-0.24313491158546277,0.14422749992232378,0.0014600968107152112,0.0,0.05,-0.05
spiral_out_hltd_closed_loop_reverse_ontology05_passing_band_l7_l8_k12_k24_a08_s04,ontology_collapse,8,24,ontology_collapse,negative_coexact,0.8,ontology_05,1.0,1.0,-0.03035714285714285,-0.012096509721971753,0.14958939957158962,0.3,0.4426542948266906,-0.2411833046282547,0.12662655404898637,-0.0008216958094651409,0.0,0.05,-0.05
spiral_out_hltd_closed_loop_seed_probe_affordance01_03_l7_k16_a08,affordance_stress,7,16,affordance_stress,coexact,0.8,affordance_01,1.0,1.0,0.0875,0.005319281317298119,-0.4993773825572191,0.4,0.027332349598225458,0.25344755338658337,-0.05708593805812123,-0.0004682005527031789,-0.2,0.0,0.2
spiral_out_hltd_closed_loop_seed_probe_affordance01_03_l7_k16_a08,affordance_stress,7,16,affordance_stress,coexact,0.8,affordance_03,1.0,1.0,0.015,-0.0026771387593757827,-0.0677468123548266,0.05,0.13859606447689268,-0.04784680828737252,0.04805127825685612,0.003810571637892884,-0.05,0.05,0.0
spiral_out_hltd_closed_loop_seed_probe_affordance01_03_l7_k16_a08,affordance_stress,7,16,affordance_stress,coexact_minus_presence,0.8,affordance_01,1.0,1.0,-0.021875,-0.0013298203293245297,0.07406309563930477,-0.1,-0.2385013632425558,-0.13161066102645488,0.24350596514046158,0.005622014621998018,0.05,0.0,-0.05
spiral_out_hltd_closed_loop_seed_probe_affordance01_03_l7_k16_a08,affordance_stress,7,16,affordance_stress,coexact_minus_presence,0.8,affordance_03,1.0,1.0,0.015,-0.0026771387593757827,-0.0677468123548266,0.05,0.30508439132997733,0.1036538832979396,-0.08324284603867617,0.006127379559800581,-0.05,0.05,0.0
spiral_out_hltd_closed_loop_seed_probe_affordance01_03_l7_k16_a08,affordance_stress,7,16,affordance_stress,presence,0.8,affordance_01,1.0,1.0,0.0875,0.005319281317298119,-0.2962523825572191,0.4,0.18912979605636202,-0.10308866995007707,-0.0815917851973805,0.056842525121670054,-0.2,0.0,0.2
spiral_out_hltd_closed_loop_seed_probe_affordance01_03_l7_k16_a08,affordance_stress,7,16,affordance_stress,presence,0.8,affordance_03,1.0,1.0,0.015,-0.0026771387593757827,-0.005246812354826602,0.05,-0.16557068843143666,-0.14246881040180312,0.12118394850129625,-0.019050725411748647,-0.05,0.05,0.0
spiral_out_hltd_closed_loop_seed_probe_affordance01_03_l7_k16_a08,affordance_stress,7,16,affordance_stress,presence_plus_coexact,0.8,affordance_01,1.0,1.0,0.0875,0.005319281317298119,-0.8431273825572191,0.4,0.16475259973002507,0.4938868191987728,-0.12067477583395467,0.05700833220461954,-0.2,0.0,0.2
spiral_out_hltd_closed_loop_seed_probe_affordance01_03_l7_k16_a08,affordance_stress,7,16,affordance_stress,presence_plus_coexact,0.8,affordance_03,1.0,1.0,0.015,-0.0026771387593757827,-0.005246812354826602,0.05,-0.16160242538879926,-0.14236529036615905,0.10066986150813424,-0.020218179100143792,-0.05,0.05,0.0
spiral_out_hltd_closed_loop_seed_probe_ontology01_05_l7_k16_a08,ontology_collapse,7,16,ontology_collapse,coexact,0.8,ontology_01,1.0,1.0,0.01290322580645161,0.0037284928174713848,-0.025533526196463187,0.05,-0.4878910131968396,-0.006846633594086093,0.08189568627615781,-0.019236304835608686,-0.05,0.05,0.0
spiral_out_hltd_closed_loop_seed_probe_ontology01_05_l7_k16_a08,ontology_collapse,7,16,ontology_collapse,coexact,0.8,ontology_05,1.0,1.0,-0.012500000000000002,-0.0022185665410685814,0.18978202822421864,-0.2,-0.1470741890227224,-0.05099791951698993,0.005775592679425773,-0.00939074271138393,0.0,0.05,-0.05
spiral_out_hltd_closed_loop_seed_probe_ontology01_05_l7_k16_a08,ontology_collapse,7,16,ontology_collapse,coexact_minus_presence,0.8,ontology_01,1.0,1.0,0.01290322580645161,0.0037284928174713848,-0.025533526196463187,0.05,-0.42800750203197735,-7.873809993977076e-05,0.055367039760759205,-0.022314099286772235,-0.05,0.05,0.0
spiral_out_hltd_closed_loop_seed_probe_ontology01_05_l7_k16_a08,ontology_collapse,7,16,ontology_collapse,coexact_minus_presence,0.8,ontology_05,1.0,1.0,0.05000000000000001,0.008874266164274325,-0.8528781128968745,0.8,0.22207035407501405,0.21233891567885213,-0.08830765263261782,0.05137612181428445,0.0,-0.2,0.2
spiral_out_hltd_closed_loop_seed_probe_ontology01_05_l7_k16_a08,ontology_collapse,7,16,ontology_collapse,presence,0.8,ontology_01,1.0,1.0,0.01290322580645161,0.0037284928174713848,-0.025533526196463187,0.05,-0.30210587392376753,-0.028024276645470518,-0.03747560729538262,-0.020942144852035535,-0.05,0.05,0.0
spiral_out_hltd_closed_loop_seed_probe_ontology01_05_l7_k16_a08,ontology_collapse,7,16,ontology_collapse,presence,0.8,ontology_05,1.0,1.0,-0.012500000000000002,-0.0022185665410685814,0.18978202822421864,-0.2,-0.48999868039710676,0.04767965352543636,-0.1671205381260344,-0.005296787400161107,0.0,0.05,-0.05
spiral_out_hltd_closed_loop_seed_probe_ontology01_05_l7_k16_a08,ontology_collapse,7,16,ontology_collapse,presence_plus_coexact,0.8,ontology_01,1.0,1.0,0.01290322580645161,0.0037284928174713848,-0.025533526196463187,0.05,-0.5425655742100595,-0.021243944445820444,0.09028200106624085,-0.01450164270744991,-0.05,0.05,0.0
spiral_out_hltd_closed_loop_seed_probe_ontology01_05_l7_k16_a08,ontology_collapse,7,16,ontology_collapse,presence_plus_coexact,0.8,ontology_05,1.0,1.0,-0.012500000000000002,-0.0022185665410685814,0.18978202822421864,-0.2,-0.36105186709976256,-0.005376677382981388,-0.043373571291018986,-0.01154363361624158,0.0,0.05,-0.05
spiral_out_hltd_closed_loop_seed_reuse_smoke,identity_stress,7,16,identity_stress,coexact,0.8,identity_02,1.0,1.0,0.0,0.0,0.0,0.0,0.30916105846491515,0.22439998412683335,-0.3373664466822206,-0.021482762632135947,0.0,0.0,0.0
spiral_out_hltd_closed_loop_sign_control_affordance01_03_l7_k16_a08,affordance_stress,7,16,affordance_stress,negative_coexact,0.8,affordance_01,1.0,1.0,-0.021875,-0.0013298203293245297,0.07406309563930477,-0.1,-0.03794220174929156,0.10478674792202566,-0.002026990296826603,-0.01625194081062138,0.05,0.0,-0.05
spiral_out_hltd_closed_loop_sign_control_affordance01_03_l7_k16_a08,affordance_stress,7,16,affordance_stress,negative_coexact,0.8,affordance_03,1.0,1.0,0.015,-0.0026771387593757827,-0.005246812354826602,0.05,-0.11704504486399972,-0.08004435748757782,0.07912710583644557,0.00522692394766988,-0.05,0.05,0.0
spiral_out_hltd_closed_loop_sign_control_identity02_ontology05_l7_k16_a08,identity_stress,7,16,identity_stress,negative_coexact,0.8,identity_02,1.0,1.0,-0.024193548387096777,0.009314929678271949,0.041112328859719584,-0.05,0.05991738890811003,0.10670277198801796,-0.1447543926322794,-0.01884027170548071,0.15,-0.15,0.0
spiral_out_hltd_closed_loop_sign_control_identity02_ontology05_l7_k16_a08,ontology_collapse,7,16,ontology_collapse,negative_coexact,0.8,ontology_05,1.0,1.0,-0.03035714285714285,-0.004209488953654386,0.1527143995715896,0.3,0.09766347355152624,-0.3245682891390485,0.14466705824118148,-0.000946298567338906,0.0,0.05,-0.05
spiral_out_hltd_closed_loop_sign_control_identity5_l7_k16_a08,identity_stress,7,16,identity_stress,negative_coexact,0.8,identity_01,1.0,1.0,-0.03529411764705882,0.0037662848297246505,0.01272573750419781,-0.1,0.01821292575099272,0.04514604555925572,-0.17042465842942867,-0.009309589352804376,0.05,0.0,-0.05
spiral_out_hltd_closed_loop_sign_control_identity5_l7_k16_a08,identity_stress,7,16,identity_stress,negative_coexact,0.8,identity_02,1.0,1.0,-0.024193548387096777,0.009314929678271949,0.041112328859719584,-0.05,0.05991738890811003,0.10670277198801796,-0.1447543926322794,-0.01884027170548071,0.15,-0.15,0.0
spiral_out_hltd_closed_loop_sign_control_identity5_l7_k16_a08,identity_stress,7,16,identity_stress,negative_coexact,0.8,identity_03,1.0,1.0,0.01612903225806452,-0.00624664136429785,0.1334297431541799,-0.2,-0.39427123529517644,0.19087131005881514,-0.15044407989790373,0.003966465278598544,-0.1,0.1,0.0
spiral_out_hltd_closed_loop_sign_control_identity5_l7_k16_a08,identity_stress,7,16,identity_stress,negative_coexact,0.8,identity_04,1.0,1.0,0.09285714285714285,-0.01575311551111148,-0.3262012578596597,0.4,0.36303521358210566,0.2510099092118664,0.0012793833455424098,0.007985616088605225,0.0,-0.2,0.2
spiral_out_hltd_closed_loop_sign_control_identity5_l7_k16_a08,identity_stress,7,16,identity_stress,negative_coexact,0.8,identity_05,1.0,1.0,0.0,0.0,0.05,-0.05,0.15624595337283315,-0.028135533790130295,0.02631647716448544,0.0010231683157103356,0.0,0.0,0.0
spiral_out_hltd_closed_loop_sign_control_ontology5_l7_k16_a08,ontology_collapse,7,16,ontology_collapse,negative_coexact,0.8,ontology_01,1.0,1.0,-0.05161290322580644,-0.014913971269885539,0.22713410478585275,-0.45,0.3721092903200468,0.10590579703013321,-0.1831820341987676,-0.010589630436894908,0.2,-0.2,0.0
spiral_out_hltd_closed_loop_sign_control_ontology5_l7_k16_a08,ontology_collapse,7,16,ontology_collapse,negative_coexact,0.8,ontology_02,1.0,1.0,-0.00357142857142857,0.02979191340607158,0.1516251174803088,-0.35,-0.019201609161384404,0.0902540692667692,-0.19060940276118493,-0.014307236352245862,0.0,0.0,0.0
spiral_out_hltd_closed_loop_sign_control_ontology5_l7_k16_a08,ontology_collapse,7,16,ontology_collapse,negative_coexact,0.8,ontology_03,1.0,1.0,-0.12413793103448276,-0.024249721642990992,0.1777704551361559,-0.5,-0.04965584059041108,0.06379165347410308,0.024700869429599585,0.021655605814508233,0.2,0.0,-0.2
spiral_out_hltd_closed_loop_sign_control_ontology5_l7_k16_a08,ontology_collapse,7,16,ontology_collapse,negative_coexact,0.8,ontology_04,1.0,1.0,0.0,0.0,0.0,0.0,-0.05514777562440075,0.18791169896678636,-0.17533496223690576,-0.00807675608461972,0.0,0.0,0.0
spiral_out_hltd_closed_loop_sign_control_ontology5_l7_k16_a08,ontology_collapse,7,16,ontology_collapse,negative_coexact,0.8,ontology_05,1.0,1.0,-0.03035714285714285,-0.004209488953654386,0.1527143995715896,0.3,0.09766347355152624,-0.3245682891390485,0.14466705824118148,-0.000946298567338906,0.0,0.05,-0.05
spiral_out_hltd_closed_loop_smoke_tiny,literal_stable,7,16,literal_stable,coexact_minus_presence,1.0,literal_01,0.0,0.0,,,,,,,,,,,
spiral_out_hltd_closed_loop_smoke_tiny,literal_stable,7,16,literal_stable,presence_plus_coexact,1.0,literal_01,0.0,0.0,,,,,,,,,,,
spiral_out_hltd_closed_loop_target_sensitivity_identity04_l7_k16_door_object_a08_s04,identity_stress,7,16,identity_door_object,negative_coexact,0.8,identity_04,1.0,1.0,0.09285714285714285,-0.01575311551111148,-0.3262012578596597,0.4,0.30988272054429933,0.2510099092118664,0.0012793833455424098,0.007985616088605225,0.0,-0.2,0.2
spiral_out_hltd_closed_loop_target_sensitivity_identity04_l7_k16_generic_control_a08_s04,identity_stress,7,16,identity_generic_control,negative_coexact,0.8,identity_04,1.0,1.0,0.09285714285714285,-0.01575311551111148,-0.3262012578596597,0.4,-0.4199234509706587,0.2510099092118664,0.0012793833455424098,0.007985616088605225,0.0,-0.2,0.2
spiral_out_hltd_closed_loop_target_sensitivity_identity04_l7_k16_mirror_mask_a08_s04,identity_stress,7,16,identity_mirror_mask,negative_coexact,0.8,identity_04,1.0,1.0,0.09285714285714285,-0.01575311551111148,-0.3262012578596597,0.4,0.3598654998365391,0.2510099092118664,0.0012793833455424098,0.007985616088605225,0.0,-0.2,0.2
spiral_out_hltd_closed_loop_target_sensitivity_ontology05_l8_k16_map_road_a08_s04,ontology_collapse,8,16,ontology_map_road,negative_coexact,0.8,ontology_05,1.0,1.0,-0.03035714285714285,-0.012096509721971753,0.14958939957158962,0.3,0.1843618858094089,-0.24313491158546277,0.14422749992232378,0.0014600968107152112,0.0,0.05,-0.05
spiral_out_hltd_closed_loop_target_sensitivity_ontology05_l8_k16_moon_celestial_a08_s04,ontology_collapse,8,16,ontology_moon_celestial,negative_coexact,0.8,ontology_05,1.0,1.0,-0.03035714285714285,-0.012096509721971753,0.14958939957158962,0.3,1.0779046230750555,-0.24313491158546277,0.14422749992232378,0.0014600968107152112,0.0,0.05,-0.05
spiral_out_hltd_closed_loop_target_sensitivity_ontology05_l8_k16_surreal_control_a08_s04,ontology_collapse,8,16,ontology_surreal_control,negative_coexact,0.8,ontology_05,1.0,1.0,-0.03035714285714285,-0.012096509721971753,0.14958939957158962,0.3,-0.42710096462450053,-0.24313491158546277,0.14422749992232378,0.0014600968107152112,0.0,0.05,-0.05
