source_id,family,layer,k,target_set,component,alpha,phase,occupancy,position_frac,nearest_distance,active_rate,baseline_token_mismatch,next_token_base_logprob,target_margin_delta,next_token_logprob_gain,entropy_delta,kl_base_to_steered,n_prompts,n_visited_prompts,n_active_prompts,n_prompts_target_margin_delta,n_prompts_next_token_logprob_gain,n_prompts_entropy_delta,n_prompts_kl_base_to_steered
spiral_out_hltd_branch_band_runs/07__identity_stress__coexact__l4_5_7__k16__a0p8__s0_4,identity_stress,4,16,identity_stress,baseline,0.0,all,1.0,0.2846604770940634,0.2496465199488415,0.0,0.0,-1.2848116554340627,,,,,5,5,0,0,0,0,0
spiral_out_hltd_branch_band_runs/07__identity_stress__coexact__l4_5_7__k16__a0p8__s0_4,identity_stress,4,16,identity_stress,baseline,0.0,early,0.6,0.22520217764525166,0.2529977481204195,0.0,0.0,-1.3162615436709817,,,,,5,3,0,0,0,0,0
spiral_out_hltd_branch_band_runs/07__identity_stress__coexact__l4_5_7__k16__a0p8__s0_4,identity_stress,4,16,identity_stress,baseline,0.0,late,0.0,,,,,,,,,,5,0,0,0,0,0,0
spiral_out_hltd_branch_band_runs/07__identity_stress__coexact__l4_5_7__k16__a0p8__s0_4,identity_stress,4,16,identity_stress,baseline,0.0,middle,0.4,0.37384792626728114,0.24461967769147452,0.0,0.0,-1.2376368230786845,,,,,5,2,0,0,0,0,0
spiral_out_hltd_branch_band_runs/07__identity_stress__coexact__l4_5_7__k16__a0p8__s0_4,identity_stress,4,16,identity_stress,coexact,0.8,all,1.0,0.3120798319327731,0.2436148609178212,1.0,0.15,-1.3421475971319219,-0.009510514702324939,0.022734705740402907,0.08397485125742199,0.016443316054744524,5,5,5,5,5,5,5
spiral_out_hltd_branch_band_runs/07__identity_stress__coexact__l4_5_7__k16__a0p8__s0_4,identity_stress,4,16,identity_stress,coexact,0.8,early,0.55,0.22520217764525166,0.24501960957409133,1.0,0.19444444444444442,-1.3086434556948554,0.02873759277937662,0.044879605381540975,0.06159437622648226,0.011048482289481984,5,3,3,3,3,3,3
spiral_out_hltd_branch_band_runs/07__identity_stress__coexact__l4_5_7__k16__a0p8__s0_4,identity_stress,4,16,identity_stress,coexact,0.8,late,0.05,0.8064516129032258,0.2247634007792023,1.0,1.0,-2.145026576387636,-0.0972374568264768,-0.0751156080956292,0.0429596401582159,0.0137893939778012,5,1,1,1,1,1,1
spiral_out_hltd_branch_band_runs/07__identity_stress__coexact__l4_5_7__k16__a0p8__s0_4,identity_stress,4,16,identity_stress,coexact,0.8,middle,0.4,0.37384792626728114,0.24461967769147452,1.0,0.0,-1.2376368230786845,-0.025438732737074646,-0.009628442664736885,0.1316883589900567,0.0237406455144618,5,2,2,2,2,2,2
spiral_out_hltd_branch_band_runs/07__identity_stress__coexact__l4_5_7__k16__a0p8__s0_4,identity_stress,4,16,identity_stress,random_tangent,0.8,all,1.0,0.31484480889129846,0.2411771140838252,1.0,0.2,-1.3926819626697,-0.04255342967302571,-0.023362684441696657,0.11095040318356546,0.018337906710286424,5,5,5,5,5,5,5
spiral_out_hltd_branch_band_runs/07__identity_stress__coexact__l4_5_7__k16__a0p8__s0_4,identity_stress,4,16,identity_stress,random_tangent,0.8,early,0.6,0.21728873000813229,0.26871803891679535,1.0,0.3,-1.6199621505523223,-0.08077209976597047,-0.03470012546754889,0.0904806943200201,0.016626947060088833,5,4,4,4,4,4,4
spiral_out_hltd_branch_band_runs/07__identity_stress__coexact__l4_5_7__k16__a0p8__s0_4,identity_stress,4,16,identity_stress,random_tangent,0.8,late,0.06999999999999999,0.8317972350230414,0.2253212068052001,1.0,1.0,-2.8669963473216313,0.14772982443143728,0.21790032777906454,-0.041207839663353604,0.02845535396938886,5,2,2,2,2,2,2
spiral_out_hltd_branch_band_runs/07__identity_stress__coexact__l4_5_7__k16__a0p8__s0_4,identity_stress,4,16,identity_stress,random_tangent,0.8,middle,0.32999999999999996,0.37384792626728114,0.22262007840353548,1.0,0.23333333333333334,-1.1268302497444467,-0.06325533769357174,-0.05881814134878973,0.19211413230594127,0.02243345191101533,5,2,2,2,2,2,2
spiral_out_hltd_branch_band_runs/07__identity_stress__coexact__l4_5_7__k16__a0p8__s0_4,identity_stress,5,16,identity_stress,baseline,0.0,all,1.0,0.2846604770940634,0.26908930728830194,0.0,0.0,-1.2848116554340627,,,,,5,5,0,0,0,0,0
spiral_out_hltd_branch_band_runs/07__identity_stress__coexact__l4_5_7__k16__a0p8__s0_4,identity_stress,5,16,identity_stress,baseline,0.0,early,0.6,0.22520217764525166,0.2669346512503564,0.0,0.0,-1.3162615436709817,,,,,5,3,0,0,0,0,0
spiral_out_hltd_branch_band_runs/07__identity_stress__coexact__l4_5_7__k16__a0p8__s0_4,identity_stress,5,16,identity_stress,baseline,0.0,late,0.0,,,,,,,,,,5,0,0,0,0,0,0
spiral_out_hltd_branch_band_runs/07__identity_stress__coexact__l4_5_7__k16__a0p8__s0_4,identity_stress,5,16,identity_stress,baseline,0.0,middle,0.4,0.37384792626728114,0.27232129134522015,0.0,0.0,-1.2376368230786845,,,,,5,2,0,0,0,0,0
spiral_out_hltd_branch_band_runs/07__identity_stress__coexact__l4_5_7__k16__a0p8__s0_4,identity_stress,5,16,identity_stress,coexact,0.8,all,1.0,0.2846604770940634,0.26498512085549303,1.0,0.2,-1.3576277456448742,0.02926338287275489,-0.039419009066595456,0.1314469968825345,0.02270155369649968,5,5,5,5,5,5,5
spiral_out_hltd_branch_band_runs/07__identity_stress__coexact__l4_5_7__k16__a0p8__s0_4,identity_stress,5,16,identity_stress,coexact,0.8,early,0.6,0.21728873000813229,0.2881156515985618,1.0,0.3333333333333333,-1.5923616301653438,0.041648038018285156,-0.07378384199147622,0.13096285442721906,0.019692145911856307,5,4,4,4,4,4,4
spiral_out_hltd_branch_band_runs/07__identity_stress__coexact__l4_5_7__k16__a0p8__s0_4,identity_stress,5,16,identity_stress,coexact,0.8,late,0.0,,,,,,,,,,5,0,0,0,0,0,0
spiral_out_hltd_branch_band_runs/07__identity_stress__coexact__l4_5_7__k16__a0p8__s0_4,identity_stress,5,16,identity_stress,coexact,0.8,middle,0.4,0.3890168970814132,0.25947015103456245,1.0,0.4444444444444444,-1.516727981801111,0.012757987239873814,-0.004506590277648601,0.13614989698552069,0.02257635337913048,5,3,3,3,3,3,3
spiral_out_hltd_branch_band_runs/07__identity_stress__coexact__l4_5_7__k16__a0p8__s0_4,identity_stress,5,16,identity_stress,random_tangent,0.8,all,1.0,0.29394619137977773,0.26609827299762207,1.0,0.12000000000000002,-1.3479614777653455,-0.003324274055076637,-0.028572725115356516,0.09867027455946971,0.02021717263366477,5,5,5,5,5,5,5
spiral_out_hltd_branch_band_runs/07__identity_stress__coexact__l4_5_7__k16__a0p8__s0_4,identity_stress,5,16,identity_stress,random_tangent,0.8,early,0.6,0.21728873000813229,0.2919432791450033,1.0,0.2833333333333333,-1.6337624107458115,-0.07311386434340128,-0.036457391197204626,0.12188775569569257,0.026712199083118195,5,4,4,4,4,4,4
spiral_out_hltd_branch_band_runs/07__identity_stress__coexact__l4_5_7__k16__a0p8__s0_4,identity_stress,5,16,identity_stress,random_tangent,0.8,late,0.02,0.8571428571428571,0.3032898532424327,1.0,1.0,-3.6856191028747673,-0.4672467240084592,-0.007297804366906753,0.10729020819497755,0.053207281899841544,5,1,1,1,1,1,1
spiral_out_hltd_branch_band_runs/07__identity_stress__coexact__l4_5_7__k16__a0p8__s0_4,identity_stress,5,16,identity_stress,random_tangent,0.8,middle,0.38,0.38901689708141324,0.26212970919717843,1.0,0.4222222222222222,-1.5008273404988666,-0.04439778151068039,-0.09373153407830137,0.08980954532668113,0.025966751326356365,5,3,3,3,3,3,3
spiral_out_hltd_branch_band_runs/07__identity_stress__coexact__l4_5_7__k16__a0p8__s0_4,identity_stress,7,16,identity_stress,baseline,0.0,all,1.0,0.2846604770940634,0.2864447271361,0.0,0.0,-1.2848116554340627,,,,,5,5,0,0,0,0,0
spiral_out_hltd_branch_band_runs/07__identity_stress__coexact__l4_5_7__k16__a0p8__s0_4,identity_stress,7,16,identity_stress,baseline,0.0,early,0.6,0.22520217764525166,0.28792662532969304,0.0,0.0,-1.3162615436709817,,,,,5,3,0,0,0,0,0
spiral_out_hltd_branch_band_runs/07__identity_stress__coexact__l4_5_7__k16__a0p8__s0_4,identity_stress,7,16,identity_stress,baseline,0.0,late,0.0,,,,,,,,,,5,0,0,0,0,0,0
spiral_out_hltd_branch_band_runs/07__identity_stress__coexact__l4_5_7__k16__a0p8__s0_4,identity_stress,7,16,identity_stress,baseline,0.0,middle,0.4,0.37384792626728114,0.2842218798457104,0.0,0.0,-1.2376368230786845,,,,,5,2,0,0,0,0,0
spiral_out_hltd_branch_band_runs/07__identity_stress__coexact__l4_5_7__k16__a0p8__s0_4,identity_stress,7,16,identity_stress,coexact,0.8,all,1.0,0.2846604770940634,0.28648046944719624,1.0,0.2,-1.3576277456448742,0.025349202840280905,-0.02945560106122152,0.0398373204410835,0.02913361019939135,5,5,5,5,5,5,5
spiral_out_hltd_branch_band_runs/07__identity_stress__coexact__l4_5_7__k16__a0p8__s0_4,identity_stress,7,16,identity_stress,coexact,0.8,early,0.6,0.21728873000813229,0.31309960699837913,1.0,0.3333333333333333,-1.5923616301653438,0.07952178472186065,0.004004250610235785,0.03367503456921882,0.02945040050556205,5,4,4,4,4,4,4
spiral_out_hltd_branch_band_runs/07__identity_stress__coexact__l4_5_7__k16__a0p8__s0_4,identity_stress,7,16,identity_stress,coexact,0.8,late,0.0,,,,,,,,,,5,0,0,0,0,0,0
spiral_out_hltd_branch_band_runs/07__identity_stress__coexact__l4_5_7__k16__a0p8__s0_4,identity_stress,7,16,identity_stress,coexact,0.8,middle,0.4,0.3890168970814132,0.2861316980683003,1.0,0.4444444444444444,-1.516727981801111,0.022663092417783897,-0.06926066472392238,0.012572220244540444,0.053969950331337085,5,3,3,3,3,3,3
spiral_out_hltd_branch_band_runs/07__identity_stress__coexact__l4_5_7__k16__a0p8__s0_4,identity_stress,7,16,identity_stress,random_tangent,0.8,all,1.0,0.30261791813499594,0.283497649216743,1.0,0.18,-1.3749715273941563,0.01629705885796298,-0.02085467162772438,0.12761089950603852,0.031206797260702458,5,5,5,5,5,5,5
spiral_out_hltd_branch_band_runs/07__identity_stress__coexact__l4_5_7__k16__a0p8__s0_4,identity_stress,7,16,identity_stress,random_tangent,0.8,early,0.58,0.21728873000813229,0.3144331024305136,1.0,0.3416666666666667,-1.6246384252395192,0.086611191777064,-0.029859498135848685,0.1266162957491142,0.03078854021904373,5,4,4,4,4,4,4
spiral_out_hltd_branch_band_runs/07__identity_stress__coexact__l4_5_7__k16__a0p8__s0_4,identity_stress,7,16,identity_stress,random_tangent,0.8,late,0.030000000000000006,0.8697478991596639,0.3238101221394485,1.0,1.0,-3.0179411224499617,-0.8625821561788962,-0.013662042774555516,0.33594151043393206,0.10992744562333268,5,2,2,2,2,2,2
spiral_out_hltd_branch_band_runs/07__identity_stress__coexact__l4_5_7__k16__a0p8__s0_4,identity_stress,7,16,identity_stress,random_tangent,0.8,middle,0.39,0.38901689708141324,0.28650490110356963,1.0,0.4222222222222222,-1.5798924514472175,-0.0939634820861744,-0.02964675497942622,0.17908806305291167,0.0502211202773101,5,3,3,3,3,3,3
spiral_out_hltd_closed_loop_affordance5_prompt_robust_l7_k16_a08,affordance_stress,7,16,affordance_stress,baseline,0.0,all,1.0,0.3153188728216537,0.2792919507098751,0.0,0.0,-1.2847043658457484,,,,,5,5,0,0,0,0,0
spiral_out_hltd_closed_loop_affordance5_prompt_robust_l7_k16_a08,affordance_stress,7,16,affordance_stress,baseline,0.0,early,0.9,0.2627919911012236,0.26452637862434425,0.0,0.0,-1.1333576765718,,,,,5,5,0,0,0,0,0
spiral_out_hltd_closed_loop_affordance5_prompt_robust_l7_k16_a08,affordance_stress,7,16,affordance_stress,baseline,0.0,late,0.1,0.8198924731182795,0.375933358104266,0.0,0.0,-2.53858699630981,,,,,5,2,0,0,0,0,0
spiral_out_hltd_closed_loop_affordance5_prompt_robust_l7_k16_a08,affordance_stress,7,16,affordance_stress,baseline,0.0,middle,0.0,,,,,,,,,,5,0,0,0,0,0,0
spiral_out_hltd_closed_loop_affordance5_prompt_robust_l7_k16_a08,affordance_stress,7,16,affordance_stress,coexact,0.8,all,1.0,0.3521938728216537,0.27794463227982386,1.0,0.25,-1.4483892738398798,0.04508531207696852,0.0007102053582410415,0.039824866240126246,0.039873368288206826,5,5,5,5,5,5,5
spiral_out_hltd_closed_loop_affordance5_prompt_robust_l7_k16_a08,affordance_stress,7,16,affordance_stress,coexact,0.8,early,0.8,0.2627919911012236,0.25521957511019533,1.0,0.13333333333333333,-1.037611508105865,0.10160938771645833,-0.052749893042260354,0.058654219413998766,0.034586368537424875,5,5,5,5,5,5,5
spiral_out_hltd_closed_loop_affordance5_prompt_robust_l7_k16_a08,affordance_stress,7,16,affordance_stress,coexact,0.8,late,0.15,0.7757616487455197,0.3891146995861939,1.0,0.6666666666666666,-3.076852544801677,-0.08097748050209827,0.26077288285192896,-0.06769731776661293,0.05757143849350186,5,3,3,3,3,3,3
spiral_out_hltd_closed_loop_affordance5_prompt_robust_l7_k16_a08,affordance_stress,7,16,affordance_stress,coexact,0.8,middle,0.05,0.5333333333333333,0.2859919496715647,1.0,1.0,-3.082301990801625,0.0252159472482351,0.2065110119465316,-0.0778929873937341,0.0655198294964175,5,1,1,1,1,1,1
spiral_out_hltd_closed_loop_affordance5_prompt_robust_l7_k16_a08,affordance_stress,7,16,affordance_stress,coexact_minus_presence,0.8,all,1.0,0.3303188728216537,0.2766148119504993,1.0,0.15,-1.371201178200575,0.07433569183225858,0.013956714340594045,0.09850677360022962,0.043763966552104794,5,5,5,5,5,5,5
spiral_out_hltd_closed_loop_affordance5_prompt_robust_l7_k16_a08,affordance_stress,7,16,affordance_stress,coexact_minus_presence,0.8,early,0.85,0.2627919911012236,0.25999045113977937,1.0,0.06666666666666667,-1.05673265191027,0.06695780875841748,-0.08240396057488923,0.12186123998723834,0.03739074288931692,5,5,5,5,5,5,5
spiral_out_hltd_closed_loop_affordance5_prompt_robust_l7_k16_a08,affordance_stress,7,16,affordance_stress,coexact_minus_presence,0.8,late,0.1,0.8198924731182795,0.375933358104266,1.0,0.5,-3.10108699630981,0.38722177618870246,0.5674714552287057,0.10376414123059297,0.0786131940962786,5,2,2,2,2,2,2
spiral_out_hltd_closed_loop_affordance5_prompt_robust_l7_k16_a08,affordance_stress,7,16,affordance_stress,coexact_minus_presence,0.8,middle,0.05,0.5333333333333333,0.2859919496715647,1.0,1.0,-3.082301990801625,0.2628399600949507,0.7247539411721959,-0.5448769421459776,0.0681176068557158,5,1,1,1,1,1,1
spiral_out_hltd_closed_loop_affordance5_prompt_robust_l7_k16_a08,affordance_stress,7,16,affordance_stress,presence,0.8,all,1.0,0.32800032443455696,0.27576302640932493,1.0,0.3,-1.3762347613358186,-0.04130468842217612,-0.046147330264097765,-0.02959018978363866,0.04257428197246901,5,5,5,5,5,5,5
spiral_out_hltd_closed_loop_affordance5_prompt_robust_l7_k16_a08,affordance_stress,7,16,affordance_stress,presence,0.8,early,0.85,0.2627919911012236,0.26295197360848366,1.0,0.2333333333333333,-1.1028021956129872,-0.009663230421124592,0.020181288332027963,-0.05743060173968758,0.03559397726317777,5,5,5,5,5,5,5
spiral_out_hltd_closed_loop_affordance5_prompt_robust_l7_k16_a08,affordance_stress,7,16,affordance_stress,presence,0.8,late,0.1,0.7604166666666667,0.3814463046323199,1.0,0.5,-2.8998628616157376,-0.2043405053424787,-0.3712832777942623,-0.0010693432883792514,0.1022155762510269,5,2,2,2,2,2,2
spiral_out_hltd_closed_loop_affordance5_prompt_robust_l7_k16_a08,affordance_stress,7,16,affordance_stress,presence,0.8,middle,0.05,0.5333333333333333,0.2859919496715647,1.0,1.0,-2.832301990801625,-0.1198601236391989,-0.4852463995080285,0.3659858732804268,0.0492393551581751,5,1,1,1,1,1,1
spiral_out_hltd_closed_loop_affordance5_prompt_robust_l7_k16_a08,affordance_stress,7,16,affordance_stress,presence_plus_coexact,0.8,all,1.0,0.3521938728216537,0.27794463227982386,1.0,0.3,-1.56713927383988,-0.10992635537662077,0.101698073607479,0.0049712412332438265,0.046023246481168865,5,5,5,5,5,5,5
spiral_out_hltd_closed_loop_affordance5_prompt_robust_l7_k16_a08,affordance_stress,7,16,affordance_stress,presence_plus_coexact,0.8,early,0.8,0.2627919911012236,0.25521957511019533,1.0,0.13333333333333333,-1.037611508105865,-0.025053799752934314,-0.01998626059600033,-0.01768653996306301,0.03814186692686959,5,5,5,5,5,5,5
spiral_out_hltd_closed_loop_affordance5_prompt_robust_l7_k16_a08,affordance_stress,7,16,affordance_stress,presence_plus_coexact,0.8,late,0.15,0.7757616487455197,0.3891146995861939,1.0,1.0,-3.951852544801677,-0.45110221270383866,0.9503833255008137,-0.00028611913507189485,0.08880135802869771,5,3,3,3,3,3,3
spiral_out_hltd_closed_loop_affordance5_prompt_robust_l7_k16_a08,affordance_stress,7,16,affordance_stress,presence_plus_coexact,0.8,middle,0.05,0.5333333333333333,0.2859919496715647,1.0,1.0,-2.832301990801625,-0.0492660677046496,-0.3919225788127818,0.2529373288128438,0.0444494067158454,5,1,1,1,1,1,1
spiral_out_hltd_closed_loop_affordance5_prompt_robust_l7_k16_a08,affordance_stress,7,16,affordance_stress,random_tangent,0.8,all,1.0,0.3061253244345569,0.2744332060800004,1.0,0.2,-1.3021716656965139,0.02575894199318509,-0.0016686468297570298,0.003979702521244099,0.05292652553486932,5,5,5,5,5,5,5
spiral_out_hltd_closed_loop_affordance5_prompt_robust_l7_k16_a08,affordance_stress,7,16,affordance_stress,random_tangent,0.8,early,0.9,0.2627919911012236,0.26772284963806764,1.0,0.16666666666666666,-1.1219233394173922,0.024418890225475772,-0.028945179632572638,0.044105330997471735,0.04452495653509416,5,5,5,5,5,5,5
spiral_out_hltd_closed_loop_affordance5_prompt_robust_l7_k16_a08,affordance_stress,7,16,affordance_stress,random_tangent,0.8,late,0.05,0.8333333333333334,0.34741522671459,1.0,0.0,-2.8338420814460648,-0.0022316826350681,-0.2309816843057888,-0.0511511432672628,0.1104698107989478,5,1,1,1,1,1,1
spiral_out_hltd_closed_loop_affordance5_prompt_robust_l7_k16_a08,affordance_stress,7,16,affordance_stress,random_tangent,0.8,middle,0.05,0.5333333333333333,0.2859919496715647,1.0,1.0,-2.832301990801625,0.0902153176497582,0.6510770397988352,-0.4523201187582826,0.1377511620461259,5,1,1,1,1,1,1
spiral_out_hltd_closed_loop_alpha_k_grid_l7,ontology_collapse,7,12,ontology_collapse,baseline,0.0,all,1.0,0.35221674876847286,0.3061771448257117,0.0,0.0,-1.5030304029503814,,,,,2,2,0,0,0,0,0
spiral_out_hltd_closed_loop_alpha_k_grid_l7,ontology_collapse,7,12,ontology_collapse,baseline,0.0,early,0.5,0.27586206896551724,0.3412849450545251,0.0,0.0,-1.592328588796061,,,,,2,1,0,0,0,0,0
spiral_out_hltd_closed_loop_alpha_k_grid_l7,ontology_collapse,7,12,ontology_collapse,baseline,0.0,late,0.0,,,,,,,,,,2,0,0,0,0,0,0
spiral_out_hltd_closed_loop_alpha_k_grid_l7,ontology_collapse,7,12,ontology_collapse,baseline,0.0,middle,0.5,0.42857142857142855,0.2710693445968982,0.0,0.0,-1.4137322171047018,,,,,2,1,0,0,0,0,0
spiral_out_hltd_closed_loop_alpha_k_grid_l7,ontology_collapse,7,12,ontology_collapse,coexact,0.7,all,1.0,0.5073891625615764,0.32916356072547676,1.0,0.5,-1.6910059886115771,0.04037751206826491,0.027747108369081463,0.05359960183852012,0.02768088255511774,2,2,2,2,2,2,2
spiral_out_hltd_closed_loop_alpha_k_grid_l7,ontology_collapse,7,12,ontology_collapse,coexact,0.7,early,0.25,0.2931034482758621,0.4000715871859799,1.0,1.0,-2.1392106774593245,0.4151198873525921,0.007111573819479149,0.12203464112455405,0.0348059072912892,2,1,1,1,1,1,1
spiral_out_hltd_closed_loop_alpha_k_grid_l7,ontology_collapse,7,12,ontology_collapse,coexact,0.7,late,0.25,0.8793103448275862,0.3744439665221307,1.0,1.0,-1.7973488427775806,-0.09784841143932918,-0.0055724520147819485,0.1378447191536722,0.0294630925036772,2,1,1,1,1,1,1
spiral_out_hltd_closed_loop_alpha_k_grid_l7,ontology_collapse,7,12,ontology_collapse,coexact,0.7,middle,0.5,0.42857142857142855,0.2710693445968982,1.0,0.0,-1.4137322171047018,-0.07788071382010162,0.054724655835814325,-0.022740476462072903,0.023227265212752275,2,1,1,1,1,1,1
spiral_out_hltd_closed_loop_alpha_k_grid_l7,ontology_collapse,7,12,ontology_collapse,coexact,0.8,all,1.0,0.5073891625615764,0.32916356072547676,1.0,0.5,-1.6910059886115771,0.07516361501851677,0.028095524532561374,0.07745061451374356,0.03884791681395788,2,2,2,2,2,2,2
spiral_out_hltd_closed_loop_alpha_k_grid_l7,ontology_collapse,7,12,ontology_collapse,coexact,0.8,early,0.25,0.2931034482758621,0.4000715871859799,1.0,1.0,-2.1392106774593245,0.5482276045006009,0.0156751056118978,0.1385476120583133,0.0483644043547037,2,1,1,1,1,1,1
spiral_out_hltd_closed_loop_alpha_k_grid_l7,ontology_collapse,7,12,ontology_collapse,coexact,0.8,late,0.25,0.8793103448275862,0.3744439665221307,1.0,1.0,-1.7973488427775806,-0.12980270118261486,0.013998246000127803,0.16519915332424912,0.04320664917606945,2,1,1,1,1,1,1
spiral_out_hltd_closed_loop_alpha_k_grid_l7,ontology_collapse,7,12,ontology_collapse,coexact,0.8,middle,0.5,0.42857142857142855,0.2710693445968982,1.0,0.0,-1.4137322171047018,-0.0588852216219595,0.04135437325910995,0.003027846336205925,0.0319103068625292,2,1,1,1,1,1,1
spiral_out_hltd_closed_loop_alpha_k_grid_l7,ontology_collapse,7,12,ontology_collapse,coexact,0.9,all,1.0,0.5073891625615764,0.32916356072547676,1.0,0.5,-1.6910059886115771,0.1309469597981614,0.02415326588541332,0.11648582037134612,0.053301755568570724,2,2,2,2,2,2,2
spiral_out_hltd_closed_loop_alpha_k_grid_l7,ontology_collapse,7,12,ontology_collapse,coexact,0.9,early,0.25,0.2931034482758621,0.4000715871859799,1.0,1.0,-2.1392106774593245,0.6911562013359847,0.027177928471246546,0.161142789971211,0.06580276109746964,2,1,1,1,1,1,1
spiral_out_hltd_closed_loop_alpha_k_grid_l7,ontology_collapse,7,12,ontology_collapse,coexact,0.9,late,0.25,0.8793103448275862,0.3744439665221307,1.0,1.0,-1.7973488427775806,-0.14260295533013245,-0.006119798015340898,0.24907918518073074,0.06309388798085055,2,1,1,1,1,1,1
spiral_out_hltd_closed_loop_alpha_k_grid_l7,ontology_collapse,7,12,ontology_collapse,coexact,0.9,middle,0.5,0.42857142857142855,0.2710693445968982,1.0,0.0,-1.4137322171047018,-0.012382703406603274,0.03777746654287382,0.02786065316672135,0.042155186597981356,2,1,1,1,1,1,1
spiral_out_hltd_closed_loop_alpha_k_grid_l7,ontology_collapse,7,12,ontology_collapse,coexact_minus_presence,0.7,all,1.0,0.5073891625615764,0.32916356072547676,1.0,0.5,-1.6910059886115771,0.14147841299732777,0.019936791712160652,0.11104978314462281,0.03098938265301269,2,2,2,2,2,2,2
spiral_out_hltd_closed_loop_alpha_k_grid_l7,ontology_collapse,7,12,ontology_collapse,coexact_minus_presence,0.7,early,0.25,0.2931034482758621,0.4000715871859799,1.0,1.0,-2.1392106774593245,0.4935949690317418,0.040891975541271046,0.1670776120310404,0.04691504467166625,2,1,1,1,1,1,1
spiral_out_hltd_closed_loop_alpha_k_grid_l7,ontology_collapse,7,12,ontology_collapse,coexact_minus_presence,0.7,late,0.25,0.8793103448275862,0.3744439665221307,1.0,1.0,-1.7973488427775806,-0.11432618723814206,-0.02020850370740135,0.21963748526306845,0.0288479746680051,2,1,1,1,1,1,1
spiral_out_hltd_closed_loop_alpha_k_grid_l7,ontology_collapse,7,12,ontology_collapse,coexact_minus_presence,0.7,middle,0.5,0.42857142857142855,0.2710693445968982,1.0,0.0,-1.4137322171047018,0.09332243509785568,0.02953184750738646,0.02874201764219118,0.0240972556361897,2,1,1,1,1,1,1
spiral_out_hltd_closed_loop_alpha_k_grid_l7,ontology_collapse,7,12,ontology_collapse,coexact_minus_presence,0.8,all,1.0,0.5073891625615764,0.32916356072547676,1.0,0.5,-1.6910059886115771,0.21976557619853154,0.010313965463208077,0.13897032231417342,0.04179783837275479,2,2,2,2,2,2,2
spiral_out_hltd_closed_loop_alpha_k_grid_l7,ontology_collapse,7,12,ontology_collapse,coexact_minus_presence,0.8,early,0.25,0.2931034482758621,0.4000715871859799,1.0,1.0,-2.1392106774593245,0.6527516726885638,0.00507802477215335,0.22634106254806105,0.0624447209875282,2,1,1,1,1,1,1
spiral_out_hltd_closed_loop_alpha_k_grid_l7,ontology_collapse,7,12,ontology_collapse,coexact_minus_presence,0.8,late,0.25,0.8793103448275862,0.3744439665221307,1.0,1.0,-1.7973488427775806,-0.1442244924001592,-0.00777700619942575,0.2279495769967232,0.03976868904521705,2,1,1,1,1,1,1
spiral_out_hltd_closed_loop_alpha_k_grid_l7,ontology_collapse,7,12,ontology_collapse,coexact_minus_presence,0.8,middle,0.5,0.42857142857142855,0.2710693445968982,1.0,0.0,-1.4137322171047018,0.18526756225286078,0.021977421640052355,0.05079532485595469,0.03248897172913695,2,1,1,1,1,1,1
spiral_out_hltd_closed_loop_alpha_k_grid_l7,ontology_collapse,7,12,ontology_collapse,coexact_minus_presence,0.9,all,1.0,0.5073891625615764,0.32916356072547676,1.0,0.5,-1.6910059886115771,0.2995352747211699,-0.008682424561357033,0.2063259730661403,0.05709023964640792,2,2,2,2,2,2,2
spiral_out_hltd_closed_loop_alpha_k_grid_l7,ontology_collapse,7,12,ontology_collapse,coexact_minus_presence,0.9,early,0.25,0.2931034482758621,0.4000715871859799,1.0,1.0,-2.1392106774593245,0.8151160795356353,0.010969459413054498,0.29134917428743057,0.0837900103934468,2,1,1,1,1,1,1
spiral_out_hltd_closed_loop_alpha_k_grid_l7,ontology_collapse,7,12,ontology_collapse,coexact_minus_presence,0.9,late,0.25,0.8793103448275862,0.3744439665221307,1.0,1.0,-1.7973488427775806,-0.16081399747954217,-0.02605365577738185,0.29018611283620444,0.0551959589510871,2,1,1,1,1,1,1
spiral_out_hltd_closed_loop_alpha_k_grid_l7,ontology_collapse,7,12,ontology_collapse,coexact_minus_presence,0.9,middle,0.5,0.42857142857142855,0.2710693445968982,1.0,0.0,-1.4137322171047018,0.27191950841429335,-0.009822750940550393,0.12188430257046313,0.0446874946205489,2,1,1,1,1,1,1
spiral_out_hltd_closed_loop_alpha_k_grid_l7,ontology_collapse,7,12,ontology_collapse,presence,0.7,all,1.0,0.35221674876847286,0.32082861713365896,1.0,0.25,-1.6886928694683796,-0.26423988575865776,0.11115190306341378,-0.028362396586414897,0.026541221536526587,2,2,2,2,2,2,2
spiral_out_hltd_closed_loop_alpha_k_grid_l7,ontology_collapse,7,12,ontology_collapse,presence,0.7,early,0.5,0.27586206896551724,0.37058788967041967,1.0,0.5,-1.9636535218320574,-0.2080427936363487,0.15568765398812795,0.05021349195340107,0.025145145992729025,2,1,1,1,1,1,1
spiral_out_hltd_closed_loop_alpha_k_grid_l7,ontology_collapse,7,12,ontology_collapse,presence,0.7,late,0.0,,,,,,,,,,2,0,0,0,0,0,0
spiral_out_hltd_closed_loop_alpha_k_grid_l7,ontology_collapse,7,12,ontology_collapse,presence,0.7,middle,0.5,0.42857142857142855,0.2710693445968982,1.0,0.0,-1.4137322171047018,-0.32043697788096676,0.06661615213869962,-0.10693828512623087,0.02793729708032415,2,1,1,1,1,1,1
spiral_out_hltd_closed_loop_alpha_k_grid_l7,ontology_collapse,7,12,ontology_collapse,presence,0.8,all,1.0,0.35221674876847286,0.32082861713365896,1.0,0.25,-1.6886928694683796,-0.3445165270283662,0.1134013330727246,-0.027790126731659377,0.036527024908571334,2,2,2,2,2,2,2
spiral_out_hltd_closed_loop_alpha_k_grid_l7,ontology_collapse,7,12,ontology_collapse,presence,0.8,early,0.5,0.27586206896551724,0.37058788967041967,1.0,0.5,-1.9636535218320574,-0.29588653043001023,0.16592870308834054,0.05943311369080402,0.03332207859301035,2,1,1,1,1,1,1
spiral_out_hltd_closed_loop_alpha_k_grid_l7,ontology_collapse,7,12,ontology_collapse,presence,0.8,late,0.0,,,,,,,,,,2,0,0,0,0,0,0
spiral_out_hltd_closed_loop_alpha_k_grid_l7,ontology_collapse,7,12,ontology_collapse,presence,0.8,middle,0.5,0.42857142857142855,0.2710693445968982,1.0,0.0,-1.4137322171047018,-0.3931465236267222,0.06087396305710865,-0.11501336715412278,0.03973197122413233,2,1,1,1,1,1,1
spiral_out_hltd_closed_loop_alpha_k_grid_l7,ontology_collapse,7,12,ontology_collapse,presence,0.9,all,1.0,0.35221674876847286,0.32082861713365896,1.0,0.25,-1.6886928694683796,-0.3751334683330766,0.1277380674783135,-0.02555370500529444,0.0486227961477209,2,2,2,2,2,2,2
spiral_out_hltd_closed_loop_alpha_k_grid_l7,ontology_collapse,7,12,ontology_collapse,presence,0.9,early,0.5,0.27586206896551724,0.37058788967041967,1.0,0.5,-1.9636535218320574,-0.3139307697951248,0.17461362752365162,0.07740420726799083,0.042176439109021746,2,1,1,1,1,1,1
spiral_out_hltd_closed_loop_alpha_k_grid_l7,ontology_collapse,7,12,ontology_collapse,presence,0.9,late,0.0,,,,,,,,,,2,0,0,0,0,0,0
spiral_out_hltd_closed_loop_alpha_k_grid_l7,ontology_collapse,7,12,ontology_collapse,presence,0.9,middle,0.5,0.42857142857142855,0.2710693445968982,1.0,0.0,-1.4137322171047018,-0.4363361668710284,0.08086250743297539,-0.1285116172785797,0.05506915318642005,2,1,1,1,1,1,1
spiral_out_hltd_closed_loop_alpha_k_grid_l7,ontology_collapse,7,12,ontology_collapse,random_tangent,0.7,all,1.0,0.35221674876847286,0.3061771448257117,1.0,0.0,-1.5030304029503814,-0.06751429813226253,0.03795086264853871,-0.04067235085500508,0.018441905706642375,2,2,2,2,2,2,2
spiral_out_hltd_closed_loop_alpha_k_grid_l7,ontology_collapse,7,12,ontology_collapse,random_tangent,0.7,early,0.5,0.27586206896551724,0.3412849450545251,1.0,0.0,-1.592328588796061,0.08544534566144076,0.06238905603884955,-0.03228127720351037,0.016756218578398673,2,1,1,1,1,1,1
spiral_out_hltd_closed_loop_alpha_k_grid_l7,ontology_collapse,7,12,ontology_collapse,random_tangent,0.7,late,0.0,,,,,,,,,,2,0,0,0,0,0,0
spiral_out_hltd_closed_loop_alpha_k_grid_l7,ontology_collapse,7,12,ontology_collapse,random_tangent,0.7,middle,0.5,0.42857142857142855,0.2710693445968982,1.0,0.0,-1.4137322171047018,-0.2204739419259658,0.013512669258227882,-0.049063424506499774,0.020127592834886077,2,1,1,1,1,1,1
spiral_out_hltd_closed_loop_alpha_k_grid_l7,ontology_collapse,7,12,ontology_collapse,random_tangent,0.8,all,1.0,0.35221674876847286,0.3061771448257117,1.0,0.0,-1.5030304029503814,-0.08580157547657703,0.054119233482699834,-0.05876760104985953,0.02486864001669025,2,2,2,2,2,2,2
spiral_out_hltd_closed_loop_alpha_k_grid_l7,ontology_collapse,7,12,ontology_collapse,random_tangent,0.8,early,0.5,0.27586206896551724,0.3412849450545251,1.0,0.0,-1.592328588796061,0.07998735392920023,0.07380209922712307,-0.03322397058942403,0.02188111357779475,2,1,1,1,1,1,1
spiral_out_hltd_closed_loop_alpha_k_grid_l7,ontology_collapse,7,12,ontology_collapse,random_tangent,0.8,late,0.0,,,,,,,,,,2,0,0,0,0,0,0
spiral_out_hltd_closed_loop_alpha_k_grid_l7,ontology_collapse,7,12,ontology_collapse,random_tangent,0.8,middle,0.5,0.42857142857142855,0.2710693445968982,1.0,0.0,-1.4137322171047018,-0.2515905048823543,0.0344363677382766,-0.08431123151029503,0.02785616645558575,2,1,1,1,1,1,1
spiral_out_hltd_closed_loop_alpha_k_grid_l7,ontology_collapse,7,12,ontology_collapse,random_tangent,0.9,all,1.0,0.35221674876847286,0.3061771448257117,1.0,0.0,-1.5030304029503814,-0.10740106755715681,0.06340927489162239,-0.06917584965791561,0.0313974696213802,2,2,2,2,2,2,2
spiral_out_hltd_closed_loop_alpha_k_grid_l7,ontology_collapse,7,12,ontology_collapse,random_tangent,0.9,early,0.5,0.27586206896551724,0.3412849450545251,1.0,0.0,-1.592328588796061,0.10039061408763804,0.0992986668468134,-0.04691430573077185,0.027840010857278174,2,1,1,1,1,1,1
spiral_out_hltd_closed_loop_alpha_k_grid_l7,ontology_collapse,7,12,ontology_collapse,random_tangent,0.9,late,0.0,,,,,,,,,,2,0,0,0,0,0,0
spiral_out_hltd_closed_loop_alpha_k_grid_l7,ontology_collapse,7,12,ontology_collapse,random_tangent,0.9,middle,0.5,0.42857142857142855,0.2710693445968982,1.0,0.0,-1.4137322171047018,-0.31519274920195167,0.02751988293643138,-0.09143739358505937,0.034954928385482226,2,1,1,1,1,1,1
spiral_out_hltd_closed_loop_alpha_k_grid_l7,ontology_collapse,7,16,ontology_collapse,baseline,0.0,all,1.0,0.35221674876847286,0.3061771448257117,0.0,0.0,-1.5030304029503814,,,,,2,2,0,0,0,0,0
spiral_out_hltd_closed_loop_alpha_k_grid_l7,ontology_collapse,7,16,ontology_collapse,baseline,0.0,early,0.5,0.27586206896551724,0.3412849450545251,0.0,0.0,-1.592328588796061,,,,,2,1,0,0,0,0,0
spiral_out_hltd_closed_loop_alpha_k_grid_l7,ontology_collapse,7,16,ontology_collapse,baseline,0.0,late,0.0,,,,,,,,,,2,0,0,0,0,0,0
spiral_out_hltd_closed_loop_alpha_k_grid_l7,ontology_collapse,7,16,ontology_collapse,baseline,0.0,middle,0.5,0.42857142857142855,0.2710693445968982,0.0,0.0,-1.4137322171047018,,,,,2,1,0,0,0,0,0
spiral_out_hltd_closed_loop_alpha_k_grid_l7,ontology_collapse,7,16,ontology_collapse,coexact,0.7,all,1.0,0.5073891625615764,0.32916356072547676,1.0,0.5,-1.6910059886115771,0.016436280445562237,-0.010465753237351098,0.040909777307836175,0.033029518181667224,2,2,2,2,2,2,2
spiral_out_hltd_closed_loop_alpha_k_grid_l7,ontology_collapse,7,16,ontology_collapse,coexact,0.7,early,0.25,0.2931034482758621,0.4000715871859799,1.0,1.0,-2.1392106774593245,0.3321762795532348,0.06078668177131875,0.0093897385458859,0.0366430250441938,2,1,1,1,1,1,1
spiral_out_hltd_closed_loop_alpha_k_grid_l7,ontology_collapse,7,16,ontology_collapse,coexact,0.7,late,0.25,0.8793103448275862,0.3744439665221307,1.0,1.0,-1.7973488427775806,-0.02148201327486765,-0.057505798168527605,0.0950307052855643,0.038890066070356,2,1,1,1,1,1,1
spiral_out_hltd_closed_loop_alpha_k_grid_l7,ontology_collapse,7,16,ontology_collapse,coexact,0.7,middle,0.5,0.42857142857142855,0.2710693445968982,1.0,0.0,-1.4137322171047018,-0.1224745722480591,-0.02257194827609777,0.029609332699947248,0.02829249080605955,2,1,1,1,1,1,1
spiral_out_hltd_closed_loop_alpha_k_grid_l7,ontology_collapse,7,16,ontology_collapse,coexact,0.8,all,1.0,0.5073891625615764,0.32916356072547676,1.0,0.5,-1.6910059886115771,0.029250175579377716,-0.005530601547953935,0.06500640384633788,0.04582190327642821,2,2,2,2,2,2,2
spiral_out_hltd_closed_loop_alpha_k_grid_l7,ontology_collapse,7,16,ontology_collapse,coexact,0.8,early,0.25,0.2931034482758621,0.4000715871859799,1.0,1.0,-2.1392106774593245,0.4096184485493133,0.0838324664944565,0.028532657164570947,0.051047226688473446,2,1,1,1,1,1,1
spiral_out_hltd_closed_loop_alpha_k_grid_l7,ontology_collapse,7,16,ontology_collapse,coexact,0.8,late,0.25,0.8793103448275862,0.3744439665221307,1.0,1.0,-1.7973488427775806,-0.053783194578129745,-0.06797233541872315,0.13553378611426664,0.056445880765611654,2,1,1,1,1,1,1
spiral_out_hltd_closed_loop_alpha_k_grid_l7,ontology_collapse,7,16,ontology_collapse,coexact,0.8,middle,0.5,0.42857142857142855,0.2710693445968982,1.0,0.0,-1.4137322171047018,-0.11941727582683634,-0.018991268633774545,0.047979586053256945,0.037897252825813875,2,1,1,1,1,1,1
spiral_out_hltd_closed_loop_alpha_k_grid_l7,ontology_collapse,7,16,ontology_collapse,coexact,0.9,all,1.0,0.5073891625615764,0.32916356072547676,1.0,0.5,-1.6910059886115771,0.07340534695849144,-0.04074527923787752,0.11239244419268182,0.06316652908307718,2,2,2,2,2,2,2
spiral_out_hltd_closed_loop_alpha_k_grid_l7,ontology_collapse,7,16,ontology_collapse,coexact,0.9,early,0.25,0.2931034482758621,0.4000715871859799,1.0,1.0,-2.1392106774593245,0.5036433934463664,0.05263915695178415,0.0584357438843801,0.0672787882407409,2,1,1,1,1,1,1
spiral_out_hltd_closed_loop_alpha_k_grid_l7,ontology_collapse,7,16,ontology_collapse,coexact,0.9,late,0.25,0.8793103448275862,0.3744439665221307,1.0,1.0,-1.7973488427775806,-0.06059636596326534,-0.1089760573561591,0.21096344731931269,0.08310515056837114,2,1,1,1,1,1,1
spiral_out_hltd_closed_loop_alpha_k_grid_l7,ontology_collapse,7,16,ontology_collapse,coexact,0.9,middle,0.5,0.42857142857142855,0.2710693445968982,1.0,0.0,-1.4137322171047018,-0.07471281982456768,-0.05332210827356756,0.09008529278351723,0.05114108876159835,2,1,1,1,1,1,1
spiral_out_hltd_closed_loop_alpha_k_grid_l7,ontology_collapse,7,16,ontology_collapse,coexact_minus_presence,0.7,all,1.0,0.49846059113300495,0.32816809951918385,1.0,0.75,-1.7095398029378917,0.22297836495375684,0.014080711282769885,0.02826666450999636,0.040293810445282616,2,2,2,2,2,2,2
spiral_out_hltd_closed_loop_alpha_k_grid_l7,ontology_collapse,7,16,ontology_collapse,coexact_minus_presence,0.7,early,0.25,0.2931034482758621,0.4000715871859799,1.0,1.0,-2.1392106774593245,0.37878727591049177,0.0842479414843211,0.05522457995133755,0.0478182335590864,2,1,1,1,1,1,1
spiral_out_hltd_closed_loop_alpha_k_grid_l7,ontology_collapse,7,16,ontology_collapse,coexact_minus_presence,0.7,late,0.25,0.8793103448275862,0.3744439665221307,1.0,1.0,-1.7973488427775806,-0.025056374468019893,-0.07932634032555794,0.11884461990170905,0.0438619660235686,2,1,1,1,1,1,1
spiral_out_hltd_closed_loop_alpha_k_grid_l7,ontology_collapse,7,16,ontology_collapse,coexact_minus_presence,0.7,middle,0.5,0.4107142857142857,0.2690784221843124,1.0,0.5,-1.4507998457573308,0.26909127918627773,0.02570062198615819,-0.030501270906530584,0.034747521099237726,2,1,1,1,1,1,1
spiral_out_hltd_closed_loop_alpha_k_grid_l7,ontology_collapse,7,16,ontology_collapse,coexact_minus_presence,0.8,all,1.0,0.5386391625615764,0.3347099770781482,1.0,1.0,-2.2123360591721237,0.23318306847646475,0.1098696753897439,0.036416443996758856,0.08061272964308988,2,2,2,2,2,2,2
spiral_out_hltd_closed_loop_alpha_k_grid_l7,ontology_collapse,7,16,ontology_collapse,coexact_minus_presence,0.8,early,0.25,0.2931034482758621,0.4000715871859799,1.0,1.0,-2.1392106774593245,0.48289572287457583,0.07622772220849325,0.08721220645036885,0.0629039830945824,2,1,1,1,1,1,1
spiral_out_hltd_closed_loop_alpha_k_grid_l7,ontology_collapse,7,16,ontology_collapse,coexact_minus_presence,0.8,late,0.375,0.8325123152709359,0.40177353848191166,1.0,1.0,-2.730677237133108,0.08438666896592427,0.054441726829793424,0.011866100207300945,0.10159663638636907,2,2,2,2,2,2,2
spiral_out_hltd_closed_loop_alpha_k_grid_l7,ontology_collapse,7,16,ontology_collapse,coexact_minus_presence,0.8,middle,0.375,0.39285714285714285,0.2331818662557573,1.0,1.0,-2.053854600471515,0.26017258254707826,0.24768621960501017,-0.0191619831318362,0.0845606324693345,2,1,1,1,1,1,1
spiral_out_hltd_closed_loop_alpha_k_grid_l7,ontology_collapse,7,16,ontology_collapse,coexact_minus_presence,0.9,all,1.0,0.5386391625615764,0.3347099770781482,1.0,1.0,-2.2123360591721237,0.2946132513646056,0.10844366732132116,0.08069633356525849,0.10696743885918643,2,2,2,2,2,2,2
spiral_out_hltd_closed_loop_alpha_k_grid_l7,ontology_collapse,7,16,ontology_collapse,coexact_minus_presence,0.9,early,0.25,0.2931034482758621,0.4000715871859799,1.0,1.0,-2.1392106774593245,0.5715680581822871,0.053976667129823803,0.13412859068030464,0.0806058920533821,2,1,1,1,1,1,1
spiral_out_hltd_closed_loop_alpha_k_grid_l7,ontology_collapse,7,16,ontology_collapse,coexact_minus_presence,0.9,late,0.375,0.8325123152709359,0.40177353848191166,1.0,1.0,-2.730677237133108,0.09546739051364028,0.0408478060667896,0.0178290573891364,0.12778315404760193,2,2,2,2,2,2,2
spiral_out_hltd_closed_loop_alpha_k_grid_l7,ontology_collapse,7,16,ontology_collapse,coexact_minus_presence,0.9,middle,0.375,0.39285714285714285,0.2331818662557573,1.0,1.0,-2.053854600471515,0.3650699331891539,0.2708882099539143,0.05013231846864308,0.11848958313643236,2,1,1,1,1,1,1
spiral_out_hltd_closed_loop_alpha_k_grid_l7,ontology_collapse,7,16,ontology_collapse,presence,0.7,all,1.0,0.35221674876847286,0.3061771448257117,1.0,0.0,-1.5030304029503814,-0.37982045693712085,0.12175203305756452,-0.09210495809022617,0.047774522899638544,2,2,2,2,2,2,2
spiral_out_hltd_closed_loop_alpha_k_grid_l7,ontology_collapse,7,16,ontology_collapse,presence,0.7,early,0.5,0.27586206896551724,0.3412849450545251,1.0,0.0,-1.592328588796061,-0.3798180850479098,0.16424159855074544,-0.06748099695847203,0.06424658240613348,2,1,1,1,1,1,1
spiral_out_hltd_closed_loop_alpha_k_grid_l7,ontology_collapse,7,16,ontology_collapse,presence,0.7,late,0.0,,,,,,,,,,2,0,0,0,0,0,0
spiral_out_hltd_closed_loop_alpha_k_grid_l7,ontology_collapse,7,16,ontology_collapse,presence,0.7,middle,0.5,0.42857142857142855,0.2710693445968982,1.0,0.0,-1.4137322171047018,-0.3798228288263319,0.0792624675643836,-0.11672891922198031,0.031302463393143604,2,1,1,1,1,1,1
spiral_out_hltd_closed_loop_alpha_k_grid_l7,ontology_collapse,7,16,ontology_collapse,presence,0.8,all,1.0,0.35221674876847286,0.3061771448257117,1.0,0.0,-1.5030304029503814,-0.4265173847753425,0.1279000504768115,-0.10097510091976333,0.06080783824481607,2,2,2,2,2,2,2
spiral_out_hltd_closed_loop_alpha_k_grid_l7,ontology_collapse,7,16,ontology_collapse,presence,0.8,early,0.5,0.27586206896551724,0.3412849450545251,1.0,0.0,-1.592328588796061,-0.39069300234946436,0.17611379654497125,-0.07703365708732347,0.07962446835259544,2,1,1,1,1,1,1
spiral_out_hltd_closed_loop_alpha_k_grid_l7,ontology_collapse,7,16,ontology_collapse,presence,0.8,late,0.0,,,,,,,,,,2,0,0,0,0,0,0
spiral_out_hltd_closed_loop_alpha_k_grid_l7,ontology_collapse,7,16,ontology_collapse,presence,0.8,middle,0.5,0.42857142857142855,0.2710693445968982,1.0,0.0,-1.4137322171047018,-0.46234176720122067,0.07968630440865175,-0.12491654475220319,0.0419912081370367,2,1,1,1,1,1,1
spiral_out_hltd_closed_loop_alpha_k_grid_l7,ontology_collapse,7,16,ontology_collapse,presence,0.9,all,1.0,0.35221674876847286,0.3061771448257117,1.0,0.0,-1.5030304029503814,-0.45627623445327714,0.12802582990835093,-0.09760946560899034,0.07267993128348368,2,2,2,2,2,2,2
spiral_out_hltd_closed_loop_alpha_k_grid_l7,ontology_collapse,7,16,ontology_collapse,presence,0.9,early,0.5,0.27586206896551724,0.3412849450545251,1.0,0.0,-1.592328588796061,-0.4108914393209413,0.1724077986677734,-0.059023356803413696,0.0908958523754001,2,1,1,1,1,1,1
spiral_out_hltd_closed_loop_alpha_k_grid_l7,ontology_collapse,7,16,ontology_collapse,presence,0.9,late,0.0,,,,,,,,,,2,0,0,0,0,0,0
spiral_out_hltd_closed_loop_alpha_k_grid_l7,ontology_collapse,7,16,ontology_collapse,presence,0.9,middle,0.5,0.42857142857142855,0.2710693445968982,1.0,0.0,-1.4137322171047018,-0.501661029585613,0.08364386114892847,-0.13619557441456698,0.054464010191567255,2,1,1,1,1,1,1
spiral_out_hltd_closed_loop_alpha_k_grid_l7,ontology_collapse,7,16,ontology_collapse,random_tangent,0.7,all,1.0,0.35221674876847286,0.3061771448257117,1.0,0.0,-1.5030304029503814,-0.06751429813226253,0.03795086264853871,-0.04067235085500508,0.018441905706642375,2,2,2,2,2,2,2
spiral_out_hltd_closed_loop_alpha_k_grid_l7,ontology_collapse,7,16,ontology_collapse,random_tangent,0.7,early,0.5,0.27586206896551724,0.3412849450545251,1.0,0.0,-1.592328588796061,0.08544534566144076,0.06238905603884955,-0.03228127720351037,0.016756218578398673,2,1,1,1,1,1,1
spiral_out_hltd_closed_loop_alpha_k_grid_l7,ontology_collapse,7,16,ontology_collapse,random_tangent,0.7,late,0.0,,,,,,,,,,2,0,0,0,0,0,0
spiral_out_hltd_closed_loop_alpha_k_grid_l7,ontology_collapse,7,16,ontology_collapse,random_tangent,0.7,middle,0.5,0.42857142857142855,0.2710693445968982,1.0,0.0,-1.4137322171047018,-0.2204739419259658,0.013512669258227882,-0.049063424506499774,0.020127592834886077,2,1,1,1,1,1,1
spiral_out_hltd_closed_loop_alpha_k_grid_l7,ontology_collapse,7,16,ontology_collapse,random_tangent,0.8,all,1.0,0.35221674876847286,0.3061771448257117,1.0,0.0,-1.5030304029503814,-0.08580157547657703,0.054119233482699834,-0.05876760104985953,0.02486864001669025,2,2,2,2,2,2,2
spiral_out_hltd_closed_loop_alpha_k_grid_l7,ontology_collapse,7,16,ontology_collapse,random_tangent,0.8,early,0.5,0.27586206896551724,0.3412849450545251,1.0,0.0,-1.592328588796061,0.07998735392920023,0.07380209922712307,-0.03322397058942403,0.02188111357779475,2,1,1,1,1,1,1
spiral_out_hltd_closed_loop_alpha_k_grid_l7,ontology_collapse,7,16,ontology_collapse,random_tangent,0.8,late,0.0,,,,,,,,,,2,0,0,0,0,0,0
spiral_out_hltd_closed_loop_alpha_k_grid_l7,ontology_collapse,7,16,ontology_collapse,random_tangent,0.8,middle,0.5,0.42857142857142855,0.2710693445968982,1.0,0.0,-1.4137322171047018,-0.2515905048823543,0.0344363677382766,-0.08431123151029503,0.02785616645558575,2,1,1,1,1,1,1
spiral_out_hltd_closed_loop_alpha_k_grid_l7,ontology_collapse,7,16,ontology_collapse,random_tangent,0.9,all,1.0,0.35221674876847286,0.3061771448257117,1.0,0.0,-1.5030304029503814,-0.10740106755715681,0.06340927489162239,-0.06917584965791561,0.0313974696213802,2,2,2,2,2,2,2
spiral_out_hltd_closed_loop_alpha_k_grid_l7,ontology_collapse,7,16,ontology_collapse,random_tangent,0.9,early,0.5,0.27586206896551724,0.3412849450545251,1.0,0.0,-1.592328588796061,0.10039061408763804,0.0992986668468134,-0.04691430573077185,0.027840010857278174,2,1,1,1,1,1,1
spiral_out_hltd_closed_loop_alpha_k_grid_l7,ontology_collapse,7,16,ontology_collapse,random_tangent,0.9,late,0.0,,,,,,,,,,2,0,0,0,0,0,0
spiral_out_hltd_closed_loop_alpha_k_grid_l7,ontology_collapse,7,16,ontology_collapse,random_tangent,0.9,middle,0.5,0.42857142857142855,0.2710693445968982,1.0,0.0,-1.4137322171047018,-0.31519274920195167,0.02751988293643138,-0.09143739358505937,0.034954928385482226,2,1,1,1,1,1,1
spiral_out_hltd_closed_loop_alpha_k_grid_l7,ontology_collapse,7,24,ontology_collapse,baseline,0.0,all,1.0,0.35221674876847286,0.3061771448257117,0.0,0.0,-1.5030304029503814,,,,,2,2,0,0,0,0,0
spiral_out_hltd_closed_loop_alpha_k_grid_l7,ontology_collapse,7,24,ontology_collapse,baseline,0.0,early,0.5,0.27586206896551724,0.3412849450545251,0.0,0.0,-1.592328588796061,,,,,2,1,0,0,0,0,0
spiral_out_hltd_closed_loop_alpha_k_grid_l7,ontology_collapse,7,24,ontology_collapse,baseline,0.0,late,0.0,,,,,,,,,,2,0,0,0,0,0,0
spiral_out_hltd_closed_loop_alpha_k_grid_l7,ontology_collapse,7,24,ontology_collapse,baseline,0.0,middle,0.5,0.42857142857142855,0.2710693445968982,0.0,0.0,-1.4137322171047018,,,,,2,1,0,0,0,0,0
spiral_out_hltd_closed_loop_alpha_k_grid_l7,ontology_collapse,7,24,ontology_collapse,coexact,0.7,all,1.0,0.49846059113300495,0.32816809951918385,1.0,0.75,-1.7095398029378917,0.16721314905248785,0.06477405247713719,0.0018732183809024687,0.045008440824638535,2,2,2,2,2,2,2
spiral_out_hltd_closed_loop_alpha_k_grid_l7,ontology_collapse,7,24,ontology_collapse,coexact,0.7,early,0.25,0.2931034482758621,0.4000715871859799,1.0,1.0,-2.1392106774593245,0.35584935187699784,0.007724167266630402,0.03124110944881715,0.044310492223245554,2,1,1,1,1,1,1
spiral_out_hltd_closed_loop_alpha_k_grid_l7,ontology_collapse,7,24,ontology_collapse,coexact,0.7,late,0.25,0.8793103448275862,0.3744439665221307,1.0,1.0,-1.7973488427775806,0.28368274670907834,0.11121263638272436,0.043161769562376495,0.0606906427749711,2,1,1,1,1,1,1
spiral_out_hltd_closed_loop_alpha_k_grid_l7,ontology_collapse,7,24,ontology_collapse,coexact,0.7,middle,0.5,0.4107142857142857,0.2690784221843124,1.0,0.5,-1.4507998457573308,0.014660248811937643,0.07007970312959699,-0.03345500274379189,0.03751631415016875,2,1,1,1,1,1,1
spiral_out_hltd_closed_loop_alpha_k_grid_l7,ontology_collapse,7,24,ontology_collapse,coexact,0.8,all,1.0,0.49846059113300495,0.32816809951918385,1.0,0.75,-1.7095398029378917,0.20464732267985664,0.06328659023506235,0.025061270979884108,0.06097051953000007,2,2,2,2,2,2,2
spiral_out_hltd_closed_loop_alpha_k_grid_l7,ontology_collapse,7,24,ontology_collapse,coexact,0.8,early,0.25,0.2931034482758621,0.4000715871859799,1.0,1.0,-2.1392106774593245,0.4492531985599899,-0.003996621369260794,0.0483307082544044,0.0613841800051367,2,1,1,1,1,1,1
spiral_out_hltd_closed_loop_alpha_k_grid_l7,ontology_collapse,7,24,ontology_collapse,coexact,0.8,late,0.25,0.8793103448275862,0.3744439665221307,1.0,1.0,-1.7973488427775806,0.2674766749092399,0.1372713834898747,0.0673462436199692,0.08347850038179751,2,1,1,1,1,1,1
spiral_out_hltd_closed_loop_alpha_k_grid_l7,ontology_collapse,7,24,ontology_collapse,coexact,0.8,middle,0.5,0.4107142857142857,0.2690784221843124,1.0,0.5,-1.4507998457573308,0.05092970862509835,0.05993579940981775,-0.007715933977418585,0.04950969886653305,2,1,1,1,1,1,1
spiral_out_hltd_closed_loop_alpha_k_grid_l7,ontology_collapse,7,24,ontology_collapse,coexact,0.9,all,1.0,0.49846059113300495,0.32816809951918385,1.0,0.75,-1.7095398029378917,0.26395152170096603,0.04650659625827647,0.060839898106360375,0.08197799816370495,2,2,2,2,2,2,2
spiral_out_hltd_closed_loop_alpha_k_grid_l7,ontology_collapse,7,24,ontology_collapse,coexact,0.9,early,0.25,0.2931034482758621,0.4000715871859799,1.0,1.0,-2.1392106774593245,0.5514355174091765,-0.0334122969555608,0.0782628152896918,0.0827699387736956,2,1,1,1,1,1,1
spiral_out_hltd_closed_loop_alpha_k_grid_l7,ontology_collapse,7,24,ontology_collapse,coexact,0.9,late,0.25,0.8793103448275862,0.3744439665221307,1.0,1.0,-1.7973488427775806,0.2703505882509511,0.11875877605027796,0.1392077107790523,0.11215784598185324,2,1,1,1,1,1,1
spiral_out_hltd_closed_loop_alpha_k_grid_l7,ontology_collapse,7,24,ontology_collapse,coexact,0.9,middle,0.5,0.4107142857142857,0.2690784221843124,1.0,0.5,-1.4507998457573308,0.11700999057186823,0.05033995296919436,0.012944533178348705,0.06649210394963548,2,1,1,1,1,1,1
spiral_out_hltd_closed_loop_alpha_k_grid_l7,ontology_collapse,7,24,ontology_collapse,coexact_minus_presence,0.7,all,1.0,0.49846059113300495,0.32816809951918385,1.0,0.75,-1.7095398029378917,0.2852868253056742,0.010820270605810915,0.10247405592182138,0.05244026986096946,2,2,2,2,2,2,2
spiral_out_hltd_closed_loop_alpha_k_grid_l7,ontology_collapse,7,24,ontology_collapse,coexact_minus_presence,0.7,early,0.25,0.2931034482758621,0.4000715871859799,1.0,1.0,-2.1392106774593245,0.4500109018484295,-0.12696821388581725,0.158034046429746,0.06301149800174266,2,1,1,1,1,1,1
spiral_out_hltd_closed_loop_alpha_k_grid_l7,ontology_collapse,7,24,ontology_collapse,coexact_minus_presence,0.7,late,0.25,0.8793103448275862,0.3744439665221307,1.0,1.0,-1.7973488427775806,0.21904570712896285,0.09914240027046615,0.16716308083579598,0.0715936417477744,2,1,1,1,1,1,1
spiral_out_hltd_closed_loop_alpha_k_grid_l7,ontology_collapse,7,24,ontology_collapse,coexact_minus_presence,0.7,middle,0.5,0.4107142857142857,0.2690784221843124,1.0,0.5,-1.4507998457573308,0.23604534612265218,0.035553448019297385,0.04234954821087179,0.03757796984718038,2,1,1,1,1,1,1
spiral_out_hltd_closed_loop_alpha_k_grid_l7,ontology_collapse,7,24,ontology_collapse,coexact_minus_presence,0.8,all,1.0,0.5386391625615764,0.3347099770781482,1.0,1.0,-2.1654610591721237,0.24873818314196477,0.04633101268498405,0.1258489669760097,0.09826503697468433,2,2,2,2,2,2,2
spiral_out_hltd_closed_loop_alpha_k_grid_l7,ontology_collapse,7,24,ontology_collapse,coexact_minus_presence,0.8,early,0.25,0.2931034482758621,0.4000715871859799,1.0,1.0,-2.1392106774593245,0.5382122916720098,-0.1601390702036625,0.2198911620673702,0.08264482631930635,2,1,1,1,1,1,1
spiral_out_hltd_closed_loop_alpha_k_grid_l7,ontology_collapse,7,24,ontology_collapse,coexact_minus_presence,0.8,late,0.375,0.8325123152709359,0.40177353848191166,1.0,1.0,-2.543177237133108,0.19891773949853947,0.012912319509396777,0.07395573352151874,0.10365357288576343,2,2,2,2,2,2,2
spiral_out_hltd_closed_loop_alpha_k_grid_l7,ontology_collapse,7,24,ontology_collapse,coexact_minus_presence,0.8,middle,0.375,0.39285714285714285,0.2331818662557573,1.0,1.0,-2.053854600471515,0.11793434124403938,0.19350668538453888,0.06542501006412314,0.1062862892111356,2,1,1,1,1,1,1
spiral_out_hltd_closed_loop_alpha_k_grid_l7,ontology_collapse,7,24,ontology_collapse,coexact_minus_presence,0.9,all,1.0,0.5386391625615764,0.3347099770781482,1.0,1.0,-2.1654610591721237,0.2918783872806411,0.006361778828029678,0.19242216170004797,0.12925925200433924,2,2,2,2,2,2,2
spiral_out_hltd_closed_loop_alpha_k_grid_l7,ontology_collapse,7,24,ontology_collapse,coexact_minus_presence,0.9,early,0.25,0.2931034482758621,0.4000715871859799,1.0,1.0,-2.1392106774593245,0.6380528959865988,-0.2662593825905333,0.29488416713992066,0.10784863991187796,2,1,1,1,1,1,1
spiral_out_hltd_closed_loop_alpha_k_grid_l7,ontology_collapse,7,24,ontology_collapse,coexact_minus_presence,0.9,late,0.375,0.8325123152709359,0.40177353848191166,1.0,1.0,-2.543177237133108,0.18553424933741858,-0.0116367487506039,0.11156011495340623,0.13049296121224388,2,2,2,2,2,2,2
spiral_out_hltd_closed_loop_alpha_k_grid_l7,ontology_collapse,7,24,ontology_collapse,coexact_minus_presence,0.9,middle,0.375,0.39285714285714285,0.2331818662557573,1.0,1.0,-2.053854600471515,0.1814388261278642,0.18628276637627053,0.1372249385383236,0.14429028923834683,2,1,1,1,1,1,1
spiral_out_hltd_closed_loop_alpha_k_grid_l7,ontology_collapse,7,24,ontology_collapse,presence,0.7,all,1.0,0.35221674876847286,0.3061771448257117,1.0,0.0,-1.5030304029503814,-0.37722519872026705,0.1524674761235358,-0.12139327786887472,0.04838438987728161,2,2,2,2,2,2,2
spiral_out_hltd_closed_loop_alpha_k_grid_l7,ontology_collapse,7,24,ontology_collapse,presence,0.7,early,0.5,0.27586206896551724,0.3412849450545251,1.0,0.0,-1.592328588796061,-0.33323981797025404,0.16312125537575278,-0.05856339934646443,0.06131328541223857,2,1,1,1,1,1,1
spiral_out_hltd_closed_loop_alpha_k_grid_l7,ontology_collapse,7,24,ontology_collapse,presence,0.7,late,0.0,,,,,,,,,,2,0,0,0,0,0,0
spiral_out_hltd_closed_loop_alpha_k_grid_l7,ontology_collapse,7,24,ontology_collapse,presence,0.7,middle,0.5,0.42857142857142855,0.2710693445968982,1.0,0.0,-1.4137322171047018,-0.42121057947028,0.14181369687131884,-0.184223156391285,0.03545549434232465,2,1,1,1,1,1,1
spiral_out_hltd_closed_loop_alpha_k_grid_l7,ontology_collapse,7,24,ontology_collapse,presence,0.8,all,1.0,0.35221674876847286,0.3061771448257117,1.0,0.0,-1.5030304029503814,-0.42028422468867066,0.16652003750989847,-0.1407696997031603,0.06196561444836794,2,2,2,2,2,2,2
spiral_out_hltd_closed_loop_alpha_k_grid_l7,ontology_collapse,7,24,ontology_collapse,presence,0.8,early,0.5,0.27586206896551724,0.3412849450545251,1.0,0.0,-1.592328588796061,-0.3579738965216235,0.18023970159523725,-0.06733343215614475,0.07664047275119623,2,1,1,1,1,1,1
spiral_out_hltd_closed_loop_alpha_k_grid_l7,ontology_collapse,7,24,ontology_collapse,presence,0.8,late,0.0,,,,,,,,,,2,0,0,0,0,0,0
spiral_out_hltd_closed_loop_alpha_k_grid_l7,ontology_collapse,7,24,ontology_collapse,presence,0.8,middle,0.5,0.42857142857142855,0.2710693445968982,1.0,0.0,-1.4137322171047018,-0.48259455285571784,0.1528003734245597,-0.21420596725017588,0.04729075614553965,2,1,1,1,1,1,1
spiral_out_hltd_closed_loop_alpha_k_grid_l7,ontology_collapse,7,24,ontology_collapse,presence,0.9,all,1.0,0.35221674876847286,0.3061771448257117,1.0,0.0,-1.5030304029503814,-0.44618281654094205,0.1694433419039809,-0.15217581225810353,0.07456190387694889,2,2,2,2,2,2,2
spiral_out_hltd_closed_loop_alpha_k_grid_l7,ontology_collapse,7,24,ontology_collapse,presence,0.9,early,0.5,0.27586206896551724,0.3412849450545251,1.0,0.0,-1.592328588796061,-0.410948795551358,0.17152050559921858,-0.05754765451604125,0.088739852755413,2,1,1,1,1,1,1
spiral_out_hltd_closed_loop_alpha_k_grid_l7,ontology_collapse,7,24,ontology_collapse,presence,0.9,late,0.0,,,,,,,,,,2,0,0,0,0,0,0
spiral_out_hltd_closed_loop_alpha_k_grid_l7,ontology_collapse,7,24,ontology_collapse,presence,0.9,middle,0.5,0.42857142857142855,0.2710693445968982,1.0,0.0,-1.4137322171047018,-0.4814168375305261,0.1673661782087432,-0.24680397000016582,0.06038395499848478,2,1,1,1,1,1,1
spiral_out_hltd_closed_loop_alpha_k_grid_l7,ontology_collapse,7,24,ontology_collapse,random_tangent,0.7,all,1.0,0.35221674876847286,0.3061771448257117,1.0,0.0,-1.5030304029503814,-0.06751429813226253,0.03795086264853871,-0.04067235085500508,0.018441905706642375,2,2,2,2,2,2,2
spiral_out_hltd_closed_loop_alpha_k_grid_l7,ontology_collapse,7,24,ontology_collapse,random_tangent,0.7,early,0.5,0.27586206896551724,0.3412849450545251,1.0,0.0,-1.592328588796061,0.08544534566144076,0.06238905603884955,-0.03228127720351037,0.016756218578398673,2,1,1,1,1,1,1
spiral_out_hltd_closed_loop_alpha_k_grid_l7,ontology_collapse,7,24,ontology_collapse,random_tangent,0.7,late,0.0,,,,,,,,,,2,0,0,0,0,0,0
spiral_out_hltd_closed_loop_alpha_k_grid_l7,ontology_collapse,7,24,ontology_collapse,random_tangent,0.7,middle,0.5,0.42857142857142855,0.2710693445968982,1.0,0.0,-1.4137322171047018,-0.2204739419259658,0.013512669258227882,-0.049063424506499774,0.020127592834886077,2,1,1,1,1,1,1
spiral_out_hltd_closed_loop_alpha_k_grid_l7,ontology_collapse,7,24,ontology_collapse,random_tangent,0.8,all,1.0,0.35221674876847286,0.3061771448257117,1.0,0.0,-1.5030304029503814,-0.08580157547657703,0.054119233482699834,-0.05876760104985953,0.02486864001669025,2,2,2,2,2,2,2
spiral_out_hltd_closed_loop_alpha_k_grid_l7,ontology_collapse,7,24,ontology_collapse,random_tangent,0.8,early,0.5,0.27586206896551724,0.3412849450545251,1.0,0.0,-1.592328588796061,0.07998735392920023,0.07380209922712307,-0.03322397058942403,0.02188111357779475,2,1,1,1,1,1,1
spiral_out_hltd_closed_loop_alpha_k_grid_l7,ontology_collapse,7,24,ontology_collapse,random_tangent,0.8,late,0.0,,,,,,,,,,2,0,0,0,0,0,0
spiral_out_hltd_closed_loop_alpha_k_grid_l7,ontology_collapse,7,24,ontology_collapse,random_tangent,0.8,middle,0.5,0.42857142857142855,0.2710693445968982,1.0,0.0,-1.4137322171047018,-0.2515905048823543,0.0344363677382766,-0.08431123151029503,0.02785616645558575,2,1,1,1,1,1,1
spiral_out_hltd_closed_loop_alpha_k_grid_l7,ontology_collapse,7,24,ontology_collapse,random_tangent,0.9,all,1.0,0.35221674876847286,0.3061771448257117,1.0,0.0,-1.5030304029503814,-0.10740106755715681,0.06340927489162239,-0.06917584965791561,0.0313974696213802,2,2,2,2,2,2,2
spiral_out_hltd_closed_loop_alpha_k_grid_l7,ontology_collapse,7,24,ontology_collapse,random_tangent,0.9,early,0.5,0.27586206896551724,0.3412849450545251,1.0,0.0,-1.592328588796061,0.10039061408763804,0.0992986668468134,-0.04691430573077185,0.027840010857278174,2,1,1,1,1,1,1
spiral_out_hltd_closed_loop_alpha_k_grid_l7,ontology_collapse,7,24,ontology_collapse,random_tangent,0.9,late,0.0,,,,,,,,,,2,0,0,0,0,0,0
spiral_out_hltd_closed_loop_alpha_k_grid_l7,ontology_collapse,7,24,ontology_collapse,random_tangent,0.9,middle,0.5,0.42857142857142855,0.2710693445968982,1.0,0.0,-1.4137322171047018,-0.31519274920195167,0.02751988293643138,-0.09143739358505937,0.034954928385482226,2,1,1,1,1,1,1
spiral_out_hltd_closed_loop_branch_panel_l7_k16_a08,ontology_collapse,7,16,ontology_collapse,baseline,0.0,all,1.0,0.3315853593940357,0.29356542215385906,0.0,0.0,-1.4629398406041692,,,,,3,3,0,0,0,0,0
spiral_out_hltd_closed_loop_branch_panel_l7_k16_a08,ontology_collapse,7,16,ontology_collapse,baseline,0.0,early,0.6666666666666666,0.2830923248053393,0.3048134609323395,0.0,0.0,-1.487543652353903,,,,,3,2,0,0,0,0,0
spiral_out_hltd_closed_loop_branch_panel_l7_k16_a08,ontology_collapse,7,16,ontology_collapse,baseline,0.0,late,0.0,,,,,,,,,,3,0,0,0,0,0,0
spiral_out_hltd_closed_loop_branch_panel_l7_k16_a08,ontology_collapse,7,16,ontology_collapse,baseline,0.0,middle,0.3333333333333333,0.42857142857142855,0.2710693445968982,0.0,0.0,-1.4137322171047018,,,,,3,1,0,0,0,0,0
spiral_out_hltd_closed_loop_branch_panel_l7_k16_a08,ontology_collapse,7,16,ontology_collapse,coexact,0.8,all,1.0,0.45653901160019067,0.31510385411615477,1.0,0.5,-1.6724794413724051,-0.0981219323491922,-0.02104732713422247,0.10454413582573059,0.03920334233465919,3,3,3,3,3,3,3
spiral_out_hltd_closed_loop_branch_panel_l7_k16_a08,ontology_collapse,7,16,ontology_collapse,coexact,0.8,early,0.4166666666666667,0.2917130144605117,0.32509955269555335,1.0,0.6666666666666666,-1.6265314159152489,-0.00480088348015606,0.021992309863823816,0.12024016436978216,0.036416961071544775,3,2,2,2,2,2,2
spiral_out_hltd_closed_loop_branch_panel_l7_k16_a08,ontology_collapse,7,16,ontology_collapse,coexact,0.8,late,0.16666666666666666,0.8793103448275862,0.3744439665221307,1.0,1.0,-1.7973488427775806,-0.053783194578129745,-0.06797233541872315,0.13553378611426664,0.056445880765611654,3,1,1,1,1,1,1
spiral_out_hltd_closed_loop_branch_panel_l7_k16_a08,ontology_collapse,7,16,ontology_collapse,coexact,0.8,middle,0.4166666666666667,0.48847926267281105,0.33431227678578057,1.0,0.5,-2.3069405707837127,-0.13661061106164402,-0.053885420780193066,0.07330748523317057,0.038201024133225084,3,2,2,2,2,2,2
spiral_out_hltd_closed_loop_branch_panel_l7_k16_a08,ontology_collapse,7,16,ontology_collapse,coexact_minus_presence,0.8,all,1.0,0.47737234493352404,0.31880146501793577,1.0,0.8333333333333334,-2.0200328217461028,0.05779449997048658,0.0581421559889582,0.07664128042087838,0.06137129509537912,3,3,3,3,3,3,3
spiral_out_hltd_closed_loop_branch_panel_l7_k16_a08,ontology_collapse,7,16,ontology_collapse,coexact_minus_presence,0.8,early,0.4166666666666667,0.2917130144605117,0.32509955269555335,1.0,0.6666666666666666,-1.6265314159152489,0.059676738705390614,0.01916912409468689,0.1505725507263439,0.04119171936520403,3,2,2,2,2,2,2
spiral_out_hltd_closed_loop_branch_panel_l7_k16_a08,ontology_collapse,7,16,ontology_collapse,coexact_minus_presence,0.8,late,0.25,0.8325123152709359,0.40177353848191166,1.0,1.0,-2.730677237133108,0.08438666896592427,0.054441726829793424,0.011866100207300945,0.10159663638636907,3,2,2,2,2,2,2
spiral_out_hltd_closed_loop_branch_panel_l7_k16_a08,ontology_collapse,7,16,ontology_collapse,coexact_minus_presence,0.8,middle,0.3333333333333333,0.47062211981566815,0.3153685376152101,1.0,1.0,-2.6270017624671196,0.08943438538629148,0.09005155520595784,-0.016298427531161598,0.05883798478084395,3,2,2,2,2,2,2
spiral_out_hltd_closed_loop_branch_panel_l7_k16_a08,ontology_collapse,7,16,ontology_collapse,presence,0.8,all,1.0,0.3530907357381217,0.29977957684964474,1.0,0.16666666666666666,-1.5471623842649411,-0.34003859282798166,0.06084722653182634,-0.04590063187551702,0.04862535230810882,3,3,3,3,3,3,3
spiral_out_hltd_closed_loop_branch_panel_l7_k16_a08,ontology_collapse,7,16,ontology_collapse,presence,0.8,early,0.5833333333333334,0.2830923248053393,0.295706231629826,1.0,0.16666666666666666,-1.3530903715836171,-0.23002828014631063,0.1038354198625999,-0.028268190697461087,0.04664670527678041,3,2,2,2,2,2,2
spiral_out_hltd_closed_loop_branch_panel_l7_k16_a08,ontology_collapse,7,16,ontology_collapse,presence,0.8,late,0.0,,,,,,,,,,3,0,0,0,0,0,0
spiral_out_hltd_closed_loop_branch_panel_l7_k16_a08,ontology_collapse,7,16,ontology_collapse,presence,0.8,middle,0.4166666666666667,0.48847926267281105,0.33431227678578057,1.0,0.5,-2.3069405707837127,-0.46128756455239484,-0.1540092552823049,0.035292426511247706,0.0490129516364589,3,2,2,2,2,2,2
spiral_out_hltd_closed_loop_branch_panel_l7_k16_a08,ontology_collapse,7,16,ontology_collapse,presence_plus_coexact,0.8,all,1.0,0.3530907357381217,0.29977957684964474,1.0,0.16666666666666666,-1.5471623842649411,-0.3309928061535069,0.012264170909805203,0.051272894683001446,0.034639204198710326,3,3,3,3,3,3,3
spiral_out_hltd_closed_loop_branch_panel_l7_k16_a08,ontology_collapse,7,16,ontology_collapse,presence_plus_coexact,0.8,early,0.5833333333333334,0.2830923248053393,0.295706231629826,1.0,0.16666666666666666,-1.3530903715836171,-0.34623330622492066,0.024147238761548485,0.08284106571333921,0.03050510818104253,3,2,2,2,2,2,2
spiral_out_hltd_closed_loop_branch_panel_l7_k16_a08,ontology_collapse,7,16,ontology_collapse,presence_plus_coexact,0.8,late,0.0,,,,,,,,,,3,0,0,0,0,0,0
spiral_out_hltd_closed_loop_branch_panel_l7_k16_a08,ontology_collapse,7,16,ontology_collapse,presence_plus_coexact,0.8,middle,0.4166666666666667,0.48847926267281105,0.33431227678578057,1.0,0.5,-2.3069405707837127,-0.3211431097219184,-0.077121965270003,0.07937736413797625,0.04396717371975261,3,2,2,2,2,2,2
spiral_out_hltd_closed_loop_branch_panel_l7_k16_a08,ontology_collapse,7,16,ontology_collapse,random_tangent,0.8,all,1.0,0.3530907357381217,0.29977957684964474,1.0,0.16666666666666666,-1.5471623842649411,-0.0042347440272750185,-0.03412812033548228,0.025493104434906492,0.0310706855269207,3,3,3,3,3,3,3
spiral_out_hltd_closed_loop_branch_panel_l7_k16_a08,ontology_collapse,7,16,ontology_collapse,random_tangent,0.8,early,0.5833333333333334,0.2830923248053393,0.295706231629826,1.0,0.16666666666666666,-1.3530903715836171,0.2039947263687557,0.0168893523928588,0.07082592252958161,0.028532441908371443,3,2,2,2,2,2,2
spiral_out_hltd_closed_loop_branch_panel_l7_k16_a08,ontology_collapse,7,16,ontology_collapse,random_tangent,0.8,late,0.0,,,,,,,,,,3,0,0,0,0,0,0
spiral_out_hltd_closed_loop_branch_panel_l7_k16_a08,ontology_collapse,7,16,ontology_collapse,random_tangent,0.8,middle,0.4166666666666667,0.48847926267281105,0.33431227678578057,1.0,0.5,-2.3069405707837127,-0.30000056291098587,-0.3439923804124465,0.0835596915808487,0.04810198096413387,3,2,2,2,2,2,2
spiral_out_hltd_closed_loop_branch_panel_l7_k16_a08_steps8,ontology_collapse,7,16,ontology_collapse,baseline,0.0,all,1.0,0.4111827294877906,0.3785806465283617,0.0,0.0,-1.7709683514900914,,,,,3,3,0,0,0,0,0
spiral_out_hltd_closed_loop_branch_panel_l7_k16_a08_steps8,ontology_collapse,7,16,ontology_collapse,baseline,0.0,early,0.5,0.27265215318607977,0.3683205989752989,0.0,0.0,-1.5567179714594084,,,,,3,2,0,0,0,0,0
spiral_out_hltd_closed_loop_branch_panel_l7_k16_a08_steps8,ontology_collapse,7,16,ontology_collapse,baseline,0.0,late,0.16666666666666666,0.7315668202764977,0.45440016422453355,0.0,0.0,-2.664992617460264,,,,,3,2,0,0,0,0,0
spiral_out_hltd_closed_loop_branch_panel_l7_k16_a08_steps8,ontology_collapse,7,16,ontology_collapse,baseline,0.0,middle,0.3333333333333333,0.5495249824067558,0.34883458554586944,0.0,0.0,-1.8725691393738537,,,,,3,2,0,0,0,0,0
spiral_out_hltd_closed_loop_branch_panel_l7_k16_a08_steps8,ontology_collapse,7,16,ontology_collapse,coexact,0.8,all,1.0,0.48742485036283706,0.3480255017881411,1.0,0.625,-2.167482815030301,-0.04597178084105513,-0.013530178988093356,0.11534615934616677,0.05589485703144296,3,3,3,3,3,3,3
spiral_out_hltd_closed_loop_branch_panel_l7_k16_a08_steps8,ontology_collapse,7,16,ontology_collapse,coexact,0.8,early,0.3333333333333333,0.2621431219873934,0.3371845758381371,1.0,0.8333333333333333,-2.054989929672607,0.18829505074939987,0.023451035218549524,0.06857831562398253,0.04276378025385659,3,2,2,2,2,2,2
spiral_out_hltd_closed_loop_branch_panel_l7_k16_a08_steps8,ontology_collapse,7,16,ontology_collapse,coexact,0.8,late,0.25,0.8238916256157636,0.38911849053825043,1.0,0.5,-2.887068260830256,0.045151883050844874,0.07641310057580167,-0.025682242039147124,0.06588655119682256,3,2,2,2,2,2,2
spiral_out_hltd_closed_loop_branch_panel_l7_k16_a08_steps8,ontology_collapse,7,16,ontology_collapse,coexact,0.8,middle,0.4166666666666667,0.49927546101866777,0.4334694957499841,1.0,0.7142857142857143,-2.10717129125825,-0.16526481091881862,-0.3122496172362891,0.22713107026733495,0.07319168031767474,3,3,3,3,3,3,3
spiral_out_hltd_closed_loop_branch_panel_l7_k16_a08_steps8,ontology_collapse,7,16,ontology_collapse,coexact_minus_presence,0.8,all,1.0,0.4892142062609248,0.34090420650696446,1.0,0.9166666666666666,-1.9456201433061289,0.056005135413467876,0.058693446522265796,0.12556670985580487,0.0762151337648528,3,3,3,3,3,3,3
spiral_out_hltd_closed_loop_branch_panel_l7_k16_a08_steps8,ontology_collapse,7,16,ontology_collapse,coexact_minus_presence,0.8,early,0.375,0.24793421261719373,0.3436911403894066,1.0,0.8571428571428572,-2.0257460061135673,0.17111598702553585,0.07215982821025893,0.09718860801289442,0.05402360089253811,3,2,2,2,2,2,2
spiral_out_hltd_closed_loop_branch_panel_l7_k16_a08_steps8,ontology_collapse,7,16,ontology_collapse,coexact_minus_presence,0.8,late,0.2916666666666667,0.8596059113300493,0.3732040888481971,1.0,1.0,-2.02952378302379,0.032616670848279364,0.051208796573908776,0.05804436039160574,0.08454030448504751,3,2,2,2,2,2,2
spiral_out_hltd_closed_loop_branch_panel_l7_k16_a08_steps8,ontology_collapse,7,16,ontology_collapse,coexact_minus_presence,0.8,middle,0.3333333333333333,0.48301463707470377,0.42159926565593137,1.0,1.0,-2.3219942470854202,0.09512968349670999,0.11973896620249735,0.11393031831161186,0.1242745805367042,3,3,3,3,3,3,3
spiral_out_hltd_closed_loop_branch_panel_l7_k16_a08_steps8,ontology_collapse,7,16,ontology_collapse,presence,0.8,all,1.0,0.39690760898352667,0.36562224055486636,1.0,0.4166666666666667,-1.859831879454054,-0.3275688420692986,0.07963523018862355,0.01751411012494578,0.06868417374703792,3,3,3,3,3,3,3
spiral_out_hltd_closed_loop_branch_panel_l7_k16_a08_steps8,ontology_collapse,7,16,ontology_collapse,presence,0.8,early,0.5,0.2592695587690026,0.32858074597087705,1.0,0.41666666666666663,-1.8636285275623952,-0.33870927009497526,0.0798749589288062,-0.014091806765664731,0.060296509858508915,3,2,2,2,2,2,2
spiral_out_hltd_closed_loop_branch_panel_l7_k16_a08_steps8,ontology_collapse,7,16,ontology_collapse,presence,0.8,late,0.08333333333333333,0.8583743842364532,0.46982408518553925,1.0,0.5,-2.7089797540572818,-0.020627073258572243,0.10240860151553478,0.20213930938844754,0.13420863985866116,3,2,2,2,2,2,2
spiral_out_hltd_closed_loop_branch_panel_l7_k16_a08_steps8,ontology_collapse,7,16,ontology_collapse,presence,0.8,middle,0.4166666666666667,0.5222639667657942,0.4607235155743918,1.0,0.7142857142857143,-1.3468541510195084,-0.47277263825387855,-0.019882294892755798,0.0813230104799501,0.04693526273384511,3,3,3,3,3,3,3
spiral_out_hltd_closed_loop_branch_panel_l7_k16_a08_steps8,ontology_collapse,7,16,ontology_collapse,presence_plus_coexact,0.8,all,1.0,0.3710455400180095,0.36496585164597745,1.0,0.4166666666666667,-1.9083770304233143,-0.136321343863157,0.04234468120227661,0.040310482951581114,0.04550433059746706,3,3,3,3,3,3,3
spiral_out_hltd_closed_loop_branch_panel_l7_k16_a08_steps8,ontology_collapse,7,16,ontology_collapse,presence_plus_coexact,0.8,early,0.5416666666666666,0.2412071613962604,0.3416950025316932,1.0,0.47619047619047616,-1.8567660724051511,-0.17660967712257652,0.03815270145802431,0.020559051450406284,0.039359397497782944,3,2,2,2,2,2,2
spiral_out_hltd_closed_loop_branch_panel_l7_k16_a08_steps8,ontology_collapse,7,16,ontology_collapse,presence_plus_coexact,0.8,late,0.08333333333333333,0.8583743842364532,0.46982408518553925,1.0,0.5,-2.3339797540572818,0.3081129372502627,-0.09076144056979274,-0.01931059483345625,0.04727391989302815,3,2,2,2,2,2,2
spiral_out_hltd_closed_loop_branch_panel_l7_k16_a08_steps8,ontology_collapse,7,16,ontology_collapse,presence_plus_coexact,0.8,middle,0.375,0.4558097432521395,0.39997684680347806,1.0,0.5714285714285714,-1.9065448590702174,-0.11181727035392565,0.014616001260165275,0.1124260489909604,0.046912532730700354,3,2,2,2,2,2,2
spiral_out_hltd_closed_loop_branch_panel_l7_k16_a08_steps8,ontology_collapse,7,16,ontology_collapse,random_tangent,0.8,all,1.0,0.3681719767996186,0.36017198232843656,1.0,0.3333333333333333,-1.88269081647743,-0.049057198179528805,-0.002405606806855582,0.06799671194525857,0.06894687975893354,3,3,3,3,3,3,3
spiral_out_hltd_closed_loop_branch_panel_l7_k16_a08_steps8,ontology_collapse,7,16,ontology_collapse,random_tangent,0.8,early,0.5416666666666666,0.2559854865194131,0.3431379035281694,1.0,0.3333333333333333,-1.80684407626994,0.02249920840368093,-0.02313421132342444,0.07954881283570718,0.0568553982874452,3,2,2,2,2,2,2
spiral_out_hltd_closed_loop_branch_panel_l7_k16_a08_steps8,ontology_collapse,7,16,ontology_collapse,random_tangent,0.8,late,0.041666666666666664,0.7857142857142857,0.4487640039007022,1.0,0.0,-3.142922259925598,-0.1999501464950235,0.2886529525514874,0.0484736278488782,0.1131555495953306,3,1,1,1,1,1,1
spiral_out_hltd_closed_loop_branch_panel_l7_k16_a08_steps8,ontology_collapse,7,16,ontology_collapse,random_tangent,0.8,middle,0.4166666666666667,0.5222639667657942,0.3851947941685612,1.0,0.7142857142857143,-1.967569544887998,0.033696115332037445,0.00241093425886534,-0.022463034772752005,0.11147226157957496,3,3,3,3,3,3,3
spiral_out_hltd_closed_loop_identity02_branch_surface_l4_5_7_k12_16_24_a04_08_12_s0_19,identity_stress,4,12,identity_stress,baseline,0.0,all,1.0,0.25806451612903225,0.27359333448265505,0.0,0.0,-1.1828958905867246,,,,,1,1,0,0,0,0,0
spiral_out_hltd_closed_loop_identity02_branch_surface_l4_5_7_k12_16_24_a04_08_12_s0_19,identity_stress,4,12,identity_stress,baseline,0.0,early,1.0,0.25806451612903225,0.27359333448265505,0.0,0.0,-1.1828958905867246,,,,,1,1,0,0,0,0,0
spiral_out_hltd_closed_loop_identity02_branch_surface_l4_5_7_k12_16_24_a04_08_12_s0_19,identity_stress,4,12,identity_stress,baseline,0.0,late,0.0,,,,,,,,,,1,0,0,0,0,0,0
spiral_out_hltd_closed_loop_identity02_branch_surface_l4_5_7_k12_16_24_a04_08_12_s0_19,identity_stress,4,12,identity_stress,baseline,0.0,middle,0.0,,,,,,,,,,1,0,0,0,0,0,0
spiral_out_hltd_closed_loop_identity02_branch_surface_l4_5_7_k12_16_24_a04_08_12_s0_19,identity_stress,4,12,identity_stress,coexact,0.4,all,1.0,0.25806451612903225,0.27359333448265505,1.0,0.0,-1.1828958905867246,0.07584677612099927,-0.015070633603162475,0.044326268893545274,0.0026941795622475013,1,1,1,1,1,1,1
spiral_out_hltd_closed_loop_identity02_branch_surface_l4_5_7_k12_16_24_a04_08_12_s0_19,identity_stress,4,12,identity_stress,coexact,0.4,early,1.0,0.25806451612903225,0.27359333448265505,1.0,0.0,-1.1828958905867246,0.07584677612099927,-0.015070633603162475,0.044326268893545274,0.0026941795622475013,1,1,1,1,1,1,1
spiral_out_hltd_closed_loop_identity02_branch_surface_l4_5_7_k12_16_24_a04_08_12_s0_19,identity_stress,4,12,identity_stress,coexact,0.4,late,0.0,,,,,,,,,,1,0,0,0,0,0,0
spiral_out_hltd_closed_loop_identity02_branch_surface_l4_5_7_k12_16_24_a04_08_12_s0_19,identity_stress,4,12,identity_stress,coexact,0.4,middle,0.0,,,,,,,,,,1,0,0,0,0,0,0
spiral_out_hltd_closed_loop_identity02_branch_surface_l4_5_7_k12_16_24_a04_08_12_s0_19,identity_stress,4,12,identity_stress,coexact,0.8,all,1.0,0.25806451612903225,0.27359333448265505,1.0,0.25,-1.2348215497664121,0.1798597856916188,0.046238739473896125,0.08526279344771925,0.012756878042199805,1,1,1,1,1,1,1
spiral_out_hltd_closed_loop_identity02_branch_surface_l4_5_7_k12_16_24_a04_08_12_s0_19,identity_stress,4,12,identity_stress,coexact,0.8,early,1.0,0.25806451612903225,0.27359333448265505,1.0,0.25,-1.2348215497664121,0.1798597856916188,0.046238739473896125,0.08526279344771925,0.012756878042199805,1,1,1,1,1,1,1
spiral_out_hltd_closed_loop_identity02_branch_surface_l4_5_7_k12_16_24_a04_08_12_s0_19,identity_stress,4,12,identity_stress,coexact,0.8,late,0.0,,,,,,,,,,1,0,0,0,0,0,0
spiral_out_hltd_closed_loop_identity02_branch_surface_l4_5_7_k12_16_24_a04_08_12_s0_19,identity_stress,4,12,identity_stress,coexact,0.8,middle,0.0,,,,,,,,,,1,0,0,0,0,0,0
spiral_out_hltd_closed_loop_identity02_branch_surface_l4_5_7_k12_16_24_a04_08_12_s0_19,identity_stress,4,12,identity_stress,coexact,1.2,all,1.0,0.25806451612903225,0.27359333448265505,1.0,0.25,-1.2348215497664121,0.338070533458541,0.042701919746029646,0.1623667546289619,0.03253129594441203,1,1,1,1,1,1,1
spiral_out_hltd_closed_loop_identity02_branch_surface_l4_5_7_k12_16_24_a04_08_12_s0_19,identity_stress,4,12,identity_stress,coexact,1.2,early,1.0,0.25806451612903225,0.27359333448265505,1.0,0.25,-1.2348215497664121,0.338070533458541,0.042701919746029646,0.1623667546289619,0.03253129594441203,1,1,1,1,1,1,1
spiral_out_hltd_closed_loop_identity02_branch_surface_l4_5_7_k12_16_24_a04_08_12_s0_19,identity_stress,4,12,identity_stress,coexact,1.2,late,0.0,,,,,,,,,,1,0,0,0,0,0,0
spiral_out_hltd_closed_loop_identity02_branch_surface_l4_5_7_k12_16_24_a04_08_12_s0_19,identity_stress,4,12,identity_stress,coexact,1.2,middle,0.0,,,,,,,,,,1,0,0,0,0,0,0
spiral_out_hltd_closed_loop_identity02_branch_surface_l4_5_7_k12_16_24_a04_08_12_s0_19,identity_stress,4,12,identity_stress,coexact_minus_presence,0.4,all,1.0,0.25806451612903225,0.27359333448265505,1.0,0.0,-1.1828958905867246,0.0307958238226096,-0.005233467743121133,0.033990817736218745,0.0028864122661285824,1,1,1,1,1,1,1
spiral_out_hltd_closed_loop_identity02_branch_surface_l4_5_7_k12_16_24_a04_08_12_s0_19,identity_stress,4,12,identity_stress,coexact_minus_presence,0.4,early,1.0,0.25806451612903225,0.27359333448265505,1.0,0.0,-1.1828958905867246,0.0307958238226096,-0.005233467743121133,0.033990817736218745,0.0028864122661285824,1,1,1,1,1,1,1
spiral_out_hltd_closed_loop_identity02_branch_surface_l4_5_7_k12_16_24_a04_08_12_s0_19,identity_stress,4,12,identity_stress,coexact_minus_presence,0.4,late,0.0,,,,,,,,,,1,0,0,0,0,0,0
spiral_out_hltd_closed_loop_identity02_branch_surface_l4_5_7_k12_16_24_a04_08_12_s0_19,identity_stress,4,12,identity_stress,coexact_minus_presence,0.4,middle,0.0,,,,,,,,,,1,0,0,0,0,0,0
spiral_out_hltd_closed_loop_identity02_branch_surface_l4_5_7_k12_16_24_a04_08_12_s0_19,identity_stress,4,12,identity_stress,coexact_minus_presence,0.8,all,1.0,0.25806451612903225,0.27359333448265505,1.0,0.25,-1.2348215497664121,0.09421289693041099,0.05109650781025007,0.05100702073775337,0.01175452702543659,1,1,1,1,1,1,1
spiral_out_hltd_closed_loop_identity02_branch_surface_l4_5_7_k12_16_24_a04_08_12_s0_19,identity_stress,4,12,identity_stress,coexact_minus_presence,0.8,early,1.0,0.25806451612903225,0.27359333448265505,1.0,0.25,-1.2348215497664121,0.09421289693041099,0.05109650781025007,0.05100702073775337,0.01175452702543659,1,1,1,1,1,1,1
spiral_out_hltd_closed_loop_identity02_branch_surface_l4_5_7_k12_16_24_a04_08_12_s0_19,identity_stress,4,12,identity_stress,coexact_minus_presence,0.8,late,0.0,,,,,,,,,,1,0,0,0,0,0,0
spiral_out_hltd_closed_loop_identity02_branch_surface_l4_5_7_k12_16_24_a04_08_12_s0_19,identity_stress,4,12,identity_stress,coexact_minus_presence,0.8,middle,0.0,,,,,,,,,,1,0,0,0,0,0,0
spiral_out_hltd_closed_loop_identity02_branch_surface_l4_5_7_k12_16_24_a04_08_12_s0_19,identity_stress,4,12,identity_stress,coexact_minus_presence,1.2,all,1.0,0.25806451612903225,0.27359333448265505,1.0,0.25,-1.2348215497664121,0.37713883539174375,-0.014348672428997886,0.21639498576228466,0.053980575205110376,1,1,1,1,1,1,1
spiral_out_hltd_closed_loop_identity02_branch_surface_l4_5_7_k12_16_24_a04_08_12_s0_19,identity_stress,4,12,identity_stress,coexact_minus_presence,1.2,early,1.0,0.25806451612903225,0.27359333448265505,1.0,0.25,-1.2348215497664121,0.37713883539174375,-0.014348672428997886,0.21639498576228466,0.053980575205110376,1,1,1,1,1,1,1
spiral_out_hltd_closed_loop_identity02_branch_surface_l4_5_7_k12_16_24_a04_08_12_s0_19,identity_stress,4,12,identity_stress,coexact_minus_presence,1.2,late,0.0,,,,,,,,,,1,0,0,0,0,0,0
spiral_out_hltd_closed_loop_identity02_branch_surface_l4_5_7_k12_16_24_a04_08_12_s0_19,identity_stress,4,12,identity_stress,coexact_minus_presence,1.2,middle,0.0,,,,,,,,,,1,0,0,0,0,0,0
spiral_out_hltd_closed_loop_identity02_branch_surface_l4_5_7_k12_16_24_a04_08_12_s0_19,identity_stress,4,12,identity_stress,negative_coexact,0.4,all,1.0,0.3951612903225806,0.24343503932755356,1.0,0.5,-1.2164246591346135,-0.0514866296940379,-0.00119778717898455,0.0007053463372923736,0.001962255705076448,1,1,1,1,1,1,1
spiral_out_hltd_closed_loop_identity02_branch_surface_l4_5_7_k12_16_24_a04_08_12_s0_19,identity_stress,4,12,identity_stress,negative_coexact,0.4,early,0.75,0.25806451612903225,0.24965891884367064,1.0,0.3333333333333333,-0.9068906867169394,-0.058297950138929466,0.008083196017257899,-0.0191504410643963,0.001584150353144531,1,1,1,1,1,1,1
spiral_out_hltd_closed_loop_identity02_branch_surface_l4_5_7_k12_16_24_a04_08_12_s0_19,identity_stress,4,12,identity_stress,negative_coexact,0.4,late,0.25,0.8064516129032258,0.2247634007792023,1.0,1.0,-2.145026576387636,-0.0310526683593632,-0.0290407367677119,0.0602727085423584,0.0030965717608722,1,1,1,1,1,1,1
spiral_out_hltd_closed_loop_identity02_branch_surface_l4_5_7_k12_16_24_a04_08_12_s0_19,identity_stress,4,12,identity_stress,negative_coexact,0.4,middle,0.0,,,,,,,,,,1,0,0,0,0,0,0
spiral_out_hltd_closed_loop_identity02_branch_surface_l4_5_7_k12_16_24_a04_08_12_s0_19,identity_stress,4,12,identity_stress,negative_coexact,0.8,all,1.0,0.3951612903225806,0.24343503932755356,1.0,0.5,-1.2164246591346135,-0.12871831263363886,-0.035380713809722394,0.05620255695926431,0.010132474978809125,1,1,1,1,1,1,1
spiral_out_hltd_closed_loop_identity02_branch_surface_l4_5_7_k12_16_24_a04_08_12_s0_19,identity_stress,4,12,identity_stress,negative_coexact,0.8,early,0.75,0.25806451612903225,0.24965891884367064,1.0,0.3333333333333333,-0.9068906867169394,-0.09693614058653327,0.016605328553396234,-0.017497934038070595,0.007963194306319766,1,1,1,1,1,1,1
spiral_out_hltd_closed_loop_identity02_branch_surface_l4_5_7_k12_16_24_a04_08_12_s0_19,identity_stress,4,12,identity_stress,negative_coexact,0.8,late,0.25,0.8064516129032258,0.2247634007792023,1.0,1.0,-2.145026576387636,-0.2240648287749556,-0.1913388408990783,0.277304029951269,0.0166403169962772,1,1,1,1,1,1,1
spiral_out_hltd_closed_loop_identity02_branch_surface_l4_5_7_k12_16_24_a04_08_12_s0_19,identity_stress,4,12,identity_stress,negative_coexact,0.8,middle,0.0,,,,,,,,,,1,0,0,0,0,0,0
spiral_out_hltd_closed_loop_identity02_branch_surface_l4_5_7_k12_16_24_a04_08_12_s0_19,identity_stress,4,12,identity_stress,negative_coexact,1.2,all,1.0,0.3951612903225806,0.24343503932755356,1.0,0.5,-1.2164246591346135,-0.21769209956243518,-0.12323655266141387,0.18396642514032127,0.0308752886905834,1,1,1,1,1,1,1
spiral_out_hltd_closed_loop_identity02_branch_surface_l4_5_7_k12_16_24_a04_08_12_s0_19,identity_stress,4,12,identity_stress,negative_coexact,1.2,early,0.75,0.25806451612903225,0.24965891884367064,1.0,0.3333333333333333,-0.9068906867169394,-0.08731384449064333,0.010520826950307566,0.037827903693901134,0.021526010061370435,1,1,1,1,1,1,1
spiral_out_hltd_closed_loop_identity02_branch_surface_l4_5_7_k12_16_24_a04_08_12_s0_19,identity_stress,4,12,identity_stress,negative_coexact,1.2,late,0.25,0.8064516129032258,0.2247634007792023,1.0,1.0,-2.145026576387636,-0.6088268647778108,-0.5245086914965782,0.6223819894795817,0.0589231245782223,1,1,1,1,1,1,1
spiral_out_hltd_closed_loop_identity02_branch_surface_l4_5_7_k12_16_24_a04_08_12_s0_19,identity_stress,4,12,identity_stress,negative_coexact,1.2,middle,0.0,,,,,,,,,,1,0,0,0,0,0,0
spiral_out_hltd_closed_loop_identity02_branch_surface_l4_5_7_k12_16_24_a04_08_12_s0_19,identity_stress,4,12,identity_stress,presence,0.4,all,1.0,0.3951612903225806,0.24343503932755356,1.0,0.5,-1.2164246591346135,0.08924892053133535,0.03019052323068648,-0.015244156052865148,0.0016390160898113403,1,1,1,1,1,1,1
spiral_out_hltd_closed_loop_identity02_branch_surface_l4_5_7_k12_16_24_a04_08_12_s0_19,identity_stress,4,12,identity_stress,presence,0.4,early,0.75,0.25806451612903225,0.24965891884367064,1.0,0.3333333333333333,-0.9068906867169394,0.0748962003141328,-0.007549215469211389,0.021624486405114732,0.0010328679282661539,1,1,1,1,1,1,1
spiral_out_hltd_closed_loop_identity02_branch_surface_l4_5_7_k12_16_24_a04_08_12_s0_19,identity_stress,4,12,identity_stress,presence,0.4,late,0.25,0.8064516129032258,0.2247634007792023,1.0,1.0,-2.145026576387636,0.132307081182943,0.1434097393303801,-0.1258500834268048,0.0034574605744469,1,1,1,1,1,1,1
spiral_out_hltd_closed_loop_identity02_branch_surface_l4_5_7_k12_16_24_a04_08_12_s0_19,identity_stress,4,12,identity_stress,presence,0.4,middle,0.0,,,,,,,,,,1,0,0,0,0,0,0
spiral_out_hltd_closed_loop_identity02_branch_surface_l4_5_7_k12_16_24_a04_08_12_s0_19,identity_stress,4,12,identity_stress,presence,0.8,all,1.0,0.3951612903225806,0.24343503932755356,1.0,0.5,-1.2164246591346135,0.2032509993600615,0.04307487072221152,-0.004669248413907867,0.006708403126797789,1,1,1,1,1,1,1
spiral_out_hltd_closed_loop_identity02_branch_surface_l4_5_7_k12_16_24_a04_08_12_s0_19,identity_stress,4,12,identity_stress,presence,0.8,early,0.75,0.25806451612903225,0.24965891884367064,1.0,0.3333333333333333,-0.9068906867169394,0.1895436881911614,-0.02870624457012617,0.06434536337031733,0.004235283923562085,1,1,1,1,1,1,1
spiral_out_hltd_closed_loop_identity02_branch_surface_l4_5_7_k12_16_24_a04_08_12_s0_19,identity_stress,4,12,identity_stress,presence,0.8,late,0.25,0.8064516129032258,0.2247634007792023,1.0,1.0,-2.145026576387636,0.2443729328667618,0.2584182165992246,-0.2117130837665835,0.0141277607365049,1,1,1,1,1,1,1
spiral_out_hltd_closed_loop_identity02_branch_surface_l4_5_7_k12_16_24_a04_08_12_s0_19,identity_stress,4,12,identity_stress,presence,0.8,middle,0.0,,,,,,,,,,1,0,0,0,0,0,0
spiral_out_hltd_closed_loop_identity02_branch_surface_l4_5_7_k12_16_24_a04_08_12_s0_19,identity_stress,4,12,identity_stress,presence,1.2,all,1.0,0.3951612903225806,0.24343503932755356,1.0,0.5,-1.2164246591346135,0.3339584929377313,0.03263483004248262,0.051889856065091486,0.016239759879931225,1,1,1,1,1,1,1
spiral_out_hltd_closed_loop_identity02_branch_surface_l4_5_7_k12_16_24_a04_08_12_s0_19,identity_stress,4,12,identity_stress,presence,1.2,early,0.75,0.25806451612903225,0.24965891884367064,1.0,0.3333333333333333,-0.9068906867169394,0.348961104293893,-0.057010097889673206,0.12612481915719195,0.01044108209592773,1,1,1,1,1,1,1
spiral_out_hltd_closed_loop_identity02_branch_surface_l4_5_7_k12_16_24_a04_08_12_s0_19,identity_stress,4,12,identity_stress,presence,1.2,late,0.25,0.8064516129032258,0.2247634007792023,1.0,1.0,-2.145026576387636,0.2889506588692461,0.3015696138389501,-0.1708150332112099,0.0336357932319417,1,1,1,1,1,1,1
spiral_out_hltd_closed_loop_identity02_branch_surface_l4_5_7_k12_16_24_a04_08_12_s0_19,identity_stress,4,12,identity_stress,presence,1.2,middle,0.0,,,,,,,,,,1,0,0,0,0,0,0
spiral_out_hltd_closed_loop_identity02_branch_surface_l4_5_7_k12_16_24_a04_08_12_s0_19,identity_stress,4,12,identity_stress,presence_plus_coexact,0.4,all,1.0,0.25806451612903225,0.27359333448265505,1.0,0.0,-1.1828958905867246,0.08973479569572657,-0.023333474092172624,0.039153676805473325,0.0012466699827762408,1,1,1,1,1,1,1
spiral_out_hltd_closed_loop_identity02_branch_surface_l4_5_7_k12_16_24_a04_08_12_s0_19,identity_stress,4,12,identity_stress,presence_plus_coexact,0.4,early,1.0,0.25806451612903225,0.27359333448265505,1.0,0.0,-1.1828958905867246,0.08973479569572657,-0.023333474092172624,0.039153676805473325,0.0012466699827762408,1,1,1,1,1,1,1
spiral_out_hltd_closed_loop_identity02_branch_surface_l4_5_7_k12_16_24_a04_08_12_s0_19,identity_stress,4,12,identity_stress,presence_plus_coexact,0.4,late,0.0,,,,,,,,,,1,0,0,0,0,0,0
spiral_out_hltd_closed_loop_identity02_branch_surface_l4_5_7_k12_16_24_a04_08_12_s0_19,identity_stress,4,12,identity_stress,presence_plus_coexact,0.4,middle,0.0,,,,,,,,,,1,0,0,0,0,0,0
spiral_out_hltd_closed_loop_identity02_branch_surface_l4_5_7_k12_16_24_a04_08_12_s0_19,identity_stress,4,12,identity_stress,presence_plus_coexact,0.8,all,1.0,0.25806451612903225,0.27359333448265505,1.0,0.0,-1.1828958905867246,0.19238531299555592,-0.0533823179382828,0.10179271920209484,0.006604418997935425,1,1,1,1,1,1,1
spiral_out_hltd_closed_loop_identity02_branch_surface_l4_5_7_k12_16_24_a04_08_12_s0_19,identity_stress,4,12,identity_stress,presence_plus_coexact,0.8,early,1.0,0.25806451612903225,0.27359333448265505,1.0,0.0,-1.1828958905867246,0.19238531299555592,-0.0533823179382828,0.10179271920209484,0.006604418997935425,1,1,1,1,1,1,1
spiral_out_hltd_closed_loop_identity02_branch_surface_l4_5_7_k12_16_24_a04_08_12_s0_19,identity_stress,4,12,identity_stress,presence_plus_coexact,0.8,late,0.0,,,,,,,,,,1,0,0,0,0,0,0
spiral_out_hltd_closed_loop_identity02_branch_surface_l4_5_7_k12_16_24_a04_08_12_s0_19,identity_stress,4,12,identity_stress,presence_plus_coexact,0.8,middle,0.0,,,,,,,,,,1,0,0,0,0,0,0
spiral_out_hltd_closed_loop_identity02_branch_surface_l4_5_7_k12_16_24_a04_08_12_s0_19,identity_stress,4,12,identity_stress,presence_plus_coexact,1.2,all,1.0,0.25806451612903225,0.27359333448265505,1.0,0.25,-1.2348215497664121,0.3283074147433549,-0.022895557891668944,0.18812124295598373,0.019049614975232675,1,1,1,1,1,1,1
spiral_out_hltd_closed_loop_identity02_branch_surface_l4_5_7_k12_16_24_a04_08_12_s0_19,identity_stress,4,12,identity_stress,presence_plus_coexact,1.2,early,1.0,0.25806451612903225,0.27359333448265505,1.0,0.25,-1.2348215497664121,0.3283074147433549,-0.022895557891668944,0.18812124295598373,0.019049614975232675,1,1,1,1,1,1,1
spiral_out_hltd_closed_loop_identity02_branch_surface_l4_5_7_k12_16_24_a04_08_12_s0_19,identity_stress,4,12,identity_stress,presence_plus_coexact,1.2,late,0.0,,,,,,,,,,1,0,0,0,0,0,0
spiral_out_hltd_closed_loop_identity02_branch_surface_l4_5_7_k12_16_24_a04_08_12_s0_19,identity_stress,4,12,identity_stress,presence_plus_coexact,1.2,middle,0.0,,,,,,,,,,1,0,0,0,0,0,0
spiral_out_hltd_closed_loop_identity02_branch_surface_l4_5_7_k12_16_24_a04_08_12_s0_19,identity_stress,4,12,identity_stress,random_tangent,0.4,all,1.0,0.319758064516129,0.2600221016628594,1.0,0.2375,-1.200580119392259,-0.020880051571846147,0.002789385138744645,0.016394455424077994,0.002493330313951546,1,1,1,1,1,1,1
spiral_out_hltd_closed_loop_identity02_branch_surface_l4_5_7_k12_16_24_a04_08_12_s0_19,identity_stress,4,12,identity_stress,random_tangent,0.4,early,0.8875,0.25806451612903225,0.2628228474451121,1.0,0.1625,-1.0612898318043056,-0.020643954723285833,0.007316594197338995,0.018048910246622855,0.002361285603605541,1,1,1,1,1,1,1
spiral_out_hltd_closed_loop_identity02_branch_surface_l4_5_7_k12_16_24_a04_08_12_s0_19,identity_stress,4,12,identity_stress,random_tangent,0.4,late,0.1125,0.8064516129032258,0.2247634007792023,1.0,1.0,-2.145026576387636,-0.01834144630127119,-0.03547667946679348,0.011681032940115311,0.003649059270759411,1,1,1,1,1,1,1
spiral_out_hltd_closed_loop_identity02_branch_surface_l4_5_7_k12_16_24_a04_08_12_s0_19,identity_stress,4,12,identity_stress,random_tangent,0.4,middle,0.0,,,,,,,,,,1,0,0,0,0,0,0
spiral_out_hltd_closed_loop_identity02_branch_surface_l4_5_7_k12_16_24_a04_08_12_s0_19,identity_stress,4,12,identity_stress,random_tangent,0.8,all,1.0,0.32661290322580644,0.2585141869051043,1.0,0.2875,-1.2074491237376221,-0.00618350770539648,-0.014744186909926427,0.09705814706725119,0.013751506411851508,1,1,1,1,1,1,1
spiral_out_hltd_closed_loop_identity02_branch_surface_l4_5_7_k12_16_24_a04_08_12_s0_19,identity_stress,4,12,identity_stress,random_tangent,0.8,early,0.875,0.25806451612903225,0.2616261266631629,1.0,0.20416666666666666,-1.0526821375287851,0.004629077564475125,-0.005174868000564813,0.10799279488752125,0.013475892434631043,1,1,1,1,1,1,1
spiral_out_hltd_closed_loop_identity02_branch_surface_l4_5_7_k12_16_24_a04_08_12_s0_19,identity_stress,4,12,identity_stress,random_tangent,0.8,late,0.125,0.8064516129032258,0.22476340077920226,1.0,1.0,-2.145026576387636,-0.0701609768550167,-0.10599863263772846,0.05474630032223349,0.01761134436259531,1,1,1,1,1,1,1
spiral_out_hltd_closed_loop_identity02_branch_surface_l4_5_7_k12_16_24_a04_08_12_s0_19,identity_stress,4,12,identity_stress,random_tangent,0.8,middle,0.0,,,,,,,,,,1,0,0,0,0,0,0
spiral_out_hltd_closed_loop_identity02_branch_surface_l4_5_7_k12_16_24_a04_08_12_s0_19,identity_stress,4,12,identity_stress,random_tangent,1.2,all,1.0,0.3528225806451613,0.25069285992436563,1.0,0.3875,-1.8090619077046264,0.1676611197887985,0.4134345676958384,0.30999791909337926,0.216288932653092,1,1,1,1,1,1,1
spiral_out_hltd_closed_loop_identity02_branch_surface_l4_5_7_k12_16_24_a04_08_12_s0_19,identity_stress,4,12,identity_stress,random_tangent,1.2,early,0.825,0.25591397849462366,0.255510053919096,1.0,0.2958333333333333,-1.872940019810727,0.3158913913258473,0.6958824488934487,0.39994020011607173,0.3194900010871523,1,1,1,1,1,1,1
spiral_out_hltd_closed_loop_identity02_branch_surface_l4_5_7_k12_16_24_a04_08_12_s0_19,identity_stress,4,12,identity_stress,random_tangent,1.2,late,0.175,0.8076923076923077,0.2210418061258172,1.0,1.0,-2.4297898362339754,-0.1446681233210101,-0.0656811889399259,0.15765560755477062,0.08476321836855649,1,1,1,1,1,1,1
spiral_out_hltd_closed_loop_identity02_branch_surface_l4_5_7_k12_16_24_a04_08_12_s0_19,identity_stress,4,12,identity_stress,random_tangent,1.2,middle,0.0,,,,,,,,,,1,0,0,0,0,0,0
spiral_out_hltd_closed_loop_identity02_branch_surface_l4_5_7_k12_16_24_a04_08_12_s0_19,identity_stress,4,16,identity_stress,baseline,0.0,all,1.0,0.25806451612903225,0.27359333448265505,0.0,0.0,-1.1828958905867246,,,,,1,1,0,0,0,0,0
spiral_out_hltd_closed_loop_identity02_branch_surface_l4_5_7_k12_16_24_a04_08_12_s0_19,identity_stress,4,16,identity_stress,baseline,0.0,early,1.0,0.25806451612903225,0.27359333448265505,0.0,0.0,-1.1828958905867246,,,,,1,1,0,0,0,0,0
spiral_out_hltd_closed_loop_identity02_branch_surface_l4_5_7_k12_16_24_a04_08_12_s0_19,identity_stress,4,16,identity_stress,baseline,0.0,late,0.0,,,,,,,,,,1,0,0,0,0,0,0
spiral_out_hltd_closed_loop_identity02_branch_surface_l4_5_7_k12_16_24_a04_08_12_s0_19,identity_stress,4,16,identity_stress,baseline,0.0,middle,0.0,,,,,,,,,,1,0,0,0,0,0,0
spiral_out_hltd_closed_loop_identity02_branch_surface_l4_5_7_k12_16_24_a04_08_12_s0_19,identity_stress,4,16,identity_stress,coexact,0.4,all,1.0,0.3951612903225806,0.24343503932755356,1.0,0.5,-1.2164246591346135,0.07873735947025645,-0.01577710286210985,0.043644995639480745,0.0018740165645472254,1,1,1,1,1,1,1
spiral_out_hltd_closed_loop_identity02_branch_surface_l4_5_7_k12_16_24_a04_08_12_s0_19,identity_stress,4,16,identity_stress,coexact,0.4,early,0.75,0.25806451612903225,0.24965891884367064,1.0,0.3333333333333333,-0.9068906867169394,0.10243677068750277,-0.027832839692450734,0.07067373210001943,0.0015590729561742673,1,1,1,1,1,1,1
spiral_out_hltd_closed_loop_identity02_branch_surface_l4_5_7_k12_16_24_a04_08_12_s0_19,identity_stress,4,16,identity_stress,coexact,0.4,late,0.25,0.8064516129032258,0.2247634007792023,1.0,1.0,-2.145026576387636,0.0076391258185175,0.0203901076289128,-0.0374412137421353,0.0028188473896661,1,1,1,1,1,1,1
spiral_out_hltd_closed_loop_identity02_branch_surface_l4_5_7_k12_16_24_a04_08_12_s0_19,identity_stress,4,16,identity_stress,coexact,0.4,middle,0.0,,,,,,,,,,1,0,0,0,0,0,0
spiral_out_hltd_closed_loop_identity02_branch_surface_l4_5_7_k12_16_24_a04_08_12_s0_19,identity_stress,4,16,identity_stress,coexact,0.8,all,1.0,0.3951612903225806,0.24343503932755356,1.0,0.5,-1.2164246591346135,0.151426202300339,-0.06999040175622533,0.12781641127556667,0.009019866848741962,1,1,1,1,1,1,1
spiral_out_hltd_closed_loop_identity02_branch_surface_l4_5_7_k12_16_24_a04_08_12_s0_19,identity_stress,4,16,identity_stress,coexact,0.8,early,0.75,0.25806451612903225,0.24965891884367064,1.0,0.3333333333333333,-0.9068906867169394,0.23431408867594428,-0.0682819996430907,0.15610200164801694,0.007430024472388883,1,1,1,1,1,1,1
spiral_out_hltd_closed_loop_identity02_branch_surface_l4_5_7_k12_16_24_a04_08_12_s0_19,identity_stress,4,16,identity_stress,coexact,0.8,late,0.25,0.8064516129032258,0.2247634007792023,1.0,1.0,-2.145026576387636,-0.0972374568264768,-0.0751156080956292,0.0429596401582159,0.0137893939778012,1,1,1,1,1,1,1
spiral_out_hltd_closed_loop_identity02_branch_surface_l4_5_7_k12_16_24_a04_08_12_s0_19,identity_stress,4,16,identity_stress,coexact,0.8,middle,0.0,,,,,,,,,,1,0,0,0,0,0,0
spiral_out_hltd_closed_loop_identity02_branch_surface_l4_5_7_k12_16_24_a04_08_12_s0_19,identity_stress,4,16,identity_stress,coexact,1.2,all,1.0,0.3951612903225806,0.24343503932755356,1.0,0.5,-1.2164246591346135,0.2722627433603104,-0.1638726749204906,0.25479936155511784,0.029038996707051325,1,1,1,1,1,1,1
spiral_out_hltd_closed_loop_identity02_branch_surface_l4_5_7_k12_16_24_a04_08_12_s0_19,identity_stress,4,16,identity_stress,coexact,1.2,early,0.75,0.25806451612903225,0.24965891884367064,1.0,0.3333333333333333,-0.9068906867169394,0.46308321521031814,-0.12224353448336933,0.269371918879072,0.021304074028257864,1,1,1,1,1,1,1
spiral_out_hltd_closed_loop_identity02_branch_surface_l4_5_7_k12_16_24_a04_08_12_s0_19,identity_stress,4,16,identity_stress,coexact,1.2,late,0.25,0.8064516129032258,0.2247634007792023,1.0,1.0,-2.145026576387636,-0.3001986721897127,-0.2887600962318544,0.2110816895832554,0.0522437647434317,1,1,1,1,1,1,1
spiral_out_hltd_closed_loop_identity02_branch_surface_l4_5_7_k12_16_24_a04_08_12_s0_19,identity_stress,4,16,identity_stress,coexact,1.2,middle,0.0,,,,,,,,,,1,0,0,0,0,0,0
spiral_out_hltd_closed_loop_identity02_branch_surface_l4_5_7_k12_16_24_a04_08_12_s0_19,identity_stress,4,16,identity_stress,coexact_minus_presence,0.4,all,1.0,0.25806451612903225,0.27359333448265505,1.0,0.0,-1.1828958905867246,-0.06013252847516125,0.017819345294732628,-0.015266897125713549,0.0028239098171253213,1,1,1,1,1,1,1
spiral_out_hltd_closed_loop_identity02_branch_surface_l4_5_7_k12_16_24_a04_08_12_s0_19,identity_stress,4,16,identity_stress,coexact_minus_presence,0.4,early,1.0,0.25806451612903225,0.27359333448265505,1.0,0.0,-1.1828958905867246,-0.06013252847516125,0.017819345294732628,-0.015266897125713549,0.0028239098171253213,1,1,1,1,1,1,1
spiral_out_hltd_closed_loop_identity02_branch_surface_l4_5_7_k12_16_24_a04_08_12_s0_19,identity_stress,4,16,identity_stress,coexact_minus_presence,0.4,late,0.0,,,,,,,,,,1,0,0,0,0,0,0
spiral_out_hltd_closed_loop_identity02_branch_surface_l4_5_7_k12_16_24_a04_08_12_s0_19,identity_stress,4,16,identity_stress,coexact_minus_presence,0.4,middle,0.0,,,,,,,,,,1,0,0,0,0,0,0
spiral_out_hltd_closed_loop_identity02_branch_surface_l4_5_7_k12_16_24_a04_08_12_s0_19,identity_stress,4,16,identity_stress,coexact_minus_presence,0.8,all,1.0,0.25806451612903225,0.27359333448265505,1.0,0.25,-1.2348215497664121,-0.03337478545810235,0.09948352294931695,-0.03065602100390407,0.022453133194402276,1,1,1,1,1,1,1
spiral_out_hltd_closed_loop_identity02_branch_surface_l4_5_7_k12_16_24_a04_08_12_s0_19,identity_stress,4,16,identity_stress,coexact_minus_presence,0.8,early,1.0,0.25806451612903225,0.27359333448265505,1.0,0.25,-1.2348215497664121,-0.03337478545810235,0.09948352294931695,-0.03065602100390407,0.022453133194402276,1,1,1,1,1,1,1
spiral_out_hltd_closed_loop_identity02_branch_surface_l4_5_7_k12_16_24_a04_08_12_s0_19,identity_stress,4,16,identity_stress,coexact_minus_presence,0.8,late,0.0,,,,,,,,,,1,0,0,0,0,0,0
spiral_out_hltd_closed_loop_identity02_branch_surface_l4_5_7_k12_16_24_a04_08_12_s0_19,identity_stress,4,16,identity_stress,coexact_minus_presence,0.8,middle,0.0,,,,,,,,,,1,0,0,0,0,0,0
spiral_out_hltd_closed_loop_identity02_branch_surface_l4_5_7_k12_16_24_a04_08_12_s0_19,identity_stress,4,16,identity_stress,coexact_minus_presence,1.2,all,1.0,0.25806451612903225,0.27359333448265505,1.0,0.25,-1.2348215497664121,0.8874935153281818,-0.0068370839257205634,0.4560599274138808,0.14118681442970898,1,1,1,1,1,1,1
spiral_out_hltd_closed_loop_identity02_branch_surface_l4_5_7_k12_16_24_a04_08_12_s0_19,identity_stress,4,16,identity_stress,coexact_minus_presence,1.2,early,1.0,0.25806451612903225,0.27359333448265505,1.0,0.25,-1.2348215497664121,0.8874935153281818,-0.0068370839257205634,0.4560599274138808,0.14118681442970898,1,1,1,1,1,1,1
spiral_out_hltd_closed_loop_identity02_branch_surface_l4_5_7_k12_16_24_a04_08_12_s0_19,identity_stress,4,16,identity_stress,coexact_minus_presence,1.2,late,0.0,,,,,,,,,,1,0,0,0,0,0,0
spiral_out_hltd_closed_loop_identity02_branch_surface_l4_5_7_k12_16_24_a04_08_12_s0_19,identity_stress,4,16,identity_stress,coexact_minus_presence,1.2,middle,0.0,,,,,,,,,,1,0,0,0,0,0,0
spiral_out_hltd_closed_loop_identity02_branch_surface_l4_5_7_k12_16_24_a04_08_12_s0_19,identity_stress,4,16,identity_stress,negative_coexact,0.4,all,1.0,0.25806451612903225,0.27359333448265505,1.0,0.0,-1.1828958905867246,-0.11216295830539907,0.035582571628694354,-0.06498652158513346,0.0020850877147365076,1,1,1,1,1,1,1
spiral_out_hltd_closed_loop_identity02_branch_surface_l4_5_7_k12_16_24_a04_08_12_s0_19,identity_stress,4,16,identity_stress,negative_coexact,0.4,early,1.0,0.25806451612903225,0.27359333448265505,1.0,0.0,-1.1828958905867246,-0.11216295830539907,0.035582571628694354,-0.06498652158513346,0.0020850877147365076,1,1,1,1,1,1,1
spiral_out_hltd_closed_loop_identity02_branch_surface_l4_5_7_k12_16_24_a04_08_12_s0_19,identity_stress,4,16,identity_stress,negative_coexact,0.4,late,0.0,,,,,,,,,,1,0,0,0,0,0,0
spiral_out_hltd_closed_loop_identity02_branch_surface_l4_5_7_k12_16_24_a04_08_12_s0_19,identity_stress,4,16,identity_stress,negative_coexact,0.4,middle,0.0,,,,,,,,,,1,0,0,0,0,0,0
spiral_out_hltd_closed_loop_identity02_branch_surface_l4_5_7_k12_16_24_a04_08_12_s0_19,identity_stress,4,16,identity_stress,negative_coexact,0.8,all,1.0,0.25806451612903225,0.27359333448265505,1.0,0.0,-1.1828958905867246,-0.1913426468705816,0.05196857426378898,-0.10032289753469358,0.009051485995169277,1,1,1,1,1,1,1
spiral_out_hltd_closed_loop_identity02_branch_surface_l4_5_7_k12_16_24_a04_08_12_s0_19,identity_stress,4,16,identity_stress,negative_coexact,0.8,early,1.0,0.25806451612903225,0.27359333448265505,1.0,0.0,-1.1828958905867246,-0.1913426468705816,0.05196857426378898,-0.10032289753469358,0.009051485995169277,1,1,1,1,1,1,1
spiral_out_hltd_closed_loop_identity02_branch_surface_l4_5_7_k12_16_24_a04_08_12_s0_19,identity_stress,4,16,identity_stress,negative_coexact,0.8,late,0.0,,,,,,,,,,1,0,0,0,0,0,0
spiral_out_hltd_closed_loop_identity02_branch_surface_l4_5_7_k12_16_24_a04_08_12_s0_19,identity_stress,4,16,identity_stress,negative_coexact,0.8,middle,0.0,,,,,,,,,,1,0,0,0,0,0,0
spiral_out_hltd_closed_loop_identity02_branch_surface_l4_5_7_k12_16_24_a04_08_12_s0_19,identity_stress,4,16,identity_stress,negative_coexact,1.2,all,1.0,0.25806451612903225,0.27359333448265505,1.0,0.0,-1.1828958905867246,-0.2358072863238107,0.0494134788717204,-0.031199741581708546,0.030634700989467148,1,1,1,1,1,1,1
spiral_out_hltd_closed_loop_identity02_branch_surface_l4_5_7_k12_16_24_a04_08_12_s0_19,identity_stress,4,16,identity_stress,negative_coexact,1.2,early,1.0,0.25806451612903225,0.27359333448265505,1.0,0.0,-1.1828958905867246,-0.2358072863238107,0.0494134788717204,-0.031199741581708546,0.030634700989467148,1,1,1,1,1,1,1
spiral_out_hltd_closed_loop_identity02_branch_surface_l4_5_7_k12_16_24_a04_08_12_s0_19,identity_stress,4,16,identity_stress,negative_coexact,1.2,late,0.0,,,,,,,,,,1,0,0,0,0,0,0
spiral_out_hltd_closed_loop_identity02_branch_surface_l4_5_7_k12_16_24_a04_08_12_s0_19,identity_stress,4,16,identity_stress,negative_coexact,1.2,middle,0.0,,,,,,,,,,1,0,0,0,0,0,0
spiral_out_hltd_closed_loop_identity02_branch_surface_l4_5_7_k12_16_24_a04_08_12_s0_19,identity_stress,4,16,identity_stress,presence,0.4,all,1.0,0.3951612903225806,0.24343503932755356,1.0,0.5,-1.2164246591346135,0.13208058550863885,0.004939536881586552,0.031665067259781646,0.0028079759259220594,1,1,1,1,1,1,1
spiral_out_hltd_closed_loop_identity02_branch_surface_l4_5_7_k12_16_24_a04_08_12_s0_19,identity_stress,4,16,identity_stress,presence,0.4,early,0.75,0.25806451612903225,0.24965891884367064,1.0,0.3333333333333333,-0.9068906867169394,0.141647850287755,-0.03339286287968927,0.07166015446622233,0.0028461199944877793,1,1,1,1,1,1,1
spiral_out_hltd_closed_loop_identity02_branch_surface_l4_5_7_k12_16_24_a04_08_12_s0_19,identity_stress,4,16,identity_stress,presence,0.4,late,0.25,0.8064516129032258,0.2247634007792023,1.0,1.0,-2.145026576387636,0.1033787911712904,0.119936736165414,-0.0883201943595404,0.0026935437202249,1,1,1,1,1,1,1
spiral_out_hltd_closed_loop_identity02_branch_surface_l4_5_7_k12_16_24_a04_08_12_s0_19,identity_stress,4,16,identity_stress,presence,0.4,middle,0.0,,,,,,,,,,1,0,0,0,0,0,0
spiral_out_hltd_closed_loop_identity02_branch_surface_l4_5_7_k12_16_24_a04_08_12_s0_19,identity_stress,4,16,identity_stress,presence,0.8,all,1.0,0.3951612903225806,0.24343503932755356,1.0,0.5,-1.2164246591346135,0.2843812165832986,0.0018457193354635207,0.09031579351738758,0.01297767720474105,1,1,1,1,1,1,1
spiral_out_hltd_closed_loop_identity02_branch_surface_l4_5_7_k12_16_24_a04_08_12_s0_19,identity_stress,4,16,identity_stress,presence,0.8,early,0.75,0.25806451612903225,0.24965891884367064,1.0,0.3333333333333333,-0.9068906867169394,0.3119091082948078,-0.07171677721969634,0.17011175035482584,0.012888138879588368,1,1,1,1,1,1,1
spiral_out_hltd_closed_loop_identity02_branch_surface_l4_5_7_k12_16_24_a04_08_12_s0_19,identity_stress,4,16,identity_stress,presence,0.8,late,0.25,0.8064516129032258,0.2247634007792023,1.0,1.0,-2.145026576387636,0.2017975414487711,0.2225332090009431,-0.1490720769949272,0.0132462921801991,1,1,1,1,1,1,1
spiral_out_hltd_closed_loop_identity02_branch_surface_l4_5_7_k12_16_24_a04_08_12_s0_19,identity_stress,4,16,identity_stress,presence,0.8,middle,0.0,,,,,,,,,,1,0,0,0,0,0,0
spiral_out_hltd_closed_loop_identity02_branch_surface_l4_5_7_k12_16_24_a04_08_12_s0_19,identity_stress,4,16,identity_stress,presence,1.2,all,1.0,0.3951612903225806,0.24343503932755356,1.0,0.5,-1.2164246591346135,0.5046707292079728,-0.01415825311358529,0.16333154958303936,0.03243982670920712,1,1,1,1,1,1,1
spiral_out_hltd_closed_loop_identity02_branch_surface_l4_5_7_k12_16_24_a04_08_12_s0_19,identity_stress,4,16,identity_stress,presence,1.2,early,0.75,0.25806451612903225,0.24965891884367064,1.0,0.3333333333333333,-0.9068906867169394,0.5842142885089826,-0.1036979618730574,0.2656497171694619,0.0323045117283583,1,1,1,1,1,1,1
spiral_out_hltd_closed_loop_identity02_branch_surface_l4_5_7_k12_16_24_a04_08_12_s0_19,identity_stress,4,16,identity_stress,presence,1.2,late,0.25,0.8064516129032258,0.2247634007792023,1.0,1.0,-2.145026576387636,0.2660400513049437,0.254460873164831,-0.1436229531762283,0.0328457716517536,1,1,1,1,1,1,1
spiral_out_hltd_closed_loop_identity02_branch_surface_l4_5_7_k12_16_24_a04_08_12_s0_19,identity_stress,4,16,identity_stress,presence,1.2,middle,0.0,,,,,,,,,,1,0,0,0,0,0,0
spiral_out_hltd_closed_loop_identity02_branch_surface_l4_5_7_k12_16_24_a04_08_12_s0_19,identity_stress,4,16,identity_stress,presence_plus_coexact,0.4,all,1.0,0.3951612903225806,0.24343503932755356,1.0,0.5,-1.2164246591346135,0.1354848396995209,-0.007838692157772439,0.04813094742087893,0.0023719466572526375,1,1,1,1,1,1,1
spiral_out_hltd_closed_loop_identity02_branch_surface_l4_5_7_k12_16_24_a04_08_12_s0_19,identity_stress,4,16,identity_stress,presence_plus_coexact,0.4,early,0.75,0.25806451612903225,0.24965891884367064,1.0,0.3333333333333333,-0.9068906867169394,0.16041293416326372,-0.03890542522326729,0.08804228725872654,0.0023316435845394837,1,1,1,1,1,1,1
spiral_out_hltd_closed_loop_identity02_branch_surface_l4_5_7_k12_16_24_a04_08_12_s0_19,identity_stress,4,16,identity_stress,presence_plus_coexact,0.4,late,0.25,0.8064516129032258,0.2247634007792023,1.0,1.0,-2.145026576387636,0.0607005563082925,0.0853615070387121,-0.0716030720926639,0.0024928558753921,1,1,1,1,1,1,1
spiral_out_hltd_closed_loop_identity02_branch_surface_l4_5_7_k12_16_24_a04_08_12_s0_19,identity_stress,4,16,identity_stress,presence_plus_coexact,0.4,middle,0.0,,,,,,,,,,1,0,0,0,0,0,0
spiral_out_hltd_closed_loop_identity02_branch_surface_l4_5_7_k12_16_24_a04_08_12_s0_19,identity_stress,4,16,identity_stress,presence_plus_coexact,0.8,all,1.0,0.3951612903225806,0.24343503932755356,1.0,0.5,-1.2164246591346135,0.2697231031956311,-0.03610918108166318,0.13072915626648285,0.010621929487736687,1,1,1,1,1,1,1
spiral_out_hltd_closed_loop_identity02_branch_surface_l4_5_7_k12_16_24_a04_08_12_s0_19,identity_stress,4,16,identity_stress,presence_plus_coexact,0.8,early,0.75,0.25806451612903225,0.24965891884367064,1.0,0.3333333333333333,-0.9068906867169394,0.3394834744676232,-0.08828203442089944,0.19734372979250514,0.010781500638242014,1,1,1,1,1,1,1
spiral_out_hltd_closed_loop_identity02_branch_surface_l4_5_7_k12_16_24_a04_08_12_s0_19,identity_stress,4,16,identity_stress,presence_plus_coexact,0.8,late,0.25,0.8064516129032258,0.2247634007792023,1.0,1.0,-2.145026576387636,0.0604419893796546,0.1204093789360456,-0.069114564311584,0.0101432160362207,1,1,1,1,1,1,1
spiral_out_hltd_closed_loop_identity02_branch_surface_l4_5_7_k12_16_24_a04_08_12_s0_19,identity_stress,4,16,identity_stress,presence_plus_coexact,0.8,middle,0.0,,,,,,,,,,1,0,0,0,0,0,0
spiral_out_hltd_closed_loop_identity02_branch_surface_l4_5_7_k12_16_24_a04_08_12_s0_19,identity_stress,4,16,identity_stress,presence_plus_coexact,1.2,all,1.0,0.3951612903225806,0.24343503932755356,1.0,0.5,-1.2164246591346135,0.4559013212660523,-0.08891233391527462,0.2350258942266557,0.028117740484038364,1,1,1,1,1,1,1
spiral_out_hltd_closed_loop_identity02_branch_surface_l4_5_7_k12_16_24_a04_08_12_s0_19,identity_stress,4,16,identity_stress,presence_plus_coexact,1.2,early,0.75,0.25806451612903225,0.24965891884367064,1.0,0.3333333333333333,-0.9068906867169394,0.6137468856443071,-0.14122704863548086,0.31403277948535496,0.028748296578827253,1,1,1,1,1,1,1
spiral_out_hltd_closed_loop_identity02_branch_surface_l4_5_7_k12_16_24_a04_08_12_s0_19,identity_stress,4,16,identity_stress,presence_plus_coexact,1.2,late,0.25,0.8064516129032258,0.2247634007792023,1.0,1.0,-2.145026576387636,-0.0176353718687121,0.0680318102453441,-0.001994761549442,0.0262260721996717,1,1,1,1,1,1,1
spiral_out_hltd_closed_loop_identity02_branch_surface_l4_5_7_k12_16_24_a04_08_12_s0_19,identity_stress,4,16,identity_stress,presence_plus_coexact,1.2,middle,0.0,,,,,,,,,,1,0,0,0,0,0,0
spiral_out_hltd_closed_loop_identity02_branch_surface_l4_5_7_k12_16_24_a04_08_12_s0_19,identity_stress,4,16,identity_stress,random_tangent,0.4,all,1.0,0.319758064516129,0.2600221016628594,1.0,0.2375,-1.200580119392259,-0.020880051571846147,0.002789385138744645,0.016394455424077994,0.002493330313951546,1,1,1,1,1,1,1
spiral_out_hltd_closed_loop_identity02_branch_surface_l4_5_7_k12_16_24_a04_08_12_s0_19,identity_stress,4,16,identity_stress,random_tangent,0.4,early,0.8875,0.25806451612903225,0.2628228474451121,1.0,0.1625,-1.0612898318043056,-0.020643954723285833,0.007316594197338995,0.018048910246622855,0.002361285603605541,1,1,1,1,1,1,1
spiral_out_hltd_closed_loop_identity02_branch_surface_l4_5_7_k12_16_24_a04_08_12_s0_19,identity_stress,4,16,identity_stress,random_tangent,0.4,late,0.1125,0.8064516129032258,0.2247634007792023,1.0,1.0,-2.145026576387636,-0.01834144630127119,-0.03547667946679348,0.011681032940115311,0.003649059270759411,1,1,1,1,1,1,1
spiral_out_hltd_closed_loop_identity02_branch_surface_l4_5_7_k12_16_24_a04_08_12_s0_19,identity_stress,4,16,identity_stress,random_tangent,0.4,middle,0.0,,,,,,,,,,1,0,0,0,0,0,0
spiral_out_hltd_closed_loop_identity02_branch_surface_l4_5_7_k12_16_24_a04_08_12_s0_19,identity_stress,4,16,identity_stress,random_tangent,0.8,all,1.0,0.32661290322580644,0.2585141869051043,1.0,0.2875,-1.2074491237376221,-0.00618350770539648,-0.014744186909926427,0.09705814706725119,0.013751506411851508,1,1,1,1,1,1,1
spiral_out_hltd_closed_loop_identity02_branch_surface_l4_5_7_k12_16_24_a04_08_12_s0_19,identity_stress,4,16,identity_stress,random_tangent,0.8,early,0.875,0.25806451612903225,0.2616261266631629,1.0,0.20416666666666666,-1.0526821375287851,0.004629077564475125,-0.005174868000564813,0.10799279488752125,0.013475892434631043,1,1,1,1,1,1,1
spiral_out_hltd_closed_loop_identity02_branch_surface_l4_5_7_k12_16_24_a04_08_12_s0_19,identity_stress,4,16,identity_stress,random_tangent,0.8,late,0.125,0.8064516129032258,0.22476340077920226,1.0,1.0,-2.145026576387636,-0.0701609768550167,-0.10599863263772846,0.05474630032223349,0.01761134436259531,1,1,1,1,1,1,1
spiral_out_hltd_closed_loop_identity02_branch_surface_l4_5_7_k12_16_24_a04_08_12_s0_19,identity_stress,4,16,identity_stress,random_tangent,0.8,middle,0.0,,,,,,,,,,1,0,0,0,0,0,0
spiral_out_hltd_closed_loop_identity02_branch_surface_l4_5_7_k12_16_24_a04_08_12_s0_19,identity_stress,4,16,identity_stress,random_tangent,1.2,all,1.0,0.3528225806451613,0.25069285992436563,1.0,0.3875,-1.8090619077046264,0.1676611197887985,0.4134345676958384,0.30999791909337926,0.216288932653092,1,1,1,1,1,1,1
spiral_out_hltd_closed_loop_identity02_branch_surface_l4_5_7_k12_16_24_a04_08_12_s0_19,identity_stress,4,16,identity_stress,random_tangent,1.2,early,0.825,0.25591397849462366,0.255510053919096,1.0,0.2958333333333333,-1.872940019810727,0.3158913913258473,0.6958824488934487,0.39994020011607173,0.3194900010871523,1,1,1,1,1,1,1
spiral_out_hltd_closed_loop_identity02_branch_surface_l4_5_7_k12_16_24_a04_08_12_s0_19,identity_stress,4,16,identity_stress,random_tangent,1.2,late,0.175,0.8076923076923077,0.2210418061258172,1.0,1.0,-2.4297898362339754,-0.1446681233210101,-0.0656811889399259,0.15765560755477062,0.08476321836855649,1,1,1,1,1,1,1
spiral_out_hltd_closed_loop_identity02_branch_surface_l4_5_7_k12_16_24_a04_08_12_s0_19,identity_stress,4,16,identity_stress,random_tangent,1.2,middle,0.0,,,,,,,,,,1,0,0,0,0,0,0
spiral_out_hltd_closed_loop_identity02_branch_surface_l4_5_7_k12_16_24_a04_08_12_s0_19,identity_stress,4,24,identity_stress,baseline,0.0,all,1.0,0.25806451612903225,0.27359333448265505,0.0,0.0,-1.1828958905867246,,,,,1,1,0,0,0,0,0
spiral_out_hltd_closed_loop_identity02_branch_surface_l4_5_7_k12_16_24_a04_08_12_s0_19,identity_stress,4,24,identity_stress,baseline,0.0,early,1.0,0.25806451612903225,0.27359333448265505,0.0,0.0,-1.1828958905867246,,,,,1,1,0,0,0,0,0
spiral_out_hltd_closed_loop_identity02_branch_surface_l4_5_7_k12_16_24_a04_08_12_s0_19,identity_stress,4,24,identity_stress,baseline,0.0,late,0.0,,,,,,,,,,1,0,0,0,0,0,0
spiral_out_hltd_closed_loop_identity02_branch_surface_l4_5_7_k12_16_24_a04_08_12_s0_19,identity_stress,4,24,identity_stress,baseline,0.0,middle,0.0,,,,,,,,,,1,0,0,0,0,0,0
spiral_out_hltd_closed_loop_identity02_branch_surface_l4_5_7_k12_16_24_a04_08_12_s0_19,identity_stress,4,24,identity_stress,coexact,0.4,all,1.0,0.3951612903225806,0.24343503932755356,1.0,0.5,-1.2164246591346135,0.05376224537752257,-0.01787553145186036,0.07319223434201373,0.002698839583809454,1,1,1,1,1,1,1
spiral_out_hltd_closed_loop_identity02_branch_surface_l4_5_7_k12_16_24_a04_08_12_s0_19,identity_stress,4,24,identity_stress,coexact,0.4,early,0.75,0.25806451612903225,0.24965891884367064,1.0,0.3333333333333333,-0.9068906867169394,0.09457583996610386,-0.018420552958356016,0.08637264381771077,0.0024758464565502723,1,1,1,1,1,1,1
spiral_out_hltd_closed_loop_identity02_branch_surface_l4_5_7_k12_16_24_a04_08_12_s0_19,identity_stress,4,24,identity_stress,coexact,0.4,late,0.25,0.8064516129032258,0.2247634007792023,1.0,1.0,-2.145026576387636,-0.0686785383882213,-0.0162404669323734,0.0336510059149226,0.003367818965587,1,1,1,1,1,1,1
spiral_out_hltd_closed_loop_identity02_branch_surface_l4_5_7_k12_16_24_a04_08_12_s0_19,identity_stress,4,24,identity_stress,coexact,0.4,middle,0.0,,,,,,,,,,1,0,0,0,0,0,0
spiral_out_hltd_closed_loop_identity02_branch_surface_l4_5_7_k12_16_24_a04_08_12_s0_19,identity_stress,4,24,identity_stress,coexact,0.8,all,1.0,0.3951612903225806,0.24343503932755356,1.0,0.5,-1.2164246591346135,0.11948538228120897,-0.07277321216261252,0.20670841890032,0.014616059401113102,1,1,1,1,1,1,1
spiral_out_hltd_closed_loop_identity02_branch_surface_l4_5_7_k12_16_24_a04_08_12_s0_19,identity_stress,4,24,identity_stress,coexact,0.8,early,0.75,0.25806451612903225,0.24965891884367064,1.0,0.3333333333333333,-0.9068906867169394,0.23948248782772671,-0.06108080351304083,0.22340100029453783,0.014190961793818102,1,1,1,1,1,1,1
spiral_out_hltd_closed_loop_identity02_branch_surface_l4_5_7_k12_16_24_a04_08_12_s0_19,identity_stress,4,24,identity_stress,coexact,0.8,late,0.25,0.8064516129032258,0.2247634007792023,1.0,1.0,-2.145026576387636,-0.2405059343583442,-0.1078504381113276,0.1566306747176664,0.0158913522229981,1,1,1,1,1,1,1
spiral_out_hltd_closed_loop_identity02_branch_surface_l4_5_7_k12_16_24_a04_08_12_s0_19,identity_stress,4,24,identity_stress,coexact,0.8,middle,0.0,,,,,,,,,,1,0,0,0,0,0,0
spiral_out_hltd_closed_loop_identity02_branch_surface_l4_5_7_k12_16_24_a04_08_12_s0_19,identity_stress,4,24,identity_stress,coexact,1.2,all,1.0,0.3951612903225806,0.24343503932755356,1.0,0.5,-1.2164246591346135,0.21897016803980085,-0.1695273745931161,0.4184496756249062,0.049700488102871344,1,1,1,1,1,1,1
spiral_out_hltd_closed_loop_identity02_branch_surface_l4_5_7_k12_16_24_a04_08_12_s0_19,identity_stress,4,24,identity_stress,coexact,1.2,early,0.75,0.25806451612903225,0.24965891884367064,1.0,0.3333333333333333,-0.9068906867169394,0.4667027777472346,-0.1421098162652328,0.4441866806542764,0.049262674970243926,1,1,1,1,1,1,1
spiral_out_hltd_closed_loop_identity02_branch_surface_l4_5_7_k12_16_24_a04_08_12_s0_19,identity_stress,4,24,identity_stress,coexact,1.2,late,0.25,0.8064516129032258,0.2247634007792023,1.0,1.0,-2.145026576387636,-0.5242276610825005,-0.2517800495767659,0.3412386605367956,0.0510139275007536,1,1,1,1,1,1,1
spiral_out_hltd_closed_loop_identity02_branch_surface_l4_5_7_k12_16_24_a04_08_12_s0_19,identity_stress,4,24,identity_stress,coexact,1.2,middle,0.0,,,,,,,,,,1,0,0,0,0,0,0
spiral_out_hltd_closed_loop_identity02_branch_surface_l4_5_7_k12_16_24_a04_08_12_s0_19,identity_stress,4,24,identity_stress,coexact_minus_presence,0.4,all,1.0,0.3951612903225806,0.24343503932755356,1.0,0.5,-1.2164246591346135,0.004316460712662475,0.024967313197350877,0.008299762149007399,0.00372580655976847,1,1,1,1,1,1,1
spiral_out_hltd_closed_loop_identity02_branch_surface_l4_5_7_k12_16_24_a04_08_12_s0_19,identity_stress,4,24,identity_stress,coexact_minus_presence,0.4,early,0.75,0.25806451612903225,0.24965891884367064,1.0,0.3333333333333333,-0.9068906867169394,-0.03697896746002564,3.7707741635500946e-05,0.05640619919554607,0.003585526810246227,1,1,1,1,1,1,1
spiral_out_hltd_closed_loop_identity02_branch_surface_l4_5_7_k12_16_24_a04_08_12_s0_19,identity_stress,4,24,identity_stress,coexact_minus_presence,0.4,late,0.25,0.8064516129032258,0.2247634007792023,1.0,1.0,-2.145026576387636,0.1282027452307268,0.099756129564497,-0.1360195489906086,0.0041466458083352,1,1,1,1,1,1,1
spiral_out_hltd_closed_loop_identity02_branch_surface_l4_5_7_k12_16_24_a04_08_12_s0_19,identity_stress,4,24,identity_stress,coexact_minus_presence,0.4,middle,0.0,,,,,,,,,,1,0,0,0,0,0,0
spiral_out_hltd_closed_loop_identity02_branch_surface_l4_5_7_k12_16_24_a04_08_12_s0_19,identity_stress,4,24,identity_stress,coexact_minus_presence,0.8,all,1.0,0.25806451612903225,0.27359333448265505,1.0,0.0,-1.1828958905867246,-0.08556398916592517,-0.04400292674199948,0.16887303899041245,0.02374995856564695,1,1,1,1,1,1,1
spiral_out_hltd_closed_loop_identity02_branch_surface_l4_5_7_k12_16_24_a04_08_12_s0_19,identity_stress,4,24,identity_stress,coexact_minus_presence,0.8,early,1.0,0.25806451612903225,0.27359333448265505,1.0,0.0,-1.1828958905867246,-0.08556398916592517,-0.04400292674199948,0.16887303899041245,0.02374995856564695,1,1,1,1,1,1,1
spiral_out_hltd_closed_loop_identity02_branch_surface_l4_5_7_k12_16_24_a04_08_12_s0_19,identity_stress,4,24,identity_stress,coexact_minus_presence,0.8,late,0.0,,,,,,,,,,1,0,0,0,0,0,0
spiral_out_hltd_closed_loop_identity02_branch_surface_l4_5_7_k12_16_24_a04_08_12_s0_19,identity_stress,4,24,identity_stress,coexact_minus_presence,0.8,middle,0.0,,,,,,,,,,1,0,0,0,0,0,0
spiral_out_hltd_closed_loop_identity02_branch_surface_l4_5_7_k12_16_24_a04_08_12_s0_19,identity_stress,4,24,identity_stress,coexact_minus_presence,1.2,all,1.0,0.25806451612903225,0.27359333448265505,1.0,0.25,-1.2348215497664121,-0.06681812722368011,-0.12183354745095441,0.44051443195634393,0.07749838820677148,1,1,1,1,1,1,1
spiral_out_hltd_closed_loop_identity02_branch_surface_l4_5_7_k12_16_24_a04_08_12_s0_19,identity_stress,4,24,identity_stress,coexact_minus_presence,1.2,early,1.0,0.25806451612903225,0.27359333448265505,1.0,0.25,-1.2348215497664121,-0.06681812722368011,-0.12183354745095441,0.44051443195634393,0.07749838820677148,1,1,1,1,1,1,1
spiral_out_hltd_closed_loop_identity02_branch_surface_l4_5_7_k12_16_24_a04_08_12_s0_19,identity_stress,4,24,identity_stress,coexact_minus_presence,1.2,late,0.0,,,,,,,,,,1,0,0,0,0,0,0
spiral_out_hltd_closed_loop_identity02_branch_surface_l4_5_7_k12_16_24_a04_08_12_s0_19,identity_stress,4,24,identity_stress,coexact_minus_presence,1.2,middle,0.0,,,,,,,,,,1,0,0,0,0,0,0
spiral_out_hltd_closed_loop_identity02_branch_surface_l4_5_7_k12_16_24_a04_08_12_s0_19,identity_stress,4,24,identity_stress,negative_coexact,0.4,all,1.0,0.25806451612903225,0.27359333448265505,1.0,0.0,-1.1828958905867246,-0.09207917191751222,0.014849591836028953,-0.04197879315667133,0.0018522562676749903,1,1,1,1,1,1,1
spiral_out_hltd_closed_loop_identity02_branch_surface_l4_5_7_k12_16_24_a04_08_12_s0_19,identity_stress,4,24,identity_stress,negative_coexact,0.4,early,1.0,0.25806451612903225,0.27359333448265505,1.0,0.0,-1.1828958905867246,-0.09207917191751222,0.014849591836028953,-0.04197879315667133,0.0018522562676749903,1,1,1,1,1,1,1
spiral_out_hltd_closed_loop_identity02_branch_surface_l4_5_7_k12_16_24_a04_08_12_s0_19,identity_stress,4,24,identity_stress,negative_coexact,0.4,late,0.0,,,,,,,,,,1,0,0,0,0,0,0
spiral_out_hltd_closed_loop_identity02_branch_surface_l4_5_7_k12_16_24_a04_08_12_s0_19,identity_stress,4,24,identity_stress,negative_coexact,0.4,middle,0.0,,,,,,,,,,1,0,0,0,0,0,0
spiral_out_hltd_closed_loop_identity02_branch_surface_l4_5_7_k12_16_24_a04_08_12_s0_19,identity_stress,4,24,identity_stress,negative_coexact,0.8,all,1.0,0.25806451612903225,0.27359333448265505,1.0,0.25,-1.2348215497664121,-0.1317366287171366,0.04824480071688342,-0.03980820271199615,0.009097362115361964,1,1,1,1,1,1,1
spiral_out_hltd_closed_loop_identity02_branch_surface_l4_5_7_k12_16_24_a04_08_12_s0_19,identity_stress,4,24,identity_stress,negative_coexact,0.8,early,1.0,0.25806451612903225,0.27359333448265505,1.0,0.25,-1.2348215497664121,-0.1317366287171366,0.04824480071688342,-0.03980820271199615,0.009097362115361964,1,1,1,1,1,1,1
spiral_out_hltd_closed_loop_identity02_branch_surface_l4_5_7_k12_16_24_a04_08_12_s0_19,identity_stress,4,24,identity_stress,negative_coexact,0.8,late,0.0,,,,,,,,,,1,0,0,0,0,0,0
spiral_out_hltd_closed_loop_identity02_branch_surface_l4_5_7_k12_16_24_a04_08_12_s0_19,identity_stress,4,24,identity_stress,negative_coexact,0.8,middle,0.0,,,,,,,,,,1,0,0,0,0,0,0
spiral_out_hltd_closed_loop_identity02_branch_surface_l4_5_7_k12_16_24_a04_08_12_s0_19,identity_stress,4,24,identity_stress,negative_coexact,1.2,all,1.0,0.25806451612903225,0.27359333448265505,1.0,0.25,-1.2348215497664121,-0.12473998430337163,0.09198519271837924,0.004496387278037181,0.02541265628856503,1,1,1,1,1,1,1
spiral_out_hltd_closed_loop_identity02_branch_surface_l4_5_7_k12_16_24_a04_08_12_s0_19,identity_stress,4,24,identity_stress,negative_coexact,1.2,early,1.0,0.25806451612903225,0.27359333448265505,1.0,0.25,-1.2348215497664121,-0.12473998430337163,0.09198519271837924,0.004496387278037181,0.02541265628856503,1,1,1,1,1,1,1
spiral_out_hltd_closed_loop_identity02_branch_surface_l4_5_7_k12_16_24_a04_08_12_s0_19,identity_stress,4,24,identity_stress,negative_coexact,1.2,late,0.0,,,,,,,,,,1,0,0,0,0,0,0
spiral_out_hltd_closed_loop_identity02_branch_surface_l4_5_7_k12_16_24_a04_08_12_s0_19,identity_stress,4,24,identity_stress,negative_coexact,1.2,middle,0.0,,,,,,,,,,1,0,0,0,0,0,0
spiral_out_hltd_closed_loop_identity02_branch_surface_l4_5_7_k12_16_24_a04_08_12_s0_19,identity_stress,4,24,identity_stress,presence,0.4,all,1.0,0.3951612903225806,0.24343503932755356,1.0,0.5,-1.2164246591346135,0.00886224782459745,-0.04751638640225761,0.06316592597371923,0.0023048659074535196,1,1,1,1,1,1,1
spiral_out_hltd_closed_loop_identity02_branch_surface_l4_5_7_k12_16_24_a04_08_12_s0_19,identity_stress,4,24,identity_stress,presence,0.4,early,0.75,0.25806451612903225,0.24965891884367064,1.0,0.3333333333333333,-0.9068906867169394,0.06665515581387343,-0.027957561748938986,0.03901031809429107,0.0018819089125897929,1,1,1,1,1,1,1
spiral_out_hltd_closed_loop_identity02_branch_surface_l4_5_7_k12_16_24_a04_08_12_s0_19,identity_stress,4,24,identity_stress,presence,0.4,late,0.25,0.8064516129032258,0.2247634007792023,1.0,1.0,-2.145026576387636,-0.1645164761432305,-0.1061928603622135,0.1356327496120037,0.0035737368920447,1,1,1,1,1,1,1
spiral_out_hltd_closed_loop_identity02_branch_surface_l4_5_7_k12_16_24_a04_08_12_s0_19,identity_stress,4,24,identity_stress,presence,0.4,middle,0.0,,,,,,,,,,1,0,0,0,0,0,0
spiral_out_hltd_closed_loop_identity02_branch_surface_l4_5_7_k12_16_24_a04_08_12_s0_19,identity_stress,4,24,identity_stress,presence,0.8,all,1.0,0.3951612903225806,0.24343503932755356,1.0,0.5,-1.2164246591346135,-0.00034241061684701923,-0.11735159542158512,0.1630511334303968,0.01154544456569356,1,1,1,1,1,1,1
spiral_out_hltd_closed_loop_identity02_branch_surface_l4_5_7_k12_16_24_a04_08_12_s0_19,identity_stress,4,24,identity_stress,presence,0.8,early,0.75,0.25806451612903225,0.24965891884367064,1.0,0.3333333333333333,-0.9068906867169394,0.13065161310323306,-0.060607151364256595,0.11688169523862336,0.008548128473960748,1,1,1,1,1,1,1
spiral_out_hltd_closed_loop_identity02_branch_surface_l4_5_7_k12_16_24_a04_08_12_s0_19,identity_stress,4,24,identity_stress,presence,0.8,late,0.25,0.8064516129032258,0.2247634007792023,1.0,1.0,-2.145026576387636,-0.3933244817770873,-0.2875849275935707,0.3015594480057171,0.020537392840892,1,1,1,1,1,1,1
spiral_out_hltd_closed_loop_identity02_branch_surface_l4_5_7_k12_16_24_a04_08_12_s0_19,identity_stress,4,24,identity_stress,presence,0.8,middle,0.0,,,,,,,,,,1,0,0,0,0,0,0
spiral_out_hltd_closed_loop_identity02_branch_surface_l4_5_7_k12_16_24_a04_08_12_s0_19,identity_stress,4,24,identity_stress,presence,1.2,all,1.0,0.3951612903225806,0.24343503932755356,1.0,0.5,-1.2164246591346135,-0.007375288029644489,-0.25005041297258757,0.3045466255531556,0.03820540471922049,1,1,1,1,1,1,1
spiral_out_hltd_closed_loop_identity02_branch_surface_l4_5_7_k12_16_24_a04_08_12_s0_19,identity_stress,4,24,identity_stress,presence,1.2,early,0.75,0.25806451612903225,0.24965891884367064,1.0,0.3333333333333333,-0.9068906867169394,0.2666924687982668,-0.10236713047470873,0.22546416278972814,0.023760171688521587,1,1,1,1,1,1,1
spiral_out_hltd_closed_loop_identity02_branch_surface_l4_5_7_k12_16_24_a04_08_12_s0_19,identity_stress,4,24,identity_stress,presence,1.2,late,0.25,0.8064516129032258,0.2247634007792023,1.0,1.0,-2.145026576387636,-0.8295785585133784,-0.693100260466224,0.5417940138434378,0.0815411038113172,1,1,1,1,1,1,1
spiral_out_hltd_closed_loop_identity02_branch_surface_l4_5_7_k12_16_24_a04_08_12_s0_19,identity_stress,4,24,identity_stress,presence,1.2,middle,0.0,,,,,,,,,,1,0,0,0,0,0,0
spiral_out_hltd_closed_loop_identity02_branch_surface_l4_5_7_k12_16_24_a04_08_12_s0_19,identity_stress,4,24,identity_stress,presence_plus_coexact,0.4,all,1.0,0.3951612903225806,0.24343503932755356,1.0,0.5,-1.2164246591346135,0.06884664903113902,-0.04466301184822536,0.07764465671377227,0.002310615395972187,1,1,1,1,1,1,1
spiral_out_hltd_closed_loop_identity02_branch_surface_l4_5_7_k12_16_24_a04_08_12_s0_19,identity_stress,4,24,identity_stress,presence_plus_coexact,0.4,early,0.75,0.25806451612903225,0.24965891884367064,1.0,0.3333333333333333,-0.9068906867169394,0.13289574516844202,-0.039830708014306944,0.07335437185816927,0.001957751120265116,1,1,1,1,1,1,1
spiral_out_hltd_closed_loop_identity02_branch_surface_l4_5_7_k12_16_24_a04_08_12_s0_19,identity_stress,4,24,identity_stress,presence_plus_coexact,0.4,late,0.25,0.8064516129032258,0.2247634007792023,1.0,1.0,-2.145026576387636,-0.12330063938077,-0.0591599233499806,0.0905155112805813,0.0033692082230934,1,1,1,1,1,1,1
spiral_out_hltd_closed_loop_identity02_branch_surface_l4_5_7_k12_16_24_a04_08_12_s0_19,identity_stress,4,24,identity_stress,presence_plus_coexact,0.4,middle,0.0,,,,,,,,,,1,0,0,0,0,0,0
spiral_out_hltd_closed_loop_identity02_branch_surface_l4_5_7_k12_16_24_a04_08_12_s0_19,identity_stress,4,24,identity_stress,presence_plus_coexact,0.8,all,1.0,0.3951612903225806,0.24343503932755356,1.0,0.5,-1.2164246591346135,0.10375467672729367,-0.11068776758033748,0.1763553524430574,0.011027767673757788,1,1,1,1,1,1,1
spiral_out_hltd_closed_loop_identity02_branch_surface_l4_5_7_k12_16_24_a04_08_12_s0_19,identity_stress,4,24,identity_stress,presence_plus_coexact,0.8,early,0.75,0.25806451612903225,0.24965891884367064,1.0,0.3333333333333333,-0.9068906867169394,0.2433589224943038,-0.08804386618205247,0.15720802392923258,0.008372873293769451,1,1,1,1,1,1,1
spiral_out_hltd_closed_loop_identity02_branch_surface_l4_5_7_k12_16_24_a04_08_12_s0_19,identity_stress,4,24,identity_stress,presence_plus_coexact,0.8,late,0.25,0.8064516129032258,0.2247634007792023,1.0,1.0,-2.145026576387636,-0.3150580605737367,-0.1786194717751925,0.2337973379845319,0.0189924508137228,1,1,1,1,1,1,1
spiral_out_hltd_closed_loop_identity02_branch_surface_l4_5_7_k12_16_24_a04_08_12_s0_19,identity_stress,4,24,identity_stress,presence_plus_coexact,0.8,middle,0.0,,,,,,,,,,1,0,0,0,0,0,0
spiral_out_hltd_closed_loop_identity02_branch_surface_l4_5_7_k12_16_24_a04_08_12_s0_19,identity_stress,4,24,identity_stress,presence_plus_coexact,1.2,all,1.0,0.3951612903225806,0.24343503932755356,1.0,0.5,-1.2164246591346135,0.09155237841963149,-0.2342084830269115,0.3142931488446403,0.03303900804200778,1,1,1,1,1,1,1
spiral_out_hltd_closed_loop_identity02_branch_surface_l4_5_7_k12_16_24_a04_08_12_s0_19,identity_stress,4,24,identity_stress,presence_plus_coexact,1.2,early,0.75,0.25806451612903225,0.24965891884367064,1.0,0.3333333333333333,-0.9068906867169394,0.36117186168024595,-0.14870337894176558,0.26136437847668953,0.022290680275916904,1,1,1,1,1,1,1
spiral_out_hltd_closed_loop_identity02_branch_surface_l4_5_7_k12_16_24_a04_08_12_s0_19,identity_stress,4,24,identity_stress,presence_plus_coexact,1.2,late,0.25,0.8064516129032258,0.2247634007792023,1.0,1.0,-2.145026576387636,-0.7173060713622119,-0.4907237952823493,0.4730794599484929,0.0652839913402804,1,1,1,1,1,1,1
spiral_out_hltd_closed_loop_identity02_branch_surface_l4_5_7_k12_16_24_a04_08_12_s0_19,identity_stress,4,24,identity_stress,presence_plus_coexact,1.2,middle,0.0,,,,,,,,,,1,0,0,0,0,0,0
spiral_out_hltd_closed_loop_identity02_branch_surface_l4_5_7_k12_16_24_a04_08_12_s0_19,identity_stress,4,24,identity_stress,random_tangent,0.4,all,1.0,0.319758064516129,0.2600221016628594,1.0,0.2375,-1.200580119392259,-0.020880051571846147,0.002789385138744645,0.016394455424077994,0.002493330313951546,1,1,1,1,1,1,1
spiral_out_hltd_closed_loop_identity02_branch_surface_l4_5_7_k12_16_24_a04_08_12_s0_19,identity_stress,4,24,identity_stress,random_tangent,0.4,early,0.8875,0.25806451612903225,0.2628228474451121,1.0,0.1625,-1.0612898318043056,-0.020643954723285833,0.007316594197338995,0.018048910246622855,0.002361285603605541,1,1,1,1,1,1,1
spiral_out_hltd_closed_loop_identity02_branch_surface_l4_5_7_k12_16_24_a04_08_12_s0_19,identity_stress,4,24,identity_stress,random_tangent,0.4,late,0.1125,0.8064516129032258,0.2247634007792023,1.0,1.0,-2.145026576387636,-0.01834144630127119,-0.03547667946679348,0.011681032940115311,0.003649059270759411,1,1,1,1,1,1,1
spiral_out_hltd_closed_loop_identity02_branch_surface_l4_5_7_k12_16_24_a04_08_12_s0_19,identity_stress,4,24,identity_stress,random_tangent,0.4,middle,0.0,,,,,,,,,,1,0,0,0,0,0,0
spiral_out_hltd_closed_loop_identity02_branch_surface_l4_5_7_k12_16_24_a04_08_12_s0_19,identity_stress,4,24,identity_stress,random_tangent,0.8,all,1.0,0.32661290322580644,0.2585141869051043,1.0,0.2875,-1.2074491237376221,-0.00618350770539648,-0.014744186909926427,0.09705814706725119,0.013751506411851508,1,1,1,1,1,1,1
spiral_out_hltd_closed_loop_identity02_branch_surface_l4_5_7_k12_16_24_a04_08_12_s0_19,identity_stress,4,24,identity_stress,random_tangent,0.8,early,0.875,0.25806451612903225,0.2616261266631629,1.0,0.20416666666666666,-1.0526821375287851,0.004629077564475125,-0.005174868000564813,0.10799279488752125,0.013475892434631043,1,1,1,1,1,1,1
spiral_out_hltd_closed_loop_identity02_branch_surface_l4_5_7_k12_16_24_a04_08_12_s0_19,identity_stress,4,24,identity_stress,random_tangent,0.8,late,0.125,0.8064516129032258,0.22476340077920226,1.0,1.0,-2.145026576387636,-0.0701609768550167,-0.10599863263772846,0.05474630032223349,0.01761134436259531,1,1,1,1,1,1,1
spiral_out_hltd_closed_loop_identity02_branch_surface_l4_5_7_k12_16_24_a04_08_12_s0_19,identity_stress,4,24,identity_stress,random_tangent,0.8,middle,0.0,,,,,,,,,,1,0,0,0,0,0,0
spiral_out_hltd_closed_loop_identity02_branch_surface_l4_5_7_k12_16_24_a04_08_12_s0_19,identity_stress,4,24,identity_stress,random_tangent,1.2,all,1.0,0.3528225806451613,0.25069285992436563,1.0,0.3875,-1.8090619077046264,0.1676611197887985,0.4134345676958384,0.30999791909337926,0.216288932653092,1,1,1,1,1,1,1
spiral_out_hltd_closed_loop_identity02_branch_surface_l4_5_7_k12_16_24_a04_08_12_s0_19,identity_stress,4,24,identity_stress,random_tangent,1.2,early,0.825,0.25591397849462366,0.255510053919096,1.0,0.2958333333333333,-1.872940019810727,0.3158913913258473,0.6958824488934487,0.39994020011607173,0.3194900010871523,1,1,1,1,1,1,1
spiral_out_hltd_closed_loop_identity02_branch_surface_l4_5_7_k12_16_24_a04_08_12_s0_19,identity_stress,4,24,identity_stress,random_tangent,1.2,late,0.175,0.8076923076923077,0.2210418061258172,1.0,1.0,-2.4297898362339754,-0.1446681233210101,-0.0656811889399259,0.15765560755477062,0.08476321836855649,1,1,1,1,1,1,1
spiral_out_hltd_closed_loop_identity02_branch_surface_l4_5_7_k12_16_24_a04_08_12_s0_19,identity_stress,4,24,identity_stress,random_tangent,1.2,middle,0.0,,,,,,,,,,1,0,0,0,0,0,0
spiral_out_hltd_closed_loop_identity02_branch_surface_l4_5_7_k12_16_24_a04_08_12_s0_19,identity_stress,5,12,identity_stress,baseline,0.0,all,1.0,0.25806451612903225,0.2870153854361005,0.0,0.0,-1.1828958905867246,,,,,1,1,0,0,0,0,0
spiral_out_hltd_closed_loop_identity02_branch_surface_l4_5_7_k12_16_24_a04_08_12_s0_19,identity_stress,5,12,identity_stress,baseline,0.0,early,1.0,0.25806451612903225,0.2870153854361005,0.0,0.0,-1.1828958905867246,,,,,1,1,0,0,0,0,0
spiral_out_hltd_closed_loop_identity02_branch_surface_l4_5_7_k12_16_24_a04_08_12_s0_19,identity_stress,5,12,identity_stress,baseline,0.0,late,0.0,,,,,,,,,,1,0,0,0,0,0,0
spiral_out_hltd_closed_loop_identity02_branch_surface_l4_5_7_k12_16_24_a04_08_12_s0_19,identity_stress,5,12,identity_stress,baseline,0.0,middle,0.0,,,,,,,,,,1,0,0,0,0,0,0
spiral_out_hltd_closed_loop_identity02_branch_surface_l4_5_7_k12_16_24_a04_08_12_s0_19,identity_stress,5,12,identity_stress,coexact,0.4,all,1.0,0.29838709677419356,0.26285056692558784,1.0,0.5,-1.2164246591346135,0.0486002913390708,0.007444475631928075,0.02215244812030117,0.0015311660957339252,1,1,1,1,1,1,1
spiral_out_hltd_closed_loop_identity02_branch_surface_l4_5_7_k12_16_24_a04_08_12_s0_19,identity_stress,5,12,identity_stress,coexact,0.4,early,0.75,0.25806451612903225,0.2614978684598237,1.0,0.3333333333333333,-0.9068906867169394,0.0591103516359948,-0.0012620244257087996,0.037961074603452896,0.0013648863919282,1,1,1,1,1,1,1
spiral_out_hltd_closed_loop_identity02_branch_surface_l4_5_7_k12_16_24_a04_08_12_s0_19,identity_stress,5,12,identity_stress,coexact,0.4,late,0.0,,,,,,,,,,1,0,0,0,0,0,0
spiral_out_hltd_closed_loop_identity02_branch_surface_l4_5_7_k12_16_24_a04_08_12_s0_19,identity_stress,5,12,identity_stress,coexact,0.4,middle,0.25,0.41935483870967744,0.2669086623228802,1.0,1.0,-2.145026576387636,0.0170701104482988,0.0335639758048387,-0.025273431329154,0.0020300052071511,1,1,1,1,1,1,1
spiral_out_hltd_closed_loop_identity02_branch_surface_l4_5_7_k12_16_24_a04_08_12_s0_19,identity_stress,5,12,identity_stress,coexact,0.8,all,1.0,0.29838709677419356,0.26285056692558784,1.0,0.5,-1.2164246591346135,0.10787250333360143,-0.001784349276277901,0.10487383861334033,0.009039285241295601,1,1,1,1,1,1,1
spiral_out_hltd_closed_loop_identity02_branch_surface_l4_5_7_k12_16_24_a04_08_12_s0_19,identity_stress,5,12,identity_stress,coexact,0.8,early,0.75,0.25806451612903225,0.2614978684598237,1.0,0.3333333333333333,-0.9068906867169394,0.1677666285391055,-0.000540099290949068,0.1299896510865928,0.009144137213997669,1,1,1,1,1,1,1
spiral_out_hltd_closed_loop_identity02_branch_surface_l4_5_7_k12_16_24_a04_08_12_s0_19,identity_stress,5,12,identity_stress,coexact,0.8,late,0.0,,,,,,,,,,1,0,0,0,0,0,0
spiral_out_hltd_closed_loop_identity02_branch_surface_l4_5_7_k12_16_24_a04_08_12_s0_19,identity_stress,5,12,identity_stress,coexact,0.8,middle,0.25,0.41935483870967744,0.2669086623228802,1.0,1.0,-2.145026576387636,-0.0718098722829108,-0.0055170992322644,0.0295264011935829,0.0087247293231894,1,1,1,1,1,1,1
spiral_out_hltd_closed_loop_identity02_branch_surface_l4_5_7_k12_16_24_a04_08_12_s0_19,identity_stress,5,12,identity_stress,coexact,1.2,all,1.0,0.29838709677419356,0.26285056692558784,1.0,0.5,-1.2164246591346135,0.26555048188956687,-0.02479031917437875,0.22106854114812496,0.03466077477988425,1,1,1,1,1,1,1
spiral_out_hltd_closed_loop_identity02_branch_surface_l4_5_7_k12_16_24_a04_08_12_s0_19,identity_stress,5,12,identity_stress,coexact,1.2,early,0.75,0.25806451612903225,0.2614978684598237,1.0,0.3333333333333333,-0.9068906867169394,0.4349886559201952,-0.001899549007395233,0.24562752484600345,0.0371793708670384,1,1,1,1,1,1,1
spiral_out_hltd_closed_loop_identity02_branch_surface_l4_5_7_k12_16_24_a04_08_12_s0_19,identity_stress,5,12,identity_stress,coexact,1.2,late,0.0,,,,,,,,,,1,0,0,0,0,0,0
spiral_out_hltd_closed_loop_identity02_branch_surface_l4_5_7_k12_16_24_a04_08_12_s0_19,identity_stress,5,12,identity_stress,coexact,1.2,middle,0.25,0.41935483870967744,0.2669086623228802,1.0,1.0,-2.145026576387636,-0.2427640402023181,-0.0934626296753293,0.1473915900544895,0.0271049865184218,1,1,1,1,1,1,1
spiral_out_hltd_closed_loop_identity02_branch_surface_l4_5_7_k12_16_24_a04_08_12_s0_19,identity_stress,5,12,identity_stress,coexact_minus_presence,0.4,all,1.0,0.29838709677419356,0.26285056692558784,1.0,0.5,-1.2164246591346135,-0.0003366578816170751,0.001161204215847574,0.05227065608016105,0.0028251835049605,1,1,1,1,1,1,1
spiral_out_hltd_closed_loop_identity02_branch_surface_l4_5_7_k12_16_24_a04_08_12_s0_19,identity_stress,5,12,identity_stress,coexact_minus_presence,0.4,early,0.75,0.25806451612903225,0.2614978684598237,1.0,0.3333333333333333,-0.9068906867169394,0.024117866462656068,0.009108357772741299,0.0539609747177029,0.0028263100248690667,1,1,1,1,1,1,1
spiral_out_hltd_closed_loop_identity02_branch_surface_l4_5_7_k12_16_24_a04_08_12_s0_19,identity_stress,5,12,identity_stress,coexact_minus_presence,0.4,late,0.0,,,,,,,,,,1,0,0,0,0,0,0
spiral_out_hltd_closed_loop_identity02_branch_surface_l4_5_7_k12_16_24_a04_08_12_s0_19,identity_stress,5,12,identity_stress,coexact_minus_presence,0.4,middle,0.25,0.41935483870967744,0.2669086623228802,1.0,1.0,-2.145026576387636,-0.0737002309144365,-0.0226802564548336,0.0471997001675355,0.0028218039452348,1,1,1,1,1,1,1
spiral_out_hltd_closed_loop_identity02_branch_surface_l4_5_7_k12_16_24_a04_08_12_s0_19,identity_stress,5,12,identity_stress,coexact_minus_presence,0.8,all,1.0,0.29838709677419356,0.26285056692558784,1.0,0.5,-1.2164246591346135,0.03282654466142927,-0.044301573956815304,0.21001130525590828,0.0203334343112375,1,1,1,1,1,1,1
spiral_out_hltd_closed_loop_identity02_branch_surface_l4_5_7_k12_16_24_a04_08_12_s0_19,identity_stress,5,12,identity_stress,coexact_minus_presence,0.8,early,0.75,0.25806451612903225,0.2614978684598237,1.0,0.3333333333333333,-0.9068906867169394,0.13366386498335986,-0.007441867533084202,0.21397043933443202,0.021890721519617667,1,1,1,1,1,1,1
spiral_out_hltd_closed_loop_identity02_branch_surface_l4_5_7_k12_16_24_a04_08_12_s0_19,identity_stress,5,12,identity_stress,coexact_minus_presence,0.8,late,0.0,,,,,,,,,,1,0,0,0,0,0,0
spiral_out_hltd_closed_loop_identity02_branch_surface_l4_5_7_k12_16_24_a04_08_12_s0_19,identity_stress,5,12,identity_stress,coexact_minus_presence,0.8,middle,0.25,0.41935483870967744,0.2669086623228802,1.0,1.0,-2.145026576387636,-0.2696854163043625,-0.1548806932280086,0.198133903020337,0.015661572686097,1,1,1,1,1,1,1
spiral_out_hltd_closed_loop_identity02_branch_surface_l4_5_7_k12_16_24_a04_08_12_s0_19,identity_stress,5,12,identity_stress,coexact_minus_presence,1.2,all,1.0,0.29838709677419356,0.26285056692558784,1.0,0.5,-1.2164246591346135,0.23391783283416773,-0.13166972315154973,0.4032747892107603,0.06242496279260128,1,1,1,1,1,1,1
spiral_out_hltd_closed_loop_identity02_branch_surface_l4_5_7_k12_16_24_a04_08_12_s0_19,identity_stress,5,12,identity_stress,coexact_minus_presence,1.2,early,0.75,0.25806451612903225,0.2614978684598237,1.0,0.3333333333333333,-0.9068906867169394,0.4850470838098358,-0.0552946021881221,0.40488365850775915,0.06719354589895866,1,1,1,1,1,1,1
spiral_out_hltd_closed_loop_identity02_branch_surface_l4_5_7_k12_16_24_a04_08_12_s0_19,identity_stress,5,12,identity_stress,coexact_minus_presence,1.2,late,0.0,,,,,,,,,,1,0,0,0,0,0,0
spiral_out_hltd_closed_loop_identity02_branch_surface_l4_5_7_k12_16_24_a04_08_12_s0_19,identity_stress,5,12,identity_stress,coexact_minus_presence,1.2,middle,0.25,0.41935483870967744,0.2669086623228802,1.0,1.0,-2.145026576387636,-0.5194699200928365,-0.3607950860418327,0.3984481813197638,0.0481192134735291,1,1,1,1,1,1,1
spiral_out_hltd_closed_loop_identity02_branch_surface_l4_5_7_k12_16_24_a04_08_12_s0_19,identity_stress,5,12,identity_stress,negative_coexact,0.4,all,1.0,0.25806451612903225,0.2870153854361005,1.0,0.0,-1.1828958905867246,-0.00989886287087273,0.01173760459960604,-0.0103643531836183,0.0027872990671704,1,1,1,1,1,1,1
spiral_out_hltd_closed_loop_identity02_branch_surface_l4_5_7_k12_16_24_a04_08_12_s0_19,identity_stress,5,12,identity_stress,negative_coexact,0.4,early,1.0,0.25806451612903225,0.2870153854361005,1.0,0.0,-1.1828958905867246,-0.00989886287087273,0.01173760459960604,-0.0103643531836183,0.0027872990671704,1,1,1,1,1,1,1
spiral_out_hltd_closed_loop_identity02_branch_surface_l4_5_7_k12_16_24_a04_08_12_s0_19,identity_stress,5,12,identity_stress,negative_coexact,0.4,late,0.0,,,,,,,,,,1,0,0,0,0,0,0
spiral_out_hltd_closed_loop_identity02_branch_surface_l4_5_7_k12_16_24_a04_08_12_s0_19,identity_stress,5,12,identity_stress,negative_coexact,0.4,middle,0.0,,,,,,,,,,1,0,0,0,0,0,0
spiral_out_hltd_closed_loop_identity02_branch_surface_l4_5_7_k12_16_24_a04_08_12_s0_19,identity_stress,5,12,identity_stress,negative_coexact,0.8,all,1.0,0.25806451612903225,0.2870153854361005,1.0,0.0,-1.1828958905867246,0.03233755491356672,-0.02113526701128165,0.0763861924885313,0.016243908954011024,1,1,1,1,1,1,1
spiral_out_hltd_closed_loop_identity02_branch_surface_l4_5_7_k12_16_24_a04_08_12_s0_19,identity_stress,5,12,identity_stress,negative_coexact,0.8,early,1.0,0.25806451612903225,0.2870153854361005,1.0,0.0,-1.1828958905867246,0.03233755491356672,-0.02113526701128165,0.0763861924885313,0.016243908954011024,1,1,1,1,1,1,1
spiral_out_hltd_closed_loop_identity02_branch_surface_l4_5_7_k12_16_24_a04_08_12_s0_19,identity_stress,5,12,identity_stress,negative_coexact,0.8,late,0.0,,,,,,,,,,1,0,0,0,0,0,0
spiral_out_hltd_closed_loop_identity02_branch_surface_l4_5_7_k12_16_24_a04_08_12_s0_19,identity_stress,5,12,identity_stress,negative_coexact,0.8,middle,0.0,,,,,,,,,,1,0,0,0,0,0,0
spiral_out_hltd_closed_loop_identity02_branch_surface_l4_5_7_k12_16_24_a04_08_12_s0_19,identity_stress,5,12,identity_stress,negative_coexact,1.2,all,1.0,0.29838709677419356,0.26285056692558784,1.0,0.5,-1.2164246591346135,0.12089767158409662,-0.17133012834707273,0.2818305428228254,0.04769128121882553,1,1,1,1,1,1,1
spiral_out_hltd_closed_loop_identity02_branch_surface_l4_5_7_k12_16_24_a04_08_12_s0_19,identity_stress,5,12,identity_stress,negative_coexact,1.2,early,0.75,0.25806451612903225,0.2614978684598237,1.0,0.3333333333333333,-0.9068906867169394,0.3261140861682304,-0.05267334639099867,0.21833723175675335,0.04681351352458577,1,1,1,1,1,1,1
spiral_out_hltd_closed_loop_identity02_branch_surface_l4_5_7_k12_16_24_a04_08_12_s0_19,identity_stress,5,12,identity_stress,negative_coexact,1.2,late,0.0,,,,,,,,,,1,0,0,0,0,0,0
spiral_out_hltd_closed_loop_identity02_branch_surface_l4_5_7_k12_16_24_a04_08_12_s0_19,identity_stress,5,12,identity_stress,negative_coexact,1.2,middle,0.25,0.41935483870967744,0.2669086623228802,1.0,1.0,-2.145026576387636,-0.4947515721683047,-0.5273004742152949,0.4723104760210415,0.0503245843015448,1,1,1,1,1,1,1
spiral_out_hltd_closed_loop_identity02_branch_surface_l4_5_7_k12_16_24_a04_08_12_s0_19,identity_stress,5,12,identity_stress,presence,0.4,all,1.0,0.25806451612903225,0.2870153854361005,1.0,0.0,-1.1828958905867246,0.06642003026648745,0.007347351564121102,-0.00193333773906465,0.0020299994876151663,1,1,1,1,1,1,1
spiral_out_hltd_closed_loop_identity02_branch_surface_l4_5_7_k12_16_24_a04_08_12_s0_19,identity_stress,5,12,identity_stress,presence,0.4,early,1.0,0.25806451612903225,0.2870153854361005,1.0,0.0,-1.1828958905867246,0.06642003026648745,0.007347351564121102,-0.00193333773906465,0.0020299994876151663,1,1,1,1,1,1,1
spiral_out_hltd_closed_loop_identity02_branch_surface_l4_5_7_k12_16_24_a04_08_12_s0_19,identity_stress,5,12,identity_stress,presence,0.4,late,0.0,,,,,,,,,,1,0,0,0,0,0,0
spiral_out_hltd_closed_loop_identity02_branch_surface_l4_5_7_k12_16_24_a04_08_12_s0_19,identity_stress,5,12,identity_stress,presence,0.4,middle,0.0,,,,,,,,,,1,0,0,0,0,0,0
spiral_out_hltd_closed_loop_identity02_branch_surface_l4_5_7_k12_16_24_a04_08_12_s0_19,identity_stress,5,12,identity_stress,presence,0.8,all,1.0,0.25806451612903225,0.2870153854361005,1.0,0.0,-1.1828958905867246,0.14822071842626228,-0.006449475605251101,0.04303441217686893,0.008281016537973945,1,1,1,1,1,1,1
spiral_out_hltd_closed_loop_identity02_branch_surface_l4_5_7_k12_16_24_a04_08_12_s0_19,identity_stress,5,12,identity_stress,presence,0.8,early,1.0,0.25806451612903225,0.2870153854361005,1.0,0.0,-1.1828958905867246,0.14822071842626228,-0.006449475605251101,0.04303441217686893,0.008281016537973945,1,1,1,1,1,1,1
spiral_out_hltd_closed_loop_identity02_branch_surface_l4_5_7_k12_16_24_a04_08_12_s0_19,identity_stress,5,12,identity_stress,presence,0.8,late,0.0,,,,,,,,,,1,0,0,0,0,0,0
spiral_out_hltd_closed_loop_identity02_branch_surface_l4_5_7_k12_16_24_a04_08_12_s0_19,identity_stress,5,12,identity_stress,presence,0.8,middle,0.0,,,,,,,,,,1,0,0,0,0,0,0
spiral_out_hltd_closed_loop_identity02_branch_surface_l4_5_7_k12_16_24_a04_08_12_s0_19,identity_stress,5,12,identity_stress,presence,1.2,all,1.0,0.25806451612903225,0.2870153854361005,1.0,0.0,-1.1828958905867246,0.2379221358064374,-0.05586093281896252,0.14891058848621405,0.02392013176197045,1,1,1,1,1,1,1
spiral_out_hltd_closed_loop_identity02_branch_surface_l4_5_7_k12_16_24_a04_08_12_s0_19,identity_stress,5,12,identity_stress,presence,1.2,early,1.0,0.25806451612903225,0.2870153854361005,1.0,0.0,-1.1828958905867246,0.2379221358064374,-0.05586093281896252,0.14891058848621405,0.02392013176197045,1,1,1,1,1,1,1
spiral_out_hltd_closed_loop_identity02_branch_surface_l4_5_7_k12_16_24_a04_08_12_s0_19,identity_stress,5,12,identity_stress,presence,1.2,late,0.0,,,,,,,,,,1,0,0,0,0,0,0
spiral_out_hltd_closed_loop_identity02_branch_surface_l4_5_7_k12_16_24_a04_08_12_s0_19,identity_stress,5,12,identity_stress,presence,1.2,middle,0.0,,,,,,,,,,1,0,0,0,0,0,0
spiral_out_hltd_closed_loop_identity02_branch_surface_l4_5_7_k12_16_24_a04_08_12_s0_19,identity_stress,5,12,identity_stress,presence_plus_coexact,0.4,all,1.0,0.25806451612903225,0.2870153854361005,1.0,0.0,-1.1828958905867246,0.061566190508528025,-0.00940982723457395,0.02533872174009295,0.001494687681186976,1,1,1,1,1,1,1
spiral_out_hltd_closed_loop_identity02_branch_surface_l4_5_7_k12_16_24_a04_08_12_s0_19,identity_stress,5,12,identity_stress,presence_plus_coexact,0.4,early,1.0,0.25806451612903225,0.2870153854361005,1.0,0.0,-1.1828958905867246,0.061566190508528025,-0.00940982723457395,0.02533872174009295,0.001494687681186976,1,1,1,1,1,1,1
spiral_out_hltd_closed_loop_identity02_branch_surface_l4_5_7_k12_16_24_a04_08_12_s0_19,identity_stress,5,12,identity_stress,presence_plus_coexact,0.4,late,0.0,,,,,,,,,,1,0,0,0,0,0,0
spiral_out_hltd_closed_loop_identity02_branch_surface_l4_5_7_k12_16_24_a04_08_12_s0_19,identity_stress,5,12,identity_stress,presence_plus_coexact,0.4,middle,0.0,,,,,,,,,,1,0,0,0,0,0,0
spiral_out_hltd_closed_loop_identity02_branch_surface_l4_5_7_k12_16_24_a04_08_12_s0_19,identity_stress,5,12,identity_stress,presence_plus_coexact,0.8,all,1.0,0.29838709677419356,0.26285056692558784,1.0,0.5,-1.2164246591346135,0.13625142718139432,-0.020444593627054475,0.057021237584118506,0.00528428258288045,1,1,1,1,1,1,1
spiral_out_hltd_closed_loop_identity02_branch_surface_l4_5_7_k12_16_24_a04_08_12_s0_19,identity_stress,5,12,identity_stress,presence_plus_coexact,0.8,early,0.75,0.25806451612903225,0.2614978684598237,1.0,0.3333333333333333,-0.9068906867169394,0.18068451878270506,-0.021074299552154164,0.07631603297836864,0.003981754435916034,1,1,1,1,1,1,1
spiral_out_hltd_closed_loop_identity02_branch_surface_l4_5_7_k12_16_24_a04_08_12_s0_19,identity_stress,5,12,identity_stress,presence_plus_coexact,0.8,late,0.0,,,,,,,,,,1,0,0,0,0,0,0
spiral_out_hltd_closed_loop_identity02_branch_surface_l4_5_7_k12_16_24_a04_08_12_s0_19,identity_stress,5,12,identity_stress,presence_plus_coexact,0.8,middle,0.25,0.41935483870967744,0.2669086623228802,1.0,1.0,-2.145026576387636,0.0029521523774622,-0.0185554758517554,-0.0008631485986319,0.0091918670237737,1,1,1,1,1,1,1
spiral_out_hltd_closed_loop_identity02_branch_surface_l4_5_7_k12_16_24_a04_08_12_s0_19,identity_stress,5,12,identity_stress,presence_plus_coexact,1.2,all,1.0,0.29838709677419356,0.26285056692558784,1.0,0.5,-1.2164246591346135,0.18656129126519796,-0.06990207006157688,0.1683285369241093,0.017779692663016503,1,1,1,1,1,1,1
spiral_out_hltd_closed_loop_identity02_branch_surface_l4_5_7_k12_16_24_a04_08_12_s0_19,identity_stress,5,12,identity_stress,presence_plus_coexact,1.2,early,0.75,0.25806451612903225,0.2614978684598237,1.0,0.3333333333333333,-0.9068906867169394,0.3193569437086392,-0.027513051908812234,0.17182198323175854,0.013025359187390466,1,1,1,1,1,1,1
spiral_out_hltd_closed_loop_identity02_branch_surface_l4_5_7_k12_16_24_a04_08_12_s0_19,identity_stress,5,12,identity_stress,presence_plus_coexact,1.2,late,0.0,,,,,,,,,,1,0,0,0,0,0,0
spiral_out_hltd_closed_loop_identity02_branch_surface_l4_5_7_k12_16_24_a04_08_12_s0_19,identity_stress,5,12,identity_stress,presence_plus_coexact,1.2,middle,0.25,0.41935483870967744,0.2669086623228802,1.0,1.0,-2.145026576387636,-0.2118256660651258,-0.1970691245198708,0.1578481980011616,0.0320426930898946,1,1,1,1,1,1,1
spiral_out_hltd_closed_loop_identity02_branch_surface_l4_5_7_k12_16_24_a04_08_12_s0_19,identity_stress,5,12,identity_stress,random_tangent,0.4,all,1.0,0.2721774193548387,0.2785576989574211,1.0,0.2,-1.1998235254964544,-0.016319393210293836,0.0067228199362489235,0.019195369533801333,0.00417787532815932,1,1,1,1,1,1,1
spiral_out_hltd_closed_loop_identity02_branch_surface_l4_5_7_k12_16_24_a04_08_12_s0_19,identity_stress,5,12,identity_stress,random_tangent,0.4,early,0.9125,0.25806451612903225,0.27808425449440366,1.0,0.14166666666666666,-1.0914866351502686,-0.013808234940043781,0.006945764144363288,0.024422066216698547,0.0037615952393605517,1,1,1,1,1,1,1
spiral_out_hltd_closed_loop_identity02_branch_surface_l4_5_7_k12_16_24_a04_08_12_s0_19,identity_stress,5,12,identity_stress,random_tangent,0.4,late,0.0,,,,,,,,,,1,0,0,0,0,0,0
spiral_out_hltd_closed_loop_identity02_branch_surface_l4_5_7_k12_16_24_a04_08_12_s0_19,identity_stress,5,12,identity_stress,random_tangent,0.4,middle,0.0875,0.41935483870967744,0.2669086623228802,1.0,1.0,-2.145026576387636,-0.020418950871098716,-0.01308314170300863,0.0031304839102794823,0.00852955245710067,1,1,1,1,1,1,1
spiral_out_hltd_closed_loop_identity02_branch_surface_l4_5_7_k12_16_24_a04_08_12_s0_19,identity_stress,5,12,identity_stress,random_tangent,0.8,all,1.0,0.27620967741935487,0.2761412171063698,1.0,0.2875,-1.2112174027174543,0.004569053793895218,-0.031456781950617,0.1293438758804427,0.024080906839314693,1,1,1,1,1,1,1
spiral_out_hltd_closed_loop_identity02_branch_surface_l4_5_7_k12_16_24_a04_08_12_s0_19,identity_stress,5,12,identity_stress,random_tangent,0.8,early,0.8875,0.25806451612903225,0.27553250279677594,1.0,0.2125,-1.071927115129501,0.03865186070767497,-0.011663882076984865,0.12963276827023476,0.022001250327351958,1,1,1,1,1,1,1
spiral_out_hltd_closed_loop_identity02_branch_surface_l4_5_7_k12_16_24_a04_08_12_s0_19,identity_stress,5,12,identity_stress,random_tangent,0.8,late,0.0,,,,,,,,,,1,0,0,0,0,0,0
spiral_out_hltd_closed_loop_identity02_branch_surface_l4_5_7_k12_16_24_a04_08_12_s0_19,identity_stress,5,12,identity_stress,random_tangent,0.8,middle,0.1125,0.41935483870967744,0.2669086623228802,1.0,1.0,-2.145026576387636,-0.2542300242866046,-0.21730032971161012,0.1644749952937538,0.041447510849346086,1,1,1,1,1,1,1
spiral_out_hltd_closed_loop_identity02_branch_surface_l4_5_7_k12_16_24_a04_08_12_s0_19,identity_stress,5,12,identity_stress,random_tangent,1.2,all,1.0,0.28629032258064513,0.2706318142006883,1.0,0.4125,-1.9652656571712293,0.22386779013425379,0.6160741137197381,0.3277719292217168,0.32338019006296104,1,1,1,1,1,1,1
spiral_out_hltd_closed_loop_identity02_branch_surface_l4_5_7_k12_16_24_a04_08_12_s0_19,identity_stress,5,12,identity_stress,random_tangent,1.2,early,0.85,0.25806451612903225,0.26916784107044367,1.0,0.3208333333333333,-1.8570299594245703,0.3408623828227656,0.7398663917909434,0.32652846517726697,0.3586686088470723,1,1,1,1,1,1,1
spiral_out_hltd_closed_loop_identity02_branch_surface_l4_5_7_k12_16_24_a04_08_12_s0_19,identity_stress,5,12,identity_stress,random_tangent,1.2,late,0.0125,0.7419354838709677,0.2970393445565581,1.0,1.0,-2.894186695446166,0.997659811129858,0.617779960347363,-0.1532890502222486,0.1487052329876207,1,1,1,1,1,1,1
spiral_out_hltd_closed_loop_identity02_branch_surface_l4_5_7_k12_16_24_a04_08_12_s0_19,identity_stress,5,12,identity_stress,random_tangent,1.2,middle,0.1375,0.41935483870967744,0.2669086623228802,1.0,1.0,-2.339095485079042,-0.6134599026267019,-0.2687517530188886,0.42831191495310306,0.11959977097280769,1,1,1,1,1,1,1
spiral_out_hltd_closed_loop_identity02_branch_surface_l4_5_7_k12_16_24_a04_08_12_s0_19,identity_stress,5,16,identity_stress,baseline,0.0,all,1.0,0.25806451612903225,0.2870153854361005,0.0,0.0,-1.1828958905867246,,,,,1,1,0,0,0,0,0
spiral_out_hltd_closed_loop_identity02_branch_surface_l4_5_7_k12_16_24_a04_08_12_s0_19,identity_stress,5,16,identity_stress,baseline,0.0,early,1.0,0.25806451612903225,0.2870153854361005,0.0,0.0,-1.1828958905867246,,,,,1,1,0,0,0,0,0
spiral_out_hltd_closed_loop_identity02_branch_surface_l4_5_7_k12_16_24_a04_08_12_s0_19,identity_stress,5,16,identity_stress,baseline,0.0,late,0.0,,,,,,,,,,1,0,0,0,0,0,0
spiral_out_hltd_closed_loop_identity02_branch_surface_l4_5_7_k12_16_24_a04_08_12_s0_19,identity_stress,5,16,identity_stress,baseline,0.0,middle,0.0,,,,,,,,,,1,0,0,0,0,0,0
spiral_out_hltd_closed_loop_identity02_branch_surface_l4_5_7_k12_16_24_a04_08_12_s0_19,identity_stress,5,16,identity_stress,coexact,0.4,all,1.0,0.29838709677419356,0.26285056692558784,1.0,0.5,-1.2164246591346135,0.07353348934651023,0.0035146541649950756,0.03131893797073739,0.0017237255439709579,1,1,1,1,1,1,1
spiral_out_hltd_closed_loop_identity02_branch_surface_l4_5_7_k12_16_24_a04_08_12_s0_19,identity_stress,5,16,identity_stress,coexact,0.4,early,0.75,0.25806451612903225,0.2614978684598237,1.0,0.3333333333333333,-0.9068906867169394,0.08255260924329313,-0.011935128010515899,0.056811627732178425,0.0015475527727824105,1,1,1,1,1,1,1
spiral_out_hltd_closed_loop_identity02_branch_surface_l4_5_7_k12_16_24_a04_08_12_s0_19,identity_stress,5,16,identity_stress,coexact,0.4,late,0.0,,,,,,,,,,1,0,0,0,0,0,0
spiral_out_hltd_closed_loop_identity02_branch_surface_l4_5_7_k12_16_24_a04_08_12_s0_19,identity_stress,5,16,identity_stress,coexact,0.4,middle,0.25,0.41935483870967744,0.2669086623228802,1.0,1.0,-2.145026576387636,0.0464761296561615,0.049864000691528,-0.0451591313135857,0.0022522438575366,1,1,1,1,1,1,1
spiral_out_hltd_closed_loop_identity02_branch_surface_l4_5_7_k12_16_24_a04_08_12_s0_19,identity_stress,5,16,identity_stress,coexact,0.8,all,1.0,0.29838709677419356,0.26285056692558784,1.0,0.5,-1.2164246591346135,0.1693259448755169,-0.017234310914684425,0.13945431595680324,0.009865759303076274,1,1,1,1,1,1,1
spiral_out_hltd_closed_loop_identity02_branch_surface_l4_5_7_k12_16_24_a04_08_12_s0_19,identity_stress,5,16,identity_stress,coexact,0.8,early,0.75,0.25806451612903225,0.2614978684598237,1.0,0.3333333333333333,-0.9068906867169394,0.23358999684344417,-0.0309968701325829,0.18531374225445374,0.009981884499175466,1,1,1,1,1,1,1
spiral_out_hltd_closed_loop_identity02_branch_surface_l4_5_7_k12_16_24_a04_08_12_s0_19,identity_stress,5,16,identity_stress,coexact,0.8,late,0.0,,,,,,,,,,1,0,0,0,0,0,0
spiral_out_hltd_closed_loop_identity02_branch_surface_l4_5_7_k12_16_24_a04_08_12_s0_19,identity_stress,5,16,identity_stress,coexact,0.8,middle,0.25,0.41935483870967744,0.2669086623228802,1.0,1.0,-2.145026576387636,-0.023466211028265,0.024053366739011,0.0018760370638517,0.0095173837147787,1,1,1,1,1,1,1
spiral_out_hltd_closed_loop_identity02_branch_surface_l4_5_7_k12_16_24_a04_08_12_s0_19,identity_stress,5,16,identity_stress,coexact,1.2,all,1.0,0.29838709677419356,0.26285056692558784,1.0,0.5,-1.2164246591346135,0.2657919264586117,-0.06183471559706527,0.3196372142167757,0.037699145095317924,1,1,1,1,1,1,1
spiral_out_hltd_closed_loop_identity02_branch_surface_l4_5_7_k12_16_24_a04_08_12_s0_19,identity_stress,5,16,identity_stress,coexact,1.2,early,0.75,0.25806451612903225,0.2614978684598237,1.0,0.3333333333333333,-0.9068906867169394,0.422118041466625,-0.0639871989212584,0.38230580595903324,0.03994997041368753,1,1,1,1,1,1,1
spiral_out_hltd_closed_loop_identity02_branch_surface_l4_5_7_k12_16_24_a04_08_12_s0_19,identity_stress,5,16,identity_stress,coexact,1.2,late,0.0,,,,,,,,,,1,0,0,0,0,0,0
spiral_out_hltd_closed_loop_identity02_branch_surface_l4_5_7_k12_16_24_a04_08_12_s0_19,identity_stress,5,16,identity_stress,coexact,1.2,middle,0.25,0.41935483870967744,0.2669086623228802,1.0,1.0,-2.145026576387636,-0.2031864185654281,-0.0553772656244859,0.131631438990003,0.0309466691402091,1,1,1,1,1,1,1
spiral_out_hltd_closed_loop_identity02_branch_surface_l4_5_7_k12_16_24_a04_08_12_s0_19,identity_stress,5,16,identity_stress,coexact_minus_presence,0.4,all,1.0,0.25806451612903225,0.2870153854361005,1.0,0.0,-1.1828958905867246,0.0434956978425851,0.02475267916956625,0.013755501263961401,0.0037261055432912375,1,1,1,1,1,1,1
spiral_out_hltd_closed_loop_identity02_branch_surface_l4_5_7_k12_16_24_a04_08_12_s0_19,identity_stress,5,16,identity_stress,coexact_minus_presence,0.4,early,1.0,0.25806451612903225,0.2870153854361005,1.0,0.0,-1.1828958905867246,0.0434956978425851,0.02475267916956625,0.013755501263961401,0.0037261055432912375,1,1,1,1,1,1,1
spiral_out_hltd_closed_loop_identity02_branch_surface_l4_5_7_k12_16_24_a04_08_12_s0_19,identity_stress,5,16,identity_stress,coexact_minus_presence,0.4,late,0.0,,,,,,,,,,1,0,0,0,0,0,0
spiral_out_hltd_closed_loop_identity02_branch_surface_l4_5_7_k12_16_24_a04_08_12_s0_19,identity_stress,5,16,identity_stress,coexact_minus_presence,0.4,middle,0.0,,,,,,,,,,1,0,0,0,0,0,0
spiral_out_hltd_closed_loop_identity02_branch_surface_l4_5_7_k12_16_24_a04_08_12_s0_19,identity_stress,5,16,identity_stress,coexact_minus_presence,0.8,all,1.0,0.25806451612903225,0.2870153854361005,1.0,0.25,-1.2398645795515684,0.08184235826186638,0.05107074650693375,0.1805334320257904,0.024513066364054023,1,1,1,1,1,1,1
spiral_out_hltd_closed_loop_identity02_branch_surface_l4_5_7_k12_16_24_a04_08_12_s0_19,identity_stress,5,16,identity_stress,coexact_minus_presence,0.8,early,1.0,0.25806451612903225,0.2870153854361005,1.0,0.25,-1.2398645795515684,0.08184235826186638,0.05107074650693375,0.1805334320257904,0.024513066364054023,1,1,1,1,1,1,1
spiral_out_hltd_closed_loop_identity02_branch_surface_l4_5_7_k12_16_24_a04_08_12_s0_19,identity_stress,5,16,identity_stress,coexact_minus_presence,0.8,late,0.0,,,,,,,,,,1,0,0,0,0,0,0
spiral_out_hltd_closed_loop_identity02_branch_surface_l4_5_7_k12_16_24_a04_08_12_s0_19,identity_stress,5,16,identity_stress,coexact_minus_presence,0.8,middle,0.0,,,,,,,,,,1,0,0,0,0,0,0
spiral_out_hltd_closed_loop_identity02_branch_surface_l4_5_7_k12_16_24_a04_08_12_s0_19,identity_stress,5,16,identity_stress,coexact_minus_presence,1.2,all,1.0,0.25806451612903225,0.2870153854361005,1.0,0.25,-1.2398645795515684,0.3043887092535074,0.0035348877476195917,0.4735760491817707,0.07462979726258838,1,1,1,1,1,1,1
spiral_out_hltd_closed_loop_identity02_branch_surface_l4_5_7_k12_16_24_a04_08_12_s0_19,identity_stress,5,16,identity_stress,coexact_minus_presence,1.2,early,1.0,0.25806451612903225,0.2870153854361005,1.0,0.25,-1.2398645795515684,0.3043887092535074,0.0035348877476195917,0.4735760491817707,0.07462979726258838,1,1,1,1,1,1,1
spiral_out_hltd_closed_loop_identity02_branch_surface_l4_5_7_k12_16_24_a04_08_12_s0_19,identity_stress,5,16,identity_stress,coexact_minus_presence,1.2,late,0.0,,,,,,,,,,1,0,0,0,0,0,0
spiral_out_hltd_closed_loop_identity02_branch_surface_l4_5_7_k12_16_24_a04_08_12_s0_19,identity_stress,5,16,identity_stress,coexact_minus_presence,1.2,middle,0.0,,,,,,,,,,1,0,0,0,0,0,0
spiral_out_hltd_closed_loop_identity02_branch_surface_l4_5_7_k12_16_24_a04_08_12_s0_19,identity_stress,5,16,identity_stress,negative_coexact,0.4,all,1.0,0.25806451612903225,0.2870153854361005,1.0,0.0,-1.1828958905867246,-0.045237619759244105,0.008861947791704261,-0.0251675123381786,0.002471319798271899,1,1,1,1,1,1,1
spiral_out_hltd_closed_loop_identity02_branch_surface_l4_5_7_k12_16_24_a04_08_12_s0_19,identity_stress,5,16,identity_stress,negative_coexact,0.4,early,1.0,0.25806451612903225,0.2870153854361005,1.0,0.0,-1.1828958905867246,-0.045237619759244105,0.008861947791704261,-0.0251675123381786,0.002471319798271899,1,1,1,1,1,1,1
spiral_out_hltd_closed_loop_identity02_branch_surface_l4_5_7_k12_16_24_a04_08_12_s0_19,identity_stress,5,16,identity_stress,negative_coexact,0.4,late,0.0,,,,,,,,,,1,0,0,0,0,0,0
spiral_out_hltd_closed_loop_identity02_branch_surface_l4_5_7_k12_16_24_a04_08_12_s0_19,identity_stress,5,16,identity_stress,negative_coexact,0.4,middle,0.0,,,,,,,,,,1,0,0,0,0,0,0
spiral_out_hltd_closed_loop_identity02_branch_surface_l4_5_7_k12_16_24_a04_08_12_s0_19,identity_stress,5,16,identity_stress,negative_coexact,0.8,all,1.0,0.29838709677419356,0.26285056692558784,1.0,0.5,-1.2164246591346135,-0.07645271626484364,-0.07001860965591433,0.06060130557056585,0.01465787950471778,1,1,1,1,1,1,1
spiral_out_hltd_closed_loop_identity02_branch_surface_l4_5_7_k12_16_24_a04_08_12_s0_19,identity_stress,5,16,identity_stress,negative_coexact,0.8,early,0.75,0.25806451612903225,0.2614978684598237,1.0,0.3333333333333333,-0.9068906867169394,0.01512702855790532,0.02134637008488008,-0.03451540310205561,0.012832765798763407,1,1,1,1,1,1,1
spiral_out_hltd_closed_loop_identity02_branch_surface_l4_5_7_k12_16_24_a04_08_12_s0_19,identity_stress,5,16,identity_stress,negative_coexact,0.8,late,0.0,,,,,,,,,,1,0,0,0,0,0,0
spiral_out_hltd_closed_loop_identity02_branch_surface_l4_5_7_k12_16_24_a04_08_12_s0_19,identity_stress,5,16,identity_stress,negative_coexact,0.8,middle,0.25,0.41935483870967744,0.2669086623228802,1.0,1.0,-2.145026576387636,-0.3511919507330905,-0.3441135488782976,0.3459514315884302,0.0201332206225809,1,1,1,1,1,1,1
spiral_out_hltd_closed_loop_identity02_branch_surface_l4_5_7_k12_16_24_a04_08_12_s0_19,identity_stress,5,16,identity_stress,negative_coexact,1.2,all,1.0,0.29838709677419356,0.26285056692558784,1.0,0.5,-1.2164246591346135,0.0204471617014359,-0.15603011207081965,0.21218054391105703,0.048325101702031574,1,1,1,1,1,1,1
spiral_out_hltd_closed_loop_identity02_branch_surface_l4_5_7_k12_16_24_a04_08_12_s0_19,identity_stress,5,16,identity_stress,negative_coexact,1.2,early,0.75,0.25806451612903225,0.2614978684598237,1.0,0.3333333333333333,-0.9068906867169394,0.22866926486956154,-0.000569474482314101,0.08295525753493736,0.044351995250966426,1,1,1,1,1,1,1
spiral_out_hltd_closed_loop_identity02_branch_surface_l4_5_7_k12_16_24_a04_08_12_s0_19,identity_stress,5,16,identity_stress,negative_coexact,1.2,late,0.0,,,,,,,,,,1,0,0,0,0,0,0
spiral_out_hltd_closed_loop_identity02_branch_surface_l4_5_7_k12_16_24_a04_08_12_s0_19,identity_stress,5,16,identity_stress,negative_coexact,1.2,middle,0.25,0.41935483870967744,0.2669086623228802,1.0,1.0,-2.145026576387636,-0.6042191478029411,-0.6224120248363363,0.599856403039416,0.060244421055227,1,1,1,1,1,1,1
spiral_out_hltd_closed_loop_identity02_branch_surface_l4_5_7_k12_16_24_a04_08_12_s0_19,identity_stress,5,16,identity_stress,presence,0.4,all,1.0,0.29838709677419356,0.26285056692558784,1.0,0.5,-1.2164246591346135,0.04304845686969985,-0.017928519604009072,0.0486937960938094,0.003231418273416388,1,1,1,1,1,1,1
spiral_out_hltd_closed_loop_identity02_branch_surface_l4_5_7_k12_16_24_a04_08_12_s0_19,identity_stress,5,16,identity_stress,presence,0.4,early,0.75,0.25806451612903225,0.2614978684598237,1.0,0.3333333333333333,-0.9068906867169394,0.035357784235655436,-0.027375848058734165,0.07543373013975724,0.0032429377146475837,1,1,1,1,1,1,1
spiral_out_hltd_closed_loop_identity02_branch_surface_l4_5_7_k12_16_24_a04_08_12_s0_19,identity_stress,5,16,identity_stress,presence,0.4,late,0.0,,,,,,,,,,1,0,0,0,0,0,0
spiral_out_hltd_closed_loop_identity02_branch_surface_l4_5_7_k12_16_24_a04_08_12_s0_19,identity_stress,5,16,identity_stress,presence,0.4,middle,0.25,0.41935483870967744,0.2669086623228802,1.0,1.0,-2.145026576387636,0.0661204747718331,0.0104134657601662,-0.0315260060440341,0.0031968599497228,1,1,1,1,1,1,1
spiral_out_hltd_closed_loop_identity02_branch_surface_l4_5_7_k12_16_24_a04_08_12_s0_19,identity_stress,5,16,identity_stress,presence,0.8,all,1.0,0.29838709677419356,0.26285056692558784,1.0,0.5,-1.2164246591346135,0.09172137390744516,-0.07825063617930894,0.1632841297937367,0.015662383649249052,1,1,1,1,1,1,1
spiral_out_hltd_closed_loop_identity02_branch_surface_l4_5_7_k12_16_24_a04_08_12_s0_19,identity_stress,5,16,identity_stress,presence,0.8,early,0.75,0.25806451612903225,0.2614978684598237,1.0,0.3333333333333333,-0.9068906867169394,0.11953623160670664,-0.06149622783915732,0.19608933036116993,0.014876657348491001,1,1,1,1,1,1,1
spiral_out_hltd_closed_loop_identity02_branch_surface_l4_5_7_k12_16_24_a04_08_12_s0_19,identity_stress,5,16,identity_stress,presence,0.8,late,0.0,,,,,,,,,,1,0,0,0,0,0,0
spiral_out_hltd_closed_loop_identity02_branch_surface_l4_5_7_k12_16_24_a04_08_12_s0_19,identity_stress,5,16,identity_stress,presence,0.8,middle,0.25,0.41935483870967744,0.2669086623228802,1.0,1.0,-2.145026576387636,0.0082768008096607,-0.1285138611997638,0.0648685280914369,0.0180195625515232,1,1,1,1,1,1,1
spiral_out_hltd_closed_loop_identity02_branch_surface_l4_5_7_k12_16_24_a04_08_12_s0_19,identity_stress,5,16,identity_stress,presence,1.2,all,1.0,0.29838709677419356,0.26285056692558784,1.0,0.5,-1.2164246591346135,0.180166511367154,-0.20376805867995879,0.3286062023726534,0.047271871795572726,1,1,1,1,1,1,1
spiral_out_hltd_closed_loop_identity02_branch_surface_l4_5_7_k12_16_24_a04_08_12_s0_19,identity_stress,5,16,identity_stress,presence,1.2,early,0.75,0.25806451612903225,0.2614978684598237,1.0,0.3333333333333333,-0.9068906867169394,0.32744366280489895,-0.10742655679520867,0.345486364643623,0.04135462327372089,1,1,1,1,1,1,1
spiral_out_hltd_closed_loop_identity02_branch_surface_l4_5_7_k12_16_24_a04_08_12_s0_19,identity_stress,5,16,identity_stress,presence,1.2,late,0.0,,,,,,,,,,1,0,0,0,0,0,0
spiral_out_hltd_closed_loop_identity02_branch_surface_l4_5_7_k12_16_24_a04_08_12_s0_19,identity_stress,5,16,identity_stress,presence,1.2,middle,0.25,0.41935483870967744,0.2669086623228802,1.0,1.0,-2.145026576387636,-0.2616649429460809,-0.4927925643342092,0.2779657155597448,0.0650236173611282,1,1,1,1,1,1,1
spiral_out_hltd_closed_loop_identity02_branch_surface_l4_5_7_k12_16_24_a04_08_12_s0_19,identity_stress,5,16,identity_stress,presence_plus_coexact,0.4,all,1.0,0.29838709677419356,0.26285056692558784,1.0,0.5,-1.2164246591346135,0.07051050356717202,-0.012289328782291126,0.04784170165038075,0.0025935766632473527,1,1,1,1,1,1,1
spiral_out_hltd_closed_loop_identity02_branch_surface_l4_5_7_k12_16_24_a04_08_12_s0_19,identity_stress,5,16,identity_stress,presence_plus_coexact,0.4,early,0.75,0.25806451612903225,0.2614978684598237,1.0,0.3333333333333333,-0.9068906867169394,0.0709399326855576,-0.03202567790147737,0.08279951880624624,0.00273730346307367,1,1,1,1,1,1,1
spiral_out_hltd_closed_loop_identity02_branch_surface_l4_5_7_k12_16_24_a04_08_12_s0_19,identity_stress,5,16,identity_stress,presence_plus_coexact,0.4,late,0.0,,,,,,,,,,1,0,0,0,0,0,0
spiral_out_hltd_closed_loop_identity02_branch_surface_l4_5_7_k12_16_24_a04_08_12_s0_19,identity_stress,5,16,identity_stress,presence_plus_coexact,0.4,middle,0.25,0.41935483870967744,0.2669086623228802,1.0,1.0,-2.145026576387636,0.0692222162120153,0.0469197185752676,-0.0570317498172157,0.0021623962637684,1,1,1,1,1,1,1
spiral_out_hltd_closed_loop_identity02_branch_surface_l4_5_7_k12_16_24_a04_08_12_s0_19,identity_stress,5,16,identity_stress,presence_plus_coexact,0.8,all,1.0,0.29838709677419356,0.26285056692558784,1.0,0.5,-1.2164246591346135,0.14658770409253113,-0.05714446251360525,0.14028271465927716,0.011071683715196949,1,1,1,1,1,1,1
spiral_out_hltd_closed_loop_identity02_branch_surface_l4_5_7_k12_16_24_a04_08_12_s0_19,identity_stress,5,16,identity_stress,presence_plus_coexact,0.8,early,0.75,0.25806451612903225,0.2614978684598237,1.0,0.3333333333333333,-0.9068906867169394,0.19012663441497615,-0.07280968204483426,0.19123590920879527,0.011690665132049832,1,1,1,1,1,1,1
spiral_out_hltd_closed_loop_identity02_branch_surface_l4_5_7_k12_16_24_a04_08_12_s0_19,identity_stress,5,16,identity_stress,presence_plus_coexact,0.8,late,0.0,,,,,,,,,,1,0,0,0,0,0,0
spiral_out_hltd_closed_loop_identity02_branch_surface_l4_5_7_k12_16_24_a04_08_12_s0_19,identity_stress,5,16,identity_stress,presence_plus_coexact,0.8,middle,0.25,0.41935483870967744,0.2669086623228802,1.0,1.0,-2.145026576387636,0.0159709131251961,-0.0101488039199182,-0.0125768689892771,0.0092147394646383,1,1,1,1,1,1,1
spiral_out_hltd_closed_loop_identity02_branch_surface_l4_5_7_k12_16_24_a04_08_12_s0_19,identity_stress,5,16,identity_stress,presence_plus_coexact,1.2,all,1.0,0.29838709677419356,0.26285056692558784,1.0,0.5,-1.2164246591346135,0.2507826850631442,-0.13381706125228732,0.2720681275938345,0.03006831723407208,1,1,1,1,1,1,1
spiral_out_hltd_closed_loop_identity02_branch_surface_l4_5_7_k12_16_24_a04_08_12_s0_19,identity_stress,5,16,identity_stress,presence_plus_coexact,1.2,early,0.75,0.25806451612903225,0.2614978684598237,1.0,0.3333333333333333,-0.9068906867169394,0.39831917764352903,-0.1166310328289152,0.3157641867650616,0.029487084060623236,1,1,1,1,1,1,1
spiral_out_hltd_closed_loop_identity02_branch_surface_l4_5_7_k12_16_24_a04_08_12_s0_19,identity_stress,5,16,identity_stress,presence_plus_coexact,1.2,late,0.0,,,,,,,,,,1,0,0,0,0,0,0
spiral_out_hltd_closed_loop_identity02_branch_surface_l4_5_7_k12_16_24_a04_08_12_s0_19,identity_stress,5,16,identity_stress,presence_plus_coexact,1.2,middle,0.25,0.41935483870967744,0.2669086623228802,1.0,1.0,-2.145026576387636,-0.1918267926780101,-0.1853751465224036,0.1409799500801529,0.0318120167544186,1,1,1,1,1,1,1
spiral_out_hltd_closed_loop_identity02_branch_surface_l4_5_7_k12_16_24_a04_08_12_s0_19,identity_stress,5,16,identity_stress,random_tangent,0.4,all,1.0,0.2721774193548387,0.2785576989574211,1.0,0.2,-1.1998235254964544,-0.016319393210293836,0.0067228199362489235,0.019195369533801333,0.00417787532815932,1,1,1,1,1,1,1
spiral_out_hltd_closed_loop_identity02_branch_surface_l4_5_7_k12_16_24_a04_08_12_s0_19,identity_stress,5,16,identity_stress,random_tangent,0.4,early,0.9125,0.25806451612903225,0.27808425449440366,1.0,0.14166666666666666,-1.0914866351502686,-0.013808234940043781,0.006945764144363288,0.024422066216698547,0.0037615952393605517,1,1,1,1,1,1,1
spiral_out_hltd_closed_loop_identity02_branch_surface_l4_5_7_k12_16_24_a04_08_12_s0_19,identity_stress,5,16,identity_stress,random_tangent,0.4,late,0.0,,,,,,,,,,1,0,0,0,0,0,0
spiral_out_hltd_closed_loop_identity02_branch_surface_l4_5_7_k12_16_24_a04_08_12_s0_19,identity_stress,5,16,identity_stress,random_tangent,0.4,middle,0.0875,0.41935483870967744,0.2669086623228802,1.0,1.0,-2.145026576387636,-0.020418950871098716,-0.01308314170300863,0.0031304839102794823,0.00852955245710067,1,1,1,1,1,1,1
spiral_out_hltd_closed_loop_identity02_branch_surface_l4_5_7_k12_16_24_a04_08_12_s0_19,identity_stress,5,16,identity_stress,random_tangent,0.8,all,1.0,0.27620967741935487,0.2761412171063698,1.0,0.2875,-1.2112174027174543,0.004569053793895218,-0.031456781950617,0.1293438758804427,0.024080906839314693,1,1,1,1,1,1,1
spiral_out_hltd_closed_loop_identity02_branch_surface_l4_5_7_k12_16_24_a04_08_12_s0_19,identity_stress,5,16,identity_stress,random_tangent,0.8,early,0.8875,0.25806451612903225,0.27553250279677594,1.0,0.2125,-1.071927115129501,0.03865186070767497,-0.011663882076984865,0.12963276827023476,0.022001250327351958,1,1,1,1,1,1,1
spiral_out_hltd_closed_loop_identity02_branch_surface_l4_5_7_k12_16_24_a04_08_12_s0_19,identity_stress,5,16,identity_stress,random_tangent,0.8,late,0.0,,,,,,,,,,1,0,0,0,0,0,0
spiral_out_hltd_closed_loop_identity02_branch_surface_l4_5_7_k12_16_24_a04_08_12_s0_19,identity_stress,5,16,identity_stress,random_tangent,0.8,middle,0.1125,0.41935483870967744,0.2669086623228802,1.0,1.0,-2.145026576387636,-0.2542300242866046,-0.21730032971161012,0.1644749952937538,0.041447510849346086,1,1,1,1,1,1,1
spiral_out_hltd_closed_loop_identity02_branch_surface_l4_5_7_k12_16_24_a04_08_12_s0_19,identity_stress,5,16,identity_stress,random_tangent,1.2,all,1.0,0.28629032258064513,0.2706318142006883,1.0,0.4125,-1.9652656571712293,0.22386779013425379,0.6160741137197381,0.3277719292217168,0.32338019006296104,1,1,1,1,1,1,1
spiral_out_hltd_closed_loop_identity02_branch_surface_l4_5_7_k12_16_24_a04_08_12_s0_19,identity_stress,5,16,identity_stress,random_tangent,1.2,early,0.85,0.25806451612903225,0.26916784107044367,1.0,0.3208333333333333,-1.8570299594245703,0.3408623828227656,0.7398663917909434,0.32652846517726697,0.3586686088470723,1,1,1,1,1,1,1
spiral_out_hltd_closed_loop_identity02_branch_surface_l4_5_7_k12_16_24_a04_08_12_s0_19,identity_stress,5,16,identity_stress,random_tangent,1.2,late,0.0125,0.7419354838709677,0.2970393445565581,1.0,1.0,-2.894186695446166,0.997659811129858,0.617779960347363,-0.1532890502222486,0.1487052329876207,1,1,1,1,1,1,1
spiral_out_hltd_closed_loop_identity02_branch_surface_l4_5_7_k12_16_24_a04_08_12_s0_19,identity_stress,5,16,identity_stress,random_tangent,1.2,middle,0.1375,0.41935483870967744,0.2669086623228802,1.0,1.0,-2.339095485079042,-0.6134599026267019,-0.2687517530188886,0.42831191495310306,0.11959977097280769,1,1,1,1,1,1,1
spiral_out_hltd_closed_loop_identity02_branch_surface_l4_5_7_k12_16_24_a04_08_12_s0_19,identity_stress,5,24,identity_stress,baseline,0.0,all,1.0,0.25806451612903225,0.2870153854361005,0.0,0.0,-1.1828958905867246,,,,,1,1,0,0,0,0,0
spiral_out_hltd_closed_loop_identity02_branch_surface_l4_5_7_k12_16_24_a04_08_12_s0_19,identity_stress,5,24,identity_stress,baseline,0.0,early,1.0,0.25806451612903225,0.2870153854361005,0.0,0.0,-1.1828958905867246,,,,,1,1,0,0,0,0,0
spiral_out_hltd_closed_loop_identity02_branch_surface_l4_5_7_k12_16_24_a04_08_12_s0_19,identity_stress,5,24,identity_stress,baseline,0.0,late,0.0,,,,,,,,,,1,0,0,0,0,0,0
spiral_out_hltd_closed_loop_identity02_branch_surface_l4_5_7_k12_16_24_a04_08_12_s0_19,identity_stress,5,24,identity_stress,baseline,0.0,middle,0.0,,,,,,,,,,1,0,0,0,0,0,0
spiral_out_hltd_closed_loop_identity02_branch_surface_l4_5_7_k12_16_24_a04_08_12_s0_19,identity_stress,5,24,identity_stress,coexact,0.4,all,1.0,0.29838709677419356,0.26285056692558784,1.0,0.5,-1.2164246591346135,0.05721869886907543,0.025415104553626798,0.005284425524305001,0.0018433524261579248,1,1,1,1,1,1,1
spiral_out_hltd_closed_loop_identity02_branch_surface_l4_5_7_k12_16_24_a04_08_12_s0_19,identity_stress,5,24,identity_stress,coexact,0.4,early,0.75,0.25806451612903225,0.2614978684598237,1.0,0.3333333333333333,-0.9068906867169394,0.0560523111667189,0.0070854176552662,0.025603597084833733,0.0015923812985149666,1,1,1,1,1,1,1
spiral_out_hltd_closed_loop_identity02_branch_surface_l4_5_7_k12_16_24_a04_08_12_s0_19,identity_stress,5,24,identity_stress,coexact,0.4,late,0.0,,,,,,,,,,1,0,0,0,0,0,0
spiral_out_hltd_closed_loop_identity02_branch_surface_l4_5_7_k12_16_24_a04_08_12_s0_19,identity_stress,5,24,identity_stress,coexact,0.4,middle,0.25,0.41935483870967744,0.2669086623228802,1.0,1.0,-2.145026576387636,0.060717861976145,0.0804041652487086,-0.0556730891572812,0.0025962658090868,1,1,1,1,1,1,1
spiral_out_hltd_closed_loop_identity02_branch_surface_l4_5_7_k12_16_24_a04_08_12_s0_19,identity_stress,5,24,identity_stress,coexact,0.8,all,1.0,0.29838709677419356,0.26285056692558784,1.0,0.5,-1.2164246591346135,0.12361537941853286,0.01583529671297155,0.13130488461882123,0.016198133663600074,1,1,1,1,1,1,1
spiral_out_hltd_closed_loop_identity02_branch_surface_l4_5_7_k12_16_24_a04_08_12_s0_19,identity_stress,5,24,identity_stress,coexact,0.8,early,0.75,0.25806451612903225,0.2614978684598237,1.0,0.3333333333333333,-0.9068906867169394,0.1674266266220362,-0.0069820840701027,0.17327265834329864,0.017797173415267167,1,1,1,1,1,1,1
spiral_out_hltd_closed_loop_identity02_branch_surface_l4_5_7_k12_16_24_a04_08_12_s0_19,identity_stress,5,24,identity_stress,coexact,0.8,late,0.0,,,,,,,,,,1,0,0,0,0,0,0
spiral_out_hltd_closed_loop_identity02_branch_surface_l4_5_7_k12_16_24_a04_08_12_s0_19,identity_stress,5,24,identity_stress,coexact,0.8,middle,0.25,0.41935483870967744,0.2669086623228802,1.0,1.0,-2.145026576387636,-0.0078183621919771,0.0842874390621943,0.005401563445389,0.0114010144085988,1,1,1,1,1,1,1
spiral_out_hltd_closed_loop_identity02_branch_surface_l4_5_7_k12_16_24_a04_08_12_s0_19,identity_stress,5,24,identity_stress,coexact,1.2,all,1.0,0.29838709677419356,0.26285056692558784,1.0,0.5,-1.2164246591346135,0.11838789757594892,-0.04296794464877253,0.3515191454136361,0.05678089760471715,1,1,1,1,1,1,1
spiral_out_hltd_closed_loop_identity02_branch_surface_l4_5_7_k12_16_24_a04_08_12_s0_19,identity_stress,5,24,identity_stress,coexact,1.2,early,0.75,0.25806451612903225,0.2614978684598237,1.0,0.3333333333333333,-0.9068906867169394,0.22979814610686944,-0.06410937699789561,0.4061014378169126,0.0619757594491277,1,1,1,1,1,1,1
spiral_out_hltd_closed_loop_identity02_branch_surface_l4_5_7_k12_16_24_a04_08_12_s0_19,identity_stress,5,24,identity_stress,coexact,1.2,late,0.0,,,,,,,,,,1,0,0,0,0,0,0
spiral_out_hltd_closed_loop_identity02_branch_surface_l4_5_7_k12_16_24_a04_08_12_s0_19,identity_stress,5,24,identity_stress,coexact,1.2,middle,0.25,0.41935483870967744,0.2669086623228802,1.0,1.0,-2.145026576387636,-0.2158428480168126,0.0204563523985967,0.1877722682038065,0.0411963120714855,1,1,1,1,1,1,1
spiral_out_hltd_closed_loop_identity02_branch_surface_l4_5_7_k12_16_24_a04_08_12_s0_19,identity_stress,5,24,identity_stress,coexact_minus_presence,0.4,all,1.0,0.25806451612903225,0.2870153854361005,1.0,0.0,-1.1828958905867246,0.01643084994591555,0.0466930031045791,-0.038399706420870774,0.0044707550004174125,1,1,1,1,1,1,1
spiral_out_hltd_closed_loop_identity02_branch_surface_l4_5_7_k12_16_24_a04_08_12_s0_19,identity_stress,5,24,identity_stress,coexact_minus_presence,0.4,early,1.0,0.25806451612903225,0.2870153854361005,1.0,0.0,-1.1828958905867246,0.01643084994591555,0.0466930031045791,-0.038399706420870774,0.0044707550004174125,1,1,1,1,1,1,1
spiral_out_hltd_closed_loop_identity02_branch_surface_l4_5_7_k12_16_24_a04_08_12_s0_19,identity_stress,5,24,identity_stress,coexact_minus_presence,0.4,late,0.0,,,,,,,,,,1,0,0,0,0,0,0
spiral_out_hltd_closed_loop_identity02_branch_surface_l4_5_7_k12_16_24_a04_08_12_s0_19,identity_stress,5,24,identity_stress,coexact_minus_presence,0.4,middle,0.0,,,,,,,,,,1,0,0,0,0,0,0
spiral_out_hltd_closed_loop_identity02_branch_surface_l4_5_7_k12_16_24_a04_08_12_s0_19,identity_stress,5,24,identity_stress,coexact_minus_presence,0.8,all,1.0,0.25806451612903225,0.2870153854361005,1.0,0.0,-1.1828958905867246,0.1233011396224173,0.0385582118283523,0.09836843086865531,0.03635555389842257,1,1,1,1,1,1,1
spiral_out_hltd_closed_loop_identity02_branch_surface_l4_5_7_k12_16_24_a04_08_12_s0_19,identity_stress,5,24,identity_stress,coexact_minus_presence,0.8,early,1.0,0.25806451612903225,0.2870153854361005,1.0,0.0,-1.1828958905867246,0.1233011396224173,0.0385582118283523,0.09836843086865531,0.03635555389842257,1,1,1,1,1,1,1
spiral_out_hltd_closed_loop_identity02_branch_surface_l4_5_7_k12_16_24_a04_08_12_s0_19,identity_stress,5,24,identity_stress,coexact_minus_presence,0.8,late,0.0,,,,,,,,,,1,0,0,0,0,0,0
spiral_out_hltd_closed_loop_identity02_branch_surface_l4_5_7_k12_16_24_a04_08_12_s0_19,identity_stress,5,24,identity_stress,coexact_minus_presence,0.8,middle,0.0,,,,,,,,,,1,0,0,0,0,0,0
spiral_out_hltd_closed_loop_identity02_branch_surface_l4_5_7_k12_16_24_a04_08_12_s0_19,identity_stress,5,24,identity_stress,coexact_minus_presence,1.2,all,1.0,0.25806451612903225,0.2870153854361005,1.0,0.25,-1.2398645795515684,0.3863638858031319,0.06026042680347385,0.5698302946199676,0.1404126049879608,1,1,1,1,1,1,1
spiral_out_hltd_closed_loop_identity02_branch_surface_l4_5_7_k12_16_24_a04_08_12_s0_19,identity_stress,5,24,identity_stress,coexact_minus_presence,1.2,early,1.0,0.25806451612903225,0.2870153854361005,1.0,0.25,-1.2398645795515684,0.3863638858031319,0.06026042680347385,0.5698302946199676,0.1404126049879608,1,1,1,1,1,1,1
spiral_out_hltd_closed_loop_identity02_branch_surface_l4_5_7_k12_16_24_a04_08_12_s0_19,identity_stress,5,24,identity_stress,coexact_minus_presence,1.2,late,0.0,,,,,,,,,,1,0,0,0,0,0,0
spiral_out_hltd_closed_loop_identity02_branch_surface_l4_5_7_k12_16_24_a04_08_12_s0_19,identity_stress,5,24,identity_stress,coexact_minus_presence,1.2,middle,0.0,,,,,,,,,,1,0,0,0,0,0,0
spiral_out_hltd_closed_loop_identity02_branch_surface_l4_5_7_k12_16_24_a04_08_12_s0_19,identity_stress,5,24,identity_stress,negative_coexact,0.4,all,1.0,0.25806451612903225,0.2870153854361005,1.0,0.0,-1.1828958905867246,-0.04155465800623888,-0.005633991853859073,0.013334583154242775,0.0022682812206963783,1,1,1,1,1,1,1
spiral_out_hltd_closed_loop_identity02_branch_surface_l4_5_7_k12_16_24_a04_08_12_s0_19,identity_stress,5,24,identity_stress,negative_coexact,0.4,early,1.0,0.25806451612903225,0.2870153854361005,1.0,0.0,-1.1828958905867246,-0.04155465800623888,-0.005633991853859073,0.013334583154242775,0.0022682812206963783,1,1,1,1,1,1,1
spiral_out_hltd_closed_loop_identity02_branch_surface_l4_5_7_k12_16_24_a04_08_12_s0_19,identity_stress,5,24,identity_stress,negative_coexact,0.4,late,0.0,,,,,,,,,,1,0,0,0,0,0,0
spiral_out_hltd_closed_loop_identity02_branch_surface_l4_5_7_k12_16_24_a04_08_12_s0_19,identity_stress,5,24,identity_stress,negative_coexact,0.4,middle,0.0,,,,,,,,,,1,0,0,0,0,0,0
spiral_out_hltd_closed_loop_identity02_branch_surface_l4_5_7_k12_16_24_a04_08_12_s0_19,identity_stress,5,24,identity_stress,negative_coexact,0.8,all,1.0,0.25806451612903225,0.2870153854361005,1.0,0.25,-1.2348215497664121,-0.0361233412302293,0.041526230908637246,0.09167101278703238,0.014340040258455075,1,1,1,1,1,1,1
spiral_out_hltd_closed_loop_identity02_branch_surface_l4_5_7_k12_16_24_a04_08_12_s0_19,identity_stress,5,24,identity_stress,negative_coexact,0.8,early,1.0,0.25806451612903225,0.2870153854361005,1.0,0.25,-1.2348215497664121,-0.0361233412302293,0.041526230908637246,0.09167101278703238,0.014340040258455075,1,1,1,1,1,1,1
spiral_out_hltd_closed_loop_identity02_branch_surface_l4_5_7_k12_16_24_a04_08_12_s0_19,identity_stress,5,24,identity_stress,negative_coexact,0.8,late,0.0,,,,,,,,,,1,0,0,0,0,0,0
spiral_out_hltd_closed_loop_identity02_branch_surface_l4_5_7_k12_16_24_a04_08_12_s0_19,identity_stress,5,24,identity_stress,negative_coexact,0.8,middle,0.0,,,,,,,,,,1,0,0,0,0,0,0
spiral_out_hltd_closed_loop_identity02_branch_surface_l4_5_7_k12_16_24_a04_08_12_s0_19,identity_stress,5,24,identity_stress,negative_coexact,1.2,all,1.0,0.25806451612903225,0.2870153854361005,1.0,0.25,-1.2348215497664121,0.3109169591251808,0.04300706976997052,0.3178350832791319,0.07208733017529155,1,1,1,1,1,1,1
spiral_out_hltd_closed_loop_identity02_branch_surface_l4_5_7_k12_16_24_a04_08_12_s0_19,identity_stress,5,24,identity_stress,negative_coexact,1.2,early,1.0,0.25806451612903225,0.2870153854361005,1.0,0.25,-1.2348215497664121,0.3109169591251808,0.04300706976997052,0.3178350832791319,0.07208733017529155,1,1,1,1,1,1,1
spiral_out_hltd_closed_loop_identity02_branch_surface_l4_5_7_k12_16_24_a04_08_12_s0_19,identity_stress,5,24,identity_stress,negative_coexact,1.2,late,0.0,,,,,,,,,,1,0,0,0,0,0,0
spiral_out_hltd_closed_loop_identity02_branch_surface_l4_5_7_k12_16_24_a04_08_12_s0_19,identity_stress,5,24,identity_stress,negative_coexact,1.2,middle,0.0,,,,,,,,,,1,0,0,0,0,0,0
spiral_out_hltd_closed_loop_identity02_branch_surface_l4_5_7_k12_16_24_a04_08_12_s0_19,identity_stress,5,24,identity_stress,presence,0.4,all,1.0,0.25806451612903225,0.2870153854361005,1.0,0.0,-1.1828958905867246,0.026750300280392377,-0.05251353909337553,0.08983666673444404,0.0037336095781703884,1,1,1,1,1,1,1
spiral_out_hltd_closed_loop_identity02_branch_surface_l4_5_7_k12_16_24_a04_08_12_s0_19,identity_stress,5,24,identity_stress,presence,0.4,early,1.0,0.25806451612903225,0.2870153854361005,1.0,0.0,-1.1828958905867246,0.026750300280392377,-0.05251353909337553,0.08983666673444404,0.0037336095781703884,1,1,1,1,1,1,1
spiral_out_hltd_closed_loop_identity02_branch_surface_l4_5_7_k12_16_24_a04_08_12_s0_19,identity_stress,5,24,identity_stress,presence,0.4,late,0.0,,,,,,,,,,1,0,0,0,0,0,0
spiral_out_hltd_closed_loop_identity02_branch_surface_l4_5_7_k12_16_24_a04_08_12_s0_19,identity_stress,5,24,identity_stress,presence,0.4,middle,0.0,,,,,,,,,,1,0,0,0,0,0,0
spiral_out_hltd_closed_loop_identity02_branch_surface_l4_5_7_k12_16_24_a04_08_12_s0_19,identity_stress,5,24,identity_stress,presence,0.8,all,1.0,0.25806451612903225,0.2870153854361005,1.0,0.25,-1.2348215497664121,0.14770376673526672,-0.00037337441811757105,0.20112705457586216,0.017997344852128574,1,1,1,1,1,1,1
spiral_out_hltd_closed_loop_identity02_branch_surface_l4_5_7_k12_16_24_a04_08_12_s0_19,identity_stress,5,24,identity_stress,presence,0.8,early,1.0,0.25806451612903225,0.2870153854361005,1.0,0.25,-1.2348215497664121,0.14770376673526672,-0.00037337441811757105,0.20112705457586216,0.017997344852128574,1,1,1,1,1,1,1
spiral_out_hltd_closed_loop_identity02_branch_surface_l4_5_7_k12_16_24_a04_08_12_s0_19,identity_stress,5,24,identity_stress,presence,0.8,late,0.0,,,,,,,,,,1,0,0,0,0,0,0
spiral_out_hltd_closed_loop_identity02_branch_surface_l4_5_7_k12_16_24_a04_08_12_s0_19,identity_stress,5,24,identity_stress,presence,0.8,middle,0.0,,,,,,,,,,1,0,0,0,0,0,0
spiral_out_hltd_closed_loop_identity02_branch_surface_l4_5_7_k12_16_24_a04_08_12_s0_19,identity_stress,5,24,identity_stress,presence,1.2,all,1.0,0.29838709677419356,0.26285056692558784,1.0,0.5,-1.3943211587684026,0.33163979720467024,0.006718643243456085,0.2391204349761073,0.03692406294746217,1,1,1,1,1,1,1
spiral_out_hltd_closed_loop_identity02_branch_surface_l4_5_7_k12_16_24_a04_08_12_s0_19,identity_stress,5,24,identity_stress,presence,1.2,early,0.75,0.25806451612903225,0.2614978684598237,1.0,0.3333333333333333,-0.9068906867169394,0.5221949361218622,-0.11299927969330759,0.26076843356124635,0.0283605733905416,1,1,1,1,1,1,1
spiral_out_hltd_closed_loop_identity02_branch_surface_l4_5_7_k12_16_24_a04_08_12_s0_19,identity_stress,5,24,identity_stress,presence,1.2,late,0.0,,,,,,,,,,1,0,0,0,0,0,0
spiral_out_hltd_closed_loop_identity02_branch_surface_l4_5_7_k12_16_24_a04_08_12_s0_19,identity_stress,5,24,identity_stress,presence,1.2,middle,0.25,0.41935483870967744,0.2669086623228802,1.0,1.0,-2.856612574922792,-0.2400256195469055,0.3658724120537471,0.1741764392206901,0.0626145316182239,1,1,1,1,1,1,1
spiral_out_hltd_closed_loop_identity02_branch_surface_l4_5_7_k12_16_24_a04_08_12_s0_19,identity_stress,5,24,identity_stress,presence_plus_coexact,0.4,all,1.0,0.29838709677419356,0.26285056692558784,1.0,0.5,-1.2164246591346135,0.07906647753958129,-0.016920342825603278,0.04813038193348732,0.002640250560304048,1,1,1,1,1,1,1
spiral_out_hltd_closed_loop_identity02_branch_surface_l4_5_7_k12_16_24_a04_08_12_s0_19,identity_stress,5,24,identity_stress,presence_plus_coexact,0.4,early,0.75,0.25806451612903225,0.2614978684598237,1.0,0.3333333333333333,-0.9068906867169394,0.08234256866372766,-0.03820515015160687,0.08318783062043346,0.0027994962017276978,1,1,1,1,1,1,1
spiral_out_hltd_closed_loop_identity02_branch_surface_l4_5_7_k12_16_24_a04_08_12_s0_19,identity_stress,5,24,identity_stress,presence_plus_coexact,0.4,late,0.0,,,,,,,,,,1,0,0,0,0,0,0
spiral_out_hltd_closed_loop_identity02_branch_surface_l4_5_7_k12_16_24_a04_08_12_s0_19,identity_stress,5,24,identity_stress,presence_plus_coexact,0.4,middle,0.25,0.41935483870967744,0.2669086623228802,1.0,1.0,-2.145026576387636,0.0692382041671422,0.0469340791524075,-0.0570419641273511,0.0021625136360331,1,1,1,1,1,1,1
spiral_out_hltd_closed_loop_identity02_branch_surface_l4_5_7_k12_16_24_a04_08_12_s0_19,identity_stress,5,24,identity_stress,presence_plus_coexact,0.8,all,1.0,0.29838709677419356,0.26285056692558784,1.0,0.5,-1.2164246591346135,0.18335168955569592,-0.060267401799538975,0.12749084774702335,0.010555159666891717,1,1,1,1,1,1,1
spiral_out_hltd_closed_loop_identity02_branch_surface_l4_5_7_k12_16_24_a04_08_12_s0_19,identity_stress,5,24,identity_stress,presence_plus_coexact,0.8,early,0.75,0.25806451612903225,0.2614978684598237,1.0,0.3333333333333333,-0.9068906867169394,0.23914084317232154,-0.07697618684885767,0.17418112620772622,0.011001977410537723,1,1,1,1,1,1,1
spiral_out_hltd_closed_loop_identity02_branch_surface_l4_5_7_k12_16_24_a04_08_12_s0_19,identity_stress,5,24,identity_stress,presence_plus_coexact,0.8,late,0.0,,,,,,,,,,1,0,0,0,0,0,0
spiral_out_hltd_closed_loop_identity02_branch_surface_l4_5_7_k12_16_24_a04_08_12_s0_19,identity_stress,5,24,identity_stress,presence_plus_coexact,0.8,middle,0.25,0.41935483870967744,0.2669086623228802,1.0,1.0,-2.145026576387636,0.0159842287058191,-0.0101410466515829,-0.0125799876350853,0.0092147064359537,1,1,1,1,1,1,1
spiral_out_hltd_closed_loop_identity02_branch_surface_l4_5_7_k12_16_24_a04_08_12_s0_19,identity_stress,5,24,identity_stress,presence_plus_coexact,1.2,all,1.0,0.29838709677419356,0.26285056692558784,1.0,0.5,-1.2164246591346135,0.31943648888681153,-0.13033585085772256,0.2363652542886646,0.027390242529081246,1,1,1,1,1,1,1
spiral_out_hltd_closed_loop_identity02_branch_surface_l4_5_7_k12_16_24_a04_08_12_s0_19,identity_stress,5,24,identity_stress,presence_plus_coexact,1.2,early,0.75,0.25806451612903225,0.2614978684598237,1.0,0.3333333333333333,-0.9068906867169394,0.48985965386191016,-0.11198887316071665,0.2681601176389398,0.025916336819909864,1,1,1,1,1,1,1
spiral_out_hltd_closed_loop_identity02_branch_surface_l4_5_7_k12_16_24_a04_08_12_s0_19,identity_stress,5,24,identity_stress,presence_plus_coexact,1.2,late,0.0,,,,,,,,,,1,0,0,0,0,0,0
spiral_out_hltd_closed_loop_identity02_branch_surface_l4_5_7_k12_16_24_a04_08_12_s0_19,identity_stress,5,24,identity_stress,presence_plus_coexact,1.2,middle,0.25,0.41935483870967744,0.2669086623228802,1.0,1.0,-2.145026576387636,-0.1918330060384843,-0.1853767839487403,0.1409806642378388,0.0318119596565954,1,1,1,1,1,1,1
spiral_out_hltd_closed_loop_identity02_branch_surface_l4_5_7_k12_16_24_a04_08_12_s0_19,identity_stress,5,24,identity_stress,random_tangent,0.4,all,1.0,0.2721774193548387,0.2785576989574211,1.0,0.2,-1.1998235254964544,-0.016319393210293836,0.0067228199362489235,0.019195369533801333,0.00417787532815932,1,1,1,1,1,1,1
spiral_out_hltd_closed_loop_identity02_branch_surface_l4_5_7_k12_16_24_a04_08_12_s0_19,identity_stress,5,24,identity_stress,random_tangent,0.4,early,0.9125,0.25806451612903225,0.27808425449440366,1.0,0.14166666666666666,-1.0914866351502686,-0.013808234940043781,0.006945764144363288,0.024422066216698547,0.0037615952393605517,1,1,1,1,1,1,1
spiral_out_hltd_closed_loop_identity02_branch_surface_l4_5_7_k12_16_24_a04_08_12_s0_19,identity_stress,5,24,identity_stress,random_tangent,0.4,late,0.0,,,,,,,,,,1,0,0,0,0,0,0
spiral_out_hltd_closed_loop_identity02_branch_surface_l4_5_7_k12_16_24_a04_08_12_s0_19,identity_stress,5,24,identity_stress,random_tangent,0.4,middle,0.0875,0.41935483870967744,0.2669086623228802,1.0,1.0,-2.145026576387636,-0.020418950871098716,-0.01308314170300863,0.0031304839102794823,0.00852955245710067,1,1,1,1,1,1,1
spiral_out_hltd_closed_loop_identity02_branch_surface_l4_5_7_k12_16_24_a04_08_12_s0_19,identity_stress,5,24,identity_stress,random_tangent,0.8,all,1.0,0.27620967741935487,0.2761412171063698,1.0,0.2875,-1.2112174027174543,0.004569053793895218,-0.031456781950617,0.1293438758804427,0.024080906839314693,1,1,1,1,1,1,1
spiral_out_hltd_closed_loop_identity02_branch_surface_l4_5_7_k12_16_24_a04_08_12_s0_19,identity_stress,5,24,identity_stress,random_tangent,0.8,early,0.8875,0.25806451612903225,0.27553250279677594,1.0,0.2125,-1.071927115129501,0.03865186070767497,-0.011663882076984865,0.12963276827023476,0.022001250327351958,1,1,1,1,1,1,1
spiral_out_hltd_closed_loop_identity02_branch_surface_l4_5_7_k12_16_24_a04_08_12_s0_19,identity_stress,5,24,identity_stress,random_tangent,0.8,late,0.0,,,,,,,,,,1,0,0,0,0,0,0
spiral_out_hltd_closed_loop_identity02_branch_surface_l4_5_7_k12_16_24_a04_08_12_s0_19,identity_stress,5,24,identity_stress,random_tangent,0.8,middle,0.1125,0.41935483870967744,0.2669086623228802,1.0,1.0,-2.145026576387636,-0.2542300242866046,-0.21730032971161012,0.1644749952937538,0.041447510849346086,1,1,1,1,1,1,1
spiral_out_hltd_closed_loop_identity02_branch_surface_l4_5_7_k12_16_24_a04_08_12_s0_19,identity_stress,5,24,identity_stress,random_tangent,1.2,all,1.0,0.28629032258064513,0.2706318142006883,1.0,0.4125,-1.9652656571712293,0.22386779013425379,0.6160741137197381,0.3277719292217168,0.32338019006296104,1,1,1,1,1,1,1
spiral_out_hltd_closed_loop_identity02_branch_surface_l4_5_7_k12_16_24_a04_08_12_s0_19,identity_stress,5,24,identity_stress,random_tangent,1.2,early,0.85,0.25806451612903225,0.26916784107044367,1.0,0.3208333333333333,-1.8570299594245703,0.3408623828227656,0.7398663917909434,0.32652846517726697,0.3586686088470723,1,1,1,1,1,1,1
spiral_out_hltd_closed_loop_identity02_branch_surface_l4_5_7_k12_16_24_a04_08_12_s0_19,identity_stress,5,24,identity_stress,random_tangent,1.2,late,0.0125,0.7419354838709677,0.2970393445565581,1.0,1.0,-2.894186695446166,0.997659811129858,0.617779960347363,-0.1532890502222486,0.1487052329876207,1,1,1,1,1,1,1
spiral_out_hltd_closed_loop_identity02_branch_surface_l4_5_7_k12_16_24_a04_08_12_s0_19,identity_stress,5,24,identity_stress,random_tangent,1.2,middle,0.1375,0.41935483870967744,0.2669086623228802,1.0,1.0,-2.339095485079042,-0.6134599026267019,-0.2687517530188886,0.42831191495310306,0.11959977097280769,1,1,1,1,1,1,1
spiral_out_hltd_closed_loop_identity02_branch_surface_l4_5_7_k12_16_24_a04_08_12_s0_19,identity_stress,7,12,identity_stress,baseline,0.0,all,1.0,0.25806451612903225,0.30119544288950745,0.0,0.0,-1.1828958905867246,,,,,1,1,0,0,0,0,0
spiral_out_hltd_closed_loop_identity02_branch_surface_l4_5_7_k12_16_24_a04_08_12_s0_19,identity_stress,7,12,identity_stress,baseline,0.0,early,1.0,0.25806451612903225,0.30119544288950745,0.0,0.0,-1.1828958905867246,,,,,1,1,0,0,0,0,0
spiral_out_hltd_closed_loop_identity02_branch_surface_l4_5_7_k12_16_24_a04_08_12_s0_19,identity_stress,7,12,identity_stress,baseline,0.0,late,0.0,,,,,,,,,,1,0,0,0,0,0,0
spiral_out_hltd_closed_loop_identity02_branch_surface_l4_5_7_k12_16_24_a04_08_12_s0_19,identity_stress,7,12,identity_stress,baseline,0.0,middle,0.0,,,,,,,,,,1,0,0,0,0,0,0
spiral_out_hltd_closed_loop_identity02_branch_surface_l4_5_7_k12_16_24_a04_08_12_s0_19,identity_stress,7,12,identity_stress,coexact,0.4,all,1.0,0.29838709677419356,0.28567770468722886,1.0,0.5,-1.2164246591346135,0.07751398351011925,0.018982798570462475,-0.024100621009624675,0.009254181299198031,1,1,1,1,1,1,1
spiral_out_hltd_closed_loop_identity02_branch_surface_l4_5_7_k12_16_24_a04_08_12_s0_19,identity_stress,7,12,identity_stress,coexact,0.4,early,0.75,0.25806451612903225,0.27514105868727307,1.0,0.3333333333333333,-0.9068906867169394,0.07040758440745043,0.028071565758973297,-0.009191016163750801,0.004876023496710808,1,1,1,1,1,1,1
spiral_out_hltd_closed_loop_identity02_branch_surface_l4_5_7_k12_16_24_a04_08_12_s0_19,identity_stress,7,12,identity_stress,coexact,0.4,late,0.0,,,,,,,,,,1,0,0,0,0,0,0
spiral_out_hltd_closed_loop_identity02_branch_surface_l4_5_7_k12_16_24_a04_08_12_s0_19,identity_stress,7,12,identity_stress,coexact,0.4,middle,0.25,0.41935483870967744,0.3172876426870964,1.0,1.0,-2.145026576387636,0.0988331808181257,-0.00828350299507,-0.0688294355472463,0.0223886547066597,1,1,1,1,1,1,1
spiral_out_hltd_closed_loop_identity02_branch_surface_l4_5_7_k12_16_24_a04_08_12_s0_19,identity_stress,7,12,identity_stress,coexact,0.8,all,1.0,0.29838709677419356,0.28567770468722886,1.0,0.5,-1.2164246591346135,0.18828693126862217,0.0002585684728835039,-0.04251728024768532,0.0505172776582481,1,1,1,1,1,1,1
spiral_out_hltd_closed_loop_identity02_branch_surface_l4_5_7_k12_16_24_a04_08_12_s0_19,identity_stress,7,12,identity_stress,coexact,0.8,early,0.75,0.25806451612903225,0.27514105868727307,1.0,0.3333333333333333,-0.9068906867169394,0.1721895833363032,0.05473687713657204,-0.008793851593604836,0.023302737730429235,1,1,1,1,1,1,1
spiral_out_hltd_closed_loop_identity02_branch_surface_l4_5_7_k12_16_24_a04_08_12_s0_19,identity_stress,7,12,identity_stress,coexact,0.8,late,0.0,,,,,,,,,,1,0,0,0,0,0,0
spiral_out_hltd_closed_loop_identity02_branch_surface_l4_5_7_k12_16_24_a04_08_12_s0_19,identity_stress,7,12,identity_stress,coexact,0.8,middle,0.25,0.41935483870967744,0.3172876426870964,1.0,1.0,-2.145026576387636,0.2365789750655791,-0.1631763575181821,-0.1436875662099268,0.1321608974417047,1,1,1,1,1,1,1
spiral_out_hltd_closed_loop_identity02_branch_surface_l4_5_7_k12_16_24_a04_08_12_s0_19,identity_stress,7,12,identity_stress,coexact,1.2,all,1.0,0.29838709677419356,0.28567770468722886,1.0,0.5,-1.3943211587684026,0.3167146196978754,0.2776520974216509,-0.010160707735964124,0.1666219307926656,1,1,1,1,1,1,1
spiral_out_hltd_closed_loop_identity02_branch_surface_l4_5_7_k12_16_24_a04_08_12_s0_19,identity_stress,7,12,identity_stress,coexact,1.2,early,0.75,0.25806451612903225,0.27514105868727307,1.0,0.3333333333333333,-0.9068906867169394,0.4698817882674895,0.06029350932571251,0.0377184252768603,0.06354247371276826,1,1,1,1,1,1,1
spiral_out_hltd_closed_loop_identity02_branch_surface_l4_5_7_k12_16_24_a04_08_12_s0_19,identity_stress,7,12,identity_stress,coexact,1.2,late,0.0,,,,,,,,,,1,0,0,0,0,0,0
spiral_out_hltd_closed_loop_identity02_branch_surface_l4_5_7_k12_16_24_a04_08_12_s0_19,identity_stress,7,12,identity_stress,coexact,1.2,middle,0.25,0.41935483870967744,0.3172876426870964,1.0,1.0,-2.856612574922792,-0.1427868860109669,0.9297278617094662,-0.1537981067744374,0.4758603020323576,1,1,1,1,1,1,1
spiral_out_hltd_closed_loop_identity02_branch_surface_l4_5_7_k12_16_24_a04_08_12_s0_19,identity_stress,7,12,identity_stress,coexact_minus_presence,0.4,all,1.0,0.29838709677419356,0.28567770468722886,1.0,0.5,-1.2164246591346135,0.16391097297707952,0.023226895831882623,0.03069628335818812,0.00805629250715915,1,1,1,1,1,1,1
spiral_out_hltd_closed_loop_identity02_branch_surface_l4_5_7_k12_16_24_a04_08_12_s0_19,identity_stress,7,12,identity_stress,coexact_minus_presence,0.4,early,0.75,0.25806451612903225,0.27514105868727307,1.0,0.3333333333333333,-0.9068906867169394,0.14286774032879096,-0.0028087535569104364,0.07379861611014933,0.007296160151669066,1,1,1,1,1,1,1
spiral_out_hltd_closed_loop_identity02_branch_surface_l4_5_7_k12_16_24_a04_08_12_s0_19,identity_stress,7,12,identity_stress,coexact_minus_presence,0.4,late,0.0,,,,,,,,,,1,0,0,0,0,0,0
spiral_out_hltd_closed_loop_identity02_branch_surface_l4_5_7_k12_16_24_a04_08_12_s0_19,identity_stress,7,12,identity_stress,coexact_minus_presence,0.4,middle,0.25,0.41935483870967744,0.3172876426870964,1.0,1.0,-2.145026576387636,0.2270406709219452,0.1013338439982618,-0.0986107148976955,0.0103366895736294,1,1,1,1,1,1,1
spiral_out_hltd_closed_loop_identity02_branch_surface_l4_5_7_k12_16_24_a04_08_12_s0_19,identity_stress,7,12,identity_stress,coexact_minus_presence,0.8,all,1.0,0.29838709677419356,0.28567770468722886,1.0,0.5,-1.2164246591346135,0.3720384793345366,-0.0019625962599505798,0.10847254238412514,0.0329061644961833,1,1,1,1,1,1,1
spiral_out_hltd_closed_loop_identity02_branch_surface_l4_5_7_k12_16_24_a04_08_12_s0_19,identity_stress,7,12,identity_stress,coexact_minus_presence,0.8,early,0.75,0.25806451612903225,0.27514105868727307,1.0,0.3333333333333333,-0.9068906867169394,0.3972607670121994,-0.010320895660711973,0.16762272280122933,0.029542910231580465,1,1,1,1,1,1,1
spiral_out_hltd_closed_loop_identity02_branch_surface_l4_5_7_k12_16_24_a04_08_12_s0_19,identity_stress,7,12,identity_stress,coexact_minus_presence,0.8,late,0.0,,,,,,,,,,1,0,0,0,0,0,0
spiral_out_hltd_closed_loop_identity02_branch_surface_l4_5_7_k12_16_24_a04_08_12_s0_19,identity_stress,7,12,identity_stress,coexact_minus_presence,0.8,middle,0.25,0.41935483870967744,0.3172876426870964,1.0,1.0,-2.145026576387636,0.2963716163015482,0.0231123019423336,-0.0689779988671874,0.0429959272899918,1,1,1,1,1,1,1
spiral_out_hltd_closed_loop_identity02_branch_surface_l4_5_7_k12_16_24_a04_08_12_s0_19,identity_stress,7,12,identity_stress,coexact_minus_presence,1.2,all,1.0,0.29838709677419356,0.28567770468722886,1.0,0.5,-1.2164246591346135,0.7823998622976389,-0.06925576975275763,0.23602048010849264,0.0788365825833326,1,1,1,1,1,1,1
spiral_out_hltd_closed_loop_identity02_branch_surface_l4_5_7_k12_16_24_a04_08_12_s0_19,identity_stress,7,12,identity_stress,coexact_minus_presence,1.2,early,0.75,0.25806451612903225,0.27514105868727307,1.0,0.3333333333333333,-0.9068906867169394,0.9501799277091946,-0.04468385022367258,0.3221168810529144,0.06703909987446048,1,1,1,1,1,1,1
spiral_out_hltd_closed_loop_identity02_branch_surface_l4_5_7_k12_16_24_a04_08_12_s0_19,identity_stress,7,12,identity_stress,coexact_minus_presence,1.2,late,0.0,,,,,,,,,,1,0,0,0,0,0,0
spiral_out_hltd_closed_loop_identity02_branch_surface_l4_5_7_k12_16_24_a04_08_12_s0_19,identity_stress,7,12,identity_stress,coexact_minus_presence,1.2,middle,0.25,0.41935483870967744,0.3172876426870964,1.0,1.0,-2.145026576387636,0.279059666062972,-0.1429715283400128,-0.0222687227247728,0.114229030709949,1,1,1,1,1,1,1
spiral_out_hltd_closed_loop_identity02_branch_surface_l4_5_7_k12_16_24_a04_08_12_s0_19,identity_stress,7,12,identity_stress,negative_coexact,0.4,all,1.0,0.25806451612903225,0.30119544288950745,1.0,0.0,-1.1828958905867246,-0.07585000200652778,-0.009553192559700129,0.025357750413472324,0.00424625002478245,1,1,1,1,1,1,1
spiral_out_hltd_closed_loop_identity02_branch_surface_l4_5_7_k12_16_24_a04_08_12_s0_19,identity_stress,7,12,identity_stress,negative_coexact,0.4,early,1.0,0.25806451612903225,0.30119544288950745,1.0,0.0,-1.1828958905867246,-0.07585000200652778,-0.009553192559700129,0.025357750413472324,0.00424625002478245,1,1,1,1,1,1,1
spiral_out_hltd_closed_loop_identity02_branch_surface_l4_5_7_k12_16_24_a04_08_12_s0_19,identity_stress,7,12,identity_stress,negative_coexact,0.4,late,0.0,,,,,,,,,,1,0,0,0,0,0,0
spiral_out_hltd_closed_loop_identity02_branch_surface_l4_5_7_k12_16_24_a04_08_12_s0_19,identity_stress,7,12,identity_stress,negative_coexact,0.4,middle,0.0,,,,,,,,,,1,0,0,0,0,0,0
spiral_out_hltd_closed_loop_identity02_branch_surface_l4_5_7_k12_16_24_a04_08_12_s0_19,identity_stress,7,12,identity_stress,negative_coexact,0.8,all,1.0,0.25806451612903225,0.30119544288950745,1.0,0.25,-1.2398645795515684,-0.12900598920891812,0.0641601084369689,0.07756417654429384,0.019300325183505326,1,1,1,1,1,1,1
spiral_out_hltd_closed_loop_identity02_branch_surface_l4_5_7_k12_16_24_a04_08_12_s0_19,identity_stress,7,12,identity_stress,negative_coexact,0.8,early,1.0,0.25806451612903225,0.30119544288950745,1.0,0.25,-1.2398645795515684,-0.12900598920891812,0.0641601084369689,0.07756417654429384,0.019300325183505326,1,1,1,1,1,1,1
spiral_out_hltd_closed_loop_identity02_branch_surface_l4_5_7_k12_16_24_a04_08_12_s0_19,identity_stress,7,12,identity_stress,negative_coexact,0.8,late,0.0,,,,,,,,,,1,0,0,0,0,0,0
spiral_out_hltd_closed_loop_identity02_branch_surface_l4_5_7_k12_16_24_a04_08_12_s0_19,identity_stress,7,12,identity_stress,negative_coexact,0.8,middle,0.0,,,,,,,,,,1,0,0,0,0,0,0
spiral_out_hltd_closed_loop_identity02_branch_surface_l4_5_7_k12_16_24_a04_08_12_s0_19,identity_stress,7,12,identity_stress,negative_coexact,1.2,all,1.0,0.25806451612903225,0.30119544288950745,1.0,0.25,-1.2398645795515684,-0.04192144979313242,0.08635935748942455,0.1372612377287518,0.0528836224414578,1,1,1,1,1,1,1
spiral_out_hltd_closed_loop_identity02_branch_surface_l4_5_7_k12_16_24_a04_08_12_s0_19,identity_stress,7,12,identity_stress,negative_coexact,1.2,early,1.0,0.25806451612903225,0.30119544288950745,1.0,0.25,-1.2398645795515684,-0.04192144979313242,0.08635935748942455,0.1372612377287518,0.0528836224414578,1,1,1,1,1,1,1
spiral_out_hltd_closed_loop_identity02_branch_surface_l4_5_7_k12_16_24_a04_08_12_s0_19,identity_stress,7,12,identity_stress,negative_coexact,1.2,late,0.0,,,,,,,,,,1,0,0,0,0,0,0
spiral_out_hltd_closed_loop_identity02_branch_surface_l4_5_7_k12_16_24_a04_08_12_s0_19,identity_stress,7,12,identity_stress,negative_coexact,1.2,middle,0.0,,,,,,,,,,1,0,0,0,0,0,0
spiral_out_hltd_closed_loop_identity02_branch_surface_l4_5_7_k12_16_24_a04_08_12_s0_19,identity_stress,7,12,identity_stress,presence,0.4,all,1.0,0.29838709677419356,0.28567770468722886,1.0,0.5,-1.2164246591346135,-0.059087267767098176,-0.028505483255738526,-0.040804247407058576,0.00983256985312747,1,1,1,1,1,1,1
spiral_out_hltd_closed_loop_identity02_branch_surface_l4_5_7_k12_16_24_a04_08_12_s0_19,identity_stress,7,12,identity_stress,presence,0.4,early,0.75,0.25806451612903225,0.27514105868727307,1.0,0.3333333333333333,-0.9068906867169394,-0.001867764607274831,0.030889600979818965,-0.0672693874150787,0.005704040531198394,1,1,1,1,1,1,1
spiral_out_hltd_closed_loop_identity02_branch_surface_l4_5_7_k12_16_24_a04_08_12_s0_19,identity_stress,7,12,identity_stress,presence,0.4,late,0.0,,,,,,,,,,1,0,0,0,0,0,0
spiral_out_hltd_closed_loop_identity02_branch_surface_l4_5_7_k12_16_24_a04_08_12_s0_19,identity_stress,7,12,identity_stress,presence,0.4,middle,0.25,0.41935483870967744,0.3172876426870964,1.0,1.0,-2.145026576387636,-0.2307457772465682,-0.206690735962411,0.0385911726170018,0.0222181578189147,1,1,1,1,1,1,1
spiral_out_hltd_closed_loop_identity02_branch_surface_l4_5_7_k12_16_24_a04_08_12_s0_19,identity_stress,7,12,identity_stress,presence,0.8,all,1.0,0.29838709677419356,0.28567770468722886,1.0,0.5,-1.3943211587684026,-0.03731138965551706,0.05096873377617685,0.04575699076792868,0.048400050145695594,1,1,1,1,1,1,1
spiral_out_hltd_closed_loop_identity02_branch_surface_l4_5_7_k12_16_24_a04_08_12_s0_19,identity_stress,7,12,identity_stress,presence,0.8,early,0.75,0.25806451612903225,0.27514105868727307,1.0,0.3333333333333333,-0.9068906867169394,0.1423209976641413,0.03209206092101627,-0.04163525250395233,0.02278877315563763,1,1,1,1,1,1,1
spiral_out_hltd_closed_loop_identity02_branch_surface_l4_5_7_k12_16_24_a04_08_12_s0_19,identity_stress,7,12,identity_stress,presence,0.8,late,0.0,,,,,,,,,,1,0,0,0,0,0,0
spiral_out_hltd_closed_loop_identity02_branch_surface_l4_5_7_k12_16_24_a04_08_12_s0_19,identity_stress,7,12,identity_stress,presence,0.8,middle,0.25,0.41935483870967744,0.3172876426870964,1.0,1.0,-2.856612574922792,-0.5762085516144921,0.1075987523416586,0.3079337205835717,0.1252338811158695,1,1,1,1,1,1,1
spiral_out_hltd_closed_loop_identity02_branch_surface_l4_5_7_k12_16_24_a04_08_12_s0_19,identity_stress,7,12,identity_stress,presence,1.2,all,1.0,0.29838709677419356,0.28567770468722886,1.0,0.5,-1.3943211587684026,0.263657531818428,0.1997736473492644,0.016410678860676327,0.1206576830548538,1,1,1,1,1,1,1
spiral_out_hltd_closed_loop_identity02_branch_surface_l4_5_7_k12_16_24_a04_08_12_s0_19,identity_stress,7,12,identity_stress,presence,1.2,early,0.75,0.25806451612903225,0.27514105868727307,1.0,0.3333333333333333,-0.9068906867169394,0.49458348586490075,0.0294084524505583,-0.016686386316187667,0.0606378804104771,1,1,1,1,1,1,1
spiral_out_hltd_closed_loop_identity02_branch_surface_l4_5_7_k12_16_24_a04_08_12_s0_19,identity_stress,7,12,identity_stress,presence,1.2,late,0.0,,,,,,,,,,1,0,0,0,0,0,0
spiral_out_hltd_closed_loop_identity02_branch_surface_l4_5_7_k12_16_24_a04_08_12_s0_19,identity_stress,7,12,identity_stress,presence,1.2,middle,0.25,0.41935483870967744,0.3172876426870964,1.0,1.0,-2.856612574922792,-0.4291203303209903,0.7108692320453827,0.1157018743912683,0.3007170909879839,1,1,1,1,1,1,1
spiral_out_hltd_closed_loop_identity02_branch_surface_l4_5_7_k12_16_24_a04_08_12_s0_19,identity_stress,7,12,identity_stress,presence_plus_coexact,0.4,all,1.0,0.29838709677419356,0.28567770468722886,1.0,0.5,-1.2164246591346135,0.008523874367034624,0.003281469315556503,-0.04049012933538918,0.011355318301953108,1,1,1,1,1,1,1
spiral_out_hltd_closed_loop_identity02_branch_surface_l4_5_7_k12_16_24_a04_08_12_s0_19,identity_stress,7,12,identity_stress,presence_plus_coexact,0.4,early,0.75,0.25806451612903225,0.27514105868727307,1.0,0.3333333333333333,-0.9068906867169394,0.022596083246276297,0.03848901351136644,-0.05059925160924044,0.004419887783283511,1,1,1,1,1,1,1
spiral_out_hltd_closed_loop_identity02_branch_surface_l4_5_7_k12_16_24_a04_08_12_s0_19,identity_stress,7,12,identity_stress,presence_plus_coexact,0.4,late,0.0,,,,,,,,,,1,0,0,0,0,0,0
spiral_out_hltd_closed_loop_identity02_branch_surface_l4_5_7_k12_16_24_a04_08_12_s0_19,identity_stress,7,12,identity_stress,presence_plus_coexact,0.4,middle,0.25,0.41935483870967744,0.3172876426870964,1.0,1.0,-2.145026576387636,-0.0336927522706904,-0.1023411632718733,-0.0101627625138354,0.0321616098579619,1,1,1,1,1,1,1
spiral_out_hltd_closed_loop_identity02_branch_surface_l4_5_7_k12_16_24_a04_08_12_s0_19,identity_stress,7,12,identity_stress,presence_plus_coexact,0.8,all,1.0,0.29838709677419356,0.28567770468722886,1.0,0.5,-1.2164246591346135,0.17017023493666672,0.040227054028576965,-0.13325056080092904,0.0607002795341781,1,1,1,1,1,1,1
spiral_out_hltd_closed_loop_identity02_branch_surface_l4_5_7_k12_16_24_a04_08_12_s0_19,identity_stress,7,12,identity_stress,presence_plus_coexact,0.8,early,0.75,0.25806451612903225,0.27514105868727307,1.0,0.3333333333333333,-0.9068906867169394,0.0635733927752658,0.06930052251841325,-0.07520658742592375,0.020863838952763336,1,1,1,1,1,1,1
spiral_out_hltd_closed_loop_identity02_branch_surface_l4_5_7_k12_16_24_a04_08_12_s0_19,identity_stress,7,12,identity_stress,presence_plus_coexact,0.8,late,0.0,,,,,,,,,,1,0,0,0,0,0,0
spiral_out_hltd_closed_loop_identity02_branch_surface_l4_5_7_k12_16_24_a04_08_12_s0_19,identity_stress,7,12,identity_stress,presence_plus_coexact,0.8,middle,0.25,0.41935483870967744,0.3172876426870964,1.0,1.0,-2.145026576387636,0.4899607614208694,-0.0469933514409319,-0.3073824809259449,0.1802096012784224,1,1,1,1,1,1,1
spiral_out_hltd_closed_loop_identity02_branch_surface_l4_5_7_k12_16_24_a04_08_12_s0_19,identity_stress,7,12,identity_stress,presence_plus_coexact,1.2,all,1.0,0.29838709677419356,0.28567770468722886,1.0,0.5,-1.3943211587684026,-0.11629284004141335,0.1743695151388991,0.0944868987601642,0.22082273404431632,1,1,1,1,1,1,1
spiral_out_hltd_closed_loop_identity02_branch_surface_l4_5_7_k12_16_24_a04_08_12_s0_19,identity_stress,7,12,identity_stress,presence_plus_coexact,1.2,early,0.75,0.25806451612903225,0.27514105868727307,1.0,0.3333333333333333,-0.9068906867169394,0.23718772327702634,0.08044320222833316,-0.05829708850725054,0.05722795843095171,1,1,1,1,1,1,1
spiral_out_hltd_closed_loop_identity02_branch_surface_l4_5_7_k12_16_24_a04_08_12_s0_19,identity_stress,7,12,identity_stress,presence_plus_coexact,1.2,late,0.0,,,,,,,,,,1,0,0,0,0,0,0
spiral_out_hltd_closed_loop_identity02_branch_surface_l4_5_7_k12_16_24_a04_08_12_s0_19,identity_stress,7,12,identity_stress,presence_plus_coexact,1.2,middle,0.25,0.41935483870967744,0.3172876426870964,1.0,1.0,-2.856612574922792,-1.1767345299967324,0.4561484538705969,0.5528388605624084,0.7116070608844102,1,1,1,1,1,1,1
spiral_out_hltd_closed_loop_identity02_branch_surface_l4_5_7_k12_16_24_a04_08_12_s0_19,identity_stress,7,12,identity_stress,random_tangent,0.4,all,1.0,0.28024193548387094,0.29266068687825425,1.0,0.275,-1.210231538269753,-0.013730113678716344,0.00799960660345604,0.031838930603276056,0.007400380848474894,1,1,1,1,1,1,1
spiral_out_hltd_closed_loop_identity02_branch_surface_l4_5_7_k12_16_24_a04_08_12_s0_19,identity_stress,7,12,identity_stress,random_tangent,0.4,early,0.8625,0.25806451612903225,0.28686553157827854,1.0,0.18333333333333332,-1.0310930284583428,-0.019868180348829846,0.001241262791946808,0.037025212762135606,0.006188981697705427,1,1,1,1,1,1,1
spiral_out_hltd_closed_loop_identity02_branch_surface_l4_5_7_k12_16_24_a04_08_12_s0_19,identity_stress,7,12,identity_stress,random_tangent,0.4,late,0.0,,,,,,,,,,1,0,0,0,0,0,0
spiral_out_hltd_closed_loop_identity02_branch_surface_l4_5_7_k12_16_24_a04_08_12_s0_19,identity_stress,7,12,identity_stress,random_tangent,0.4,middle,0.1375,0.41935483870967744,0.3172876426870964,1.0,1.0,-2.2097162126181047,0.026719842957574146,0.054980435882523104,0.010332166167469754,0.015585288253774837,1,1,1,1,1,1,1
spiral_out_hltd_closed_loop_identity02_branch_surface_l4_5_7_k12_16_24_a04_08_12_s0_19,identity_stress,7,12,identity_stress,random_tangent,0.8,all,1.0,0.2842741935483871,0.29110891305802633,1.0,0.3625,-1.2242655674682918,0.018676351641885868,-0.020336143267270755,0.13185871712986064,0.03641327895373012,1,1,1,1,1,1,1
spiral_out_hltd_closed_loop_identity02_branch_surface_l4_5_7_k12_16_24_a04_08_12_s0_19,identity_stress,7,12,identity_stress,random_tangent,0.8,early,0.8375,0.25806451612903225,0.2842600931580551,1.0,0.25416666666666665,-1.0141736604151141,0.055201379734308956,-0.009069897210634066,0.1338668133730603,0.03158419122881253,1,1,1,1,1,1,1
spiral_out_hltd_closed_loop_identity02_branch_surface_l4_5_7_k12_16_24_a04_08_12_s0_19,identity_stress,7,12,identity_stress,random_tangent,0.8,late,0.0,,,,,,,,,,1,0,0,0,0,0,0
spiral_out_hltd_closed_loop_identity02_branch_surface_l4_5_7_k12_16_24_a04_08_12_s0_19,identity_stress,7,12,identity_stress,random_tangent,0.8,middle,0.1625,0.41935483870967744,0.3172876426870964,1.0,1.0,-2.19976396089034,-0.15544618288755851,-0.08881100111728503,0.15222681085905607,0.06505917258405752,1,1,1,1,1,1,1
spiral_out_hltd_closed_loop_identity02_branch_surface_l4_5_7_k12_16_24_a04_08_12_s0_19,identity_stress,7,12,identity_stress,random_tangent,1.2,all,1.0,0.29838709677419356,0.2897648375030209,1.0,0.525,-1.7968658729459726,0.14174938910299723,0.4268708114173137,0.28507680686633663,0.21638087275519163,1,1,1,1,1,1,1
spiral_out_hltd_closed_loop_identity02_branch_surface_l4_5_7_k12_16_24_a04_08_12_s0_19,identity_stress,7,12,identity_stress,random_tangent,1.2,early,0.775,0.25806451612903225,0.2804180634552706,1.0,0.3958333333333333,-1.49222573817393,0.3135379879996929,0.4655928440407532,0.27253500090617033,0.20753274088137777,1,1,1,1,1,1,1
spiral_out_hltd_closed_loop_identity02_branch_surface_l4_5_7_k12_16_24_a04_08_12_s0_19,identity_stress,7,12,identity_stress,random_tangent,1.2,late,0.0125,0.7419354838709677,0.3787462965395865,1.0,0.0,-3.4987899084300977,0.0843245201361897,0.9198701868244116,-0.1465425021035917,0.2551789904171173,1,1,1,1,1,1,1
spiral_out_hltd_closed_loop_identity02_branch_surface_l4_5_7_k12_16_24_a04_08_12_s0_19,identity_stress,7,12,identity_stress,random_tangent,1.2,middle,0.2125,0.41935483870967744,0.3172876426870964,1.0,1.0,-2.3961745758706323,-0.5309495999120369,-0.1218944150694759,0.32928563508972575,0.17014523572417173,1,1,1,1,1,1,1
spiral_out_hltd_closed_loop_identity02_branch_surface_l4_5_7_k12_16_24_a04_08_12_s0_19,identity_stress,7,16,identity_stress,baseline,0.0,all,1.0,0.25806451612903225,0.30119544288950745,0.0,0.0,-1.1828958905867246,,,,,1,1,0,0,0,0,0
spiral_out_hltd_closed_loop_identity02_branch_surface_l4_5_7_k12_16_24_a04_08_12_s0_19,identity_stress,7,16,identity_stress,baseline,0.0,early,1.0,0.25806451612903225,0.30119544288950745,0.0,0.0,-1.1828958905867246,,,,,1,1,0,0,0,0,0
spiral_out_hltd_closed_loop_identity02_branch_surface_l4_5_7_k12_16_24_a04_08_12_s0_19,identity_stress,7,16,identity_stress,baseline,0.0,late,0.0,,,,,,,,,,1,0,0,0,0,0,0
spiral_out_hltd_closed_loop_identity02_branch_surface_l4_5_7_k12_16_24_a04_08_12_s0_19,identity_stress,7,16,identity_stress,baseline,0.0,middle,0.0,,,,,,,,,,1,0,0,0,0,0,0
spiral_out_hltd_closed_loop_identity02_branch_surface_l4_5_7_k12_16_24_a04_08_12_s0_19,identity_stress,7,16,identity_stress,coexact,0.4,all,1.0,0.29838709677419356,0.28567770468722886,1.0,0.5,-1.2164246591346135,0.11953089631306169,0.01160230273256957,0.0031048205064394263,0.008205780643001735,1,1,1,1,1,1,1
spiral_out_hltd_closed_loop_identity02_branch_surface_l4_5_7_k12_16_24_a04_08_12_s0_19,identity_stress,7,16,identity_stress,coexact,0.4,early,0.75,0.25806451612903225,0.27514105868727307,1.0,0.3333333333333333,-0.9068906867169394,0.12933840896008597,0.019170970512078594,0.029927506252795,0.00392958131740508,1,1,1,1,1,1,1
spiral_out_hltd_closed_loop_identity02_branch_surface_l4_5_7_k12_16_24_a04_08_12_s0_19,identity_stress,7,16,identity_stress,coexact,0.4,late,0.0,,,,,,,,,,1,0,0,0,0,0,0
spiral_out_hltd_closed_loop_identity02_branch_surface_l4_5_7_k12_16_24_a04_08_12_s0_19,identity_stress,7,16,identity_stress,coexact,0.4,middle,0.25,0.41935483870967744,0.3172876426870964,1.0,1.0,-2.145026576387636,0.0901083583719888,-0.0111037006059575,-0.0773632367326273,0.0210343786197917,1,1,1,1,1,1,1
spiral_out_hltd_closed_loop_identity02_branch_surface_l4_5_7_k12_16_24_a04_08_12_s0_19,identity_stress,7,16,identity_stress,coexact,0.8,all,1.0,0.29838709677419356,0.28567770468722886,1.0,0.5,-1.2164246591346135,0.278803296707037,-0.021316521599132436,0.0411364503643724,0.04359127271610129,1,1,1,1,1,1,1
spiral_out_hltd_closed_loop_identity02_branch_surface_l4_5_7_k12_16_24_a04_08_12_s0_19,identity_stress,7,16,identity_stress,coexact,0.8,early,0.75,0.25806451612903225,0.27514105868727307,1.0,0.3333333333333333,-0.9068906867169394,0.31258517942332503,0.025624641221099854,0.08497917800247361,0.01816195440451715,1,1,1,1,1,1,1
spiral_out_hltd_closed_loop_identity02_branch_surface_l4_5_7_k12_16_24_a04_08_12_s0_19,identity_stress,7,16,identity_stress,coexact,0.8,late,0.0,,,,,,,,,,1,0,0,0,0,0,0
spiral_out_hltd_closed_loop_identity02_branch_surface_l4_5_7_k12_16_24_a04_08_12_s0_19,identity_stress,7,16,identity_stress,coexact,0.8,middle,0.25,0.41935483870967744,0.3172876426870964,1.0,1.0,-2.145026576387636,0.1774576485581729,-0.1621400100598293,-0.0903917325499312,0.1198792276508537,1,1,1,1,1,1,1
spiral_out_hltd_closed_loop_identity02_branch_surface_l4_5_7_k12_16_24_a04_08_12_s0_19,identity_stress,7,16,identity_stress,coexact,1.2,all,1.0,0.29838709677419356,0.28567770468722886,1.0,0.5,-1.3943211587684026,0.584268045852288,0.26316319989664905,0.006321344822335179,0.14229891911802445,1,1,1,1,1,1,1
spiral_out_hltd_closed_loop_identity02_branch_surface_l4_5_7_k12_16_24_a04_08_12_s0_19,identity_stress,7,16,identity_stress,coexact,1.2,early,0.75,0.25806451612903225,0.27514105868727307,1.0,0.3333333333333333,-0.9068906867169394,0.6677723612816889,0.005249817391117503,0.1820614105172185,0.04954387147254533,1,1,1,1,1,1,1
spiral_out_hltd_closed_loop_identity02_branch_surface_l4_5_7_k12_16_24_a04_08_12_s0_19,identity_stress,7,16,identity_stress,coexact,1.2,late,0.0,,,,,,,,,,1,0,0,0,0,0,0
spiral_out_hltd_closed_loop_identity02_branch_surface_l4_5_7_k12_16_24_a04_08_12_s0_19,identity_stress,7,16,identity_stress,coexact,1.2,middle,0.25,0.41935483870967744,0.3172876426870964,1.0,1.0,-2.856612574922792,0.333755099564085,1.0369033474132436,-0.5208988522623148,0.4205640620544618,1,1,1,1,1,1,1
spiral_out_hltd_closed_loop_identity02_branch_surface_l4_5_7_k12_16_24_a04_08_12_s0_19,identity_stress,7,16,identity_stress,coexact_minus_presence,0.4,all,1.0,0.29838709677419356,0.28567770468722886,1.0,0.5,-1.2164246591346135,0.20645844237966515,0.0317788891629185,0.0369403814168099,0.006188307505185705,1,1,1,1,1,1,1
spiral_out_hltd_closed_loop_identity02_branch_surface_l4_5_7_k12_16_24_a04_08_12_s0_19,identity_stress,7,16,identity_stress,coexact_minus_presence,0.4,early,0.75,0.25806451612903225,0.27514105868727307,1.0,0.3333333333333333,-0.9068906867169394,0.18865016827880154,-0.0011950642477055694,0.09626744271676974,0.005157814450053107,1,1,1,1,1,1,1
spiral_out_hltd_closed_loop_identity02_branch_surface_l4_5_7_k12_16_24_a04_08_12_s0_19,identity_stress,7,16,identity_stress,coexact_minus_presence,0.4,late,0.0,,,,,,,,,,1,0,0,0,0,0,0
spiral_out_hltd_closed_loop_identity02_branch_surface_l4_5_7_k12_16_24_a04_08_12_s0_19,identity_stress,7,16,identity_stress,coexact_minus_presence,0.4,middle,0.25,0.41935483870967744,0.3172876426870964,1.0,1.0,-2.145026576387636,0.259883264682256,0.1307007493947907,-0.1410408024830696,0.0092797866705835,1,1,1,1,1,1,1
spiral_out_hltd_closed_loop_identity02_branch_surface_l4_5_7_k12_16_24_a04_08_12_s0_19,identity_stress,7,16,identity_stress,coexact_minus_presence,0.8,all,1.0,0.29838709677419356,0.28567770468722886,1.0,0.5,-1.2164246591346135,0.4602574041961409,0.02184686930310063,0.11689761171330049,0.025434846724941777,1,1,1,1,1,1,1
spiral_out_hltd_closed_loop_identity02_branch_surface_l4_5_7_k12_16_24_a04_08_12_s0_19,identity_stress,7,16,identity_stress,coexact_minus_presence,0.8,early,0.75,0.25806451612903225,0.27514105868727307,1.0,0.3333333333333333,-0.9068906867169394,0.4822575892417298,-0.014875857762679823,0.21495199383781957,0.0216052973559941,1,1,1,1,1,1,1
spiral_out_hltd_closed_loop_identity02_branch_surface_l4_5_7_k12_16_24_a04_08_12_s0_19,identity_stress,7,16,identity_stress,coexact_minus_presence,0.8,late,0.0,,,,,,,,,,1,0,0,0,0,0,0
spiral_out_hltd_closed_loop_identity02_branch_surface_l4_5_7_k12_16_24_a04_08_12_s0_19,identity_stress,7,16,identity_stress,coexact_minus_presence,0.8,middle,0.25,0.41935483870967744,0.3172876426870964,1.0,1.0,-2.145026576387636,0.3942568490593743,0.132015050500442,-0.1772655346602567,0.0369234948317848,1,1,1,1,1,1,1
spiral_out_hltd_closed_loop_identity02_branch_surface_l4_5_7_k12_16_24_a04_08_12_s0_19,identity_stress,7,16,identity_stress,coexact_minus_presence,1.2,all,1.0,0.29838709677419356,0.28567770468722886,1.0,0.5,-1.2164246591346135,0.8717668140381245,-0.020634179494184248,0.23528907993297526,0.06173519473913204,1,1,1,1,1,1,1
spiral_out_hltd_closed_loop_identity02_branch_surface_l4_5_7_k12_16_24_a04_08_12_s0_19,identity_stress,7,16,identity_stress,coexact_minus_presence,1.2,early,0.75,0.25806451612903225,0.27514105868727307,1.0,0.3333333333333333,-0.9068906867169394,1.016908805525348,-0.05000687444853707,0.3698370548596548,0.05149992058524716,1,1,1,1,1,1,1
spiral_out_hltd_closed_loop_identity02_branch_surface_l4_5_7_k12_16_24_a04_08_12_s0_19,identity_stress,7,16,identity_stress,coexact_minus_presence,1.2,late,0.0,,,,,,,,,,1,0,0,0,0,0,0
spiral_out_hltd_closed_loop_identity02_branch_surface_l4_5_7_k12_16_24_a04_08_12_s0_19,identity_stress,7,16,identity_stress,coexact_minus_presence,1.2,middle,0.25,0.41935483870967744,0.3172876426870964,1.0,1.0,-2.145026576387636,0.4363408395764541,0.0674839053688742,-0.1683548448470633,0.0924410172007867,1,1,1,1,1,1,1
spiral_out_hltd_closed_loop_identity02_branch_surface_l4_5_7_k12_16_24_a04_08_12_s0_19,identity_stress,7,16,identity_stress,negative_coexact,0.4,all,1.0,0.25806451612903225,0.30119544288950745,1.0,0.0,-1.1828958905867246,-0.1065952781540109,0.009912765291652173,-0.005949308683034598,0.003620080367597299,1,1,1,1,1,1,1
spiral_out_hltd_closed_loop_identity02_branch_surface_l4_5_7_k12_16_24_a04_08_12_s0_19,identity_stress,7,16,identity_stress,negative_coexact,0.4,early,1.0,0.25806451612903225,0.30119544288950745,1.0,0.0,-1.1828958905867246,-0.1065952781540109,0.009912765291652173,-0.005949308683034598,0.003620080367597299,1,1,1,1,1,1,1
spiral_out_hltd_closed_loop_identity02_branch_surface_l4_5_7_k12_16_24_a04_08_12_s0_19,identity_stress,7,16,identity_stress,negative_coexact,0.4,late,0.0,,,,,,,,,,1,0,0,0,0,0,0
spiral_out_hltd_closed_loop_identity02_branch_surface_l4_5_7_k12_16_24_a04_08_12_s0_19,identity_stress,7,16,identity_stress,negative_coexact,0.4,middle,0.0,,,,,,,,,,1,0,0,0,0,0,0
spiral_out_hltd_closed_loop_identity02_branch_surface_l4_5_7_k12_16_24_a04_08_12_s0_19,identity_stress,7,16,identity_stress,negative_coexact,0.8,all,1.0,0.25806451612903225,0.30119544288950745,1.0,0.25,-1.2398645795515684,-0.1977502868869796,0.09560052744263452,0.014709975307741076,0.0173112732483728,1,1,1,1,1,1,1
spiral_out_hltd_closed_loop_identity02_branch_surface_l4_5_7_k12_16_24_a04_08_12_s0_19,identity_stress,7,16,identity_stress,negative_coexact,0.8,early,1.0,0.25806451612903225,0.30119544288950745,1.0,0.25,-1.2398645795515684,-0.1977502868869796,0.09560052744263452,0.014709975307741076,0.0173112732483728,1,1,1,1,1,1,1
spiral_out_hltd_closed_loop_identity02_branch_surface_l4_5_7_k12_16_24_a04_08_12_s0_19,identity_stress,7,16,identity_stress,negative_coexact,0.8,late,0.0,,,,,,,,,,1,0,0,0,0,0,0
spiral_out_hltd_closed_loop_identity02_branch_surface_l4_5_7_k12_16_24_a04_08_12_s0_19,identity_stress,7,16,identity_stress,negative_coexact,0.8,middle,0.0,,,,,,,,,,1,0,0,0,0,0,0
spiral_out_hltd_closed_loop_identity02_branch_surface_l4_5_7_k12_16_24_a04_08_12_s0_19,identity_stress,7,16,identity_stress,negative_coexact,1.2,all,1.0,0.25806451612903225,0.30119544288950745,1.0,0.25,-1.2398645795515684,-0.2385389301677474,0.14804853317642494,0.03936868632032627,0.047724172220103875,1,1,1,1,1,1,1
spiral_out_hltd_closed_loop_identity02_branch_surface_l4_5_7_k12_16_24_a04_08_12_s0_19,identity_stress,7,16,identity_stress,negative_coexact,1.2,early,1.0,0.25806451612903225,0.30119544288950745,1.0,0.25,-1.2398645795515684,-0.2385389301677474,0.14804853317642494,0.03936868632032627,0.047724172220103875,1,1,1,1,1,1,1
spiral_out_hltd_closed_loop_identity02_branch_surface_l4_5_7_k12_16_24_a04_08_12_s0_19,identity_stress,7,16,identity_stress,negative_coexact,1.2,late,0.0,,,,,,,,,,1,0,0,0,0,0,0
spiral_out_hltd_closed_loop_identity02_branch_surface_l4_5_7_k12_16_24_a04_08_12_s0_19,identity_stress,7,16,identity_stress,negative_coexact,1.2,middle,0.0,,,,,,,,,,1,0,0,0,0,0,0
spiral_out_hltd_closed_loop_identity02_branch_surface_l4_5_7_k12_16_24_a04_08_12_s0_19,identity_stress,7,16,identity_stress,presence,0.4,all,1.0,0.29838709677419356,0.28567770468722886,1.0,0.5,-1.2164246591346135,-0.10615724220646315,-0.029205445866022448,-0.05843206154435497,0.011709717413181131,1,1,1,1,1,1,1
spiral_out_hltd_closed_loop_identity02_branch_surface_l4_5_7_k12_16_24_a04_08_12_s0_19,identity_stress,7,16,identity_stress,presence,0.4,early,0.75,0.25806451612903225,0.27514105868727307,1.0,0.3333333333333333,-0.9068906867169394,-0.07047673698208533,0.029695141924188803,-0.0983249461764949,0.005041742989357907,1,1,1,1,1,1,1
spiral_out_hltd_closed_loop_identity02_branch_surface_l4_5_7_k12_16_24_a04_08_12_s0_19,identity_stress,7,16,identity_stress,presence,0.4,late,0.0,,,,,,,,,,1,0,0,0,0,0,0
spiral_out_hltd_closed_loop_identity02_branch_surface_l4_5_7_k12_16_24_a04_08_12_s0_19,identity_stress,7,16,identity_stress,presence,0.4,middle,0.25,0.41935483870967744,0.3172876426870964,1.0,1.0,-2.145026576387636,-0.2131987578795966,-0.2059072092366562,0.0612465923520648,0.0317136406846508,1,1,1,1,1,1,1
spiral_out_hltd_closed_loop_identity02_branch_surface_l4_5_7_k12_16_24_a04_08_12_s0_19,identity_stress,7,16,identity_stress,presence,0.8,all,1.0,0.29838709677419356,0.28567770468722886,1.0,0.5,-1.2164246591346135,-0.07172205496759207,-0.08414326325241106,-0.07253412409480048,0.05417282038970046,1,1,1,1,1,1,1
spiral_out_hltd_closed_loop_identity02_branch_surface_l4_5_7_k12_16_24_a04_08_12_s0_19,identity_stress,7,16,identity_stress,presence,0.8,early,0.75,0.25806451612903225,0.27514105868727307,1.0,0.3333333333333333,-0.9068906867169394,-0.09385128527364077,0.042633959821481916,-0.13007749672905364,0.018491488232541944,1,1,1,1,1,1,1
spiral_out_hltd_closed_loop_identity02_branch_surface_l4_5_7_k12_16_24_a04_08_12_s0_19,identity_stress,7,16,identity_stress,presence,0.8,late,0.0,,,,,,,,,,1,0,0,0,0,0,0
spiral_out_hltd_closed_loop_identity02_branch_surface_l4_5_7_k12_16_24_a04_08_12_s0_19,identity_stress,7,16,identity_stress,presence,0.8,middle,0.25,0.41935483870967744,0.3172876426870964,1.0,1.0,-2.145026576387636,-0.005334364049446,-0.46447493247409,0.100095993807959,0.161216816861176,1,1,1,1,1,1,1
spiral_out_hltd_closed_loop_identity02_branch_surface_l4_5_7_k12_16_24_a04_08_12_s0_19,identity_stress,7,16,identity_stress,presence,1.2,all,1.0,0.29838709677419356,0.28567770468722886,1.0,0.5,-1.3943211587684026,-0.5335123717796182,0.053304266437816474,0.05719954335503828,0.22861399784807857,1,1,1,1,1,1,1
spiral_out_hltd_closed_loop_identity02_branch_surface_l4_5_7_k12_16_24_a04_08_12_s0_19,identity_stress,7,16,identity_stress,presence,1.2,early,0.75,0.25806451612903225,0.27514105868727307,1.0,0.3333333333333333,-0.9068906867169394,-0.07433890240448802,0.06019872441950724,-0.15965025690688311,0.0443244440623052,1,1,1,1,1,1,1
spiral_out_hltd_closed_loop_identity02_branch_surface_l4_5_7_k12_16_24_a04_08_12_s0_19,identity_stress,7,16,identity_stress,presence,1.2,late,0.0,,,,,,,,,,1,0,0,0,0,0,0
spiral_out_hltd_closed_loop_identity02_branch_surface_l4_5_7_k12_16_24_a04_08_12_s0_19,identity_stress,7,16,identity_stress,presence,1.2,middle,0.25,0.41935483870967744,0.3172876426870964,1.0,1.0,-2.856612574922792,-1.9110327799050089,0.0326208924927442,0.7077489441408025,0.7814826592053986,1,1,1,1,1,1,1
spiral_out_hltd_closed_loop_identity02_branch_surface_l4_5_7_k12_16_24_a04_08_12_s0_19,identity_stress,7,16,identity_stress,presence_plus_coexact,0.4,all,1.0,0.29838709677419356,0.28567770468722886,1.0,0.5,-1.2164246591346135,0.0341855091868084,-0.0030966012375124273,-0.020300186539563173,0.010893542742704009,1,1,1,1,1,1,1
spiral_out_hltd_closed_loop_identity02_branch_surface_l4_5_7_k12_16_24_a04_08_12_s0_19,identity_stress,7,16,identity_stress,presence_plus_coexact,0.4,early,0.75,0.25806451612903225,0.27514105868727307,1.0,0.3333333333333333,-0.9068906867169394,0.056809976118212625,0.0299818292928838,-0.02367975919942623,0.0038042460442658786,1,1,1,1,1,1,1
spiral_out_hltd_closed_loop_identity02_branch_surface_l4_5_7_k12_16_24_a04_08_12_s0_19,identity_stress,7,16,identity_stress,presence_plus_coexact,0.4,late,0.0,,,,,,,,,,1,0,0,0,0,0,0
spiral_out_hltd_closed_loop_identity02_branch_surface_l4_5_7_k12_16_24_a04_08_12_s0_19,identity_stress,7,16,identity_stress,presence_plus_coexact,0.4,middle,0.25,0.41935483870967744,0.3172876426870964,1.0,1.0,-2.145026576387636,-0.0336878916074043,-0.1023318928287011,-0.010161468559974,0.0321614328380184,1,1,1,1,1,1,1
spiral_out_hltd_closed_loop_identity02_branch_surface_l4_5_7_k12_16_24_a04_08_12_s0_19,identity_stress,7,16,identity_stress,presence_plus_coexact,0.8,all,1.0,0.29838709677419356,0.28567770468722886,1.0,0.5,-1.2164246591346135,0.22687911505453856,0.02259716581642479,-0.08500079049067072,0.05843430336245886,1,1,1,1,1,1,1
spiral_out_hltd_closed_loop_identity02_branch_surface_l4_5_7_k12_16_24_a04_08_12_s0_19,identity_stress,7,16,identity_stress,presence_plus_coexact,0.8,early,0.75,0.25806451612903225,0.27514105868727307,1.0,0.3333333333333333,-0.9068906867169394,0.1391847456957542,0.04579579853585849,-0.010873633579458466,0.017842475830080015,1,1,1,1,1,1,1
spiral_out_hltd_closed_loop_identity02_branch_surface_l4_5_7_k12_16_24_a04_08_12_s0_19,identity_stress,7,16,identity_stress,presence_plus_coexact,0.8,late,0.0,,,,,,,,,,1,0,0,0,0,0,0
spiral_out_hltd_closed_loop_identity02_branch_surface_l4_5_7_k12_16_24_a04_08_12_s0_19,identity_stress,7,16,identity_stress,presence_plus_coexact,0.8,middle,0.25,0.41935483870967744,0.3172876426870964,1.0,1.0,-2.145026576387636,0.4899622231308917,-0.0469987323418763,-0.3073822612243075,0.1802097859595954,1,1,1,1,1,1,1
spiral_out_hltd_closed_loop_identity02_branch_surface_l4_5_7_k12_16_24_a04_08_12_s0_19,identity_stress,7,16,identity_stress,presence_plus_coexact,1.2,all,1.0,0.29838709677419356,0.28567770468722886,1.0,0.5,-1.3943211587684026,-0.057429989635553486,0.1419279081880198,0.1666371826420555,0.2144704184068957,1,1,1,1,1,1,1
spiral_out_hltd_closed_loop_identity02_branch_surface_l4_5_7_k12_16_24_a04_08_12_s0_19,identity_stress,7,16,identity_stress,presence_plus_coexact,1.2,early,0.75,0.25806451612903225,0.27514105868727307,1.0,0.3333333333333333,-0.9068906867169394,0.31567429659821455,0.037182545439975435,0.03790601759240484,0.04875828942628665,1,1,1,1,1,1,1
spiral_out_hltd_closed_loop_identity02_branch_surface_l4_5_7_k12_16_24_a04_08_12_s0_19,identity_stress,7,16,identity_stress,presence_plus_coexact,1.2,late,0.0,,,,,,,,,,1,0,0,0,0,0,0
spiral_out_hltd_closed_loop_identity02_branch_surface_l4_5_7_k12_16_24_a04_08_12_s0_19,identity_stress,7,16,identity_stress,presence_plus_coexact,1.2,middle,0.25,0.41935483870967744,0.3172876426870964,1.0,1.0,-2.856612574922792,-1.1767428483368576,0.4561639964321529,0.5528306777910075,0.7116068053487229,1,1,1,1,1,1,1
spiral_out_hltd_closed_loop_identity02_branch_surface_l4_5_7_k12_16_24_a04_08_12_s0_19,identity_stress,7,16,identity_stress,random_tangent,0.4,all,1.0,0.28024193548387094,0.29266068687825425,1.0,0.275,-1.210231538269753,-0.013730113678716344,0.00799960660345604,0.031838930603276056,0.007400380848474894,1,1,1,1,1,1,1
spiral_out_hltd_closed_loop_identity02_branch_surface_l4_5_7_k12_16_24_a04_08_12_s0_19,identity_stress,7,16,identity_stress,random_tangent,0.4,early,0.8625,0.25806451612903225,0.28686553157827854,1.0,0.18333333333333332,-1.0310930284583428,-0.019868180348829846,0.001241262791946808,0.037025212762135606,0.006188981697705427,1,1,1,1,1,1,1
spiral_out_hltd_closed_loop_identity02_branch_surface_l4_5_7_k12_16_24_a04_08_12_s0_19,identity_stress,7,16,identity_stress,random_tangent,0.4,late,0.0,,,,,,,,,,1,0,0,0,0,0,0
spiral_out_hltd_closed_loop_identity02_branch_surface_l4_5_7_k12_16_24_a04_08_12_s0_19,identity_stress,7,16,identity_stress,random_tangent,0.4,middle,0.1375,0.41935483870967744,0.3172876426870964,1.0,1.0,-2.2097162126181047,0.026719842957574146,0.054980435882523104,0.010332166167469754,0.015585288253774837,1,1,1,1,1,1,1
spiral_out_hltd_closed_loop_identity02_branch_surface_l4_5_7_k12_16_24_a04_08_12_s0_19,identity_stress,7,16,identity_stress,random_tangent,0.8,all,1.0,0.2842741935483871,0.29110891305802633,1.0,0.3625,-1.2242655674682918,0.018676351641885868,-0.020336143267270755,0.13185871712986064,0.03641327895373012,1,1,1,1,1,1,1
spiral_out_hltd_closed_loop_identity02_branch_surface_l4_5_7_k12_16_24_a04_08_12_s0_19,identity_stress,7,16,identity_stress,random_tangent,0.8,early,0.8375,0.25806451612903225,0.2842600931580551,1.0,0.25416666666666665,-1.0141736604151141,0.055201379734308956,-0.009069897210634066,0.1338668133730603,0.03158419122881253,1,1,1,1,1,1,1
spiral_out_hltd_closed_loop_identity02_branch_surface_l4_5_7_k12_16_24_a04_08_12_s0_19,identity_stress,7,16,identity_stress,random_tangent,0.8,late,0.0,,,,,,,,,,1,0,0,0,0,0,0
spiral_out_hltd_closed_loop_identity02_branch_surface_l4_5_7_k12_16_24_a04_08_12_s0_19,identity_stress,7,16,identity_stress,random_tangent,0.8,middle,0.1625,0.41935483870967744,0.3172876426870964,1.0,1.0,-2.19976396089034,-0.15544618288755851,-0.08881100111728503,0.15222681085905607,0.06505917258405752,1,1,1,1,1,1,1
spiral_out_hltd_closed_loop_identity02_branch_surface_l4_5_7_k12_16_24_a04_08_12_s0_19,identity_stress,7,16,identity_stress,random_tangent,1.2,all,1.0,0.29838709677419356,0.2897648375030209,1.0,0.525,-1.7968658729459726,0.14174938910299723,0.4268708114173137,0.28507680686633663,0.21638087275519163,1,1,1,1,1,1,1
spiral_out_hltd_closed_loop_identity02_branch_surface_l4_5_7_k12_16_24_a04_08_12_s0_19,identity_stress,7,16,identity_stress,random_tangent,1.2,early,0.775,0.25806451612903225,0.2804180634552706,1.0,0.3958333333333333,-1.49222573817393,0.3135379879996929,0.4655928440407532,0.27253500090617033,0.20753274088137777,1,1,1,1,1,1,1
spiral_out_hltd_closed_loop_identity02_branch_surface_l4_5_7_k12_16_24_a04_08_12_s0_19,identity_stress,7,16,identity_stress,random_tangent,1.2,late,0.0125,0.7419354838709677,0.3787462965395865,1.0,0.0,-3.4987899084300977,0.0843245201361897,0.9198701868244116,-0.1465425021035917,0.2551789904171173,1,1,1,1,1,1,1
spiral_out_hltd_closed_loop_identity02_branch_surface_l4_5_7_k12_16_24_a04_08_12_s0_19,identity_stress,7,16,identity_stress,random_tangent,1.2,middle,0.2125,0.41935483870967744,0.3172876426870964,1.0,1.0,-2.3961745758706323,-0.5309495999120369,-0.1218944150694759,0.32928563508972575,0.17014523572417173,1,1,1,1,1,1,1
spiral_out_hltd_closed_loop_identity02_branch_surface_l4_5_7_k12_16_24_a04_08_12_s0_19,identity_stress,7,24,identity_stress,baseline,0.0,all,1.0,0.25806451612903225,0.30119544288950745,0.0,0.0,-1.1828958905867246,,,,,1,1,0,0,0,0,0
spiral_out_hltd_closed_loop_identity02_branch_surface_l4_5_7_k12_16_24_a04_08_12_s0_19,identity_stress,7,24,identity_stress,baseline,0.0,early,1.0,0.25806451612903225,0.30119544288950745,0.0,0.0,-1.1828958905867246,,,,,1,1,0,0,0,0,0
spiral_out_hltd_closed_loop_identity02_branch_surface_l4_5_7_k12_16_24_a04_08_12_s0_19,identity_stress,7,24,identity_stress,baseline,0.0,late,0.0,,,,,,,,,,1,0,0,0,0,0,0
spiral_out_hltd_closed_loop_identity02_branch_surface_l4_5_7_k12_16_24_a04_08_12_s0_19,identity_stress,7,24,identity_stress,baseline,0.0,middle,0.0,,,,,,,,,,1,0,0,0,0,0,0
spiral_out_hltd_closed_loop_identity02_branch_surface_l4_5_7_k12_16_24_a04_08_12_s0_19,identity_stress,7,24,identity_stress,coexact,0.4,all,1.0,0.29838709677419356,0.28567770468722886,1.0,0.5,-1.2164246591346135,0.038387335484946425,0.036572995743878026,-0.008907677327869751,0.018051393084988602,1,1,1,1,1,1,1
spiral_out_hltd_closed_loop_identity02_branch_surface_l4_5_7_k12_16_24_a04_08_12_s0_19,identity_stress,7,24,identity_stress,coexact,0.4,early,0.75,0.25806451612903225,0.27514105868727307,1.0,0.3333333333333333,-0.9068906867169394,0.013246841385212699,0.04784345300276504,0.0246612658368652,0.013343527342239902,1,1,1,1,1,1,1
spiral_out_hltd_closed_loop_identity02_branch_surface_l4_5_7_k12_16_24_a04_08_12_s0_19,identity_stress,7,24,identity_stress,coexact,0.4,late,0.0,,,,,,,,,,1,0,0,0,0,0,0
spiral_out_hltd_closed_loop_identity02_branch_surface_l4_5_7_k12_16_24_a04_08_12_s0_19,identity_stress,7,24,identity_stress,coexact,0.4,middle,0.25,0.41935483870967744,0.3172876426870964,1.0,1.0,-2.145026576387636,0.1138088177841476,0.002761623967217,-0.1096145068220746,0.0321749903132347,1,1,1,1,1,1,1
spiral_out_hltd_closed_loop_identity02_branch_surface_l4_5_7_k12_16_24_a04_08_12_s0_19,identity_stress,7,24,identity_stress,coexact,0.8,all,1.0,0.29838709677419356,0.28567770468722886,1.0,0.5,-1.2164246591346135,0.24003428698269677,0.0076466091365538745,-0.006481750812303774,0.12519102622333483,1,1,1,1,1,1,1
spiral_out_hltd_closed_loop_identity02_branch_surface_l4_5_7_k12_16_24_a04_08_12_s0_19,identity_stress,7,24,identity_stress,coexact,0.8,early,0.75,0.25806451612903225,0.27514105868727307,1.0,0.3333333333333333,-0.9068906867169394,0.1380729754693656,0.0007782798839220326,0.12954526033399943,0.10554566075661442,1,1,1,1,1,1,1
spiral_out_hltd_closed_loop_identity02_branch_surface_l4_5_7_k12_16_24_a04_08_12_s0_19,identity_stress,7,24,identity_stress,coexact,0.8,late,0.0,,,,,,,,,,1,0,0,0,0,0,0
spiral_out_hltd_closed_loop_identity02_branch_surface_l4_5_7_k12_16_24_a04_08_12_s0_19,identity_stress,7,24,identity_stress,coexact,0.8,middle,0.25,0.41935483870967744,0.3172876426870964,1.0,1.0,-2.145026576387636,0.5459182215226903,0.0282515968944494,-0.4145627842512134,0.1841271226234961,1,1,1,1,1,1,1
spiral_out_hltd_closed_loop_identity02_branch_surface_l4_5_7_k12_16_24_a04_08_12_s0_19,identity_stress,7,24,identity_stress,coexact,1.2,all,1.0,0.16129032258064516,0.3114666289911173,1.0,1.0,-2.9581883101651307,-0.04866395966762144,1.1744619081838152,-0.15856989062743354,0.5888083235837006,1,1,1,1,1,1,1
spiral_out_hltd_closed_loop_identity02_branch_surface_l4_5_7_k12_16_24_a04_08_12_s0_19,identity_stress,7,24,identity_stress,coexact,1.2,early,1.0,0.16129032258064516,0.3114666289911173,1.0,1.0,-2.9581883101651307,-0.04866395966762144,1.1744619081838152,-0.15856989062743354,0.5888083235837006,1,1,1,1,1,1,1
spiral_out_hltd_closed_loop_identity02_branch_surface_l4_5_7_k12_16_24_a04_08_12_s0_19,identity_stress,7,24,identity_stress,coexact,1.2,late,0.0,,,,,,,,,,1,0,0,0,0,0,0
spiral_out_hltd_closed_loop_identity02_branch_surface_l4_5_7_k12_16_24_a04_08_12_s0_19,identity_stress,7,24,identity_stress,coexact,1.2,middle,0.0,,,,,,,,,,1,0,0,0,0,0,0
spiral_out_hltd_closed_loop_identity02_branch_surface_l4_5_7_k12_16_24_a04_08_12_s0_19,identity_stress,7,24,identity_stress,coexact_minus_presence,0.4,all,1.0,0.29838709677419356,0.28567770468722886,1.0,0.5,-1.2164246591346135,0.1383361000678329,0.05080466683837057,0.022947453402222102,0.012174413009843215,1,1,1,1,1,1,1
spiral_out_hltd_closed_loop_identity02_branch_surface_l4_5_7_k12_16_24_a04_08_12_s0_19,identity_stress,7,24,identity_stress,coexact_minus_presence,0.4,early,0.75,0.25806451612903225,0.27514105868727307,1.0,0.3333333333333333,-0.9068906867169394,0.10095404527687708,0.027427148077596997,0.0849422836548089,0.012303270131103619,1,1,1,1,1,1,1
spiral_out_hltd_closed_loop_identity02_branch_surface_l4_5_7_k12_16_24_a04_08_12_s0_19,identity_stress,7,24,identity_stress,coexact_minus_presence,0.4,late,0.0,,,,,,,,,,1,0,0,0,0,0,0
spiral_out_hltd_closed_loop_identity02_branch_surface_l4_5_7_k12_16_24_a04_08_12_s0_19,identity_stress,7,24,identity_stress,coexact_minus_presence,0.4,middle,0.25,0.41935483870967744,0.3172876426870964,1.0,1.0,-2.145026576387636,0.2504822644407003,0.1209372231206913,-0.1630370373555383,0.011787841646062,1,1,1,1,1,1,1
spiral_out_hltd_closed_loop_identity02_branch_surface_l4_5_7_k12_16_24_a04_08_12_s0_19,identity_stress,7,24,identity_stress,coexact_minus_presence,0.8,all,1.0,0.29838709677419356,0.28567770468722886,1.0,0.5,-1.2164246591346135,0.3559121106286749,0.01730745704155011,0.14286857918512358,0.07077636453628113,1,1,1,1,1,1,1
spiral_out_hltd_closed_loop_identity02_branch_surface_l4_5_7_k12_16_24_a04_08_12_s0_19,identity_stress,7,24,identity_stress,coexact_minus_presence,0.8,early,0.75,0.25806451612903225,0.27514105868727307,1.0,0.3333333333333333,-0.9068906867169394,0.3398117459648849,-0.012430167368118356,0.2695375358036982,0.07662913773294379,1,1,1,1,1,1,1
spiral_out_hltd_closed_loop_identity02_branch_surface_l4_5_7_k12_16_24_a04_08_12_s0_19,identity_stress,7,24,identity_stress,coexact_minus_presence,0.8,late,0.0,,,,,,,,,,1,0,0,0,0,0,0
spiral_out_hltd_closed_loop_identity02_branch_surface_l4_5_7_k12_16_24_a04_08_12_s0_19,identity_stress,7,24,identity_stress,coexact_minus_presence,0.8,middle,0.25,0.41935483870967744,0.3172876426870964,1.0,1.0,-2.145026576387636,0.4042132046200448,0.1065203302705555,-0.2371382906706003,0.0532180449462931,1,1,1,1,1,1,1
spiral_out_hltd_closed_loop_identity02_branch_surface_l4_5_7_k12_16_24_a04_08_12_s0_19,identity_stress,7,24,identity_stress,coexact_minus_presence,1.2,all,1.0,0.29838709677419356,0.28567770468722886,1.0,0.5,-1.2164246591346135,0.5567492181348015,-0.1334673338629102,0.2962886663223606,0.23053202280983903,1,1,1,1,1,1,1
spiral_out_hltd_closed_loop_identity02_branch_surface_l4_5_7_k12_16_24_a04_08_12_s0_19,identity_stress,7,24,identity_stress,coexact_minus_presence,1.2,early,0.75,0.25806451612903225,0.27514105868727307,1.0,0.3333333333333333,-0.9068906867169394,0.5667994682245059,-0.19097284408353707,0.5070788722641312,0.2597324523454953,1,1,1,1,1,1,1
spiral_out_hltd_closed_loop_identity02_branch_surface_l4_5_7_k12_16_24_a04_08_12_s0_19,identity_stress,7,24,identity_stress,coexact_minus_presence,1.2,late,0.0,,,,,,,,,,1,0,0,0,0,0,0
spiral_out_hltd_closed_loop_identity02_branch_surface_l4_5_7_k12_16_24_a04_08_12_s0_19,identity_stress,7,24,identity_stress,coexact_minus_presence,1.2,middle,0.25,0.41935483870967744,0.3172876426870964,1.0,1.0,-2.145026576387636,0.5265984678656883,0.0390491967989703,-0.3360819515029511,0.1429307342028703,1,1,1,1,1,1,1
spiral_out_hltd_closed_loop_identity02_branch_surface_l4_5_7_k12_16_24_a04_08_12_s0_19,identity_stress,7,24,identity_stress,negative_coexact,0.4,all,1.0,0.25806451612903225,0.30119544288950745,1.0,0.0,-1.1828958905867246,-0.02891301310027837,0.00848911281349275,0.023605710028093002,0.0051361290433018375,1,1,1,1,1,1,1
spiral_out_hltd_closed_loop_identity02_branch_surface_l4_5_7_k12_16_24_a04_08_12_s0_19,identity_stress,7,24,identity_stress,negative_coexact,0.4,early,1.0,0.25806451612903225,0.30119544288950745,1.0,0.0,-1.1828958905867246,-0.02891301310027837,0.00848911281349275,0.023605710028093002,0.0051361290433018375,1,1,1,1,1,1,1
spiral_out_hltd_closed_loop_identity02_branch_surface_l4_5_7_k12_16_24_a04_08_12_s0_19,identity_stress,7,24,identity_stress,negative_coexact,0.4,late,0.0,,,,,,,,,,1,0,0,0,0,0,0
spiral_out_hltd_closed_loop_identity02_branch_surface_l4_5_7_k12_16_24_a04_08_12_s0_19,identity_stress,7,24,identity_stress,negative_coexact,0.4,middle,0.0,,,,,,,,,,1,0,0,0,0,0,0
spiral_out_hltd_closed_loop_identity02_branch_surface_l4_5_7_k12_16_24_a04_08_12_s0_19,identity_stress,7,24,identity_stress,negative_coexact,0.8,all,1.0,0.25806451612903225,0.30119544288950745,1.0,0.25,-1.2348215497664121,-0.060632239290828484,0.03923922091967923,0.056299920015798394,0.017783193630616652,1,1,1,1,1,1,1
spiral_out_hltd_closed_loop_identity02_branch_surface_l4_5_7_k12_16_24_a04_08_12_s0_19,identity_stress,7,24,identity_stress,negative_coexact,0.8,early,1.0,0.25806451612903225,0.30119544288950745,1.0,0.25,-1.2348215497664121,-0.060632239290828484,0.03923922091967923,0.056299920015798394,0.017783193630616652,1,1,1,1,1,1,1
spiral_out_hltd_closed_loop_identity02_branch_surface_l4_5_7_k12_16_24_a04_08_12_s0_19,identity_stress,7,24,identity_stress,negative_coexact,0.8,late,0.0,,,,,,,,,,1,0,0,0,0,0,0
spiral_out_hltd_closed_loop_identity02_branch_surface_l4_5_7_k12_16_24_a04_08_12_s0_19,identity_stress,7,24,identity_stress,negative_coexact,0.8,middle,0.0,,,,,,,,,,1,0,0,0,0,0,0
spiral_out_hltd_closed_loop_identity02_branch_surface_l4_5_7_k12_16_24_a04_08_12_s0_19,identity_stress,7,24,identity_stress,negative_coexact,1.2,all,1.0,0.25806451612903225,0.30119544288950745,1.0,0.25,-1.2348215497664121,-0.0066465289356782975,0.054704357664046896,0.057421634236067554,0.0401845187387761,1,1,1,1,1,1,1
spiral_out_hltd_closed_loop_identity02_branch_surface_l4_5_7_k12_16_24_a04_08_12_s0_19,identity_stress,7,24,identity_stress,negative_coexact,1.2,early,1.0,0.25806451612903225,0.30119544288950745,1.0,0.25,-1.2348215497664121,-0.0066465289356782975,0.054704357664046896,0.057421634236067554,0.0401845187387761,1,1,1,1,1,1,1
spiral_out_hltd_closed_loop_identity02_branch_surface_l4_5_7_k12_16_24_a04_08_12_s0_19,identity_stress,7,24,identity_stress,negative_coexact,1.2,late,0.0,,,,,,,,,,1,0,0,0,0,0,0
spiral_out_hltd_closed_loop_identity02_branch_surface_l4_5_7_k12_16_24_a04_08_12_s0_19,identity_stress,7,24,identity_stress,negative_coexact,1.2,middle,0.0,,,,,,,,,,1,0,0,0,0,0,0
spiral_out_hltd_closed_loop_identity02_branch_surface_l4_5_7_k12_16_24_a04_08_12_s0_19,identity_stress,7,24,identity_stress,presence,0.4,all,1.0,0.29838709677419356,0.28567770468722886,1.0,0.5,-1.2164246591346135,-0.08204280419871465,-0.03029735403394443,-0.04484697305069244,0.014792148597158978,1,1,1,1,1,1,1
spiral_out_hltd_closed_loop_identity02_branch_surface_l4_5_7_k12_16_24_a04_08_12_s0_19,identity_stress,7,24,identity_stress,presence,0.4,early,0.75,0.25806451612903225,0.27514105868727307,1.0,0.3333333333333333,-0.9068906867169394,-0.051307491020118896,0.02363729991001166,-0.07132712806889316,0.004761734703605638,1,1,1,1,1,1,1
spiral_out_hltd_closed_loop_identity02_branch_surface_l4_5_7_k12_16_24_a04_08_12_s0_19,identity_stress,7,24,identity_stress,presence,0.4,late,0.0,,,,,,,,,,1,0,0,0,0,0,0
spiral_out_hltd_closed_loop_identity02_branch_surface_l4_5_7_k12_16_24_a04_08_12_s0_19,identity_stress,7,24,identity_stress,presence,0.4,middle,0.25,0.41935483870967744,0.3172876426870964,1.0,1.0,-2.145026576387636,-0.1742487437345019,-0.1921013158658127,0.0345934920039097,0.044883390277819,1,1,1,1,1,1,1
spiral_out_hltd_closed_loop_identity02_branch_surface_l4_5_7_k12_16_24_a04_08_12_s0_19,identity_stress,7,24,identity_stress,presence,0.8,all,1.0,0.29838709677419356,0.28567770468722886,1.0,0.5,-1.3943211587684026,0.014843722138629278,0.1663884968269471,-0.0738453754806336,0.07121391953318752,1,1,1,1,1,1,1
spiral_out_hltd_closed_loop_identity02_branch_surface_l4_5_7_k12_16_24_a04_08_12_s0_19,identity_stress,7,24,identity_stress,presence,0.8,early,0.75,0.25806451612903225,0.27514105868727307,1.0,0.3333333333333333,-0.9068906867169394,-0.0259533671848473,0.02625940395562999,-0.06461799972002007,0.017747778328806238,1,1,1,1,1,1,1
spiral_out_hltd_closed_loop_identity02_branch_surface_l4_5_7_k12_16_24_a04_08_12_s0_19,identity_stress,7,24,identity_stress,presence,0.8,late,0.0,,,,,,,,,,1,0,0,0,0,0,0
spiral_out_hltd_closed_loop_identity02_branch_surface_l4_5_7_k12_16_24_a04_08_12_s0_19,identity_stress,7,24,identity_stress,presence,0.8,middle,0.25,0.41935483870967744,0.3172876426870964,1.0,1.0,-2.856612574922792,0.137234990109059,0.5867757754408984,-0.1015275027624742,0.2316123431463314,1,1,1,1,1,1,1
spiral_out_hltd_closed_loop_identity02_branch_surface_l4_5_7_k12_16_24_a04_08_12_s0_19,identity_stress,7,24,identity_stress,presence,1.2,all,1.0,0.29838709677419356,0.28567770468722886,1.0,0.5,-1.831704810501801,-0.693852266470872,0.3548669952670167,0.19080837081177443,0.3587572796621951,1,1,1,1,1,1,1
spiral_out_hltd_closed_loop_identity02_branch_surface_l4_5_7_k12_16_24_a04_08_12_s0_19,identity_stress,7,24,identity_stress,presence,1.2,early,0.75,0.25806451612903225,0.27514105868727307,1.0,0.3333333333333333,-0.9068906867169394,0.07456056908333093,0.035791624735694,-0.06295305349001595,0.04340526828581296,1,1,1,1,1,1,1
spiral_out_hltd_closed_loop_identity02_branch_surface_l4_5_7_k12_16_24_a04_08_12_s0_19,identity_stress,7,24,identity_stress,presence,1.2,late,0.0,,,,,,,,,,1,0,0,0,0,0,0
spiral_out_hltd_closed_loop_identity02_branch_surface_l4_5_7_k12_16_24_a04_08_12_s0_19,identity_stress,7,24,identity_stress,presence,1.2,middle,0.25,0.41935483870967744,0.3172876426870964,1.0,1.0,-4.606147181856386,-2.9990907731334806,1.312093106860985,0.9520926437171456,1.3048133137913416,1,1,1,1,1,1,1
spiral_out_hltd_closed_loop_identity02_branch_surface_l4_5_7_k12_16_24_a04_08_12_s0_19,identity_stress,7,24,identity_stress,presence_plus_coexact,0.4,all,1.0,0.29838709677419356,0.28567770468722886,1.0,0.5,-1.2164246591346135,-0.0365907326342172,0.020226210632824124,-0.029814109685764298,0.01916476406889963,1,1,1,1,1,1,1
spiral_out_hltd_closed_loop_identity02_branch_surface_l4_5_7_k12_16_24_a04_08_12_s0_19,identity_stress,7,24,identity_stress,presence_plus_coexact,0.4,early,0.75,0.25806451612903225,0.27514105868727307,1.0,0.3333333333333333,-0.9068906867169394,-0.0502716634240734,0.0545507761263479,-0.025121077092582864,0.010635996413508037,1,1,1,1,1,1,1
spiral_out_hltd_closed_loop_identity02_branch_surface_l4_5_7_k12_16_24_a04_08_12_s0_19,identity_stress,7,24,identity_stress,presence_plus_coexact,0.4,late,0.0,,,,,,,,,,1,0,0,0,0,0,0
spiral_out_hltd_closed_loop_identity02_branch_surface_l4_5_7_k12_16_24_a04_08_12_s0_19,identity_stress,7,24,identity_stress,presence_plus_coexact,0.4,middle,0.25,0.41935483870967744,0.3172876426870964,1.0,1.0,-2.145026576387636,0.0044520597353514,-0.0827474858477472,-0.0438932074653086,0.0447510670350744,1,1,1,1,1,1,1
spiral_out_hltd_closed_loop_identity02_branch_surface_l4_5_7_k12_16_24_a04_08_12_s0_19,identity_stress,7,24,identity_stress,presence_plus_coexact,0.8,all,1.0,0.29838709677419356,0.28567770468722886,1.0,0.5,-1.3943211587684026,0.09990599470897132,0.24591433239199745,-0.11942715450034247,0.12071654261876785,1,1,1,1,1,1,1
spiral_out_hltd_closed_loop_identity02_branch_surface_l4_5_7_k12_16_24_a04_08_12_s0_19,identity_stress,7,24,identity_stress,presence_plus_coexact,0.8,early,0.75,0.25806451612903225,0.27514105868727307,1.0,0.3333333333333333,-0.9068906867169394,-0.037420748506554226,0.062020132205987004,-0.0162288361067023,0.07649987881008503,1,1,1,1,1,1,1
spiral_out_hltd_closed_loop_identity02_branch_surface_l4_5_7_k12_16_24_a04_08_12_s0_19,identity_stress,7,24,identity_stress,presence_plus_coexact,0.8,late,0.0,,,,,,,,,,1,0,0,0,0,0,0
spiral_out_hltd_closed_loop_identity02_branch_surface_l4_5_7_k12_16_24_a04_08_12_s0_19,identity_stress,7,24,identity_stress,presence_plus_coexact,0.8,middle,0.25,0.41935483870967744,0.3172876426870964,1.0,1.0,-2.856612574922792,0.511886224355548,0.7975969329500288,-0.429022109681263,0.2533665340448163,1,1,1,1,1,1,1
spiral_out_hltd_closed_loop_identity02_branch_surface_l4_5_7_k12_16_24_a04_08_12_s0_19,identity_stress,7,24,identity_stress,presence_plus_coexact,1.2,all,1.0,0.29838709677419356,0.28567770468722886,1.0,0.5,-1.3943211587684026,-0.22153824287303325,-0.19118225976638567,0.3141729373290559,0.5305522021557679,1,1,1,1,1,1,1
spiral_out_hltd_closed_loop_identity02_branch_surface_l4_5_7_k12_16_24_a04_08_12_s0_19,identity_stress,7,24,identity_stress,presence_plus_coexact,1.2,early,0.75,0.25806451612903225,0.27514105868727307,1.0,0.3333333333333333,-0.9068906867169394,0.5280413348004084,-0.10257787780129486,0.08270132999446932,0.32734538824862475,1,1,1,1,1,1,1
spiral_out_hltd_closed_loop_identity02_branch_surface_l4_5_7_k12_16_24_a04_08_12_s0_19,identity_stress,7,24,identity_stress,presence_plus_coexact,1.2,late,0.0,,,,,,,,,,1,0,0,0,0,0,0
spiral_out_hltd_closed_loop_identity02_branch_surface_l4_5_7_k12_16_24_a04_08_12_s0_19,identity_stress,7,24,identity_stress,presence_plus_coexact,1.2,middle,0.25,0.41935483870967744,0.3172876426870964,1.0,1.0,-2.856612574922792,-2.4702769758933583,-0.4569954056616581,1.0085877593328156,1.1401726438771975,1,1,1,1,1,1,1
spiral_out_hltd_closed_loop_identity02_branch_surface_l4_5_7_k12_16_24_a04_08_12_s0_19,identity_stress,7,24,identity_stress,random_tangent,0.4,all,1.0,0.28024193548387094,0.29266068687825425,1.0,0.275,-1.210231538269753,-0.013730113678716344,0.00799960660345604,0.031838930603276056,0.007400380848474894,1,1,1,1,1,1,1
spiral_out_hltd_closed_loop_identity02_branch_surface_l4_5_7_k12_16_24_a04_08_12_s0_19,identity_stress,7,24,identity_stress,random_tangent,0.4,early,0.8625,0.25806451612903225,0.28686553157827854,1.0,0.18333333333333332,-1.0310930284583428,-0.019868180348829846,0.001241262791946808,0.037025212762135606,0.006188981697705427,1,1,1,1,1,1,1
spiral_out_hltd_closed_loop_identity02_branch_surface_l4_5_7_k12_16_24_a04_08_12_s0_19,identity_stress,7,24,identity_stress,random_tangent,0.4,late,0.0,,,,,,,,,,1,0,0,0,0,0,0
spiral_out_hltd_closed_loop_identity02_branch_surface_l4_5_7_k12_16_24_a04_08_12_s0_19,identity_stress,7,24,identity_stress,random_tangent,0.4,middle,0.1375,0.41935483870967744,0.3172876426870964,1.0,1.0,-2.2097162126181047,0.026719842957574146,0.054980435882523104,0.010332166167469754,0.015585288253774837,1,1,1,1,1,1,1
spiral_out_hltd_closed_loop_identity02_branch_surface_l4_5_7_k12_16_24_a04_08_12_s0_19,identity_stress,7,24,identity_stress,random_tangent,0.8,all,1.0,0.2842741935483871,0.29110891305802633,1.0,0.3625,-1.2242655674682918,0.018676351641885868,-0.020336143267270755,0.13185871712986064,0.03641327895373012,1,1,1,1,1,1,1
spiral_out_hltd_closed_loop_identity02_branch_surface_l4_5_7_k12_16_24_a04_08_12_s0_19,identity_stress,7,24,identity_stress,random_tangent,0.8,early,0.8375,0.25806451612903225,0.2842600931580551,1.0,0.25416666666666665,-1.0141736604151141,0.055201379734308956,-0.009069897210634066,0.1338668133730603,0.03158419122881253,1,1,1,1,1,1,1
spiral_out_hltd_closed_loop_identity02_branch_surface_l4_5_7_k12_16_24_a04_08_12_s0_19,identity_stress,7,24,identity_stress,random_tangent,0.8,late,0.0,,,,,,,,,,1,0,0,0,0,0,0
spiral_out_hltd_closed_loop_identity02_branch_surface_l4_5_7_k12_16_24_a04_08_12_s0_19,identity_stress,7,24,identity_stress,random_tangent,0.8,middle,0.1625,0.41935483870967744,0.3172876426870964,1.0,1.0,-2.19976396089034,-0.15544618288755851,-0.08881100111728503,0.15222681085905607,0.06505917258405752,1,1,1,1,1,1,1
spiral_out_hltd_closed_loop_identity02_branch_surface_l4_5_7_k12_16_24_a04_08_12_s0_19,identity_stress,7,24,identity_stress,random_tangent,1.2,all,1.0,0.29838709677419356,0.2897648375030209,1.0,0.525,-1.7968658729459726,0.14174938910299723,0.4268708114173137,0.28507680686633663,0.21638087275519163,1,1,1,1,1,1,1
spiral_out_hltd_closed_loop_identity02_branch_surface_l4_5_7_k12_16_24_a04_08_12_s0_19,identity_stress,7,24,identity_stress,random_tangent,1.2,early,0.775,0.25806451612903225,0.2804180634552706,1.0,0.3958333333333333,-1.49222573817393,0.3135379879996929,0.4655928440407532,0.27253500090617033,0.20753274088137777,1,1,1,1,1,1,1
spiral_out_hltd_closed_loop_identity02_branch_surface_l4_5_7_k12_16_24_a04_08_12_s0_19,identity_stress,7,24,identity_stress,random_tangent,1.2,late,0.0125,0.7419354838709677,0.3787462965395865,1.0,0.0,-3.4987899084300977,0.0843245201361897,0.9198701868244116,-0.1465425021035917,0.2551789904171173,1,1,1,1,1,1,1
spiral_out_hltd_closed_loop_identity02_branch_surface_l4_5_7_k12_16_24_a04_08_12_s0_19,identity_stress,7,24,identity_stress,random_tangent,1.2,middle,0.2125,0.41935483870967744,0.3172876426870964,1.0,1.0,-2.3961745758706323,-0.5309495999120369,-0.1218944150694759,0.32928563508972575,0.17014523572417173,1,1,1,1,1,1,1
spiral_out_hltd_closed_loop_identity02_prompt_heldout_branch_surface_l4_5_7_k12_16_24_a04_08_12_s0_19,identity_stress,4,12,identity_stress__prompt_heldout,baseline,0.0,all,1.0,0.25806451612903225,0.27359333448265505,0.0,0.0,-1.1828958905867246,,,,,1,1,0,0,0,0,0
spiral_out_hltd_closed_loop_identity02_prompt_heldout_branch_surface_l4_5_7_k12_16_24_a04_08_12_s0_19,identity_stress,4,12,identity_stress__prompt_heldout,baseline,0.0,early,1.0,0.25806451612903225,0.27359333448265505,0.0,0.0,-1.1828958905867246,,,,,1,1,0,0,0,0,0
spiral_out_hltd_closed_loop_identity02_prompt_heldout_branch_surface_l4_5_7_k12_16_24_a04_08_12_s0_19,identity_stress,4,12,identity_stress__prompt_heldout,baseline,0.0,late,0.0,,,,,,,,,,1,0,0,0,0,0,0
spiral_out_hltd_closed_loop_identity02_prompt_heldout_branch_surface_l4_5_7_k12_16_24_a04_08_12_s0_19,identity_stress,4,12,identity_stress__prompt_heldout,baseline,0.0,middle,0.0,,,,,,,,,,1,0,0,0,0,0,0
spiral_out_hltd_closed_loop_identity02_prompt_heldout_branch_surface_l4_5_7_k12_16_24_a04_08_12_s0_19,identity_stress,4,12,identity_stress__prompt_heldout,coexact,0.4,all,1.0,0.25806451612903225,0.27359333448265505,1.0,0.0,-1.1828958905867246,0.10585421014001856,-0.015070633603162475,0.044326268893545274,0.0026941795622475013,1,1,1,1,1,1,1
spiral_out_hltd_closed_loop_identity02_prompt_heldout_branch_surface_l4_5_7_k12_16_24_a04_08_12_s0_19,identity_stress,4,12,identity_stress__prompt_heldout,coexact,0.4,early,1.0,0.25806451612903225,0.27359333448265505,1.0,0.0,-1.1828958905867246,0.10585421014001856,-0.015070633603162475,0.044326268893545274,0.0026941795622475013,1,1,1,1,1,1,1
spiral_out_hltd_closed_loop_identity02_prompt_heldout_branch_surface_l4_5_7_k12_16_24_a04_08_12_s0_19,identity_stress,4,12,identity_stress__prompt_heldout,coexact,0.4,late,0.0,,,,,,,,,,1,0,0,0,0,0,0
spiral_out_hltd_closed_loop_identity02_prompt_heldout_branch_surface_l4_5_7_k12_16_24_a04_08_12_s0_19,identity_stress,4,12,identity_stress__prompt_heldout,coexact,0.4,middle,0.0,,,,,,,,,,1,0,0,0,0,0,0
spiral_out_hltd_closed_loop_identity02_prompt_heldout_branch_surface_l4_5_7_k12_16_24_a04_08_12_s0_19,identity_stress,4,12,identity_stress__prompt_heldout,coexact,0.8,all,1.0,0.25806451612903225,0.27359333448265505,1.0,0.25,-1.2348215497664121,0.240564300972073,0.046238739473896125,0.08526279344771925,0.012756878042199805,1,1,1,1,1,1,1
spiral_out_hltd_closed_loop_identity02_prompt_heldout_branch_surface_l4_5_7_k12_16_24_a04_08_12_s0_19,identity_stress,4,12,identity_stress__prompt_heldout,coexact,0.8,early,1.0,0.25806451612903225,0.27359333448265505,1.0,0.25,-1.2348215497664121,0.240564300972073,0.046238739473896125,0.08526279344771925,0.012756878042199805,1,1,1,1,1,1,1
spiral_out_hltd_closed_loop_identity02_prompt_heldout_branch_surface_l4_5_7_k12_16_24_a04_08_12_s0_19,identity_stress,4,12,identity_stress__prompt_heldout,coexact,0.8,late,0.0,,,,,,,,,,1,0,0,0,0,0,0
spiral_out_hltd_closed_loop_identity02_prompt_heldout_branch_surface_l4_5_7_k12_16_24_a04_08_12_s0_19,identity_stress,4,12,identity_stress__prompt_heldout,coexact,0.8,middle,0.0,,,,,,,,,,1,0,0,0,0,0,0
spiral_out_hltd_closed_loop_identity02_prompt_heldout_branch_surface_l4_5_7_k12_16_24_a04_08_12_s0_19,identity_stress,4,12,identity_stress__prompt_heldout,coexact,1.2,all,1.0,0.25806451612903225,0.27359333448265505,1.0,0.25,-1.2348215497664121,0.41498437352865114,0.042701919746029646,0.1623667546289619,0.03253129594441203,1,1,1,1,1,1,1
spiral_out_hltd_closed_loop_identity02_prompt_heldout_branch_surface_l4_5_7_k12_16_24_a04_08_12_s0_19,identity_stress,4,12,identity_stress__prompt_heldout,coexact,1.2,early,1.0,0.25806451612903225,0.27359333448265505,1.0,0.25,-1.2348215497664121,0.41498437352865114,0.042701919746029646,0.1623667546289619,0.03253129594441203,1,1,1,1,1,1,1
spiral_out_hltd_closed_loop_identity02_prompt_heldout_branch_surface_l4_5_7_k12_16_24_a04_08_12_s0_19,identity_stress,4,12,identity_stress__prompt_heldout,coexact,1.2,late,0.0,,,,,,,,,,1,0,0,0,0,0,0
spiral_out_hltd_closed_loop_identity02_prompt_heldout_branch_surface_l4_5_7_k12_16_24_a04_08_12_s0_19,identity_stress,4,12,identity_stress__prompt_heldout,coexact,1.2,middle,0.0,,,,,,,,,,1,0,0,0,0,0,0
spiral_out_hltd_closed_loop_identity02_prompt_heldout_branch_surface_l4_5_7_k12_16_24_a04_08_12_s0_19,identity_stress,4,12,identity_stress__prompt_heldout,coexact_minus_presence,0.4,all,1.0,0.25806451612903225,0.27359333448265505,1.0,0.0,-1.1828958905867246,0.04619926909236448,-0.005233467743121133,0.033990817736218745,0.0028864122661285824,1,1,1,1,1,1,1
spiral_out_hltd_closed_loop_identity02_prompt_heldout_branch_surface_l4_5_7_k12_16_24_a04_08_12_s0_19,identity_stress,4,12,identity_stress__prompt_heldout,coexact_minus_presence,0.4,early,1.0,0.25806451612903225,0.27359333448265505,1.0,0.0,-1.1828958905867246,0.04619926909236448,-0.005233467743121133,0.033990817736218745,0.0028864122661285824,1,1,1,1,1,1,1
spiral_out_hltd_closed_loop_identity02_prompt_heldout_branch_surface_l4_5_7_k12_16_24_a04_08_12_s0_19,identity_stress,4,12,identity_stress__prompt_heldout,coexact_minus_presence,0.4,late,0.0,,,,,,,,,,1,0,0,0,0,0,0
spiral_out_hltd_closed_loop_identity02_prompt_heldout_branch_surface_l4_5_7_k12_16_24_a04_08_12_s0_19,identity_stress,4,12,identity_stress__prompt_heldout,coexact_minus_presence,0.4,middle,0.0,,,,,,,,,,1,0,0,0,0,0,0
spiral_out_hltd_closed_loop_identity02_prompt_heldout_branch_surface_l4_5_7_k12_16_24_a04_08_12_s0_19,identity_stress,4,12,identity_stress__prompt_heldout,coexact_minus_presence,0.8,all,1.0,0.25806451612903225,0.27359333448265505,1.0,0.25,-1.2348215497664121,0.1208985668242457,0.05109650781025007,0.05100702073775337,0.01175452702543659,1,1,1,1,1,1,1
spiral_out_hltd_closed_loop_identity02_prompt_heldout_branch_surface_l4_5_7_k12_16_24_a04_08_12_s0_19,identity_stress,4,12,identity_stress__prompt_heldout,coexact_minus_presence,0.8,early,1.0,0.25806451612903225,0.27359333448265505,1.0,0.25,-1.2348215497664121,0.1208985668242457,0.05109650781025007,0.05100702073775337,0.01175452702543659,1,1,1,1,1,1,1
spiral_out_hltd_closed_loop_identity02_prompt_heldout_branch_surface_l4_5_7_k12_16_24_a04_08_12_s0_19,identity_stress,4,12,identity_stress__prompt_heldout,coexact_minus_presence,0.8,late,0.0,,,,,,,,,,1,0,0,0,0,0,0
spiral_out_hltd_closed_loop_identity02_prompt_heldout_branch_surface_l4_5_7_k12_16_24_a04_08_12_s0_19,identity_stress,4,12,identity_stress__prompt_heldout,coexact_minus_presence,0.8,middle,0.0,,,,,,,,,,1,0,0,0,0,0,0
spiral_out_hltd_closed_loop_identity02_prompt_heldout_branch_surface_l4_5_7_k12_16_24_a04_08_12_s0_19,identity_stress,4,12,identity_stress__prompt_heldout,coexact_minus_presence,1.2,all,1.0,0.25806451612903225,0.27359333448265505,1.0,0.25,-1.2348215497664121,0.33919344396011386,-0.014348672428997886,0.21639498576228466,0.053980575205110376,1,1,1,1,1,1,1
spiral_out_hltd_closed_loop_identity02_prompt_heldout_branch_surface_l4_5_7_k12_16_24_a04_08_12_s0_19,identity_stress,4,12,identity_stress__prompt_heldout,coexact_minus_presence,1.2,early,1.0,0.25806451612903225,0.27359333448265505,1.0,0.25,-1.2348215497664121,0.33919344396011386,-0.014348672428997886,0.21639498576228466,0.053980575205110376,1,1,1,1,1,1,1
spiral_out_hltd_closed_loop_identity02_prompt_heldout_branch_surface_l4_5_7_k12_16_24_a04_08_12_s0_19,identity_stress,4,12,identity_stress__prompt_heldout,coexact_minus_presence,1.2,late,0.0,,,,,,,,,,1,0,0,0,0,0,0
spiral_out_hltd_closed_loop_identity02_prompt_heldout_branch_surface_l4_5_7_k12_16_24_a04_08_12_s0_19,identity_stress,4,12,identity_stress__prompt_heldout,coexact_minus_presence,1.2,middle,0.0,,,,,,,,,,1,0,0,0,0,0,0
spiral_out_hltd_closed_loop_identity02_prompt_heldout_branch_surface_l4_5_7_k12_16_24_a04_08_12_s0_19,identity_stress,4,12,identity_stress__prompt_heldout,negative_coexact,0.4,all,1.0,0.3951612903225806,0.24343503932755356,1.0,0.5,-1.2164246591346135,-0.061001610279255845,-0.00119778717898455,0.0007053463372923736,0.001962255705076448,1,1,1,1,1,1,1
spiral_out_hltd_closed_loop_identity02_prompt_heldout_branch_surface_l4_5_7_k12_16_24_a04_08_12_s0_19,identity_stress,4,12,identity_stress__prompt_heldout,negative_coexact,0.4,early,0.75,0.25806451612903225,0.24965891884367064,1.0,0.3333333333333333,-0.9068906867169394,-0.07571186850032889,0.008083196017257899,-0.0191504410643963,0.001584150353144531,1,1,1,1,1,1,1
spiral_out_hltd_closed_loop_identity02_prompt_heldout_branch_surface_l4_5_7_k12_16_24_a04_08_12_s0_19,identity_stress,4,12,identity_stress__prompt_heldout,negative_coexact,0.4,late,0.25,0.8064516129032258,0.2247634007792023,1.0,1.0,-2.145026576387636,-0.0168708356160367,-0.0290407367677119,0.0602727085423584,0.0030965717608722,1,1,1,1,1,1,1
spiral_out_hltd_closed_loop_identity02_prompt_heldout_branch_surface_l4_5_7_k12_16_24_a04_08_12_s0_19,identity_stress,4,12,identity_stress__prompt_heldout,negative_coexact,0.4,middle,0.0,,,,,,,,,,1,0,0,0,0,0,0
spiral_out_hltd_closed_loop_identity02_prompt_heldout_branch_surface_l4_5_7_k12_16_24_a04_08_12_s0_19,identity_stress,4,12,identity_stress__prompt_heldout,negative_coexact,0.8,all,1.0,0.3951612903225806,0.24343503932755356,1.0,0.5,-1.2164246591346135,-0.12363367242263723,-0.035380713809722394,0.05620255695926431,0.010132474978809125,1,1,1,1,1,1,1
spiral_out_hltd_closed_loop_identity02_prompt_heldout_branch_surface_l4_5_7_k12_16_24_a04_08_12_s0_19,identity_stress,4,12,identity_stress__prompt_heldout,negative_coexact,0.8,early,0.75,0.25806451612903225,0.24965891884367064,1.0,0.3333333333333333,-0.9068906867169394,-0.13373773220711627,0.016605328553396234,-0.017497934038070595,0.007963194306319766,1,1,1,1,1,1,1
spiral_out_hltd_closed_loop_identity02_prompt_heldout_branch_surface_l4_5_7_k12_16_24_a04_08_12_s0_19,identity_stress,4,12,identity_stress__prompt_heldout,negative_coexact,0.8,late,0.25,0.8064516129032258,0.2247634007792023,1.0,1.0,-2.145026576387636,-0.0933214930692001,-0.1913388408990783,0.277304029951269,0.0166403169962772,1,1,1,1,1,1,1
spiral_out_hltd_closed_loop_identity02_prompt_heldout_branch_surface_l4_5_7_k12_16_24_a04_08_12_s0_19,identity_stress,4,12,identity_stress__prompt_heldout,negative_coexact,0.8,middle,0.0,,,,,,,,,,1,0,0,0,0,0,0
spiral_out_hltd_closed_loop_identity02_prompt_heldout_branch_surface_l4_5_7_k12_16_24_a04_08_12_s0_19,identity_stress,4,12,identity_stress__prompt_heldout,negative_coexact,1.2,all,1.0,0.3951612903225806,0.24343503932755356,1.0,0.5,-1.2164246591346135,-0.21394520658927463,-0.12323655266141387,0.18396642514032127,0.0308752886905834,1,1,1,1,1,1,1
spiral_out_hltd_closed_loop_identity02_prompt_heldout_branch_surface_l4_5_7_k12_16_24_a04_08_12_s0_19,identity_stress,4,12,identity_stress__prompt_heldout,negative_coexact,1.2,early,0.75,0.25806451612903225,0.24965891884367064,1.0,0.3333333333333333,-0.9068906867169394,-0.19996018832951754,0.010520826950307566,0.037827903693901134,0.021526010061370435,1,1,1,1,1,1,1
spiral_out_hltd_closed_loop_identity02_prompt_heldout_branch_surface_l4_5_7_k12_16_24_a04_08_12_s0_19,identity_stress,4,12,identity_stress__prompt_heldout,negative_coexact,1.2,late,0.25,0.8064516129032258,0.2247634007792023,1.0,1.0,-2.145026576387636,-0.2559002613685459,-0.5245086914965782,0.6223819894795817,0.0589231245782223,1,1,1,1,1,1,1
spiral_out_hltd_closed_loop_identity02_prompt_heldout_branch_surface_l4_5_7_k12_16_24_a04_08_12_s0_19,identity_stress,4,12,identity_stress__prompt_heldout,negative_coexact,1.2,middle,0.0,,,,,,,,,,1,0,0,0,0,0,0
spiral_out_hltd_closed_loop_identity02_prompt_heldout_branch_surface_l4_5_7_k12_16_24_a04_08_12_s0_19,identity_stress,4,12,identity_stress__prompt_heldout,presence,0.4,all,1.0,0.3951612903225806,0.24343503932755356,1.0,0.5,-1.2164246591346135,0.0624869419338405,0.03019052323068648,-0.015244156052865148,0.0016390160898113403,1,1,1,1,1,1,1
spiral_out_hltd_closed_loop_identity02_prompt_heldout_branch_surface_l4_5_7_k12_16_24_a04_08_12_s0_19,identity_stress,4,12,identity_stress__prompt_heldout,presence,0.4,early,0.75,0.25806451612903225,0.24965891884367064,1.0,0.3333333333333333,-0.9068906867169394,0.08246122924673273,-0.007549215469211389,0.021624486405114732,0.0010328679282661539,1,1,1,1,1,1,1
spiral_out_hltd_closed_loop_identity02_prompt_heldout_branch_surface_l4_5_7_k12_16_24_a04_08_12_s0_19,identity_stress,4,12,identity_stress__prompt_heldout,presence,0.4,late,0.25,0.8064516129032258,0.2247634007792023,1.0,1.0,-2.145026576387636,0.0025640799951638,0.1434097393303801,-0.1258500834268048,0.0034574605744469,1,1,1,1,1,1,1
spiral_out_hltd_closed_loop_identity02_prompt_heldout_branch_surface_l4_5_7_k12_16_24_a04_08_12_s0_19,identity_stress,4,12,identity_stress__prompt_heldout,presence,0.4,middle,0.0,,,,,,,,,,1,0,0,0,0,0,0
spiral_out_hltd_closed_loop_identity02_prompt_heldout_branch_surface_l4_5_7_k12_16_24_a04_08_12_s0_19,identity_stress,4,12,identity_stress__prompt_heldout,presence,0.8,all,1.0,0.3951612903225806,0.24343503932755356,1.0,0.5,-1.2164246591346135,0.15323705270398652,0.04307487072221152,-0.004669248413907867,0.006708403126797789,1,1,1,1,1,1,1
spiral_out_hltd_closed_loop_identity02_prompt_heldout_branch_surface_l4_5_7_k12_16_24_a04_08_12_s0_19,identity_stress,4,12,identity_stress__prompt_heldout,presence,0.8,early,0.75,0.25806451612903225,0.24965891884367064,1.0,0.3333333333333333,-0.9068906867169394,0.20328693786081564,-0.02870624457012617,0.06434536337031733,0.004235283923562085,1,1,1,1,1,1,1
spiral_out_hltd_closed_loop_identity02_prompt_heldout_branch_surface_l4_5_7_k12_16_24_a04_08_12_s0_19,identity_stress,4,12,identity_stress__prompt_heldout,presence,0.8,late,0.25,0.8064516129032258,0.2247634007792023,1.0,1.0,-2.145026576387636,0.0030873972334992,0.2584182165992246,-0.2117130837665835,0.0141277607365049,1,1,1,1,1,1,1
spiral_out_hltd_closed_loop_identity02_prompt_heldout_branch_surface_l4_5_7_k12_16_24_a04_08_12_s0_19,identity_stress,4,12,identity_stress__prompt_heldout,presence,0.8,middle,0.0,,,,,,,,,,1,0,0,0,0,0,0
spiral_out_hltd_closed_loop_identity02_prompt_heldout_branch_surface_l4_5_7_k12_16_24_a04_08_12_s0_19,identity_stress,4,12,identity_stress__prompt_heldout,presence,1.2,all,1.0,0.3951612903225806,0.24343503932755356,1.0,0.5,-1.2164246591346135,0.2753368362539339,0.03263483004248262,0.051889856065091486,0.016239759879931225,1,1,1,1,1,1,1
spiral_out_hltd_closed_loop_identity02_prompt_heldout_branch_surface_l4_5_7_k12_16_24_a04_08_12_s0_19,identity_stress,4,12,identity_stress__prompt_heldout,presence,1.2,early,0.75,0.25806451612903225,0.24965891884367064,1.0,0.3333333333333333,-0.9068906867169394,0.36351543295406447,-0.057010097889673206,0.12612481915719195,0.01044108209592773,1,1,1,1,1,1,1
spiral_out_hltd_closed_loop_identity02_prompt_heldout_branch_surface_l4_5_7_k12_16_24_a04_08_12_s0_19,identity_stress,4,12,identity_stress__prompt_heldout,presence,1.2,late,0.25,0.8064516129032258,0.2247634007792023,1.0,1.0,-2.145026576387636,0.0108010461535421,0.3015696138389501,-0.1708150332112099,0.0336357932319417,1,1,1,1,1,1,1
spiral_out_hltd_closed_loop_identity02_prompt_heldout_branch_surface_l4_5_7_k12_16_24_a04_08_12_s0_19,identity_stress,4,12,identity_stress__prompt_heldout,presence,1.2,middle,0.0,,,,,,,,,,1,0,0,0,0,0,0
spiral_out_hltd_closed_loop_identity02_prompt_heldout_branch_surface_l4_5_7_k12_16_24_a04_08_12_s0_19,identity_stress,4,12,identity_stress__prompt_heldout,presence_plus_coexact,0.4,all,1.0,0.25806451612903225,0.27359333448265505,1.0,0.0,-1.1828958905867246,0.11499594348452555,-0.023333474092172624,0.039153676805473325,0.0012466699827762408,1,1,1,1,1,1,1
spiral_out_hltd_closed_loop_identity02_prompt_heldout_branch_surface_l4_5_7_k12_16_24_a04_08_12_s0_19,identity_stress,4,12,identity_stress__prompt_heldout,presence_plus_coexact,0.4,early,1.0,0.25806451612903225,0.27359333448265505,1.0,0.0,-1.1828958905867246,0.11499594348452555,-0.023333474092172624,0.039153676805473325,0.0012466699827762408,1,1,1,1,1,1,1
spiral_out_hltd_closed_loop_identity02_prompt_heldout_branch_surface_l4_5_7_k12_16_24_a04_08_12_s0_19,identity_stress,4,12,identity_stress__prompt_heldout,presence_plus_coexact,0.4,late,0.0,,,,,,,,,,1,0,0,0,0,0,0
spiral_out_hltd_closed_loop_identity02_prompt_heldout_branch_surface_l4_5_7_k12_16_24_a04_08_12_s0_19,identity_stress,4,12,identity_stress__prompt_heldout,presence_plus_coexact,0.4,middle,0.0,,,,,,,,,,1,0,0,0,0,0,0
spiral_out_hltd_closed_loop_identity02_prompt_heldout_branch_surface_l4_5_7_k12_16_24_a04_08_12_s0_19,identity_stress,4,12,identity_stress__prompt_heldout,presence_plus_coexact,0.8,all,1.0,0.25806451612903225,0.27359333448265505,1.0,0.0,-1.1828958905867246,0.24561123292067988,-0.0533823179382828,0.10179271920209484,0.006604418997935425,1,1,1,1,1,1,1
spiral_out_hltd_closed_loop_identity02_prompt_heldout_branch_surface_l4_5_7_k12_16_24_a04_08_12_s0_19,identity_stress,4,12,identity_stress__prompt_heldout,presence_plus_coexact,0.8,early,1.0,0.25806451612903225,0.27359333448265505,1.0,0.0,-1.1828958905867246,0.24561123292067988,-0.0533823179382828,0.10179271920209484,0.006604418997935425,1,1,1,1,1,1,1
spiral_out_hltd_closed_loop_identity02_prompt_heldout_branch_surface_l4_5_7_k12_16_24_a04_08_12_s0_19,identity_stress,4,12,identity_stress__prompt_heldout,presence_plus_coexact,0.8,late,0.0,,,,,,,,,,1,0,0,0,0,0,0
spiral_out_hltd_closed_loop_identity02_prompt_heldout_branch_surface_l4_5_7_k12_16_24_a04_08_12_s0_19,identity_stress,4,12,identity_stress__prompt_heldout,presence_plus_coexact,0.8,middle,0.0,,,,,,,,,,1,0,0,0,0,0,0
spiral_out_hltd_closed_loop_identity02_prompt_heldout_branch_surface_l4_5_7_k12_16_24_a04_08_12_s0_19,identity_stress,4,12,identity_stress__prompt_heldout,presence_plus_coexact,1.2,all,1.0,0.25806451612903225,0.27359333448265505,1.0,0.25,-1.2348215497664121,0.40503802069823713,-0.022895557891668944,0.18812124295598373,0.019049614975232675,1,1,1,1,1,1,1
spiral_out_hltd_closed_loop_identity02_prompt_heldout_branch_surface_l4_5_7_k12_16_24_a04_08_12_s0_19,identity_stress,4,12,identity_stress__prompt_heldout,presence_plus_coexact,1.2,early,1.0,0.25806451612903225,0.27359333448265505,1.0,0.25,-1.2348215497664121,0.40503802069823713,-0.022895557891668944,0.18812124295598373,0.019049614975232675,1,1,1,1,1,1,1
spiral_out_hltd_closed_loop_identity02_prompt_heldout_branch_surface_l4_5_7_k12_16_24_a04_08_12_s0_19,identity_stress,4,12,identity_stress__prompt_heldout,presence_plus_coexact,1.2,late,0.0,,,,,,,,,,1,0,0,0,0,0,0
spiral_out_hltd_closed_loop_identity02_prompt_heldout_branch_surface_l4_5_7_k12_16_24_a04_08_12_s0_19,identity_stress,4,12,identity_stress__prompt_heldout,presence_plus_coexact,1.2,middle,0.0,,,,,,,,,,1,0,0,0,0,0,0
spiral_out_hltd_closed_loop_identity02_prompt_heldout_branch_surface_l4_5_7_k12_16_24_a04_08_12_s0_19,identity_stress,4,12,identity_stress__prompt_heldout,random_tangent,0.4,all,1.0,0.319758064516129,0.2600221016628594,1.0,0.2375,-1.200580119392259,-0.014110916257282391,0.002789385138744645,0.016394455424077994,0.002493330313951546,1,1,1,1,1,1,1
spiral_out_hltd_closed_loop_identity02_prompt_heldout_branch_surface_l4_5_7_k12_16_24_a04_08_12_s0_19,identity_stress,4,12,identity_stress__prompt_heldout,random_tangent,0.4,early,0.8875,0.25806451612903225,0.2628228474451121,1.0,0.1625,-1.0612898318043056,-0.015914535850679097,0.007316594197338995,0.018048910246622855,0.002361285603605541,1,1,1,1,1,1,1
spiral_out_hltd_closed_loop_identity02_prompt_heldout_branch_surface_l4_5_7_k12_16_24_a04_08_12_s0_19,identity_stress,4,12,identity_stress__prompt_heldout,random_tangent,0.4,late,0.1125,0.8064516129032258,0.2247634007792023,1.0,1.0,-2.145026576387636,0.006358663330147868,-0.03547667946679348,0.011681032940115311,0.003649059270759411,1,1,1,1,1,1,1
spiral_out_hltd_closed_loop_identity02_prompt_heldout_branch_surface_l4_5_7_k12_16_24_a04_08_12_s0_19,identity_stress,4,12,identity_stress__prompt_heldout,random_tangent,0.4,middle,0.0,,,,,,,,,,1,0,0,0,0,0,0
spiral_out_hltd_closed_loop_identity02_prompt_heldout_branch_surface_l4_5_7_k12_16_24_a04_08_12_s0_19,identity_stress,4,12,identity_stress__prompt_heldout,random_tangent,0.8,all,1.0,0.32661290322580644,0.2585141869051043,1.0,0.2875,-1.2074491237376221,0.00939952891746614,-0.014744186909926427,0.09705814706725119,0.013751506411851508,1,1,1,1,1,1,1
spiral_out_hltd_closed_loop_identity02_prompt_heldout_branch_surface_l4_5_7_k12_16_24_a04_08_12_s0_19,identity_stress,4,12,identity_stress__prompt_heldout,random_tangent,0.8,early,0.875,0.25806451612903225,0.2616261266631629,1.0,0.20416666666666666,-1.0526821375287851,0.00868777017242256,-0.005174868000564813,0.10799279488752125,0.013475892434631043,1,1,1,1,1,1,1
spiral_out_hltd_closed_loop_identity02_prompt_heldout_branch_surface_l4_5_7_k12_16_24_a04_08_12_s0_19,identity_stress,4,12,identity_stress__prompt_heldout,random_tangent,0.8,late,0.125,0.8064516129032258,0.22476340077920226,1.0,1.0,-2.145026576387636,0.030140116731234727,-0.10599863263772846,0.05474630032223349,0.01761134436259531,1,1,1,1,1,1,1
spiral_out_hltd_closed_loop_identity02_prompt_heldout_branch_surface_l4_5_7_k12_16_24_a04_08_12_s0_19,identity_stress,4,12,identity_stress__prompt_heldout,random_tangent,0.8,middle,0.0,,,,,,,,,,1,0,0,0,0,0,0
spiral_out_hltd_closed_loop_identity02_prompt_heldout_branch_surface_l4_5_7_k12_16_24_a04_08_12_s0_19,identity_stress,4,12,identity_stress__prompt_heldout,random_tangent,1.2,all,1.0,0.3528225806451613,0.25069285992436563,1.0,0.3875,-1.8090619077046264,0.19846619686092448,0.4134345676958384,0.30999791909337926,0.216288932653092,1,1,1,1,1,1,1
spiral_out_hltd_closed_loop_identity02_prompt_heldout_branch_surface_l4_5_7_k12_16_24_a04_08_12_s0_19,identity_stress,4,12,identity_stress__prompt_heldout,random_tangent,1.2,early,0.825,0.25591397849462366,0.255510053919096,1.0,0.2958333333333333,-1.872940019810727,0.29350314853786297,0.6958824488934487,0.39994020011607173,0.3194900010871523,1,1,1,1,1,1,1
spiral_out_hltd_closed_loop_identity02_prompt_heldout_branch_surface_l4_5_7_k12_16_24_a04_08_12_s0_19,identity_stress,4,12,identity_stress__prompt_heldout,random_tangent,1.2,late,0.175,0.8076923076923077,0.2210418061258172,1.0,1.0,-2.4297898362339754,0.11439307364821051,-0.0656811889399259,0.15765560755477062,0.08476321836855649,1,1,1,1,1,1,1
spiral_out_hltd_closed_loop_identity02_prompt_heldout_branch_surface_l4_5_7_k12_16_24_a04_08_12_s0_19,identity_stress,4,12,identity_stress__prompt_heldout,random_tangent,1.2,middle,0.0,,,,,,,,,,1,0,0,0,0,0,0
spiral_out_hltd_closed_loop_identity02_prompt_heldout_branch_surface_l4_5_7_k12_16_24_a04_08_12_s0_19,identity_stress,4,16,identity_stress__prompt_heldout,baseline,0.0,all,1.0,0.25806451612903225,0.27359333448265505,0.0,0.0,-1.1828958905867246,,,,,1,1,0,0,0,0,0
spiral_out_hltd_closed_loop_identity02_prompt_heldout_branch_surface_l4_5_7_k12_16_24_a04_08_12_s0_19,identity_stress,4,16,identity_stress__prompt_heldout,baseline,0.0,early,1.0,0.25806451612903225,0.27359333448265505,0.0,0.0,-1.1828958905867246,,,,,1,1,0,0,0,0,0
spiral_out_hltd_closed_loop_identity02_prompt_heldout_branch_surface_l4_5_7_k12_16_24_a04_08_12_s0_19,identity_stress,4,16,identity_stress__prompt_heldout,baseline,0.0,late,0.0,,,,,,,,,,1,0,0,0,0,0,0
spiral_out_hltd_closed_loop_identity02_prompt_heldout_branch_surface_l4_5_7_k12_16_24_a04_08_12_s0_19,identity_stress,4,16,identity_stress__prompt_heldout,baseline,0.0,middle,0.0,,,,,,,,,,1,0,0,0,0,0,0
spiral_out_hltd_closed_loop_identity02_prompt_heldout_branch_surface_l4_5_7_k12_16_24_a04_08_12_s0_19,identity_stress,4,16,identity_stress__prompt_heldout,coexact,0.4,all,1.0,0.3951612903225806,0.24343503932755356,1.0,0.5,-1.2164246591346135,0.08923639184423068,-0.01577710286210985,0.043644995639480745,0.0018740165645472254,1,1,1,1,1,1,1
spiral_out_hltd_closed_loop_identity02_prompt_heldout_branch_surface_l4_5_7_k12_16_24_a04_08_12_s0_19,identity_stress,4,16,identity_stress__prompt_heldout,coexact,0.4,early,0.75,0.25806451612903225,0.24965891884367064,1.0,0.3333333333333333,-0.9068906867169394,0.12763922459407867,-0.027832839692450734,0.07067373210001943,0.0015590729561742673,1,1,1,1,1,1,1
spiral_out_hltd_closed_loop_identity02_prompt_heldout_branch_surface_l4_5_7_k12_16_24_a04_08_12_s0_19,identity_stress,4,16,identity_stress__prompt_heldout,coexact,0.4,late,0.25,0.8064516129032258,0.2247634007792023,1.0,1.0,-2.145026576387636,-0.0259721064053133,0.0203901076289128,-0.0374412137421353,0.0028188473896661,1,1,1,1,1,1,1
spiral_out_hltd_closed_loop_identity02_prompt_heldout_branch_surface_l4_5_7_k12_16_24_a04_08_12_s0_19,identity_stress,4,16,identity_stress__prompt_heldout,coexact,0.4,middle,0.0,,,,,,,,,,1,0,0,0,0,0,0
spiral_out_hltd_closed_loop_identity02_prompt_heldout_branch_surface_l4_5_7_k12_16_24_a04_08_12_s0_19,identity_stress,4,16,identity_stress__prompt_heldout,coexact,0.8,all,1.0,0.3951612903225806,0.24343503932755356,1.0,0.5,-1.2164246591346135,0.1929260527229013,-0.06999040175622533,0.12781641127556667,0.009019866848741962,1,1,1,1,1,1,1
spiral_out_hltd_closed_loop_identity02_prompt_heldout_branch_surface_l4_5_7_k12_16_24_a04_08_12_s0_19,identity_stress,4,16,identity_stress__prompt_heldout,coexact,0.8,early,0.75,0.25806451612903225,0.24965891884367064,1.0,0.3333333333333333,-0.9068906867169394,0.28303019746109886,-0.0682819996430907,0.15610200164801694,0.007430024472388883,1,1,1,1,1,1,1
spiral_out_hltd_closed_loop_identity02_prompt_heldout_branch_surface_l4_5_7_k12_16_24_a04_08_12_s0_19,identity_stress,4,16,identity_stress__prompt_heldout,coexact,0.8,late,0.25,0.8064516129032258,0.2247634007792023,1.0,1.0,-2.145026576387636,-0.0773863814916913,-0.0751156080956292,0.0429596401582159,0.0137893939778012,1,1,1,1,1,1,1
spiral_out_hltd_closed_loop_identity02_prompt_heldout_branch_surface_l4_5_7_k12_16_24_a04_08_12_s0_19,identity_stress,4,16,identity_stress__prompt_heldout,coexact,0.8,middle,0.0,,,,,,,,,,1,0,0,0,0,0,0
spiral_out_hltd_closed_loop_identity02_prompt_heldout_branch_surface_l4_5_7_k12_16_24_a04_08_12_s0_19,identity_stress,4,16,identity_stress__prompt_heldout,coexact,1.2,all,1.0,0.3951612903225806,0.24343503932755356,1.0,0.5,-1.2164246591346135,0.3749484424347611,-0.1638726749204906,0.25479936155511784,0.029038996707051325,1,1,1,1,1,1,1
spiral_out_hltd_closed_loop_identity02_prompt_heldout_branch_surface_l4_5_7_k12_16_24_a04_08_12_s0_19,identity_stress,4,16,identity_stress__prompt_heldout,coexact,1.2,early,0.75,0.25806451612903225,0.24965891884367064,1.0,0.3333333333333333,-0.9068906867169394,0.5247328665654027,-0.12224353448336933,0.269371918879072,0.021304074028257864,1,1,1,1,1,1,1
spiral_out_hltd_closed_loop_identity02_prompt_heldout_branch_surface_l4_5_7_k12_16_24_a04_08_12_s0_19,identity_stress,4,16,identity_stress__prompt_heldout,coexact,1.2,late,0.25,0.8064516129032258,0.2247634007792023,1.0,1.0,-2.145026576387636,-0.0744048299571638,-0.2887600962318544,0.2110816895832554,0.0522437647434317,1,1,1,1,1,1,1
spiral_out_hltd_closed_loop_identity02_prompt_heldout_branch_surface_l4_5_7_k12_16_24_a04_08_12_s0_19,identity_stress,4,16,identity_stress__prompt_heldout,coexact,1.2,middle,0.0,,,,,,,,,,1,0,0,0,0,0,0
spiral_out_hltd_closed_loop_identity02_prompt_heldout_branch_surface_l4_5_7_k12_16_24_a04_08_12_s0_19,identity_stress,4,16,identity_stress__prompt_heldout,coexact_minus_presence,0.4,all,1.0,0.25806451612903225,0.27359333448265505,1.0,0.0,-1.1828958905867246,-0.033990661159672524,0.017819345294732628,-0.015266897125713549,0.0028239098171253213,1,1,1,1,1,1,1
spiral_out_hltd_closed_loop_identity02_prompt_heldout_branch_surface_l4_5_7_k12_16_24_a04_08_12_s0_19,identity_stress,4,16,identity_stress__prompt_heldout,coexact_minus_presence,0.4,early,1.0,0.25806451612903225,0.27359333448265505,1.0,0.0,-1.1828958905867246,-0.033990661159672524,0.017819345294732628,-0.015266897125713549,0.0028239098171253213,1,1,1,1,1,1,1
spiral_out_hltd_closed_loop_identity02_prompt_heldout_branch_surface_l4_5_7_k12_16_24_a04_08_12_s0_19,identity_stress,4,16,identity_stress__prompt_heldout,coexact_minus_presence,0.4,late,0.0,,,,,,,,,,1,0,0,0,0,0,0
spiral_out_hltd_closed_loop_identity02_prompt_heldout_branch_surface_l4_5_7_k12_16_24_a04_08_12_s0_19,identity_stress,4,16,identity_stress__prompt_heldout,coexact_minus_presence,0.4,middle,0.0,,,,,,,,,,1,0,0,0,0,0,0
spiral_out_hltd_closed_loop_identity02_prompt_heldout_branch_surface_l4_5_7_k12_16_24_a04_08_12_s0_19,identity_stress,4,16,identity_stress__prompt_heldout,coexact_minus_presence,0.8,all,1.0,0.25806451612903225,0.27359333448265505,1.0,0.25,-1.2348215497664121,0.0014780978999962002,0.09948352294931695,-0.03065602100390407,0.022453133194402276,1,1,1,1,1,1,1
spiral_out_hltd_closed_loop_identity02_prompt_heldout_branch_surface_l4_5_7_k12_16_24_a04_08_12_s0_19,identity_stress,4,16,identity_stress__prompt_heldout,coexact_minus_presence,0.8,early,1.0,0.25806451612903225,0.27359333448265505,1.0,0.25,-1.2348215497664121,0.0014780978999962002,0.09948352294931695,-0.03065602100390407,0.022453133194402276,1,1,1,1,1,1,1
spiral_out_hltd_closed_loop_identity02_prompt_heldout_branch_surface_l4_5_7_k12_16_24_a04_08_12_s0_19,identity_stress,4,16,identity_stress__prompt_heldout,coexact_minus_presence,0.8,late,0.0,,,,,,,,,,1,0,0,0,0,0,0
spiral_out_hltd_closed_loop_identity02_prompt_heldout_branch_surface_l4_5_7_k12_16_24_a04_08_12_s0_19,identity_stress,4,16,identity_stress__prompt_heldout,coexact_minus_presence,0.8,middle,0.0,,,,,,,,,,1,0,0,0,0,0,0
spiral_out_hltd_closed_loop_identity02_prompt_heldout_branch_surface_l4_5_7_k12_16_24_a04_08_12_s0_19,identity_stress,4,16,identity_stress__prompt_heldout,coexact_minus_presence,1.2,all,1.0,0.25806451612903225,0.27359333448265505,1.0,0.25,-1.2348215497664121,0.7374058392294933,-0.0068370839257205634,0.4560599274138808,0.14118681442970898,1,1,1,1,1,1,1
spiral_out_hltd_closed_loop_identity02_prompt_heldout_branch_surface_l4_5_7_k12_16_24_a04_08_12_s0_19,identity_stress,4,16,identity_stress__prompt_heldout,coexact_minus_presence,1.2,early,1.0,0.25806451612903225,0.27359333448265505,1.0,0.25,-1.2348215497664121,0.7374058392294933,-0.0068370839257205634,0.4560599274138808,0.14118681442970898,1,1,1,1,1,1,1
spiral_out_hltd_closed_loop_identity02_prompt_heldout_branch_surface_l4_5_7_k12_16_24_a04_08_12_s0_19,identity_stress,4,16,identity_stress__prompt_heldout,coexact_minus_presence,1.2,late,0.0,,,,,,,,,,1,0,0,0,0,0,0
spiral_out_hltd_closed_loop_identity02_prompt_heldout_branch_surface_l4_5_7_k12_16_24_a04_08_12_s0_19,identity_stress,4,16,identity_stress__prompt_heldout,coexact_minus_presence,1.2,middle,0.0,,,,,,,,,,1,0,0,0,0,0,0
spiral_out_hltd_closed_loop_identity02_prompt_heldout_branch_surface_l4_5_7_k12_16_24_a04_08_12_s0_19,identity_stress,4,16,identity_stress__prompt_heldout,negative_coexact,0.4,all,1.0,0.25806451612903225,0.27359333448265505,1.0,0.0,-1.1828958905867246,-0.14369596129553172,0.035582571628694354,-0.06498652158513346,0.0020850877147365076,1,1,1,1,1,1,1
spiral_out_hltd_closed_loop_identity02_prompt_heldout_branch_surface_l4_5_7_k12_16_24_a04_08_12_s0_19,identity_stress,4,16,identity_stress__prompt_heldout,negative_coexact,0.4,early,1.0,0.25806451612903225,0.27359333448265505,1.0,0.0,-1.1828958905867246,-0.14369596129553172,0.035582571628694354,-0.06498652158513346,0.0020850877147365076,1,1,1,1,1,1,1
spiral_out_hltd_closed_loop_identity02_prompt_heldout_branch_surface_l4_5_7_k12_16_24_a04_08_12_s0_19,identity_stress,4,16,identity_stress__prompt_heldout,negative_coexact,0.4,late,0.0,,,,,,,,,,1,0,0,0,0,0,0
spiral_out_hltd_closed_loop_identity02_prompt_heldout_branch_surface_l4_5_7_k12_16_24_a04_08_12_s0_19,identity_stress,4,16,identity_stress__prompt_heldout,negative_coexact,0.4,middle,0.0,,,,,,,,,,1,0,0,0,0,0,0
spiral_out_hltd_closed_loop_identity02_prompt_heldout_branch_surface_l4_5_7_k12_16_24_a04_08_12_s0_19,identity_stress,4,16,identity_stress__prompt_heldout,negative_coexact,0.8,all,1.0,0.25806451612903225,0.27359333448265505,1.0,0.0,-1.1828958905867246,-0.2690423568183733,0.05196857426378898,-0.10032289753469358,0.009051485995169277,1,1,1,1,1,1,1
spiral_out_hltd_closed_loop_identity02_prompt_heldout_branch_surface_l4_5_7_k12_16_24_a04_08_12_s0_19,identity_stress,4,16,identity_stress__prompt_heldout,negative_coexact,0.8,early,1.0,0.25806451612903225,0.27359333448265505,1.0,0.0,-1.1828958905867246,-0.2690423568183733,0.05196857426378898,-0.10032289753469358,0.009051485995169277,1,1,1,1,1,1,1
spiral_out_hltd_closed_loop_identity02_prompt_heldout_branch_surface_l4_5_7_k12_16_24_a04_08_12_s0_19,identity_stress,4,16,identity_stress__prompt_heldout,negative_coexact,0.8,late,0.0,,,,,,,,,,1,0,0,0,0,0,0
spiral_out_hltd_closed_loop_identity02_prompt_heldout_branch_surface_l4_5_7_k12_16_24_a04_08_12_s0_19,identity_stress,4,16,identity_stress__prompt_heldout,negative_coexact,0.8,middle,0.0,,,,,,,,,,1,0,0,0,0,0,0
spiral_out_hltd_closed_loop_identity02_prompt_heldout_branch_surface_l4_5_7_k12_16_24_a04_08_12_s0_19,identity_stress,4,16,identity_stress__prompt_heldout,negative_coexact,1.2,all,1.0,0.25806451612903225,0.27359333448265505,1.0,0.0,-1.1828958905867246,-0.4260292373124121,0.0494134788717204,-0.031199741581708546,0.030634700989467148,1,1,1,1,1,1,1
spiral_out_hltd_closed_loop_identity02_prompt_heldout_branch_surface_l4_5_7_k12_16_24_a04_08_12_s0_19,identity_stress,4,16,identity_stress__prompt_heldout,negative_coexact,1.2,early,1.0,0.25806451612903225,0.27359333448265505,1.0,0.0,-1.1828958905867246,-0.4260292373124121,0.0494134788717204,-0.031199741581708546,0.030634700989467148,1,1,1,1,1,1,1
spiral_out_hltd_closed_loop_identity02_prompt_heldout_branch_surface_l4_5_7_k12_16_24_a04_08_12_s0_19,identity_stress,4,16,identity_stress__prompt_heldout,negative_coexact,1.2,late,0.0,,,,,,,,,,1,0,0,0,0,0,0
spiral_out_hltd_closed_loop_identity02_prompt_heldout_branch_surface_l4_5_7_k12_16_24_a04_08_12_s0_19,identity_stress,4,16,identity_stress__prompt_heldout,negative_coexact,1.2,middle,0.0,,,,,,,,,,1,0,0,0,0,0,0
spiral_out_hltd_closed_loop_identity02_prompt_heldout_branch_surface_l4_5_7_k12_16_24_a04_08_12_s0_19,identity_stress,4,16,identity_stress__prompt_heldout,presence,0.4,all,1.0,0.3951612903225806,0.24343503932755356,1.0,0.5,-1.2164246591346135,0.11238637967396697,0.004939536881586552,0.031665067259781646,0.0028079759259220594,1,1,1,1,1,1,1
spiral_out_hltd_closed_loop_identity02_prompt_heldout_branch_surface_l4_5_7_k12_16_24_a04_08_12_s0_19,identity_stress,4,16,identity_stress__prompt_heldout,presence,0.4,early,0.75,0.25806451612903225,0.24965891884367064,1.0,0.3333333333333333,-0.9068906867169394,0.1418969492930332,-0.03339286287968927,0.07166015446622233,0.0028461199944877793,1,1,1,1,1,1,1
spiral_out_hltd_closed_loop_identity02_prompt_heldout_branch_surface_l4_5_7_k12_16_24_a04_08_12_s0_19,identity_stress,4,16,identity_stress__prompt_heldout,presence,0.4,late,0.25,0.8064516129032258,0.2247634007792023,1.0,1.0,-2.145026576387636,0.0238546708167683,0.119936736165414,-0.0883201943595404,0.0026935437202249,1,1,1,1,1,1,1
spiral_out_hltd_closed_loop_identity02_prompt_heldout_branch_surface_l4_5_7_k12_16_24_a04_08_12_s0_19,identity_stress,4,16,identity_stress__prompt_heldout,presence,0.4,middle,0.0,,,,,,,,,,1,0,0,0,0,0,0
spiral_out_hltd_closed_loop_identity02_prompt_heldout_branch_surface_l4_5_7_k12_16_24_a04_08_12_s0_19,identity_stress,4,16,identity_stress__prompt_heldout,presence,0.8,all,1.0,0.3951612903225806,0.24343503932755356,1.0,0.5,-1.2164246591346135,0.24813480189169798,0.0018457193354635207,0.09031579351738758,0.01297767720474105,1,1,1,1,1,1,1
spiral_out_hltd_closed_loop_identity02_prompt_heldout_branch_surface_l4_5_7_k12_16_24_a04_08_12_s0_19,identity_stress,4,16,identity_stress__prompt_heldout,presence,0.8,early,0.75,0.25806451612903225,0.24965891884367064,1.0,0.3333333333333333,-0.9068906867169394,0.3097213088688277,-0.07171677721969634,0.17011175035482584,0.012888138879588368,1,1,1,1,1,1,1
spiral_out_hltd_closed_loop_identity02_prompt_heldout_branch_surface_l4_5_7_k12_16_24_a04_08_12_s0_19,identity_stress,4,16,identity_stress__prompt_heldout,presence,0.8,late,0.25,0.8064516129032258,0.2247634007792023,1.0,1.0,-2.145026576387636,0.0633752809603089,0.2225332090009431,-0.1490720769949272,0.0132462921801991,1,1,1,1,1,1,1
spiral_out_hltd_closed_loop_identity02_prompt_heldout_branch_surface_l4_5_7_k12_16_24_a04_08_12_s0_19,identity_stress,4,16,identity_stress__prompt_heldout,presence,0.8,middle,0.0,,,,,,,,,,1,0,0,0,0,0,0
spiral_out_hltd_closed_loop_identity02_prompt_heldout_branch_surface_l4_5_7_k12_16_24_a04_08_12_s0_19,identity_stress,4,16,identity_stress__prompt_heldout,presence,1.2,all,1.0,0.3951612903225806,0.24343503932755356,1.0,0.5,-1.2164246591346135,0.46101319432122856,-0.01415825311358529,0.16333154958303936,0.03243982670920712,1,1,1,1,1,1,1
spiral_out_hltd_closed_loop_identity02_prompt_heldout_branch_surface_l4_5_7_k12_16_24_a04_08_12_s0_19,identity_stress,4,16,identity_stress__prompt_heldout,presence,1.2,early,0.75,0.25806451612903225,0.24965891884367064,1.0,0.3333333333333333,-0.9068906867169394,0.5711511217464379,-0.1036979618730574,0.2656497171694619,0.0323045117283583,1,1,1,1,1,1,1
spiral_out_hltd_closed_loop_identity02_prompt_heldout_branch_surface_l4_5_7_k12_16_24_a04_08_12_s0_19,identity_stress,4,16,identity_stress__prompt_heldout,presence,1.2,late,0.25,0.8064516129032258,0.2247634007792023,1.0,1.0,-2.145026576387636,0.1305994120456004,0.254460873164831,-0.1436229531762283,0.0328457716517536,1,1,1,1,1,1,1
spiral_out_hltd_closed_loop_identity02_prompt_heldout_branch_surface_l4_5_7_k12_16_24_a04_08_12_s0_19,identity_stress,4,16,identity_stress__prompt_heldout,presence,1.2,middle,0.0,,,,,,,,,,1,0,0,0,0,0,0
spiral_out_hltd_closed_loop_identity02_prompt_heldout_branch_surface_l4_5_7_k12_16_24_a04_08_12_s0_19,identity_stress,4,16,identity_stress__prompt_heldout,presence_plus_coexact,0.4,all,1.0,0.3951612903225806,0.24343503932755356,1.0,0.5,-1.2164246591346135,0.12972777946594147,-0.007838692157772439,0.04813094742087893,0.0023719466572526375,1,1,1,1,1,1,1
spiral_out_hltd_closed_loop_identity02_prompt_heldout_branch_surface_l4_5_7_k12_16_24_a04_08_12_s0_19,identity_stress,4,16,identity_stress__prompt_heldout,presence_plus_coexact,0.4,early,0.75,0.25806451612903225,0.24965891884367064,1.0,0.3333333333333333,-0.9068906867169394,0.17491994620673756,-0.03890542522326729,0.08804228725872654,0.0023316435845394837,1,1,1,1,1,1,1
spiral_out_hltd_closed_loop_identity02_prompt_heldout_branch_surface_l4_5_7_k12_16_24_a04_08_12_s0_19,identity_stress,4,16,identity_stress__prompt_heldout,presence_plus_coexact,0.4,late,0.25,0.8064516129032258,0.2247634007792023,1.0,1.0,-2.145026576387636,-0.0058487207564468,0.0853615070387121,-0.0716030720926639,0.0024928558753921,1,1,1,1,1,1,1
spiral_out_hltd_closed_loop_identity02_prompt_heldout_branch_surface_l4_5_7_k12_16_24_a04_08_12_s0_19,identity_stress,4,16,identity_stress__prompt_heldout,presence_plus_coexact,0.4,middle,0.0,,,,,,,,,,1,0,0,0,0,0,0
spiral_out_hltd_closed_loop_identity02_prompt_heldout_branch_surface_l4_5_7_k12_16_24_a04_08_12_s0_19,identity_stress,4,16,identity_stress__prompt_heldout,presence_plus_coexact,0.8,all,1.0,0.3951612903225806,0.24343503932755356,1.0,0.5,-1.2164246591346135,0.2680525469041355,-0.03610918108166318,0.13072915626648285,0.010621929487736687,1,1,1,1,1,1,1
spiral_out_hltd_closed_loop_identity02_prompt_heldout_branch_surface_l4_5_7_k12_16_24_a04_08_12_s0_19,identity_stress,4,16,identity_stress__prompt_heldout,presence_plus_coexact,0.8,early,0.75,0.25806451612903225,0.24965891884367064,1.0,0.3333333333333333,-0.9068906867169394,0.3626731950566319,-0.08828203442089944,0.19734372979250514,0.010781500638242014,1,1,1,1,1,1,1
spiral_out_hltd_closed_loop_identity02_prompt_heldout_branch_surface_l4_5_7_k12_16_24_a04_08_12_s0_19,identity_stress,4,16,identity_stress__prompt_heldout,presence_plus_coexact,0.8,late,0.25,0.8064516129032258,0.2247634007792023,1.0,1.0,-2.145026576387636,-0.0158093975533537,0.1204093789360456,-0.069114564311584,0.0101432160362207,1,1,1,1,1,1,1
spiral_out_hltd_closed_loop_identity02_prompt_heldout_branch_surface_l4_5_7_k12_16_24_a04_08_12_s0_19,identity_stress,4,16,identity_stress__prompt_heldout,presence_plus_coexact,0.8,middle,0.0,,,,,,,,,,1,0,0,0,0,0,0
spiral_out_hltd_closed_loop_identity02_prompt_heldout_branch_surface_l4_5_7_k12_16_24_a04_08_12_s0_19,identity_stress,4,16,identity_stress__prompt_heldout,presence_plus_coexact,1.2,all,1.0,0.3951612903225806,0.24343503932755356,1.0,0.5,-1.2164246591346135,0.4837894086652188,-0.08891233391527462,0.2350258942266557,0.028117740484038364,1,1,1,1,1,1,1
spiral_out_hltd_closed_loop_identity02_prompt_heldout_branch_surface_l4_5_7_k12_16_24_a04_08_12_s0_19,identity_stress,4,16,identity_stress__prompt_heldout,presence_plus_coexact,1.2,early,0.75,0.25806451612903225,0.24965891884367064,1.0,0.3333333333333333,-0.9068906867169394,0.6424509449557375,-0.14122704863548086,0.31403277948535496,0.028748296578827253,1,1,1,1,1,1,1
spiral_out_hltd_closed_loop_identity02_prompt_heldout_branch_surface_l4_5_7_k12_16_24_a04_08_12_s0_19,identity_stress,4,16,identity_stress__prompt_heldout,presence_plus_coexact,1.2,late,0.25,0.8064516129032258,0.2247634007792023,1.0,1.0,-2.145026576387636,0.0078047997936625,0.0680318102453441,-0.001994761549442,0.0262260721996717,1,1,1,1,1,1,1
spiral_out_hltd_closed_loop_identity02_prompt_heldout_branch_surface_l4_5_7_k12_16_24_a04_08_12_s0_19,identity_stress,4,16,identity_stress__prompt_heldout,presence_plus_coexact,1.2,middle,0.0,,,,,,,,,,1,0,0,0,0,0,0
spiral_out_hltd_closed_loop_identity02_prompt_heldout_branch_surface_l4_5_7_k12_16_24_a04_08_12_s0_19,identity_stress,4,16,identity_stress__prompt_heldout,random_tangent,0.4,all,1.0,0.319758064516129,0.2600221016628594,1.0,0.2375,-1.200580119392259,-0.014110916257282391,0.002789385138744645,0.016394455424077994,0.002493330313951546,1,1,1,1,1,1,1
spiral_out_hltd_closed_loop_identity02_prompt_heldout_branch_surface_l4_5_7_k12_16_24_a04_08_12_s0_19,identity_stress,4,16,identity_stress__prompt_heldout,random_tangent,0.4,early,0.8875,0.25806451612903225,0.2628228474451121,1.0,0.1625,-1.0612898318043056,-0.015914535850679097,0.007316594197338995,0.018048910246622855,0.002361285603605541,1,1,1,1,1,1,1
spiral_out_hltd_closed_loop_identity02_prompt_heldout_branch_surface_l4_5_7_k12_16_24_a04_08_12_s0_19,identity_stress,4,16,identity_stress__prompt_heldout,random_tangent,0.4,late,0.1125,0.8064516129032258,0.2247634007792023,1.0,1.0,-2.145026576387636,0.006358663330147868,-0.03547667946679348,0.011681032940115311,0.003649059270759411,1,1,1,1,1,1,1
spiral_out_hltd_closed_loop_identity02_prompt_heldout_branch_surface_l4_5_7_k12_16_24_a04_08_12_s0_19,identity_stress,4,16,identity_stress__prompt_heldout,random_tangent,0.4,middle,0.0,,,,,,,,,,1,0,0,0,0,0,0
spiral_out_hltd_closed_loop_identity02_prompt_heldout_branch_surface_l4_5_7_k12_16_24_a04_08_12_s0_19,identity_stress,4,16,identity_stress__prompt_heldout,random_tangent,0.8,all,1.0,0.32661290322580644,0.2585141869051043,1.0,0.2875,-1.2074491237376221,0.00939952891746614,-0.014744186909926427,0.09705814706725119,0.013751506411851508,1,1,1,1,1,1,1
spiral_out_hltd_closed_loop_identity02_prompt_heldout_branch_surface_l4_5_7_k12_16_24_a04_08_12_s0_19,identity_stress,4,16,identity_stress__prompt_heldout,random_tangent,0.8,early,0.875,0.25806451612903225,0.2616261266631629,1.0,0.20416666666666666,-1.0526821375287851,0.00868777017242256,-0.005174868000564813,0.10799279488752125,0.013475892434631043,1,1,1,1,1,1,1
spiral_out_hltd_closed_loop_identity02_prompt_heldout_branch_surface_l4_5_7_k12_16_24_a04_08_12_s0_19,identity_stress,4,16,identity_stress__prompt_heldout,random_tangent,0.8,late,0.125,0.8064516129032258,0.22476340077920226,1.0,1.0,-2.145026576387636,0.030140116731234727,-0.10599863263772846,0.05474630032223349,0.01761134436259531,1,1,1,1,1,1,1
spiral_out_hltd_closed_loop_identity02_prompt_heldout_branch_surface_l4_5_7_k12_16_24_a04_08_12_s0_19,identity_stress,4,16,identity_stress__prompt_heldout,random_tangent,0.8,middle,0.0,,,,,,,,,,1,0,0,0,0,0,0
spiral_out_hltd_closed_loop_identity02_prompt_heldout_branch_surface_l4_5_7_k12_16_24_a04_08_12_s0_19,identity_stress,4,16,identity_stress__prompt_heldout,random_tangent,1.2,all,1.0,0.3528225806451613,0.25069285992436563,1.0,0.3875,-1.8090619077046264,0.19846619686092448,0.4134345676958384,0.30999791909337926,0.216288932653092,1,1,1,1,1,1,1
spiral_out_hltd_closed_loop_identity02_prompt_heldout_branch_surface_l4_5_7_k12_16_24_a04_08_12_s0_19,identity_stress,4,16,identity_stress__prompt_heldout,random_tangent,1.2,early,0.825,0.25591397849462366,0.255510053919096,1.0,0.2958333333333333,-1.872940019810727,0.29350314853786297,0.6958824488934487,0.39994020011607173,0.3194900010871523,1,1,1,1,1,1,1
spiral_out_hltd_closed_loop_identity02_prompt_heldout_branch_surface_l4_5_7_k12_16_24_a04_08_12_s0_19,identity_stress,4,16,identity_stress__prompt_heldout,random_tangent,1.2,late,0.175,0.8076923076923077,0.2210418061258172,1.0,1.0,-2.4297898362339754,0.11439307364821051,-0.0656811889399259,0.15765560755477062,0.08476321836855649,1,1,1,1,1,1,1
spiral_out_hltd_closed_loop_identity02_prompt_heldout_branch_surface_l4_5_7_k12_16_24_a04_08_12_s0_19,identity_stress,4,16,identity_stress__prompt_heldout,random_tangent,1.2,middle,0.0,,,,,,,,,,1,0,0,0,0,0,0
spiral_out_hltd_closed_loop_identity02_prompt_heldout_branch_surface_l4_5_7_k12_16_24_a04_08_12_s0_19,identity_stress,4,24,identity_stress__prompt_heldout,baseline,0.0,all,1.0,0.25806451612903225,0.27359333448265505,0.0,0.0,-1.1828958905867246,,,,,1,1,0,0,0,0,0
spiral_out_hltd_closed_loop_identity02_prompt_heldout_branch_surface_l4_5_7_k12_16_24_a04_08_12_s0_19,identity_stress,4,24,identity_stress__prompt_heldout,baseline,0.0,early,1.0,0.25806451612903225,0.27359333448265505,0.0,0.0,-1.1828958905867246,,,,,1,1,0,0,0,0,0
spiral_out_hltd_closed_loop_identity02_prompt_heldout_branch_surface_l4_5_7_k12_16_24_a04_08_12_s0_19,identity_stress,4,24,identity_stress__prompt_heldout,baseline,0.0,late,0.0,,,,,,,,,,1,0,0,0,0,0,0
spiral_out_hltd_closed_loop_identity02_prompt_heldout_branch_surface_l4_5_7_k12_16_24_a04_08_12_s0_19,identity_stress,4,24,identity_stress__prompt_heldout,baseline,0.0,middle,0.0,,,,,,,,,,1,0,0,0,0,0,0
spiral_out_hltd_closed_loop_identity02_prompt_heldout_branch_surface_l4_5_7_k12_16_24_a04_08_12_s0_19,identity_stress,4,24,identity_stress__prompt_heldout,coexact,0.4,all,1.0,0.3951612903225806,0.24343503932755356,1.0,0.5,-1.2164246591346135,0.08095385076603698,-0.01787553145186036,0.07319223434201373,0.002698839583809454,1,1,1,1,1,1,1
spiral_out_hltd_closed_loop_identity02_prompt_heldout_branch_surface_l4_5_7_k12_16_24_a04_08_12_s0_19,identity_stress,4,24,identity_stress__prompt_heldout,coexact,0.4,early,0.75,0.25806451612903225,0.24965891884367064,1.0,0.3333333333333333,-0.9068906867169394,0.12967965326700612,-0.018420552958356016,0.08637264381771077,0.0024758464565502723,1,1,1,1,1,1,1
spiral_out_hltd_closed_loop_identity02_prompt_heldout_branch_surface_l4_5_7_k12_16_24_a04_08_12_s0_19,identity_stress,4,24,identity_stress__prompt_heldout,coexact,0.4,late,0.25,0.8064516129032258,0.2247634007792023,1.0,1.0,-2.145026576387636,-0.0652235567368704,-0.0162404669323734,0.0336510059149226,0.003367818965587,1,1,1,1,1,1,1
spiral_out_hltd_closed_loop_identity02_prompt_heldout_branch_surface_l4_5_7_k12_16_24_a04_08_12_s0_19,identity_stress,4,24,identity_stress__prompt_heldout,coexact,0.4,middle,0.0,,,,,,,,,,1,0,0,0,0,0,0
spiral_out_hltd_closed_loop_identity02_prompt_heldout_branch_surface_l4_5_7_k12_16_24_a04_08_12_s0_19,identity_stress,4,24,identity_stress__prompt_heldout,coexact,0.8,all,1.0,0.3951612903225806,0.24343503932755356,1.0,0.5,-1.2164246591346135,0.18993186869234058,-0.07277321216261252,0.20670841890032,0.014616059401113102,1,1,1,1,1,1,1
spiral_out_hltd_closed_loop_identity02_prompt_heldout_branch_surface_l4_5_7_k12_16_24_a04_08_12_s0_19,identity_stress,4,24,identity_stress__prompt_heldout,coexact,0.8,early,0.75,0.25806451612903225,0.24965891884367064,1.0,0.3333333333333333,-0.9068906867169394,0.30689705392658934,-0.06108080351304083,0.22340100029453783,0.014190961793818102,1,1,1,1,1,1,1
spiral_out_hltd_closed_loop_identity02_prompt_heldout_branch_surface_l4_5_7_k12_16_24_a04_08_12_s0_19,identity_stress,4,24,identity_stress__prompt_heldout,coexact,0.8,late,0.25,0.8064516129032258,0.2247634007792023,1.0,1.0,-2.145026576387636,-0.1609636870104056,-0.1078504381113276,0.1566306747176664,0.0158913522229981,1,1,1,1,1,1,1
spiral_out_hltd_closed_loop_identity02_prompt_heldout_branch_surface_l4_5_7_k12_16_24_a04_08_12_s0_19,identity_stress,4,24,identity_stress__prompt_heldout,coexact,0.8,middle,0.0,,,,,,,,,,1,0,0,0,0,0,0
spiral_out_hltd_closed_loop_identity02_prompt_heldout_branch_surface_l4_5_7_k12_16_24_a04_08_12_s0_19,identity_stress,4,24,identity_stress__prompt_heldout,coexact,1.2,all,1.0,0.3951612903225806,0.24343503932755356,1.0,0.5,-1.2164246591346135,0.3439263347252586,-0.1695273745931161,0.4184496756249062,0.049700488102871344,1,1,1,1,1,1,1
spiral_out_hltd_closed_loop_identity02_prompt_heldout_branch_surface_l4_5_7_k12_16_24_a04_08_12_s0_19,identity_stress,4,24,identity_stress__prompt_heldout,coexact,1.2,early,0.75,0.25806451612903225,0.24965891884367064,1.0,0.3333333333333333,-0.9068906867169394,0.5539785342875311,-0.1421098162652328,0.4441866806542764,0.049262674970243926,1,1,1,1,1,1,1
spiral_out_hltd_closed_loop_identity02_prompt_heldout_branch_surface_l4_5_7_k12_16_24_a04_08_12_s0_19,identity_stress,4,24,identity_stress__prompt_heldout,coexact,1.2,late,0.25,0.8064516129032258,0.2247634007792023,1.0,1.0,-2.145026576387636,-0.286230263961559,-0.2517800495767659,0.3412386605367956,0.0510139275007536,1,1,1,1,1,1,1
spiral_out_hltd_closed_loop_identity02_prompt_heldout_branch_surface_l4_5_7_k12_16_24_a04_08_12_s0_19,identity_stress,4,24,identity_stress__prompt_heldout,coexact,1.2,middle,0.0,,,,,,,,,,1,0,0,0,0,0,0
spiral_out_hltd_closed_loop_identity02_prompt_heldout_branch_surface_l4_5_7_k12_16_24_a04_08_12_s0_19,identity_stress,4,24,identity_stress__prompt_heldout,coexact_minus_presence,0.4,all,1.0,0.3951612903225806,0.24343503932755356,1.0,0.5,-1.2164246591346135,-0.015690920852144297,0.024967313197350877,0.008299762149007399,0.00372580655976847,1,1,1,1,1,1,1
spiral_out_hltd_closed_loop_identity02_prompt_heldout_branch_surface_l4_5_7_k12_16_24_a04_08_12_s0_19,identity_stress,4,24,identity_stress__prompt_heldout,coexact_minus_presence,0.4,early,0.75,0.25806451612903225,0.24965891884367064,1.0,0.3333333333333333,-0.9068906867169394,-0.021591871787947498,3.7707741635500946e-05,0.05640619919554607,0.003585526810246227,1,1,1,1,1,1,1
spiral_out_hltd_closed_loop_identity02_prompt_heldout_branch_surface_l4_5_7_k12_16_24_a04_08_12_s0_19,identity_stress,4,24,identity_stress__prompt_heldout,coexact_minus_presence,0.4,late,0.25,0.8064516129032258,0.2247634007792023,1.0,1.0,-2.145026576387636,0.0020119319552653,0.099756129564497,-0.1360195489906086,0.0041466458083352,1,1,1,1,1,1,1
spiral_out_hltd_closed_loop_identity02_prompt_heldout_branch_surface_l4_5_7_k12_16_24_a04_08_12_s0_19,identity_stress,4,24,identity_stress__prompt_heldout,coexact_minus_presence,0.4,middle,0.0,,,,,,,,,,1,0,0,0,0,0,0
spiral_out_hltd_closed_loop_identity02_prompt_heldout_branch_surface_l4_5_7_k12_16_24_a04_08_12_s0_19,identity_stress,4,24,identity_stress__prompt_heldout,coexact_minus_presence,0.8,all,1.0,0.25806451612903225,0.27359333448265505,1.0,0.0,-1.1828958905867246,-0.05899943827413745,-0.04400292674199948,0.16887303899041245,0.02374995856564695,1,1,1,1,1,1,1
spiral_out_hltd_closed_loop_identity02_prompt_heldout_branch_surface_l4_5_7_k12_16_24_a04_08_12_s0_19,identity_stress,4,24,identity_stress__prompt_heldout,coexact_minus_presence,0.8,early,1.0,0.25806451612903225,0.27359333448265505,1.0,0.0,-1.1828958905867246,-0.05899943827413745,-0.04400292674199948,0.16887303899041245,0.02374995856564695,1,1,1,1,1,1,1
spiral_out_hltd_closed_loop_identity02_prompt_heldout_branch_surface_l4_5_7_k12_16_24_a04_08_12_s0_19,identity_stress,4,24,identity_stress__prompt_heldout,coexact_minus_presence,0.8,late,0.0,,,,,,,,,,1,0,0,0,0,0,0
spiral_out_hltd_closed_loop_identity02_prompt_heldout_branch_surface_l4_5_7_k12_16_24_a04_08_12_s0_19,identity_stress,4,24,identity_stress__prompt_heldout,coexact_minus_presence,0.8,middle,0.0,,,,,,,,,,1,0,0,0,0,0,0
spiral_out_hltd_closed_loop_identity02_prompt_heldout_branch_surface_l4_5_7_k12_16_24_a04_08_12_s0_19,identity_stress,4,24,identity_stress__prompt_heldout,coexact_minus_presence,1.2,all,1.0,0.25806451612903225,0.27359333448265505,1.0,0.25,-1.2348215497664121,-0.00700539469184315,-0.12183354745095441,0.44051443195634393,0.07749838820677148,1,1,1,1,1,1,1
spiral_out_hltd_closed_loop_identity02_prompt_heldout_branch_surface_l4_5_7_k12_16_24_a04_08_12_s0_19,identity_stress,4,24,identity_stress__prompt_heldout,coexact_minus_presence,1.2,early,1.0,0.25806451612903225,0.27359333448265505,1.0,0.25,-1.2348215497664121,-0.00700539469184315,-0.12183354745095441,0.44051443195634393,0.07749838820677148,1,1,1,1,1,1,1
spiral_out_hltd_closed_loop_identity02_prompt_heldout_branch_surface_l4_5_7_k12_16_24_a04_08_12_s0_19,identity_stress,4,24,identity_stress__prompt_heldout,coexact_minus_presence,1.2,late,0.0,,,,,,,,,,1,0,0,0,0,0,0
spiral_out_hltd_closed_loop_identity02_prompt_heldout_branch_surface_l4_5_7_k12_16_24_a04_08_12_s0_19,identity_stress,4,24,identity_stress__prompt_heldout,coexact_minus_presence,1.2,middle,0.0,,,,,,,,,,1,0,0,0,0,0,0
spiral_out_hltd_closed_loop_identity02_prompt_heldout_branch_surface_l4_5_7_k12_16_24_a04_08_12_s0_19,identity_stress,4,24,identity_stress__prompt_heldout,negative_coexact,0.4,all,1.0,0.25806451612903225,0.27359333448265505,1.0,0.0,-1.1828958905867246,-0.13335668143059282,0.014849591836028953,-0.04197879315667133,0.0018522562676749903,1,1,1,1,1,1,1
spiral_out_hltd_closed_loop_identity02_prompt_heldout_branch_surface_l4_5_7_k12_16_24_a04_08_12_s0_19,identity_stress,4,24,identity_stress__prompt_heldout,negative_coexact,0.4,early,1.0,0.25806451612903225,0.27359333448265505,1.0,0.0,-1.1828958905867246,-0.13335668143059282,0.014849591836028953,-0.04197879315667133,0.0018522562676749903,1,1,1,1,1,1,1
spiral_out_hltd_closed_loop_identity02_prompt_heldout_branch_surface_l4_5_7_k12_16_24_a04_08_12_s0_19,identity_stress,4,24,identity_stress__prompt_heldout,negative_coexact,0.4,late,0.0,,,,,,,,,,1,0,0,0,0,0,0
spiral_out_hltd_closed_loop_identity02_prompt_heldout_branch_surface_l4_5_7_k12_16_24_a04_08_12_s0_19,identity_stress,4,24,identity_stress__prompt_heldout,negative_coexact,0.4,middle,0.0,,,,,,,,,,1,0,0,0,0,0,0
spiral_out_hltd_closed_loop_identity02_prompt_heldout_branch_surface_l4_5_7_k12_16_24_a04_08_12_s0_19,identity_stress,4,24,identity_stress__prompt_heldout,negative_coexact,0.8,all,1.0,0.25806451612903225,0.27359333448265505,1.0,0.25,-1.2348215497664121,-0.2132098768559833,0.04824480071688342,-0.03980820271199615,0.009097362115361964,1,1,1,1,1,1,1
spiral_out_hltd_closed_loop_identity02_prompt_heldout_branch_surface_l4_5_7_k12_16_24_a04_08_12_s0_19,identity_stress,4,24,identity_stress__prompt_heldout,negative_coexact,0.8,early,1.0,0.25806451612903225,0.27359333448265505,1.0,0.25,-1.2348215497664121,-0.2132098768559833,0.04824480071688342,-0.03980820271199615,0.009097362115361964,1,1,1,1,1,1,1
spiral_out_hltd_closed_loop_identity02_prompt_heldout_branch_surface_l4_5_7_k12_16_24_a04_08_12_s0_19,identity_stress,4,24,identity_stress__prompt_heldout,negative_coexact,0.8,late,0.0,,,,,,,,,,1,0,0,0,0,0,0
spiral_out_hltd_closed_loop_identity02_prompt_heldout_branch_surface_l4_5_7_k12_16_24_a04_08_12_s0_19,identity_stress,4,24,identity_stress__prompt_heldout,negative_coexact,0.8,middle,0.0,,,,,,,,,,1,0,0,0,0,0,0
spiral_out_hltd_closed_loop_identity02_prompt_heldout_branch_surface_l4_5_7_k12_16_24_a04_08_12_s0_19,identity_stress,4,24,identity_stress__prompt_heldout,negative_coexact,1.2,all,1.0,0.25806451612903225,0.27359333448265505,1.0,0.25,-1.2348215497664121,-0.2407086319544036,0.09198519271837924,0.004496387278037181,0.02541265628856503,1,1,1,1,1,1,1
spiral_out_hltd_closed_loop_identity02_prompt_heldout_branch_surface_l4_5_7_k12_16_24_a04_08_12_s0_19,identity_stress,4,24,identity_stress__prompt_heldout,negative_coexact,1.2,early,1.0,0.25806451612903225,0.27359333448265505,1.0,0.25,-1.2348215497664121,-0.2407086319544036,0.09198519271837924,0.004496387278037181,0.02541265628856503,1,1,1,1,1,1,1
spiral_out_hltd_closed_loop_identity02_prompt_heldout_branch_surface_l4_5_7_k12_16_24_a04_08_12_s0_19,identity_stress,4,24,identity_stress__prompt_heldout,negative_coexact,1.2,late,0.0,,,,,,,,,,1,0,0,0,0,0,0
spiral_out_hltd_closed_loop_identity02_prompt_heldout_branch_surface_l4_5_7_k12_16_24_a04_08_12_s0_19,identity_stress,4,24,identity_stress__prompt_heldout,negative_coexact,1.2,middle,0.0,,,,,,,,,,1,0,0,0,0,0,0
spiral_out_hltd_closed_loop_identity02_prompt_heldout_branch_surface_l4_5_7_k12_16_24_a04_08_12_s0_19,identity_stress,4,24,identity_stress__prompt_heldout,presence,0.4,all,1.0,0.3951612903225806,0.24343503932755356,1.0,0.5,-1.2164246591346135,0.03671589943615873,-0.04751638640225761,0.06316592597371923,0.0023048659074535196,1,1,1,1,1,1,1
spiral_out_hltd_closed_loop_identity02_prompt_heldout_branch_surface_l4_5_7_k12_16_24_a04_08_12_s0_19,identity_stress,4,24,identity_stress__prompt_heldout,presence,0.4,early,0.75,0.25806451612903225,0.24965891884367064,1.0,0.3333333333333333,-0.9068906867169394,0.06945598268841914,-0.027957561748938986,0.03901031809429107,0.0018819089125897929,1,1,1,1,1,1,1
spiral_out_hltd_closed_loop_identity02_prompt_heldout_branch_surface_l4_5_7_k12_16_24_a04_08_12_s0_19,identity_stress,4,24,identity_stress__prompt_heldout,presence,0.4,late,0.25,0.8064516129032258,0.2247634007792023,1.0,1.0,-2.145026576387636,-0.0615043503206225,-0.1061928603622135,0.1356327496120037,0.0035737368920447,1,1,1,1,1,1,1
spiral_out_hltd_closed_loop_identity02_prompt_heldout_branch_surface_l4_5_7_k12_16_24_a04_08_12_s0_19,identity_stress,4,24,identity_stress__prompt_heldout,presence,0.4,middle,0.0,,,,,,,,,,1,0,0,0,0,0,0
spiral_out_hltd_closed_loop_identity02_prompt_heldout_branch_surface_l4_5_7_k12_16_24_a04_08_12_s0_19,identity_stress,4,24,identity_stress__prompt_heldout,presence,0.8,all,1.0,0.3951612903225806,0.24343503932755356,1.0,0.5,-1.2164246591346135,0.06476941545860315,-0.11735159542158512,0.1630511334303968,0.01154544456569356,1,1,1,1,1,1,1
spiral_out_hltd_closed_loop_identity02_prompt_heldout_branch_surface_l4_5_7_k12_16_24_a04_08_12_s0_19,identity_stress,4,24,identity_stress__prompt_heldout,presence,0.8,early,0.75,0.25806451612903225,0.24965891884367064,1.0,0.3333333333333333,-0.9068906867169394,0.13294323910892913,-0.060607151364256595,0.11688169523862336,0.008548128473960748,1,1,1,1,1,1,1
spiral_out_hltd_closed_loop_identity02_prompt_heldout_branch_surface_l4_5_7_k12_16_24_a04_08_12_s0_19,identity_stress,4,24,identity_stress__prompt_heldout,presence,0.8,late,0.25,0.8064516129032258,0.2247634007792023,1.0,1.0,-2.145026576387636,-0.1397520554923748,-0.2875849275935707,0.3015594480057171,0.020537392840892,1,1,1,1,1,1,1
spiral_out_hltd_closed_loop_identity02_prompt_heldout_branch_surface_l4_5_7_k12_16_24_a04_08_12_s0_19,identity_stress,4,24,identity_stress__prompt_heldout,presence,0.8,middle,0.0,,,,,,,,,,1,0,0,0,0,0,0
spiral_out_hltd_closed_loop_identity02_prompt_heldout_branch_surface_l4_5_7_k12_16_24_a04_08_12_s0_19,identity_stress,4,24,identity_stress__prompt_heldout,presence,1.2,all,1.0,0.3951612903225806,0.24343503932755356,1.0,0.5,-1.2164246591346135,0.12065955691051049,-0.25005041297258757,0.3045466255531556,0.03820540471922049,1,1,1,1,1,1,1
spiral_out_hltd_closed_loop_identity02_prompt_heldout_branch_surface_l4_5_7_k12_16_24_a04_08_12_s0_19,identity_stress,4,24,identity_stress__prompt_heldout,presence,1.2,early,0.75,0.25806451612903225,0.24965891884367064,1.0,0.3333333333333333,-0.9068906867169394,0.2536399741634004,-0.10236713047470873,0.22546416278972814,0.023760171688521587,1,1,1,1,1,1,1
spiral_out_hltd_closed_loop_identity02_prompt_heldout_branch_surface_l4_5_7_k12_16_24_a04_08_12_s0_19,identity_stress,4,24,identity_stress__prompt_heldout,presence,1.2,late,0.25,0.8064516129032258,0.2247634007792023,1.0,1.0,-2.145026576387636,-0.2782816948481592,-0.693100260466224,0.5417940138434378,0.0815411038113172,1,1,1,1,1,1,1
spiral_out_hltd_closed_loop_identity02_prompt_heldout_branch_surface_l4_5_7_k12_16_24_a04_08_12_s0_19,identity_stress,4,24,identity_stress__prompt_heldout,presence,1.2,middle,0.0,,,,,,,,,,1,0,0,0,0,0,0
spiral_out_hltd_closed_loop_identity02_prompt_heldout_branch_surface_l4_5_7_k12_16_24_a04_08_12_s0_19,identity_stress,4,24,identity_stress__prompt_heldout,presence_plus_coexact,0.4,all,1.0,0.3951612903225806,0.24343503932755356,1.0,0.5,-1.2164246591346135,0.09942930455927909,-0.04466301184822536,0.07764465671377227,0.002310615395972187,1,1,1,1,1,1,1
spiral_out_hltd_closed_loop_identity02_prompt_heldout_branch_surface_l4_5_7_k12_16_24_a04_08_12_s0_19,identity_stress,4,24,identity_stress__prompt_heldout,presence_plus_coexact,0.4,early,0.75,0.25806451612903225,0.24965891884367064,1.0,0.3333333333333333,-0.9068906867169394,0.15486037791399626,-0.039830708014306944,0.07335437185816927,0.001957751120265116,1,1,1,1,1,1,1
spiral_out_hltd_closed_loop_identity02_prompt_heldout_branch_surface_l4_5_7_k12_16_24_a04_08_12_s0_19,identity_stress,4,24,identity_stress__prompt_heldout,presence_plus_coexact,0.4,late,0.25,0.8064516129032258,0.2247634007792023,1.0,1.0,-2.145026576387636,-0.0668639155048724,-0.0591599233499806,0.0905155112805813,0.0033692082230934,1,1,1,1,1,1,1
spiral_out_hltd_closed_loop_identity02_prompt_heldout_branch_surface_l4_5_7_k12_16_24_a04_08_12_s0_19,identity_stress,4,24,identity_stress__prompt_heldout,presence_plus_coexact,0.4,middle,0.0,,,,,,,,,,1,0,0,0,0,0,0
spiral_out_hltd_closed_loop_identity02_prompt_heldout_branch_surface_l4_5_7_k12_16_24_a04_08_12_s0_19,identity_stress,4,24,identity_stress__prompt_heldout,presence_plus_coexact,0.8,all,1.0,0.3951612903225806,0.24343503932755356,1.0,0.5,-1.2164246591346135,0.1720482341106644,-0.11068776758033748,0.1763553524430574,0.011027767673757788,1,1,1,1,1,1,1
spiral_out_hltd_closed_loop_identity02_prompt_heldout_branch_surface_l4_5_7_k12_16_24_a04_08_12_s0_19,identity_stress,4,24,identity_stress__prompt_heldout,presence_plus_coexact,0.8,early,0.75,0.25806451612903225,0.24965891884367064,1.0,0.3333333333333333,-0.9068906867169394,0.28072692829575097,-0.08804386618205247,0.15720802392923258,0.008372873293769451,1,1,1,1,1,1,1
spiral_out_hltd_closed_loop_identity02_prompt_heldout_branch_surface_l4_5_7_k12_16_24_a04_08_12_s0_19,identity_stress,4,24,identity_stress__prompt_heldout,presence_plus_coexact,0.8,late,0.25,0.8064516129032258,0.2247634007792023,1.0,1.0,-2.145026576387636,-0.1539878484445953,-0.1786194717751925,0.2337973379845319,0.0189924508137228,1,1,1,1,1,1,1
spiral_out_hltd_closed_loop_identity02_prompt_heldout_branch_surface_l4_5_7_k12_16_24_a04_08_12_s0_19,identity_stress,4,24,identity_stress__prompt_heldout,presence_plus_coexact,0.8,middle,0.0,,,,,,,,,,1,0,0,0,0,0,0
spiral_out_hltd_closed_loop_identity02_prompt_heldout_branch_surface_l4_5_7_k12_16_24_a04_08_12_s0_19,identity_stress,4,24,identity_stress__prompt_heldout,presence_plus_coexact,1.2,all,1.0,0.3951612903225806,0.24343503932755356,1.0,0.5,-1.2164246591346135,0.22662600406245015,-0.2342084830269115,0.3142931488446403,0.03303900804200778,1,1,1,1,1,1,1
spiral_out_hltd_closed_loop_identity02_prompt_heldout_branch_surface_l4_5_7_k12_16_24_a04_08_12_s0_19,identity_stress,4,24,identity_stress__prompt_heldout,presence_plus_coexact,1.2,early,0.75,0.25806451612903225,0.24965891884367064,1.0,0.3333333333333333,-0.9068906867169394,0.39951410798288656,-0.14870337894176558,0.26136437847668953,0.022290680275916904,1,1,1,1,1,1,1
spiral_out_hltd_closed_loop_identity02_prompt_heldout_branch_surface_l4_5_7_k12_16_24_a04_08_12_s0_19,identity_stress,4,24,identity_stress__prompt_heldout,presence_plus_coexact,1.2,late,0.25,0.8064516129032258,0.2247634007792023,1.0,1.0,-2.145026576387636,-0.2920383076988591,-0.4907237952823493,0.4730794599484929,0.0652839913402804,1,1,1,1,1,1,1
spiral_out_hltd_closed_loop_identity02_prompt_heldout_branch_surface_l4_5_7_k12_16_24_a04_08_12_s0_19,identity_stress,4,24,identity_stress__prompt_heldout,presence_plus_coexact,1.2,middle,0.0,,,,,,,,,,1,0,0,0,0,0,0
spiral_out_hltd_closed_loop_identity02_prompt_heldout_branch_surface_l4_5_7_k12_16_24_a04_08_12_s0_19,identity_stress,4,24,identity_stress__prompt_heldout,random_tangent,0.4,all,1.0,0.319758064516129,0.2600221016628594,1.0,0.2375,-1.200580119392259,-0.014110916257282391,0.002789385138744645,0.016394455424077994,0.002493330313951546,1,1,1,1,1,1,1
spiral_out_hltd_closed_loop_identity02_prompt_heldout_branch_surface_l4_5_7_k12_16_24_a04_08_12_s0_19,identity_stress,4,24,identity_stress__prompt_heldout,random_tangent,0.4,early,0.8875,0.25806451612903225,0.2628228474451121,1.0,0.1625,-1.0612898318043056,-0.015914535850679097,0.007316594197338995,0.018048910246622855,0.002361285603605541,1,1,1,1,1,1,1
spiral_out_hltd_closed_loop_identity02_prompt_heldout_branch_surface_l4_5_7_k12_16_24_a04_08_12_s0_19,identity_stress,4,24,identity_stress__prompt_heldout,random_tangent,0.4,late,0.1125,0.8064516129032258,0.2247634007792023,1.0,1.0,-2.145026576387636,0.006358663330147868,-0.03547667946679348,0.011681032940115311,0.003649059270759411,1,1,1,1,1,1,1
spiral_out_hltd_closed_loop_identity02_prompt_heldout_branch_surface_l4_5_7_k12_16_24_a04_08_12_s0_19,identity_stress,4,24,identity_stress__prompt_heldout,random_tangent,0.4,middle,0.0,,,,,,,,,,1,0,0,0,0,0,0
spiral_out_hltd_closed_loop_identity02_prompt_heldout_branch_surface_l4_5_7_k12_16_24_a04_08_12_s0_19,identity_stress,4,24,identity_stress__prompt_heldout,random_tangent,0.8,all,1.0,0.32661290322580644,0.2585141869051043,1.0,0.2875,-1.2074491237376221,0.00939952891746614,-0.014744186909926427,0.09705814706725119,0.013751506411851508,1,1,1,1,1,1,1
spiral_out_hltd_closed_loop_identity02_prompt_heldout_branch_surface_l4_5_7_k12_16_24_a04_08_12_s0_19,identity_stress,4,24,identity_stress__prompt_heldout,random_tangent,0.8,early,0.875,0.25806451612903225,0.2616261266631629,1.0,0.20416666666666666,-1.0526821375287851,0.00868777017242256,-0.005174868000564813,0.10799279488752125,0.013475892434631043,1,1,1,1,1,1,1
spiral_out_hltd_closed_loop_identity02_prompt_heldout_branch_surface_l4_5_7_k12_16_24_a04_08_12_s0_19,identity_stress,4,24,identity_stress__prompt_heldout,random_tangent,0.8,late,0.125,0.8064516129032258,0.22476340077920226,1.0,1.0,-2.145026576387636,0.030140116731234727,-0.10599863263772846,0.05474630032223349,0.01761134436259531,1,1,1,1,1,1,1
spiral_out_hltd_closed_loop_identity02_prompt_heldout_branch_surface_l4_5_7_k12_16_24_a04_08_12_s0_19,identity_stress,4,24,identity_stress__prompt_heldout,random_tangent,0.8,middle,0.0,,,,,,,,,,1,0,0,0,0,0,0
spiral_out_hltd_closed_loop_identity02_prompt_heldout_branch_surface_l4_5_7_k12_16_24_a04_08_12_s0_19,identity_stress,4,24,identity_stress__prompt_heldout,random_tangent,1.2,all,1.0,0.3528225806451613,0.25069285992436563,1.0,0.3875,-1.8090619077046264,0.19846619686092448,0.4134345676958384,0.30999791909337926,0.216288932653092,1,1,1,1,1,1,1
spiral_out_hltd_closed_loop_identity02_prompt_heldout_branch_surface_l4_5_7_k12_16_24_a04_08_12_s0_19,identity_stress,4,24,identity_stress__prompt_heldout,random_tangent,1.2,early,0.825,0.25591397849462366,0.255510053919096,1.0,0.2958333333333333,-1.872940019810727,0.29350314853786297,0.6958824488934487,0.39994020011607173,0.3194900010871523,1,1,1,1,1,1,1
spiral_out_hltd_closed_loop_identity02_prompt_heldout_branch_surface_l4_5_7_k12_16_24_a04_08_12_s0_19,identity_stress,4,24,identity_stress__prompt_heldout,random_tangent,1.2,late,0.175,0.8076923076923077,0.2210418061258172,1.0,1.0,-2.4297898362339754,0.11439307364821051,-0.0656811889399259,0.15765560755477062,0.08476321836855649,1,1,1,1,1,1,1
spiral_out_hltd_closed_loop_identity02_prompt_heldout_branch_surface_l4_5_7_k12_16_24_a04_08_12_s0_19,identity_stress,4,24,identity_stress__prompt_heldout,random_tangent,1.2,middle,0.0,,,,,,,,,,1,0,0,0,0,0,0
spiral_out_hltd_closed_loop_identity02_prompt_heldout_branch_surface_l4_5_7_k12_16_24_a04_08_12_s0_19,identity_stress,5,12,identity_stress__prompt_heldout,baseline,0.0,all,1.0,0.25806451612903225,0.2870153854361005,0.0,0.0,-1.1828958905867246,,,,,1,1,0,0,0,0,0
spiral_out_hltd_closed_loop_identity02_prompt_heldout_branch_surface_l4_5_7_k12_16_24_a04_08_12_s0_19,identity_stress,5,12,identity_stress__prompt_heldout,baseline,0.0,early,1.0,0.25806451612903225,0.2870153854361005,0.0,0.0,-1.1828958905867246,,,,,1,1,0,0,0,0,0
spiral_out_hltd_closed_loop_identity02_prompt_heldout_branch_surface_l4_5_7_k12_16_24_a04_08_12_s0_19,identity_stress,5,12,identity_stress__prompt_heldout,baseline,0.0,late,0.0,,,,,,,,,,1,0,0,0,0,0,0
spiral_out_hltd_closed_loop_identity02_prompt_heldout_branch_surface_l4_5_7_k12_16_24_a04_08_12_s0_19,identity_stress,5,12,identity_stress__prompt_heldout,baseline,0.0,middle,0.0,,,,,,,,,,1,0,0,0,0,0,0
spiral_out_hltd_closed_loop_identity02_prompt_heldout_branch_surface_l4_5_7_k12_16_24_a04_08_12_s0_19,identity_stress,5,12,identity_stress__prompt_heldout,coexact,0.4,all,1.0,0.29838709677419356,0.26285056692558784,1.0,0.5,-1.2164246591346135,0.06537792537163753,0.007444475631928075,0.02215244812030117,0.0015311660957339252,1,1,1,1,1,1,1
spiral_out_hltd_closed_loop_identity02_prompt_heldout_branch_surface_l4_5_7_k12_16_24_a04_08_12_s0_19,identity_stress,5,12,identity_stress__prompt_heldout,coexact,0.4,early,0.75,0.25806451612903225,0.2614978684598237,1.0,0.3333333333333333,-0.9068906867169394,0.07534773196899987,-0.0012620244257087996,0.037961074603452896,0.0013648863919282,1,1,1,1,1,1,1
spiral_out_hltd_closed_loop_identity02_prompt_heldout_branch_surface_l4_5_7_k12_16_24_a04_08_12_s0_19,identity_stress,5,12,identity_stress__prompt_heldout,coexact,0.4,late,0.0,,,,,,,,,,1,0,0,0,0,0,0
spiral_out_hltd_closed_loop_identity02_prompt_heldout_branch_surface_l4_5_7_k12_16_24_a04_08_12_s0_19,identity_stress,5,12,identity_stress__prompt_heldout,coexact,0.4,middle,0.25,0.41935483870967744,0.2669086623228802,1.0,1.0,-2.145026576387636,0.0354685055795505,0.0335639758048387,-0.025273431329154,0.0020300052071511,1,1,1,1,1,1,1
spiral_out_hltd_closed_loop_identity02_prompt_heldout_branch_surface_l4_5_7_k12_16_24_a04_08_12_s0_19,identity_stress,5,12,identity_stress__prompt_heldout,coexact,0.8,all,1.0,0.29838709677419356,0.26285056692558784,1.0,0.5,-1.2164246591346135,0.16288241239222676,-0.001784349276277901,0.10487383861334033,0.009039285241295601,1,1,1,1,1,1,1
spiral_out_hltd_closed_loop_identity02_prompt_heldout_branch_surface_l4_5_7_k12_16_24_a04_08_12_s0_19,identity_stress,5,12,identity_stress__prompt_heldout,coexact,0.8,early,0.75,0.25806451612903225,0.2614978684598237,1.0,0.3333333333333333,-0.9068906867169394,0.20156198781336518,-0.000540099290949068,0.1299896510865928,0.009144137213997669,1,1,1,1,1,1,1
spiral_out_hltd_closed_loop_identity02_prompt_heldout_branch_surface_l4_5_7_k12_16_24_a04_08_12_s0_19,identity_stress,5,12,identity_stress__prompt_heldout,coexact,0.8,late,0.0,,,,,,,,,,1,0,0,0,0,0,0
spiral_out_hltd_closed_loop_identity02_prompt_heldout_branch_surface_l4_5_7_k12_16_24_a04_08_12_s0_19,identity_stress,5,12,identity_stress__prompt_heldout,coexact,0.8,middle,0.25,0.41935483870967744,0.2669086623228802,1.0,1.0,-2.145026576387636,0.0468436861288115,-0.0055170992322644,0.0295264011935829,0.0087247293231894,1,1,1,1,1,1,1
spiral_out_hltd_closed_loop_identity02_prompt_heldout_branch_surface_l4_5_7_k12_16_24_a04_08_12_s0_19,identity_stress,5,12,identity_stress__prompt_heldout,coexact,1.2,all,1.0,0.29838709677419356,0.26285056692558784,1.0,0.5,-1.2164246591346135,0.3567991782630915,-0.02479031917437875,0.22106854114812496,0.03466077477988425,1,1,1,1,1,1,1
spiral_out_hltd_closed_loop_identity02_prompt_heldout_branch_surface_l4_5_7_k12_16_24_a04_08_12_s0_19,identity_stress,5,12,identity_stress__prompt_heldout,coexact,1.2,early,0.75,0.25806451612903225,0.2614978684598237,1.0,0.3333333333333333,-0.9068906867169394,0.46000762377183574,-0.001899549007395233,0.24562752484600345,0.0371793708670384,1,1,1,1,1,1,1
spiral_out_hltd_closed_loop_identity02_prompt_heldout_branch_surface_l4_5_7_k12_16_24_a04_08_12_s0_19,identity_stress,5,12,identity_stress__prompt_heldout,coexact,1.2,late,0.0,,,,,,,,,,1,0,0,0,0,0,0
spiral_out_hltd_closed_loop_identity02_prompt_heldout_branch_surface_l4_5_7_k12_16_24_a04_08_12_s0_19,identity_stress,5,12,identity_stress__prompt_heldout,coexact,1.2,middle,0.25,0.41935483870967744,0.2669086623228802,1.0,1.0,-2.145026576387636,0.0471738417368587,-0.0934626296753293,0.1473915900544895,0.0271049865184218,1,1,1,1,1,1,1
spiral_out_hltd_closed_loop_identity02_prompt_heldout_branch_surface_l4_5_7_k12_16_24_a04_08_12_s0_19,identity_stress,5,12,identity_stress__prompt_heldout,coexact_minus_presence,0.4,all,1.0,0.29838709677419356,0.26285056692558784,1.0,0.5,-1.2164246591346135,0.025427456227911927,0.001161204215847574,0.05227065608016105,0.0028251835049605,1,1,1,1,1,1,1
spiral_out_hltd_closed_loop_identity02_prompt_heldout_branch_surface_l4_5_7_k12_16_24_a04_08_12_s0_19,identity_stress,5,12,identity_stress__prompt_heldout,coexact_minus_presence,0.4,early,0.75,0.25806451612903225,0.2614978684598237,1.0,0.3333333333333333,-0.9068906867169394,0.026020960630522866,0.009108357772741299,0.0539609747177029,0.0028263100248690667,1,1,1,1,1,1,1
spiral_out_hltd_closed_loop_identity02_prompt_heldout_branch_surface_l4_5_7_k12_16_24_a04_08_12_s0_19,identity_stress,5,12,identity_stress__prompt_heldout,coexact_minus_presence,0.4,late,0.0,,,,,,,,,,1,0,0,0,0,0,0
spiral_out_hltd_closed_loop_identity02_prompt_heldout_branch_surface_l4_5_7_k12_16_24_a04_08_12_s0_19,identity_stress,5,12,identity_stress__prompt_heldout,coexact_minus_presence,0.4,middle,0.25,0.41935483870967744,0.2669086623228802,1.0,1.0,-2.145026576387636,0.0236469430200791,-0.0226802564548336,0.0471997001675355,0.0028218039452348,1,1,1,1,1,1,1
spiral_out_hltd_closed_loop_identity02_prompt_heldout_branch_surface_l4_5_7_k12_16_24_a04_08_12_s0_19,identity_stress,5,12,identity_stress__prompt_heldout,coexact_minus_presence,0.8,all,1.0,0.29838709677419356,0.26285056692558784,1.0,0.5,-1.2164246591346135,0.11211604167420572,-0.044301573956815304,0.21001130525590828,0.0203334343112375,1,1,1,1,1,1,1
spiral_out_hltd_closed_loop_identity02_prompt_heldout_branch_surface_l4_5_7_k12_16_24_a04_08_12_s0_19,identity_stress,5,12,identity_stress__prompt_heldout,coexact_minus_presence,0.8,early,0.75,0.25806451612903225,0.2614978684598237,1.0,0.3333333333333333,-0.9068906867169394,0.13699193651442934,-0.007441867533084202,0.21397043933443202,0.021890721519617667,1,1,1,1,1,1,1
spiral_out_hltd_closed_loop_identity02_prompt_heldout_branch_surface_l4_5_7_k12_16_24_a04_08_12_s0_19,identity_stress,5,12,identity_stress__prompt_heldout,coexact_minus_presence,0.8,late,0.0,,,,,,,,,,1,0,0,0,0,0,0
spiral_out_hltd_closed_loop_identity02_prompt_heldout_branch_surface_l4_5_7_k12_16_24_a04_08_12_s0_19,identity_stress,5,12,identity_stress__prompt_heldout,coexact_minus_presence,0.8,middle,0.25,0.41935483870967744,0.2669086623228802,1.0,1.0,-2.145026576387636,0.0374883571535349,-0.1548806932280086,0.198133903020337,0.015661572686097,1,1,1,1,1,1,1
spiral_out_hltd_closed_loop_identity02_prompt_heldout_branch_surface_l4_5_7_k12_16_24_a04_08_12_s0_19,identity_stress,5,12,identity_stress__prompt_heldout,coexact_minus_presence,1.2,all,1.0,0.29838709677419356,0.26285056692558784,1.0,0.5,-1.2164246591346135,0.3548975394371787,-0.13166972315154973,0.4032747892107603,0.06242496279260128,1,1,1,1,1,1,1
spiral_out_hltd_closed_loop_identity02_prompt_heldout_branch_surface_l4_5_7_k12_16_24_a04_08_12_s0_19,identity_stress,5,12,identity_stress__prompt_heldout,coexact_minus_presence,1.2,early,0.75,0.25806451612903225,0.2614978684598237,1.0,0.3333333333333333,-0.9068906867169394,0.44381376244762255,-0.0552946021881221,0.40488365850775915,0.06719354589895866,1,1,1,1,1,1,1
spiral_out_hltd_closed_loop_identity02_prompt_heldout_branch_surface_l4_5_7_k12_16_24_a04_08_12_s0_19,identity_stress,5,12,identity_stress__prompt_heldout,coexact_minus_presence,1.2,late,0.0,,,,,,,,,,1,0,0,0,0,0,0
spiral_out_hltd_closed_loop_identity02_prompt_heldout_branch_surface_l4_5_7_k12_16_24_a04_08_12_s0_19,identity_stress,5,12,identity_stress__prompt_heldout,coexact_minus_presence,1.2,middle,0.25,0.41935483870967744,0.2669086623228802,1.0,1.0,-2.145026576387636,0.0881488704058472,-0.3607950860418327,0.3984481813197638,0.0481192134735291,1,1,1,1,1,1,1
spiral_out_hltd_closed_loop_identity02_prompt_heldout_branch_surface_l4_5_7_k12_16_24_a04_08_12_s0_19,identity_stress,5,12,identity_stress__prompt_heldout,negative_coexact,0.4,all,1.0,0.25806451612903225,0.2870153854361005,1.0,0.0,-1.1828958905867246,-0.05525035912343235,0.01173760459960604,-0.0103643531836183,0.0027872990671704,1,1,1,1,1,1,1
spiral_out_hltd_closed_loop_identity02_prompt_heldout_branch_surface_l4_5_7_k12_16_24_a04_08_12_s0_19,identity_stress,5,12,identity_stress__prompt_heldout,negative_coexact,0.4,early,1.0,0.25806451612903225,0.2870153854361005,1.0,0.0,-1.1828958905867246,-0.05525035912343235,0.01173760459960604,-0.0103643531836183,0.0027872990671704,1,1,1,1,1,1,1
spiral_out_hltd_closed_loop_identity02_prompt_heldout_branch_surface_l4_5_7_k12_16_24_a04_08_12_s0_19,identity_stress,5,12,identity_stress__prompt_heldout,negative_coexact,0.4,late,0.0,,,,,,,,,,1,0,0,0,0,0,0
spiral_out_hltd_closed_loop_identity02_prompt_heldout_branch_surface_l4_5_7_k12_16_24_a04_08_12_s0_19,identity_stress,5,12,identity_stress__prompt_heldout,negative_coexact,0.4,middle,0.0,,,,,,,,,,1,0,0,0,0,0,0
spiral_out_hltd_closed_loop_identity02_prompt_heldout_branch_surface_l4_5_7_k12_16_24_a04_08_12_s0_19,identity_stress,5,12,identity_stress__prompt_heldout,negative_coexact,0.8,all,1.0,0.25806451612903225,0.2870153854361005,1.0,0.0,-1.1828958905867246,-0.12063141323490933,-0.02113526701128165,0.0763861924885313,0.016243908954011024,1,1,1,1,1,1,1
spiral_out_hltd_closed_loop_identity02_prompt_heldout_branch_surface_l4_5_7_k12_16_24_a04_08_12_s0_19,identity_stress,5,12,identity_stress__prompt_heldout,negative_coexact,0.8,early,1.0,0.25806451612903225,0.2870153854361005,1.0,0.0,-1.1828958905867246,-0.12063141323490933,-0.02113526701128165,0.0763861924885313,0.016243908954011024,1,1,1,1,1,1,1
spiral_out_hltd_closed_loop_identity02_prompt_heldout_branch_surface_l4_5_7_k12_16_24_a04_08_12_s0_19,identity_stress,5,12,identity_stress__prompt_heldout,negative_coexact,0.8,late,0.0,,,,,,,,,,1,0,0,0,0,0,0
spiral_out_hltd_closed_loop_identity02_prompt_heldout_branch_surface_l4_5_7_k12_16_24_a04_08_12_s0_19,identity_stress,5,12,identity_stress__prompt_heldout,negative_coexact,0.8,middle,0.0,,,,,,,,,,1,0,0,0,0,0,0
spiral_out_hltd_closed_loop_identity02_prompt_heldout_branch_surface_l4_5_7_k12_16_24_a04_08_12_s0_19,identity_stress,5,12,identity_stress__prompt_heldout,negative_coexact,1.2,all,1.0,0.29838709677419356,0.26285056692558784,1.0,0.5,-1.2164246591346135,0.07764554712290697,-0.17133012834707273,0.2818305428228254,0.04769128121882553,1,1,1,1,1,1,1
spiral_out_hltd_closed_loop_identity02_prompt_heldout_branch_surface_l4_5_7_k12_16_24_a04_08_12_s0_19,identity_stress,5,12,identity_stress__prompt_heldout,negative_coexact,1.2,early,0.75,0.25806451612903225,0.2614978684598237,1.0,0.3333333333333333,-0.9068906867169394,0.1389957011774049,-0.05267334639099867,0.21833723175675335,0.04681351352458577,1,1,1,1,1,1,1
spiral_out_hltd_closed_loop_identity02_prompt_heldout_branch_surface_l4_5_7_k12_16_24_a04_08_12_s0_19,identity_stress,5,12,identity_stress__prompt_heldout,negative_coexact,1.2,late,0.0,,,,,,,,,,1,0,0,0,0,0,0
spiral_out_hltd_closed_loop_identity02_prompt_heldout_branch_surface_l4_5_7_k12_16_24_a04_08_12_s0_19,identity_stress,5,12,identity_stress__prompt_heldout,negative_coexact,1.2,middle,0.25,0.41935483870967744,0.2669086623228802,1.0,1.0,-2.145026576387636,-0.1064049150405868,-0.5273004742152949,0.4723104760210415,0.0503245843015448,1,1,1,1,1,1,1
spiral_out_hltd_closed_loop_identity02_prompt_heldout_branch_surface_l4_5_7_k12_16_24_a04_08_12_s0_19,identity_stress,5,12,identity_stress__prompt_heldout,presence,0.4,all,1.0,0.25806451612903225,0.2870153854361005,1.0,0.0,-1.1828958905867246,0.06917377630862065,0.007347351564121102,-0.00193333773906465,0.0020299994876151663,1,1,1,1,1,1,1
spiral_out_hltd_closed_loop_identity02_prompt_heldout_branch_surface_l4_5_7_k12_16_24_a04_08_12_s0_19,identity_stress,5,12,identity_stress__prompt_heldout,presence,0.4,early,1.0,0.25806451612903225,0.2870153854361005,1.0,0.0,-1.1828958905867246,0.06917377630862065,0.007347351564121102,-0.00193333773906465,0.0020299994876151663,1,1,1,1,1,1,1
spiral_out_hltd_closed_loop_identity02_prompt_heldout_branch_surface_l4_5_7_k12_16_24_a04_08_12_s0_19,identity_stress,5,12,identity_stress__prompt_heldout,presence,0.4,late,0.0,,,,,,,,,,1,0,0,0,0,0,0
spiral_out_hltd_closed_loop_identity02_prompt_heldout_branch_surface_l4_5_7_k12_16_24_a04_08_12_s0_19,identity_stress,5,12,identity_stress__prompt_heldout,presence,0.4,middle,0.0,,,,,,,,,,1,0,0,0,0,0,0
spiral_out_hltd_closed_loop_identity02_prompt_heldout_branch_surface_l4_5_7_k12_16_24_a04_08_12_s0_19,identity_stress,5,12,identity_stress__prompt_heldout,presence,0.8,all,1.0,0.25806451612903225,0.2870153854361005,1.0,0.0,-1.1828958905867246,0.1278334682448232,-0.006449475605251101,0.04303441217686893,0.008281016537973945,1,1,1,1,1,1,1
spiral_out_hltd_closed_loop_identity02_prompt_heldout_branch_surface_l4_5_7_k12_16_24_a04_08_12_s0_19,identity_stress,5,12,identity_stress__prompt_heldout,presence,0.8,early,1.0,0.25806451612903225,0.2870153854361005,1.0,0.0,-1.1828958905867246,0.1278334682448232,-0.006449475605251101,0.04303441217686893,0.008281016537973945,1,1,1,1,1,1,1
spiral_out_hltd_closed_loop_identity02_prompt_heldout_branch_surface_l4_5_7_k12_16_24_a04_08_12_s0_19,identity_stress,5,12,identity_stress__prompt_heldout,presence,0.8,late,0.0,,,,,,,,,,1,0,0,0,0,0,0
spiral_out_hltd_closed_loop_identity02_prompt_heldout_branch_surface_l4_5_7_k12_16_24_a04_08_12_s0_19,identity_stress,5,12,identity_stress__prompt_heldout,presence,0.8,middle,0.0,,,,,,,,,,1,0,0,0,0,0,0
spiral_out_hltd_closed_loop_identity02_prompt_heldout_branch_surface_l4_5_7_k12_16_24_a04_08_12_s0_19,identity_stress,5,12,identity_stress__prompt_heldout,presence,1.2,all,1.0,0.25806451612903225,0.2870153854361005,1.0,0.0,-1.1828958905867246,0.17961905587909444,-0.05586093281896252,0.14891058848621405,0.02392013176197045,1,1,1,1,1,1,1
spiral_out_hltd_closed_loop_identity02_prompt_heldout_branch_surface_l4_5_7_k12_16_24_a04_08_12_s0_19,identity_stress,5,12,identity_stress__prompt_heldout,presence,1.2,early,1.0,0.25806451612903225,0.2870153854361005,1.0,0.0,-1.1828958905867246,0.17961905587909444,-0.05586093281896252,0.14891058848621405,0.02392013176197045,1,1,1,1,1,1,1
spiral_out_hltd_closed_loop_identity02_prompt_heldout_branch_surface_l4_5_7_k12_16_24_a04_08_12_s0_19,identity_stress,5,12,identity_stress__prompt_heldout,presence,1.2,late,0.0,,,,,,,,,,1,0,0,0,0,0,0
spiral_out_hltd_closed_loop_identity02_prompt_heldout_branch_surface_l4_5_7_k12_16_24_a04_08_12_s0_19,identity_stress,5,12,identity_stress__prompt_heldout,presence,1.2,middle,0.0,,,,,,,,,,1,0,0,0,0,0,0
spiral_out_hltd_closed_loop_identity02_prompt_heldout_branch_surface_l4_5_7_k12_16_24_a04_08_12_s0_19,identity_stress,5,12,identity_stress__prompt_heldout,presence_plus_coexact,0.4,all,1.0,0.25806451612903225,0.2870153854361005,1.0,0.0,-1.1828958905867246,0.0836094916671399,-0.00940982723457395,0.02533872174009295,0.001494687681186976,1,1,1,1,1,1,1
spiral_out_hltd_closed_loop_identity02_prompt_heldout_branch_surface_l4_5_7_k12_16_24_a04_08_12_s0_19,identity_stress,5,12,identity_stress__prompt_heldout,presence_plus_coexact,0.4,early,1.0,0.25806451612903225,0.2870153854361005,1.0,0.0,-1.1828958905867246,0.0836094916671399,-0.00940982723457395,0.02533872174009295,0.001494687681186976,1,1,1,1,1,1,1
spiral_out_hltd_closed_loop_identity02_prompt_heldout_branch_surface_l4_5_7_k12_16_24_a04_08_12_s0_19,identity_stress,5,12,identity_stress__prompt_heldout,presence_plus_coexact,0.4,late,0.0,,,,,,,,,,1,0,0,0,0,0,0
spiral_out_hltd_closed_loop_identity02_prompt_heldout_branch_surface_l4_5_7_k12_16_24_a04_08_12_s0_19,identity_stress,5,12,identity_stress__prompt_heldout,presence_plus_coexact,0.4,middle,0.0,,,,,,,,,,1,0,0,0,0,0,0
spiral_out_hltd_closed_loop_identity02_prompt_heldout_branch_surface_l4_5_7_k12_16_24_a04_08_12_s0_19,identity_stress,5,12,identity_stress__prompt_heldout,presence_plus_coexact,0.8,all,1.0,0.29838709677419356,0.26285056692558784,1.0,0.5,-1.2164246591346135,0.16966360924242657,-0.020444593627054475,0.057021237584118506,0.00528428258288045,1,1,1,1,1,1,1
spiral_out_hltd_closed_loop_identity02_prompt_heldout_branch_surface_l4_5_7_k12_16_24_a04_08_12_s0_19,identity_stress,5,12,identity_stress__prompt_heldout,presence_plus_coexact,0.8,early,0.75,0.25806451612903225,0.2614978684598237,1.0,0.3333333333333333,-0.9068906867169394,0.20560903317710036,-0.021074299552154164,0.07631603297836864,0.003981754435916034,1,1,1,1,1,1,1
spiral_out_hltd_closed_loop_identity02_prompt_heldout_branch_surface_l4_5_7_k12_16_24_a04_08_12_s0_19,identity_stress,5,12,identity_stress__prompt_heldout,presence_plus_coexact,0.8,late,0.0,,,,,,,,,,1,0,0,0,0,0,0
spiral_out_hltd_closed_loop_identity02_prompt_heldout_branch_surface_l4_5_7_k12_16_24_a04_08_12_s0_19,identity_stress,5,12,identity_stress__prompt_heldout,presence_plus_coexact,0.8,middle,0.25,0.41935483870967744,0.2669086623228802,1.0,1.0,-2.145026576387636,0.0618273374384052,-0.0185554758517554,-0.0008631485986319,0.0091918670237737,1,1,1,1,1,1,1
spiral_out_hltd_closed_loop_identity02_prompt_heldout_branch_surface_l4_5_7_k12_16_24_a04_08_12_s0_19,identity_stress,5,12,identity_stress__prompt_heldout,presence_plus_coexact,1.2,all,1.0,0.29838709677419356,0.26285056692558784,1.0,0.5,-1.2164246591346135,0.2810235022436385,-0.06990207006157688,0.1683285369241093,0.017779692663016503,1,1,1,1,1,1,1
spiral_out_hltd_closed_loop_identity02_prompt_heldout_branch_surface_l4_5_7_k12_16_24_a04_08_12_s0_19,identity_stress,5,12,identity_stress__prompt_heldout,presence_plus_coexact,1.2,early,0.75,0.25806451612903225,0.2614978684598237,1.0,0.3333333333333333,-0.9068906867169394,0.3530633109591683,-0.027513051908812234,0.17182198323175854,0.013025359187390466,1,1,1,1,1,1,1
spiral_out_hltd_closed_loop_identity02_prompt_heldout_branch_surface_l4_5_7_k12_16_24_a04_08_12_s0_19,identity_stress,5,12,identity_stress__prompt_heldout,presence_plus_coexact,1.2,late,0.0,,,,,,,,,,1,0,0,0,0,0,0
spiral_out_hltd_closed_loop_identity02_prompt_heldout_branch_surface_l4_5_7_k12_16_24_a04_08_12_s0_19,identity_stress,5,12,identity_stress__prompt_heldout,presence_plus_coexact,1.2,middle,0.25,0.41935483870967744,0.2669086623228802,1.0,1.0,-2.145026576387636,0.0649040760970489,-0.1970691245198708,0.1578481980011616,0.0320426930898946,1,1,1,1,1,1,1
spiral_out_hltd_closed_loop_identity02_prompt_heldout_branch_surface_l4_5_7_k12_16_24_a04_08_12_s0_19,identity_stress,5,12,identity_stress__prompt_heldout,random_tangent,0.4,all,1.0,0.2721774193548387,0.2785576989574211,1.0,0.2,-1.1998235254964544,-0.015802759351222946,0.0067228199362489235,0.019195369533801333,0.00417787532815932,1,1,1,1,1,1,1
spiral_out_hltd_closed_loop_identity02_prompt_heldout_branch_surface_l4_5_7_k12_16_24_a04_08_12_s0_19,identity_stress,5,12,identity_stress__prompt_heldout,random_tangent,0.4,early,0.9125,0.25806451612903225,0.27808425449440366,1.0,0.14166666666666666,-1.0914866351502686,-0.017720522010366415,0.006945764144363288,0.024422066216698547,0.0037615952393605517,1,1,1,1,1,1,1
spiral_out_hltd_closed_loop_identity02_prompt_heldout_branch_surface_l4_5_7_k12_16_24_a04_08_12_s0_19,identity_stress,5,12,identity_stress__prompt_heldout,random_tangent,0.4,late,0.0,,,,,,,,,,1,0,0,0,0,0,0
spiral_out_hltd_closed_loop_identity02_prompt_heldout_branch_surface_l4_5_7_k12_16_24_a04_08_12_s0_19,identity_stress,5,12,identity_stress__prompt_heldout,random_tangent,0.4,middle,0.0875,0.41935483870967744,0.2669086623228802,1.0,1.0,-2.145026576387636,0.0344179845555937,-0.01308314170300863,0.0031304839102794823,0.00852955245710067,1,1,1,1,1,1,1
spiral_out_hltd_closed_loop_identity02_prompt_heldout_branch_surface_l4_5_7_k12_16_24_a04_08_12_s0_19,identity_stress,5,12,identity_stress__prompt_heldout,random_tangent,0.8,all,1.0,0.27620967741935487,0.2761412171063698,1.0,0.2875,-1.2112174027174543,0.02632308105321532,-0.031456781950617,0.1293438758804427,0.024080906839314693,1,1,1,1,1,1,1
spiral_out_hltd_closed_loop_identity02_prompt_heldout_branch_surface_l4_5_7_k12_16_24_a04_08_12_s0_19,identity_stress,5,12,identity_stress__prompt_heldout,random_tangent,0.8,early,0.8875,0.25806451612903225,0.27553250279677594,1.0,0.2125,-1.071927115129501,0.023238841247864055,-0.011663882076984865,0.12963276827023476,0.022001250327351958,1,1,1,1,1,1,1
spiral_out_hltd_closed_loop_identity02_prompt_heldout_branch_surface_l4_5_7_k12_16_24_a04_08_12_s0_19,identity_stress,5,12,identity_stress__prompt_heldout,random_tangent,0.8,late,0.0,,,,,,,,,,1,0,0,0,0,0,0
spiral_out_hltd_closed_loop_identity02_prompt_heldout_branch_surface_l4_5_7_k12_16_24_a04_08_12_s0_19,identity_stress,5,12,identity_stress__prompt_heldout,random_tangent,0.8,middle,0.1125,0.41935483870967744,0.2669086623228802,1.0,1.0,-2.145026576387636,0.059949698321922616,-0.21730032971161012,0.1644749952937538,0.041447510849346086,1,1,1,1,1,1,1
spiral_out_hltd_closed_loop_identity02_prompt_heldout_branch_surface_l4_5_7_k12_16_24_a04_08_12_s0_19,identity_stress,5,12,identity_stress__prompt_heldout,random_tangent,1.2,all,1.0,0.28629032258064513,0.2706318142006883,1.0,0.4125,-1.9652656571712293,0.28057806988105033,0.6160741137197381,0.3277719292217168,0.32338019006296104,1,1,1,1,1,1,1
spiral_out_hltd_closed_loop_identity02_prompt_heldout_branch_surface_l4_5_7_k12_16_24_a04_08_12_s0_19,identity_stress,5,12,identity_stress__prompt_heldout,random_tangent,1.2,early,0.85,0.25806451612903225,0.26916784107044367,1.0,0.3208333333333333,-1.8570299594245703,0.2982682359403308,0.7398663917909434,0.32652846517726697,0.3586686088470723,1,1,1,1,1,1,1
spiral_out_hltd_closed_loop_identity02_prompt_heldout_branch_surface_l4_5_7_k12_16_24_a04_08_12_s0_19,identity_stress,5,12,identity_stress__prompt_heldout,random_tangent,1.2,late,0.0125,0.7419354838709677,0.2970393445565581,1.0,1.0,-2.894186695446166,0.8931991316548329,0.617779960347363,-0.1532890502222486,0.1487052329876207,1,1,1,1,1,1,1
spiral_out_hltd_closed_loop_identity02_prompt_heldout_branch_surface_l4_5_7_k12_16_24_a04_08_12_s0_19,identity_stress,5,12,identity_stress__prompt_heldout,random_tangent,1.2,middle,0.1375,0.41935483870967744,0.2669086623228802,1.0,1.0,-2.339095485079042,0.09958322595278904,-0.2687517530188886,0.42831191495310306,0.11959977097280769,1,1,1,1,1,1,1
spiral_out_hltd_closed_loop_identity02_prompt_heldout_branch_surface_l4_5_7_k12_16_24_a04_08_12_s0_19,identity_stress,5,16,identity_stress__prompt_heldout,baseline,0.0,all,1.0,0.25806451612903225,0.2870153854361005,0.0,0.0,-1.1828958905867246,,,,,1,1,0,0,0,0,0
spiral_out_hltd_closed_loop_identity02_prompt_heldout_branch_surface_l4_5_7_k12_16_24_a04_08_12_s0_19,identity_stress,5,16,identity_stress__prompt_heldout,baseline,0.0,early,1.0,0.25806451612903225,0.2870153854361005,0.0,0.0,-1.1828958905867246,,,,,1,1,0,0,0,0,0
spiral_out_hltd_closed_loop_identity02_prompt_heldout_branch_surface_l4_5_7_k12_16_24_a04_08_12_s0_19,identity_stress,5,16,identity_stress__prompt_heldout,baseline,0.0,late,0.0,,,,,,,,,,1,0,0,0,0,0,0
spiral_out_hltd_closed_loop_identity02_prompt_heldout_branch_surface_l4_5_7_k12_16_24_a04_08_12_s0_19,identity_stress,5,16,identity_stress__prompt_heldout,baseline,0.0,middle,0.0,,,,,,,,,,1,0,0,0,0,0,0
spiral_out_hltd_closed_loop_identity02_prompt_heldout_branch_surface_l4_5_7_k12_16_24_a04_08_12_s0_19,identity_stress,5,16,identity_stress__prompt_heldout,coexact,0.4,all,1.0,0.29838709677419356,0.26285056692558784,1.0,0.5,-1.2164246591346135,0.0875059678001133,0.0035146541649950756,0.03131893797073739,0.0017237255439709579,1,1,1,1,1,1,1
spiral_out_hltd_closed_loop_identity02_prompt_heldout_branch_surface_l4_5_7_k12_16_24_a04_08_12_s0_19,identity_stress,5,16,identity_stress__prompt_heldout,coexact,0.4,early,0.75,0.25806451612903225,0.2614978684598237,1.0,0.3333333333333333,-0.9068906867169394,0.10495034662850124,-0.011935128010515899,0.056811627732178425,0.0015475527727824105,1,1,1,1,1,1,1
spiral_out_hltd_closed_loop_identity02_prompt_heldout_branch_surface_l4_5_7_k12_16_24_a04_08_12_s0_19,identity_stress,5,16,identity_stress__prompt_heldout,coexact,0.4,late,0.0,,,,,,,,,,1,0,0,0,0,0,0
spiral_out_hltd_closed_loop_identity02_prompt_heldout_branch_surface_l4_5_7_k12_16_24_a04_08_12_s0_19,identity_stress,5,16,identity_stress__prompt_heldout,coexact,0.4,middle,0.25,0.41935483870967744,0.2669086623228802,1.0,1.0,-2.145026576387636,0.0351728313149495,0.049864000691528,-0.0451591313135857,0.0022522438575366,1,1,1,1,1,1,1
spiral_out_hltd_closed_loop_identity02_prompt_heldout_branch_surface_l4_5_7_k12_16_24_a04_08_12_s0_19,identity_stress,5,16,identity_stress__prompt_heldout,coexact,0.8,all,1.0,0.29838709677419356,0.26285056692558784,1.0,0.5,-1.2164246591346135,0.21863717723857998,-0.017234310914684425,0.13945431595680324,0.009865759303076274,1,1,1,1,1,1,1
spiral_out_hltd_closed_loop_identity02_prompt_heldout_branch_surface_l4_5_7_k12_16_24_a04_08_12_s0_19,identity_stress,5,16,identity_stress__prompt_heldout,coexact,0.8,early,0.75,0.25806451612903225,0.2614978684598237,1.0,0.3333333333333333,-0.9068906867169394,0.27837543013897087,-0.0309968701325829,0.18531374225445374,0.009981884499175466,1,1,1,1,1,1,1
spiral_out_hltd_closed_loop_identity02_prompt_heldout_branch_surface_l4_5_7_k12_16_24_a04_08_12_s0_19,identity_stress,5,16,identity_stress__prompt_heldout,coexact,0.8,late,0.0,,,,,,,,,,1,0,0,0,0,0,0
spiral_out_hltd_closed_loop_identity02_prompt_heldout_branch_surface_l4_5_7_k12_16_24_a04_08_12_s0_19,identity_stress,5,16,identity_stress__prompt_heldout,coexact,0.8,middle,0.25,0.41935483870967744,0.2669086623228802,1.0,1.0,-2.145026576387636,0.0394224185374074,0.024053366739011,0.0018760370638517,0.0095173837147787,1,1,1,1,1,1,1
spiral_out_hltd_closed_loop_identity02_prompt_heldout_branch_surface_l4_5_7_k12_16_24_a04_08_12_s0_19,identity_stress,5,16,identity_stress__prompt_heldout,coexact,1.2,all,1.0,0.29838709677419356,0.26285056692558784,1.0,0.5,-1.2164246591346135,0.37224449840838547,-0.06183471559706527,0.3196372142167757,0.037699145095317924,1,1,1,1,1,1,1
spiral_out_hltd_closed_loop_identity02_prompt_heldout_branch_surface_l4_5_7_k12_16_24_a04_08_12_s0_19,identity_stress,5,16,identity_stress__prompt_heldout,coexact,1.2,early,0.75,0.25806451612903225,0.2614978684598237,1.0,0.3333333333333333,-0.9068906867169394,0.49201512373365536,-0.0639871989212584,0.38230580595903324,0.03994997041368753,1,1,1,1,1,1,1
spiral_out_hltd_closed_loop_identity02_prompt_heldout_branch_surface_l4_5_7_k12_16_24_a04_08_12_s0_19,identity_stress,5,16,identity_stress__prompt_heldout,coexact,1.2,late,0.0,,,,,,,,,,1,0,0,0,0,0,0
spiral_out_hltd_closed_loop_identity02_prompt_heldout_branch_surface_l4_5_7_k12_16_24_a04_08_12_s0_19,identity_stress,5,16,identity_stress__prompt_heldout,coexact,1.2,middle,0.25,0.41935483870967744,0.2669086623228802,1.0,1.0,-2.145026576387636,0.0129326224325758,-0.0553772656244859,0.131631438990003,0.0309466691402091,1,1,1,1,1,1,1
spiral_out_hltd_closed_loop_identity02_prompt_heldout_branch_surface_l4_5_7_k12_16_24_a04_08_12_s0_19,identity_stress,5,16,identity_stress__prompt_heldout,coexact_minus_presence,0.4,all,1.0,0.25806451612903225,0.2870153854361005,1.0,0.0,-1.1828958905867246,0.0740490698237668,0.02475267916956625,0.013755501263961401,0.0037261055432912375,1,1,1,1,1,1,1
spiral_out_hltd_closed_loop_identity02_prompt_heldout_branch_surface_l4_5_7_k12_16_24_a04_08_12_s0_19,identity_stress,5,16,identity_stress__prompt_heldout,coexact_minus_presence,0.4,early,1.0,0.25806451612903225,0.2870153854361005,1.0,0.0,-1.1828958905867246,0.0740490698237668,0.02475267916956625,0.013755501263961401,0.0037261055432912375,1,1,1,1,1,1,1
spiral_out_hltd_closed_loop_identity02_prompt_heldout_branch_surface_l4_5_7_k12_16_24_a04_08_12_s0_19,identity_stress,5,16,identity_stress__prompt_heldout,coexact_minus_presence,0.4,late,0.0,,,,,,,,,,1,0,0,0,0,0,0
spiral_out_hltd_closed_loop_identity02_prompt_heldout_branch_surface_l4_5_7_k12_16_24_a04_08_12_s0_19,identity_stress,5,16,identity_stress__prompt_heldout,coexact_minus_presence,0.4,middle,0.0,,,,,,,,,,1,0,0,0,0,0,0
spiral_out_hltd_closed_loop_identity02_prompt_heldout_branch_surface_l4_5_7_k12_16_24_a04_08_12_s0_19,identity_stress,5,16,identity_stress__prompt_heldout,coexact_minus_presence,0.8,all,1.0,0.25806451612903225,0.2870153854361005,1.0,0.25,-1.2398645795515684,0.13989709908464218,0.05107074650693375,0.1805334320257904,0.024513066364054023,1,1,1,1,1,1,1
spiral_out_hltd_closed_loop_identity02_prompt_heldout_branch_surface_l4_5_7_k12_16_24_a04_08_12_s0_19,identity_stress,5,16,identity_stress__prompt_heldout,coexact_minus_presence,0.8,early,1.0,0.25806451612903225,0.2870153854361005,1.0,0.25,-1.2398645795515684,0.13989709908464218,0.05107074650693375,0.1805334320257904,0.024513066364054023,1,1,1,1,1,1,1
spiral_out_hltd_closed_loop_identity02_prompt_heldout_branch_surface_l4_5_7_k12_16_24_a04_08_12_s0_19,identity_stress,5,16,identity_stress__prompt_heldout,coexact_minus_presence,0.8,late,0.0,,,,,,,,,,1,0,0,0,0,0,0
spiral_out_hltd_closed_loop_identity02_prompt_heldout_branch_surface_l4_5_7_k12_16_24_a04_08_12_s0_19,identity_stress,5,16,identity_stress__prompt_heldout,coexact_minus_presence,0.8,middle,0.0,,,,,,,,,,1,0,0,0,0,0,0
spiral_out_hltd_closed_loop_identity02_prompt_heldout_branch_surface_l4_5_7_k12_16_24_a04_08_12_s0_19,identity_stress,5,16,identity_stress__prompt_heldout,coexact_minus_presence,1.2,all,1.0,0.25806451612903225,0.2870153854361005,1.0,0.25,-1.2398645795515684,0.4456596319671764,0.0035348877476195917,0.4735760491817707,0.07462979726258838,1,1,1,1,1,1,1
spiral_out_hltd_closed_loop_identity02_prompt_heldout_branch_surface_l4_5_7_k12_16_24_a04_08_12_s0_19,identity_stress,5,16,identity_stress__prompt_heldout,coexact_minus_presence,1.2,early,1.0,0.25806451612903225,0.2870153854361005,1.0,0.25,-1.2398645795515684,0.4456596319671764,0.0035348877476195917,0.4735760491817707,0.07462979726258838,1,1,1,1,1,1,1
spiral_out_hltd_closed_loop_identity02_prompt_heldout_branch_surface_l4_5_7_k12_16_24_a04_08_12_s0_19,identity_stress,5,16,identity_stress__prompt_heldout,coexact_minus_presence,1.2,late,0.0,,,,,,,,,,1,0,0,0,0,0,0
spiral_out_hltd_closed_loop_identity02_prompt_heldout_branch_surface_l4_5_7_k12_16_24_a04_08_12_s0_19,identity_stress,5,16,identity_stress__prompt_heldout,coexact_minus_presence,1.2,middle,0.0,,,,,,,,,,1,0,0,0,0,0,0
spiral_out_hltd_closed_loop_identity02_prompt_heldout_branch_surface_l4_5_7_k12_16_24_a04_08_12_s0_19,identity_stress,5,16,identity_stress__prompt_heldout,negative_coexact,0.4,all,1.0,0.25806451612903225,0.2870153854361005,1.0,0.0,-1.1828958905867246,-0.09472504200402995,0.008861947791704261,-0.0251675123381786,0.002471319798271899,1,1,1,1,1,1,1
spiral_out_hltd_closed_loop_identity02_prompt_heldout_branch_surface_l4_5_7_k12_16_24_a04_08_12_s0_19,identity_stress,5,16,identity_stress__prompt_heldout,negative_coexact,0.4,early,1.0,0.25806451612903225,0.2870153854361005,1.0,0.0,-1.1828958905867246,-0.09472504200402995,0.008861947791704261,-0.0251675123381786,0.002471319798271899,1,1,1,1,1,1,1
spiral_out_hltd_closed_loop_identity02_prompt_heldout_branch_surface_l4_5_7_k12_16_24_a04_08_12_s0_19,identity_stress,5,16,identity_stress__prompt_heldout,negative_coexact,0.4,late,0.0,,,,,,,,,,1,0,0,0,0,0,0
spiral_out_hltd_closed_loop_identity02_prompt_heldout_branch_surface_l4_5_7_k12_16_24_a04_08_12_s0_19,identity_stress,5,16,identity_stress__prompt_heldout,negative_coexact,0.4,middle,0.0,,,,,,,,,,1,0,0,0,0,0,0
spiral_out_hltd_closed_loop_identity02_prompt_heldout_branch_surface_l4_5_7_k12_16_24_a04_08_12_s0_19,identity_stress,5,16,identity_stress__prompt_heldout,negative_coexact,0.8,all,1.0,0.29838709677419356,0.26285056692558784,1.0,0.5,-1.2164246591346135,-0.0810731734549701,-0.07001860965591433,0.06060130557056585,0.01465787950471778,1,1,1,1,1,1,1
spiral_out_hltd_closed_loop_identity02_prompt_heldout_branch_surface_l4_5_7_k12_16_24_a04_08_12_s0_19,identity_stress,5,16,identity_stress__prompt_heldout,negative_coexact,0.8,early,0.75,0.25806451612903225,0.2614978684598237,1.0,0.3333333333333333,-0.9068906867169394,-0.08030758266704886,0.02134637008488008,-0.03451540310205561,0.012832765798763407,1,1,1,1,1,1,1
spiral_out_hltd_closed_loop_identity02_prompt_heldout_branch_surface_l4_5_7_k12_16_24_a04_08_12_s0_19,identity_stress,5,16,identity_stress__prompt_heldout,negative_coexact,0.8,late,0.0,,,,,,,,,,1,0,0,0,0,0,0
spiral_out_hltd_closed_loop_identity02_prompt_heldout_branch_surface_l4_5_7_k12_16_24_a04_08_12_s0_19,identity_stress,5,16,identity_stress__prompt_heldout,negative_coexact,0.8,middle,0.25,0.41935483870967744,0.2669086623228802,1.0,1.0,-2.145026576387636,-0.0833699458187338,-0.3441135488782976,0.3459514315884302,0.0201332206225809,1,1,1,1,1,1,1
spiral_out_hltd_closed_loop_identity02_prompt_heldout_branch_surface_l4_5_7_k12_16_24_a04_08_12_s0_19,identity_stress,5,16,identity_stress__prompt_heldout,negative_coexact,1.2,all,1.0,0.29838709677419356,0.26285056692558784,1.0,0.5,-1.2164246591346135,-0.0006844040382223623,-0.15603011207081965,0.21218054391105703,0.048325101702031574,1,1,1,1,1,1,1
spiral_out_hltd_closed_loop_identity02_prompt_heldout_branch_surface_l4_5_7_k12_16_24_a04_08_12_s0_19,identity_stress,5,16,identity_stress__prompt_heldout,negative_coexact,1.2,early,0.75,0.25806451612903225,0.2614978684598237,1.0,0.3333333333333333,-0.9068906867169394,0.03552930671284745,-0.000569474482314101,0.08295525753493736,0.044351995250966426,1,1,1,1,1,1,1
spiral_out_hltd_closed_loop_identity02_prompt_heldout_branch_surface_l4_5_7_k12_16_24_a04_08_12_s0_19,identity_stress,5,16,identity_stress__prompt_heldout,negative_coexact,1.2,late,0.0,,,,,,,,,,1,0,0,0,0,0,0
spiral_out_hltd_closed_loop_identity02_prompt_heldout_branch_surface_l4_5_7_k12_16_24_a04_08_12_s0_19,identity_stress,5,16,identity_stress__prompt_heldout,negative_coexact,1.2,middle,0.25,0.41935483870967744,0.2669086623228802,1.0,1.0,-2.145026576387636,-0.1093255362914318,-0.6224120248363363,0.599856403039416,0.060244421055227,1,1,1,1,1,1,1
spiral_out_hltd_closed_loop_identity02_prompt_heldout_branch_surface_l4_5_7_k12_16_24_a04_08_12_s0_19,identity_stress,5,16,identity_stress__prompt_heldout,presence,0.4,all,1.0,0.29838709677419356,0.26285056692558784,1.0,0.5,-1.2164246591346135,0.023913542322551395,-0.017928519604009072,0.0486937960938094,0.003231418273416388,1,1,1,1,1,1,1
spiral_out_hltd_closed_loop_identity02_prompt_heldout_branch_surface_l4_5_7_k12_16_24_a04_08_12_s0_19,identity_stress,5,16,identity_stress__prompt_heldout,presence,0.4,early,0.75,0.25806451612903225,0.2614978684598237,1.0,0.3333333333333333,-0.9068906867169394,0.01098269537998916,-0.027375848058734165,0.07543373013975724,0.0032429377146475837,1,1,1,1,1,1,1
spiral_out_hltd_closed_loop_identity02_prompt_heldout_branch_surface_l4_5_7_k12_16_24_a04_08_12_s0_19,identity_stress,5,16,identity_stress__prompt_heldout,presence,0.4,late,0.0,,,,,,,,,,1,0,0,0,0,0,0
spiral_out_hltd_closed_loop_identity02_prompt_heldout_branch_surface_l4_5_7_k12_16_24_a04_08_12_s0_19,identity_stress,5,16,identity_stress__prompt_heldout,presence,0.4,middle,0.25,0.41935483870967744,0.2669086623228802,1.0,1.0,-2.145026576387636,0.0627060831502381,0.0104134657601662,-0.0315260060440341,0.0031968599497228,1,1,1,1,1,1,1
spiral_out_hltd_closed_loop_identity02_prompt_heldout_branch_surface_l4_5_7_k12_16_24_a04_08_12_s0_19,identity_stress,5,16,identity_stress__prompt_heldout,presence,0.8,all,1.0,0.29838709677419356,0.26285056692558784,1.0,0.5,-1.2164246591346135,0.09529978131401462,-0.07825063617930894,0.1632841297937367,0.015662383649249052,1,1,1,1,1,1,1
spiral_out_hltd_closed_loop_identity02_prompt_heldout_branch_surface_l4_5_7_k12_16_24_a04_08_12_s0_19,identity_stress,5,16,identity_stress__prompt_heldout,presence,0.8,early,0.75,0.25806451612903225,0.2614978684598237,1.0,0.3333333333333333,-0.9068906867169394,0.07647197818271145,-0.06149622783915732,0.19608933036116993,0.014876657348491001,1,1,1,1,1,1,1
spiral_out_hltd_closed_loop_identity02_prompt_heldout_branch_surface_l4_5_7_k12_16_24_a04_08_12_s0_19,identity_stress,5,16,identity_stress__prompt_heldout,presence,0.8,late,0.0,,,,,,,,,,1,0,0,0,0,0,0
spiral_out_hltd_closed_loop_identity02_prompt_heldout_branch_surface_l4_5_7_k12_16_24_a04_08_12_s0_19,identity_stress,5,16,identity_stress__prompt_heldout,presence,0.8,middle,0.25,0.41935483870967744,0.2669086623228802,1.0,1.0,-2.145026576387636,0.1517831907079241,-0.1285138611997638,0.0648685280914369,0.0180195625515232,1,1,1,1,1,1,1
spiral_out_hltd_closed_loop_identity02_prompt_heldout_branch_surface_l4_5_7_k12_16_24_a04_08_12_s0_19,identity_stress,5,16,identity_stress__prompt_heldout,presence,1.2,all,1.0,0.29838709677419356,0.26285056692558784,1.0,0.5,-1.2164246591346135,0.27952987729235446,-0.20376805867995879,0.3286062023726534,0.047271871795572726,1,1,1,1,1,1,1
spiral_out_hltd_closed_loop_identity02_prompt_heldout_branch_surface_l4_5_7_k12_16_24_a04_08_12_s0_19,identity_stress,5,16,identity_stress__prompt_heldout,presence,1.2,early,0.75,0.25806451612903225,0.2614978684598237,1.0,0.3333333333333333,-0.9068906867169394,0.29535755106278927,-0.10742655679520867,0.345486364643623,0.04135462327372089,1,1,1,1,1,1,1
spiral_out_hltd_closed_loop_identity02_prompt_heldout_branch_surface_l4_5_7_k12_16_24_a04_08_12_s0_19,identity_stress,5,16,identity_stress__prompt_heldout,presence,1.2,late,0.0,,,,,,,,,,1,0,0,0,0,0,0
spiral_out_hltd_closed_loop_identity02_prompt_heldout_branch_surface_l4_5_7_k12_16_24_a04_08_12_s0_19,identity_stress,5,16,identity_stress__prompt_heldout,presence,1.2,middle,0.25,0.41935483870967744,0.2669086623228802,1.0,1.0,-2.145026576387636,0.23204685598105,-0.4927925643342092,0.2779657155597448,0.0650236173611282,1,1,1,1,1,1,1
spiral_out_hltd_closed_loop_identity02_prompt_heldout_branch_surface_l4_5_7_k12_16_24_a04_08_12_s0_19,identity_stress,5,16,identity_stress__prompt_heldout,presence_plus_coexact,0.4,all,1.0,0.29838709677419356,0.26285056692558784,1.0,0.5,-1.2164246591346135,0.06458190868004343,-0.012289328782291126,0.04784170165038075,0.0025935766632473527,1,1,1,1,1,1,1
spiral_out_hltd_closed_loop_identity02_prompt_heldout_branch_surface_l4_5_7_k12_16_24_a04_08_12_s0_19,identity_stress,5,16,identity_stress__prompt_heldout,presence_plus_coexact,0.4,early,0.75,0.25806451612903225,0.2614978684598237,1.0,0.3333333333333333,-0.9068906867169394,0.0717131060918786,-0.03202567790147737,0.08279951880624624,0.00273730346307367,1,1,1,1,1,1,1
spiral_out_hltd_closed_loop_identity02_prompt_heldout_branch_surface_l4_5_7_k12_16_24_a04_08_12_s0_19,identity_stress,5,16,identity_stress__prompt_heldout,presence_plus_coexact,0.4,late,0.0,,,,,,,,,,1,0,0,0,0,0,0
spiral_out_hltd_closed_loop_identity02_prompt_heldout_branch_surface_l4_5_7_k12_16_24_a04_08_12_s0_19,identity_stress,5,16,identity_stress__prompt_heldout,presence_plus_coexact,0.4,middle,0.25,0.41935483870967744,0.2669086623228802,1.0,1.0,-2.145026576387636,0.0431883164445379,0.0469197185752676,-0.0570317498172157,0.0021623962637684,1,1,1,1,1,1,1
spiral_out_hltd_closed_loop_identity02_prompt_heldout_branch_surface_l4_5_7_k12_16_24_a04_08_12_s0_19,identity_stress,5,16,identity_stress__prompt_heldout,presence_plus_coexact,0.8,all,1.0,0.29838709677419356,0.26285056692558784,1.0,0.5,-1.2164246591346135,0.16045157597281068,-0.05714446251360525,0.14028271465927716,0.011071683715196949,1,1,1,1,1,1,1
spiral_out_hltd_closed_loop_identity02_prompt_heldout_branch_surface_l4_5_7_k12_16_24_a04_08_12_s0_19,identity_stress,5,16,identity_stress__prompt_heldout,presence_plus_coexact,0.8,early,0.75,0.25806451612903225,0.2614978684598237,1.0,0.3333333333333333,-0.9068906867169394,0.19101162147778503,-0.07280968204483426,0.19123590920879527,0.011690665132049832,1,1,1,1,1,1,1
spiral_out_hltd_closed_loop_identity02_prompt_heldout_branch_surface_l4_5_7_k12_16_24_a04_08_12_s0_19,identity_stress,5,16,identity_stress__prompt_heldout,presence_plus_coexact,0.8,late,0.0,,,,,,,,,,1,0,0,0,0,0,0
spiral_out_hltd_closed_loop_identity02_prompt_heldout_branch_surface_l4_5_7_k12_16_24_a04_08_12_s0_19,identity_stress,5,16,identity_stress__prompt_heldout,presence_plus_coexact,0.8,middle,0.25,0.41935483870967744,0.2669086623228802,1.0,1.0,-2.145026576387636,0.0687714394578877,-0.0101488039199182,-0.0125768689892771,0.0092147394646383,1,1,1,1,1,1,1
spiral_out_hltd_closed_loop_identity02_prompt_heldout_branch_surface_l4_5_7_k12_16_24_a04_08_12_s0_19,identity_stress,5,16,identity_stress__prompt_heldout,presence_plus_coexact,1.2,all,1.0,0.29838709677419356,0.26285056692558784,1.0,0.5,-1.2164246591346135,0.32125931865936486,-0.13381706125228732,0.2720681275938345,0.03006831723407208,1,1,1,1,1,1,1
spiral_out_hltd_closed_loop_identity02_prompt_heldout_branch_surface_l4_5_7_k12_16_24_a04_08_12_s0_19,identity_stress,5,16,identity_stress__prompt_heldout,presence_plus_coexact,1.2,early,0.75,0.25806451612903225,0.2614978684598237,1.0,0.3333333333333333,-0.9068906867169394,0.4024421191531526,-0.1166310328289152,0.3157641867650616,0.029487084060623236,1,1,1,1,1,1,1
spiral_out_hltd_closed_loop_identity02_prompt_heldout_branch_surface_l4_5_7_k12_16_24_a04_08_12_s0_19,identity_stress,5,16,identity_stress__prompt_heldout,presence_plus_coexact,1.2,late,0.0,,,,,,,,,,1,0,0,0,0,0,0
spiral_out_hltd_closed_loop_identity02_prompt_heldout_branch_surface_l4_5_7_k12_16_24_a04_08_12_s0_19,identity_stress,5,16,identity_stress__prompt_heldout,presence_plus_coexact,1.2,middle,0.25,0.41935483870967744,0.2669086623228802,1.0,1.0,-2.145026576387636,0.0777109171780017,-0.1853751465224036,0.1409799500801529,0.0318120167544186,1,1,1,1,1,1,1
spiral_out_hltd_closed_loop_identity02_prompt_heldout_branch_surface_l4_5_7_k12_16_24_a04_08_12_s0_19,identity_stress,5,16,identity_stress__prompt_heldout,random_tangent,0.4,all,1.0,0.2721774193548387,0.2785576989574211,1.0,0.2,-1.1998235254964544,-0.015802759351222946,0.0067228199362489235,0.019195369533801333,0.00417787532815932,1,1,1,1,1,1,1
spiral_out_hltd_closed_loop_identity02_prompt_heldout_branch_surface_l4_5_7_k12_16_24_a04_08_12_s0_19,identity_stress,5,16,identity_stress__prompt_heldout,random_tangent,0.4,early,0.9125,0.25806451612903225,0.27808425449440366,1.0,0.14166666666666666,-1.0914866351502686,-0.017720522010366415,0.006945764144363288,0.024422066216698547,0.0037615952393605517,1,1,1,1,1,1,1
spiral_out_hltd_closed_loop_identity02_prompt_heldout_branch_surface_l4_5_7_k12_16_24_a04_08_12_s0_19,identity_stress,5,16,identity_stress__prompt_heldout,random_tangent,0.4,late,0.0,,,,,,,,,,1,0,0,0,0,0,0
spiral_out_hltd_closed_loop_identity02_prompt_heldout_branch_surface_l4_5_7_k12_16_24_a04_08_12_s0_19,identity_stress,5,16,identity_stress__prompt_heldout,random_tangent,0.4,middle,0.0875,0.41935483870967744,0.2669086623228802,1.0,1.0,-2.145026576387636,0.0344179845555937,-0.01308314170300863,0.0031304839102794823,0.00852955245710067,1,1,1,1,1,1,1
spiral_out_hltd_closed_loop_identity02_prompt_heldout_branch_surface_l4_5_7_k12_16_24_a04_08_12_s0_19,identity_stress,5,16,identity_stress__prompt_heldout,random_tangent,0.8,all,1.0,0.27620967741935487,0.2761412171063698,1.0,0.2875,-1.2112174027174543,0.02632308105321532,-0.031456781950617,0.1293438758804427,0.024080906839314693,1,1,1,1,1,1,1
spiral_out_hltd_closed_loop_identity02_prompt_heldout_branch_surface_l4_5_7_k12_16_24_a04_08_12_s0_19,identity_stress,5,16,identity_stress__prompt_heldout,random_tangent,0.8,early,0.8875,0.25806451612903225,0.27553250279677594,1.0,0.2125,-1.071927115129501,0.023238841247864055,-0.011663882076984865,0.12963276827023476,0.022001250327351958,1,1,1,1,1,1,1
spiral_out_hltd_closed_loop_identity02_prompt_heldout_branch_surface_l4_5_7_k12_16_24_a04_08_12_s0_19,identity_stress,5,16,identity_stress__prompt_heldout,random_tangent,0.8,late,0.0,,,,,,,,,,1,0,0,0,0,0,0
spiral_out_hltd_closed_loop_identity02_prompt_heldout_branch_surface_l4_5_7_k12_16_24_a04_08_12_s0_19,identity_stress,5,16,identity_stress__prompt_heldout,random_tangent,0.8,middle,0.1125,0.41935483870967744,0.2669086623228802,1.0,1.0,-2.145026576387636,0.059949698321922616,-0.21730032971161012,0.1644749952937538,0.041447510849346086,1,1,1,1,1,1,1
spiral_out_hltd_closed_loop_identity02_prompt_heldout_branch_surface_l4_5_7_k12_16_24_a04_08_12_s0_19,identity_stress,5,16,identity_stress__prompt_heldout,random_tangent,1.2,all,1.0,0.28629032258064513,0.2706318142006883,1.0,0.4125,-1.9652656571712293,0.28057806988105033,0.6160741137197381,0.3277719292217168,0.32338019006296104,1,1,1,1,1,1,1
spiral_out_hltd_closed_loop_identity02_prompt_heldout_branch_surface_l4_5_7_k12_16_24_a04_08_12_s0_19,identity_stress,5,16,identity_stress__prompt_heldout,random_tangent,1.2,early,0.85,0.25806451612903225,0.26916784107044367,1.0,0.3208333333333333,-1.8570299594245703,0.2982682359403308,0.7398663917909434,0.32652846517726697,0.3586686088470723,1,1,1,1,1,1,1
spiral_out_hltd_closed_loop_identity02_prompt_heldout_branch_surface_l4_5_7_k12_16_24_a04_08_12_s0_19,identity_stress,5,16,identity_stress__prompt_heldout,random_tangent,1.2,late,0.0125,0.7419354838709677,0.2970393445565581,1.0,1.0,-2.894186695446166,0.8931991316548329,0.617779960347363,-0.1532890502222486,0.1487052329876207,1,1,1,1,1,1,1
spiral_out_hltd_closed_loop_identity02_prompt_heldout_branch_surface_l4_5_7_k12_16_24_a04_08_12_s0_19,identity_stress,5,16,identity_stress__prompt_heldout,random_tangent,1.2,middle,0.1375,0.41935483870967744,0.2669086623228802,1.0,1.0,-2.339095485079042,0.09958322595278904,-0.2687517530188886,0.42831191495310306,0.11959977097280769,1,1,1,1,1,1,1
spiral_out_hltd_closed_loop_identity02_prompt_heldout_branch_surface_l4_5_7_k12_16_24_a04_08_12_s0_19,identity_stress,5,24,identity_stress__prompt_heldout,baseline,0.0,all,1.0,0.25806451612903225,0.2870153854361005,0.0,0.0,-1.1828958905867246,,,,,1,1,0,0,0,0,0
spiral_out_hltd_closed_loop_identity02_prompt_heldout_branch_surface_l4_5_7_k12_16_24_a04_08_12_s0_19,identity_stress,5,24,identity_stress__prompt_heldout,baseline,0.0,early,1.0,0.25806451612903225,0.2870153854361005,0.0,0.0,-1.1828958905867246,,,,,1,1,0,0,0,0,0
spiral_out_hltd_closed_loop_identity02_prompt_heldout_branch_surface_l4_5_7_k12_16_24_a04_08_12_s0_19,identity_stress,5,24,identity_stress__prompt_heldout,baseline,0.0,late,0.0,,,,,,,,,,1,0,0,0,0,0,0
spiral_out_hltd_closed_loop_identity02_prompt_heldout_branch_surface_l4_5_7_k12_16_24_a04_08_12_s0_19,identity_stress,5,24,identity_stress__prompt_heldout,baseline,0.0,middle,0.0,,,,,,,,,,1,0,0,0,0,0,0
spiral_out_hltd_closed_loop_identity02_prompt_heldout_branch_surface_l4_5_7_k12_16_24_a04_08_12_s0_19,identity_stress,5,24,identity_stress__prompt_heldout,coexact,0.4,all,1.0,0.29838709677419356,0.26285056692558784,1.0,0.5,-1.2164246591346135,0.06996837048301893,0.025415104553626798,0.005284425524305001,0.0018433524261579248,1,1,1,1,1,1,1
spiral_out_hltd_closed_loop_identity02_prompt_heldout_branch_surface_l4_5_7_k12_16_24_a04_08_12_s0_19,identity_stress,5,24,identity_stress__prompt_heldout,coexact,0.4,early,0.75,0.25806451612903225,0.2614978684598237,1.0,0.3333333333333333,-0.9068906867169394,0.07921840295897788,0.0070854176552662,0.025603597084833733,0.0015923812985149666,1,1,1,1,1,1,1
spiral_out_hltd_closed_loop_identity02_prompt_heldout_branch_surface_l4_5_7_k12_16_24_a04_08_12_s0_19,identity_stress,5,24,identity_stress__prompt_heldout,coexact,0.4,late,0.0,,,,,,,,,,1,0,0,0,0,0,0
spiral_out_hltd_closed_loop_identity02_prompt_heldout_branch_surface_l4_5_7_k12_16_24_a04_08_12_s0_19,identity_stress,5,24,identity_stress__prompt_heldout,coexact,0.4,middle,0.25,0.41935483870967744,0.2669086623228802,1.0,1.0,-2.145026576387636,0.0422182730551421,0.0804041652487086,-0.0556730891572812,0.0025962658090868,1,1,1,1,1,1,1
spiral_out_hltd_closed_loop_identity02_prompt_heldout_branch_surface_l4_5_7_k12_16_24_a04_08_12_s0_19,identity_stress,5,24,identity_stress__prompt_heldout,coexact,0.8,all,1.0,0.29838709677419356,0.26285056692558784,1.0,0.5,-1.2164246591346135,0.1753451075650505,0.01583529671297155,0.13130488461882123,0.016198133663600074,1,1,1,1,1,1,1
spiral_out_hltd_closed_loop_identity02_prompt_heldout_branch_surface_l4_5_7_k12_16_24_a04_08_12_s0_19,identity_stress,5,24,identity_stress__prompt_heldout,coexact,0.8,early,0.75,0.25806451612903225,0.2614978684598237,1.0,0.3333333333333333,-0.9068906867169394,0.21850882619912504,-0.0069820840701027,0.17327265834329864,0.017797173415267167,1,1,1,1,1,1,1
spiral_out_hltd_closed_loop_identity02_prompt_heldout_branch_surface_l4_5_7_k12_16_24_a04_08_12_s0_19,identity_stress,5,24,identity_stress__prompt_heldout,coexact,0.8,late,0.0,,,,,,,,,,1,0,0,0,0,0,0
spiral_out_hltd_closed_loop_identity02_prompt_heldout_branch_surface_l4_5_7_k12_16_24_a04_08_12_s0_19,identity_stress,5,24,identity_stress__prompt_heldout,coexact,0.8,middle,0.25,0.41935483870967744,0.2669086623228802,1.0,1.0,-2.145026576387636,0.0458539516628269,0.0842874390621943,0.005401563445389,0.0114010144085988,1,1,1,1,1,1,1
spiral_out_hltd_closed_loop_identity02_prompt_heldout_branch_surface_l4_5_7_k12_16_24_a04_08_12_s0_19,identity_stress,5,24,identity_stress__prompt_heldout,coexact,1.2,all,1.0,0.29838709677419356,0.26285056692558784,1.0,0.5,-1.2164246591346135,0.24871050935347738,-0.04296794464877253,0.3515191454136361,0.05678089760471715,1,1,1,1,1,1,1
spiral_out_hltd_closed_loop_identity02_prompt_heldout_branch_surface_l4_5_7_k12_16_24_a04_08_12_s0_19,identity_stress,5,24,identity_stress__prompt_heldout,coexact,1.2,early,0.75,0.25806451612903225,0.2614978684598237,1.0,0.3333333333333333,-0.9068906867169394,0.33331888530845966,-0.06410937699789561,0.4061014378169126,0.0619757594491277,1,1,1,1,1,1,1
spiral_out_hltd_closed_loop_identity02_prompt_heldout_branch_surface_l4_5_7_k12_16_24_a04_08_12_s0_19,identity_stress,5,24,identity_stress__prompt_heldout,coexact,1.2,late,0.0,,,,,,,,,,1,0,0,0,0,0,0
spiral_out_hltd_closed_loop_identity02_prompt_heldout_branch_surface_l4_5_7_k12_16_24_a04_08_12_s0_19,identity_stress,5,24,identity_stress__prompt_heldout,coexact,1.2,middle,0.25,0.41935483870967744,0.2669086623228802,1.0,1.0,-2.145026576387636,-0.0051146185114694,0.0204563523985967,0.1877722682038065,0.0411963120714855,1,1,1,1,1,1,1
spiral_out_hltd_closed_loop_identity02_prompt_heldout_branch_surface_l4_5_7_k12_16_24_a04_08_12_s0_19,identity_stress,5,24,identity_stress__prompt_heldout,coexact_minus_presence,0.4,all,1.0,0.25806451612903225,0.2870153854361005,1.0,0.0,-1.1828958905867246,0.0497179903431499,0.0466930031045791,-0.038399706420870774,0.0044707550004174125,1,1,1,1,1,1,1
spiral_out_hltd_closed_loop_identity02_prompt_heldout_branch_surface_l4_5_7_k12_16_24_a04_08_12_s0_19,identity_stress,5,24,identity_stress__prompt_heldout,coexact_minus_presence,0.4,early,1.0,0.25806451612903225,0.2870153854361005,1.0,0.0,-1.1828958905867246,0.0497179903431499,0.0466930031045791,-0.038399706420870774,0.0044707550004174125,1,1,1,1,1,1,1
spiral_out_hltd_closed_loop_identity02_prompt_heldout_branch_surface_l4_5_7_k12_16_24_a04_08_12_s0_19,identity_stress,5,24,identity_stress__prompt_heldout,coexact_minus_presence,0.4,late,0.0,,,,,,,,,,1,0,0,0,0,0,0
spiral_out_hltd_closed_loop_identity02_prompt_heldout_branch_surface_l4_5_7_k12_16_24_a04_08_12_s0_19,identity_stress,5,24,identity_stress__prompt_heldout,coexact_minus_presence,0.4,middle,0.0,,,,,,,,,,1,0,0,0,0,0,0
spiral_out_hltd_closed_loop_identity02_prompt_heldout_branch_surface_l4_5_7_k12_16_24_a04_08_12_s0_19,identity_stress,5,24,identity_stress__prompt_heldout,coexact_minus_presence,0.8,all,1.0,0.25806451612903225,0.2870153854361005,1.0,0.0,-1.1828958905867246,0.20502672086233845,0.0385582118283523,0.09836843086865531,0.03635555389842257,1,1,1,1,1,1,1
spiral_out_hltd_closed_loop_identity02_prompt_heldout_branch_surface_l4_5_7_k12_16_24_a04_08_12_s0_19,identity_stress,5,24,identity_stress__prompt_heldout,coexact_minus_presence,0.8,early,1.0,0.25806451612903225,0.2870153854361005,1.0,0.0,-1.1828958905867246,0.20502672086233845,0.0385582118283523,0.09836843086865531,0.03635555389842257,1,1,1,1,1,1,1
spiral_out_hltd_closed_loop_identity02_prompt_heldout_branch_surface_l4_5_7_k12_16_24_a04_08_12_s0_19,identity_stress,5,24,identity_stress__prompt_heldout,coexact_minus_presence,0.8,late,0.0,,,,,,,,,,1,0,0,0,0,0,0
spiral_out_hltd_closed_loop_identity02_prompt_heldout_branch_surface_l4_5_7_k12_16_24_a04_08_12_s0_19,identity_stress,5,24,identity_stress__prompt_heldout,coexact_minus_presence,0.8,middle,0.0,,,,,,,,,,1,0,0,0,0,0,0
spiral_out_hltd_closed_loop_identity02_prompt_heldout_branch_surface_l4_5_7_k12_16_24_a04_08_12_s0_19,identity_stress,5,24,identity_stress__prompt_heldout,coexact_minus_presence,1.2,all,1.0,0.25806451612903225,0.2870153854361005,1.0,0.25,-1.2398645795515684,0.535439676703235,0.06026042680347385,0.5698302946199676,0.1404126049879608,1,1,1,1,1,1,1
spiral_out_hltd_closed_loop_identity02_prompt_heldout_branch_surface_l4_5_7_k12_16_24_a04_08_12_s0_19,identity_stress,5,24,identity_stress__prompt_heldout,coexact_minus_presence,1.2,early,1.0,0.25806451612903225,0.2870153854361005,1.0,0.25,-1.2398645795515684,0.535439676703235,0.06026042680347385,0.5698302946199676,0.1404126049879608,1,1,1,1,1,1,1
spiral_out_hltd_closed_loop_identity02_prompt_heldout_branch_surface_l4_5_7_k12_16_24_a04_08_12_s0_19,identity_stress,5,24,identity_stress__prompt_heldout,coexact_minus_presence,1.2,late,0.0,,,,,,,,,,1,0,0,0,0,0,0
spiral_out_hltd_closed_loop_identity02_prompt_heldout_branch_surface_l4_5_7_k12_16_24_a04_08_12_s0_19,identity_stress,5,24,identity_stress__prompt_heldout,coexact_minus_presence,1.2,middle,0.0,,,,,,,,,,1,0,0,0,0,0,0
spiral_out_hltd_closed_loop_identity02_prompt_heldout_branch_surface_l4_5_7_k12_16_24_a04_08_12_s0_19,identity_stress,5,24,identity_stress__prompt_heldout,negative_coexact,0.4,all,1.0,0.25806451612903225,0.2870153854361005,1.0,0.0,-1.1828958905867246,-0.10225994213839804,-0.005633991853859073,0.013334583154242775,0.0022682812206963783,1,1,1,1,1,1,1
spiral_out_hltd_closed_loop_identity02_prompt_heldout_branch_surface_l4_5_7_k12_16_24_a04_08_12_s0_19,identity_stress,5,24,identity_stress__prompt_heldout,negative_coexact,0.4,early,1.0,0.25806451612903225,0.2870153854361005,1.0,0.0,-1.1828958905867246,-0.10225994213839804,-0.005633991853859073,0.013334583154242775,0.0022682812206963783,1,1,1,1,1,1,1
spiral_out_hltd_closed_loop_identity02_prompt_heldout_branch_surface_l4_5_7_k12_16_24_a04_08_12_s0_19,identity_stress,5,24,identity_stress__prompt_heldout,negative_coexact,0.4,late,0.0,,,,,,,,,,1,0,0,0,0,0,0
spiral_out_hltd_closed_loop_identity02_prompt_heldout_branch_surface_l4_5_7_k12_16_24_a04_08_12_s0_19,identity_stress,5,24,identity_stress__prompt_heldout,negative_coexact,0.4,middle,0.0,,,,,,,,,,1,0,0,0,0,0,0
spiral_out_hltd_closed_loop_identity02_prompt_heldout_branch_surface_l4_5_7_k12_16_24_a04_08_12_s0_19,identity_stress,5,24,identity_stress__prompt_heldout,negative_coexact,0.8,all,1.0,0.25806451612903225,0.2870153854361005,1.0,0.25,-1.2348215497664121,-0.21054770079319463,0.041526230908637246,0.09167101278703238,0.014340040258455075,1,1,1,1,1,1,1
spiral_out_hltd_closed_loop_identity02_prompt_heldout_branch_surface_l4_5_7_k12_16_24_a04_08_12_s0_19,identity_stress,5,24,identity_stress__prompt_heldout,negative_coexact,0.8,early,1.0,0.25806451612903225,0.2870153854361005,1.0,0.25,-1.2348215497664121,-0.21054770079319463,0.041526230908637246,0.09167101278703238,0.014340040258455075,1,1,1,1,1,1,1
spiral_out_hltd_closed_loop_identity02_prompt_heldout_branch_surface_l4_5_7_k12_16_24_a04_08_12_s0_19,identity_stress,5,24,identity_stress__prompt_heldout,negative_coexact,0.8,late,0.0,,,,,,,,,,1,0,0,0,0,0,0
spiral_out_hltd_closed_loop_identity02_prompt_heldout_branch_surface_l4_5_7_k12_16_24_a04_08_12_s0_19,identity_stress,5,24,identity_stress__prompt_heldout,negative_coexact,0.8,middle,0.0,,,,,,,,,,1,0,0,0,0,0,0
spiral_out_hltd_closed_loop_identity02_prompt_heldout_branch_surface_l4_5_7_k12_16_24_a04_08_12_s0_19,identity_stress,5,24,identity_stress__prompt_heldout,negative_coexact,1.2,all,1.0,0.25806451612903225,0.2870153854361005,1.0,0.25,-1.2348215497664121,0.06308132660777321,0.04300706976997052,0.3178350832791319,0.07208733017529155,1,1,1,1,1,1,1
spiral_out_hltd_closed_loop_identity02_prompt_heldout_branch_surface_l4_5_7_k12_16_24_a04_08_12_s0_19,identity_stress,5,24,identity_stress__prompt_heldout,negative_coexact,1.2,early,1.0,0.25806451612903225,0.2870153854361005,1.0,0.25,-1.2348215497664121,0.06308132660777321,0.04300706976997052,0.3178350832791319,0.07208733017529155,1,1,1,1,1,1,1
spiral_out_hltd_closed_loop_identity02_prompt_heldout_branch_surface_l4_5_7_k12_16_24_a04_08_12_s0_19,identity_stress,5,24,identity_stress__prompt_heldout,negative_coexact,1.2,late,0.0,,,,,,,,,,1,0,0,0,0,0,0
spiral_out_hltd_closed_loop_identity02_prompt_heldout_branch_surface_l4_5_7_k12_16_24_a04_08_12_s0_19,identity_stress,5,24,identity_stress__prompt_heldout,negative_coexact,1.2,middle,0.0,,,,,,,,,,1,0,0,0,0,0,0
spiral_out_hltd_closed_loop_identity02_prompt_heldout_branch_surface_l4_5_7_k12_16_24_a04_08_12_s0_19,identity_stress,5,24,identity_stress__prompt_heldout,presence,0.4,all,1.0,0.25806451612903225,0.2870153854361005,1.0,0.0,-1.1828958905867246,-0.008180668960866094,-0.05251353909337553,0.08983666673444404,0.0037336095781703884,1,1,1,1,1,1,1
spiral_out_hltd_closed_loop_identity02_prompt_heldout_branch_surface_l4_5_7_k12_16_24_a04_08_12_s0_19,identity_stress,5,24,identity_stress__prompt_heldout,presence,0.4,early,1.0,0.25806451612903225,0.2870153854361005,1.0,0.0,-1.1828958905867246,-0.008180668960866094,-0.05251353909337553,0.08983666673444404,0.0037336095781703884,1,1,1,1,1,1,1
spiral_out_hltd_closed_loop_identity02_prompt_heldout_branch_surface_l4_5_7_k12_16_24_a04_08_12_s0_19,identity_stress,5,24,identity_stress__prompt_heldout,presence,0.4,late,0.0,,,,,,,,,,1,0,0,0,0,0,0
spiral_out_hltd_closed_loop_identity02_prompt_heldout_branch_surface_l4_5_7_k12_16_24_a04_08_12_s0_19,identity_stress,5,24,identity_stress__prompt_heldout,presence,0.4,middle,0.0,,,,,,,,,,1,0,0,0,0,0,0
spiral_out_hltd_closed_loop_identity02_prompt_heldout_branch_surface_l4_5_7_k12_16_24_a04_08_12_s0_19,identity_stress,5,24,identity_stress__prompt_heldout,presence,0.8,all,1.0,0.25806451612903225,0.2870153854361005,1.0,0.25,-1.2348215497664121,0.0845385232085096,-0.00037337441811757105,0.20112705457586216,0.017997344852128574,1,1,1,1,1,1,1
spiral_out_hltd_closed_loop_identity02_prompt_heldout_branch_surface_l4_5_7_k12_16_24_a04_08_12_s0_19,identity_stress,5,24,identity_stress__prompt_heldout,presence,0.8,early,1.0,0.25806451612903225,0.2870153854361005,1.0,0.25,-1.2348215497664121,0.0845385232085096,-0.00037337441811757105,0.20112705457586216,0.017997344852128574,1,1,1,1,1,1,1
spiral_out_hltd_closed_loop_identity02_prompt_heldout_branch_surface_l4_5_7_k12_16_24_a04_08_12_s0_19,identity_stress,5,24,identity_stress__prompt_heldout,presence,0.8,late,0.0,,,,,,,,,,1,0,0,0,0,0,0
spiral_out_hltd_closed_loop_identity02_prompt_heldout_branch_surface_l4_5_7_k12_16_24_a04_08_12_s0_19,identity_stress,5,24,identity_stress__prompt_heldout,presence,0.8,middle,0.0,,,,,,,,,,1,0,0,0,0,0,0
spiral_out_hltd_closed_loop_identity02_prompt_heldout_branch_surface_l4_5_7_k12_16_24_a04_08_12_s0_19,identity_stress,5,24,identity_stress__prompt_heldout,presence,1.2,all,1.0,0.29838709677419356,0.26285056692558784,1.0,0.5,-1.3943211587684026,0.4065669655726478,0.006718643243456085,0.2391204349761073,0.03692406294746217,1,1,1,1,1,1,1
spiral_out_hltd_closed_loop_identity02_prompt_heldout_branch_surface_l4_5_7_k12_16_24_a04_08_12_s0_19,identity_stress,5,24,identity_stress__prompt_heldout,presence,1.2,early,0.75,0.25806451612903225,0.2614978684598237,1.0,0.3333333333333333,-0.9068906867169394,0.444598241247886,-0.11299927969330759,0.26076843356124635,0.0283605733905416,1,1,1,1,1,1,1
spiral_out_hltd_closed_loop_identity02_prompt_heldout_branch_surface_l4_5_7_k12_16_24_a04_08_12_s0_19,identity_stress,5,24,identity_stress__prompt_heldout,presence,1.2,late,0.0,,,,,,,,,,1,0,0,0,0,0,0
spiral_out_hltd_closed_loop_identity02_prompt_heldout_branch_surface_l4_5_7_k12_16_24_a04_08_12_s0_19,identity_stress,5,24,identity_stress__prompt_heldout,presence,1.2,middle,0.25,0.41935483870967744,0.2669086623228802,1.0,1.0,-2.856612574922792,0.2924731385469332,0.3658724120537471,0.1741764392206901,0.0626145316182239,1,1,1,1,1,1,1
spiral_out_hltd_closed_loop_identity02_prompt_heldout_branch_surface_l4_5_7_k12_16_24_a04_08_12_s0_19,identity_stress,5,24,identity_stress__prompt_heldout,presence_plus_coexact,0.4,all,1.0,0.29838709677419356,0.26285056692558784,1.0,0.5,-1.2164246591346135,0.070352807774388,-0.016920342825603278,0.04813038193348732,0.002640250560304048,1,1,1,1,1,1,1
spiral_out_hltd_closed_loop_identity02_prompt_heldout_branch_surface_l4_5_7_k12_16_24_a04_08_12_s0_19,identity_stress,5,24,identity_stress__prompt_heldout,presence_plus_coexact,0.4,early,0.75,0.25806451612903225,0.2614978684598237,1.0,0.3333333333333333,-0.9068906867169394,0.0794063000858068,-0.03820515015160687,0.08318783062043346,0.0027994962017276978,1,1,1,1,1,1,1
spiral_out_hltd_closed_loop_identity02_prompt_heldout_branch_surface_l4_5_7_k12_16_24_a04_08_12_s0_19,identity_stress,5,24,identity_stress__prompt_heldout,presence_plus_coexact,0.4,late,0.0,,,,,,,,,,1,0,0,0,0,0,0
spiral_out_hltd_closed_loop_identity02_prompt_heldout_branch_surface_l4_5_7_k12_16_24_a04_08_12_s0_19,identity_stress,5,24,identity_stress__prompt_heldout,presence_plus_coexact,0.4,middle,0.25,0.41935483870967744,0.2669086623228802,1.0,1.0,-2.145026576387636,0.0431923308401316,0.0469340791524075,-0.0570419641273511,0.0021625136360331,1,1,1,1,1,1,1
spiral_out_hltd_closed_loop_identity02_prompt_heldout_branch_surface_l4_5_7_k12_16_24_a04_08_12_s0_19,identity_stress,5,24,identity_stress__prompt_heldout,presence_plus_coexact,0.8,all,1.0,0.29838709677419356,0.26285056692558784,1.0,0.5,-1.2164246591346135,0.19249359975620095,-0.060267401799538975,0.12749084774702335,0.010555159666891717,1,1,1,1,1,1,1
spiral_out_hltd_closed_loop_identity02_prompt_heldout_branch_surface_l4_5_7_k12_16_24_a04_08_12_s0_19,identity_stress,5,24,identity_stress__prompt_heldout,presence_plus_coexact,0.8,early,0.75,0.25806451612903225,0.2614978684598237,1.0,0.3333333333333333,-0.9068906867169394,0.23373176998661727,-0.07697618684885767,0.17418112620772622,0.011001977410537723,1,1,1,1,1,1,1
spiral_out_hltd_closed_loop_identity02_prompt_heldout_branch_surface_l4_5_7_k12_16_24_a04_08_12_s0_19,identity_stress,5,24,identity_stress__prompt_heldout,presence_plus_coexact,0.8,late,0.0,,,,,,,,,,1,0,0,0,0,0,0
spiral_out_hltd_closed_loop_identity02_prompt_heldout_branch_surface_l4_5_7_k12_16_24_a04_08_12_s0_19,identity_stress,5,24,identity_stress__prompt_heldout,presence_plus_coexact,0.8,middle,0.25,0.41935483870967744,0.2669086623228802,1.0,1.0,-2.145026576387636,0.068779089064952,-0.0101410466515829,-0.0125799876350853,0.0092147064359537,1,1,1,1,1,1,1
spiral_out_hltd_closed_loop_identity02_prompt_heldout_branch_surface_l4_5_7_k12_16_24_a04_08_12_s0_19,identity_stress,5,24,identity_stress__prompt_heldout,presence_plus_coexact,1.2,all,1.0,0.29838709677419356,0.26285056692558784,1.0,0.5,-1.2164246591346135,0.37994169449606097,-0.13033585085772256,0.2363652542886646,0.027390242529081246,1,1,1,1,1,1,1
spiral_out_hltd_closed_loop_identity02_prompt_heldout_branch_surface_l4_5_7_k12_16_24_a04_08_12_s0_19,identity_stress,5,24,identity_stress__prompt_heldout,presence_plus_coexact,1.2,early,0.75,0.25806451612903225,0.2614978684598237,1.0,0.3333333333333333,-0.9068906867169394,0.48068572757042105,-0.11198887316071665,0.2681601176389398,0.025916336819909864,1,1,1,1,1,1,1
spiral_out_hltd_closed_loop_identity02_prompt_heldout_branch_surface_l4_5_7_k12_16_24_a04_08_12_s0_19,identity_stress,5,24,identity_stress__prompt_heldout,presence_plus_coexact,1.2,late,0.0,,,,,,,,,,1,0,0,0,0,0,0
spiral_out_hltd_closed_loop_identity02_prompt_heldout_branch_surface_l4_5_7_k12_16_24_a04_08_12_s0_19,identity_stress,5,24,identity_stress__prompt_heldout,presence_plus_coexact,1.2,middle,0.25,0.41935483870967744,0.2669086623228802,1.0,1.0,-2.145026576387636,0.0777095952729807,-0.1853767839487403,0.1409806642378388,0.0318119596565954,1,1,1,1,1,1,1
spiral_out_hltd_closed_loop_identity02_prompt_heldout_branch_surface_l4_5_7_k12_16_24_a04_08_12_s0_19,identity_stress,5,24,identity_stress__prompt_heldout,random_tangent,0.4,all,1.0,0.2721774193548387,0.2785576989574211,1.0,0.2,-1.1998235254964544,-0.015802759351222946,0.0067228199362489235,0.019195369533801333,0.00417787532815932,1,1,1,1,1,1,1
spiral_out_hltd_closed_loop_identity02_prompt_heldout_branch_surface_l4_5_7_k12_16_24_a04_08_12_s0_19,identity_stress,5,24,identity_stress__prompt_heldout,random_tangent,0.4,early,0.9125,0.25806451612903225,0.27808425449440366,1.0,0.14166666666666666,-1.0914866351502686,-0.017720522010366415,0.006945764144363288,0.024422066216698547,0.0037615952393605517,1,1,1,1,1,1,1
spiral_out_hltd_closed_loop_identity02_prompt_heldout_branch_surface_l4_5_7_k12_16_24_a04_08_12_s0_19,identity_stress,5,24,identity_stress__prompt_heldout,random_tangent,0.4,late,0.0,,,,,,,,,,1,0,0,0,0,0,0
spiral_out_hltd_closed_loop_identity02_prompt_heldout_branch_surface_l4_5_7_k12_16_24_a04_08_12_s0_19,identity_stress,5,24,identity_stress__prompt_heldout,random_tangent,0.4,middle,0.0875,0.41935483870967744,0.2669086623228802,1.0,1.0,-2.145026576387636,0.0344179845555937,-0.01308314170300863,0.0031304839102794823,0.00852955245710067,1,1,1,1,1,1,1
spiral_out_hltd_closed_loop_identity02_prompt_heldout_branch_surface_l4_5_7_k12_16_24_a04_08_12_s0_19,identity_stress,5,24,identity_stress__prompt_heldout,random_tangent,0.8,all,1.0,0.27620967741935487,0.2761412171063698,1.0,0.2875,-1.2112174027174543,0.02632308105321532,-0.031456781950617,0.1293438758804427,0.024080906839314693,1,1,1,1,1,1,1
spiral_out_hltd_closed_loop_identity02_prompt_heldout_branch_surface_l4_5_7_k12_16_24_a04_08_12_s0_19,identity_stress,5,24,identity_stress__prompt_heldout,random_tangent,0.8,early,0.8875,0.25806451612903225,0.27553250279677594,1.0,0.2125,-1.071927115129501,0.023238841247864055,-0.011663882076984865,0.12963276827023476,0.022001250327351958,1,1,1,1,1,1,1
spiral_out_hltd_closed_loop_identity02_prompt_heldout_branch_surface_l4_5_7_k12_16_24_a04_08_12_s0_19,identity_stress,5,24,identity_stress__prompt_heldout,random_tangent,0.8,late,0.0,,,,,,,,,,1,0,0,0,0,0,0
spiral_out_hltd_closed_loop_identity02_prompt_heldout_branch_surface_l4_5_7_k12_16_24_a04_08_12_s0_19,identity_stress,5,24,identity_stress__prompt_heldout,random_tangent,0.8,middle,0.1125,0.41935483870967744,0.2669086623228802,1.0,1.0,-2.145026576387636,0.059949698321922616,-0.21730032971161012,0.1644749952937538,0.041447510849346086,1,1,1,1,1,1,1
spiral_out_hltd_closed_loop_identity02_prompt_heldout_branch_surface_l4_5_7_k12_16_24_a04_08_12_s0_19,identity_stress,5,24,identity_stress__prompt_heldout,random_tangent,1.2,all,1.0,0.28629032258064513,0.2706318142006883,1.0,0.4125,-1.9652656571712293,0.28057806988105033,0.6160741137197381,0.3277719292217168,0.32338019006296104,1,1,1,1,1,1,1
spiral_out_hltd_closed_loop_identity02_prompt_heldout_branch_surface_l4_5_7_k12_16_24_a04_08_12_s0_19,identity_stress,5,24,identity_stress__prompt_heldout,random_tangent,1.2,early,0.85,0.25806451612903225,0.26916784107044367,1.0,0.3208333333333333,-1.8570299594245703,0.2982682359403308,0.7398663917909434,0.32652846517726697,0.3586686088470723,1,1,1,1,1,1,1
spiral_out_hltd_closed_loop_identity02_prompt_heldout_branch_surface_l4_5_7_k12_16_24_a04_08_12_s0_19,identity_stress,5,24,identity_stress__prompt_heldout,random_tangent,1.2,late,0.0125,0.7419354838709677,0.2970393445565581,1.0,1.0,-2.894186695446166,0.8931991316548329,0.617779960347363,-0.1532890502222486,0.1487052329876207,1,1,1,1,1,1,1
spiral_out_hltd_closed_loop_identity02_prompt_heldout_branch_surface_l4_5_7_k12_16_24_a04_08_12_s0_19,identity_stress,5,24,identity_stress__prompt_heldout,random_tangent,1.2,middle,0.1375,0.41935483870967744,0.2669086623228802,1.0,1.0,-2.339095485079042,0.09958322595278904,-0.2687517530188886,0.42831191495310306,0.11959977097280769,1,1,1,1,1,1,1
spiral_out_hltd_closed_loop_identity02_prompt_heldout_branch_surface_l4_5_7_k12_16_24_a04_08_12_s0_19,identity_stress,7,12,identity_stress__prompt_heldout,baseline,0.0,all,1.0,0.25806451612903225,0.30119544288950745,0.0,0.0,-1.1828958905867246,,,,,1,1,0,0,0,0,0
spiral_out_hltd_closed_loop_identity02_prompt_heldout_branch_surface_l4_5_7_k12_16_24_a04_08_12_s0_19,identity_stress,7,12,identity_stress__prompt_heldout,baseline,0.0,early,1.0,0.25806451612903225,0.30119544288950745,0.0,0.0,-1.1828958905867246,,,,,1,1,0,0,0,0,0
spiral_out_hltd_closed_loop_identity02_prompt_heldout_branch_surface_l4_5_7_k12_16_24_a04_08_12_s0_19,identity_stress,7,12,identity_stress__prompt_heldout,baseline,0.0,late,0.0,,,,,,,,,,1,0,0,0,0,0,0
spiral_out_hltd_closed_loop_identity02_prompt_heldout_branch_surface_l4_5_7_k12_16_24_a04_08_12_s0_19,identity_stress,7,12,identity_stress__prompt_heldout,baseline,0.0,middle,0.0,,,,,,,,,,1,0,0,0,0,0,0
spiral_out_hltd_closed_loop_identity02_prompt_heldout_branch_surface_l4_5_7_k12_16_24_a04_08_12_s0_19,identity_stress,7,12,identity_stress__prompt_heldout,coexact,0.4,all,1.0,0.29838709677419356,0.28567770468722886,1.0,0.5,-1.2164246591346135,0.1021963300018107,0.018982798570462475,-0.024100621009624675,0.009254181299198031,1,1,1,1,1,1,1
spiral_out_hltd_closed_loop_identity02_prompt_heldout_branch_surface_l4_5_7_k12_16_24_a04_08_12_s0_19,identity_stress,7,12,identity_stress__prompt_heldout,coexact,0.4,early,0.75,0.25806451612903225,0.27514105868727307,1.0,0.3333333333333333,-0.9068906867169394,0.10088957625148194,0.028071565758973297,-0.009191016163750801,0.004876023496710808,1,1,1,1,1,1,1
spiral_out_hltd_closed_loop_identity02_prompt_heldout_branch_surface_l4_5_7_k12_16_24_a04_08_12_s0_19,identity_stress,7,12,identity_stress__prompt_heldout,coexact,0.4,late,0.0,,,,,,,,,,1,0,0,0,0,0,0
spiral_out_hltd_closed_loop_identity02_prompt_heldout_branch_surface_l4_5_7_k12_16_24_a04_08_12_s0_19,identity_stress,7,12,identity_stress__prompt_heldout,coexact,0.4,middle,0.25,0.41935483870967744,0.3172876426870964,1.0,1.0,-2.145026576387636,0.106116591252797,-0.00828350299507,-0.0688294355472463,0.0223886547066597,1,1,1,1,1,1,1
spiral_out_hltd_closed_loop_identity02_prompt_heldout_branch_surface_l4_5_7_k12_16_24_a04_08_12_s0_19,identity_stress,7,12,identity_stress__prompt_heldout,coexact,0.8,all,1.0,0.29838709677419356,0.28567770468722886,1.0,0.5,-1.2164246591346135,0.2770734050176899,0.0002585684728835039,-0.04251728024768532,0.0505172776582481,1,1,1,1,1,1,1
spiral_out_hltd_closed_loop_identity02_prompt_heldout_branch_surface_l4_5_7_k12_16_24_a04_08_12_s0_19,identity_stress,7,12,identity_stress__prompt_heldout,coexact,0.8,early,0.75,0.25806451612903225,0.27514105868727307,1.0,0.3333333333333333,-0.9068906867169394,0.22282924225362058,0.05473687713657204,-0.008793851593604836,0.023302737730429235,1,1,1,1,1,1,1
spiral_out_hltd_closed_loop_identity02_prompt_heldout_branch_surface_l4_5_7_k12_16_24_a04_08_12_s0_19,identity_stress,7,12,identity_stress__prompt_heldout,coexact,0.8,late,0.0,,,,,,,,,,1,0,0,0,0,0,0
spiral_out_hltd_closed_loop_identity02_prompt_heldout_branch_surface_l4_5_7_k12_16_24_a04_08_12_s0_19,identity_stress,7,12,identity_stress__prompt_heldout,coexact,0.8,middle,0.25,0.41935483870967744,0.3172876426870964,1.0,1.0,-2.145026576387636,0.4398058933098978,-0.1631763575181821,-0.1436875662099268,0.1321608974417047,1,1,1,1,1,1,1
spiral_out_hltd_closed_loop_identity02_prompt_heldout_branch_surface_l4_5_7_k12_16_24_a04_08_12_s0_19,identity_stress,7,12,identity_stress__prompt_heldout,coexact,1.2,all,1.0,0.29838709677419356,0.28567770468722886,1.0,0.5,-1.3943211587684026,0.5581000153874729,0.2776520974216509,-0.010160707735964124,0.1666219307926656,1,1,1,1,1,1,1
spiral_out_hltd_closed_loop_identity02_prompt_heldout_branch_surface_l4_5_7_k12_16_24_a04_08_12_s0_19,identity_stress,7,12,identity_stress__prompt_heldout,coexact,1.2,early,0.75,0.25806451612903225,0.27514105868727307,1.0,0.3333333333333333,-0.9068906867169394,0.5295549661339987,0.06029350932571251,0.0377184252768603,0.06354247371276826,1,1,1,1,1,1,1
spiral_out_hltd_closed_loop_identity02_prompt_heldout_branch_surface_l4_5_7_k12_16_24_a04_08_12_s0_19,identity_stress,7,12,identity_stress__prompt_heldout,coexact,1.2,late,0.0,,,,,,,,,,1,0,0,0,0,0,0
spiral_out_hltd_closed_loop_identity02_prompt_heldout_branch_surface_l4_5_7_k12_16_24_a04_08_12_s0_19,identity_stress,7,12,identity_stress__prompt_heldout,coexact,1.2,middle,0.25,0.41935483870967744,0.3172876426870964,1.0,1.0,-2.856612574922792,0.6437351631478956,0.9297278617094662,-0.1537981067744374,0.4758603020323576,1,1,1,1,1,1,1
spiral_out_hltd_closed_loop_identity02_prompt_heldout_branch_surface_l4_5_7_k12_16_24_a04_08_12_s0_19,identity_stress,7,12,identity_stress__prompt_heldout,coexact_minus_presence,0.4,all,1.0,0.29838709677419356,0.28567770468722886,1.0,0.5,-1.2164246591346135,0.1688515259597909,0.023226895831882623,0.03069628335818812,0.00805629250715915,1,1,1,1,1,1,1
spiral_out_hltd_closed_loop_identity02_prompt_heldout_branch_surface_l4_5_7_k12_16_24_a04_08_12_s0_19,identity_stress,7,12,identity_stress__prompt_heldout,coexact_minus_presence,0.4,early,0.75,0.25806451612903225,0.27514105868727307,1.0,0.3333333333333333,-0.9068906867169394,0.20316084570790416,-0.0028087535569104364,0.07379861611014933,0.007296160151669066,1,1,1,1,1,1,1
spiral_out_hltd_closed_loop_identity02_prompt_heldout_branch_surface_l4_5_7_k12_16_24_a04_08_12_s0_19,identity_stress,7,12,identity_stress__prompt_heldout,coexact_minus_presence,0.4,late,0.0,,,,,,,,,,1,0,0,0,0,0,0
spiral_out_hltd_closed_loop_identity02_prompt_heldout_branch_surface_l4_5_7_k12_16_24_a04_08_12_s0_19,identity_stress,7,12,identity_stress__prompt_heldout,coexact_minus_presence,0.4,middle,0.25,0.41935483870967744,0.3172876426870964,1.0,1.0,-2.145026576387636,0.0659235667154511,0.1013338439982618,-0.0986107148976955,0.0103366895736294,1,1,1,1,1,1,1
spiral_out_hltd_closed_loop_identity02_prompt_heldout_branch_surface_l4_5_7_k12_16_24_a04_08_12_s0_19,identity_stress,7,12,identity_stress__prompt_heldout,coexact_minus_presence,0.8,all,1.0,0.29838709677419356,0.28567770468722886,1.0,0.5,-1.2164246591346135,0.3898321533009823,-0.0019625962599505798,0.10847254238412514,0.0329061644961833,1,1,1,1,1,1,1
spiral_out_hltd_closed_loop_identity02_prompt_heldout_branch_surface_l4_5_7_k12_16_24_a04_08_12_s0_19,identity_stress,7,12,identity_stress__prompt_heldout,coexact_minus_presence,0.8,early,0.75,0.25806451612903225,0.27514105868727307,1.0,0.3333333333333333,-0.9068906867169394,0.48380231982710775,-0.010320895660711973,0.16762272280122933,0.029542910231580465,1,1,1,1,1,1,1
spiral_out_hltd_closed_loop_identity02_prompt_heldout_branch_surface_l4_5_7_k12_16_24_a04_08_12_s0_19,identity_stress,7,12,identity_stress__prompt_heldout,coexact_minus_presence,0.8,late,0.0,,,,,,,,,,1,0,0,0,0,0,0
spiral_out_hltd_closed_loop_identity02_prompt_heldout_branch_surface_l4_5_7_k12_16_24_a04_08_12_s0_19,identity_stress,7,12,identity_stress__prompt_heldout,coexact_minus_presence,0.8,middle,0.25,0.41935483870967744,0.3172876426870964,1.0,1.0,-2.145026576387636,0.1079216537226059,0.0231123019423336,-0.0689779988671874,0.0429959272899918,1,1,1,1,1,1,1
spiral_out_hltd_closed_loop_identity02_prompt_heldout_branch_surface_l4_5_7_k12_16_24_a04_08_12_s0_19,identity_stress,7,12,identity_stress__prompt_heldout,coexact_minus_presence,1.2,all,1.0,0.29838709677419356,0.28567770468722886,1.0,0.5,-1.2164246591346135,0.7976874522273465,-0.06925576975275763,0.23602048010849264,0.0788365825833326,1,1,1,1,1,1,1
spiral_out_hltd_closed_loop_identity02_prompt_heldout_branch_surface_l4_5_7_k12_16_24_a04_08_12_s0_19,identity_stress,7,12,identity_stress__prompt_heldout,coexact_minus_presence,1.2,early,0.75,0.25806451612903225,0.27514105868727307,1.0,0.3333333333333333,-0.9068906867169394,1.0044939157573374,-0.04468385022367258,0.3221168810529144,0.06703909987446048,1,1,1,1,1,1,1
spiral_out_hltd_closed_loop_identity02_prompt_heldout_branch_surface_l4_5_7_k12_16_24_a04_08_12_s0_19,identity_stress,7,12,identity_stress__prompt_heldout,coexact_minus_presence,1.2,late,0.0,,,,,,,,,,1,0,0,0,0,0,0
spiral_out_hltd_closed_loop_identity02_prompt_heldout_branch_surface_l4_5_7_k12_16_24_a04_08_12_s0_19,identity_stress,7,12,identity_stress__prompt_heldout,coexact_minus_presence,1.2,middle,0.25,0.41935483870967744,0.3172876426870964,1.0,1.0,-2.145026576387636,0.177268061637374,-0.1429715283400128,-0.0222687227247728,0.114229030709949,1,1,1,1,1,1,1
spiral_out_hltd_closed_loop_identity02_prompt_heldout_branch_surface_l4_5_7_k12_16_24_a04_08_12_s0_19,identity_stress,7,12,identity_stress__prompt_heldout,negative_coexact,0.4,all,1.0,0.25806451612903225,0.30119544288950745,1.0,0.0,-1.1828958905867246,-0.13031295799452985,-0.009553192559700129,0.025357750413472324,0.00424625002478245,1,1,1,1,1,1,1
spiral_out_hltd_closed_loop_identity02_prompt_heldout_branch_surface_l4_5_7_k12_16_24_a04_08_12_s0_19,identity_stress,7,12,identity_stress__prompt_heldout,negative_coexact,0.4,early,1.0,0.25806451612903225,0.30119544288950745,1.0,0.0,-1.1828958905867246,-0.13031295799452985,-0.009553192559700129,0.025357750413472324,0.00424625002478245,1,1,1,1,1,1,1
spiral_out_hltd_closed_loop_identity02_prompt_heldout_branch_surface_l4_5_7_k12_16_24_a04_08_12_s0_19,identity_stress,7,12,identity_stress__prompt_heldout,negative_coexact,0.4,late,0.0,,,,,,,,,,1,0,0,0,0,0,0
spiral_out_hltd_closed_loop_identity02_prompt_heldout_branch_surface_l4_5_7_k12_16_24_a04_08_12_s0_19,identity_stress,7,12,identity_stress__prompt_heldout,negative_coexact,0.4,middle,0.0,,,,,,,,,,1,0,0,0,0,0,0
spiral_out_hltd_closed_loop_identity02_prompt_heldout_branch_surface_l4_5_7_k12_16_24_a04_08_12_s0_19,identity_stress,7,12,identity_stress__prompt_heldout,negative_coexact,0.8,all,1.0,0.25806451612903225,0.30119544288950745,1.0,0.25,-1.2398645795515684,-0.23830259341456417,0.0641601084369689,0.07756417654429384,0.019300325183505326,1,1,1,1,1,1,1
spiral_out_hltd_closed_loop_identity02_prompt_heldout_branch_surface_l4_5_7_k12_16_24_a04_08_12_s0_19,identity_stress,7,12,identity_stress__prompt_heldout,negative_coexact,0.8,early,1.0,0.25806451612903225,0.30119544288950745,1.0,0.25,-1.2398645795515684,-0.23830259341456417,0.0641601084369689,0.07756417654429384,0.019300325183505326,1,1,1,1,1,1,1
spiral_out_hltd_closed_loop_identity02_prompt_heldout_branch_surface_l4_5_7_k12_16_24_a04_08_12_s0_19,identity_stress,7,12,identity_stress__prompt_heldout,negative_coexact,0.8,late,0.0,,,,,,,,,,1,0,0,0,0,0,0
spiral_out_hltd_closed_loop_identity02_prompt_heldout_branch_surface_l4_5_7_k12_16_24_a04_08_12_s0_19,identity_stress,7,12,identity_stress__prompt_heldout,negative_coexact,0.8,middle,0.0,,,,,,,,,,1,0,0,0,0,0,0
spiral_out_hltd_closed_loop_identity02_prompt_heldout_branch_surface_l4_5_7_k12_16_24_a04_08_12_s0_19,identity_stress,7,12,identity_stress__prompt_heldout,negative_coexact,1.2,all,1.0,0.25806451612903225,0.30119544288950745,1.0,0.25,-1.2398645795515684,-0.17326493678614074,0.08635935748942455,0.1372612377287518,0.0528836224414578,1,1,1,1,1,1,1
spiral_out_hltd_closed_loop_identity02_prompt_heldout_branch_surface_l4_5_7_k12_16_24_a04_08_12_s0_19,identity_stress,7,12,identity_stress__prompt_heldout,negative_coexact,1.2,early,1.0,0.25806451612903225,0.30119544288950745,1.0,0.25,-1.2398645795515684,-0.17326493678614074,0.08635935748942455,0.1372612377287518,0.0528836224414578,1,1,1,1,1,1,1
spiral_out_hltd_closed_loop_identity02_prompt_heldout_branch_surface_l4_5_7_k12_16_24_a04_08_12_s0_19,identity_stress,7,12,identity_stress__prompt_heldout,negative_coexact,1.2,late,0.0,,,,,,,,,,1,0,0,0,0,0,0
spiral_out_hltd_closed_loop_identity02_prompt_heldout_branch_surface_l4_5_7_k12_16_24_a04_08_12_s0_19,identity_stress,7,12,identity_stress__prompt_heldout,negative_coexact,1.2,middle,0.0,,,,,,,,,,1,0,0,0,0,0,0
spiral_out_hltd_closed_loop_identity02_prompt_heldout_branch_surface_l4_5_7_k12_16_24_a04_08_12_s0_19,identity_stress,7,12,identity_stress__prompt_heldout,presence,0.4,all,1.0,0.29838709677419356,0.28567770468722886,1.0,0.5,-1.2164246591346135,-0.04845944040720208,-0.028505483255738526,-0.040804247407058576,0.00983256985312747,1,1,1,1,1,1,1
spiral_out_hltd_closed_loop_identity02_prompt_heldout_branch_surface_l4_5_7_k12_16_24_a04_08_12_s0_19,identity_stress,7,12,identity_stress__prompt_heldout,presence,0.4,early,0.75,0.25806451612903225,0.27514105868727307,1.0,0.3333333333333333,-0.9068906867169394,-0.08704674968939051,0.030889600979818965,-0.0672693874150787,0.005704040531198394,1,1,1,1,1,1,1
spiral_out_hltd_closed_loop_identity02_prompt_heldout_branch_surface_l4_5_7_k12_16_24_a04_08_12_s0_19,identity_stress,7,12,identity_stress__prompt_heldout,presence,0.4,late,0.0,,,,,,,,,,1,0,0,0,0,0,0
spiral_out_hltd_closed_loop_identity02_prompt_heldout_branch_surface_l4_5_7_k12_16_24_a04_08_12_s0_19,identity_stress,7,12,identity_stress__prompt_heldout,presence,0.4,middle,0.25,0.41935483870967744,0.3172876426870964,1.0,1.0,-2.145026576387636,0.0673024874393632,-0.206690735962411,0.0385911726170018,0.0222181578189147,1,1,1,1,1,1,1
spiral_out_hltd_closed_loop_identity02_prompt_heldout_branch_surface_l4_5_7_k12_16_24_a04_08_12_s0_19,identity_stress,7,12,identity_stress__prompt_heldout,presence,0.8,all,1.0,0.29838709677419356,0.28567770468722886,1.0,0.5,-1.3943211587684026,0.028110950932231052,0.05096873377617685,0.04575699076792868,0.048400050145695594,1,1,1,1,1,1,1
spiral_out_hltd_closed_loop_identity02_prompt_heldout_branch_surface_l4_5_7_k12_16_24_a04_08_12_s0_19,identity_stress,7,12,identity_stress__prompt_heldout,presence,0.8,early,0.75,0.25806451612903225,0.27514105868727307,1.0,0.3333333333333333,-0.9068906867169394,-0.07619203483641296,0.03209206092101627,-0.04163525250395233,0.02278877315563763,1,1,1,1,1,1,1
spiral_out_hltd_closed_loop_identity02_prompt_heldout_branch_surface_l4_5_7_k12_16_24_a04_08_12_s0_19,identity_stress,7,12,identity_stress__prompt_heldout,presence,0.8,late,0.0,,,,,,,,,,1,0,0,0,0,0,0
spiral_out_hltd_closed_loop_identity02_prompt_heldout_branch_surface_l4_5_7_k12_16_24_a04_08_12_s0_19,identity_stress,7,12,identity_stress__prompt_heldout,presence,0.8,middle,0.25,0.41935483870967744,0.3172876426870964,1.0,1.0,-2.856612574922792,0.3410199082381631,0.1075987523416586,0.3079337205835717,0.1252338811158695,1,1,1,1,1,1,1
spiral_out_hltd_closed_loop_identity02_prompt_heldout_branch_surface_l4_5_7_k12_16_24_a04_08_12_s0_19,identity_stress,7,12,identity_stress__prompt_heldout,presence,1.2,all,1.0,0.29838709677419356,0.28567770468722886,1.0,0.5,-1.3943211587684026,0.1712617238549834,0.1997736473492644,0.016410678860676327,0.1206576830548538,1,1,1,1,1,1,1
spiral_out_hltd_closed_loop_identity02_prompt_heldout_branch_surface_l4_5_7_k12_16_24_a04_08_12_s0_19,identity_stress,7,12,identity_stress__prompt_heldout,presence,1.2,early,0.75,0.25806451612903225,0.27514105868727307,1.0,0.3333333333333333,-0.9068906867169394,0.026815568054362398,0.0294084524505583,-0.016686386316187667,0.0606378804104771,1,1,1,1,1,1,1
spiral_out_hltd_closed_loop_identity02_prompt_heldout_branch_surface_l4_5_7_k12_16_24_a04_08_12_s0_19,identity_stress,7,12,identity_stress__prompt_heldout,presence,1.2,late,0.0,,,,,,,,,,1,0,0,0,0,0,0
spiral_out_hltd_closed_loop_identity02_prompt_heldout_branch_surface_l4_5_7_k12_16_24_a04_08_12_s0_19,identity_stress,7,12,identity_stress__prompt_heldout,presence,1.2,middle,0.25,0.41935483870967744,0.3172876426870964,1.0,1.0,-2.856612574922792,0.6046001912568464,0.7108692320453827,0.1157018743912683,0.3007170909879839,1,1,1,1,1,1,1
spiral_out_hltd_closed_loop_identity02_prompt_heldout_branch_surface_l4_5_7_k12_16_24_a04_08_12_s0_19,identity_stress,7,12,identity_stress__prompt_heldout,presence_plus_coexact,0.4,all,1.0,0.29838709677419356,0.28567770468722886,1.0,0.5,-1.2164246591346135,0.04487989435903847,0.003281469315556503,-0.04049012933538918,0.011355318301953108,1,1,1,1,1,1,1
spiral_out_hltd_closed_loop_identity02_prompt_heldout_branch_surface_l4_5_7_k12_16_24_a04_08_12_s0_19,identity_stress,7,12,identity_stress__prompt_heldout,presence_plus_coexact,0.4,early,0.75,0.25806451612903225,0.27514105868727307,1.0,0.3333333333333333,-0.9068906867169394,0.013096653006106929,0.03848901351136644,-0.05059925160924044,0.004419887783283511,1,1,1,1,1,1,1
spiral_out_hltd_closed_loop_identity02_prompt_heldout_branch_surface_l4_5_7_k12_16_24_a04_08_12_s0_19,identity_stress,7,12,identity_stress__prompt_heldout,presence_plus_coexact,0.4,late,0.0,,,,,,,,,,1,0,0,0,0,0,0
spiral_out_hltd_closed_loop_identity02_prompt_heldout_branch_surface_l4_5_7_k12_16_24_a04_08_12_s0_19,identity_stress,7,12,identity_stress__prompt_heldout,presence_plus_coexact,0.4,middle,0.25,0.41935483870967744,0.3172876426870964,1.0,1.0,-2.145026576387636,0.1402296184178331,-0.1023411632718733,-0.0101627625138354,0.0321616098579619,1,1,1,1,1,1,1
spiral_out_hltd_closed_loop_identity02_prompt_heldout_branch_surface_l4_5_7_k12_16_24_a04_08_12_s0_19,identity_stress,7,12,identity_stress__prompt_heldout,presence_plus_coexact,0.8,all,1.0,0.29838709677419356,0.28567770468722886,1.0,0.5,-1.2164246591346135,0.20530184929957507,0.040227054028576965,-0.13325056080092904,0.0607002795341781,1,1,1,1,1,1,1
spiral_out_hltd_closed_loop_identity02_prompt_heldout_branch_surface_l4_5_7_k12_16_24_a04_08_12_s0_19,identity_stress,7,12,identity_stress__prompt_heldout,presence_plus_coexact,0.8,early,0.75,0.25806451612903225,0.27514105868727307,1.0,0.3333333333333333,-0.9068906867169394,0.025415123208836363,0.06930052251841325,-0.07520658742592375,0.020863838952763336,1,1,1,1,1,1,1
spiral_out_hltd_closed_loop_identity02_prompt_heldout_branch_surface_l4_5_7_k12_16_24_a04_08_12_s0_19,identity_stress,7,12,identity_stress__prompt_heldout,presence_plus_coexact,0.8,late,0.0,,,,,,,,,,1,0,0,0,0,0,0
spiral_out_hltd_closed_loop_identity02_prompt_heldout_branch_surface_l4_5_7_k12_16_24_a04_08_12_s0_19,identity_stress,7,12,identity_stress__prompt_heldout,presence_plus_coexact,0.8,middle,0.25,0.41935483870967744,0.3172876426870964,1.0,1.0,-2.145026576387636,0.7449620275717912,-0.0469933514409319,-0.3073824809259449,0.1802096012784224,1,1,1,1,1,1,1
spiral_out_hltd_closed_loop_identity02_prompt_heldout_branch_surface_l4_5_7_k12_16_24_a04_08_12_s0_19,identity_stress,7,12,identity_stress__prompt_heldout,presence_plus_coexact,1.2,all,1.0,0.29838709677419356,0.28567770468722886,1.0,0.5,-1.3943211587684026,0.1744558626253148,0.1743695151388991,0.0944868987601642,0.22082273404431632,1,1,1,1,1,1,1
spiral_out_hltd_closed_loop_identity02_prompt_heldout_branch_surface_l4_5_7_k12_16_24_a04_08_12_s0_19,identity_stress,7,12,identity_stress__prompt_heldout,presence_plus_coexact,1.2,early,0.75,0.25806451612903225,0.27514105868727307,1.0,0.3333333333333333,-0.9068906867169394,0.14455075419362318,0.08044320222833316,-0.05829708850725054,0.05722795843095171,1,1,1,1,1,1,1
spiral_out_hltd_closed_loop_identity02_prompt_heldout_branch_surface_l4_5_7_k12_16_24_a04_08_12_s0_19,identity_stress,7,12,identity_stress__prompt_heldout,presence_plus_coexact,1.2,late,0.0,,,,,,,,,,1,0,0,0,0,0,0
spiral_out_hltd_closed_loop_identity02_prompt_heldout_branch_surface_l4_5_7_k12_16_24_a04_08_12_s0_19,identity_stress,7,12,identity_stress__prompt_heldout,presence_plus_coexact,1.2,middle,0.25,0.41935483870967744,0.3172876426870964,1.0,1.0,-2.856612574922792,0.2641711879203896,0.4561484538705969,0.5528388605624084,0.7116070608844102,1,1,1,1,1,1,1
spiral_out_hltd_closed_loop_identity02_prompt_heldout_branch_surface_l4_5_7_k12_16_24_a04_08_12_s0_19,identity_stress,7,12,identity_stress__prompt_heldout,random_tangent,0.4,all,1.0,0.28024193548387094,0.29266068687825425,1.0,0.275,-1.210231538269753,-0.00592630873562604,0.00799960660345604,0.031838930603276056,0.007400380848474894,1,1,1,1,1,1,1
spiral_out_hltd_closed_loop_identity02_prompt_heldout_branch_surface_l4_5_7_k12_16_24_a04_08_12_s0_19,identity_stress,7,12,identity_stress__prompt_heldout,random_tangent,0.4,early,0.8625,0.25806451612903225,0.28686553157827854,1.0,0.18333333333333332,-1.0310930284583428,-0.016294400669715565,0.001241262791946808,0.037025212762135606,0.006188981697705427,1,1,1,1,1,1,1
spiral_out_hltd_closed_loop_identity02_prompt_heldout_branch_surface_l4_5_7_k12_16_24_a04_08_12_s0_19,identity_stress,7,12,identity_stress__prompt_heldout,random_tangent,0.4,late,0.0,,,,,,,,,,1,0,0,0,0,0,0
spiral_out_hltd_closed_loop_identity02_prompt_heldout_branch_surface_l4_5_7_k12_16_24_a04_08_12_s0_19,identity_stress,7,12,identity_stress__prompt_heldout,random_tangent,0.4,middle,0.1375,0.41935483870967744,0.3172876426870964,1.0,1.0,-2.2097162126181047,0.05788778359379568,0.054980435882523104,0.010332166167469754,0.015585288253774837,1,1,1,1,1,1,1
spiral_out_hltd_closed_loop_identity02_prompt_heldout_branch_surface_l4_5_7_k12_16_24_a04_08_12_s0_19,identity_stress,7,12,identity_stress__prompt_heldout,random_tangent,0.8,all,1.0,0.2842741935483871,0.29110891305802633,1.0,0.3625,-1.2242655674682918,0.05783647332226287,-0.020336143267270755,0.13185871712986064,0.03641327895373012,1,1,1,1,1,1,1
spiral_out_hltd_closed_loop_identity02_prompt_heldout_branch_surface_l4_5_7_k12_16_24_a04_08_12_s0_19,identity_stress,7,12,identity_stress__prompt_heldout,random_tangent,0.8,early,0.8375,0.25806451612903225,0.2842600931580551,1.0,0.25416666666666665,-1.0141736604151141,0.04504144858643565,-0.009069897210634066,0.1338668133730603,0.03158419122881253,1,1,1,1,1,1,1
spiral_out_hltd_closed_loop_identity02_prompt_heldout_branch_surface_l4_5_7_k12_16_24_a04_08_12_s0_19,identity_stress,7,12,identity_stress__prompt_heldout,random_tangent,0.8,late,0.0,,,,,,,,,,1,0,0,0,0,0,0
spiral_out_hltd_closed_loop_identity02_prompt_heldout_branch_surface_l4_5_7_k12_16_24_a04_08_12_s0_19,identity_stress,7,12,identity_stress__prompt_heldout,random_tangent,0.8,middle,0.1625,0.41935483870967744,0.3172876426870964,1.0,1.0,-2.19976396089034,0.13477253579697923,-0.08881100111728503,0.15222681085905607,0.06505917258405752,1,1,1,1,1,1,1
spiral_out_hltd_closed_loop_identity02_prompt_heldout_branch_surface_l4_5_7_k12_16_24_a04_08_12_s0_19,identity_stress,7,12,identity_stress__prompt_heldout,random_tangent,1.2,all,1.0,0.29838709677419356,0.2897648375030209,1.0,0.525,-1.7968658729459726,0.29988160337674313,0.4268708114173137,0.28507680686633663,0.21638087275519163,1,1,1,1,1,1,1
spiral_out_hltd_closed_loop_identity02_prompt_heldout_branch_surface_l4_5_7_k12_16_24_a04_08_12_s0_19,identity_stress,7,12,identity_stress__prompt_heldout,random_tangent,1.2,early,0.775,0.25806451612903225,0.2804180634552706,1.0,0.3958333333333333,-1.49222573817393,0.31462620394084223,0.4655928440407532,0.27253500090617033,0.20753274088137777,1,1,1,1,1,1,1
spiral_out_hltd_closed_loop_identity02_prompt_heldout_branch_surface_l4_5_7_k12_16_24_a04_08_12_s0_19,identity_stress,7,12,identity_stress__prompt_heldout,random_tangent,1.2,late,0.0125,0.7419354838709677,0.3787462965395865,1.0,0.0,-3.4987899084300977,0.1690344556705634,0.9198701868244116,-0.1465425021035917,0.2551789904171173,1,1,1,1,1,1,1
spiral_out_hltd_closed_loop_identity02_prompt_heldout_branch_surface_l4_5_7_k12_16_24_a04_08_12_s0_19,identity_stress,7,12,identity_stress__prompt_heldout,random_tangent,1.2,middle,0.2125,0.41935483870967744,0.3172876426870964,1.0,1.0,-2.3961745758706323,0.19635265157282908,-0.1218944150694759,0.32928563508972575,0.17014523572417173,1,1,1,1,1,1,1
spiral_out_hltd_closed_loop_identity02_prompt_heldout_branch_surface_l4_5_7_k12_16_24_a04_08_12_s0_19,identity_stress,7,16,identity_stress__prompt_heldout,baseline,0.0,all,1.0,0.25806451612903225,0.30119544288950745,0.0,0.0,-1.1828958905867246,,,,,1,1,0,0,0,0,0
spiral_out_hltd_closed_loop_identity02_prompt_heldout_branch_surface_l4_5_7_k12_16_24_a04_08_12_s0_19,identity_stress,7,16,identity_stress__prompt_heldout,baseline,0.0,early,1.0,0.25806451612903225,0.30119544288950745,0.0,0.0,-1.1828958905867246,,,,,1,1,0,0,0,0,0
spiral_out_hltd_closed_loop_identity02_prompt_heldout_branch_surface_l4_5_7_k12_16_24_a04_08_12_s0_19,identity_stress,7,16,identity_stress__prompt_heldout,baseline,0.0,late,0.0,,,,,,,,,,1,0,0,0,0,0,0
spiral_out_hltd_closed_loop_identity02_prompt_heldout_branch_surface_l4_5_7_k12_16_24_a04_08_12_s0_19,identity_stress,7,16,identity_stress__prompt_heldout,baseline,0.0,middle,0.0,,,,,,,,,,1,0,0,0,0,0,0
spiral_out_hltd_closed_loop_identity02_prompt_heldout_branch_surface_l4_5_7_k12_16_24_a04_08_12_s0_19,identity_stress,7,16,identity_stress__prompt_heldout,coexact,0.4,all,1.0,0.29838709677419356,0.28567770468722886,1.0,0.5,-1.2164246591346135,0.1432306134211005,0.01160230273256957,0.0031048205064394263,0.008205780643001735,1,1,1,1,1,1,1
spiral_out_hltd_closed_loop_identity02_prompt_heldout_branch_surface_l4_5_7_k12_16_24_a04_08_12_s0_19,identity_stress,7,16,identity_stress__prompt_heldout,coexact,0.4,early,0.75,0.25806451612903225,0.27514105868727307,1.0,0.3333333333333333,-0.9068906867169394,0.15073416118299335,0.019170970512078594,0.029927506252795,0.00392958131740508,1,1,1,1,1,1,1
spiral_out_hltd_closed_loop_identity02_prompt_heldout_branch_surface_l4_5_7_k12_16_24_a04_08_12_s0_19,identity_stress,7,16,identity_stress__prompt_heldout,coexact,0.4,late,0.0,,,,,,,,,,1,0,0,0,0,0,0
spiral_out_hltd_closed_loop_identity02_prompt_heldout_branch_surface_l4_5_7_k12_16_24_a04_08_12_s0_19,identity_stress,7,16,identity_stress__prompt_heldout,coexact,0.4,middle,0.25,0.41935483870967744,0.3172876426870964,1.0,1.0,-2.145026576387636,0.120719970135422,-0.0111037006059575,-0.0773632367326273,0.0210343786197917,1,1,1,1,1,1,1
spiral_out_hltd_closed_loop_identity02_prompt_heldout_branch_surface_l4_5_7_k12_16_24_a04_08_12_s0_19,identity_stress,7,16,identity_stress__prompt_heldout,coexact,0.8,all,1.0,0.29838709677419356,0.28567770468722886,1.0,0.5,-1.2164246591346135,0.36308107630289554,-0.021316521599132436,0.0411364503643724,0.04359127271610129,1,1,1,1,1,1,1
spiral_out_hltd_closed_loop_identity02_prompt_heldout_branch_surface_l4_5_7_k12_16_24_a04_08_12_s0_19,identity_stress,7,16,identity_stress__prompt_heldout,coexact,0.8,early,0.75,0.25806451612903225,0.27514105868727307,1.0,0.3333333333333333,-0.9068906867169394,0.33769662794660604,0.025624641221099854,0.08497917800247361,0.01816195440451715,1,1,1,1,1,1,1
spiral_out_hltd_closed_loop_identity02_prompt_heldout_branch_surface_l4_5_7_k12_16_24_a04_08_12_s0_19,identity_stress,7,16,identity_stress__prompt_heldout,coexact,0.8,late,0.0,,,,,,,,,,1,0,0,0,0,0,0
spiral_out_hltd_closed_loop_identity02_prompt_heldout_branch_surface_l4_5_7_k12_16_24_a04_08_12_s0_19,identity_stress,7,16,identity_stress__prompt_heldout,coexact,0.8,middle,0.25,0.41935483870967744,0.3172876426870964,1.0,1.0,-2.145026576387636,0.439234421371764,-0.1621400100598293,-0.0903917325499312,0.1198792276508537,1,1,1,1,1,1,1
spiral_out_hltd_closed_loop_identity02_prompt_heldout_branch_surface_l4_5_7_k12_16_24_a04_08_12_s0_19,identity_stress,7,16,identity_stress__prompt_heldout,coexact,1.2,all,1.0,0.29838709677419356,0.28567770468722886,1.0,0.5,-1.3943211587684026,0.7075290046285323,0.26316319989664905,0.006321344822335179,0.14229891911802445,1,1,1,1,1,1,1
spiral_out_hltd_closed_loop_identity02_prompt_heldout_branch_surface_l4_5_7_k12_16_24_a04_08_12_s0_19,identity_stress,7,16,identity_stress__prompt_heldout,coexact,1.2,early,0.75,0.25806451612903225,0.27514105868727307,1.0,0.3333333333333333,-0.9068906867169394,0.677831543645036,0.005249817391117503,0.1820614105172185,0.04954387147254533,1,1,1,1,1,1,1
spiral_out_hltd_closed_loop_identity02_prompt_heldout_branch_surface_l4_5_7_k12_16_24_a04_08_12_s0_19,identity_stress,7,16,identity_stress__prompt_heldout,coexact,1.2,late,0.0,,,,,,,,,,1,0,0,0,0,0,0
spiral_out_hltd_closed_loop_identity02_prompt_heldout_branch_surface_l4_5_7_k12_16_24_a04_08_12_s0_19,identity_stress,7,16,identity_stress__prompt_heldout,coexact,1.2,middle,0.25,0.41935483870967744,0.3172876426870964,1.0,1.0,-2.856612574922792,0.7966213875790213,1.0369033474132436,-0.5208988522623148,0.4205640620544618,1,1,1,1,1,1,1
spiral_out_hltd_closed_loop_identity02_prompt_heldout_branch_surface_l4_5_7_k12_16_24_a04_08_12_s0_19,identity_stress,7,16,identity_stress__prompt_heldout,coexact_minus_presence,0.4,all,1.0,0.29838709677419356,0.28567770468722886,1.0,0.5,-1.2164246591346135,0.19578195888230038,0.0317788891629185,0.0369403814168099,0.006188307505185705,1,1,1,1,1,1,1
spiral_out_hltd_closed_loop_identity02_prompt_heldout_branch_surface_l4_5_7_k12_16_24_a04_08_12_s0_19,identity_stress,7,16,identity_stress__prompt_heldout,coexact_minus_presence,0.4,early,0.75,0.25806451612903225,0.27514105868727307,1.0,0.3333333333333333,-0.9068906867169394,0.23053261299062255,-0.0011950642477055694,0.09626744271676974,0.005157814450053107,1,1,1,1,1,1,1
spiral_out_hltd_closed_loop_identity02_prompt_heldout_branch_surface_l4_5_7_k12_16_24_a04_08_12_s0_19,identity_stress,7,16,identity_stress__prompt_heldout,coexact_minus_presence,0.4,late,0.0,,,,,,,,,,1,0,0,0,0,0,0
spiral_out_hltd_closed_loop_identity02_prompt_heldout_branch_surface_l4_5_7_k12_16_24_a04_08_12_s0_19,identity_stress,7,16,identity_stress__prompt_heldout,coexact_minus_presence,0.4,middle,0.25,0.41935483870967744,0.3172876426870964,1.0,1.0,-2.145026576387636,0.0915299965573339,0.1307007493947907,-0.1410408024830696,0.0092797866705835,1,1,1,1,1,1,1
spiral_out_hltd_closed_loop_identity02_prompt_heldout_branch_surface_l4_5_7_k12_16_24_a04_08_12_s0_19,identity_stress,7,16,identity_stress__prompt_heldout,coexact_minus_presence,0.8,all,1.0,0.29838709677419356,0.28567770468722886,1.0,0.5,-1.2164246591346135,0.44415915672876816,0.02184686930310063,0.11689761171330049,0.025434846724941777,1,1,1,1,1,1,1
spiral_out_hltd_closed_loop_identity02_prompt_heldout_branch_surface_l4_5_7_k12_16_24_a04_08_12_s0_19,identity_stress,7,16,identity_stress__prompt_heldout,coexact_minus_presence,0.8,early,0.75,0.25806451612903225,0.27514105868727307,1.0,0.3333333333333333,-0.9068906867169394,0.5354525795226456,-0.014875857762679823,0.21495199383781957,0.0216052973559941,1,1,1,1,1,1,1
spiral_out_hltd_closed_loop_identity02_prompt_heldout_branch_surface_l4_5_7_k12_16_24_a04_08_12_s0_19,identity_stress,7,16,identity_stress__prompt_heldout,coexact_minus_presence,0.8,late,0.0,,,,,,,,,,1,0,0,0,0,0,0
spiral_out_hltd_closed_loop_identity02_prompt_heldout_branch_surface_l4_5_7_k12_16_24_a04_08_12_s0_19,identity_stress,7,16,identity_stress__prompt_heldout,coexact_minus_presence,0.8,middle,0.25,0.41935483870967744,0.3172876426870964,1.0,1.0,-2.145026576387636,0.170278888347136,0.132015050500442,-0.1772655346602567,0.0369234948317848,1,1,1,1,1,1,1
spiral_out_hltd_closed_loop_identity02_prompt_heldout_branch_surface_l4_5_7_k12_16_24_a04_08_12_s0_19,identity_stress,7,16,identity_stress__prompt_heldout,coexact_minus_presence,1.2,all,1.0,0.29838709677419356,0.28567770468722886,1.0,0.5,-1.2164246591346135,0.8255872313049586,-0.020634179494184248,0.23528907993297526,0.06173519473913204,1,1,1,1,1,1,1
spiral_out_hltd_closed_loop_identity02_prompt_heldout_branch_surface_l4_5_7_k12_16_24_a04_08_12_s0_19,identity_stress,7,16,identity_stress__prompt_heldout,coexact_minus_presence,1.2,early,0.75,0.25806451612903225,0.27514105868727307,1.0,0.3333333333333333,-0.9068906867169394,1.0204521374514435,-0.05000687444853707,0.3698370548596548,0.05149992058524716,1,1,1,1,1,1,1
spiral_out_hltd_closed_loop_identity02_prompt_heldout_branch_surface_l4_5_7_k12_16_24_a04_08_12_s0_19,identity_stress,7,16,identity_stress__prompt_heldout,coexact_minus_presence,1.2,late,0.0,,,,,,,,,,1,0,0,0,0,0,0
spiral_out_hltd_closed_loop_identity02_prompt_heldout_branch_surface_l4_5_7_k12_16_24_a04_08_12_s0_19,identity_stress,7,16,identity_stress__prompt_heldout,coexact_minus_presence,1.2,middle,0.25,0.41935483870967744,0.3172876426870964,1.0,1.0,-2.145026576387636,0.2409925128655041,0.0674839053688742,-0.1683548448470633,0.0924410172007867,1,1,1,1,1,1,1
spiral_out_hltd_closed_loop_identity02_prompt_heldout_branch_surface_l4_5_7_k12_16_24_a04_08_12_s0_19,identity_stress,7,16,identity_stress__prompt_heldout,negative_coexact,0.4,all,1.0,0.25806451612903225,0.30119544288950745,1.0,0.0,-1.1828958905867246,-0.15402982306640206,0.009912765291652173,-0.005949308683034598,0.003620080367597299,1,1,1,1,1,1,1
spiral_out_hltd_closed_loop_identity02_prompt_heldout_branch_surface_l4_5_7_k12_16_24_a04_08_12_s0_19,identity_stress,7,16,identity_stress__prompt_heldout,negative_coexact,0.4,early,1.0,0.25806451612903225,0.30119544288950745,1.0,0.0,-1.1828958905867246,-0.15402982306640206,0.009912765291652173,-0.005949308683034598,0.003620080367597299,1,1,1,1,1,1,1
spiral_out_hltd_closed_loop_identity02_prompt_heldout_branch_surface_l4_5_7_k12_16_24_a04_08_12_s0_19,identity_stress,7,16,identity_stress__prompt_heldout,negative_coexact,0.4,late,0.0,,,,,,,,,,1,0,0,0,0,0,0
spiral_out_hltd_closed_loop_identity02_prompt_heldout_branch_surface_l4_5_7_k12_16_24_a04_08_12_s0_19,identity_stress,7,16,identity_stress__prompt_heldout,negative_coexact,0.4,middle,0.0,,,,,,,,,,1,0,0,0,0,0,0
spiral_out_hltd_closed_loop_identity02_prompt_heldout_branch_surface_l4_5_7_k12_16_24_a04_08_12_s0_19,identity_stress,7,16,identity_stress__prompt_heldout,negative_coexact,0.8,all,1.0,0.25806451612903225,0.30119544288950745,1.0,0.25,-1.2398645795515684,-0.3025198292197619,0.09560052744263452,0.014709975307741076,0.0173112732483728,1,1,1,1,1,1,1
spiral_out_hltd_closed_loop_identity02_prompt_heldout_branch_surface_l4_5_7_k12_16_24_a04_08_12_s0_19,identity_stress,7,16,identity_stress__prompt_heldout,negative_coexact,0.8,early,1.0,0.25806451612903225,0.30119544288950745,1.0,0.25,-1.2398645795515684,-0.3025198292197619,0.09560052744263452,0.014709975307741076,0.0173112732483728,1,1,1,1,1,1,1
spiral_out_hltd_closed_loop_identity02_prompt_heldout_branch_surface_l4_5_7_k12_16_24_a04_08_12_s0_19,identity_stress,7,16,identity_stress__prompt_heldout,negative_coexact,0.8,late,0.0,,,,,,,,,,1,0,0,0,0,0,0
spiral_out_hltd_closed_loop_identity02_prompt_heldout_branch_surface_l4_5_7_k12_16_24_a04_08_12_s0_19,identity_stress,7,16,identity_stress__prompt_heldout,negative_coexact,0.8,middle,0.0,,,,,,,,,,1,0,0,0,0,0,0
spiral_out_hltd_closed_loop_identity02_prompt_heldout_branch_surface_l4_5_7_k12_16_24_a04_08_12_s0_19,identity_stress,7,16,identity_stress__prompt_heldout,negative_coexact,1.2,all,1.0,0.25806451612903225,0.30119544288950745,1.0,0.25,-1.2398645795515684,-0.3876138693084341,0.14804853317642494,0.03936868632032627,0.047724172220103875,1,1,1,1,1,1,1
spiral_out_hltd_closed_loop_identity02_prompt_heldout_branch_surface_l4_5_7_k12_16_24_a04_08_12_s0_19,identity_stress,7,16,identity_stress__prompt_heldout,negative_coexact,1.2,early,1.0,0.25806451612903225,0.30119544288950745,1.0,0.25,-1.2398645795515684,-0.3876138693084341,0.14804853317642494,0.03936868632032627,0.047724172220103875,1,1,1,1,1,1,1
spiral_out_hltd_closed_loop_identity02_prompt_heldout_branch_surface_l4_5_7_k12_16_24_a04_08_12_s0_19,identity_stress,7,16,identity_stress__prompt_heldout,negative_coexact,1.2,late,0.0,,,,,,,,,,1,0,0,0,0,0,0
spiral_out_hltd_closed_loop_identity02_prompt_heldout_branch_surface_l4_5_7_k12_16_24_a04_08_12_s0_19,identity_stress,7,16,identity_stress__prompt_heldout,negative_coexact,1.2,middle,0.0,,,,,,,,,,1,0,0,0,0,0,0
spiral_out_hltd_closed_loop_identity02_prompt_heldout_branch_surface_l4_5_7_k12_16_24_a04_08_12_s0_19,identity_stress,7,16,identity_stress__prompt_heldout,presence,0.4,all,1.0,0.29838709677419356,0.28567770468722886,1.0,0.5,-1.2164246591346135,-0.07169628551876436,-0.029205445866022448,-0.05843206154435497,0.011709717413181131,1,1,1,1,1,1,1
spiral_out_hltd_closed_loop_identity02_prompt_heldout_branch_surface_l4_5_7_k12_16_24_a04_08_12_s0_19,identity_stress,7,16,identity_stress__prompt_heldout,presence,0.4,early,0.75,0.25806451612903225,0.27514105868727307,1.0,0.3333333333333333,-0.9068906867169394,-0.12812969460208612,0.029695141924188803,-0.0983249461764949,0.005041742989357907,1,1,1,1,1,1,1
spiral_out_hltd_closed_loop_identity02_prompt_heldout_branch_surface_l4_5_7_k12_16_24_a04_08_12_s0_19,identity_stress,7,16,identity_stress__prompt_heldout,presence,0.4,late,0.0,,,,,,,,,,1,0,0,0,0,0,0
spiral_out_hltd_closed_loop_identity02_prompt_heldout_branch_surface_l4_5_7_k12_16_24_a04_08_12_s0_19,identity_stress,7,16,identity_stress__prompt_heldout,presence,0.4,middle,0.25,0.41935483870967744,0.3172876426870964,1.0,1.0,-2.145026576387636,0.0976039417312009,-0.2059072092366562,0.0612465923520648,0.0317136406846508,1,1,1,1,1,1,1
spiral_out_hltd_closed_loop_identity02_prompt_heldout_branch_surface_l4_5_7_k12_16_24_a04_08_12_s0_19,identity_stress,7,16,identity_stress__prompt_heldout,presence,0.8,all,1.0,0.29838709677419356,0.28567770468722886,1.0,0.5,-1.2164246591346135,-0.004722848859361584,-0.08414326325241106,-0.07253412409480048,0.05417282038970046,1,1,1,1,1,1,1
spiral_out_hltd_closed_loop_identity02_prompt_heldout_branch_surface_l4_5_7_k12_16_24_a04_08_12_s0_19,identity_stress,7,16,identity_stress__prompt_heldout,presence,0.8,early,0.75,0.25806451612903225,0.27514105868727307,1.0,0.3333333333333333,-0.9068906867169394,-0.22289671448046988,0.042633959821481916,-0.13007749672905364,0.018491488232541944,1,1,1,1,1,1,1
spiral_out_hltd_closed_loop_identity02_prompt_heldout_branch_surface_l4_5_7_k12_16_24_a04_08_12_s0_19,identity_stress,7,16,identity_stress__prompt_heldout,presence,0.8,late,0.0,,,,,,,,,,1,0,0,0,0,0,0
spiral_out_hltd_closed_loop_identity02_prompt_heldout_branch_surface_l4_5_7_k12_16_24_a04_08_12_s0_19,identity_stress,7,16,identity_stress__prompt_heldout,presence,0.8,middle,0.25,0.41935483870967744,0.3172876426870964,1.0,1.0,-2.145026576387636,0.6497987480039633,-0.46447493247409,0.100095993807959,0.161216816861176,1,1,1,1,1,1,1
spiral_out_hltd_closed_loop_identity02_prompt_heldout_branch_surface_l4_5_7_k12_16_24_a04_08_12_s0_19,identity_stress,7,16,identity_stress__prompt_heldout,presence,1.2,all,1.0,0.29838709677419356,0.28567770468722886,1.0,0.5,-1.3943211587684026,-0.2039783388082752,0.053304266437816474,0.05719954335503828,0.22861399784807857,1,1,1,1,1,1,1
spiral_out_hltd_closed_loop_identity02_prompt_heldout_branch_surface_l4_5_7_k12_16_24_a04_08_12_s0_19,identity_stress,7,16,identity_stress__prompt_heldout,presence,1.2,early,0.75,0.25806451612903225,0.27514105868727307,1.0,0.3333333333333333,-0.9068906867169394,-0.30942988935512145,0.06019872441950724,-0.15965025690688311,0.0443244440623052,1,1,1,1,1,1,1
spiral_out_hltd_closed_loop_identity02_prompt_heldout_branch_surface_l4_5_7_k12_16_24_a04_08_12_s0_19,identity_stress,7,16,identity_stress__prompt_heldout,presence,1.2,late,0.0,,,,,,,,,,1,0,0,0,0,0,0
spiral_out_hltd_closed_loop_identity02_prompt_heldout_branch_surface_l4_5_7_k12_16_24_a04_08_12_s0_19,identity_stress,7,16,identity_stress__prompt_heldout,presence,1.2,middle,0.25,0.41935483870967744,0.3172876426870964,1.0,1.0,-2.856612574922792,0.1123763128322634,0.0326208924927442,0.7077489441408025,0.7814826592053986,1,1,1,1,1,1,1
spiral_out_hltd_closed_loop_identity02_prompt_heldout_branch_surface_l4_5_7_k12_16_24_a04_08_12_s0_19,identity_stress,7,16,identity_stress__prompt_heldout,presence_plus_coexact,0.4,all,1.0,0.29838709677419356,0.28567770468722886,1.0,0.5,-1.2164246591346135,0.07443746410892114,-0.0030966012375124273,-0.020300186539563173,0.010893542742704009,1,1,1,1,1,1,1
spiral_out_hltd_closed_loop_identity02_prompt_heldout_branch_surface_l4_5_7_k12_16_24_a04_08_12_s0_19,identity_stress,7,16,identity_stress__prompt_heldout,presence_plus_coexact,0.4,early,0.75,0.25806451612903225,0.27514105868727307,1.0,0.3333333333333333,-0.9068906867169394,0.05250607666567336,0.0299818292928838,-0.02367975919942623,0.0038042460442658786,1,1,1,1,1,1,1
spiral_out_hltd_closed_loop_identity02_prompt_heldout_branch_surface_l4_5_7_k12_16_24_a04_08_12_s0_19,identity_stress,7,16,identity_stress__prompt_heldout,presence_plus_coexact,0.4,late,0.0,,,,,,,,,,1,0,0,0,0,0,0
spiral_out_hltd_closed_loop_identity02_prompt_heldout_branch_surface_l4_5_7_k12_16_24_a04_08_12_s0_19,identity_stress,7,16,identity_stress__prompt_heldout,presence_plus_coexact,0.4,middle,0.25,0.41935483870967744,0.3172876426870964,1.0,1.0,-2.145026576387636,0.1402316264386645,-0.1023318928287011,-0.010161468559974,0.0321614328380184,1,1,1,1,1,1,1
spiral_out_hltd_closed_loop_identity02_prompt_heldout_branch_surface_l4_5_7_k12_16_24_a04_08_12_s0_19,identity_stress,7,16,identity_stress__prompt_heldout,presence_plus_coexact,0.8,all,1.0,0.29838709677419356,0.28567770468722886,1.0,0.5,-1.2164246591346135,0.27315653373316273,0.02259716581642479,-0.08500079049067072,0.05843430336245886,1,1,1,1,1,1,1
spiral_out_hltd_closed_loop_identity02_prompt_heldout_branch_surface_l4_5_7_k12_16_24_a04_08_12_s0_19,identity_stress,7,16,identity_stress__prompt_heldout,presence_plus_coexact,0.8,early,0.75,0.25806451612903225,0.27514105868727307,1.0,0.3333333333333333,-0.9068906867169394,0.1158861960676495,0.04579579853585849,-0.010873633579458466,0.017842475830080015,1,1,1,1,1,1,1
spiral_out_hltd_closed_loop_identity02_prompt_heldout_branch_surface_l4_5_7_k12_16_24_a04_08_12_s0_19,identity_stress,7,16,identity_stress__prompt_heldout,presence_plus_coexact,0.8,late,0.0,,,,,,,,,,1,0,0,0,0,0,0
spiral_out_hltd_closed_loop_identity02_prompt_heldout_branch_surface_l4_5_7_k12_16_24_a04_08_12_s0_19,identity_stress,7,16,identity_stress__prompt_heldout,presence_plus_coexact,0.8,middle,0.25,0.41935483870967744,0.3172876426870964,1.0,1.0,-2.145026576387636,0.7449675467297023,-0.0469987323418763,-0.3073822612243075,0.1802097859595954,1,1,1,1,1,1,1
spiral_out_hltd_closed_loop_identity02_prompt_heldout_branch_surface_l4_5_7_k12_16_24_a04_08_12_s0_19,identity_stress,7,16,identity_stress__prompt_heldout,presence_plus_coexact,1.2,all,1.0,0.29838709677419356,0.28567770468722886,1.0,0.5,-1.3943211587684026,0.2565848952389618,0.1419279081880198,0.1666371826420555,0.2144704184068957,1,1,1,1,1,1,1
spiral_out_hltd_closed_loop_identity02_prompt_heldout_branch_surface_l4_5_7_k12_16_24_a04_08_12_s0_19,identity_stress,7,16,identity_stress__prompt_heldout,presence_plus_coexact,1.2,early,0.75,0.25806451612903225,0.27514105868727307,1.0,0.3333333333333333,-0.9068906867169394,0.25406029778469313,0.037182545439975435,0.03790601759240484,0.04875828942628665,1,1,1,1,1,1,1
spiral_out_hltd_closed_loop_identity02_prompt_heldout_branch_surface_l4_5_7_k12_16_24_a04_08_12_s0_19,identity_stress,7,16,identity_stress__prompt_heldout,presence_plus_coexact,1.2,late,0.0,,,,,,,,,,1,0,0,0,0,0,0
spiral_out_hltd_closed_loop_identity02_prompt_heldout_branch_surface_l4_5_7_k12_16_24_a04_08_12_s0_19,identity_stress,7,16,identity_stress__prompt_heldout,presence_plus_coexact,1.2,middle,0.25,0.41935483870967744,0.3172876426870964,1.0,1.0,-2.856612574922792,0.2641586876017676,0.4561639964321529,0.5528306777910075,0.7116068053487229,1,1,1,1,1,1,1
spiral_out_hltd_closed_loop_identity02_prompt_heldout_branch_surface_l4_5_7_k12_16_24_a04_08_12_s0_19,identity_stress,7,16,identity_stress__prompt_heldout,random_tangent,0.4,all,1.0,0.28024193548387094,0.29266068687825425,1.0,0.275,-1.210231538269753,-0.00592630873562604,0.00799960660345604,0.031838930603276056,0.007400380848474894,1,1,1,1,1,1,1
spiral_out_hltd_closed_loop_identity02_prompt_heldout_branch_surface_l4_5_7_k12_16_24_a04_08_12_s0_19,identity_stress,7,16,identity_stress__prompt_heldout,random_tangent,0.4,early,0.8625,0.25806451612903225,0.28686553157827854,1.0,0.18333333333333332,-1.0310930284583428,-0.016294400669715565,0.001241262791946808,0.037025212762135606,0.006188981697705427,1,1,1,1,1,1,1
spiral_out_hltd_closed_loop_identity02_prompt_heldout_branch_surface_l4_5_7_k12_16_24_a04_08_12_s0_19,identity_stress,7,16,identity_stress__prompt_heldout,random_tangent,0.4,late,0.0,,,,,,,,,,1,0,0,0,0,0,0
spiral_out_hltd_closed_loop_identity02_prompt_heldout_branch_surface_l4_5_7_k12_16_24_a04_08_12_s0_19,identity_stress,7,16,identity_stress__prompt_heldout,random_tangent,0.4,middle,0.1375,0.41935483870967744,0.3172876426870964,1.0,1.0,-2.2097162126181047,0.05788778359379568,0.054980435882523104,0.010332166167469754,0.015585288253774837,1,1,1,1,1,1,1
spiral_out_hltd_closed_loop_identity02_prompt_heldout_branch_surface_l4_5_7_k12_16_24_a04_08_12_s0_19,identity_stress,7,16,identity_stress__prompt_heldout,random_tangent,0.8,all,1.0,0.2842741935483871,0.29110891305802633,1.0,0.3625,-1.2242655674682918,0.05783647332226287,-0.020336143267270755,0.13185871712986064,0.03641327895373012,1,1,1,1,1,1,1
spiral_out_hltd_closed_loop_identity02_prompt_heldout_branch_surface_l4_5_7_k12_16_24_a04_08_12_s0_19,identity_stress,7,16,identity_stress__prompt_heldout,random_tangent,0.8,early,0.8375,0.25806451612903225,0.2842600931580551,1.0,0.25416666666666665,-1.0141736604151141,0.04504144858643565,-0.009069897210634066,0.1338668133730603,0.03158419122881253,1,1,1,1,1,1,1
spiral_out_hltd_closed_loop_identity02_prompt_heldout_branch_surface_l4_5_7_k12_16_24_a04_08_12_s0_19,identity_stress,7,16,identity_stress__prompt_heldout,random_tangent,0.8,late,0.0,,,,,,,,,,1,0,0,0,0,0,0
spiral_out_hltd_closed_loop_identity02_prompt_heldout_branch_surface_l4_5_7_k12_16_24_a04_08_12_s0_19,identity_stress,7,16,identity_stress__prompt_heldout,random_tangent,0.8,middle,0.1625,0.41935483870967744,0.3172876426870964,1.0,1.0,-2.19976396089034,0.13477253579697923,-0.08881100111728503,0.15222681085905607,0.06505917258405752,1,1,1,1,1,1,1
spiral_out_hltd_closed_loop_identity02_prompt_heldout_branch_surface_l4_5_7_k12_16_24_a04_08_12_s0_19,identity_stress,7,16,identity_stress__prompt_heldout,random_tangent,1.2,all,1.0,0.29838709677419356,0.2897648375030209,1.0,0.525,-1.7968658729459726,0.29988160337674313,0.4268708114173137,0.28507680686633663,0.21638087275519163,1,1,1,1,1,1,1
spiral_out_hltd_closed_loop_identity02_prompt_heldout_branch_surface_l4_5_7_k12_16_24_a04_08_12_s0_19,identity_stress,7,16,identity_stress__prompt_heldout,random_tangent,1.2,early,0.775,0.25806451612903225,0.2804180634552706,1.0,0.3958333333333333,-1.49222573817393,0.31462620394084223,0.4655928440407532,0.27253500090617033,0.20753274088137777,1,1,1,1,1,1,1
spiral_out_hltd_closed_loop_identity02_prompt_heldout_branch_surface_l4_5_7_k12_16_24_a04_08_12_s0_19,identity_stress,7,16,identity_stress__prompt_heldout,random_tangent,1.2,late,0.0125,0.7419354838709677,0.3787462965395865,1.0,0.0,-3.4987899084300977,0.1690344556705634,0.9198701868244116,-0.1465425021035917,0.2551789904171173,1,1,1,1,1,1,1
spiral_out_hltd_closed_loop_identity02_prompt_heldout_branch_surface_l4_5_7_k12_16_24_a04_08_12_s0_19,identity_stress,7,16,identity_stress__prompt_heldout,random_tangent,1.2,middle,0.2125,0.41935483870967744,0.3172876426870964,1.0,1.0,-2.3961745758706323,0.19635265157282908,-0.1218944150694759,0.32928563508972575,0.17014523572417173,1,1,1,1,1,1,1
spiral_out_hltd_closed_loop_identity02_prompt_heldout_branch_surface_l4_5_7_k12_16_24_a04_08_12_s0_19,identity_stress,7,24,identity_stress__prompt_heldout,baseline,0.0,all,1.0,0.25806451612903225,0.30119544288950745,0.0,0.0,-1.1828958905867246,,,,,1,1,0,0,0,0,0
spiral_out_hltd_closed_loop_identity02_prompt_heldout_branch_surface_l4_5_7_k12_16_24_a04_08_12_s0_19,identity_stress,7,24,identity_stress__prompt_heldout,baseline,0.0,early,1.0,0.25806451612903225,0.30119544288950745,0.0,0.0,-1.1828958905867246,,,,,1,1,0,0,0,0,0
spiral_out_hltd_closed_loop_identity02_prompt_heldout_branch_surface_l4_5_7_k12_16_24_a04_08_12_s0_19,identity_stress,7,24,identity_stress__prompt_heldout,baseline,0.0,late,0.0,,,,,,,,,,1,0,0,0,0,0,0
spiral_out_hltd_closed_loop_identity02_prompt_heldout_branch_surface_l4_5_7_k12_16_24_a04_08_12_s0_19,identity_stress,7,24,identity_stress__prompt_heldout,baseline,0.0,middle,0.0,,,,,,,,,,1,0,0,0,0,0,0
spiral_out_hltd_closed_loop_identity02_prompt_heldout_branch_surface_l4_5_7_k12_16_24_a04_08_12_s0_19,identity_stress,7,24,identity_stress__prompt_heldout,coexact,0.4,all,1.0,0.29838709677419356,0.28567770468722886,1.0,0.5,-1.2164246591346135,0.06248497888429892,0.036572995743878026,-0.008907677327869751,0.018051393084988602,1,1,1,1,1,1,1
spiral_out_hltd_closed_loop_identity02_prompt_heldout_branch_surface_l4_5_7_k12_16_24_a04_08_12_s0_19,identity_stress,7,24,identity_stress__prompt_heldout,coexact,0.4,early,0.75,0.25806451612903225,0.27514105868727307,1.0,0.3333333333333333,-0.9068906867169394,0.0243161537614783,0.04784345300276504,0.0246612658368652,0.013343527342239902,1,1,1,1,1,1,1
spiral_out_hltd_closed_loop_identity02_prompt_heldout_branch_surface_l4_5_7_k12_16_24_a04_08_12_s0_19,identity_stress,7,24,identity_stress__prompt_heldout,coexact,0.4,late,0.0,,,,,,,,,,1,0,0,0,0,0,0
spiral_out_hltd_closed_loop_identity02_prompt_heldout_branch_surface_l4_5_7_k12_16_24_a04_08_12_s0_19,identity_stress,7,24,identity_stress__prompt_heldout,coexact,0.4,middle,0.25,0.41935483870967744,0.3172876426870964,1.0,1.0,-2.145026576387636,0.1769914542527608,0.002761623967217,-0.1096145068220746,0.0321749903132347,1,1,1,1,1,1,1
spiral_out_hltd_closed_loop_identity02_prompt_heldout_branch_surface_l4_5_7_k12_16_24_a04_08_12_s0_19,identity_stress,7,24,identity_stress__prompt_heldout,coexact,0.8,all,1.0,0.29838709677419356,0.28567770468722886,1.0,0.5,-1.2164246591346135,0.27316082446370005,0.0076466091365538745,-0.006481750812303774,0.12519102622333483,1,1,1,1,1,1,1
spiral_out_hltd_closed_loop_identity02_prompt_heldout_branch_surface_l4_5_7_k12_16_24_a04_08_12_s0_19,identity_stress,7,24,identity_stress__prompt_heldout,coexact,0.8,early,0.75,0.25806451612903225,0.27514105868727307,1.0,0.3333333333333333,-0.9068906867169394,0.132069677862928,0.0007782798839220326,0.12954526033399943,0.10554566075661442,1,1,1,1,1,1,1
spiral_out_hltd_closed_loop_identity02_prompt_heldout_branch_surface_l4_5_7_k12_16_24_a04_08_12_s0_19,identity_stress,7,24,identity_stress__prompt_heldout,coexact,0.8,late,0.0,,,,,,,,,,1,0,0,0,0,0,0
spiral_out_hltd_closed_loop_identity02_prompt_heldout_branch_surface_l4_5_7_k12_16_24_a04_08_12_s0_19,identity_stress,7,24,identity_stress__prompt_heldout,coexact,0.8,middle,0.25,0.41935483870967744,0.3172876426870964,1.0,1.0,-2.145026576387636,0.6964342642660162,0.0282515968944494,-0.4145627842512134,0.1841271226234961,1,1,1,1,1,1,1
spiral_out_hltd_closed_loop_identity02_prompt_heldout_branch_surface_l4_5_7_k12_16_24_a04_08_12_s0_19,identity_stress,7,24,identity_stress__prompt_heldout,coexact,1.2,all,1.0,0.16129032258064516,0.3114666289911173,1.0,1.0,-2.9581883101651307,0.5343494234672905,1.1744619081838152,-0.15856989062743354,0.5888083235837006,1,1,1,1,1,1,1
spiral_out_hltd_closed_loop_identity02_prompt_heldout_branch_surface_l4_5_7_k12_16_24_a04_08_12_s0_19,identity_stress,7,24,identity_stress__prompt_heldout,coexact,1.2,early,1.0,0.16129032258064516,0.3114666289911173,1.0,1.0,-2.9581883101651307,0.5343494234672905,1.1744619081838152,-0.15856989062743354,0.5888083235837006,1,1,1,1,1,1,1
spiral_out_hltd_closed_loop_identity02_prompt_heldout_branch_surface_l4_5_7_k12_16_24_a04_08_12_s0_19,identity_stress,7,24,identity_stress__prompt_heldout,coexact,1.2,late,0.0,,,,,,,,,,1,0,0,0,0,0,0
spiral_out_hltd_closed_loop_identity02_prompt_heldout_branch_surface_l4_5_7_k12_16_24_a04_08_12_s0_19,identity_stress,7,24,identity_stress__prompt_heldout,coexact,1.2,middle,0.0,,,,,,,,,,1,0,0,0,0,0,0
spiral_out_hltd_closed_loop_identity02_prompt_heldout_branch_surface_l4_5_7_k12_16_24_a04_08_12_s0_19,identity_stress,7,24,identity_stress__prompt_heldout,coexact_minus_presence,0.4,all,1.0,0.29838709677419356,0.28567770468722886,1.0,0.5,-1.2164246591346135,0.1252970844565708,0.05080466683837057,0.022947453402222102,0.012174413009843215,1,1,1,1,1,1,1
spiral_out_hltd_closed_loop_identity02_prompt_heldout_branch_surface_l4_5_7_k12_16_24_a04_08_12_s0_19,identity_stress,7,24,identity_stress__prompt_heldout,coexact_minus_presence,0.4,early,0.75,0.25806451612903225,0.27514105868727307,1.0,0.3333333333333333,-0.9068906867169394,0.13247736784203032,0.027427148077596997,0.0849422836548089,0.012303270131103619,1,1,1,1,1,1,1
spiral_out_hltd_closed_loop_identity02_prompt_heldout_branch_surface_l4_5_7_k12_16_24_a04_08_12_s0_19,identity_stress,7,24,identity_stress__prompt_heldout,coexact_minus_presence,0.4,late,0.0,,,,,,,,,,1,0,0,0,0,0,0
spiral_out_hltd_closed_loop_identity02_prompt_heldout_branch_surface_l4_5_7_k12_16_24_a04_08_12_s0_19,identity_stress,7,24,identity_stress__prompt_heldout,coexact_minus_presence,0.4,middle,0.25,0.41935483870967744,0.3172876426870964,1.0,1.0,-2.145026576387636,0.1037562343001923,0.1209372231206913,-0.1630370373555383,0.011787841646062,1,1,1,1,1,1,1
spiral_out_hltd_closed_loop_identity02_prompt_heldout_branch_surface_l4_5_7_k12_16_24_a04_08_12_s0_19,identity_stress,7,24,identity_stress__prompt_heldout,coexact_minus_presence,0.8,all,1.0,0.29838709677419356,0.28567770468722886,1.0,0.5,-1.2164246591346135,0.336776326947527,0.01730745704155011,0.14286857918512358,0.07077636453628113,1,1,1,1,1,1,1
spiral_out_hltd_closed_loop_identity02_prompt_heldout_branch_surface_l4_5_7_k12_16_24_a04_08_12_s0_19,identity_stress,7,24,identity_stress__prompt_heldout,coexact_minus_presence,0.8,early,0.75,0.25806451612903225,0.27514105868727307,1.0,0.3333333333333333,-0.9068906867169394,0.3775245424401093,-0.012430167368118356,0.2695375358036982,0.07662913773294379,1,1,1,1,1,1,1
spiral_out_hltd_closed_loop_identity02_prompt_heldout_branch_surface_l4_5_7_k12_16_24_a04_08_12_s0_19,identity_stress,7,24,identity_stress__prompt_heldout,coexact_minus_presence,0.8,late,0.0,,,,,,,,,,1,0,0,0,0,0,0
spiral_out_hltd_closed_loop_identity02_prompt_heldout_branch_surface_l4_5_7_k12_16_24_a04_08_12_s0_19,identity_stress,7,24,identity_stress__prompt_heldout,coexact_minus_presence,0.8,middle,0.25,0.41935483870967744,0.3172876426870964,1.0,1.0,-2.145026576387636,0.2145316804697801,0.1065203302705555,-0.2371382906706003,0.0532180449462931,1,1,1,1,1,1,1
spiral_out_hltd_closed_loop_identity02_prompt_heldout_branch_surface_l4_5_7_k12_16_24_a04_08_12_s0_19,identity_stress,7,24,identity_stress__prompt_heldout,coexact_minus_presence,1.2,all,1.0,0.29838709677419356,0.28567770468722886,1.0,0.5,-1.2164246591346135,0.5276535637050304,-0.1334673338629102,0.2962886663223606,0.23053202280983903,1,1,1,1,1,1,1
spiral_out_hltd_closed_loop_identity02_prompt_heldout_branch_surface_l4_5_7_k12_16_24_a04_08_12_s0_19,identity_stress,7,24,identity_stress__prompt_heldout,coexact_minus_presence,1.2,early,0.75,0.25806451612903225,0.27514105868727307,1.0,0.3333333333333333,-0.9068906867169394,0.5872804304034241,-0.19097284408353707,0.5070788722641312,0.2597324523454953,1,1,1,1,1,1,1
spiral_out_hltd_closed_loop_identity02_prompt_heldout_branch_surface_l4_5_7_k12_16_24_a04_08_12_s0_19,identity_stress,7,24,identity_stress__prompt_heldout,coexact_minus_presence,1.2,late,0.0,,,,,,,,,,1,0,0,0,0,0,0
spiral_out_hltd_closed_loop_identity02_prompt_heldout_branch_surface_l4_5_7_k12_16_24_a04_08_12_s0_19,identity_stress,7,24,identity_stress__prompt_heldout,coexact_minus_presence,1.2,middle,0.25,0.41935483870967744,0.3172876426870964,1.0,1.0,-2.145026576387636,0.3487729636098491,0.0390491967989703,-0.3360819515029511,0.1429307342028703,1,1,1,1,1,1,1
spiral_out_hltd_closed_loop_identity02_prompt_heldout_branch_surface_l4_5_7_k12_16_24_a04_08_12_s0_19,identity_stress,7,24,identity_stress__prompt_heldout,negative_coexact,0.4,all,1.0,0.25806451612903225,0.30119544288950745,1.0,0.0,-1.1828958905867246,-0.046046377550918526,0.00848911281349275,0.023605710028093002,0.0051361290433018375,1,1,1,1,1,1,1
spiral_out_hltd_closed_loop_identity02_prompt_heldout_branch_surface_l4_5_7_k12_16_24_a04_08_12_s0_19,identity_stress,7,24,identity_stress__prompt_heldout,negative_coexact,0.4,early,1.0,0.25806451612903225,0.30119544288950745,1.0,0.0,-1.1828958905867246,-0.046046377550918526,0.00848911281349275,0.023605710028093002,0.0051361290433018375,1,1,1,1,1,1,1
spiral_out_hltd_closed_loop_identity02_prompt_heldout_branch_surface_l4_5_7_k12_16_24_a04_08_12_s0_19,identity_stress,7,24,identity_stress__prompt_heldout,negative_coexact,0.4,late,0.0,,,,,,,,,,1,0,0,0,0,0,0
spiral_out_hltd_closed_loop_identity02_prompt_heldout_branch_surface_l4_5_7_k12_16_24_a04_08_12_s0_19,identity_stress,7,24,identity_stress__prompt_heldout,negative_coexact,0.4,middle,0.0,,,,,,,,,,1,0,0,0,0,0,0
spiral_out_hltd_closed_loop_identity02_prompt_heldout_branch_surface_l4_5_7_k12_16_24_a04_08_12_s0_19,identity_stress,7,24,identity_stress__prompt_heldout,negative_coexact,0.8,all,1.0,0.25806451612903225,0.30119544288950745,1.0,0.25,-1.2348215497664121,-0.09552524775564164,0.03923922091967923,0.056299920015798394,0.017783193630616652,1,1,1,1,1,1,1
spiral_out_hltd_closed_loop_identity02_prompt_heldout_branch_surface_l4_5_7_k12_16_24_a04_08_12_s0_19,identity_stress,7,24,identity_stress__prompt_heldout,negative_coexact,0.8,early,1.0,0.25806451612903225,0.30119544288950745,1.0,0.25,-1.2348215497664121,-0.09552524775564164,0.03923922091967923,0.056299920015798394,0.017783193630616652,1,1,1,1,1,1,1
spiral_out_hltd_closed_loop_identity02_prompt_heldout_branch_surface_l4_5_7_k12_16_24_a04_08_12_s0_19,identity_stress,7,24,identity_stress__prompt_heldout,negative_coexact,0.8,late,0.0,,,,,,,,,,1,0,0,0,0,0,0
spiral_out_hltd_closed_loop_identity02_prompt_heldout_branch_surface_l4_5_7_k12_16_24_a04_08_12_s0_19,identity_stress,7,24,identity_stress__prompt_heldout,negative_coexact,0.8,middle,0.0,,,,,,,,,,1,0,0,0,0,0,0
spiral_out_hltd_closed_loop_identity02_prompt_heldout_branch_surface_l4_5_7_k12_16_24_a04_08_12_s0_19,identity_stress,7,24,identity_stress__prompt_heldout,negative_coexact,1.2,all,1.0,0.25806451612903225,0.30119544288950745,1.0,0.25,-1.2348215497664121,-0.052584966392702714,0.054704357664046896,0.057421634236067554,0.0401845187387761,1,1,1,1,1,1,1
spiral_out_hltd_closed_loop_identity02_prompt_heldout_branch_surface_l4_5_7_k12_16_24_a04_08_12_s0_19,identity_stress,7,24,identity_stress__prompt_heldout,negative_coexact,1.2,early,1.0,0.25806451612903225,0.30119544288950745,1.0,0.25,-1.2348215497664121,-0.052584966392702714,0.054704357664046896,0.057421634236067554,0.0401845187387761,1,1,1,1,1,1,1
spiral_out_hltd_closed_loop_identity02_prompt_heldout_branch_surface_l4_5_7_k12_16_24_a04_08_12_s0_19,identity_stress,7,24,identity_stress__prompt_heldout,negative_coexact,1.2,late,0.0,,,,,,,,,,1,0,0,0,0,0,0
spiral_out_hltd_closed_loop_identity02_prompt_heldout_branch_surface_l4_5_7_k12_16_24_a04_08_12_s0_19,identity_stress,7,24,identity_stress__prompt_heldout,negative_coexact,1.2,middle,0.0,,,,,,,,,,1,0,0,0,0,0,0
spiral_out_hltd_closed_loop_identity02_prompt_heldout_branch_surface_l4_5_7_k12_16_24_a04_08_12_s0_19,identity_stress,7,24,identity_stress__prompt_heldout,presence,0.4,all,1.0,0.29838709677419356,0.28567770468722886,1.0,0.5,-1.2164246591346135,-0.03550627404898955,-0.03029735403394443,-0.04484697305069244,0.014792148597158978,1,1,1,1,1,1,1
spiral_out_hltd_closed_loop_identity02_prompt_heldout_branch_surface_l4_5_7_k12_16_24_a04_08_12_s0_19,identity_stress,7,24,identity_stress__prompt_heldout,presence,0.4,early,0.75,0.25806451612903225,0.27514105868727307,1.0,0.3333333333333333,-0.9068906867169394,-0.10109228975111446,0.02363729991001166,-0.07132712806889316,0.004761734703605638,1,1,1,1,1,1,1
spiral_out_hltd_closed_loop_identity02_prompt_heldout_branch_surface_l4_5_7_k12_16_24_a04_08_12_s0_19,identity_stress,7,24,identity_stress__prompt_heldout,presence,0.4,late,0.0,,,,,,,,,,1,0,0,0,0,0,0
spiral_out_hltd_closed_loop_identity02_prompt_heldout_branch_surface_l4_5_7_k12_16_24_a04_08_12_s0_19,identity_stress,7,24,identity_stress__prompt_heldout,presence,0.4,middle,0.25,0.41935483870967744,0.3172876426870964,1.0,1.0,-2.145026576387636,0.1612517730573852,-0.1921013158658127,0.0345934920039097,0.044883390277819,1,1,1,1,1,1,1
spiral_out_hltd_closed_loop_identity02_prompt_heldout_branch_surface_l4_5_7_k12_16_24_a04_08_12_s0_19,identity_stress,7,24,identity_stress__prompt_heldout,presence,0.8,all,1.0,0.29838709677419356,0.28567770468722886,1.0,0.5,-1.3943211587684026,0.0745032606308862,0.1663884968269471,-0.0738453754806336,0.07121391953318752,1,1,1,1,1,1,1
spiral_out_hltd_closed_loop_identity02_prompt_heldout_branch_surface_l4_5_7_k12_16_24_a04_08_12_s0_19,identity_stress,7,24,identity_stress__prompt_heldout,presence,0.8,early,0.75,0.25806451612903225,0.27514105868727307,1.0,0.3333333333333333,-0.9068906867169394,-0.14259327440758143,0.02625940395562999,-0.06461799972002007,0.017747778328806238,1,1,1,1,1,1,1
spiral_out_hltd_closed_loop_identity02_prompt_heldout_branch_surface_l4_5_7_k12_16_24_a04_08_12_s0_19,identity_stress,7,24,identity_stress__prompt_heldout,presence,0.8,late,0.0,,,,,,,,,,1,0,0,0,0,0,0
spiral_out_hltd_closed_loop_identity02_prompt_heldout_branch_surface_l4_5_7_k12_16_24_a04_08_12_s0_19,identity_stress,7,24,identity_stress__prompt_heldout,presence,0.8,middle,0.25,0.41935483870967744,0.3172876426870964,1.0,1.0,-2.856612574922792,0.7257928657462891,0.5867757754408984,-0.1015275027624742,0.2316123431463314,1,1,1,1,1,1,1
spiral_out_hltd_closed_loop_identity02_prompt_heldout_branch_surface_l4_5_7_k12_16_24_a04_08_12_s0_19,identity_stress,7,24,identity_stress__prompt_heldout,presence,1.2,all,1.0,0.29838709677419356,0.28567770468722886,1.0,0.5,-1.831704810501801,-0.1763717344450766,0.3548669952670167,0.19080837081177443,0.3587572796621951,1,1,1,1,1,1,1
spiral_out_hltd_closed_loop_identity02_prompt_heldout_branch_surface_l4_5_7_k12_16_24_a04_08_12_s0_19,identity_stress,7,24,identity_stress__prompt_heldout,presence,1.2,early,0.75,0.25806451612903225,0.27514105868727307,1.0,0.3333333333333333,-0.9068906867169394,-0.13426191063844684,0.035791624735694,-0.06295305349001595,0.04340526828581296,1,1,1,1,1,1,1
spiral_out_hltd_closed_loop_identity02_prompt_heldout_branch_surface_l4_5_7_k12_16_24_a04_08_12_s0_19,identity_stress,7,24,identity_stress__prompt_heldout,presence,1.2,late,0.0,,,,,,,,,,1,0,0,0,0,0,0
spiral_out_hltd_closed_loop_identity02_prompt_heldout_branch_surface_l4_5_7_k12_16_24_a04_08_12_s0_19,identity_stress,7,24,identity_stress__prompt_heldout,presence,1.2,middle,0.25,0.41935483870967744,0.3172876426870964,1.0,1.0,-4.606147181856386,-0.3027012058649658,1.312093106860985,0.9520926437171456,1.3048133137913416,1,1,1,1,1,1,1
spiral_out_hltd_closed_loop_identity02_prompt_heldout_branch_surface_l4_5_7_k12_16_24_a04_08_12_s0_19,identity_stress,7,24,identity_stress__prompt_heldout,presence_plus_coexact,0.4,all,1.0,0.29838709677419356,0.28567770468722886,1.0,0.5,-1.2164246591346135,0.0031394231627599467,0.020226210632824124,-0.029814109685764298,0.01916476406889963,1,1,1,1,1,1,1
spiral_out_hltd_closed_loop_identity02_prompt_heldout_branch_surface_l4_5_7_k12_16_24_a04_08_12_s0_19,identity_stress,7,24,identity_stress__prompt_heldout,presence_plus_coexact,0.4,early,0.75,0.25806451612903225,0.27514105868727307,1.0,0.3333333333333333,-0.9068906867169394,-0.06211224632010587,0.0545507761263479,-0.025121077092582864,0.010635996413508037,1,1,1,1,1,1,1
spiral_out_hltd_closed_loop_identity02_prompt_heldout_branch_surface_l4_5_7_k12_16_24_a04_08_12_s0_19,identity_stress,7,24,identity_stress__prompt_heldout,presence_plus_coexact,0.4,late,0.0,,,,,,,,,,1,0,0,0,0,0,0
spiral_out_hltd_closed_loop_identity02_prompt_heldout_branch_surface_l4_5_7_k12_16_24_a04_08_12_s0_19,identity_stress,7,24,identity_stress__prompt_heldout,presence_plus_coexact,0.4,middle,0.25,0.41935483870967744,0.3172876426870964,1.0,1.0,-2.145026576387636,0.1988944316113574,-0.0827474858477472,-0.0438932074653086,0.0447510670350744,1,1,1,1,1,1,1
spiral_out_hltd_closed_loop_identity02_prompt_heldout_branch_surface_l4_5_7_k12_16_24_a04_08_12_s0_19,identity_stress,7,24,identity_stress__prompt_heldout,presence_plus_coexact,0.8,all,1.0,0.29838709677419356,0.28567770468722886,1.0,0.5,-1.3943211587684026,0.11856912827419122,0.24591433239199745,-0.11942715450034247,0.12071654261876785,1,1,1,1,1,1,1
spiral_out_hltd_closed_loop_identity02_prompt_heldout_branch_surface_l4_5_7_k12_16_24_a04_08_12_s0_19,identity_stress,7,24,identity_stress__prompt_heldout,presence_plus_coexact,0.8,early,0.75,0.25806451612903225,0.27514105868727307,1.0,0.3333333333333333,-0.9068906867169394,-0.10226526991100764,0.062020132205987004,-0.0162288361067023,0.07649987881008503,1,1,1,1,1,1,1
spiral_out_hltd_closed_loop_identity02_prompt_heldout_branch_surface_l4_5_7_k12_16_24_a04_08_12_s0_19,identity_stress,7,24,identity_stress__prompt_heldout,presence_plus_coexact,0.8,late,0.0,,,,,,,,,,1,0,0,0,0,0,0
spiral_out_hltd_closed_loop_identity02_prompt_heldout_branch_surface_l4_5_7_k12_16_24_a04_08_12_s0_19,identity_stress,7,24,identity_stress__prompt_heldout,presence_plus_coexact,0.8,middle,0.25,0.41935483870967744,0.3172876426870964,1.0,1.0,-2.856612574922792,0.7810723228297878,0.7975969329500288,-0.429022109681263,0.2533665340448163,1,1,1,1,1,1,1
spiral_out_hltd_closed_loop_identity02_prompt_heldout_branch_surface_l4_5_7_k12_16_24_a04_08_12_s0_19,identity_stress,7,24,identity_stress__prompt_heldout,presence_plus_coexact,1.2,all,1.0,0.29838709677419356,0.28567770468722886,1.0,0.5,-1.3943211587684026,0.3104601358479382,-0.19118225976638567,0.3141729373290559,0.5305522021557679,1,1,1,1,1,1,1
spiral_out_hltd_closed_loop_identity02_prompt_heldout_branch_surface_l4_5_7_k12_16_24_a04_08_12_s0_19,identity_stress,7,24,identity_stress__prompt_heldout,presence_plus_coexact,1.2,early,0.75,0.25806451612903225,0.27514105868727307,1.0,0.3333333333333333,-0.9068906867169394,0.47440189525759874,-0.10257787780129486,0.08270132999446932,0.32734538824862475,1,1,1,1,1,1,1
spiral_out_hltd_closed_loop_identity02_prompt_heldout_branch_surface_l4_5_7_k12_16_24_a04_08_12_s0_19,identity_stress,7,24,identity_stress__prompt_heldout,presence_plus_coexact,1.2,late,0.0,,,,,,,,,,1,0,0,0,0,0,0
spiral_out_hltd_closed_loop_identity02_prompt_heldout_branch_surface_l4_5_7_k12_16_24_a04_08_12_s0_19,identity_stress,7,24,identity_stress__prompt_heldout,presence_plus_coexact,1.2,middle,0.25,0.41935483870967744,0.3172876426870964,1.0,1.0,-2.856612574922792,-0.1813651423810434,-0.4569954056616581,1.0085877593328156,1.1401726438771975,1,1,1,1,1,1,1
spiral_out_hltd_closed_loop_identity02_prompt_heldout_branch_surface_l4_5_7_k12_16_24_a04_08_12_s0_19,identity_stress,7,24,identity_stress__prompt_heldout,random_tangent,0.4,all,1.0,0.28024193548387094,0.29266068687825425,1.0,0.275,-1.210231538269753,-0.00592630873562604,0.00799960660345604,0.031838930603276056,0.007400380848474894,1,1,1,1,1,1,1
spiral_out_hltd_closed_loop_identity02_prompt_heldout_branch_surface_l4_5_7_k12_16_24_a04_08_12_s0_19,identity_stress,7,24,identity_stress__prompt_heldout,random_tangent,0.4,early,0.8625,0.25806451612903225,0.28686553157827854,1.0,0.18333333333333332,-1.0310930284583428,-0.016294400669715565,0.001241262791946808,0.037025212762135606,0.006188981697705427,1,1,1,1,1,1,1
spiral_out_hltd_closed_loop_identity02_prompt_heldout_branch_surface_l4_5_7_k12_16_24_a04_08_12_s0_19,identity_stress,7,24,identity_stress__prompt_heldout,random_tangent,0.4,late,0.0,,,,,,,,,,1,0,0,0,0,0,0
spiral_out_hltd_closed_loop_identity02_prompt_heldout_branch_surface_l4_5_7_k12_16_24_a04_08_12_s0_19,identity_stress,7,24,identity_stress__prompt_heldout,random_tangent,0.4,middle,0.1375,0.41935483870967744,0.3172876426870964,1.0,1.0,-2.2097162126181047,0.05788778359379568,0.054980435882523104,0.010332166167469754,0.015585288253774837,1,1,1,1,1,1,1
spiral_out_hltd_closed_loop_identity02_prompt_heldout_branch_surface_l4_5_7_k12_16_24_a04_08_12_s0_19,identity_stress,7,24,identity_stress__prompt_heldout,random_tangent,0.8,all,1.0,0.2842741935483871,0.29110891305802633,1.0,0.3625,-1.2242655674682918,0.05783647332226287,-0.020336143267270755,0.13185871712986064,0.03641327895373012,1,1,1,1,1,1,1
spiral_out_hltd_closed_loop_identity02_prompt_heldout_branch_surface_l4_5_7_k12_16_24_a04_08_12_s0_19,identity_stress,7,24,identity_stress__prompt_heldout,random_tangent,0.8,early,0.8375,0.25806451612903225,0.2842600931580551,1.0,0.25416666666666665,-1.0141736604151141,0.04504144858643565,-0.009069897210634066,0.1338668133730603,0.03158419122881253,1,1,1,1,1,1,1
spiral_out_hltd_closed_loop_identity02_prompt_heldout_branch_surface_l4_5_7_k12_16_24_a04_08_12_s0_19,identity_stress,7,24,identity_stress__prompt_heldout,random_tangent,0.8,late,0.0,,,,,,,,,,1,0,0,0,0,0,0
spiral_out_hltd_closed_loop_identity02_prompt_heldout_branch_surface_l4_5_7_k12_16_24_a04_08_12_s0_19,identity_stress,7,24,identity_stress__prompt_heldout,random_tangent,0.8,middle,0.1625,0.41935483870967744,0.3172876426870964,1.0,1.0,-2.19976396089034,0.13477253579697923,-0.08881100111728503,0.15222681085905607,0.06505917258405752,1,1,1,1,1,1,1
spiral_out_hltd_closed_loop_identity02_prompt_heldout_branch_surface_l4_5_7_k12_16_24_a04_08_12_s0_19,identity_stress,7,24,identity_stress__prompt_heldout,random_tangent,1.2,all,1.0,0.29838709677419356,0.2897648375030209,1.0,0.525,-1.7968658729459726,0.29988160337674313,0.4268708114173137,0.28507680686633663,0.21638087275519163,1,1,1,1,1,1,1
spiral_out_hltd_closed_loop_identity02_prompt_heldout_branch_surface_l4_5_7_k12_16_24_a04_08_12_s0_19,identity_stress,7,24,identity_stress__prompt_heldout,random_tangent,1.2,early,0.775,0.25806451612903225,0.2804180634552706,1.0,0.3958333333333333,-1.49222573817393,0.31462620394084223,0.4655928440407532,0.27253500090617033,0.20753274088137777,1,1,1,1,1,1,1
spiral_out_hltd_closed_loop_identity02_prompt_heldout_branch_surface_l4_5_7_k12_16_24_a04_08_12_s0_19,identity_stress,7,24,identity_stress__prompt_heldout,random_tangent,1.2,late,0.0125,0.7419354838709677,0.3787462965395865,1.0,0.0,-3.4987899084300977,0.1690344556705634,0.9198701868244116,-0.1465425021035917,0.2551789904171173,1,1,1,1,1,1,1
spiral_out_hltd_closed_loop_identity02_prompt_heldout_branch_surface_l4_5_7_k12_16_24_a04_08_12_s0_19,identity_stress,7,24,identity_stress__prompt_heldout,random_tangent,1.2,middle,0.2125,0.41935483870967744,0.3172876426870964,1.0,1.0,-2.3961745758706323,0.19635265157282908,-0.1218944150694759,0.32928563508972575,0.17014523572417173,1,1,1,1,1,1,1
spiral_out_hltd_closed_loop_identity5_prompt_robust_l7_k16_a08,identity_stress,7,16,identity_stress,baseline,0.0,all,1.0,0.2846604770940634,0.28643362669916783,0.0,0.0,-1.2773048095183506,,,,,5,5,0,0,0,0,0
spiral_out_hltd_closed_loop_identity5_prompt_robust_l7_k16_a08,identity_stress,7,16,identity_stress,baseline,0.0,early,0.6,0.22520217764525166,0.28796081116862676,0.0,0.0,-1.309290814015576,,,,,5,3,0,0,0,0,0
spiral_out_hltd_closed_loop_identity5_prompt_robust_l7_k16_a08,identity_stress,7,16,identity_stress,baseline,0.0,late,0.0,,,,,,,,,,5,0,0,0,0,0,0
spiral_out_hltd_closed_loop_identity5_prompt_robust_l7_k16_a08,identity_stress,7,16,identity_stress,baseline,0.0,middle,0.4,0.37384792626728114,0.28414284999497946,0.0,0.0,-1.2293258027725127,,,,,5,2,0,0,0,0,0
spiral_out_hltd_closed_loop_identity5_prompt_robust_l7_k16_a08,identity_stress,7,16,identity_stress,coexact,0.8,all,1.0,0.2846604770940634,0.2864519708218928,1.0,0.2,-1.3535571240486806,0.03543618908315469,-0.032818710527956624,0.04580378455310485,0.029807416935894105,5,5,5,5,5,5,5
spiral_out_hltd_closed_loop_identity5_prompt_robust_l7_k16_a08,identity_stress,7,16,identity_stress,coexact,0.8,early,0.6,0.21728873000813229,0.31305508981576546,1.0,0.3333333333333333,-1.592947380092321,0.08039459688646125,0.003758720705490817,0.04123483909439465,0.030169377641473774,5,4,4,4,4,4,4
spiral_out_hltd_closed_loop_identity5_prompt_robust_l7_k16_a08,identity_stress,7,16,identity_stress,coexact,0.8,late,0.0,,,,,,,,,,5,0,0,0,0,0,0
spiral_out_hltd_closed_loop_identity5_prompt_robust_l7_k16_a08,identity_stress,7,16,identity_stress,coexact,0.8,middle,0.4,0.3890168970814132,0.28603701188676,1.0,0.4444444444444444,-1.5040562650224147,0.026956072923294938,-0.0820874902348656,0.02005840463753884,0.05443672624928749,5,3,3,3,3,3,3
spiral_out_hltd_closed_loop_identity5_prompt_robust_l7_k16_a08,identity_stress,7,16,identity_stress,coexact_minus_presence,0.8,all,1.0,0.31593927893738144,0.279390371261966,1.0,0.25,-1.4183925669365054,0.15148269751798277,0.020107322988920005,0.08861763269162637,0.02808431069337767,5,5,5,5,5,5,5
spiral_out_hltd_closed_loop_identity5_prompt_robust_l7_k16_a08,identity_stress,7,16,identity_stress,coexact_minus_presence,0.8,early,0.55,0.22520217764525166,0.27927788064700776,1.0,0.19444444444444442,-1.307476482366319,0.26903918988454767,0.06463116414297873,0.09157674552125199,0.026755768837210935,5,3,3,3,3,3,3
spiral_out_hltd_closed_loop_identity5_prompt_robust_l7_k16_a08,identity_stress,7,16,identity_stress,coexact_minus_presence,0.8,late,0.05,0.8571428571428571,0.334151300650498,1.0,1.0,-3.560941430593587,-0.839155689741454,0.2162876465361591,-0.0831924806780977,0.0665850841529989,5,1,1,1,1,1,1
spiral_out_hltd_closed_loop_identity5_prompt_robust_l7_k16_a08,identity_stress,7,16,identity_stress,coexact_minus_presence,0.8,middle,0.4,0.38901689708141324,0.2824312894375948,1.0,0.4444444444444444,-1.4561801576895166,0.1874999525928356,-0.02636628607229874,0.055052570682811025,0.02828845512789749,5,3,3,3,3,3,3
spiral_out_hltd_closed_loop_identity5_prompt_robust_l7_k16_a08,identity_stress,7,16,identity_stress,presence,0.8,all,1.0,0.2927249932230957,0.28332865013974384,1.0,0.1,-1.2868422524715906,-0.17874901799000945,-0.043354497970764946,0.007834124453932417,0.03855471186570895,5,5,5,5,5,5,5
spiral_out_hltd_closed_loop_identity5_prompt_robust_l7_k16_a08,identity_stress,7,16,identity_stress,presence,0.8,early,0.55,0.22520217764525166,0.27927788064700776,1.0,0.1111111111111111,-1.2241431490329857,-0.06368251432604889,-0.036094355015887876,0.0005506309803352261,0.021959047110028763,5,3,3,3,3,3,3
spiral_out_hltd_closed_loop_identity5_prompt_robust_l7_k16_a08,identity_stress,7,16,identity_stress,presence,0.8,late,0.0,,,,,,,,,,5,0,0,0,0,0,0
spiral_out_hltd_closed_loop_identity5_prompt_robust_l7_k16_a08,identity_stress,7,16,identity_stress,presence,0.8,middle,0.45,0.38901689708141324,0.29515367743413057,1.0,0.3333333333333333,-1.5265818878825652,-0.2591632131257103,-0.15751359342430385,0.03470509123610174,0.08451238654195968,5,3,3,3,3,3,3
spiral_out_hltd_closed_loop_identity5_prompt_robust_l7_k16_a08,identity_stress,7,16,identity_stress,presence_plus_coexact,0.8,all,1.0,0.2943378964489022,0.2706728913012362,1.0,0.2,-1.2985079496011893,-0.11215134693807202,9.529615832892802e-05,-0.017246027533835043,0.0357933993416016,5,5,5,5,5,5,5
spiral_out_hltd_closed_loop_identity5_prompt_robust_l7_k16_a08,identity_stress,7,16,identity_stress,presence_plus_coexact,0.8,early,0.55,0.22520217764525166,0.27927788064700776,1.0,0.1111111111111111,-1.2241431490329857,-0.02020059254600846,-0.025782388451667304,0.013727263930207385,0.021491097759025923,5,3,3,3,3,3,3
spiral_out_hltd_closed_loop_identity5_prompt_robust_l7_k16_a08,identity_stress,7,16,identity_stress,presence_plus_coexact,0.8,late,0.0,,,,,,,,,,5,0,0,0,0,0,0
spiral_out_hltd_closed_loop_identity5_prompt_robust_l7_k16_a08,identity_stress,7,16,identity_stress,presence_plus_coexact,0.8,middle,0.45,0.39170506912442393,0.27406074603661773,1.0,0.5,-1.5460247164318968,-0.04241760686318615,0.010304452082313767,-0.11764461634631063,0.08510451075624288,5,3,3,3,3,3,3
spiral_out_hltd_closed_loop_identity5_prompt_robust_l7_k16_a08,identity_stress,7,16,identity_stress,random_tangent,0.8,all,1.0,0.31995459474112226,0.2826673418694432,1.0,0.15,-1.3400305470225484,-0.11945518300306404,-0.06443921694887624,0.20920470987814496,0.03504161973484591,5,5,5,5,5,5,5
spiral_out_hltd_closed_loop_identity5_prompt_robust_l7_k16_a08,identity_stress,7,16,identity_stress,random_tangent,0.8,early,0.55,0.22520217764525166,0.27945756416521544,1.0,0.19444444444444442,-1.324865183473097,-0.08045678996367901,0.06417906528829519,0.1439766333327688,0.03557545685212904,5,3,3,3,3,3,3
spiral_out_hltd_closed_loop_identity5_prompt_robust_l7_k16_a08,identity_stress,7,16,identity_stress,random_tangent,0.8,late,0.05,0.8823529411764706,0.3139598826049589,1.0,1.0,-2.142297848143329,-0.905467186035513,-0.7660099856831408,0.7800465122136142,0.0936284988733844,5,1,1,1,1,1,1
spiral_out_hltd_closed_loop_identity5_prompt_robust_l7_k16_a08,identity_stress,7,16,identity_stress,random_tangent,0.8,middle,0.4,0.37384792626728114,0.28414284999497946,1.0,0.0,-1.2293258027725127,-0.06623690583328631,-0.1593340143647248,0.23757502697080018,0.0264364405829049,5,2,2,2,2,2,2
spiral_out_hltd_closed_loop_k_pilot_l7_a08,ontology_collapse,7,12,ontology_collapse,baseline,0.0,all,1.0,0.35221674876847286,0.3061771448257117,0.0,0.0,-1.5030304029503814,,,,,2,2,0,0,0,0,0
spiral_out_hltd_closed_loop_k_pilot_l7_a08,ontology_collapse,7,12,ontology_collapse,baseline,0.0,early,0.5,0.27586206896551724,0.3412849450545251,0.0,0.0,-1.592328588796061,,,,,2,1,0,0,0,0,0
spiral_out_hltd_closed_loop_k_pilot_l7_a08,ontology_collapse,7,12,ontology_collapse,baseline,0.0,late,0.0,,,,,,,,,,2,0,0,0,0,0,0
spiral_out_hltd_closed_loop_k_pilot_l7_a08,ontology_collapse,7,12,ontology_collapse,baseline,0.0,middle,0.5,0.42857142857142855,0.2710693445968982,0.0,0.0,-1.4137322171047018,,,,,2,1,0,0,0,0,0
spiral_out_hltd_closed_loop_k_pilot_l7_a08,ontology_collapse,7,12,ontology_collapse,coexact,0.8,all,1.0,0.5073891625615764,0.32916356072547676,1.0,0.5,-1.6910059886115771,0.07516361501851677,0.028095524532561374,0.07745061451374356,0.03884791681395788,2,2,2,2,2,2,2
spiral_out_hltd_closed_loop_k_pilot_l7_a08,ontology_collapse,7,12,ontology_collapse,coexact,0.8,early,0.25,0.2931034482758621,0.4000715871859799,1.0,1.0,-2.1392106774593245,0.5482276045006009,0.0156751056118978,0.1385476120583133,0.0483644043547037,2,1,1,1,1,1,1
spiral_out_hltd_closed_loop_k_pilot_l7_a08,ontology_collapse,7,12,ontology_collapse,coexact,0.8,late,0.25,0.8793103448275862,0.3744439665221307,1.0,1.0,-1.7973488427775806,-0.12980270118261486,0.013998246000127803,0.16519915332424912,0.04320664917606945,2,1,1,1,1,1,1
spiral_out_hltd_closed_loop_k_pilot_l7_a08,ontology_collapse,7,12,ontology_collapse,coexact,0.8,middle,0.5,0.42857142857142855,0.2710693445968982,1.0,0.0,-1.4137322171047018,-0.0588852216219595,0.04135437325910995,0.003027846336205925,0.0319103068625292,2,1,1,1,1,1,1
spiral_out_hltd_closed_loop_k_pilot_l7_a08,ontology_collapse,7,12,ontology_collapse,coexact_minus_presence,0.8,all,1.0,0.5073891625615764,0.32916356072547676,1.0,0.5,-1.6910059886115771,0.21976557619853154,0.010313965463208077,0.13897032231417342,0.04179783837275479,2,2,2,2,2,2,2
spiral_out_hltd_closed_loop_k_pilot_l7_a08,ontology_collapse,7,12,ontology_collapse,coexact_minus_presence,0.8,early,0.25,0.2931034482758621,0.4000715871859799,1.0,1.0,-2.1392106774593245,0.6527516726885638,0.00507802477215335,0.22634106254806105,0.0624447209875282,2,1,1,1,1,1,1
spiral_out_hltd_closed_loop_k_pilot_l7_a08,ontology_collapse,7,12,ontology_collapse,coexact_minus_presence,0.8,late,0.25,0.8793103448275862,0.3744439665221307,1.0,1.0,-1.7973488427775806,-0.1442244924001592,-0.00777700619942575,0.2279495769967232,0.03976868904521705,2,1,1,1,1,1,1
spiral_out_hltd_closed_loop_k_pilot_l7_a08,ontology_collapse,7,12,ontology_collapse,coexact_minus_presence,0.8,middle,0.5,0.42857142857142855,0.2710693445968982,1.0,0.0,-1.4137322171047018,0.18526756225286078,0.021977421640052355,0.05079532485595469,0.03248897172913695,2,1,1,1,1,1,1
spiral_out_hltd_closed_loop_k_pilot_l7_a08,ontology_collapse,7,12,ontology_collapse,presence,0.8,all,1.0,0.35221674876847286,0.32082861713365896,1.0,0.25,-1.6886928694683796,-0.3445165270283662,0.1134013330727246,-0.027790126731659377,0.036527024908571334,2,2,2,2,2,2,2
spiral_out_hltd_closed_loop_k_pilot_l7_a08,ontology_collapse,7,12,ontology_collapse,presence,0.8,early,0.5,0.27586206896551724,0.37058788967041967,1.0,0.5,-1.9636535218320574,-0.29588653043001023,0.16592870308834054,0.05943311369080402,0.03332207859301035,2,1,1,1,1,1,1
spiral_out_hltd_closed_loop_k_pilot_l7_a08,ontology_collapse,7,12,ontology_collapse,presence,0.8,late,0.0,,,,,,,,,,2,0,0,0,0,0,0
spiral_out_hltd_closed_loop_k_pilot_l7_a08,ontology_collapse,7,12,ontology_collapse,presence,0.8,middle,0.5,0.42857142857142855,0.2710693445968982,1.0,0.0,-1.4137322171047018,-0.3931465236267222,0.06087396305710865,-0.11501336715412278,0.03973197122413233,2,1,1,1,1,1,1
spiral_out_hltd_closed_loop_k_pilot_l7_a08,ontology_collapse,7,12,ontology_collapse,presence_plus_coexact,0.8,all,1.0,0.35221674876847286,0.3061771448257117,1.0,0.0,-1.5030304029503814,-0.1601989082444852,0.0526008121691892,-0.03924429023793101,0.03019793635772869,2,2,2,2,2,2,2
spiral_out_hltd_closed_loop_k_pilot_l7_a08,ontology_collapse,7,12,ontology_collapse,presence_plus_coexact,0.8,early,0.5,0.27586206896551724,0.3412849450545251,1.0,0.0,-1.592328588796061,-0.11587080896737054,0.045748230336918945,-0.042084927920639476,0.02861363460582005,2,1,1,1,1,1,1
spiral_out_hltd_closed_loop_k_pilot_l7_a08,ontology_collapse,7,12,ontology_collapse,presence_plus_coexact,0.8,late,0.0,,,,,,,,,,2,0,0,0,0,0,0
spiral_out_hltd_closed_loop_k_pilot_l7_a08,ontology_collapse,7,12,ontology_collapse,presence_plus_coexact,0.8,middle,0.5,0.42857142857142855,0.2710693445968982,1.0,0.0,-1.4137322171047018,-0.20452700752159989,0.05945339400145945,-0.03640365255522255,0.031782238109637324,2,1,1,1,1,1,1
spiral_out_hltd_closed_loop_k_pilot_l7_a08,ontology_collapse,7,12,ontology_collapse,random_tangent,0.8,all,1.0,0.35221674876847286,0.3061771448257117,1.0,0.0,-1.5030304029503814,-0.08580157547657703,0.054119233482699834,-0.05876760104985953,0.02486864001669025,2,2,2,2,2,2,2
spiral_out_hltd_closed_loop_k_pilot_l7_a08,ontology_collapse,7,12,ontology_collapse,random_tangent,0.8,early,0.5,0.27586206896551724,0.3412849450545251,1.0,0.0,-1.592328588796061,0.07998735392920023,0.07380209922712307,-0.03322397058942403,0.02188111357779475,2,1,1,1,1,1,1
spiral_out_hltd_closed_loop_k_pilot_l7_a08,ontology_collapse,7,12,ontology_collapse,random_tangent,0.8,late,0.0,,,,,,,,,,2,0,0,0,0,0,0
spiral_out_hltd_closed_loop_k_pilot_l7_a08,ontology_collapse,7,12,ontology_collapse,random_tangent,0.8,middle,0.5,0.42857142857142855,0.2710693445968982,1.0,0.0,-1.4137322171047018,-0.2515905048823543,0.0344363677382766,-0.08431123151029503,0.02785616645558575,2,1,1,1,1,1,1
spiral_out_hltd_closed_loop_k_pilot_l7_a08,ontology_collapse,7,16,ontology_collapse,baseline,0.0,all,1.0,0.35221674876847286,0.3061771448257117,0.0,0.0,-1.5030304029503814,,,,,2,2,0,0,0,0,0
spiral_out_hltd_closed_loop_k_pilot_l7_a08,ontology_collapse,7,16,ontology_collapse,baseline,0.0,early,0.5,0.27586206896551724,0.3412849450545251,0.0,0.0,-1.592328588796061,,,,,2,1,0,0,0,0,0
spiral_out_hltd_closed_loop_k_pilot_l7_a08,ontology_collapse,7,16,ontology_collapse,baseline,0.0,late,0.0,,,,,,,,,,2,0,0,0,0,0,0
spiral_out_hltd_closed_loop_k_pilot_l7_a08,ontology_collapse,7,16,ontology_collapse,baseline,0.0,middle,0.5,0.42857142857142855,0.2710693445968982,0.0,0.0,-1.4137322171047018,,,,,2,1,0,0,0,0,0
spiral_out_hltd_closed_loop_k_pilot_l7_a08,ontology_collapse,7,16,ontology_collapse,coexact,0.8,all,1.0,0.5073891625615764,0.32916356072547676,1.0,0.5,-1.6910059886115771,0.029250175579377716,-0.005530601547953935,0.06500640384633788,0.04582190327642821,2,2,2,2,2,2,2
spiral_out_hltd_closed_loop_k_pilot_l7_a08,ontology_collapse,7,16,ontology_collapse,coexact,0.8,early,0.25,0.2931034482758621,0.4000715871859799,1.0,1.0,-2.1392106774593245,0.4096184485493133,0.0838324664944565,0.028532657164570947,0.051047226688473446,2,1,1,1,1,1,1
spiral_out_hltd_closed_loop_k_pilot_l7_a08,ontology_collapse,7,16,ontology_collapse,coexact,0.8,late,0.25,0.8793103448275862,0.3744439665221307,1.0,1.0,-1.7973488427775806,-0.053783194578129745,-0.06797233541872315,0.13553378611426664,0.056445880765611654,2,1,1,1,1,1,1
spiral_out_hltd_closed_loop_k_pilot_l7_a08,ontology_collapse,7,16,ontology_collapse,coexact,0.8,middle,0.5,0.42857142857142855,0.2710693445968982,1.0,0.0,-1.4137322171047018,-0.11941727582683634,-0.018991268633774545,0.047979586053256945,0.037897252825813875,2,1,1,1,1,1,1
spiral_out_hltd_closed_loop_k_pilot_l7_a08,ontology_collapse,7,16,ontology_collapse,coexact_minus_presence,0.8,all,1.0,0.5386391625615764,0.3347099770781482,1.0,1.0,-2.2123360591721237,0.23318306847646475,0.1098696753897439,0.036416443996758856,0.08061272964308988,2,2,2,2,2,2,2
spiral_out_hltd_closed_loop_k_pilot_l7_a08,ontology_collapse,7,16,ontology_collapse,coexact_minus_presence,0.8,early,0.25,0.2931034482758621,0.4000715871859799,1.0,1.0,-2.1392106774593245,0.48289572287457583,0.07622772220849325,0.08721220645036885,0.0629039830945824,2,1,1,1,1,1,1
spiral_out_hltd_closed_loop_k_pilot_l7_a08,ontology_collapse,7,16,ontology_collapse,coexact_minus_presence,0.8,late,0.375,0.8325123152709359,0.40177353848191166,1.0,1.0,-2.730677237133108,0.08438666896592427,0.054441726829793424,0.011866100207300945,0.10159663638636907,2,2,2,2,2,2,2
spiral_out_hltd_closed_loop_k_pilot_l7_a08,ontology_collapse,7,16,ontology_collapse,coexact_minus_presence,0.8,middle,0.375,0.39285714285714285,0.2331818662557573,1.0,1.0,-2.053854600471515,0.26017258254707826,0.24768621960501017,-0.0191619831318362,0.0845606324693345,2,1,1,1,1,1,1
spiral_out_hltd_closed_loop_k_pilot_l7_a08,ontology_collapse,7,16,ontology_collapse,presence,0.8,all,1.0,0.35221674876847286,0.3061771448257117,1.0,0.0,-1.5030304029503814,-0.4265173847753425,0.1279000504768115,-0.10097510091976333,0.06080783824481607,2,2,2,2,2,2,2
spiral_out_hltd_closed_loop_k_pilot_l7_a08,ontology_collapse,7,16,ontology_collapse,presence,0.8,early,0.5,0.27586206896551724,0.3412849450545251,1.0,0.0,-1.592328588796061,-0.39069300234946436,0.17611379654497125,-0.07703365708732347,0.07962446835259544,2,1,1,1,1,1,1
spiral_out_hltd_closed_loop_k_pilot_l7_a08,ontology_collapse,7,16,ontology_collapse,presence,0.8,late,0.0,,,,,,,,,,2,0,0,0,0,0,0
spiral_out_hltd_closed_loop_k_pilot_l7_a08,ontology_collapse,7,16,ontology_collapse,presence,0.8,middle,0.5,0.42857142857142855,0.2710693445968982,1.0,0.0,-1.4137322171047018,-0.46234176720122067,0.07968630440865175,-0.12491654475220319,0.0419912081370367,2,1,1,1,1,1,1
spiral_out_hltd_closed_loop_k_pilot_l7_a08,ontology_collapse,7,16,ontology_collapse,presence_plus_coexact,0.8,all,1.0,0.35221674876847286,0.3061771448257117,1.0,0.0,-1.5030304029503814,-0.2927188546204844,0.05163530094395476,-0.019093615262797382,0.03660836500842553,2,2,2,2,2,2,2
spiral_out_hltd_closed_loop_k_pilot_l7_a08,ontology_collapse,7,16,ontology_collapse,presence_plus_coexact,0.8,early,0.5,0.27586206896551724,0.3412849450545251,1.0,0.0,-1.592328588796061,-0.2520427553370923,0.0766406283876755,-0.03701765260840695,0.037472368095894826,2,1,1,1,1,1,1
spiral_out_hltd_closed_loop_k_pilot_l7_a08,ontology_collapse,7,16,ontology_collapse,presence_plus_coexact,0.8,late,0.0,,,,,,,,,,2,0,0,0,0,0,0
spiral_out_hltd_closed_loop_k_pilot_l7_a08,ontology_collapse,7,16,ontology_collapse,presence_plus_coexact,0.8,middle,0.5,0.42857142857142855,0.2710693445968982,1.0,0.0,-1.4137322171047018,-0.3333949539038765,0.026629973500234008,-0.0011695779171878168,0.03574436192095622,2,1,1,1,1,1,1
spiral_out_hltd_closed_loop_k_pilot_l7_a08,ontology_collapse,7,16,ontology_collapse,random_tangent,0.8,all,1.0,0.35221674876847286,0.3061771448257117,1.0,0.0,-1.5030304029503814,-0.08580157547657703,0.054119233482699834,-0.05876760104985953,0.02486864001669025,2,2,2,2,2,2,2
spiral_out_hltd_closed_loop_k_pilot_l7_a08,ontology_collapse,7,16,ontology_collapse,random_tangent,0.8,early,0.5,0.27586206896551724,0.3412849450545251,1.0,0.0,-1.592328588796061,0.07998735392920023,0.07380209922712307,-0.03322397058942403,0.02188111357779475,2,1,1,1,1,1,1
spiral_out_hltd_closed_loop_k_pilot_l7_a08,ontology_collapse,7,16,ontology_collapse,random_tangent,0.8,late,0.0,,,,,,,,,,2,0,0,0,0,0,0
spiral_out_hltd_closed_loop_k_pilot_l7_a08,ontology_collapse,7,16,ontology_collapse,random_tangent,0.8,middle,0.5,0.42857142857142855,0.2710693445968982,1.0,0.0,-1.4137322171047018,-0.2515905048823543,0.0344363677382766,-0.08431123151029503,0.02785616645558575,2,1,1,1,1,1,1
spiral_out_hltd_closed_loop_k_pilot_l7_a08,ontology_collapse,7,24,ontology_collapse,baseline,0.0,all,1.0,0.35221674876847286,0.3061771448257117,0.0,0.0,-1.5030304029503814,,,,,2,2,0,0,0,0,0
spiral_out_hltd_closed_loop_k_pilot_l7_a08,ontology_collapse,7,24,ontology_collapse,baseline,0.0,early,0.5,0.27586206896551724,0.3412849450545251,0.0,0.0,-1.592328588796061,,,,,2,1,0,0,0,0,0
spiral_out_hltd_closed_loop_k_pilot_l7_a08,ontology_collapse,7,24,ontology_collapse,baseline,0.0,late,0.0,,,,,,,,,,2,0,0,0,0,0,0
spiral_out_hltd_closed_loop_k_pilot_l7_a08,ontology_collapse,7,24,ontology_collapse,baseline,0.0,middle,0.5,0.42857142857142855,0.2710693445968982,0.0,0.0,-1.4137322171047018,,,,,2,1,0,0,0,0,0
spiral_out_hltd_closed_loop_k_pilot_l7_a08,ontology_collapse,7,24,ontology_collapse,coexact,0.8,all,1.0,0.49846059113300495,0.32816809951918385,1.0,0.75,-1.7095398029378917,0.20464732267985664,0.06328659023506235,0.025061270979884108,0.06097051953000007,2,2,2,2,2,2,2
spiral_out_hltd_closed_loop_k_pilot_l7_a08,ontology_collapse,7,24,ontology_collapse,coexact,0.8,early,0.25,0.2931034482758621,0.4000715871859799,1.0,1.0,-2.1392106774593245,0.4492531985599899,-0.003996621369260794,0.0483307082544044,0.0613841800051367,2,1,1,1,1,1,1
spiral_out_hltd_closed_loop_k_pilot_l7_a08,ontology_collapse,7,24,ontology_collapse,coexact,0.8,late,0.25,0.8793103448275862,0.3744439665221307,1.0,1.0,-1.7973488427775806,0.2674766749092399,0.1372713834898747,0.0673462436199692,0.08347850038179751,2,1,1,1,1,1,1
spiral_out_hltd_closed_loop_k_pilot_l7_a08,ontology_collapse,7,24,ontology_collapse,coexact,0.8,middle,0.5,0.4107142857142857,0.2690784221843124,1.0,0.5,-1.4507998457573308,0.05092970862509835,0.05993579940981775,-0.007715933977418585,0.04950969886653305,2,1,1,1,1,1,1
spiral_out_hltd_closed_loop_k_pilot_l7_a08,ontology_collapse,7,24,ontology_collapse,coexact_minus_presence,0.8,all,1.0,0.5386391625615764,0.3347099770781482,1.0,1.0,-2.1654610591721237,0.24873818314196477,0.04633101268498405,0.1258489669760097,0.09826503697468433,2,2,2,2,2,2,2
spiral_out_hltd_closed_loop_k_pilot_l7_a08,ontology_collapse,7,24,ontology_collapse,coexact_minus_presence,0.8,early,0.25,0.2931034482758621,0.4000715871859799,1.0,1.0,-2.1392106774593245,0.5382122916720098,-0.1601390702036625,0.2198911620673702,0.08264482631930635,2,1,1,1,1,1,1
spiral_out_hltd_closed_loop_k_pilot_l7_a08,ontology_collapse,7,24,ontology_collapse,coexact_minus_presence,0.8,late,0.375,0.8325123152709359,0.40177353848191166,1.0,1.0,-2.543177237133108,0.19891773949853947,0.012912319509396777,0.07395573352151874,0.10365357288576343,2,2,2,2,2,2,2
spiral_out_hltd_closed_loop_k_pilot_l7_a08,ontology_collapse,7,24,ontology_collapse,coexact_minus_presence,0.8,middle,0.375,0.39285714285714285,0.2331818662557573,1.0,1.0,-2.053854600471515,0.11793434124403938,0.19350668538453888,0.06542501006412314,0.1062862892111356,2,1,1,1,1,1,1
spiral_out_hltd_closed_loop_k_pilot_l7_a08,ontology_collapse,7,24,ontology_collapse,presence,0.8,all,1.0,0.35221674876847286,0.3061771448257117,1.0,0.0,-1.5030304029503814,-0.42028422468867066,0.16652003750989847,-0.1407696997031603,0.06196561444836794,2,2,2,2,2,2,2
spiral_out_hltd_closed_loop_k_pilot_l7_a08,ontology_collapse,7,24,ontology_collapse,presence,0.8,early,0.5,0.27586206896551724,0.3412849450545251,1.0,0.0,-1.592328588796061,-0.3579738965216235,0.18023970159523725,-0.06733343215614475,0.07664047275119623,2,1,1,1,1,1,1
spiral_out_hltd_closed_loop_k_pilot_l7_a08,ontology_collapse,7,24,ontology_collapse,presence,0.8,late,0.0,,,,,,,,,,2,0,0,0,0,0,0
spiral_out_hltd_closed_loop_k_pilot_l7_a08,ontology_collapse,7,24,ontology_collapse,presence,0.8,middle,0.5,0.42857142857142855,0.2710693445968982,1.0,0.0,-1.4137322171047018,-0.48259455285571784,0.1528003734245597,-0.21420596725017588,0.04729075614553965,2,1,1,1,1,1,1
spiral_out_hltd_closed_loop_k_pilot_l7_a08,ontology_collapse,7,24,ontology_collapse,presence_plus_coexact,0.8,all,1.0,0.35221674876847286,0.3061771448257117,1.0,0.0,-1.5030304029503814,-0.31353648517309174,0.0325156640016675,-0.017435659040588088,0.039017284255635214,2,2,2,2,2,2,2
spiral_out_hltd_closed_loop_k_pilot_l7_a08,ontology_collapse,7,24,ontology_collapse,presence_plus_coexact,0.8,early,0.5,0.27586206896551724,0.3412849450545251,1.0,0.0,-1.592328588796061,-0.2520427553370923,0.0766406283876755,-0.03701765260840695,0.037472368095894826,2,1,1,1,1,1,1
spiral_out_hltd_closed_loop_k_pilot_l7_a08,ontology_collapse,7,24,ontology_collapse,presence_plus_coexact,0.8,late,0.0,,,,,,,,,,2,0,0,0,0,0,0
spiral_out_hltd_closed_loop_k_pilot_l7_a08,ontology_collapse,7,24,ontology_collapse,presence_plus_coexact,0.8,middle,0.5,0.42857142857142855,0.2710693445968982,1.0,0.0,-1.4137322171047018,-0.3750302150090912,-0.011609300384340503,0.0021463345272307727,0.0405622004153756,2,1,1,1,1,1,1
spiral_out_hltd_closed_loop_k_pilot_l7_a08,ontology_collapse,7,24,ontology_collapse,random_tangent,0.8,all,1.0,0.35221674876847286,0.3061771448257117,1.0,0.0,-1.5030304029503814,-0.08580157547657703,0.054119233482699834,-0.05876760104985953,0.02486864001669025,2,2,2,2,2,2,2
spiral_out_hltd_closed_loop_k_pilot_l7_a08,ontology_collapse,7,24,ontology_collapse,random_tangent,0.8,early,0.5,0.27586206896551724,0.3412849450545251,1.0,0.0,-1.592328588796061,0.07998735392920023,0.07380209922712307,-0.03322397058942403,0.02188111357779475,2,1,1,1,1,1,1
spiral_out_hltd_closed_loop_k_pilot_l7_a08,ontology_collapse,7,24,ontology_collapse,random_tangent,0.8,late,0.0,,,,,,,,,,2,0,0,0,0,0,0
spiral_out_hltd_closed_loop_k_pilot_l7_a08,ontology_collapse,7,24,ontology_collapse,random_tangent,0.8,middle,0.5,0.42857142857142855,0.2710693445968982,1.0,0.0,-1.4137322171047018,-0.2515905048823543,0.0344363677382766,-0.08431123151029503,0.02785616645558575,2,1,1,1,1,1,1
spiral_out_hltd_closed_loop_layer_pilot_l5_l8_a08,ontology_collapse,5,16,ontology_collapse,baseline,0.0,all,1.0,0.35221674876847286,0.2681339042970394,0.0,0.0,-1.5030304029503814,,,,,2,2,0,0,0,0,0
spiral_out_hltd_closed_loop_layer_pilot_l5_l8_a08,ontology_collapse,5,16,ontology_collapse,baseline,0.0,early,0.5,0.27586206896551724,0.28629706202678057,0.0,0.0,-1.592328588796061,,,,,2,1,0,0,0,0,0
spiral_out_hltd_closed_loop_layer_pilot_l5_l8_a08,ontology_collapse,5,16,ontology_collapse,baseline,0.0,late,0.0,,,,,,,,,,2,0,0,0,0,0,0
spiral_out_hltd_closed_loop_layer_pilot_l5_l8_a08,ontology_collapse,5,16,ontology_collapse,baseline,0.0,middle,0.5,0.42857142857142855,0.2499707465672983,0.0,0.0,-1.4137322171047018,,,,,2,1,0,0,0,0,0
spiral_out_hltd_closed_loop_layer_pilot_l5_l8_a08,ontology_collapse,5,16,ontology_collapse,coexact,0.8,all,1.0,0.4944581280788177,0.2735435533664815,1.0,0.5,-1.6910059886115771,0.33865588618520437,-0.030351225366013177,0.21116336574554762,0.03528906958635972,2,2,2,2,2,2,2
spiral_out_hltd_closed_loop_layer_pilot_l5_l8_a08,ontology_collapse,5,16,ontology_collapse,coexact,0.8,early,0.125,0.27586206896551724,0.1858041610497477,1.0,1.0,-1.95611761197128,0.4377833182284707,0.054831445788622,0.2090637849955303,0.0156621940188613,2,1,1,1,1,1,1
spiral_out_hltd_closed_loop_layer_pilot_l5_l8_a08,ontology_collapse,5,16,ontology_collapse,coexact,0.8,late,0.125,0.8620689655172413,0.2165643483323,1.0,1.0,-0.8363838831897965,0.4098252903323818,-0.0173864035758697,0.1352219139774315,0.0139314234718552,2,1,1,1,1,1,1
spiral_out_hltd_closed_loop_layer_pilot_l5_l8_a08,ontology_collapse,5,16,ontology_collapse,coexact,0.8,middle,0.75,0.49014778325123154,0.32150960610380197,1.0,0.5,-1.9770204948805343,0.2664785274298791,-0.0517496892663087,0.17939047046870454,0.04113882886321463,2,2,2,2,2,2,2
spiral_out_hltd_closed_loop_layer_pilot_l5_l8_a08,ontology_collapse,5,16,ontology_collapse,coexact_minus_presence,0.8,all,1.0,0.5123152709359606,0.27044593134213707,1.0,1.0,-2.1654610591721237,0.31148063986610974,0.06139086382381187,0.059119121516509415,0.0653665962709026,2,2,2,2,2,2,2
spiral_out_hltd_closed_loop_layer_pilot_l5_l8_a08,ontology_collapse,5,16,ontology_collapse,coexact_minus_presence,0.8,early,0.25,0.2629310344827586,0.2554669900374423,1.0,1.0,-2.061340905810553,0.43716761274876004,-0.09265833808394315,0.2311188794868748,0.033541773704996544,2,2,2,2,2,2,2
spiral_out_hltd_closed_loop_layer_pilot_l5_l8_a08,ontology_collapse,5,16,ontology_collapse,coexact_minus_presence,0.8,late,0.25,0.8238916256157636,0.2592583610876315,1.0,1.0,-2.062694757339216,0.2451418875085531,0.245462281891136,-0.14846824194350233,0.05284752250500985,2,2,2,2,2,2,2
spiral_out_hltd_closed_loop_layer_pilot_l5_l8_a08,ontology_collapse,5,16,ontology_collapse,coexact_minus_presence,0.8,middle,0.5,0.4812192118226601,0.2835291871217373,1.0,1.0,-2.268904286769363,0.2818065296035628,0.04637975574402729,0.07691292426133263,0.08753854443680201,2,2,2,2,2,2,2
spiral_out_hltd_closed_loop_layer_pilot_l5_l8_a08,ontology_collapse,5,16,ontology_collapse,presence,0.8,all,1.0,0.3686884236453202,0.2696355842014556,1.0,0.5,-1.590039183794694,-0.06277969323997032,0.011554362876503348,0.0063149269480527875,0.022396452428414974,2,2,2,2,2,2,2
spiral_out_hltd_closed_loop_layer_pilot_l5_l8_a08,ontology_collapse,5,16,ontology_collapse,presence,0.8,early,0.5,0.2629310344827586,0.2851666621817178,1.0,0.6666666666666666,-1.8317512674927436,-0.07728295229440967,-0.15147963294523947,0.16341083029567885,0.0374453247634306,2,2,2,2,2,2,2
spiral_out_hltd_closed_loop_layer_pilot_l5_l8_a08,ontology_collapse,5,16,ontology_collapse,presence,0.8,late,0.0,,,,,,,,,,2,0,0,0,0,0,0
spiral_out_hltd_closed_loop_layer_pilot_l5_l8_a08,ontology_collapse,5,16,ontology_collapse,presence,0.8,middle,0.5,0.5073891625615763,0.30935640422968924,1.0,0.6666666666666666,-2.064234693015692,-0.08324946972141199,0.12688491380962452,-0.09955682495533624,0.013127656397134833,2,2,2,2,2,2,2
spiral_out_hltd_closed_loop_layer_pilot_l5_l8_a08,ontology_collapse,5,16,ontology_collapse,presence_plus_coexact,0.8,all,1.0,0.3686884236453202,0.2696355842014556,1.0,0.5,-1.590039183794694,0.04060640433690257,0.016015026459501806,0.07075482476424662,0.0225753457556264,2,2,2,2,2,2,2
spiral_out_hltd_closed_loop_layer_pilot_l5_l8_a08,ontology_collapse,5,16,ontology_collapse,presence_plus_coexact,0.8,early,0.5,0.2629310344827586,0.2851666621817178,1.0,0.6666666666666666,-1.8317512674927436,-0.09554173086289952,-0.10399825109871821,0.08421347377806657,0.026233745334144267,2,2,2,2,2,2,2
spiral_out_hltd_closed_loop_layer_pilot_l5_l8_a08,ontology_collapse,5,16,ontology_collapse,presence_plus_coexact,0.8,late,0.0,,,,,,,,,,2,0,0,0,0,0,0
spiral_out_hltd_closed_loop_layer_pilot_l5_l8_a08,ontology_collapse,5,16,ontology_collapse,presence_plus_coexact,0.8,middle,0.5,0.5073891625615763,0.30935640422968924,1.0,0.6666666666666666,-2.064234693015692,0.10100890188966924,0.10884604205004828,0.003477204630366479,0.0197227590171435,2,2,2,2,2,2,2
spiral_out_hltd_closed_loop_layer_pilot_l5_l8_a08,ontology_collapse,5,16,ontology_collapse,random_tangent,0.8,all,1.0,0.35221674876847286,0.2681339042970394,1.0,0.0,-1.5030304029503814,-0.07136875007638041,0.054717118731229426,0.0022055110768774595,0.019179805576698523,2,2,2,2,2,2,2
spiral_out_hltd_closed_loop_layer_pilot_l5_l8_a08,ontology_collapse,5,16,ontology_collapse,random_tangent,0.8,early,0.5,0.27586206896551724,0.28629706202678057,1.0,0.0,-1.592328588796061,-0.011934032560817251,0.007228566332049274,0.039688110785167596,0.012459325974236326,2,1,1,1,1,1,1
spiral_out_hltd_closed_loop_layer_pilot_l5_l8_a08,ontology_collapse,5,16,ontology_collapse,random_tangent,0.8,late,0.0,,,,,,,,,,2,0,0,0,0,0,0
spiral_out_hltd_closed_loop_layer_pilot_l5_l8_a08,ontology_collapse,5,16,ontology_collapse,random_tangent,0.8,middle,0.5,0.42857142857142855,0.2499707465672983,1.0,0.0,-1.4137322171047018,-0.13080346759194358,0.10220567113040958,-0.03527708863141268,0.025900285179160723,2,1,1,1,1,1,1
spiral_out_hltd_closed_loop_layer_pilot_l5_l8_a08,ontology_collapse,6,16,ontology_collapse,baseline,0.0,all,1.0,0.35221674876847286,0.28690467276063275,0.0,0.0,-1.5030304029503814,,,,,2,2,0,0,0,0,0
spiral_out_hltd_closed_loop_layer_pilot_l5_l8_a08,ontology_collapse,6,16,ontology_collapse,baseline,0.0,early,0.5,0.27586206896551724,0.30445061874191615,0.0,0.0,-1.592328588796061,,,,,2,1,0,0,0,0,0
spiral_out_hltd_closed_loop_layer_pilot_l5_l8_a08,ontology_collapse,6,16,ontology_collapse,baseline,0.0,late,0.0,,,,,,,,,,2,0,0,0,0,0,0
spiral_out_hltd_closed_loop_layer_pilot_l5_l8_a08,ontology_collapse,6,16,ontology_collapse,baseline,0.0,middle,0.5,0.42857142857142855,0.26935872677934936,0.0,0.0,-1.4137322171047018,,,,,2,1,0,0,0,0,0
spiral_out_hltd_closed_loop_layer_pilot_l5_l8_a08,ontology_collapse,6,16,ontology_collapse,coexact,0.8,all,1.0,0.4944581280788177,0.3103677320190492,1.0,0.5,-1.6910059886115771,0.08885602966322302,0.05673232378797086,0.07769491496187284,0.04603810599145333,2,2,2,2,2,2,2
spiral_out_hltd_closed_loop_layer_pilot_l5_l8_a08,ontology_collapse,6,16,ontology_collapse,coexact,0.8,early,0.125,0.27586206896551724,0.2262267059200596,1.0,1.0,-1.95611761197128,0.0555317912258068,0.038670108658934,0.1353811380624261,0.0560452544459045,2,1,1,1,1,1,1
spiral_out_hltd_closed_loop_layer_pilot_l5_l8_a08,ontology_collapse,6,16,ontology_collapse,coexact,0.8,late,0.125,0.8620689655172413,0.2630252950777239,1.0,1.0,-0.8363838831897965,0.2342597243554687,-0.1104257973674123,0.341422180282843,0.0413871171759944,2,1,1,1,1,1,1
spiral_out_hltd_closed_loop_layer_pilot_l5_l8_a08,ontology_collapse,6,16,ontology_collapse,coexact,0.8,middle,0.75,0.49014778325123154,0.36374310039897795,1.0,0.5,-1.9770204948805343,0.10930884910230686,0.12287438603097553,0.01157720581704472,0.052848994127937934,2,2,2,2,2,2,2
spiral_out_hltd_closed_loop_layer_pilot_l5_l8_a08,ontology_collapse,6,16,ontology_collapse,coexact_minus_presence,0.8,all,1.0,0.4944581280788177,0.3103677320190492,1.0,0.5,-1.6910059886115771,0.3180862437830647,0.04452846415013566,0.0515833357208743,0.0396723202223383,2,2,2,2,2,2,2
spiral_out_hltd_closed_loop_layer_pilot_l5_l8_a08,ontology_collapse,6,16,ontology_collapse,coexact_minus_presence,0.8,early,0.125,0.27586206896551724,0.2262267059200596,1.0,1.0,-1.95611761197128,0.1178330346809044,-0.0029930718872179,0.2102553066722965,0.0626149758044533,2,1,1,1,1,1,1
spiral_out_hltd_closed_loop_layer_pilot_l5_l8_a08,ontology_collapse,6,16,ontology_collapse,coexact_minus_presence,0.8,late,0.125,0.8620689655172413,0.2630252950777239,1.0,1.0,-0.8363838831897965,0.1603287862393596,-0.0602096652631019,0.2288675218360176,0.0231152229789119,2,1,1,1,1,1,1
spiral_out_hltd_closed_loop_layer_pilot_l5_l8_a08,ontology_collapse,6,16,ontology_collapse,coexact_minus_presence,0.8,middle,0.75,0.49014778325123154,0.36374310039897795,1.0,0.5,-1.9770204948805343,0.34737019700847926,0.10420649309417737,-0.0029136263023127385,0.04342563106115891,2,2,2,2,2,2,2
spiral_out_hltd_closed_loop_layer_pilot_l5_l8_a08,ontology_collapse,6,16,ontology_collapse,presence,0.8,all,1.0,0.3298953201970443,0.2875821349632093,1.0,0.25,-1.5215642172766959,0.08239983937096071,0.026196188537859863,0.061465234430161914,0.04197062234424456,2,2,2,2,2,2,2
spiral_out_hltd_closed_loop_layer_pilot_l5_l8_a08,ontology_collapse,6,16,ontology_collapse,presence,0.8,early,0.625,0.2629310344827586,0.3295547310557082,1.0,0.5,-1.971313627394876,0.04295484028343613,-0.190614827079564,0.22428449171143133,0.06094396035164651,2,2,2,2,2,2,2
spiral_out_hltd_closed_loop_layer_pilot_l5_l8_a08,ontology_collapse,6,16,ontology_collapse,presence,0.8,late,0.0,,,,,,,,,,2,0,0,0,0,0,0
spiral_out_hltd_closed_loop_layer_pilot_l5_l8_a08,ontology_collapse,6,16,ontology_collapse,presence,0.8,middle,0.375,0.42857142857142855,0.24273192045616976,1.0,0.3333333333333333,-1.150966905678544,-0.21118405203047108,0.006062058799429899,0.14596804453444068,0.017172250084788166,2,1,1,1,1,1,1
spiral_out_hltd_closed_loop_layer_pilot_l5_l8_a08,ontology_collapse,6,16,ontology_collapse,presence_plus_coexact,0.8,all,1.0,0.3686884236453202,0.30052456184651805,1.0,0.5,-1.590039183794694,-0.1062971684648,-0.05153079988026722,0.09500956223211478,0.034099457451239365,2,2,2,2,2,2,2
spiral_out_hltd_closed_loop_layer_pilot_l5_l8_a08,ontology_collapse,6,16,ontology_collapse,presence_plus_coexact,0.8,early,0.5,0.2629310344827586,0.3171157207905134,1.0,0.6666666666666666,-1.8317512674927436,-0.1965858340041543,-0.3232267951943063,0.12600439806747823,0.047277341555994855,2,2,2,2,2,2,2
spiral_out_hltd_closed_loop_layer_pilot_l5_l8_a08,ontology_collapse,6,16,ontology_collapse,presence_plus_coexact,0.8,late,0.0,,,,,,,,,,2,0,0,0,0,0,0
spiral_out_hltd_closed_loop_layer_pilot_l5_l8_a08,ontology_collapse,6,16,ontology_collapse,presence_plus_coexact,0.8,middle,0.5,0.5073891625615763,0.3626780079278623,1.0,0.6666666666666666,-2.064234693015692,-0.04646181659355203,0.15314423007372735,0.04324599698845337,0.04497591628645253,2,2,2,2,2,2,2
spiral_out_hltd_closed_loop_layer_pilot_l5_l8_a08,ontology_collapse,6,16,ontology_collapse,random_tangent,0.8,all,1.0,0.35221674876847286,0.28690467276063275,1.0,0.0,-1.5030304029503814,-0.08184030590725186,0.04452040044641767,-0.059827938796213447,0.023049321447663723,2,2,2,2,2,2,2
spiral_out_hltd_closed_loop_layer_pilot_l5_l8_a08,ontology_collapse,6,16,ontology_collapse,random_tangent,0.8,early,0.5,0.27586206896551724,0.30445061874191615,1.0,0.0,-1.592328588796061,0.017115022046548124,0.023880303100568774,-0.006763155946292777,0.0127628229382571,2,1,1,1,1,1,1
spiral_out_hltd_closed_loop_layer_pilot_l5_l8_a08,ontology_collapse,6,16,ontology_collapse,random_tangent,0.8,late,0.0,,,,,,,,,,2,0,0,0,0,0,0
spiral_out_hltd_closed_loop_layer_pilot_l5_l8_a08,ontology_collapse,6,16,ontology_collapse,random_tangent,0.8,middle,0.5,0.42857142857142855,0.26935872677934936,1.0,0.0,-1.4137322171047018,-0.18079563386105185,0.06516049779226657,-0.11289272164613412,0.03333581995707035,2,1,1,1,1,1,1
spiral_out_hltd_closed_loop_layer_pilot_l5_l8_a08,ontology_collapse,7,16,ontology_collapse,baseline,0.0,all,1.0,0.35221674876847286,0.3061771448257117,0.0,0.0,-1.5030304029503814,,,,,2,2,0,0,0,0,0
spiral_out_hltd_closed_loop_layer_pilot_l5_l8_a08,ontology_collapse,7,16,ontology_collapse,baseline,0.0,early,0.5,0.27586206896551724,0.3412849450545251,0.0,0.0,-1.592328588796061,,,,,2,1,0,0,0,0,0
spiral_out_hltd_closed_loop_layer_pilot_l5_l8_a08,ontology_collapse,7,16,ontology_collapse,baseline,0.0,late,0.0,,,,,,,,,,2,0,0,0,0,0,0
spiral_out_hltd_closed_loop_layer_pilot_l5_l8_a08,ontology_collapse,7,16,ontology_collapse,baseline,0.0,middle,0.5,0.42857142857142855,0.2710693445968982,0.0,0.0,-1.4137322171047018,,,,,2,1,0,0,0,0,0
spiral_out_hltd_closed_loop_layer_pilot_l5_l8_a08,ontology_collapse,7,16,ontology_collapse,coexact,0.8,all,1.0,0.5073891625615764,0.32916356072547676,1.0,0.5,-1.6910059886115771,0.029250175579377716,-0.005530601547953935,0.06500640384633788,0.04582190327642821,2,2,2,2,2,2,2
spiral_out_hltd_closed_loop_layer_pilot_l5_l8_a08,ontology_collapse,7,16,ontology_collapse,coexact,0.8,early,0.25,0.2931034482758621,0.4000715871859799,1.0,1.0,-2.1392106774593245,0.4096184485493133,0.0838324664944565,0.028532657164570947,0.051047226688473446,2,1,1,1,1,1,1
spiral_out_hltd_closed_loop_layer_pilot_l5_l8_a08,ontology_collapse,7,16,ontology_collapse,coexact,0.8,late,0.25,0.8793103448275862,0.3744439665221307,1.0,1.0,-1.7973488427775806,-0.053783194578129745,-0.06797233541872315,0.13553378611426664,0.056445880765611654,2,1,1,1,1,1,1
spiral_out_hltd_closed_loop_layer_pilot_l5_l8_a08,ontology_collapse,7,16,ontology_collapse,coexact,0.8,middle,0.5,0.42857142857142855,0.2710693445968982,1.0,0.0,-1.4137322171047018,-0.11941727582683634,-0.018991268633774545,0.047979586053256945,0.037897252825813875,2,1,1,1,1,1,1
spiral_out_hltd_closed_loop_layer_pilot_l5_l8_a08,ontology_collapse,7,16,ontology_collapse,coexact_minus_presence,0.8,all,1.0,0.5386391625615764,0.3347099770781482,1.0,1.0,-2.2123360591721237,0.23318306847646475,0.1098696753897439,0.036416443996758856,0.08061272964308988,2,2,2,2,2,2,2
spiral_out_hltd_closed_loop_layer_pilot_l5_l8_a08,ontology_collapse,7,16,ontology_collapse,coexact_minus_presence,0.8,early,0.25,0.2931034482758621,0.4000715871859799,1.0,1.0,-2.1392106774593245,0.48289572287457583,0.07622772220849325,0.08721220645036885,0.0629039830945824,2,1,1,1,1,1,1
spiral_out_hltd_closed_loop_layer_pilot_l5_l8_a08,ontology_collapse,7,16,ontology_collapse,coexact_minus_presence,0.8,late,0.375,0.8325123152709359,0.40177353848191166,1.0,1.0,-2.730677237133108,0.08438666896592427,0.054441726829793424,0.011866100207300945,0.10159663638636907,2,2,2,2,2,2,2
spiral_out_hltd_closed_loop_layer_pilot_l5_l8_a08,ontology_collapse,7,16,ontology_collapse,coexact_minus_presence,0.8,middle,0.375,0.39285714285714285,0.2331818662557573,1.0,1.0,-2.053854600471515,0.26017258254707826,0.24768621960501017,-0.0191619831318362,0.0845606324693345,2,1,1,1,1,1,1
spiral_out_hltd_closed_loop_layer_pilot_l5_l8_a08,ontology_collapse,7,16,ontology_collapse,presence,0.8,all,1.0,0.35221674876847286,0.3061771448257117,1.0,0.0,-1.5030304029503814,-0.4265173847753425,0.1279000504768115,-0.10097510091976333,0.06080783824481607,2,2,2,2,2,2,2
spiral_out_hltd_closed_loop_layer_pilot_l5_l8_a08,ontology_collapse,7,16,ontology_collapse,presence,0.8,early,0.5,0.27586206896551724,0.3412849450545251,1.0,0.0,-1.592328588796061,-0.39069300234946436,0.17611379654497125,-0.07703365708732347,0.07962446835259544,2,1,1,1,1,1,1
spiral_out_hltd_closed_loop_layer_pilot_l5_l8_a08,ontology_collapse,7,16,ontology_collapse,presence,0.8,late,0.0,,,,,,,,,,2,0,0,0,0,0,0
spiral_out_hltd_closed_loop_layer_pilot_l5_l8_a08,ontology_collapse,7,16,ontology_collapse,presence,0.8,middle,0.5,0.42857142857142855,0.2710693445968982,1.0,0.0,-1.4137322171047018,-0.46234176720122067,0.07968630440865175,-0.12491654475220319,0.0419912081370367,2,1,1,1,1,1,1
spiral_out_hltd_closed_loop_layer_pilot_l5_l8_a08,ontology_collapse,7,16,ontology_collapse,presence_plus_coexact,0.8,all,1.0,0.35221674876847286,0.3061771448257117,1.0,0.0,-1.5030304029503814,-0.2927188546204844,0.05163530094395476,-0.019093615262797382,0.03660836500842553,2,2,2,2,2,2,2
spiral_out_hltd_closed_loop_layer_pilot_l5_l8_a08,ontology_collapse,7,16,ontology_collapse,presence_plus_coexact,0.8,early,0.5,0.27586206896551724,0.3412849450545251,1.0,0.0,-1.592328588796061,-0.2520427553370923,0.0766406283876755,-0.03701765260840695,0.037472368095894826,2,1,1,1,1,1,1
spiral_out_hltd_closed_loop_layer_pilot_l5_l8_a08,ontology_collapse,7,16,ontology_collapse,presence_plus_coexact,0.8,late,0.0,,,,,,,,,,2,0,0,0,0,0,0
spiral_out_hltd_closed_loop_layer_pilot_l5_l8_a08,ontology_collapse,7,16,ontology_collapse,presence_plus_coexact,0.8,middle,0.5,0.42857142857142855,0.2710693445968982,1.0,0.0,-1.4137322171047018,-0.3333949539038765,0.026629973500234008,-0.0011695779171878168,0.03574436192095622,2,1,1,1,1,1,1
spiral_out_hltd_closed_loop_layer_pilot_l5_l8_a08,ontology_collapse,7,16,ontology_collapse,random_tangent,0.8,all,1.0,0.35221674876847286,0.3061771448257117,1.0,0.0,-1.5030304029503814,-0.08580157547657703,0.054119233482699834,-0.05876760104985953,0.02486864001669025,2,2,2,2,2,2,2
spiral_out_hltd_closed_loop_layer_pilot_l5_l8_a08,ontology_collapse,7,16,ontology_collapse,random_tangent,0.8,early,0.5,0.27586206896551724,0.3412849450545251,1.0,0.0,-1.592328588796061,0.07998735392920023,0.07380209922712307,-0.03322397058942403,0.02188111357779475,2,1,1,1,1,1,1
spiral_out_hltd_closed_loop_layer_pilot_l5_l8_a08,ontology_collapse,7,16,ontology_collapse,random_tangent,0.8,late,0.0,,,,,,,,,,2,0,0,0,0,0,0
spiral_out_hltd_closed_loop_layer_pilot_l5_l8_a08,ontology_collapse,7,16,ontology_collapse,random_tangent,0.8,middle,0.5,0.42857142857142855,0.2710693445968982,1.0,0.0,-1.4137322171047018,-0.2515905048823543,0.0344363677382766,-0.08431123151029503,0.02785616645558575,2,1,1,1,1,1,1
spiral_out_hltd_closed_loop_layer_pilot_l5_l8_a08,ontology_collapse,8,16,ontology_collapse,baseline,0.0,all,1.0,0.35221674876847286,0.31886073551036354,0.0,0.0,-1.5030304029503814,,,,,2,2,0,0,0,0,0
spiral_out_hltd_closed_loop_layer_pilot_l5_l8_a08,ontology_collapse,8,16,ontology_collapse,baseline,0.0,early,0.5,0.27586206896551724,0.35507945064924473,0.0,0.0,-1.592328588796061,,,,,2,1,0,0,0,0,0
spiral_out_hltd_closed_loop_layer_pilot_l5_l8_a08,ontology_collapse,8,16,ontology_collapse,baseline,0.0,late,0.0,,,,,,,,,,2,0,0,0,0,0,0
spiral_out_hltd_closed_loop_layer_pilot_l5_l8_a08,ontology_collapse,8,16,ontology_collapse,baseline,0.0,middle,0.5,0.42857142857142855,0.28264202037148234,0.0,0.0,-1.4137322171047018,,,,,2,1,0,0,0,0,0
spiral_out_hltd_closed_loop_layer_pilot_l5_l8_a08,ontology_collapse,8,16,ontology_collapse,coexact,0.8,all,1.0,0.5246305418719212,0.3322636173690327,1.0,0.5,-1.6910059886115771,-0.10138952077731123,-0.04211781730758159,0.10344210371160407,0.05400493381362864,2,2,2,2,2,2,2
spiral_out_hltd_closed_loop_layer_pilot_l5_l8_a08,ontology_collapse,8,16,ontology_collapse,coexact,0.8,early,0.125,0.27586206896551724,0.268101203220468,1.0,1.0,-1.95611761197128,0.1137689316204095,0.0359334571008815,0.3999879695671566,0.0512073712017986,2,1,1,1,1,1,1
spiral_out_hltd_closed_loop_layer_pilot_l5_l8_a08,ontology_collapse,8,16,ontology_collapse,coexact,0.8,late,0.25,0.8793103448275862,0.3659934652073136,1.0,1.0,-1.7973488427775806,0.011830155027157549,-0.057085453032762204,0.14241213810012796,0.063342806061433,2,1,1,1,1,1,1
spiral_out_hltd_closed_loop_layer_pilot_l5_l8_a08,ontology_collapse,8,16,ontology_collapse,coexact,0.8,middle,0.625,0.43842364532019706,0.40504737210135977,1.0,0.5,-1.8680179800260355,-0.1443110788499606,-0.20016573135215832,0.146536157889458,0.06016530395431039,2,2,2,2,2,2,2
spiral_out_hltd_closed_loop_layer_pilot_l5_l8_a08,ontology_collapse,8,16,ontology_collapse,coexact_minus_presence,0.8,all,1.0,0.5246305418719212,0.3322636173690327,1.0,0.5,-1.6910059886115771,0.11629347921221857,-0.054814268725404985,0.1515707184249227,0.04440303533905695,2,2,2,2,2,2,2
spiral_out_hltd_closed_loop_layer_pilot_l5_l8_a08,ontology_collapse,8,16,ontology_collapse,coexact_minus_presence,0.8,early,0.125,0.27586206896551724,0.268101203220468,1.0,1.0,-1.95611761197128,0.1111541807921927,0.035357659753302,0.3058261355952743,0.0307894059884965,2,1,1,1,1,1,1
spiral_out_hltd_closed_loop_layer_pilot_l5_l8_a08,ontology_collapse,8,16,ontology_collapse,coexact_minus_presence,0.8,late,0.25,0.8793103448275862,0.3659934652073136,1.0,1.0,-1.7973488427775806,0.06637427851039891,0.0015256478758232002,0.13630979822174225,0.03431330805769025,2,1,1,1,1,1,1
spiral_out_hltd_closed_loop_layer_pilot_l5_l8_a08,ontology_collapse,8,16,ontology_collapse,coexact_minus_presence,0.8,middle,0.625,0.43842364532019706,0.40504737210135977,1.0,0.5,-1.8680179800260355,0.08580529751472234,-0.2259144351478728,0.20613425416834513,0.0489639813719978,2,2,2,2,2,2,2
spiral_out_hltd_closed_loop_layer_pilot_l5_l8_a08,ontology_collapse,8,16,ontology_collapse,presence,0.8,all,1.0,0.3737684729064039,0.3333205880054263,1.0,0.25,-1.5715053694683796,-0.27994977290739564,-0.025689639428077907,-0.009019352384886263,0.025838542001693034,2,2,2,2,2,2,2
spiral_out_hltd_closed_loop_layer_pilot_l5_l8_a08,ontology_collapse,8,16,ontology_collapse,presence,0.8,early,0.375,0.27586206896551724,0.3350183646960995,1.0,0.3333333333333333,-1.3132038689917966,-0.018065446771523438,0.0088573072464252,0.0047218074469916995,0.009176987860419665,2,1,1,1,1,1,1
spiral_out_hltd_closed_loop_layer_pilot_l5_l8_a08,ontology_collapse,8,16,ontology_collapse,presence,0.8,late,0.0,,,,,,,,,,2,0,0,0,0,0,0
spiral_out_hltd_closed_loop_layer_pilot_l5_l8_a08,ontology_collapse,8,16,ontology_collapse,presence,0.8,middle,0.625,0.43842364532019706,0.4067917744203324,1.0,0.5,-2.1956173487287707,-0.27860645333522943,-0.10723737767067607,-0.004744351321112101,0.03697565063862141,2,2,2,2,2,2,2
spiral_out_hltd_closed_loop_layer_pilot_l5_l8_a08,ontology_collapse,8,16,ontology_collapse,presence_plus_coexact,0.8,all,1.0,0.5246305418719212,0.3322636173690327,1.0,0.5,-1.6910059886115771,-0.2860060224449772,-0.03431972250258519,0.026522750748194837,0.049508055171877896,2,2,2,2,2,2,2
spiral_out_hltd_closed_loop_layer_pilot_l5_l8_a08,ontology_collapse,8,16,ontology_collapse,presence_plus_coexact,0.8,early,0.125,0.27586206896551724,0.268101203220468,1.0,1.0,-1.95611761197128,0.0770983445232023,0.0732144112628248,0.2083349304204311,0.0328966952591085,2,1,1,1,1,1,1
spiral_out_hltd_closed_loop_layer_pilot_l5_l8_a08,ontology_collapse,8,16,ontology_collapse,presence_plus_coexact,0.8,late,0.25,0.8793103448275862,0.3659934652073136,1.0,1.0,-1.7973488427775806,-0.16451726127287133,-0.18591374750715056,0.08657784373236385,0.0522277262447432,2,1,1,1,1,1,1
spiral_out_hltd_closed_loop_layer_pilot_l5_l8_a08,ontology_collapse,8,16,ontology_collapse,presence_plus_coexact,0.8,middle,0.625,0.43842364532019706,0.40504737210135977,1.0,0.5,-1.8680179800260355,-0.3074204436024408,-0.11652204929931588,0.08330861510810164,0.06772810499473006,2,2,2,2,2,2,2
spiral_out_hltd_closed_loop_layer_pilot_l5_l8_a08,ontology_collapse,8,16,ontology_collapse,random_tangent,0.8,all,1.0,0.3737684729064039,0.3333205880054263,1.0,0.25,-1.5715053694683796,-0.026740631271402138,0.009672636203339906,-0.07481522067378468,0.03440942848149729,2,2,2,2,2,2,2
spiral_out_hltd_closed_loop_layer_pilot_l5_l8_a08,ontology_collapse,8,16,ontology_collapse,random_tangent,0.8,early,0.375,0.27586206896551724,0.3350183646960995,1.0,0.3333333333333333,-1.3132038689917966,0.18785341229677144,0.09262217739124405,-0.11213834901113012,0.0208164271296454,2,1,1,1,1,1,1
spiral_out_hltd_closed_loop_layer_pilot_l5_l8_a08,ontology_collapse,8,16,ontology_collapse,random_tangent,0.8,late,0.0,,,,,,,,,,2,0,0,0,0,0,0
spiral_out_hltd_closed_loop_layer_pilot_l5_l8_a08,ontology_collapse,8,16,ontology_collapse,random_tangent,0.8,middle,0.625,0.43842364532019706,0.4067917744203324,1.0,0.5,-2.1956173487287707,-0.02886980561375621,-0.16671038276604389,-0.04847987705296183,0.06891475097775526,2,2,2,2,2,2,2
spiral_out_hltd_closed_loop_ontology5_prompt_robust_l7_k16_a08,ontology_collapse,7,16,ontology_collapse,baseline,0.0,all,1.0,0.32555220085809633,0.29077460212969247,0.0,0.0,-1.3510660915030805,,,,,5,5,0,0,0,0,0
spiral_out_hltd_closed_loop_ontology5_prompt_robust_l7_k16_a08,ontology_collapse,7,16,ontology_collapse,baseline,0.0,early,0.6,0.28068223952539856,0.300675457298069,0.0,0.0,-1.4196936793570352,,,,,5,3,0,0,0,0,0
spiral_out_hltd_closed_loop_ontology5_prompt_robust_l7_k16_a08,ontology_collapse,7,16,ontology_collapse,baseline,0.0,late,0.0,,,,,,,,,,5,0,0,0,0,0,0
spiral_out_hltd_closed_loop_ontology5_prompt_robust_l7_k16_a08,ontology_collapse,7,16,ontology_collapse,baseline,0.0,middle,0.4,0.39285714285714285,0.27592331937712755,0.0,0.0,-1.2481247097221484,,,,,5,2,0,0,0,0,0
spiral_out_hltd_closed_loop_ontology5_prompt_robust_l7_k16_a08,ontology_collapse,7,16,ontology_collapse,coexact,0.8,all,1.0,0.42817217543302083,0.2830155269734336,1.0,0.5,-1.6417761880858244,0.05026560792057071,0.01977472552887748,0.11154993405182508,0.03971080002213763,5,5,5,5,5,5,5
spiral_out_hltd_closed_loop_ontology5_prompt_robust_l7_k16_a08,ontology_collapse,7,16,ontology_collapse,coexact,0.8,early,0.4,0.2864293659621802,0.3033489339695778,1.0,0.5555555555555555,-1.4537539009818905,0.1641163419669357,0.008398325365938332,0.14103118388112512,0.034740315096465,5,3,3,3,3,3,3
spiral_out_hltd_closed_loop_ontology5_prompt_robust_l7_k16_a08,ontology_collapse,7,16,ontology_collapse,coexact,0.8,late,0.15,0.8362068965517242,0.3243875622376762,1.0,1.0,-2.8836013552591098,0.11795118558007653,0.22029787514261656,0.07864726988910273,0.06426476312045983,5,2,2,2,2,2,2
spiral_out_hltd_closed_loop_ontology5_prompt_robust_l7_k16_a08,ontology_collapse,7,16,ontology_collapse,coexact,0.8,middle,0.45,0.44767665130568357,0.2916406880712464,1.0,0.5,-1.993903712535931,-0.05880395718442266,-0.019601673738981973,0.08277737588481059,0.03859494754820155,5,3,3,3,3,3,3
spiral_out_hltd_closed_loop_ontology5_prompt_robust_l7_k16_a08,ontology_collapse,7,16,ontology_collapse,coexact_minus_presence,0.8,all,1.0,0.44067217543302084,0.28523409351450213,1.0,0.7,-1.850308216310043,0.13967292215490107,0.05108418950523054,0.11585161359215564,0.05164831118835914,5,5,5,5,5,5,5
spiral_out_hltd_closed_loop_ontology5_prompt_robust_l7_k16_a08,ontology_collapse,7,16,ontology_collapse,coexact_minus_presence,0.8,early,0.4,0.2864293659621802,0.3033489339695778,1.0,0.5555555555555555,-1.4537539009818905,0.1958661804161386,0.0008659997181281511,0.16723472753607446,0.03693348412800877,5,3,3,3,3,3,3
spiral_out_hltd_closed_loop_ontology5_prompt_robust_l7_k16_a08,ontology_collapse,7,16,ontology_collapse,coexact_minus_presence,0.8,late,0.2,0.819376026272578,0.35929274497234837,1.0,1.0,-3.143736114002285,0.11735727952052732,0.14915721865165207,0.025372679486690464,0.08555782153610574,5,3,3,3,3,3,3
spiral_out_hltd_closed_loop_ontology5_prompt_robust_l7_k16_a08,ontology_collapse,7,16,ontology_collapse,coexact_minus_presence,0.8,middle,0.4,0.43577188940092165,0.2790115286241994,1.0,0.8333333333333334,-2.2072778403248687,0.10228048619998976,0.06775190872453113,0.05107386708593358,0.05237361067274593,5,3,3,3,3,3,3
spiral_out_hltd_closed_loop_ontology5_prompt_robust_l7_k16_a08,ontology_collapse,7,16,ontology_collapse,presence,0.8,all,1.0,0.3384554266645479,0.2945030949471638,1.0,0.1,-1.4015996176995436,-0.1669857360186146,0.013552918222791635,-0.004731391998668602,0.03540638746213226,5,5,5,5,5,5,5
spiral_out_hltd_closed_loop_ontology5_prompt_robust_l7_k16_a08,ontology_collapse,7,16,ontology_collapse,presence,0.8,early,0.55,0.28068223952539856,0.2946039710963933,1.0,0.1111111111111111,-1.3300581588435112,-0.1359368279212153,0.05275763101141825,-0.016514014426103025,0.036188192631719705,5,3,3,3,3,3,3
spiral_out_hltd_closed_loop_ontology5_prompt_robust_l7_k16_a08,ontology_collapse,7,16,ontology_collapse,presence,0.8,late,0.0,,,,,,,,,,5,0,0,0,0,0,0
spiral_out_hltd_closed_loop_ontology5_prompt_robust_l7_k16_a08,ontology_collapse,7,16,ontology_collapse,presence,0.8,middle,0.45,0.44470046082949305,0.316467282576306,1.0,0.3333333333333333,-1.898799447969007,-0.2632113690809644,-0.12446588411839521,0.05921181684636345,0.03797020543921811,5,3,3,3,3,3,3
spiral_out_hltd_closed_loop_ontology5_prompt_robust_l7_k16_a08,ontology_collapse,7,16,ontology_collapse,presence_plus_coexact,0.8,all,1.0,0.3643174956300651,0.2887169173165633,1.0,0.2,-1.5345233950811916,-0.126623356937951,0.03134558591409643,0.0876770530682677,0.0314666578605796,5,5,5,5,5,5,5
spiral_out_hltd_closed_loop_ontology5_prompt_robust_l7_k16_a08,ontology_collapse,7,16,ontology_collapse,presence_plus_coexact,0.8,early,0.5,0.28068223952539856,0.28375338659242616,1.0,0.2222222222222222,-1.2714598714274692,-0.0665524849777252,0.015402932817098368,0.09768974118326997,0.02706427010410779,5,3,3,3,3,3,3
spiral_out_hltd_closed_loop_ontology5_prompt_robust_l7_k16_a08,ontology_collapse,7,16,ontology_collapse,presence_plus_coexact,0.8,late,0.05,0.7931034482758621,0.2743311579532217,1.0,1.0,-4.469853867740639,0.4500339730096692,1.1739678894618637,-0.0180164763010344,0.0902997922108152,5,1,1,1,1,1,1
spiral_out_hltd_closed_loop_ontology5_prompt_robust_l7_k16_a08,ontology_collapse,7,16,ontology_collapse,presence_plus_coexact,0.8,middle,0.45,0.44470046082949305,0.316467282576306,1.0,0.3333333333333333,-1.898799447969007,-0.25484664902099585,-0.10874540892018465,0.1174283698503989,0.03454604354362991,5,3,3,3,3,3,3
spiral_out_hltd_closed_loop_ontology5_prompt_robust_l7_k16_a08,ontology_collapse,7,16,ontology_collapse,random_tangent,0.8,all,1.0,0.3384554266645479,0.2945030949471638,1.0,0.15,-1.4140996176995437,0.04639855074947754,-0.041407534189873016,0.06777354793935356,0.02723333872803075,5,5,5,5,5,5,5
spiral_out_hltd_closed_loop_ontology5_prompt_robust_l7_k16_a08,ontology_collapse,7,16,ontology_collapse,random_tangent,0.8,early,0.55,0.28068223952539856,0.2946039710963933,1.0,0.1111111111111111,-1.3300581588435112,0.08136135864518483,-0.018516594318758923,0.0904721632671262,0.02559188585730203,5,3,3,3,3,3,3
spiral_out_hltd_closed_loop_ontology5_prompt_robust_l7_k16_a08,ontology_collapse,7,16,ontology_collapse,random_tangent,0.8,late,0.0,,,,,,,,,,5,0,0,0,0,0,0
spiral_out_hltd_closed_loop_ontology5_prompt_robust_l7_k16_a08,ontology_collapse,7,16,ontology_collapse,random_tangent,0.8,middle,0.45,0.44470046082949305,0.316467282576306,1.0,0.4166666666666667,-1.9196327813023402,-0.06379958773026734,-0.23443652767527232,0.0999143882705101,0.039815941744165396,5,3,3,3,3,3,3
spiral_out_hltd_closed_loop_ontology_alpha_narrow,ontology_collapse,7,16,ontology_collapse,baseline,0.0,all,1.0,0.42857142857142855,0.22972630674644706,0.0,0.0,-0.7650719961909687,,,,,1,1,0,0,0,0,0
spiral_out_hltd_closed_loop_ontology_alpha_narrow,ontology_collapse,7,16,ontology_collapse,baseline,0.0,early,0.0,,,,,,,,,,1,0,0,0,0,0,0
spiral_out_hltd_closed_loop_ontology_alpha_narrow,ontology_collapse,7,16,ontology_collapse,baseline,0.0,late,0.0,,,,,,,,,,1,0,0,0,0,0,0
spiral_out_hltd_closed_loop_ontology_alpha_narrow,ontology_collapse,7,16,ontology_collapse,baseline,0.0,middle,1.0,0.42857142857142855,0.22972630674644706,0.0,0.0,-0.7650719961909687,,,,,1,1,0,0,0,0,0
spiral_out_hltd_closed_loop_ontology_alpha_narrow,ontology_collapse,7,16,ontology_collapse,coexact_minus_presence,0.6,all,1.0,0.42857142857142855,0.22972630674644706,1.0,0.0,-0.7650719961909687,0.27092261563069625,-0.12127891315821235,0.1222195540317193,0.0194205813455674,1,1,1,1,1,1,1
spiral_out_hltd_closed_loop_ontology_alpha_narrow,ontology_collapse,7,16,ontology_collapse,coexact_minus_presence,0.6,early,0.0,,,,,,,,,,1,0,0,0,0,0,0
spiral_out_hltd_closed_loop_ontology_alpha_narrow,ontology_collapse,7,16,ontology_collapse,coexact_minus_presence,0.6,late,0.0,,,,,,,,,,1,0,0,0,0,0,0
spiral_out_hltd_closed_loop_ontology_alpha_narrow,ontology_collapse,7,16,ontology_collapse,coexact_minus_presence,0.6,middle,1.0,0.42857142857142855,0.22972630674644706,1.0,0.0,-0.7650719961909687,0.27092261563069625,-0.12127891315821235,0.1222195540317193,0.0194205813455674,1,1,1,1,1,1,1
spiral_out_hltd_closed_loop_ontology_alpha_narrow,ontology_collapse,7,16,ontology_collapse,coexact_minus_presence,0.7,all,1.0,0.42857142857142855,0.22972630674644706,1.0,0.0,-0.7650719961909687,0.43942659173638354,-0.17590652581659855,0.17906167458957228,0.03099747845430495,1,1,1,1,1,1,1
spiral_out_hltd_closed_loop_ontology_alpha_narrow,ontology_collapse,7,16,ontology_collapse,coexact_minus_presence,0.7,early,0.0,,,,,,,,,,1,0,0,0,0,0,0
spiral_out_hltd_closed_loop_ontology_alpha_narrow,ontology_collapse,7,16,ontology_collapse,coexact_minus_presence,0.7,late,0.0,,,,,,,,,,1,0,0,0,0,0,0
spiral_out_hltd_closed_loop_ontology_alpha_narrow,ontology_collapse,7,16,ontology_collapse,coexact_minus_presence,0.7,middle,1.0,0.42857142857142855,0.22972630674644706,1.0,0.0,-0.7650719961909687,0.43942659173638354,-0.17590652581659855,0.17906167458957228,0.03099747845430495,1,1,1,1,1,1,1
spiral_out_hltd_closed_loop_ontology_alpha_narrow,ontology_collapse,7,16,ontology_collapse,coexact_minus_presence,0.8,all,1.0,0.39285714285714285,0.2523027663370469,1.0,1.0,-2.0501565606479275,0.495345948919252,0.20114225333112754,-0.01999880429796705,0.0654192680352291,1,1,1,1,1,1,1
spiral_out_hltd_closed_loop_ontology_alpha_narrow,ontology_collapse,7,16,ontology_collapse,coexact_minus_presence,0.8,early,0.0,,,,,,,,,,1,0,0,0,0,0,0
spiral_out_hltd_closed_loop_ontology_alpha_narrow,ontology_collapse,7,16,ontology_collapse,coexact_minus_presence,0.8,late,0.0,,,,,,,,,,1,0,0,0,0,0,0
spiral_out_hltd_closed_loop_ontology_alpha_narrow,ontology_collapse,7,16,ontology_collapse,coexact_minus_presence,0.8,middle,1.0,0.39285714285714285,0.2523027663370469,1.0,1.0,-2.0501565606479275,0.495345948919252,0.20114225333112754,-0.01999880429796705,0.0654192680352291,1,1,1,1,1,1,1
spiral_out_hltd_closed_loop_ontology_alpha_narrow,ontology_collapse,7,16,ontology_collapse,coexact_minus_presence,0.9,all,1.0,0.39285714285714285,0.2523027663370469,1.0,1.0,-2.0501565606479275,0.6402171824166558,0.21594257101477865,0.06292367724074846,0.0915990594977299,1,1,1,1,1,1,1
spiral_out_hltd_closed_loop_ontology_alpha_narrow,ontology_collapse,7,16,ontology_collapse,coexact_minus_presence,0.9,early,0.0,,,,,,,,,,1,0,0,0,0,0,0
spiral_out_hltd_closed_loop_ontology_alpha_narrow,ontology_collapse,7,16,ontology_collapse,coexact_minus_presence,0.9,late,0.0,,,,,,,,,,1,0,0,0,0,0,0
spiral_out_hltd_closed_loop_ontology_alpha_narrow,ontology_collapse,7,16,ontology_collapse,coexact_minus_presence,0.9,middle,1.0,0.39285714285714285,0.2523027663370469,1.0,1.0,-2.0501565606479275,0.6402171824166558,0.21594257101477865,0.06292367724074846,0.0915990594977299,1,1,1,1,1,1,1
spiral_out_hltd_closed_loop_ontology_alpha_sweep,ontology_collapse,7,16,ontology_collapse,baseline,0.0,all,1.0,0.42857142857142855,0.22972630674644706,0.0,0.0,-0.7650719961909687,,,,,1,1,0,0,0,0,0
spiral_out_hltd_closed_loop_ontology_alpha_sweep,ontology_collapse,7,16,ontology_collapse,baseline,0.0,early,0.0,,,,,,,,,,1,0,0,0,0,0,0
spiral_out_hltd_closed_loop_ontology_alpha_sweep,ontology_collapse,7,16,ontology_collapse,baseline,0.0,late,0.0,,,,,,,,,,1,0,0,0,0,0,0
spiral_out_hltd_closed_loop_ontology_alpha_sweep,ontology_collapse,7,16,ontology_collapse,baseline,0.0,middle,1.0,0.42857142857142855,0.22972630674644706,0.0,0.0,-0.7650719961909687,,,,,1,1,0,0,0,0,0
spiral_out_hltd_closed_loop_ontology_alpha_sweep,ontology_collapse,7,16,ontology_collapse,coexact_minus_presence,0.25,all,1.0,0.42857142857142855,0.22972630674644706,1.0,0.0,-0.7650719961909687,0.0259357007507957,-0.030746643423751,0.05993548113600515,0.0031071592817136,1,1,1,1,1,1,1
spiral_out_hltd_closed_loop_ontology_alpha_sweep,ontology_collapse,7,16,ontology_collapse,coexact_minus_presence,0.25,early,0.0,,,,,,,,,,1,0,0,0,0,0,0
spiral_out_hltd_closed_loop_ontology_alpha_sweep,ontology_collapse,7,16,ontology_collapse,coexact_minus_presence,0.25,late,0.0,,,,,,,,,,1,0,0,0,0,0,0
spiral_out_hltd_closed_loop_ontology_alpha_sweep,ontology_collapse,7,16,ontology_collapse,coexact_minus_presence,0.25,middle,1.0,0.42857142857142855,0.22972630674644706,1.0,0.0,-0.7650719961909687,0.0259357007507957,-0.030746643423751,0.05993548113600515,0.0031071592817136,1,1,1,1,1,1,1
spiral_out_hltd_closed_loop_ontology_alpha_sweep,ontology_collapse,7,16,ontology_collapse,coexact_minus_presence,0.5,all,1.0,0.42857142857142855,0.22972630674644706,1.0,0.0,-0.7650719961909687,0.15592273405250084,-0.1029692531041419,0.11099343540085035,0.01314274486986245,1,1,1,1,1,1,1
spiral_out_hltd_closed_loop_ontology_alpha_sweep,ontology_collapse,7,16,ontology_collapse,coexact_minus_presence,0.5,early,0.0,,,,,,,,,,1,0,0,0,0,0,0
spiral_out_hltd_closed_loop_ontology_alpha_sweep,ontology_collapse,7,16,ontology_collapse,coexact_minus_presence,0.5,late,0.0,,,,,,,,,,1,0,0,0,0,0,0
spiral_out_hltd_closed_loop_ontology_alpha_sweep,ontology_collapse,7,16,ontology_collapse,coexact_minus_presence,0.5,middle,1.0,0.42857142857142855,0.22972630674644706,1.0,0.0,-0.7650719961909687,0.15592273405250084,-0.1029692531041419,0.11099343540085035,0.01314274486986245,1,1,1,1,1,1,1
spiral_out_hltd_closed_loop_ontology_alpha_sweep,ontology_collapse,7,16,ontology_collapse,coexact_minus_presence,1.0,all,1.0,0.39285714285714285,0.2523027663370469,1.0,1.0,-2.0501565606479275,0.6057977606839207,0.1984859413483022,0.21332601488221625,0.12940709658486665,1,1,1,1,1,1,1
spiral_out_hltd_closed_loop_ontology_alpha_sweep,ontology_collapse,7,16,ontology_collapse,coexact_minus_presence,1.0,early,0.0,,,,,,,,,,1,0,0,0,0,0,0
spiral_out_hltd_closed_loop_ontology_alpha_sweep,ontology_collapse,7,16,ontology_collapse,coexact_minus_presence,1.0,late,0.0,,,,,,,,,,1,0,0,0,0,0,0
spiral_out_hltd_closed_loop_ontology_alpha_sweep,ontology_collapse,7,16,ontology_collapse,coexact_minus_presence,1.0,middle,1.0,0.39285714285714285,0.2523027663370469,1.0,1.0,-2.0501565606479275,0.6057977606839207,0.1984859413483022,0.21332601488221625,0.12940709658486665,1,1,1,1,1,1,1
spiral_out_hltd_closed_loop_ontology_alpha_sweep,ontology_collapse,7,16,ontology_collapse,presence_plus_coexact,0.25,all,1.0,0.42857142857142855,0.22972630674644706,1.0,0.0,-0.7650719961909687,-0.0933480349348077,-0.019947911946270498,0.0542798851111811,0.0032547197683265496,1,1,1,1,1,1,1
spiral_out_hltd_closed_loop_ontology_alpha_sweep,ontology_collapse,7,16,ontology_collapse,presence_plus_coexact,0.25,early,0.0,,,,,,,,,,1,0,0,0,0,0,0
spiral_out_hltd_closed_loop_ontology_alpha_sweep,ontology_collapse,7,16,ontology_collapse,presence_plus_coexact,0.25,late,0.0,,,,,,,,,,1,0,0,0,0,0,0
spiral_out_hltd_closed_loop_ontology_alpha_sweep,ontology_collapse,7,16,ontology_collapse,presence_plus_coexact,0.25,middle,1.0,0.42857142857142855,0.22972630674644706,1.0,0.0,-0.7650719961909687,-0.0933480349348077,-0.019947911946270498,0.0542798851111811,0.0032547197683265496,1,1,1,1,1,1,1
spiral_out_hltd_closed_loop_ontology_alpha_sweep,ontology_collapse,7,16,ontology_collapse,presence_plus_coexact,0.5,all,1.0,0.42857142857142855,0.22972630674644706,1.0,0.0,-0.7650719961909687,-0.11141402116521884,-0.0697589244125218,0.11363656754395511,0.012695092922219351,1,1,1,1,1,1,1
spiral_out_hltd_closed_loop_ontology_alpha_sweep,ontology_collapse,7,16,ontology_collapse,presence_plus_coexact,0.5,early,0.0,,,,,,,,,,1,0,0,0,0,0,0
spiral_out_hltd_closed_loop_ontology_alpha_sweep,ontology_collapse,7,16,ontology_collapse,presence_plus_coexact,0.5,late,0.0,,,,,,,,,,1,0,0,0,0,0,0
spiral_out_hltd_closed_loop_ontology_alpha_sweep,ontology_collapse,7,16,ontology_collapse,presence_plus_coexact,0.5,middle,1.0,0.42857142857142855,0.22972630674644706,1.0,0.0,-0.7650719961909687,-0.11141402116521884,-0.0697589244125218,0.11363656754395511,0.012695092922219351,1,1,1,1,1,1,1
spiral_out_hltd_closed_loop_ontology_alpha_sweep,ontology_collapse,7,16,ontology_collapse,presence_plus_coexact,1.0,all,1.0,0.42857142857142855,0.22972630674644706,1.0,0.0,-0.7650719961909687,-0.16619677976967925,-0.19082053381255898,0.26609041657903604,0.0530725463578364,1,1,1,1,1,1,1
spiral_out_hltd_closed_loop_ontology_alpha_sweep,ontology_collapse,7,16,ontology_collapse,presence_plus_coexact,1.0,early,0.0,,,,,,,,,,1,0,0,0,0,0,0
spiral_out_hltd_closed_loop_ontology_alpha_sweep,ontology_collapse,7,16,ontology_collapse,presence_plus_coexact,1.0,late,0.0,,,,,,,,,,1,0,0,0,0,0,0
spiral_out_hltd_closed_loop_ontology_alpha_sweep,ontology_collapse,7,16,ontology_collapse,presence_plus_coexact,1.0,middle,1.0,0.42857142857142855,0.22972630674644706,1.0,0.0,-0.7650719961909687,-0.16619677976967925,-0.19082053381255898,0.26609041657903604,0.0530725463578364,1,1,1,1,1,1,1
spiral_out_hltd_closed_loop_ontology_tiny,ontology_collapse,7,16,ontology_collapse,baseline,0.0,all,1.0,0.42857142857142855,0.22972630674644706,0.0,0.0,-0.7650719961909687,,,,,1,1,0,0,0,0,0
spiral_out_hltd_closed_loop_ontology_tiny,ontology_collapse,7,16,ontology_collapse,baseline,0.0,early,0.0,,,,,,,,,,1,0,0,0,0,0,0
spiral_out_hltd_closed_loop_ontology_tiny,ontology_collapse,7,16,ontology_collapse,baseline,0.0,late,0.0,,,,,,,,,,1,0,0,0,0,0,0
spiral_out_hltd_closed_loop_ontology_tiny,ontology_collapse,7,16,ontology_collapse,baseline,0.0,middle,1.0,0.42857142857142855,0.22972630674644706,0.0,0.0,-0.7650719961909687,,,,,1,1,0,0,0,0,0
spiral_out_hltd_closed_loop_ontology_tiny,ontology_collapse,7,16,ontology_collapse,coexact_minus_presence,1.0,all,1.0,0.39285714285714285,0.2523027663370469,1.0,1.0,-2.0501565606479275,0.6057977606839207,0.1984859413483022,0.21332601488221625,0.12940709658486665,1,1,1,1,1,1,1
spiral_out_hltd_closed_loop_ontology_tiny,ontology_collapse,7,16,ontology_collapse,coexact_minus_presence,1.0,early,0.0,,,,,,,,,,1,0,0,0,0,0,0
spiral_out_hltd_closed_loop_ontology_tiny,ontology_collapse,7,16,ontology_collapse,coexact_minus_presence,1.0,late,0.0,,,,,,,,,,1,0,0,0,0,0,0
spiral_out_hltd_closed_loop_ontology_tiny,ontology_collapse,7,16,ontology_collapse,coexact_minus_presence,1.0,middle,1.0,0.39285714285714285,0.2523027663370469,1.0,1.0,-2.0501565606479275,0.6057977606839207,0.1984859413483022,0.21332601488221625,0.12940709658486665,1,1,1,1,1,1,1
spiral_out_hltd_closed_loop_ontology_tiny,ontology_collapse,7,16,ontology_collapse,presence_plus_coexact,1.0,all,1.0,0.42857142857142855,0.22972630674644706,1.0,0.0,-0.7650719961909687,-0.16619677976967925,-0.19082053381255898,0.26609041657903604,0.0530725463578364,1,1,1,1,1,1,1
spiral_out_hltd_closed_loop_ontology_tiny,ontology_collapse,7,16,ontology_collapse,presence_plus_coexact,1.0,early,0.0,,,,,,,,,,1,0,0,0,0,0,0
spiral_out_hltd_closed_loop_ontology_tiny,ontology_collapse,7,16,ontology_collapse,presence_plus_coexact,1.0,late,0.0,,,,,,,,,,1,0,0,0,0,0,0
spiral_out_hltd_closed_loop_ontology_tiny,ontology_collapse,7,16,ontology_collapse,presence_plus_coexact,1.0,middle,1.0,0.42857142857142855,0.22972630674644706,1.0,0.0,-0.7650719961909687,-0.16619677976967925,-0.19082053381255898,0.26609041657903604,0.0530725463578364,1,1,1,1,1,1,1
spiral_out_hltd_closed_loop_reverse_exception_lk_probe_l5_l8_k12_k24_a08_s01,identity_stress,5,12,identity_stress,baseline,0.0,all,1.0,0.39285714285714285,0.281279422478684,0.0,0.0,-1.296319569557852,,,,,1,1,0,0,0,0,0
spiral_out_hltd_closed_loop_reverse_exception_lk_probe_l5_l8_k12_k24_a08_s01,identity_stress,5,12,identity_stress,baseline,0.0,early,0.0,,,,,,,,,,1,0,0,0,0,0,0
spiral_out_hltd_closed_loop_reverse_exception_lk_probe_l5_l8_k12_k24_a08_s01,identity_stress,5,12,identity_stress,baseline,0.0,late,0.0,,,,,,,,,,1,0,0,0,0,0,0
spiral_out_hltd_closed_loop_reverse_exception_lk_probe_l5_l8_k12_k24_a08_s01,identity_stress,5,12,identity_stress,baseline,0.0,middle,1.0,0.39285714285714285,0.281279422478684,0.0,0.0,-1.296319569557852,,,,,1,1,0,0,0,0,0
spiral_out_hltd_closed_loop_reverse_exception_lk_probe_l5_l8_k12_k24_a08_s01,identity_stress,5,12,identity_stress,negative_coexact,0.8,all,1.0,0.39285714285714285,0.281279422478684,1.0,0.0,-1.296319569557852,0.07321097084288383,-0.09871692896067683,0.21553115673790169,0.025835946261077224,1,1,1,1,1,1,1
spiral_out_hltd_closed_loop_reverse_exception_lk_probe_l5_l8_k12_k24_a08_s01,identity_stress,5,12,identity_stress,negative_coexact,0.8,early,0.0,,,,,,,,,,1,0,0,0,0,0,0
spiral_out_hltd_closed_loop_reverse_exception_lk_probe_l5_l8_k12_k24_a08_s01,identity_stress,5,12,identity_stress,negative_coexact,0.8,late,0.0,,,,,,,,,,1,0,0,0,0,0,0
spiral_out_hltd_closed_loop_reverse_exception_lk_probe_l5_l8_k12_k24_a08_s01,identity_stress,5,12,identity_stress,negative_coexact,0.8,middle,1.0,0.39285714285714285,0.281279422478684,1.0,0.0,-1.296319569557852,0.07321097084288383,-0.09871692896067683,0.21553115673790169,0.025835946261077224,1,1,1,1,1,1,1
spiral_out_hltd_closed_loop_reverse_exception_lk_probe_l5_l8_k12_k24_a08_s01,identity_stress,5,12,identity_stress,random_tangent,0.8,all,1.0,0.4508928571428571,0.2729062497072642,1.0,0.25,-1.5001953557201393,-0.14349111868769465,-0.06699380699251378,0.15157987223117764,0.03601365469063364,1,1,1,1,1,1,1
spiral_out_hltd_closed_loop_reverse_exception_lk_probe_l5_l8_k12_k24_a08_s01,identity_stress,5,12,identity_stress,random_tangent,0.8,early,0.0,,,,,,,,,,1,0,0,0,0,0,0
spiral_out_hltd_closed_loop_reverse_exception_lk_probe_l5_l8_k12_k24_a08_s01,identity_stress,5,12,identity_stress,random_tangent,0.8,late,0.125,0.8571428571428571,0.3036675314853806,1.0,1.0,-3.560941430593587,-0.7746787259523988,0.0227485424740478,0.0315943609218249,0.0728309983555924,1,1,1,1,1,1,1
spiral_out_hltd_closed_loop_reverse_exception_lk_probe_l5_l8_k12_k24_a08_s01,identity_stress,5,12,identity_stress,random_tangent,0.8,middle,0.875,0.39285714285714285,0.2663838406156748,1.0,0.16666666666666666,-1.190716974268279,-0.07347474693748686,-0.07226232815740669,0.15418727086856587,0.028541883118353695,1,1,1,1,1,1,1
spiral_out_hltd_closed_loop_reverse_exception_lk_probe_l5_l8_k12_k24_a08_s01,identity_stress,5,16,identity_stress,baseline,0.0,all,1.0,0.39285714285714285,0.281279422478684,0.0,0.0,-1.296319569557852,,,,,1,1,0,0,0,0,0
spiral_out_hltd_closed_loop_reverse_exception_lk_probe_l5_l8_k12_k24_a08_s01,identity_stress,5,16,identity_stress,baseline,0.0,early,0.0,,,,,,,,,,1,0,0,0,0,0,0
spiral_out_hltd_closed_loop_reverse_exception_lk_probe_l5_l8_k12_k24_a08_s01,identity_stress,5,16,identity_stress,baseline,0.0,late,0.0,,,,,,,,,,1,0,0,0,0,0,0
spiral_out_hltd_closed_loop_reverse_exception_lk_probe_l5_l8_k12_k24_a08_s01,identity_stress,5,16,identity_stress,baseline,0.0,middle,1.0,0.39285714285714285,0.281279422478684,0.0,0.0,-1.296319569557852,,,,,1,1,0,0,0,0,0
spiral_out_hltd_closed_loop_reverse_exception_lk_probe_l5_l8_k12_k24_a08_s01,identity_stress,5,16,identity_stress,negative_coexact,0.8,all,1.0,0.5089285714285714,0.2645330769358444,1.0,0.5,-1.7040711418824266,0.08506766541396169,0.08458377689242982,0.1972158039203922,0.026305066671288273,1,1,1,1,1,1,1
spiral_out_hltd_closed_loop_reverse_exception_lk_probe_l5_l8_k12_k24_a08_s01,identity_stress,5,16,identity_stress,negative_coexact,0.8,early,0.0,,,,,,,,,,1,0,0,0,0,0,0
spiral_out_hltd_closed_loop_reverse_exception_lk_probe_l5_l8_k12_k24_a08_s01,identity_stress,5,16,identity_stress,negative_coexact,0.8,late,0.25,0.8571428571428571,0.3036675314853806,1.0,1.0,-3.560941430593587,0.5442378624867725,0.5457158562105917,0.0396025424672785,0.0382704935313405,1,1,1,1,1,1,1
spiral_out_hltd_closed_loop_reverse_exception_lk_probe_l5_l8_k12_k24_a08_s01,identity_stress,5,16,identity_stress,negative_coexact,0.8,middle,0.75,0.39285714285714285,0.25148825875266567,1.0,0.3333333333333333,-1.0851143789787063,-0.06798906694364193,-0.06912691621362414,0.2497535577380968,0.022316591051270863,1,1,1,1,1,1,1
spiral_out_hltd_closed_loop_reverse_exception_lk_probe_l5_l8_k12_k24_a08_s01,identity_stress,5,16,identity_stress,random_tangent,0.8,all,1.0,0.4508928571428571,0.2729062497072642,1.0,0.25,-1.5001953557201393,-0.14349111868769465,-0.06699380699251378,0.15157987223117764,0.03601365469063364,1,1,1,1,1,1,1
spiral_out_hltd_closed_loop_reverse_exception_lk_probe_l5_l8_k12_k24_a08_s01,identity_stress,5,16,identity_stress,random_tangent,0.8,early,0.0,,,,,,,,,,1,0,0,0,0,0,0
spiral_out_hltd_closed_loop_reverse_exception_lk_probe_l5_l8_k12_k24_a08_s01,identity_stress,5,16,identity_stress,random_tangent,0.8,late,0.125,0.8571428571428571,0.3036675314853806,1.0,1.0,-3.560941430593587,-0.7746787259523988,0.0227485424740478,0.0315943609218249,0.0728309983555924,1,1,1,1,1,1,1
spiral_out_hltd_closed_loop_reverse_exception_lk_probe_l5_l8_k12_k24_a08_s01,identity_stress,5,16,identity_stress,random_tangent,0.8,middle,0.875,0.39285714285714285,0.2663838406156748,1.0,0.16666666666666666,-1.190716974268279,-0.07347474693748686,-0.07226232815740669,0.15418727086856587,0.028541883118353695,1,1,1,1,1,1,1
spiral_out_hltd_closed_loop_reverse_exception_lk_probe_l5_l8_k12_k24_a08_s01,identity_stress,5,24,identity_stress,baseline,0.0,all,1.0,0.39285714285714285,0.281279422478684,0.0,0.0,-1.296319569557852,,,,,1,1,0,0,0,0,0
spiral_out_hltd_closed_loop_reverse_exception_lk_probe_l5_l8_k12_k24_a08_s01,identity_stress,5,24,identity_stress,baseline,0.0,early,0.0,,,,,,,,,,1,0,0,0,0,0,0
spiral_out_hltd_closed_loop_reverse_exception_lk_probe_l5_l8_k12_k24_a08_s01,identity_stress,5,24,identity_stress,baseline,0.0,late,0.0,,,,,,,,,,1,0,0,0,0,0,0
spiral_out_hltd_closed_loop_reverse_exception_lk_probe_l5_l8_k12_k24_a08_s01,identity_stress,5,24,identity_stress,baseline,0.0,middle,1.0,0.39285714285714285,0.281279422478684,0.0,0.0,-1.296319569557852,,,,,1,1,0,0,0,0,0
spiral_out_hltd_closed_loop_reverse_exception_lk_probe_l5_l8_k12_k24_a08_s01,identity_stress,5,24,identity_stress,negative_coexact,0.8,all,1.0,0.5089285714285714,0.2645330769358444,1.0,0.5,-1.7040711418824266,0.08108934446905114,0.1651344802979935,0.1076134957579937,0.028071921663261473,1,1,1,1,1,1,1
spiral_out_hltd_closed_loop_reverse_exception_lk_probe_l5_l8_k12_k24_a08_s01,identity_stress,5,24,identity_stress,negative_coexact,0.8,early,0.0,,,,,,,,,,1,0,0,0,0,0,0
spiral_out_hltd_closed_loop_reverse_exception_lk_probe_l5_l8_k12_k24_a08_s01,identity_stress,5,24,identity_stress,negative_coexact,0.8,late,0.25,0.8571428571428571,0.3036675314853806,1.0,1.0,-3.560941430593587,0.6416232451273989,0.8833670406554148,-0.27823381756959,0.0442684794545277,1,1,1,1,1,1,1
spiral_out_hltd_closed_loop_reverse_exception_lk_probe_l5_l8_k12_k24_a08_s01,identity_stress,5,24,identity_stress,negative_coexact,0.8,middle,0.75,0.39285714285714285,0.25148825875266567,1.0,0.3333333333333333,-1.0851143789787063,-0.10575528908373144,-0.07427637315448031,0.23622926686718826,0.022673069066172735,1,1,1,1,1,1,1
spiral_out_hltd_closed_loop_reverse_exception_lk_probe_l5_l8_k12_k24_a08_s01,identity_stress,5,24,identity_stress,random_tangent,0.8,all,1.0,0.4508928571428571,0.2729062497072642,1.0,0.25,-1.5001953557201393,-0.14349111868769465,-0.06699380699251378,0.15157987223117764,0.03601365469063364,1,1,1,1,1,1,1
spiral_out_hltd_closed_loop_reverse_exception_lk_probe_l5_l8_k12_k24_a08_s01,identity_stress,5,24,identity_stress,random_tangent,0.8,early,0.0,,,,,,,,,,1,0,0,0,0,0,0
spiral_out_hltd_closed_loop_reverse_exception_lk_probe_l5_l8_k12_k24_a08_s01,identity_stress,5,24,identity_stress,random_tangent,0.8,late,0.125,0.8571428571428571,0.3036675314853806,1.0,1.0,-3.560941430593587,-0.7746787259523988,0.0227485424740478,0.0315943609218249,0.0728309983555924,1,1,1,1,1,1,1
spiral_out_hltd_closed_loop_reverse_exception_lk_probe_l5_l8_k12_k24_a08_s01,identity_stress,5,24,identity_stress,random_tangent,0.8,middle,0.875,0.39285714285714285,0.2663838406156748,1.0,0.16666666666666666,-1.190716974268279,-0.07347474693748686,-0.07226232815740669,0.15418727086856587,0.028541883118353695,1,1,1,1,1,1,1
spiral_out_hltd_closed_loop_reverse_exception_lk_probe_l5_l8_k12_k24_a08_s01,identity_stress,7,12,identity_stress,baseline,0.0,all,1.0,0.39285714285714285,0.29841538623723385,0.0,0.0,-1.296319569557852,,,,,1,1,0,0,0,0,0
spiral_out_hltd_closed_loop_reverse_exception_lk_probe_l5_l8_k12_k24_a08_s01,identity_stress,7,12,identity_stress,baseline,0.0,early,0.0,,,,,,,,,,1,0,0,0,0,0,0
spiral_out_hltd_closed_loop_reverse_exception_lk_probe_l5_l8_k12_k24_a08_s01,identity_stress,7,12,identity_stress,baseline,0.0,late,0.0,,,,,,,,,,1,0,0,0,0,0,0
spiral_out_hltd_closed_loop_reverse_exception_lk_probe_l5_l8_k12_k24_a08_s01,identity_stress,7,12,identity_stress,baseline,0.0,middle,1.0,0.39285714285714285,0.29841538623723385,0.0,0.0,-1.296319569557852,,,,,1,1,0,0,0,0,0
spiral_out_hltd_closed_loop_reverse_exception_lk_probe_l5_l8_k12_k24_a08_s01,identity_stress,7,12,identity_stress,negative_coexact,0.8,all,1.0,0.39285714285714285,0.29841538623723385,1.0,0.0,-1.296319569557852,0.014483864345187628,0.02473744874699687,0.024849941645910697,0.029341585223147375,1,1,1,1,1,1,1
spiral_out_hltd_closed_loop_reverse_exception_lk_probe_l5_l8_k12_k24_a08_s01,identity_stress,7,12,identity_stress,negative_coexact,0.8,early,0.0,,,,,,,,,,1,0,0,0,0,0,0
spiral_out_hltd_closed_loop_reverse_exception_lk_probe_l5_l8_k12_k24_a08_s01,identity_stress,7,12,identity_stress,negative_coexact,0.8,late,0.0,,,,,,,,,,1,0,0,0,0,0,0
spiral_out_hltd_closed_loop_reverse_exception_lk_probe_l5_l8_k12_k24_a08_s01,identity_stress,7,12,identity_stress,negative_coexact,0.8,middle,1.0,0.39285714285714285,0.29841538623723385,1.0,0.0,-1.296319569557852,0.014483864345187628,0.02473744874699687,0.024849941645910697,0.029341585223147375,1,1,1,1,1,1,1
spiral_out_hltd_closed_loop_reverse_exception_lk_probe_l5_l8_k12_k24_a08_s01,identity_stress,7,12,identity_stress,random_tangent,0.8,all,1.0,0.4508928571428571,0.2885696890427891,1.0,0.25,-1.5001953557201393,-0.2330923090539512,0.03608425030008092,0.07700679237032693,0.05119579626988922,1,1,1,1,1,1,1
spiral_out_hltd_closed_loop_reverse_exception_lk_probe_l5_l8_k12_k24_a08_s01,identity_stress,7,12,identity_stress,random_tangent,0.8,early,0.0,,,,,,,,,,1,0,0,0,0,0,0
spiral_out_hltd_closed_loop_reverse_exception_lk_probe_l5_l8_k12_k24_a08_s01,identity_stress,7,12,identity_stress,random_tangent,0.8,late,0.125,0.8571428571428571,0.334151300650498,1.0,1.0,-3.560941430593587,-1.1020654984218567,1.190719182270584,-0.4584728446503661,0.1921548584246829,1,1,1,1,1,1,1
spiral_out_hltd_closed_loop_reverse_exception_lk_probe_l5_l8_k12_k24_a08_s01,identity_stress,7,12,identity_stress,random_tangent,0.8,middle,0.875,0.39285714285714285,0.2793318042424302,1.0,0.16666666666666666,-1.190716974268279,-0.09769848044747512,-0.12815288495605126,0.14796743557419,0.03099070096836888,1,1,1,1,1,1,1
spiral_out_hltd_closed_loop_reverse_exception_lk_probe_l5_l8_k12_k24_a08_s01,identity_stress,7,16,identity_stress,baseline,0.0,all,1.0,0.39285714285714285,0.29841538623723385,0.0,0.0,-1.296319569557852,,,,,1,1,0,0,0,0,0
spiral_out_hltd_closed_loop_reverse_exception_lk_probe_l5_l8_k12_k24_a08_s01,identity_stress,7,16,identity_stress,baseline,0.0,early,0.0,,,,,,,,,,1,0,0,0,0,0,0
spiral_out_hltd_closed_loop_reverse_exception_lk_probe_l5_l8_k12_k24_a08_s01,identity_stress,7,16,identity_stress,baseline,0.0,late,0.0,,,,,,,,,,1,0,0,0,0,0,0
spiral_out_hltd_closed_loop_reverse_exception_lk_probe_l5_l8_k12_k24_a08_s01,identity_stress,7,16,identity_stress,baseline,0.0,middle,1.0,0.39285714285714285,0.29841538623723385,0.0,0.0,-1.296319569557852,,,,,1,1,0,0,0,0,0
spiral_out_hltd_closed_loop_reverse_exception_lk_probe_l5_l8_k12_k24_a08_s01,identity_stress,7,16,identity_stress,negative_coexact,0.8,all,1.0,0.5089285714285714,0.27872399184834445,1.0,0.5,-1.7040711418824266,0.2481717119088253,0.2783076819435059,0.05135019510279197,0.0427597401203946,1,1,1,1,1,1,1
spiral_out_hltd_closed_loop_reverse_exception_lk_probe_l5_l8_k12_k24_a08_s01,identity_stress,7,16,identity_stress,negative_coexact,0.8,early,0.0,,,,,,,,,,1,0,0,0,0,0,0
spiral_out_hltd_closed_loop_reverse_exception_lk_probe_l5_l8_k12_k24_a08_s01,identity_stress,7,16,identity_stress,negative_coexact,0.8,late,0.25,0.8571428571428571,0.334151300650498,1.0,1.0,-3.560941430593587,0.8723797947295306,0.9980976983552096,-0.0915026365269309,0.0854202048208053,1,1,1,1,1,1,1
spiral_out_hltd_closed_loop_reverse_exception_lk_probe_l5_l8_k12_k24_a08_s01,identity_stress,7,16,identity_stress,negative_coexact,0.8,middle,0.75,0.39285714285714285,0.2602482222476266,1.0,0.3333333333333333,-1.0851143789787063,0.04010235096859021,0.038377676472938,0.09896780564603293,0.028539585220257704,1,1,1,1,1,1,1
spiral_out_hltd_closed_loop_reverse_exception_lk_probe_l5_l8_k12_k24_a08_s01,identity_stress,7,16,identity_stress,random_tangent,0.8,all,1.0,0.4508928571428571,0.2885696890427891,1.0,0.25,-1.5001953557201393,-0.2330923090539512,0.03608425030008092,0.07700679237032693,0.05119579626988922,1,1,1,1,1,1,1
spiral_out_hltd_closed_loop_reverse_exception_lk_probe_l5_l8_k12_k24_a08_s01,identity_stress,7,16,identity_stress,random_tangent,0.8,early,0.0,,,,,,,,,,1,0,0,0,0,0,0
spiral_out_hltd_closed_loop_reverse_exception_lk_probe_l5_l8_k12_k24_a08_s01,identity_stress,7,16,identity_stress,random_tangent,0.8,late,0.125,0.8571428571428571,0.334151300650498,1.0,1.0,-3.560941430593587,-1.1020654984218567,1.190719182270584,-0.4584728446503661,0.1921548584246829,1,1,1,1,1,1,1
spiral_out_hltd_closed_loop_reverse_exception_lk_probe_l5_l8_k12_k24_a08_s01,identity_stress,7,16,identity_stress,random_tangent,0.8,middle,0.875,0.39285714285714285,0.2793318042424302,1.0,0.16666666666666666,-1.190716974268279,-0.09769848044747512,-0.12815288495605126,0.14796743557419,0.03099070096836888,1,1,1,1,1,1,1
spiral_out_hltd_closed_loop_reverse_exception_lk_probe_l5_l8_k12_k24_a08_s01,identity_stress,7,24,identity_stress,baseline,0.0,all,1.0,0.39285714285714285,0.29841538623723385,0.0,0.0,-1.296319569557852,,,,,1,1,0,0,0,0,0
spiral_out_hltd_closed_loop_reverse_exception_lk_probe_l5_l8_k12_k24_a08_s01,identity_stress,7,24,identity_stress,baseline,0.0,early,0.0,,,,,,,,,,1,0,0,0,0,0,0
spiral_out_hltd_closed_loop_reverse_exception_lk_probe_l5_l8_k12_k24_a08_s01,identity_stress,7,24,identity_stress,baseline,0.0,late,0.0,,,,,,,,,,1,0,0,0,0,0,0
spiral_out_hltd_closed_loop_reverse_exception_lk_probe_l5_l8_k12_k24_a08_s01,identity_stress,7,24,identity_stress,baseline,0.0,middle,1.0,0.39285714285714285,0.29841538623723385,0.0,0.0,-1.296319569557852,,,,,1,1,0,0,0,0,0
spiral_out_hltd_closed_loop_reverse_exception_lk_probe_l5_l8_k12_k24_a08_s01,identity_stress,7,24,identity_stress,negative_coexact,0.8,all,1.0,0.5089285714285714,0.27872399184834445,1.0,0.5,-1.7040711418824266,0.11166203983475584,0.20491586071732826,-0.006703718314976001,0.030871522988821228,1,1,1,1,1,1,1
spiral_out_hltd_closed_loop_reverse_exception_lk_probe_l5_l8_k12_k24_a08_s01,identity_stress,7,24,identity_stress,negative_coexact,0.8,early,0.0,,,,,,,,,,1,0,0,0,0,0,0
spiral_out_hltd_closed_loop_reverse_exception_lk_probe_l5_l8_k12_k24_a08_s01,identity_stress,7,24,identity_stress,negative_coexact,0.8,late,0.25,0.8571428571428571,0.334151300650498,1.0,1.0,-3.560941430593587,0.6543799483135686,0.716607876383236,-0.1476708181252979,0.051210972596266,1,1,1,1,1,1,1
spiral_out_hltd_closed_loop_reverse_exception_lk_probe_l5_l8_k12_k24_a08_s01,identity_stress,7,24,identity_stress,negative_coexact,0.8,middle,0.75,0.39285714285714285,0.2602482222476266,1.0,0.3333333333333333,-1.0851143789787063,-0.06924392965818174,0.034351855495359,0.040285314955131296,0.024091706453006304,1,1,1,1,1,1,1
spiral_out_hltd_closed_loop_reverse_exception_lk_probe_l5_l8_k12_k24_a08_s01,identity_stress,7,24,identity_stress,random_tangent,0.8,all,1.0,0.4508928571428571,0.2885696890427891,1.0,0.25,-1.5001953557201393,-0.2330923090539512,0.03608425030008092,0.07700679237032693,0.05119579626988922,1,1,1,1,1,1,1
spiral_out_hltd_closed_loop_reverse_exception_lk_probe_l5_l8_k12_k24_a08_s01,identity_stress,7,24,identity_stress,random_tangent,0.8,early,0.0,,,,,,,,,,1,0,0,0,0,0,0
spiral_out_hltd_closed_loop_reverse_exception_lk_probe_l5_l8_k12_k24_a08_s01,identity_stress,7,24,identity_stress,random_tangent,0.8,late,0.125,0.8571428571428571,0.334151300650498,1.0,1.0,-3.560941430593587,-1.1020654984218567,1.190719182270584,-0.4584728446503661,0.1921548584246829,1,1,1,1,1,1,1
spiral_out_hltd_closed_loop_reverse_exception_lk_probe_l5_l8_k12_k24_a08_s01,identity_stress,7,24,identity_stress,random_tangent,0.8,middle,0.875,0.39285714285714285,0.2793318042424302,1.0,0.16666666666666666,-1.190716974268279,-0.09769848044747512,-0.12815288495605126,0.14796743557419,0.03099070096836888,1,1,1,1,1,1,1
spiral_out_hltd_closed_loop_reverse_exception_lk_probe_l5_l8_k12_k24_a08_s01,identity_stress,8,12,identity_stress,baseline,0.0,all,1.0,0.39285714285714285,0.29915801763882016,0.0,0.0,-1.296319569557852,,,,,1,1,0,0,0,0,0
spiral_out_hltd_closed_loop_reverse_exception_lk_probe_l5_l8_k12_k24_a08_s01,identity_stress,8,12,identity_stress,baseline,0.0,early,0.0,,,,,,,,,,1,0,0,0,0,0,0
spiral_out_hltd_closed_loop_reverse_exception_lk_probe_l5_l8_k12_k24_a08_s01,identity_stress,8,12,identity_stress,baseline,0.0,late,0.0,,,,,,,,,,1,0,0,0,0,0,0
spiral_out_hltd_closed_loop_reverse_exception_lk_probe_l5_l8_k12_k24_a08_s01,identity_stress,8,12,identity_stress,baseline,0.0,middle,1.0,0.39285714285714285,0.29915801763882016,0.0,0.0,-1.296319569557852,,,,,1,1,0,0,0,0,0
spiral_out_hltd_closed_loop_reverse_exception_lk_probe_l5_l8_k12_k24_a08_s01,identity_stress,8,12,identity_stress,negative_coexact,0.8,all,1.0,0.39285714285714285,0.29915801763882016,1.0,0.0,-1.296319569557852,-0.26275039218599167,0.15349146562634172,-0.17354710688023442,0.027592747370812604,1,1,1,1,1,1,1
spiral_out_hltd_closed_loop_reverse_exception_lk_probe_l5_l8_k12_k24_a08_s01,identity_stress,8,12,identity_stress,negative_coexact,0.8,early,0.0,,,,,,,,,,1,0,0,0,0,0,0
spiral_out_hltd_closed_loop_reverse_exception_lk_probe_l5_l8_k12_k24_a08_s01,identity_stress,8,12,identity_stress,negative_coexact,0.8,late,0.0,,,,,,,,,,1,0,0,0,0,0,0
spiral_out_hltd_closed_loop_reverse_exception_lk_probe_l5_l8_k12_k24_a08_s01,identity_stress,8,12,identity_stress,negative_coexact,0.8,middle,1.0,0.39285714285714285,0.29915801763882016,1.0,0.0,-1.296319569557852,-0.26275039218599167,0.15349146562634172,-0.17354710688023442,0.027592747370812604,1,1,1,1,1,1,1
spiral_out_hltd_closed_loop_reverse_exception_lk_probe_l5_l8_k12_k24_a08_s01,identity_stress,8,12,identity_stress,random_tangent,0.8,all,1.0,0.4508928571428571,0.2907714628803761,1.0,0.25,-1.5001953557201393,-0.24495399606952994,-0.07524860092165864,0.17395928899191773,0.04175943104294294,1,1,1,1,1,1,1
spiral_out_hltd_closed_loop_reverse_exception_lk_probe_l5_l8_k12_k24_a08_s01,identity_stress,8,12,identity_stress,random_tangent,0.8,early,0.0,,,,,,,,,,1,0,0,0,0,0,0
spiral_out_hltd_closed_loop_reverse_exception_lk_probe_l5_l8_k12_k24_a08_s01,identity_stress,8,12,identity_stress,random_tangent,0.8,late,0.125,0.8571428571428571,0.3240322553384714,1.0,1.0,-3.560941430593587,-1.0190127904474569,-0.0154896297581359,0.2094916206616561,0.0677093696468235,1,1,1,1,1,1,1
spiral_out_hltd_closed_loop_reverse_exception_lk_probe_l5_l8_k12_k24_a08_s01,identity_stress,8,12,identity_stress,random_tangent,0.8,middle,0.875,0.39285714285714285,0.2838302383442862,1.0,0.16666666666666666,-1.190716974268279,-0.13899957253773496,-0.07837086446300894,0.17833158428357748,0.0371300923766292,1,1,1,1,1,1,1
spiral_out_hltd_closed_loop_reverse_exception_lk_probe_l5_l8_k12_k24_a08_s01,identity_stress,8,16,identity_stress,baseline,0.0,all,1.0,0.39285714285714285,0.29915801763882016,0.0,0.0,-1.296319569557852,,,,,1,1,0,0,0,0,0
spiral_out_hltd_closed_loop_reverse_exception_lk_probe_l5_l8_k12_k24_a08_s01,identity_stress,8,16,identity_stress,baseline,0.0,early,0.0,,,,,,,,,,1,0,0,0,0,0,0
spiral_out_hltd_closed_loop_reverse_exception_lk_probe_l5_l8_k12_k24_a08_s01,identity_stress,8,16,identity_stress,baseline,0.0,late,0.0,,,,,,,,,,1,0,0,0,0,0,0
spiral_out_hltd_closed_loop_reverse_exception_lk_probe_l5_l8_k12_k24_a08_s01,identity_stress,8,16,identity_stress,baseline,0.0,middle,1.0,0.39285714285714285,0.29915801763882016,0.0,0.0,-1.296319569557852,,,,,1,1,0,0,0,0,0
spiral_out_hltd_closed_loop_reverse_exception_lk_probe_l5_l8_k12_k24_a08_s01,identity_stress,8,16,identity_stress,negative_coexact,0.8,all,1.0,0.39285714285714285,0.29915801763882016,1.0,0.0,-1.296319569557852,-0.24063500185214215,0.12721649405264657,-0.112644274629304,0.025776548647033645,1,1,1,1,1,1,1
spiral_out_hltd_closed_loop_reverse_exception_lk_probe_l5_l8_k12_k24_a08_s01,identity_stress,8,16,identity_stress,negative_coexact,0.8,early,0.0,,,,,,,,,,1,0,0,0,0,0,0
spiral_out_hltd_closed_loop_reverse_exception_lk_probe_l5_l8_k12_k24_a08_s01,identity_stress,8,16,identity_stress,negative_coexact,0.8,late,0.0,,,,,,,,,,1,0,0,0,0,0,0
spiral_out_hltd_closed_loop_reverse_exception_lk_probe_l5_l8_k12_k24_a08_s01,identity_stress,8,16,identity_stress,negative_coexact,0.8,middle,1.0,0.39285714285714285,0.29915801763882016,1.0,0.0,-1.296319569557852,-0.24063500185214215,0.12721649405264657,-0.112644274629304,0.025776548647033645,1,1,1,1,1,1,1
spiral_out_hltd_closed_loop_reverse_exception_lk_probe_l5_l8_k12_k24_a08_s01,identity_stress,8,16,identity_stress,random_tangent,0.8,all,1.0,0.4508928571428571,0.2907714628803761,1.0,0.25,-1.5001953557201393,-0.24495399606952994,-0.07524860092165864,0.17395928899191773,0.04175943104294294,1,1,1,1,1,1,1
spiral_out_hltd_closed_loop_reverse_exception_lk_probe_l5_l8_k12_k24_a08_s01,identity_stress,8,16,identity_stress,random_tangent,0.8,early,0.0,,,,,,,,,,1,0,0,0,0,0,0
spiral_out_hltd_closed_loop_reverse_exception_lk_probe_l5_l8_k12_k24_a08_s01,identity_stress,8,16,identity_stress,random_tangent,0.8,late,0.125,0.8571428571428571,0.3240322553384714,1.0,1.0,-3.560941430593587,-1.0190127904474569,-0.0154896297581359,0.2094916206616561,0.0677093696468235,1,1,1,1,1,1,1
spiral_out_hltd_closed_loop_reverse_exception_lk_probe_l5_l8_k12_k24_a08_s01,identity_stress,8,16,identity_stress,random_tangent,0.8,middle,0.875,0.39285714285714285,0.2838302383442862,1.0,0.16666666666666666,-1.190716974268279,-0.13899957253773496,-0.07837086446300894,0.17833158428357748,0.0371300923766292,1,1,1,1,1,1,1
spiral_out_hltd_closed_loop_reverse_exception_lk_probe_l5_l8_k12_k24_a08_s01,identity_stress,8,24,identity_stress,baseline,0.0,all,1.0,0.39285714285714285,0.29915801763882016,0.0,0.0,-1.296319569557852,,,,,1,1,0,0,0,0,0
spiral_out_hltd_closed_loop_reverse_exception_lk_probe_l5_l8_k12_k24_a08_s01,identity_stress,8,24,identity_stress,baseline,0.0,early,0.0,,,,,,,,,,1,0,0,0,0,0,0
spiral_out_hltd_closed_loop_reverse_exception_lk_probe_l5_l8_k12_k24_a08_s01,identity_stress,8,24,identity_stress,baseline,0.0,late,0.0,,,,,,,,,,1,0,0,0,0,0,0
spiral_out_hltd_closed_loop_reverse_exception_lk_probe_l5_l8_k12_k24_a08_s01,identity_stress,8,24,identity_stress,baseline,0.0,middle,1.0,0.39285714285714285,0.29915801763882016,0.0,0.0,-1.296319569557852,,,,,1,1,0,0,0,0,0
spiral_out_hltd_closed_loop_reverse_exception_lk_probe_l5_l8_k12_k24_a08_s01,identity_stress,8,24,identity_stress,negative_coexact,0.8,all,1.0,0.39285714285714285,0.29915801763882016,1.0,0.0,-1.296319569557852,-0.29323245755455796,0.11063569721902765,-0.08621259876934287,0.027742559627280974,1,1,1,1,1,1,1
spiral_out_hltd_closed_loop_reverse_exception_lk_probe_l5_l8_k12_k24_a08_s01,identity_stress,8,24,identity_stress,negative_coexact,0.8,early,0.0,,,,,,,,,,1,0,0,0,0,0,0
spiral_out_hltd_closed_loop_reverse_exception_lk_probe_l5_l8_k12_k24_a08_s01,identity_stress,8,24,identity_stress,negative_coexact,0.8,late,0.0,,,,,,,,,,1,0,0,0,0,0,0
spiral_out_hltd_closed_loop_reverse_exception_lk_probe_l5_l8_k12_k24_a08_s01,identity_stress,8,24,identity_stress,negative_coexact,0.8,middle,1.0,0.39285714285714285,0.29915801763882016,1.0,0.0,-1.296319569557852,-0.29323245755455796,0.11063569721902765,-0.08621259876934287,0.027742559627280974,1,1,1,1,1,1,1
spiral_out_hltd_closed_loop_reverse_exception_lk_probe_l5_l8_k12_k24_a08_s01,identity_stress,8,24,identity_stress,random_tangent,0.8,all,1.0,0.4508928571428571,0.2907714628803761,1.0,0.25,-1.5001953557201393,-0.24495399606952994,-0.07524860092165864,0.17395928899191773,0.04175943104294294,1,1,1,1,1,1,1
spiral_out_hltd_closed_loop_reverse_exception_lk_probe_l5_l8_k12_k24_a08_s01,identity_stress,8,24,identity_stress,random_tangent,0.8,early,0.0,,,,,,,,,,1,0,0,0,0,0,0
spiral_out_hltd_closed_loop_reverse_exception_lk_probe_l5_l8_k12_k24_a08_s01,identity_stress,8,24,identity_stress,random_tangent,0.8,late,0.125,0.8571428571428571,0.3240322553384714,1.0,1.0,-3.560941430593587,-1.0190127904474569,-0.0154896297581359,0.2094916206616561,0.0677093696468235,1,1,1,1,1,1,1
spiral_out_hltd_closed_loop_reverse_exception_lk_probe_l5_l8_k12_k24_a08_s01,identity_stress,8,24,identity_stress,random_tangent,0.8,middle,0.875,0.39285714285714285,0.2838302383442862,1.0,0.16666666666666666,-1.190716974268279,-0.13899957253773496,-0.07837086446300894,0.17833158428357748,0.0371300923766292,1,1,1,1,1,1,1
spiral_out_hltd_closed_loop_reverse_exception_lk_probe_l5_l8_k12_k24_a08_s01,ontology_collapse,5,12,ontology_collapse,baseline,0.0,all,1.0,0.42857142857142855,0.2499707465672983,0.0,0.0,-1.4137322171047018,,,,,1,1,0,0,0,0,0
spiral_out_hltd_closed_loop_reverse_exception_lk_probe_l5_l8_k12_k24_a08_s01,ontology_collapse,5,12,ontology_collapse,baseline,0.0,early,0.0,,,,,,,,,,1,0,0,0,0,0,0
spiral_out_hltd_closed_loop_reverse_exception_lk_probe_l5_l8_k12_k24_a08_s01,ontology_collapse,5,12,ontology_collapse,baseline,0.0,late,0.0,,,,,,,,,,1,0,0,0,0,0,0
spiral_out_hltd_closed_loop_reverse_exception_lk_probe_l5_l8_k12_k24_a08_s01,ontology_collapse,5,12,ontology_collapse,baseline,0.0,middle,1.0,0.42857142857142855,0.2499707465672983,0.0,0.0,-1.4137322171047018,,,,,1,1,0,0,0,0,0
spiral_out_hltd_closed_loop_reverse_exception_lk_probe_l5_l8_k12_k24_a08_s01,ontology_collapse,5,12,ontology_collapse,negative_coexact,0.8,all,1.0,0.3839285714285714,0.2450632253787171,1.0,0.5,-1.4507998457573308,-0.19511955256184044,0.007183635450243,0.014315556891172317,0.03006045543629615,1,1,1,1,1,1,1
spiral_out_hltd_closed_loop_reverse_exception_lk_probe_l5_l8_k12_k24_a08_s01,ontology_collapse,5,12,ontology_collapse,negative_coexact,0.8,early,0.25,0.25,0.3097987658554823,1.0,1.0,-2.350298665993691,0.3662295584755752,0.0069364807971368,0.297974408201008,0.0434969611971317,1,1,1,1,1,1,1
spiral_out_hltd_closed_loop_reverse_exception_lk_probe_l5_l8_k12_k24_a08_s01,ontology_collapse,5,12,ontology_collapse,negative_coexact,0.8,late,0.0,,,,,,,,,,1,0,0,0,0,0,0
spiral_out_hltd_closed_loop_reverse_exception_lk_probe_l5_l8_k12_k24_a08_s01,ontology_collapse,5,12,ontology_collapse,negative_coexact,0.8,middle,0.75,0.42857142857142855,0.22348471188646205,1.0,0.3333333333333333,-1.150966905678544,-0.3822359229076457,0.007266020334611733,-0.08023739354543959,0.025581620182684298,1,1,1,1,1,1,1
spiral_out_hltd_closed_loop_reverse_exception_lk_probe_l5_l8_k12_k24_a08_s01,ontology_collapse,5,12,ontology_collapse,random_tangent,0.8,all,1.0,0.42857142857142855,0.2499707465672983,1.0,0.0,-1.4137322171047018,-0.10860558115726925,0.06193323053068233,-0.010884886874559671,0.0272210685303824,1,1,1,1,1,1,1
spiral_out_hltd_closed_loop_reverse_exception_lk_probe_l5_l8_k12_k24_a08_s01,ontology_collapse,5,12,ontology_collapse,random_tangent,0.8,early,0.0,,,,,,,,,,1,0,0,0,0,0,0
spiral_out_hltd_closed_loop_reverse_exception_lk_probe_l5_l8_k12_k24_a08_s01,ontology_collapse,5,12,ontology_collapse,random_tangent,0.8,late,0.0,,,,,,,,,,1,0,0,0,0,0,0
spiral_out_hltd_closed_loop_reverse_exception_lk_probe_l5_l8_k12_k24_a08_s01,ontology_collapse,5,12,ontology_collapse,random_tangent,0.8,middle,1.0,0.42857142857142855,0.2499707465672983,1.0,0.0,-1.4137322171047018,-0.10860558115726925,0.06193323053068233,-0.010884886874559671,0.0272210685303824,1,1,1,1,1,1,1
spiral_out_hltd_closed_loop_reverse_exception_lk_probe_l5_l8_k12_k24_a08_s01,ontology_collapse,5,16,ontology_collapse,baseline,0.0,all,1.0,0.42857142857142855,0.2499707465672983,0.0,0.0,-1.4137322171047018,,,,,1,1,0,0,0,0,0
spiral_out_hltd_closed_loop_reverse_exception_lk_probe_l5_l8_k12_k24_a08_s01,ontology_collapse,5,16,ontology_collapse,baseline,0.0,early,0.0,,,,,,,,,,1,0,0,0,0,0,0
spiral_out_hltd_closed_loop_reverse_exception_lk_probe_l5_l8_k12_k24_a08_s01,ontology_collapse,5,16,ontology_collapse,baseline,0.0,late,0.0,,,,,,,,,,1,0,0,0,0,0,0
spiral_out_hltd_closed_loop_reverse_exception_lk_probe_l5_l8_k12_k24_a08_s01,ontology_collapse,5,16,ontology_collapse,baseline,0.0,middle,1.0,0.42857142857142855,0.2499707465672983,0.0,0.0,-1.4137322171047018,,,,,1,1,0,0,0,0,0
spiral_out_hltd_closed_loop_reverse_exception_lk_probe_l5_l8_k12_k24_a08_s01,ontology_collapse,5,16,ontology_collapse,negative_coexact,0.8,all,1.0,0.42857142857142855,0.2499707465672983,1.0,0.0,-1.4137322171047018,-0.23009837267313185,-0.0326524816804863,-0.060957947179205364,0.02483374764848615,1,1,1,1,1,1,1
spiral_out_hltd_closed_loop_reverse_exception_lk_probe_l5_l8_k12_k24_a08_s01,ontology_collapse,5,16,ontology_collapse,negative_coexact,0.8,early,0.0,,,,,,,,,,1,0,0,0,0,0,0
spiral_out_hltd_closed_loop_reverse_exception_lk_probe_l5_l8_k12_k24_a08_s01,ontology_collapse,5,16,ontology_collapse,negative_coexact,0.8,late,0.0,,,,,,,,,,1,0,0,0,0,0,0
spiral_out_hltd_closed_loop_reverse_exception_lk_probe_l5_l8_k12_k24_a08_s01,ontology_collapse,5,16,ontology_collapse,negative_coexact,0.8,middle,1.0,0.42857142857142855,0.2499707465672983,1.0,0.0,-1.4137322171047018,-0.23009837267313185,-0.0326524816804863,-0.060957947179205364,0.02483374764848615,1,1,1,1,1,1,1
spiral_out_hltd_closed_loop_reverse_exception_lk_probe_l5_l8_k12_k24_a08_s01,ontology_collapse,5,16,ontology_collapse,random_tangent,0.8,all,1.0,0.42857142857142855,0.2499707465672983,1.0,0.0,-1.4137322171047018,-0.10860558115726925,0.06193323053068233,-0.010884886874559671,0.0272210685303824,1,1,1,1,1,1,1
spiral_out_hltd_closed_loop_reverse_exception_lk_probe_l5_l8_k12_k24_a08_s01,ontology_collapse,5,16,ontology_collapse,random_tangent,0.8,early,0.0,,,,,,,,,,1,0,0,0,0,0,0
spiral_out_hltd_closed_loop_reverse_exception_lk_probe_l5_l8_k12_k24_a08_s01,ontology_collapse,5,16,ontology_collapse,random_tangent,0.8,late,0.0,,,,,,,,,,1,0,0,0,0,0,0
spiral_out_hltd_closed_loop_reverse_exception_lk_probe_l5_l8_k12_k24_a08_s01,ontology_collapse,5,16,ontology_collapse,random_tangent,0.8,middle,1.0,0.42857142857142855,0.2499707465672983,1.0,0.0,-1.4137322171047018,-0.10860558115726925,0.06193323053068233,-0.010884886874559671,0.0272210685303824,1,1,1,1,1,1,1
spiral_out_hltd_closed_loop_reverse_exception_lk_probe_l5_l8_k12_k24_a08_s01,ontology_collapse,5,24,ontology_collapse,baseline,0.0,all,1.0,0.42857142857142855,0.2499707465672983,0.0,0.0,-1.4137322171047018,,,,,1,1,0,0,0,0,0
spiral_out_hltd_closed_loop_reverse_exception_lk_probe_l5_l8_k12_k24_a08_s01,ontology_collapse,5,24,ontology_collapse,baseline,0.0,early,0.0,,,,,,,,,,1,0,0,0,0,0,0
spiral_out_hltd_closed_loop_reverse_exception_lk_probe_l5_l8_k12_k24_a08_s01,ontology_collapse,5,24,ontology_collapse,baseline,0.0,late,0.0,,,,,,,,,,1,0,0,0,0,0,0
spiral_out_hltd_closed_loop_reverse_exception_lk_probe_l5_l8_k12_k24_a08_s01,ontology_collapse,5,24,ontology_collapse,baseline,0.0,middle,1.0,0.42857142857142855,0.2499707465672983,0.0,0.0,-1.4137322171047018,,,,,1,1,0,0,0,0,0
spiral_out_hltd_closed_loop_reverse_exception_lk_probe_l5_l8_k12_k24_a08_s01,ontology_collapse,5,24,ontology_collapse,negative_coexact,0.8,all,1.0,0.42857142857142855,0.2499707465672983,1.0,0.0,-1.4137322171047018,-0.2017967064706565,-0.0204970529636199,-0.05782965239815865,0.024089679715435776,1,1,1,1,1,1,1
spiral_out_hltd_closed_loop_reverse_exception_lk_probe_l5_l8_k12_k24_a08_s01,ontology_collapse,5,24,ontology_collapse,negative_coexact,0.8,early,0.0,,,,,,,,,,1,0,0,0,0,0,0
spiral_out_hltd_closed_loop_reverse_exception_lk_probe_l5_l8_k12_k24_a08_s01,ontology_collapse,5,24,ontology_collapse,negative_coexact,0.8,late,0.0,,,,,,,,,,1,0,0,0,0,0,0
spiral_out_hltd_closed_loop_reverse_exception_lk_probe_l5_l8_k12_k24_a08_s01,ontology_collapse,5,24,ontology_collapse,negative_coexact,0.8,middle,1.0,0.42857142857142855,0.2499707465672983,1.0,0.0,-1.4137322171047018,-0.2017967064706565,-0.0204970529636199,-0.05782965239815865,0.024089679715435776,1,1,1,1,1,1,1
spiral_out_hltd_closed_loop_reverse_exception_lk_probe_l5_l8_k12_k24_a08_s01,ontology_collapse,5,24,ontology_collapse,random_tangent,0.8,all,1.0,0.42857142857142855,0.2499707465672983,1.0,0.0,-1.4137322171047018,-0.10860558115726925,0.06193323053068233,-0.010884886874559671,0.0272210685303824,1,1,1,1,1,1,1
spiral_out_hltd_closed_loop_reverse_exception_lk_probe_l5_l8_k12_k24_a08_s01,ontology_collapse,5,24,ontology_collapse,random_tangent,0.8,early,0.0,,,,,,,,,,1,0,0,0,0,0,0
spiral_out_hltd_closed_loop_reverse_exception_lk_probe_l5_l8_k12_k24_a08_s01,ontology_collapse,5,24,ontology_collapse,random_tangent,0.8,late,0.0,,,,,,,,,,1,0,0,0,0,0,0
spiral_out_hltd_closed_loop_reverse_exception_lk_probe_l5_l8_k12_k24_a08_s01,ontology_collapse,5,24,ontology_collapse,random_tangent,0.8,middle,1.0,0.42857142857142855,0.2499707465672983,1.0,0.0,-1.4137322171047018,-0.10860558115726925,0.06193323053068233,-0.010884886874559671,0.0272210685303824,1,1,1,1,1,1,1
spiral_out_hltd_closed_loop_reverse_exception_lk_probe_l5_l8_k12_k24_a08_s01,ontology_collapse,7,12,ontology_collapse,baseline,0.0,all,1.0,0.42857142857142855,0.2710693445968982,0.0,0.0,-1.4137322171047018,,,,,1,1,0,0,0,0,0
spiral_out_hltd_closed_loop_reverse_exception_lk_probe_l5_l8_k12_k24_a08_s01,ontology_collapse,7,12,ontology_collapse,baseline,0.0,early,0.0,,,,,,,,,,1,0,0,0,0,0,0
spiral_out_hltd_closed_loop_reverse_exception_lk_probe_l5_l8_k12_k24_a08_s01,ontology_collapse,7,12,ontology_collapse,baseline,0.0,late,0.0,,,,,,,,,,1,0,0,0,0,0,0
spiral_out_hltd_closed_loop_reverse_exception_lk_probe_l5_l8_k12_k24_a08_s01,ontology_collapse,7,12,ontology_collapse,baseline,0.0,middle,1.0,0.42857142857142855,0.2710693445968982,0.0,0.0,-1.4137322171047018,,,,,1,1,0,0,0,0,0
spiral_out_hltd_closed_loop_reverse_exception_lk_probe_l5_l8_k12_k24_a08_s01,ontology_collapse,7,12,ontology_collapse,negative_coexact,0.8,all,1.0,0.4107142857142857,0.2690784221843124,1.0,0.5,-1.4507998457573308,0.07344536952161229,-0.30718631237974137,0.20838938169814197,0.0486399921665569,1,1,1,1,1,1,1
spiral_out_hltd_closed_loop_reverse_exception_lk_probe_l5_l8_k12_k24_a08_s01,ontology_collapse,7,12,ontology_collapse,negative_coexact,0.8,early,0.0,,,,,,,,,,1,0,0,0,0,0,0
spiral_out_hltd_closed_loop_reverse_exception_lk_probe_l5_l8_k12_k24_a08_s01,ontology_collapse,7,12,ontology_collapse,negative_coexact,0.8,late,0.0,,,,,,,,,,1,0,0,0,0,0,0
spiral_out_hltd_closed_loop_reverse_exception_lk_probe_l5_l8_k12_k24_a08_s01,ontology_collapse,7,12,ontology_collapse,negative_coexact,0.8,middle,1.0,0.4107142857142857,0.2690784221843124,1.0,0.5,-1.4507998457573308,0.07344536952161229,-0.30718631237974137,0.20838938169814197,0.0486399921665569,1,1,1,1,1,1,1
spiral_out_hltd_closed_loop_reverse_exception_lk_probe_l5_l8_k12_k24_a08_s01,ontology_collapse,7,12,ontology_collapse,random_tangent,0.8,all,1.0,0.42857142857142855,0.2710693445968982,1.0,0.0,-1.4137322171047018,-0.027563877189910685,-0.04105547760529938,0.02131632712711245,0.0324879540212658,1,1,1,1,1,1,1
spiral_out_hltd_closed_loop_reverse_exception_lk_probe_l5_l8_k12_k24_a08_s01,ontology_collapse,7,12,ontology_collapse,random_tangent,0.8,early,0.0,,,,,,,,,,1,0,0,0,0,0,0
spiral_out_hltd_closed_loop_reverse_exception_lk_probe_l5_l8_k12_k24_a08_s01,ontology_collapse,7,12,ontology_collapse,random_tangent,0.8,late,0.0,,,,,,,,,,1,0,0,0,0,0,0
spiral_out_hltd_closed_loop_reverse_exception_lk_probe_l5_l8_k12_k24_a08_s01,ontology_collapse,7,12,ontology_collapse,random_tangent,0.8,middle,1.0,0.42857142857142855,0.2710693445968982,1.0,0.0,-1.4137322171047018,-0.027563877189910685,-0.04105547760529938,0.02131632712711245,0.0324879540212658,1,1,1,1,1,1,1
spiral_out_hltd_closed_loop_reverse_exception_lk_probe_l5_l8_k12_k24_a08_s01,ontology_collapse,7,16,ontology_collapse,baseline,0.0,all,1.0,0.42857142857142855,0.2710693445968982,0.0,0.0,-1.4137322171047018,,,,,1,1,0,0,0,0,0
spiral_out_hltd_closed_loop_reverse_exception_lk_probe_l5_l8_k12_k24_a08_s01,ontology_collapse,7,16,ontology_collapse,baseline,0.0,early,0.0,,,,,,,,,,1,0,0,0,0,0,0
spiral_out_hltd_closed_loop_reverse_exception_lk_probe_l5_l8_k12_k24_a08_s01,ontology_collapse,7,16,ontology_collapse,baseline,0.0,late,0.0,,,,,,,,,,1,0,0,0,0,0,0
spiral_out_hltd_closed_loop_reverse_exception_lk_probe_l5_l8_k12_k24_a08_s01,ontology_collapse,7,16,ontology_collapse,baseline,0.0,middle,1.0,0.42857142857142855,0.2710693445968982,0.0,0.0,-1.4137322171047018,,,,,1,1,0,0,0,0,0
spiral_out_hltd_closed_loop_reverse_exception_lk_probe_l5_l8_k12_k24_a08_s01,ontology_collapse,7,16,ontology_collapse,negative_coexact,0.8,all,1.0,0.4107142857142857,0.2690784221843124,1.0,0.5,-1.4507998457573308,0.1253203867474123,-0.2925616382558331,0.18687105161501266,0.0463416969698589,1,1,1,1,1,1,1
spiral_out_hltd_closed_loop_reverse_exception_lk_probe_l5_l8_k12_k24_a08_s01,ontology_collapse,7,16,ontology_collapse,negative_coexact,0.8,early,0.0,,,,,,,,,,1,0,0,0,0,0,0
spiral_out_hltd_closed_loop_reverse_exception_lk_probe_l5_l8_k12_k24_a08_s01,ontology_collapse,7,16,ontology_collapse,negative_coexact,0.8,late,0.0,,,,,,,,,,1,0,0,0,0,0,0
spiral_out_hltd_closed_loop_reverse_exception_lk_probe_l5_l8_k12_k24_a08_s01,ontology_collapse,7,16,ontology_collapse,negative_coexact,0.8,middle,1.0,0.4107142857142857,0.2690784221843124,1.0,0.5,-1.4507998457573308,0.1253203867474123,-0.2925616382558331,0.18687105161501266,0.0463416969698589,1,1,1,1,1,1,1
spiral_out_hltd_closed_loop_reverse_exception_lk_probe_l5_l8_k12_k24_a08_s01,ontology_collapse,7,16,ontology_collapse,random_tangent,0.8,all,1.0,0.42857142857142855,0.2710693445968982,1.0,0.0,-1.4137322171047018,-0.027563877189910685,-0.04105547760529938,0.02131632712711245,0.0324879540212658,1,1,1,1,1,1,1
spiral_out_hltd_closed_loop_reverse_exception_lk_probe_l5_l8_k12_k24_a08_s01,ontology_collapse,7,16,ontology_collapse,random_tangent,0.8,early,0.0,,,,,,,,,,1,0,0,0,0,0,0
spiral_out_hltd_closed_loop_reverse_exception_lk_probe_l5_l8_k12_k24_a08_s01,ontology_collapse,7,16,ontology_collapse,random_tangent,0.8,late,0.0,,,,,,,,,,1,0,0,0,0,0,0
spiral_out_hltd_closed_loop_reverse_exception_lk_probe_l5_l8_k12_k24_a08_s01,ontology_collapse,7,16,ontology_collapse,random_tangent,0.8,middle,1.0,0.42857142857142855,0.2710693445968982,1.0,0.0,-1.4137322171047018,-0.027563877189910685,-0.04105547760529938,0.02131632712711245,0.0324879540212658,1,1,1,1,1,1,1
spiral_out_hltd_closed_loop_reverse_exception_lk_probe_l5_l8_k12_k24_a08_s01,ontology_collapse,7,24,ontology_collapse,baseline,0.0,all,1.0,0.42857142857142855,0.2710693445968982,0.0,0.0,-1.4137322171047018,,,,,1,1,0,0,0,0,0
spiral_out_hltd_closed_loop_reverse_exception_lk_probe_l5_l8_k12_k24_a08_s01,ontology_collapse,7,24,ontology_collapse,baseline,0.0,early,0.0,,,,,,,,,,1,0,0,0,0,0,0
spiral_out_hltd_closed_loop_reverse_exception_lk_probe_l5_l8_k12_k24_a08_s01,ontology_collapse,7,24,ontology_collapse,baseline,0.0,late,0.0,,,,,,,,,,1,0,0,0,0,0,0
spiral_out_hltd_closed_loop_reverse_exception_lk_probe_l5_l8_k12_k24_a08_s01,ontology_collapse,7,24,ontology_collapse,baseline,0.0,middle,1.0,0.42857142857142855,0.2710693445968982,0.0,0.0,-1.4137322171047018,,,,,1,1,0,0,0,0,0
spiral_out_hltd_closed_loop_reverse_exception_lk_probe_l5_l8_k12_k24_a08_s01,ontology_collapse,7,24,ontology_collapse,negative_coexact,0.8,all,1.0,0.4107142857142857,0.2690784221843124,1.0,0.5,-1.4507998457573308,0.2677020189596071,-0.27827539252397315,0.1740418271301818,0.04435752322201145,1,1,1,1,1,1,1
spiral_out_hltd_closed_loop_reverse_exception_lk_probe_l5_l8_k12_k24_a08_s01,ontology_collapse,7,24,ontology_collapse,negative_coexact,0.8,early,0.0,,,,,,,,,,1,0,0,0,0,0,0
spiral_out_hltd_closed_loop_reverse_exception_lk_probe_l5_l8_k12_k24_a08_s01,ontology_collapse,7,24,ontology_collapse,negative_coexact,0.8,late,0.0,,,,,,,,,,1,0,0,0,0,0,0
spiral_out_hltd_closed_loop_reverse_exception_lk_probe_l5_l8_k12_k24_a08_s01,ontology_collapse,7,24,ontology_collapse,negative_coexact,0.8,middle,1.0,0.4107142857142857,0.2690784221843124,1.0,0.5,-1.4507998457573308,0.2677020189596071,-0.27827539252397315,0.1740418271301818,0.04435752322201145,1,1,1,1,1,1,1
spiral_out_hltd_closed_loop_reverse_exception_lk_probe_l5_l8_k12_k24_a08_s01,ontology_collapse,7,24,ontology_collapse,random_tangent,0.8,all,1.0,0.42857142857142855,0.2710693445968982,1.0,0.0,-1.4137322171047018,-0.027563877189910685,-0.04105547760529938,0.02131632712711245,0.0324879540212658,1,1,1,1,1,1,1
spiral_out_hltd_closed_loop_reverse_exception_lk_probe_l5_l8_k12_k24_a08_s01,ontology_collapse,7,24,ontology_collapse,random_tangent,0.8,early,0.0,,,,,,,,,,1,0,0,0,0,0,0
spiral_out_hltd_closed_loop_reverse_exception_lk_probe_l5_l8_k12_k24_a08_s01,ontology_collapse,7,24,ontology_collapse,random_tangent,0.8,late,0.0,,,,,,,,,,1,0,0,0,0,0,0
spiral_out_hltd_closed_loop_reverse_exception_lk_probe_l5_l8_k12_k24_a08_s01,ontology_collapse,7,24,ontology_collapse,random_tangent,0.8,middle,1.0,0.42857142857142855,0.2710693445968982,1.0,0.0,-1.4137322171047018,-0.027563877189910685,-0.04105547760529938,0.02131632712711245,0.0324879540212658,1,1,1,1,1,1,1
spiral_out_hltd_closed_loop_reverse_exception_lk_probe_l5_l8_k12_k24_a08_s01,ontology_collapse,8,12,ontology_collapse,baseline,0.0,all,1.0,0.42857142857142855,0.28264202037148234,0.0,0.0,-1.4137322171047018,,,,,1,1,0,0,0,0,0
spiral_out_hltd_closed_loop_reverse_exception_lk_probe_l5_l8_k12_k24_a08_s01,ontology_collapse,8,12,ontology_collapse,baseline,0.0,early,0.0,,,,,,,,,,1,0,0,0,0,0,0
spiral_out_hltd_closed_loop_reverse_exception_lk_probe_l5_l8_k12_k24_a08_s01,ontology_collapse,8,12,ontology_collapse,baseline,0.0,late,0.0,,,,,,,,,,1,0,0,0,0,0,0
spiral_out_hltd_closed_loop_reverse_exception_lk_probe_l5_l8_k12_k24_a08_s01,ontology_collapse,8,12,ontology_collapse,baseline,0.0,middle,1.0,0.42857142857142855,0.28264202037148234,0.0,0.0,-1.4137322171047018,,,,,1,1,0,0,0,0,0
spiral_out_hltd_closed_loop_reverse_exception_lk_probe_l5_l8_k12_k24_a08_s01,ontology_collapse,8,12,ontology_collapse,negative_coexact,0.8,all,1.0,0.4107142857142857,0.27212509181825323,1.0,0.5,-1.4507998457573308,0.3372004652245304,-0.19416529533340032,0.23070158675032537,0.05266860866213657,1,1,1,1,1,1,1
spiral_out_hltd_closed_loop_reverse_exception_lk_probe_l5_l8_k12_k24_a08_s01,ontology_collapse,8,12,ontology_collapse,negative_coexact,0.8,early,0.0,,,,,,,,,,1,0,0,0,0,0,0
spiral_out_hltd_closed_loop_reverse_exception_lk_probe_l5_l8_k12_k24_a08_s01,ontology_collapse,8,12,ontology_collapse,negative_coexact,0.8,late,0.0,,,,,,,,,,1,0,0,0,0,0,0
spiral_out_hltd_closed_loop_reverse_exception_lk_probe_l5_l8_k12_k24_a08_s01,ontology_collapse,8,12,ontology_collapse,negative_coexact,0.8,middle,1.0,0.4107142857142857,0.27212509181825323,1.0,0.5,-1.4507998457573308,0.3372004652245304,-0.19416529533340032,0.23070158675032537,0.05266860866213657,1,1,1,1,1,1,1
spiral_out_hltd_closed_loop_reverse_exception_lk_probe_l5_l8_k12_k24_a08_s01,ontology_collapse,8,12,ontology_collapse,random_tangent,0.8,all,1.0,0.42857142857142855,0.28264202037148234,1.0,0.0,-1.4137322171047018,-0.04508075702623393,-0.035034995763723514,0.06596252966685467,0.029252195570007588,1,1,1,1,1,1,1
spiral_out_hltd_closed_loop_reverse_exception_lk_probe_l5_l8_k12_k24_a08_s01,ontology_collapse,8,12,ontology_collapse,random_tangent,0.8,early,0.0,,,,,,,,,,1,0,0,0,0,0,0
spiral_out_hltd_closed_loop_reverse_exception_lk_probe_l5_l8_k12_k24_a08_s01,ontology_collapse,8,12,ontology_collapse,random_tangent,0.8,late,0.0,,,,,,,,,,1,0,0,0,0,0,0
spiral_out_hltd_closed_loop_reverse_exception_lk_probe_l5_l8_k12_k24_a08_s01,ontology_collapse,8,12,ontology_collapse,random_tangent,0.8,middle,1.0,0.42857142857142855,0.28264202037148234,1.0,0.0,-1.4137322171047018,-0.04508075702623393,-0.035034995763723514,0.06596252966685467,0.029252195570007588,1,1,1,1,1,1,1
spiral_out_hltd_closed_loop_reverse_exception_lk_probe_l5_l8_k12_k24_a08_s01,ontology_collapse,8,16,ontology_collapse,baseline,0.0,all,1.0,0.42857142857142855,0.28264202037148234,0.0,0.0,-1.4137322171047018,,,,,1,1,0,0,0,0,0
spiral_out_hltd_closed_loop_reverse_exception_lk_probe_l5_l8_k12_k24_a08_s01,ontology_collapse,8,16,ontology_collapse,baseline,0.0,early,0.0,,,,,,,,,,1,0,0,0,0,0,0
spiral_out_hltd_closed_loop_reverse_exception_lk_probe_l5_l8_k12_k24_a08_s01,ontology_collapse,8,16,ontology_collapse,baseline,0.0,late,0.0,,,,,,,,,,1,0,0,0,0,0,0
spiral_out_hltd_closed_loop_reverse_exception_lk_probe_l5_l8_k12_k24_a08_s01,ontology_collapse,8,16,ontology_collapse,baseline,0.0,middle,1.0,0.42857142857142855,0.28264202037148234,0.0,0.0,-1.4137322171047018,,,,,1,1,0,0,0,0,0
spiral_out_hltd_closed_loop_reverse_exception_lk_probe_l5_l8_k12_k24_a08_s01,ontology_collapse,8,16,ontology_collapse,negative_coexact,0.8,all,1.0,0.4107142857142857,0.27212509181825323,1.0,0.5,-1.4507998457573308,0.43796696760349785,-0.188098662010006,0.18463909114791885,0.04843133468276625,1,1,1,1,1,1,1
spiral_out_hltd_closed_loop_reverse_exception_lk_probe_l5_l8_k12_k24_a08_s01,ontology_collapse,8,16,ontology_collapse,negative_coexact,0.8,early,0.0,,,,,,,,,,1,0,0,0,0,0,0
spiral_out_hltd_closed_loop_reverse_exception_lk_probe_l5_l8_k12_k24_a08_s01,ontology_collapse,8,16,ontology_collapse,negative_coexact,0.8,late,0.0,,,,,,,,,,1,0,0,0,0,0,0
spiral_out_hltd_closed_loop_reverse_exception_lk_probe_l5_l8_k12_k24_a08_s01,ontology_collapse,8,16,ontology_collapse,negative_coexact,0.8,middle,1.0,0.4107142857142857,0.27212509181825323,1.0,0.5,-1.4507998457573308,0.43796696760349785,-0.188098662010006,0.18463909114791885,0.04843133468276625,1,1,1,1,1,1,1
spiral_out_hltd_closed_loop_reverse_exception_lk_probe_l5_l8_k12_k24_a08_s01,ontology_collapse,8,16,ontology_collapse,random_tangent,0.8,all,1.0,0.42857142857142855,0.28264202037148234,1.0,0.0,-1.4137322171047018,-0.04508075702623393,-0.035034995763723514,0.06596252966685467,0.029252195570007588,1,1,1,1,1,1,1
spiral_out_hltd_closed_loop_reverse_exception_lk_probe_l5_l8_k12_k24_a08_s01,ontology_collapse,8,16,ontology_collapse,random_tangent,0.8,early,0.0,,,,,,,,,,1,0,0,0,0,0,0
spiral_out_hltd_closed_loop_reverse_exception_lk_probe_l5_l8_k12_k24_a08_s01,ontology_collapse,8,16,ontology_collapse,random_tangent,0.8,late,0.0,,,,,,,,,,1,0,0,0,0,0,0
spiral_out_hltd_closed_loop_reverse_exception_lk_probe_l5_l8_k12_k24_a08_s01,ontology_collapse,8,16,ontology_collapse,random_tangent,0.8,middle,1.0,0.42857142857142855,0.28264202037148234,1.0,0.0,-1.4137322171047018,-0.04508075702623393,-0.035034995763723514,0.06596252966685467,0.029252195570007588,1,1,1,1,1,1,1
spiral_out_hltd_closed_loop_reverse_exception_lk_probe_l5_l8_k12_k24_a08_s01,ontology_collapse,8,24,ontology_collapse,baseline,0.0,all,1.0,0.42857142857142855,0.28264202037148234,0.0,0.0,-1.4137322171047018,,,,,1,1,0,0,0,0,0
spiral_out_hltd_closed_loop_reverse_exception_lk_probe_l5_l8_k12_k24_a08_s01,ontology_collapse,8,24,ontology_collapse,baseline,0.0,early,0.0,,,,,,,,,,1,0,0,0,0,0,0
spiral_out_hltd_closed_loop_reverse_exception_lk_probe_l5_l8_k12_k24_a08_s01,ontology_collapse,8,24,ontology_collapse,baseline,0.0,late,0.0,,,,,,,,,,1,0,0,0,0,0,0
spiral_out_hltd_closed_loop_reverse_exception_lk_probe_l5_l8_k12_k24_a08_s01,ontology_collapse,8,24,ontology_collapse,baseline,0.0,middle,1.0,0.42857142857142855,0.28264202037148234,0.0,0.0,-1.4137322171047018,,,,,1,1,0,0,0,0,0
spiral_out_hltd_closed_loop_reverse_exception_lk_probe_l5_l8_k12_k24_a08_s01,ontology_collapse,8,24,ontology_collapse,negative_coexact,0.8,all,1.0,0.4107142857142857,0.27212509181825323,1.0,0.5,-1.4507998457573308,0.43875519290542997,-0.18614705505279797,0.16703814527458144,0.046149542062585897,1,1,1,1,1,1,1
spiral_out_hltd_closed_loop_reverse_exception_lk_probe_l5_l8_k12_k24_a08_s01,ontology_collapse,8,24,ontology_collapse,negative_coexact,0.8,early,0.0,,,,,,,,,,1,0,0,0,0,0,0
spiral_out_hltd_closed_loop_reverse_exception_lk_probe_l5_l8_k12_k24_a08_s01,ontology_collapse,8,24,ontology_collapse,negative_coexact,0.8,late,0.0,,,,,,,,,,1,0,0,0,0,0,0
spiral_out_hltd_closed_loop_reverse_exception_lk_probe_l5_l8_k12_k24_a08_s01,ontology_collapse,8,24,ontology_collapse,negative_coexact,0.8,middle,1.0,0.4107142857142857,0.27212509181825323,1.0,0.5,-1.4507998457573308,0.43875519290542997,-0.18614705505279797,0.16703814527458144,0.046149542062585897,1,1,1,1,1,1,1
spiral_out_hltd_closed_loop_reverse_exception_lk_probe_l5_l8_k12_k24_a08_s01,ontology_collapse,8,24,ontology_collapse,random_tangent,0.8,all,1.0,0.42857142857142855,0.28264202037148234,1.0,0.0,-1.4137322171047018,-0.04508075702623393,-0.035034995763723514,0.06596252966685467,0.029252195570007588,1,1,1,1,1,1,1
spiral_out_hltd_closed_loop_reverse_exception_lk_probe_l5_l8_k12_k24_a08_s01,ontology_collapse,8,24,ontology_collapse,random_tangent,0.8,early,0.0,,,,,,,,,,1,0,0,0,0,0,0
spiral_out_hltd_closed_loop_reverse_exception_lk_probe_l5_l8_k12_k24_a08_s01,ontology_collapse,8,24,ontology_collapse,random_tangent,0.8,late,0.0,,,,,,,,,,1,0,0,0,0,0,0
spiral_out_hltd_closed_loop_reverse_exception_lk_probe_l5_l8_k12_k24_a08_s01,ontology_collapse,8,24,ontology_collapse,random_tangent,0.8,middle,1.0,0.42857142857142855,0.28264202037148234,1.0,0.0,-1.4137322171047018,-0.04508075702623393,-0.035034995763723514,0.06596252966685467,0.029252195570007588,1,1,1,1,1,1,1
spiral_out_hltd_closed_loop_reverse_identity04_passing_band_l5_l7_k16_k24_a08_s04,identity_stress,5,16,identity_stress,baseline,0.0,all,1.0,0.39285714285714285,0.281279422478684,0.0,0.0,-1.296319569557852,,,,,1,1,0,0,0,0,0
spiral_out_hltd_closed_loop_reverse_identity04_passing_band_l5_l7_k16_k24_a08_s04,identity_stress,5,16,identity_stress,baseline,0.0,early,0.0,,,,,,,,,,1,0,0,0,0,0,0
spiral_out_hltd_closed_loop_reverse_identity04_passing_band_l5_l7_k16_k24_a08_s04,identity_stress,5,16,identity_stress,baseline,0.0,late,0.0,,,,,,,,,,1,0,0,0,0,0,0
spiral_out_hltd_closed_loop_reverse_identity04_passing_band_l5_l7_k16_k24_a08_s04,identity_stress,5,16,identity_stress,baseline,0.0,middle,1.0,0.39285714285714285,0.281279422478684,0.0,0.0,-1.296319569557852,,,,,1,1,0,0,0,0,0
spiral_out_hltd_closed_loop_reverse_identity04_passing_band_l5_l7_k16_k24_a08_s04,identity_stress,5,16,identity_stress,negative_coexact,0.8,all,1.0,0.5089285714285714,0.2645330769358444,1.0,0.5,-1.7040711418824266,0.08506766541396169,0.08458377689242982,0.1972158039203922,0.026305066671288273,1,1,1,1,1,1,1
spiral_out_hltd_closed_loop_reverse_identity04_passing_band_l5_l7_k16_k24_a08_s04,identity_stress,5,16,identity_stress,negative_coexact,0.8,early,0.0,,,,,,,,,,1,0,0,0,0,0,0
spiral_out_hltd_closed_loop_reverse_identity04_passing_band_l5_l7_k16_k24_a08_s04,identity_stress,5,16,identity_stress,negative_coexact,0.8,late,0.25,0.8571428571428571,0.3036675314853806,1.0,1.0,-3.560941430593587,0.5442378624867725,0.5457158562105917,0.0396025424672785,0.0382704935313405,1,1,1,1,1,1,1
spiral_out_hltd_closed_loop_reverse_identity04_passing_band_l5_l7_k16_k24_a08_s04,identity_stress,5,16,identity_stress,negative_coexact,0.8,middle,0.75,0.39285714285714285,0.25148825875266567,1.0,0.3333333333333333,-1.0851143789787063,-0.06798906694364193,-0.06912691621362414,0.2497535577380968,0.022316591051270863,1,1,1,1,1,1,1
spiral_out_hltd_closed_loop_reverse_identity04_passing_band_l5_l7_k16_k24_a08_s04,identity_stress,5,16,identity_stress,random_tangent,0.8,all,1.0,0.41607142857142854,0.27793015337011606,1.0,0.1,-1.377869884022767,-0.031520918986496504,-0.03639380895215111,0.09477452610668237,0.024052375501751107,1,1,1,1,1,1,1
spiral_out_hltd_closed_loop_reverse_identity04_passing_band_l5_l7_k16_k24_a08_s04,identity_stress,5,16,identity_stress,random_tangent,0.8,early,0.0,,,,,,,,,,1,0,0,0,0,0,0
spiral_out_hltd_closed_loop_reverse_identity04_passing_band_l5_l7_k16_k24_a08_s04,identity_stress,5,16,identity_stress,random_tangent,0.8,late,0.05,0.8571428571428571,0.3036675314853806,1.0,1.0,-3.560941430593587,-0.7746787259523988,0.0227485424740478,0.0315943609218249,0.0728309983555924,1,1,1,1,1,1,1
spiral_out_hltd_closed_loop_reverse_identity04_passing_band_l5_l7_k16_k24_a08_s04,identity_stress,5,16,identity_stress,random_tangent,0.8,middle,0.95,0.39285714285714285,0.2753211897334803,1.0,0.06666666666666667,-1.2540785314420229,-0.00351437028641339,-0.038501217418108274,0.09581748556163766,0.021063666872839126,1,1,1,1,1,1,1
spiral_out_hltd_closed_loop_reverse_identity04_passing_band_l5_l7_k16_k24_a08_s04,identity_stress,5,24,identity_stress,baseline,0.0,all,1.0,0.39285714285714285,0.281279422478684,0.0,0.0,-1.296319569557852,,,,,1,1,0,0,0,0,0
spiral_out_hltd_closed_loop_reverse_identity04_passing_band_l5_l7_k16_k24_a08_s04,identity_stress,5,24,identity_stress,baseline,0.0,early,0.0,,,,,,,,,,1,0,0,0,0,0,0
spiral_out_hltd_closed_loop_reverse_identity04_passing_band_l5_l7_k16_k24_a08_s04,identity_stress,5,24,identity_stress,baseline,0.0,late,0.0,,,,,,,,,,1,0,0,0,0,0,0
spiral_out_hltd_closed_loop_reverse_identity04_passing_band_l5_l7_k16_k24_a08_s04,identity_stress,5,24,identity_stress,baseline,0.0,middle,1.0,0.39285714285714285,0.281279422478684,0.0,0.0,-1.296319569557852,,,,,1,1,0,0,0,0,0
spiral_out_hltd_closed_loop_reverse_identity04_passing_band_l5_l7_k16_k24_a08_s04,identity_stress,5,24,identity_stress,negative_coexact,0.8,all,1.0,0.5089285714285714,0.2645330769358444,1.0,0.5,-1.7040711418824266,0.08108934446905114,0.1651344802979935,0.1076134957579937,0.028071921663261473,1,1,1,1,1,1,1
spiral_out_hltd_closed_loop_reverse_identity04_passing_band_l5_l7_k16_k24_a08_s04,identity_stress,5,24,identity_stress,negative_coexact,0.8,early,0.0,,,,,,,,,,1,0,0,0,0,0,0
spiral_out_hltd_closed_loop_reverse_identity04_passing_band_l5_l7_k16_k24_a08_s04,identity_stress,5,24,identity_stress,negative_coexact,0.8,late,0.25,0.8571428571428571,0.3036675314853806,1.0,1.0,-3.560941430593587,0.6416232451273989,0.8833670406554148,-0.27823381756959,0.0442684794545277,1,1,1,1,1,1,1
spiral_out_hltd_closed_loop_reverse_identity04_passing_band_l5_l7_k16_k24_a08_s04,identity_stress,5,24,identity_stress,negative_coexact,0.8,middle,0.75,0.39285714285714285,0.25148825875266567,1.0,0.3333333333333333,-1.0851143789787063,-0.10575528908373144,-0.07427637315448031,0.23622926686718826,0.022673069066172735,1,1,1,1,1,1,1
spiral_out_hltd_closed_loop_reverse_identity04_passing_band_l5_l7_k16_k24_a08_s04,identity_stress,5,24,identity_stress,random_tangent,0.8,all,1.0,0.41607142857142854,0.27793015337011606,1.0,0.1,-1.377869884022767,-0.031520918986496504,-0.03639380895215111,0.09477452610668237,0.024052375501751107,1,1,1,1,1,1,1
spiral_out_hltd_closed_loop_reverse_identity04_passing_band_l5_l7_k16_k24_a08_s04,identity_stress,5,24,identity_stress,random_tangent,0.8,early,0.0,,,,,,,,,,1,0,0,0,0,0,0
spiral_out_hltd_closed_loop_reverse_identity04_passing_band_l5_l7_k16_k24_a08_s04,identity_stress,5,24,identity_stress,random_tangent,0.8,late,0.05,0.8571428571428571,0.3036675314853806,1.0,1.0,-3.560941430593587,-0.7746787259523988,0.0227485424740478,0.0315943609218249,0.0728309983555924,1,1,1,1,1,1,1
spiral_out_hltd_closed_loop_reverse_identity04_passing_band_l5_l7_k16_k24_a08_s04,identity_stress,5,24,identity_stress,random_tangent,0.8,middle,0.95,0.39285714285714285,0.2753211897334803,1.0,0.06666666666666667,-1.2540785314420229,-0.00351437028641339,-0.038501217418108274,0.09581748556163766,0.021063666872839126,1,1,1,1,1,1,1
spiral_out_hltd_closed_loop_reverse_identity04_passing_band_l5_l7_k16_k24_a08_s04,identity_stress,7,16,identity_stress,baseline,0.0,all,1.0,0.39285714285714285,0.29841538623723385,0.0,0.0,-1.296319569557852,,,,,1,1,0,0,0,0,0
spiral_out_hltd_closed_loop_reverse_identity04_passing_band_l5_l7_k16_k24_a08_s04,identity_stress,7,16,identity_stress,baseline,0.0,early,0.0,,,,,,,,,,1,0,0,0,0,0,0
spiral_out_hltd_closed_loop_reverse_identity04_passing_band_l5_l7_k16_k24_a08_s04,identity_stress,7,16,identity_stress,baseline,0.0,late,0.0,,,,,,,,,,1,0,0,0,0,0,0
spiral_out_hltd_closed_loop_reverse_identity04_passing_band_l5_l7_k16_k24_a08_s04,identity_stress,7,16,identity_stress,baseline,0.0,middle,1.0,0.39285714285714285,0.29841538623723385,0.0,0.0,-1.296319569557852,,,,,1,1,0,0,0,0,0
spiral_out_hltd_closed_loop_reverse_identity04_passing_band_l5_l7_k16_k24_a08_s04,identity_stress,7,16,identity_stress,negative_coexact,0.8,all,1.0,0.5089285714285714,0.27872399184834445,1.0,0.5,-1.7040711418824266,0.2481717119088253,0.2783076819435059,0.05135019510279197,0.0427597401203946,1,1,1,1,1,1,1
spiral_out_hltd_closed_loop_reverse_identity04_passing_band_l5_l7_k16_k24_a08_s04,identity_stress,7,16,identity_stress,negative_coexact,0.8,early,0.0,,,,,,,,,,1,0,0,0,0,0,0
spiral_out_hltd_closed_loop_reverse_identity04_passing_band_l5_l7_k16_k24_a08_s04,identity_stress,7,16,identity_stress,negative_coexact,0.8,late,0.25,0.8571428571428571,0.334151300650498,1.0,1.0,-3.560941430593587,0.8723797947295306,0.9980976983552096,-0.0915026365269309,0.0854202048208053,1,1,1,1,1,1,1
spiral_out_hltd_closed_loop_reverse_identity04_passing_band_l5_l7_k16_k24_a08_s04,identity_stress,7,16,identity_stress,negative_coexact,0.8,middle,0.75,0.39285714285714285,0.2602482222476266,1.0,0.3333333333333333,-1.0851143789787063,0.04010235096859021,0.038377676472938,0.09896780564603293,0.028539585220257704,1,1,1,1,1,1,1
spiral_out_hltd_closed_loop_reverse_identity04_passing_band_l5_l7_k16_k24_a08_s04,identity_stress,7,16,identity_stress,random_tangent,0.8,all,1.0,0.41607142857142854,0.294477107359456,1.0,0.1,-1.377869884022767,-0.11486350167328034,0.027297772731639476,0.050070811757249575,0.03477412403178938,1,1,1,1,1,1,1
spiral_out_hltd_closed_loop_reverse_identity04_passing_band_l5_l7_k16_k24_a08_s04,identity_stress,7,16,identity_stress,random_tangent,0.8,early,0.0,,,,,,,,,,1,0,0,0,0,0,0
spiral_out_hltd_closed_loop_reverse_identity04_passing_band_l5_l7_k16_k24_a08_s04,identity_stress,7,16,identity_stress,random_tangent,0.8,late,0.05,0.8571428571428571,0.334151300650498,1.0,1.0,-3.560941430593587,-1.1020654984218567,1.190719182270584,-0.4584728446503661,0.1921548584246829,1,1,1,1,1,1,1
spiral_out_hltd_closed_loop_reverse_identity04_passing_band_l5_l7_k16_k24_a08_s04,identity_stress,7,16,identity_stress,random_tangent,0.8,middle,0.95,0.39285714285714285,0.2907819534393124,1.0,0.06666666666666667,-1.2540785314420229,-0.06070597023068991,-0.03839708137081339,0.07845506903879482,0.02669208591118124,1,1,1,1,1,1,1
spiral_out_hltd_closed_loop_reverse_identity04_passing_band_l5_l7_k16_k24_a08_s04,identity_stress,7,24,identity_stress,baseline,0.0,all,1.0,0.39285714285714285,0.29841538623723385,0.0,0.0,-1.296319569557852,,,,,1,1,0,0,0,0,0
spiral_out_hltd_closed_loop_reverse_identity04_passing_band_l5_l7_k16_k24_a08_s04,identity_stress,7,24,identity_stress,baseline,0.0,early,0.0,,,,,,,,,,1,0,0,0,0,0,0
spiral_out_hltd_closed_loop_reverse_identity04_passing_band_l5_l7_k16_k24_a08_s04,identity_stress,7,24,identity_stress,baseline,0.0,late,0.0,,,,,,,,,,1,0,0,0,0,0,0
spiral_out_hltd_closed_loop_reverse_identity04_passing_band_l5_l7_k16_k24_a08_s04,identity_stress,7,24,identity_stress,baseline,0.0,middle,1.0,0.39285714285714285,0.29841538623723385,0.0,0.0,-1.296319569557852,,,,,1,1,0,0,0,0,0
spiral_out_hltd_closed_loop_reverse_identity04_passing_band_l5_l7_k16_k24_a08_s04,identity_stress,7,24,identity_stress,negative_coexact,0.8,all,1.0,0.5089285714285714,0.27872399184834445,1.0,0.5,-1.7040711418824266,0.11166203983475584,0.20491586071732826,-0.006703718314976001,0.030871522988821228,1,1,1,1,1,1,1
spiral_out_hltd_closed_loop_reverse_identity04_passing_band_l5_l7_k16_k24_a08_s04,identity_stress,7,24,identity_stress,negative_coexact,0.8,early,0.0,,,,,,,,,,1,0,0,0,0,0,0
spiral_out_hltd_closed_loop_reverse_identity04_passing_band_l5_l7_k16_k24_a08_s04,identity_stress,7,24,identity_stress,negative_coexact,0.8,late,0.25,0.8571428571428571,0.334151300650498,1.0,1.0,-3.560941430593587,0.6543799483135686,0.716607876383236,-0.1476708181252979,0.051210972596266,1,1,1,1,1,1,1
spiral_out_hltd_closed_loop_reverse_identity04_passing_band_l5_l7_k16_k24_a08_s04,identity_stress,7,24,identity_stress,negative_coexact,0.8,middle,0.75,0.39285714285714285,0.2602482222476266,1.0,0.3333333333333333,-1.0851143789787063,-0.06924392965818174,0.034351855495359,0.040285314955131296,0.024091706453006304,1,1,1,1,1,1,1
spiral_out_hltd_closed_loop_reverse_identity04_passing_band_l5_l7_k16_k24_a08_s04,identity_stress,7,24,identity_stress,random_tangent,0.8,all,1.0,0.41607142857142854,0.294477107359456,1.0,0.1,-1.377869884022767,-0.11486350167328034,0.027297772731639476,0.050070811757249575,0.03477412403178938,1,1,1,1,1,1,1
spiral_out_hltd_closed_loop_reverse_identity04_passing_band_l5_l7_k16_k24_a08_s04,identity_stress,7,24,identity_stress,random_tangent,0.8,early,0.0,,,,,,,,,,1,0,0,0,0,0,0
spiral_out_hltd_closed_loop_reverse_identity04_passing_band_l5_l7_k16_k24_a08_s04,identity_stress,7,24,identity_stress,random_tangent,0.8,late,0.05,0.8571428571428571,0.334151300650498,1.0,1.0,-3.560941430593587,-1.1020654984218567,1.190719182270584,-0.4584728446503661,0.1921548584246829,1,1,1,1,1,1,1
spiral_out_hltd_closed_loop_reverse_identity04_passing_band_l5_l7_k16_k24_a08_s04,identity_stress,7,24,identity_stress,random_tangent,0.8,middle,0.95,0.39285714285714285,0.2907819534393124,1.0,0.06666666666666667,-1.2540785314420229,-0.06070597023068991,-0.03839708137081339,0.07845506903879482,0.02669208591118124,1,1,1,1,1,1,1
spiral_out_hltd_closed_loop_reverse_ontology05_passing_band_l7_l8_k12_k24_a08_s04,ontology_collapse,7,12,ontology_collapse,baseline,0.0,all,1.0,0.42857142857142855,0.2710693445968982,0.0,0.0,-1.4137322171047018,,,,,1,1,0,0,0,0,0
spiral_out_hltd_closed_loop_reverse_ontology05_passing_band_l7_l8_k12_k24_a08_s04,ontology_collapse,7,12,ontology_collapse,baseline,0.0,early,0.0,,,,,,,,,,1,0,0,0,0,0,0
spiral_out_hltd_closed_loop_reverse_ontology05_passing_band_l7_l8_k12_k24_a08_s04,ontology_collapse,7,12,ontology_collapse,baseline,0.0,late,0.0,,,,,,,,,,1,0,0,0,0,0,0
spiral_out_hltd_closed_loop_reverse_ontology05_passing_band_l7_l8_k12_k24_a08_s04,ontology_collapse,7,12,ontology_collapse,baseline,0.0,middle,1.0,0.42857142857142855,0.2710693445968982,0.0,0.0,-1.4137322171047018,,,,,1,1,0,0,0,0,0
spiral_out_hltd_closed_loop_reverse_ontology05_passing_band_l7_l8_k12_k24_a08_s04,ontology_collapse,7,12,ontology_collapse,negative_coexact,0.8,all,1.0,0.4107142857142857,0.2690784221843124,1.0,0.5,-1.4507998457573308,0.07344536952161229,-0.30718631237974137,0.20838938169814197,0.0486399921665569,1,1,1,1,1,1,1
spiral_out_hltd_closed_loop_reverse_ontology05_passing_band_l7_l8_k12_k24_a08_s04,ontology_collapse,7,12,ontology_collapse,negative_coexact,0.8,early,0.0,,,,,,,,,,1,0,0,0,0,0,0
spiral_out_hltd_closed_loop_reverse_ontology05_passing_band_l7_l8_k12_k24_a08_s04,ontology_collapse,7,12,ontology_collapse,negative_coexact,0.8,late,0.0,,,,,,,,,,1,0,0,0,0,0,0
spiral_out_hltd_closed_loop_reverse_ontology05_passing_band_l7_l8_k12_k24_a08_s04,ontology_collapse,7,12,ontology_collapse,negative_coexact,0.8,middle,1.0,0.4107142857142857,0.2690784221843124,1.0,0.5,-1.4507998457573308,0.07344536952161229,-0.30718631237974137,0.20838938169814197,0.0486399921665569,1,1,1,1,1,1,1
spiral_out_hltd_closed_loop_reverse_ontology05_passing_band_l7_l8_k12_k24_a08_s04,ontology_collapse,7,12,ontology_collapse,random_tangent,0.8,all,1.0,0.44107142857142856,0.2732879111379668,1.0,0.2,-1.6035142453289204,0.02765691319588607,0.032006650883215394,0.04220399337383117,0.0472879955371978,1,1,1,1,1,1,1
spiral_out_hltd_closed_loop_reverse_ontology05_passing_band_l7_l8_k12_k24_a08_s04,ontology_collapse,7,12,ontology_collapse,random_tangent,0.8,early,0.0,,,,,,,,,,1,0,0,0,0,0,0
spiral_out_hltd_closed_loop_reverse_ontology05_passing_band_l7_l8_k12_k24_a08_s04,ontology_collapse,7,12,ontology_collapse,random_tangent,0.8,late,0.05,0.7857142857142857,0.4291031104416927,1.0,1.0,-3.289005631488635,-0.005370684895217,0.5327437404835251,-0.1315793611021183,0.0824098238859323,1,1,1,1,1,1,1
spiral_out_hltd_closed_loop_reverse_ontology05_passing_band_l7_l8_k12_k24_a08_s04,ontology_collapse,7,12,ontology_collapse,random_tangent,0.8,middle,0.95,0.42142857142857143,0.26349184892867,1.0,0.2,-1.5417566937780645,0.0556122628419239,0.0043630467823460245,0.06240092633826766,0.047857468647514376,1,1,1,1,1,1,1
spiral_out_hltd_closed_loop_reverse_ontology05_passing_band_l7_l8_k12_k24_a08_s04,ontology_collapse,7,16,ontology_collapse,baseline,0.0,all,1.0,0.42857142857142855,0.2710693445968982,0.0,0.0,-1.4137322171047018,,,,,1,1,0,0,0,0,0
spiral_out_hltd_closed_loop_reverse_ontology05_passing_band_l7_l8_k12_k24_a08_s04,ontology_collapse,7,16,ontology_collapse,baseline,0.0,early,0.0,,,,,,,,,,1,0,0,0,0,0,0
spiral_out_hltd_closed_loop_reverse_ontology05_passing_band_l7_l8_k12_k24_a08_s04,ontology_collapse,7,16,ontology_collapse,baseline,0.0,late,0.0,,,,,,,,,,1,0,0,0,0,0,0
spiral_out_hltd_closed_loop_reverse_ontology05_passing_band_l7_l8_k12_k24_a08_s04,ontology_collapse,7,16,ontology_collapse,baseline,0.0,middle,1.0,0.42857142857142855,0.2710693445968982,0.0,0.0,-1.4137322171047018,,,,,1,1,0,0,0,0,0
spiral_out_hltd_closed_loop_reverse_ontology05_passing_band_l7_l8_k12_k24_a08_s04,ontology_collapse,7,16,ontology_collapse,negative_coexact,0.8,all,1.0,0.4107142857142857,0.2690784221843124,1.0,0.5,-1.4507998457573308,0.1253203867474123,-0.2925616382558331,0.18687105161501266,0.0463416969698589,1,1,1,1,1,1,1
spiral_out_hltd_closed_loop_reverse_ontology05_passing_band_l7_l8_k12_k24_a08_s04,ontology_collapse,7,16,ontology_collapse,negative_coexact,0.8,early,0.0,,,,,,,,,,1,0,0,0,0,0,0
spiral_out_hltd_closed_loop_reverse_ontology05_passing_band_l7_l8_k12_k24_a08_s04,ontology_collapse,7,16,ontology_collapse,negative_coexact,0.8,late,0.0,,,,,,,,,,1,0,0,0,0,0,0
spiral_out_hltd_closed_loop_reverse_ontology05_passing_band_l7_l8_k12_k24_a08_s04,ontology_collapse,7,16,ontology_collapse,negative_coexact,0.8,middle,1.0,0.4107142857142857,0.2690784221843124,1.0,0.5,-1.4507998457573308,0.1253203867474123,-0.2925616382558331,0.18687105161501266,0.0463416969698589,1,1,1,1,1,1,1
spiral_out_hltd_closed_loop_reverse_ontology05_passing_band_l7_l8_k12_k24_a08_s04,ontology_collapse,7,16,ontology_collapse,random_tangent,0.8,all,1.0,0.44107142857142856,0.2732879111379668,1.0,0.2,-1.6035142453289204,0.02765691319588607,0.032006650883215394,0.04220399337383117,0.0472879955371978,1,1,1,1,1,1,1
spiral_out_hltd_closed_loop_reverse_ontology05_passing_band_l7_l8_k12_k24_a08_s04,ontology_collapse,7,16,ontology_collapse,random_tangent,0.8,early,0.0,,,,,,,,,,1,0,0,0,0,0,0
spiral_out_hltd_closed_loop_reverse_ontology05_passing_band_l7_l8_k12_k24_a08_s04,ontology_collapse,7,16,ontology_collapse,random_tangent,0.8,late,0.05,0.7857142857142857,0.4291031104416927,1.0,1.0,-3.289005631488635,-0.005370684895217,0.5327437404835251,-0.1315793611021183,0.0824098238859323,1,1,1,1,1,1,1
spiral_out_hltd_closed_loop_reverse_ontology05_passing_band_l7_l8_k12_k24_a08_s04,ontology_collapse,7,16,ontology_collapse,random_tangent,0.8,middle,0.95,0.42142857142857143,0.26349184892867,1.0,0.2,-1.5417566937780645,0.0556122628419239,0.0043630467823460245,0.06240092633826766,0.047857468647514376,1,1,1,1,1,1,1
spiral_out_hltd_closed_loop_reverse_ontology05_passing_band_l7_l8_k12_k24_a08_s04,ontology_collapse,7,24,ontology_collapse,baseline,0.0,all,1.0,0.42857142857142855,0.2710693445968982,0.0,0.0,-1.4137322171047018,,,,,1,1,0,0,0,0,0
spiral_out_hltd_closed_loop_reverse_ontology05_passing_band_l7_l8_k12_k24_a08_s04,ontology_collapse,7,24,ontology_collapse,baseline,0.0,early,0.0,,,,,,,,,,1,0,0,0,0,0,0
spiral_out_hltd_closed_loop_reverse_ontology05_passing_band_l7_l8_k12_k24_a08_s04,ontology_collapse,7,24,ontology_collapse,baseline,0.0,late,0.0,,,,,,,,,,1,0,0,0,0,0,0
spiral_out_hltd_closed_loop_reverse_ontology05_passing_band_l7_l8_k12_k24_a08_s04,ontology_collapse,7,24,ontology_collapse,baseline,0.0,middle,1.0,0.42857142857142855,0.2710693445968982,0.0,0.0,-1.4137322171047018,,,,,1,1,0,0,0,0,0
spiral_out_hltd_closed_loop_reverse_ontology05_passing_band_l7_l8_k12_k24_a08_s04,ontology_collapse,7,24,ontology_collapse,negative_coexact,0.8,all,1.0,0.4107142857142857,0.2690784221843124,1.0,0.5,-1.4507998457573308,0.2677020189596071,-0.27827539252397315,0.1740418271301818,0.04435752322201145,1,1,1,1,1,1,1
spiral_out_hltd_closed_loop_reverse_ontology05_passing_band_l7_l8_k12_k24_a08_s04,ontology_collapse,7,24,ontology_collapse,negative_coexact,0.8,early,0.0,,,,,,,,,,1,0,0,0,0,0,0
spiral_out_hltd_closed_loop_reverse_ontology05_passing_band_l7_l8_k12_k24_a08_s04,ontology_collapse,7,24,ontology_collapse,negative_coexact,0.8,late,0.0,,,,,,,,,,1,0,0,0,0,0,0
spiral_out_hltd_closed_loop_reverse_ontology05_passing_band_l7_l8_k12_k24_a08_s04,ontology_collapse,7,24,ontology_collapse,negative_coexact,0.8,middle,1.0,0.4107142857142857,0.2690784221843124,1.0,0.5,-1.4507998457573308,0.2677020189596071,-0.27827539252397315,0.1740418271301818,0.04435752322201145,1,1,1,1,1,1,1
spiral_out_hltd_closed_loop_reverse_ontology05_passing_band_l7_l8_k12_k24_a08_s04,ontology_collapse,7,24,ontology_collapse,random_tangent,0.8,all,1.0,0.44107142857142856,0.2732879111379668,1.0,0.2,-1.6035142453289204,0.02765691319588607,0.032006650883215394,0.04220399337383117,0.0472879955371978,1,1,1,1,1,1,1
spiral_out_hltd_closed_loop_reverse_ontology05_passing_band_l7_l8_k12_k24_a08_s04,ontology_collapse,7,24,ontology_collapse,random_tangent,0.8,early,0.0,,,,,,,,,,1,0,0,0,0,0,0
spiral_out_hltd_closed_loop_reverse_ontology05_passing_band_l7_l8_k12_k24_a08_s04,ontology_collapse,7,24,ontology_collapse,random_tangent,0.8,late,0.05,0.7857142857142857,0.4291031104416927,1.0,1.0,-3.289005631488635,-0.005370684895217,0.5327437404835251,-0.1315793611021183,0.0824098238859323,1,1,1,1,1,1,1
spiral_out_hltd_closed_loop_reverse_ontology05_passing_band_l7_l8_k12_k24_a08_s04,ontology_collapse,7,24,ontology_collapse,random_tangent,0.8,middle,0.95,0.42142857142857143,0.26349184892867,1.0,0.2,-1.5417566937780645,0.0556122628419239,0.0043630467823460245,0.06240092633826766,0.047857468647514376,1,1,1,1,1,1,1
spiral_out_hltd_closed_loop_reverse_ontology05_passing_band_l7_l8_k12_k24_a08_s04,ontology_collapse,8,12,ontology_collapse,baseline,0.0,all,1.0,0.42857142857142855,0.28264202037148234,0.0,0.0,-1.4137322171047018,,,,,1,1,0,0,0,0,0
spiral_out_hltd_closed_loop_reverse_ontology05_passing_band_l7_l8_k12_k24_a08_s04,ontology_collapse,8,12,ontology_collapse,baseline,0.0,early,0.0,,,,,,,,,,1,0,0,0,0,0,0
spiral_out_hltd_closed_loop_reverse_ontology05_passing_band_l7_l8_k12_k24_a08_s04,ontology_collapse,8,12,ontology_collapse,baseline,0.0,late,0.0,,,,,,,,,,1,0,0,0,0,0,0
spiral_out_hltd_closed_loop_reverse_ontology05_passing_band_l7_l8_k12_k24_a08_s04,ontology_collapse,8,12,ontology_collapse,baseline,0.0,middle,1.0,0.42857142857142855,0.28264202037148234,0.0,0.0,-1.4137322171047018,,,,,1,1,0,0,0,0,0
spiral_out_hltd_closed_loop_reverse_ontology05_passing_band_l7_l8_k12_k24_a08_s04,ontology_collapse,8,12,ontology_collapse,negative_coexact,0.8,all,1.0,0.4107142857142857,0.27212509181825323,1.0,0.5,-1.4507998457573308,0.3372004652245304,-0.19416529533340032,0.23070158675032537,0.05266860866213657,1,1,1,1,1,1,1
spiral_out_hltd_closed_loop_reverse_ontology05_passing_band_l7_l8_k12_k24_a08_s04,ontology_collapse,8,12,ontology_collapse,negative_coexact,0.8,early,0.0,,,,,,,,,,1,0,0,0,0,0,0
spiral_out_hltd_closed_loop_reverse_ontology05_passing_band_l7_l8_k12_k24_a08_s04,ontology_collapse,8,12,ontology_collapse,negative_coexact,0.8,late,0.0,,,,,,,,,,1,0,0,0,0,0,0
spiral_out_hltd_closed_loop_reverse_ontology05_passing_band_l7_l8_k12_k24_a08_s04,ontology_collapse,8,12,ontology_collapse,negative_coexact,0.8,middle,1.0,0.4107142857142857,0.27212509181825323,1.0,0.5,-1.4507998457573308,0.3372004652245304,-0.19416529533340032,0.23070158675032537,0.05266860866213657,1,1,1,1,1,1,1
spiral_out_hltd_closed_loop_reverse_ontology05_passing_band_l7_l8_k12_k24_a08_s04,ontology_collapse,8,12,ontology_collapse,random_tangent,0.8,all,1.0,0.44107142857142856,0.28422160154022497,1.0,0.2,-1.6003892453289204,-0.0038991019212606505,0.05503624957545676,0.04041159122559508,0.04697123787205104,1,1,1,1,1,1,1
spiral_out_hltd_closed_loop_reverse_ontology05_passing_band_l7_l8_k12_k24_a08_s04,ontology_collapse,8,12,ontology_collapse,random_tangent,0.8,early,0.0,,,,,,,,,,1,0,0,0,0,0,0
spiral_out_hltd_closed_loop_reverse_ontology05_passing_band_l7_l8_k12_k24_a08_s04,ontology_collapse,8,12,ontology_collapse,random_tangent,0.8,late,0.05,0.7857142857142857,0.4754191639804577,1.0,1.0,-3.226505631488635,-0.0428877160816547,0.7815408195409077,-0.326471424878469,0.1081759133955411,1,1,1,1,1,1,1
spiral_out_hltd_closed_loop_reverse_ontology05_passing_band_l7_l8_k12_k24_a08_s04,ontology_collapse,8,12,ontology_collapse,random_tangent,0.8,middle,0.95,0.42142857142857143,0.27189631902254086,1.0,0.2,-1.5417566937780645,0.01483460397490457,0.014085035711106326,0.07122189141962068,0.045478371025526265,1,1,1,1,1,1,1
spiral_out_hltd_closed_loop_reverse_ontology05_passing_band_l7_l8_k12_k24_a08_s04,ontology_collapse,8,16,ontology_collapse,baseline,0.0,all,1.0,0.42857142857142855,0.28264202037148234,0.0,0.0,-1.4137322171047018,,,,,1,1,0,0,0,0,0
spiral_out_hltd_closed_loop_reverse_ontology05_passing_band_l7_l8_k12_k24_a08_s04,ontology_collapse,8,16,ontology_collapse,baseline,0.0,early,0.0,,,,,,,,,,1,0,0,0,0,0,0
spiral_out_hltd_closed_loop_reverse_ontology05_passing_band_l7_l8_k12_k24_a08_s04,ontology_collapse,8,16,ontology_collapse,baseline,0.0,late,0.0,,,,,,,,,,1,0,0,0,0,0,0
spiral_out_hltd_closed_loop_reverse_ontology05_passing_band_l7_l8_k12_k24_a08_s04,ontology_collapse,8,16,ontology_collapse,baseline,0.0,middle,1.0,0.42857142857142855,0.28264202037148234,0.0,0.0,-1.4137322171047018,,,,,1,1,0,0,0,0,0
spiral_out_hltd_closed_loop_reverse_ontology05_passing_band_l7_l8_k12_k24_a08_s04,ontology_collapse,8,16,ontology_collapse,negative_coexact,0.8,all,1.0,0.4107142857142857,0.27212509181825323,1.0,0.5,-1.4507998457573308,0.43796696760349785,-0.188098662010006,0.18463909114791885,0.04843133468276625,1,1,1,1,1,1,1
spiral_out_hltd_closed_loop_reverse_ontology05_passing_band_l7_l8_k12_k24_a08_s04,ontology_collapse,8,16,ontology_collapse,negative_coexact,0.8,early,0.0,,,,,,,,,,1,0,0,0,0,0,0
spiral_out_hltd_closed_loop_reverse_ontology05_passing_band_l7_l8_k12_k24_a08_s04,ontology_collapse,8,16,ontology_collapse,negative_coexact,0.8,late,0.0,,,,,,,,,,1,0,0,0,0,0,0
spiral_out_hltd_closed_loop_reverse_ontology05_passing_band_l7_l8_k12_k24_a08_s04,ontology_collapse,8,16,ontology_collapse,negative_coexact,0.8,middle,1.0,0.4107142857142857,0.27212509181825323,1.0,0.5,-1.4507998457573308,0.43796696760349785,-0.188098662010006,0.18463909114791885,0.04843133468276625,1,1,1,1,1,1,1
spiral_out_hltd_closed_loop_reverse_ontology05_passing_band_l7_l8_k12_k24_a08_s04,ontology_collapse,8,16,ontology_collapse,random_tangent,0.8,all,1.0,0.44107142857142856,0.28422160154022497,1.0,0.2,-1.6003892453289204,-0.0038991019212606505,0.05503624957545676,0.04041159122559508,0.04697123787205104,1,1,1,1,1,1,1
spiral_out_hltd_closed_loop_reverse_ontology05_passing_band_l7_l8_k12_k24_a08_s04,ontology_collapse,8,16,ontology_collapse,random_tangent,0.8,early,0.0,,,,,,,,,,1,0,0,0,0,0,0
spiral_out_hltd_closed_loop_reverse_ontology05_passing_band_l7_l8_k12_k24_a08_s04,ontology_collapse,8,16,ontology_collapse,random_tangent,0.8,late,0.05,0.7857142857142857,0.4754191639804577,1.0,1.0,-3.226505631488635,-0.0428877160816547,0.7815408195409077,-0.326471424878469,0.1081759133955411,1,1,1,1,1,1,1
spiral_out_hltd_closed_loop_reverse_ontology05_passing_band_l7_l8_k12_k24_a08_s04,ontology_collapse,8,16,ontology_collapse,random_tangent,0.8,middle,0.95,0.42142857142857143,0.27189631902254086,1.0,0.2,-1.5417566937780645,0.01483460397490457,0.014085035711106326,0.07122189141962068,0.045478371025526265,1,1,1,1,1,1,1
spiral_out_hltd_closed_loop_reverse_ontology05_passing_band_l7_l8_k12_k24_a08_s04,ontology_collapse,8,24,ontology_collapse,baseline,0.0,all,1.0,0.42857142857142855,0.28264202037148234,0.0,0.0,-1.4137322171047018,,,,,1,1,0,0,0,0,0
spiral_out_hltd_closed_loop_reverse_ontology05_passing_band_l7_l8_k12_k24_a08_s04,ontology_collapse,8,24,ontology_collapse,baseline,0.0,early,0.0,,,,,,,,,,1,0,0,0,0,0,0
spiral_out_hltd_closed_loop_reverse_ontology05_passing_band_l7_l8_k12_k24_a08_s04,ontology_collapse,8,24,ontology_collapse,baseline,0.0,late,0.0,,,,,,,,,,1,0,0,0,0,0,0
spiral_out_hltd_closed_loop_reverse_ontology05_passing_band_l7_l8_k12_k24_a08_s04,ontology_collapse,8,24,ontology_collapse,baseline,0.0,middle,1.0,0.42857142857142855,0.28264202037148234,0.0,0.0,-1.4137322171047018,,,,,1,1,0,0,0,0,0
spiral_out_hltd_closed_loop_reverse_ontology05_passing_band_l7_l8_k12_k24_a08_s04,ontology_collapse,8,24,ontology_collapse,negative_coexact,0.8,all,1.0,0.4107142857142857,0.27212509181825323,1.0,0.5,-1.4507998457573308,0.43875519290542997,-0.18614705505279797,0.16703814527458144,0.046149542062585897,1,1,1,1,1,1,1
spiral_out_hltd_closed_loop_reverse_ontology05_passing_band_l7_l8_k12_k24_a08_s04,ontology_collapse,8,24,ontology_collapse,negative_coexact,0.8,early,0.0,,,,,,,,,,1,0,0,0,0,0,0
spiral_out_hltd_closed_loop_reverse_ontology05_passing_band_l7_l8_k12_k24_a08_s04,ontology_collapse,8,24,ontology_collapse,negative_coexact,0.8,late,0.0,,,,,,,,,,1,0,0,0,0,0,0
spiral_out_hltd_closed_loop_reverse_ontology05_passing_band_l7_l8_k12_k24_a08_s04,ontology_collapse,8,24,ontology_collapse,negative_coexact,0.8,middle,1.0,0.4107142857142857,0.27212509181825323,1.0,0.5,-1.4507998457573308,0.43875519290542997,-0.18614705505279797,0.16703814527458144,0.046149542062585897,1,1,1,1,1,1,1
spiral_out_hltd_closed_loop_reverse_ontology05_passing_band_l7_l8_k12_k24_a08_s04,ontology_collapse,8,24,ontology_collapse,random_tangent,0.8,all,1.0,0.44107142857142856,0.28422160154022497,1.0,0.2,-1.6003892453289204,-0.0038991019212606505,0.05503624957545676,0.04041159122559508,0.04697123787205104,1,1,1,1,1,1,1
spiral_out_hltd_closed_loop_reverse_ontology05_passing_band_l7_l8_k12_k24_a08_s04,ontology_collapse,8,24,ontology_collapse,random_tangent,0.8,early,0.0,,,,,,,,,,1,0,0,0,0,0,0
spiral_out_hltd_closed_loop_reverse_ontology05_passing_band_l7_l8_k12_k24_a08_s04,ontology_collapse,8,24,ontology_collapse,random_tangent,0.8,late,0.05,0.7857142857142857,0.4754191639804577,1.0,1.0,-3.226505631488635,-0.0428877160816547,0.7815408195409077,-0.326471424878469,0.1081759133955411,1,1,1,1,1,1,1
spiral_out_hltd_closed_loop_reverse_ontology05_passing_band_l7_l8_k12_k24_a08_s04,ontology_collapse,8,24,ontology_collapse,random_tangent,0.8,middle,0.95,0.42142857142857143,0.27189631902254086,1.0,0.2,-1.5417566937780645,0.01483460397490457,0.014085035711106326,0.07122189141962068,0.045478371025526265,1,1,1,1,1,1,1
spiral_out_hltd_closed_loop_seed_probe_affordance01_03_l7_k16_a08,affordance_stress,7,16,affordance_stress,baseline,0.0,all,1.0,0.24166666666666667,0.2944068240552028,0.0,0.0,-1.26289747285769,,,,,2,2,0,0,0,0,0
spiral_out_hltd_closed_loop_seed_probe_affordance01_03_l7_k16_a08,affordance_stress,7,16,affordance_stress,baseline,0.0,early,1.0,0.24166666666666667,0.2944068240552028,0.0,0.0,-1.26289747285769,,,,,2,2,0,0,0,0,0
spiral_out_hltd_closed_loop_seed_probe_affordance01_03_l7_k16_a08,affordance_stress,7,16,affordance_stress,baseline,0.0,late,0.0,,,,,,,,,,2,0,0,0,0,0,0
spiral_out_hltd_closed_loop_seed_probe_affordance01_03_l7_k16_a08,affordance_stress,7,16,affordance_stress,baseline,0.0,middle,0.0,,,,,,,,,,2,0,0,0,0,0,0
spiral_out_hltd_closed_loop_seed_probe_affordance01_03_l7_k16_a08,affordance_stress,7,16,affordance_stress,coexact,0.8,all,1.0,0.3338541666666667,0.2910385279800747,1.0,0.5,-1.6252347428430185,0.12704552807845176,0.09392889527414798,0.006412687417209299,0.04667238931357074,2,2,2,2,2,2,2
spiral_out_hltd_closed_loop_seed_probe_affordance01_03_l7_k16_a08,affordance_stress,7,16,affordance_stress,coexact,0.8,early,0.75,0.24166666666666664,0.27113981526983055,1.0,0.3333333333333333,-1.0235320516928519,0.2094169524308859,-0.023358569380654854,0.07490090082734474,0.0365527245113928,2,2,2,2,2,2,2
spiral_out_hltd_closed_loop_seed_probe_affordance01_03_l7_k16_a08,affordance_stress,7,16,affordance_stress,coexact,0.8,late,0.125,0.6875,0.4154773825500497,1.0,1.0,-3.7783836417854104,-0.2653534372059365,0.6850715665305813,-0.32021091823266,0.0885429379437916,2,1,1,1,1,1,1
spiral_out_hltd_closed_loop_seed_probe_affordance01_03_l7_k16_a08,affordance_stress,7,16,affordance_stress,coexact,0.8,middle,0.125,0.5333333333333333,0.2859919496715647,1.0,1.0,-3.082301990801625,0.0252159472482351,0.2065110119465316,-0.0778929873937341,0.0655198294964175,2,1,1,1,1,1,1
spiral_out_hltd_closed_loop_seed_probe_affordance01_03_l7_k16_a08,affordance_stress,7,16,affordance_stress,coexact_minus_presence,0.8,all,1.0,0.2791666666666667,0.2877139771567634,1.0,0.25,-1.3385145037447566,0.07737283508460346,-0.022849866139715104,0.09106157686873456,0.050875900861875184,2,2,2,2,2,2,2
spiral_out_hltd_closed_loop_seed_probe_affordance01_03_l7_k16_a08,affordance_stress,7,16,affordance_stress,coexact_minus_presence,0.8,early,0.875,0.24166666666666664,0.28306700534379065,1.0,0.16666666666666666,-1.0713349112038644,0.09058651455728031,-0.12317823704255766,0.17033238815462556,0.04786934625357224,2,2,2,2,2,2,2
spiral_out_hltd_closed_loop_seed_probe_affordance01_03_l7_k16_a08,affordance_stress,7,16,affordance_stress,coexact_minus_presence,0.8,late,0.0,,,,,,,,,,2,0,0,0,0,0,0
spiral_out_hltd_closed_loop_seed_probe_affordance01_03_l7_k16_a08,affordance_stress,7,16,affordance_stress,coexact_minus_presence,0.8,middle,0.125,0.5333333333333333,0.2859919496715647,1.0,1.0,-3.082301990801625,0.2628399600949507,0.7247539411721959,-0.5448769421459776,0.0681176068557158,2,1,1,1,1,1,1
spiral_out_hltd_closed_loop_seed_probe_affordance01_03_l7_k16_a08,affordance_stress,7,16,affordance_stress,presence,0.8,all,1.0,0.3338541666666667,0.2910385279800747,1.0,0.5,-1.4924222428430185,0.05586087485335536,-0.13165021745139754,0.030726098969799734,0.06389710362593659,2,2,2,2,2,2,2
spiral_out_hltd_closed_loop_seed_probe_affordance01_03_l7_k16_a08,affordance_stress,7,16,affordance_stress,presence,0.8,early,0.75,0.24166666666666664,0.27113981526983055,1.0,0.3333333333333333,-1.0235320516928519,0.10068945217260518,0.027847367631812264,-0.0424431734921214,0.05125765772967082,2,2,2,2,2,2,2
spiral_out_hltd_closed_loop_seed_probe_affordance01_03_l7_k16_a08,affordance_stress,7,16,affordance_stress,presence,0.8,late,0.125,0.6875,0.4154773825500497,1.0,1.0,-2.9658836417854104,-0.0373895905695893,-0.7350395458940255,0.1344819594306994,0.1543915274712927,2,1,1,1,1,1,1
spiral_out_hltd_closed_loop_seed_probe_affordance01_03_l7_k16_a08,affordance_stress,7,16,affordance_stress,presence,0.8,middle,0.125,0.5333333333333333,0.2859919496715647,1.0,1.0,-2.832301990801625,-0.1198601236391989,-0.4852463995080285,0.3659858732804268,0.0492393551581751,2,1,1,1,1,1,1
spiral_out_hltd_closed_loop_seed_probe_affordance01_03_l7_k16_a08,affordance_stress,7,16,affordance_stress,presence_plus_coexact,0.8,all,1.0,0.3338541666666667,0.2910385279800747,1.0,0.5,-1.7658597428430185,0.04565640821150557,0.16688928714084944,0.0009275601549316448,0.06339628032321376,2,2,2,2,2,2,2
spiral_out_hltd_closed_loop_seed_probe_affordance01_03_l7_k16_a08,affordance_stress,7,16,affordance_stress,presence_plus_coexact,0.8,early,0.75,0.24166666666666664,0.27113981526983055,1.0,0.3333333333333333,-1.0235320516928519,0.0966595283327199,0.02064535698479648,-0.029182418048326116,0.05555791013498313,2,2,2,2,2,2,2
spiral_out_hltd_closed_loop_seed_probe_affordance01_03_l7_k16_a08,affordance_stress,7,16,affordance_stress,presence_plus_coexact,0.8,late,0.125,0.6875,0.4154773825500497,1.0,1.0,-5.15338364178541,-0.1654398365996252,1.6031647340307984,-0.070422339283434,0.1293733750599659,2,1,1,1,1,1,1
spiral_out_hltd_closed_loop_seed_probe_affordance01_03_l7_k16_a08,affordance_stress,7,16,affordance_stress,presence_plus_coexact,0.8,middle,0.125,0.5333333333333333,0.2859919496715647,1.0,1.0,-2.832301990801625,-0.0492660677046496,-0.3919225788127818,0.2529373288128438,0.0444494067158454,2,1,1,1,1,1,1
spiral_out_hltd_closed_loop_seed_probe_affordance01_03_l7_k16_a08,affordance_stress,7,16,affordance_stress,random_tangent,0.8,all,1.0,0.28260416666666666,0.28971745670111354,1.0,0.275,-1.3416726453869956,0.044081321040892685,-0.008871477275457465,0.010930017317841864,0.045001203770975884,2,2,2,2,2,2,2
spiral_out_hltd_closed_loop_seed_probe_affordance01_03_l7_k16_a08,affordance_stress,7,16,affordance_stress,random_tangent,0.8,early,0.875,0.24166666666666664,0.28294953107128107,1.0,0.19166666666666665,-1.100086851632427,0.05812002407835405,-0.00636513604018157,0.004878386125060552,0.0393518521502036,2,2,2,2,2,2,2
spiral_out_hltd_closed_loop_seed_probe_affordance01_03_l7_k16_a08,affordance_stress,7,16,affordance_stress,random_tangent,0.8,late,0.025,0.6875,0.4154773825500497,1.0,1.0,-2.9658836417854104,-0.185083179060193,-0.5394245865627738,0.4203309350595505,0.1330568418251594,2,1,1,1,1,1,1
spiral_out_hltd_closed_loop_seed_probe_affordance01_03_l7_k16_a08,affordance_stress,7,16,affordance_stress,random_tangent,0.8,middle,0.1,0.5333333333333333,0.2859919496715647,1.0,1.0,-2.894801990801625,-0.010846384671416284,0.1328326566645259,-0.04892981156588981,0.06857882863284295,2,1,1,1,1,1,1
spiral_out_hltd_closed_loop_seed_probe_ontology01_05_l7_k16_a08,ontology_collapse,7,16,ontology_collapse,baseline,0.0,all,1.0,0.35944700460829493,0.2697056607035261,0.0,0.0,-1.3982454665082233,,,,,2,2,0,0,0,0,0
spiral_out_hltd_closed_loop_seed_probe_ontology01_05_l7_k16_a08,ontology_collapse,7,16,ontology_collapse,baseline,0.0,early,0.5,0.2903225806451613,0.2683419768101539,0.0,0.0,-1.382758715911745,,,,,2,1,0,0,0,0,0
spiral_out_hltd_closed_loop_seed_probe_ontology01_05_l7_k16_a08,ontology_collapse,7,16,ontology_collapse,baseline,0.0,late,0.0,,,,,,,,,,2,0,0,0,0,0,0
spiral_out_hltd_closed_loop_seed_probe_ontology01_05_l7_k16_a08,ontology_collapse,7,16,ontology_collapse,baseline,0.0,middle,0.5,0.42857142857142855,0.2710693445968982,0.0,0.0,-1.4137322171047018,,,,,2,1,0,0,0,0,0
spiral_out_hltd_closed_loop_seed_probe_ontology01_05_l7_k16_a08,ontology_collapse,7,16,ontology_collapse,coexact,0.8,all,1.0,0.39170506912442393,0.2790268927472045,1.0,0.25,-1.5245792819993813,-0.23614171201658418,-0.03553602347026705,0.1157995929188865,0.03193173663846751,2,2,2,2,2,2,2
spiral_out_hltd_closed_loop_seed_probe_ontology01_05_l7_k16_a08,ontology_collapse,7,16,ontology_collapse,coexact,0.8,early,0.375,0.2903225806451613,0.25012751820512685,1.0,0.3333333333333333,-1.1138521543711732,-0.4192202155096254,-0.039847846766808866,0.21194767157499336,0.0217866954546161,2,1,1,1,1,1,1
spiral_out_hltd_closed_loop_seed_probe_ontology01_05_l7_k16_a08,ontology_collapse,7,16,ontology_collapse,coexact,0.8,late,0.0,,,,,,,,,,2,0,0,0,0,0,0
spiral_out_hltd_closed_loop_seed_probe_ontology01_05_l7_k16_a08,ontology_collapse,7,16,ontology_collapse,coexact,0.8,middle,0.625,0.48847926267281105,0.33431227678578057,1.0,0.5,-2.3069405707837127,-0.13661061106164402,-0.053885420780193066,0.07330748523317057,0.038201024133225084,2,2,2,2,2,2,2
spiral_out_hltd_closed_loop_seed_probe_ontology01_05_l7_k16_a08,ontology_collapse,7,16,ontology_collapse,coexact_minus_presence,0.8,all,1.0,0.422955069124424,0.284573309099876,1.0,0.75,-2.045909352559928,-0.021627684885284826,0.09951634187472715,0.0554936470051654,0.06077627167571993,2,2,2,2,2,2,2
spiral_out_hltd_closed_loop_seed_probe_ontology01_05_l7_k16_a08,ontology_collapse,7,16,ontology_collapse,coexact_minus_presence,0.8,early,0.375,0.2903225806451613,0.25012751820512685,1.0,0.3333333333333333,-1.1138521543711732,-0.3635422454637946,-0.03788947401911947,0.21393289500231893,0.019479455635825666,2,1,1,1,1,1,1
spiral_out_hltd_closed_loop_seed_probe_ontology01_05_l7_k16_a08,ontology_collapse,7,16,ontology_collapse,coexact_minus_presence,0.8,late,0.125,0.7857142857142857,0.4291031104416927,1.0,1.0,-3.664005631488635,0.2183913214423656,0.2343236074332395,-0.126928687639638,0.1409745719979255,2,1,1,1,1,1,1
spiral_out_hltd_closed_loop_seed_probe_ontology01_05_l7_k16_a08,ontology_collapse,7,16,ontology_collapse,coexact_minus_presence,0.8,middle,0.5,0.47062211981566815,0.3153685376152101,1.0,1.0,-2.6270017624671196,0.08943438538629148,0.09005155520595784,-0.016298427531161598,0.05883798478084395,2,2,2,2,2,2,2
spiral_out_hltd_closed_loop_seed_probe_ontology01_05_l7_k16_a08,ontology_collapse,7,16,ontology_collapse,presence,0.8,all,1.0,0.39170506912442393,0.2790268927472045,1.0,0.25,-1.5245792819993813,-0.3147113880672403,0.003213941525253887,-0.030334119269613782,0.0331257942858655,2,2,2,2,2,2,2
spiral_out_hltd_closed_loop_seed_probe_ontology01_05_l7_k16_a08,ontology_collapse,7,16,ontology_collapse,presence,0.8,early,0.375,0.2903225806451613,0.25012751820512685,1.0,0.3333333333333333,-1.1138521543711732,-0.0693635579431569,0.03155704318022857,0.020497275692401302,0.013668942200965368,2,1,1,1,1,1,1
spiral_out_hltd_closed_loop_seed_probe_ontology01_05_l7_k16_a08,ontology_collapse,7,16,ontology_collapse,presence,0.8,late,0.0,,,,,,,,,,2,0,0,0,0,0,0
spiral_out_hltd_closed_loop_seed_probe_ontology01_05_l7_k16_a08,ontology_collapse,7,16,ontology_collapse,presence,0.8,middle,0.625,0.48847926267281105,0.33431227678578057,1.0,0.5,-2.3069405707837127,-0.46128756455239484,-0.1540092552823049,0.035292426511247706,0.0490129516364589,2,2,2,2,2,2,2
spiral_out_hltd_closed_loop_seed_probe_ontology01_05_l7_k16_a08,ontology_collapse,7,16,ontology_collapse,presence_plus_coexact,0.8,all,1.0,0.39170506912442393,0.2790268927472045,1.0,0.25,-1.5245792819993813,-0.3704678315617142,-0.019924057829129947,0.09541816832870564,0.03322262225011807,2,2,2,2,2,2,2
spiral_out_hltd_closed_loop_seed_probe_ontology01_05_l7_k16_a08,ontology_collapse,7,16,ontology_collapse,presence_plus_coexact,0.8,early,0.375,0.2903225806451613,0.25012751820512685,1.0,0.3333333333333333,-1.1138521543711732,-0.44042385711274906,-0.028346150864578534,0.20269978403508537,0.023537848266190233,2,1,1,1,1,1,1
spiral_out_hltd_closed_loop_seed_probe_ontology01_05_l7_k16_a08,ontology_collapse,7,16,ontology_collapse,presence_plus_coexact,0.8,late,0.0,,,,,,,,,,2,0,0,0,0,0,0
spiral_out_hltd_closed_loop_seed_probe_ontology01_05_l7_k16_a08,ontology_collapse,7,16,ontology_collapse,presence_plus_coexact,0.8,middle,0.625,0.48847926267281105,0.33431227678578057,1.0,0.5,-2.3069405707837127,-0.3211431097219184,-0.077121965270003,0.07937736413797625,0.04396717371975261,2,2,2,2,2,2,2
spiral_out_hltd_closed_loop_seed_probe_ontology01_05_l7_k16_a08,ontology_collapse,7,16,ontology_collapse,random_tangent,0.8,all,1.0,0.39150345622119814,0.27827192960900315,1.0,0.325,-1.606703533013259,0.08134088909319682,-0.006613746914729032,0.07196395344109471,0.04624526041196382,2,2,2,2,2,2,2
spiral_out_hltd_closed_loop_seed_probe_ontology01_05_l7_k16_a08,ontology_collapse,7,16,ontology_collapse,random_tangent,0.8,early,0.4,0.2903225806451613,0.25377040992613226,1.0,0.31666666666666665,-1.1926334666792875,0.22421130527294034,0.008232160824537477,0.08588833223277226,0.04243054759014265,2,1,1,1,1,1,1
spiral_out_hltd_closed_loop_seed_probe_ontology01_05_l7_k16_a08,ontology_collapse,7,16,ontology_collapse,random_tangent,0.8,late,0.025,0.7857142857142857,0.4291031104416927,1.0,1.0,-3.289005631488635,-0.005370684895217,0.5327437404835251,-0.1315793611021183,0.0824098238859323,2,1,1,1,1,1,1
spiral_out_hltd_closed_loop_seed_probe_ontology01_05_l7_k16_a08,ontology_collapse,7,16,ontology_collapse,random_tangent,0.8,middle,0.575,0.4849078341013825,0.3305235289516665,1.0,0.6,-2.370952809120394,-0.06676137214223396,-0.1421964058991983,0.10940758184300112,0.052100515338113586,2,2,2,2,2,2,2
spiral_out_hltd_closed_loop_seed_reuse_smoke,identity_stress,7,16,identity_stress,baseline,0.0,all,1.0,0.25806451612903225,0.2196790856821931,0.0,0.0,-0.774387125238448,,,,,1,1,0,0,0,0,0
spiral_out_hltd_closed_loop_seed_reuse_smoke,identity_stress,7,16,identity_stress,baseline,0.0,early,1.0,0.25806451612903225,0.2196790856821931,0.0,0.0,-0.774387125238448,,,,,1,1,0,0,0,0,0
spiral_out_hltd_closed_loop_seed_reuse_smoke,identity_stress,7,16,identity_stress,baseline,0.0,late,0.0,,,,,,,,,,1,0,0,0,0,0,0
spiral_out_hltd_closed_loop_seed_reuse_smoke,identity_stress,7,16,identity_stress,baseline,0.0,middle,0.0,,,,,,,,,,1,0,0,0,0,0,0
spiral_out_hltd_closed_loop_seed_reuse_smoke,identity_stress,7,16,identity_stress,coexact,0.8,all,1.0,0.25806451612903225,0.2196790856821931,1.0,0.0,-0.774387125238448,0.4158806428999657,-0.034418543741495,0.1158051162893314,0.023952571654562,1,1,1,1,1,1,1
spiral_out_hltd_closed_loop_seed_reuse_smoke,identity_stress,7,16,identity_stress,coexact,0.8,early,1.0,0.25806451612903225,0.2196790856821931,1.0,0.0,-0.774387125238448,0.4158806428999657,-0.034418543741495,0.1158051162893314,0.023952571654562,1,1,1,1,1,1,1
spiral_out_hltd_closed_loop_seed_reuse_smoke,identity_stress,7,16,identity_stress,coexact,0.8,late,0.0,,,,,,,,,,1,0,0,0,0,0,0
spiral_out_hltd_closed_loop_seed_reuse_smoke,identity_stress,7,16,identity_stress,coexact,0.8,middle,0.0,,,,,,,,,,1,0,0,0,0,0,0
spiral_out_hltd_closed_loop_seed_reuse_smoke,identity_stress,7,16,identity_stress,random_tangent,0.8,all,1.0,0.25806451612903225,0.2196790856821931,1.0,0.0,-0.774387125238448,0.10671958443505056,-0.2588185278683284,0.45317156297155203,0.04543533428669795,1,1,1,1,1,1,1
spiral_out_hltd_closed_loop_seed_reuse_smoke,identity_stress,7,16,identity_stress,random_tangent,0.8,early,1.0,0.25806451612903225,0.2196790856821931,1.0,0.0,-0.774387125238448,0.10671958443505056,-0.2588185278683284,0.45317156297155203,0.04543533428669795,1,1,1,1,1,1,1
spiral_out_hltd_closed_loop_seed_reuse_smoke,identity_stress,7,16,identity_stress,random_tangent,0.8,late,0.0,,,,,,,,,,1,0,0,0,0,0,0
spiral_out_hltd_closed_loop_seed_reuse_smoke,identity_stress,7,16,identity_stress,random_tangent,0.8,middle,0.0,,,,,,,,,,1,0,0,0,0,0,0
spiral_out_hltd_closed_loop_sign_control_affordance01_03_l7_k16_a08,affordance_stress,7,16,affordance_stress,baseline,0.0,all,1.0,0.24166666666666667,0.2944068240552028,0.0,0.0,-1.26289747285769,,,,,2,2,0,0,0,0,0
spiral_out_hltd_closed_loop_sign_control_affordance01_03_l7_k16_a08,affordance_stress,7,16,affordance_stress,baseline,0.0,early,1.0,0.24166666666666667,0.2944068240552028,0.0,0.0,-1.26289747285769,,,,,2,2,0,0,0,0,0
spiral_out_hltd_closed_loop_sign_control_affordance01_03_l7_k16_a08,affordance_stress,7,16,affordance_stress,baseline,0.0,late,0.0,,,,,,,,,,2,0,0,0,0,0,0
spiral_out_hltd_closed_loop_sign_control_affordance01_03_l7_k16_a08,affordance_stress,7,16,affordance_stress,baseline,0.0,middle,0.0,,,,,,,,,,2,0,0,0,0,0,0
spiral_out_hltd_closed_loop_sign_control_affordance01_03_l7_k16_a08,affordance_stress,7,16,affordance_stress,negative_coexact,0.8,all,1.0,0.2791666666666667,0.2877139771567634,1.0,0.25,-1.3072645037447566,-0.033412302265752966,0.003499717941766449,0.04948007508765133,0.03948869533950014,2,2,2,2,2,2,2
spiral_out_hltd_closed_loop_sign_control_affordance01_03_l7_k16_a08,affordance_stress,7,16,affordance_stress,negative_coexact,0.8,early,0.875,0.24166666666666664,0.28306700534379065,1.0,0.16666666666666666,-1.0713349112038644,-0.02417892219586717,0.03736844790306852,0.01678861788703083,0.026981403230453324,2,2,2,2,2,2,2
spiral_out_hltd_closed_loop_sign_control_affordance01_03_l7_k16_a08,affordance_stress,7,16,affordance_stress,negative_coexact,0.8,late,0.0,,,,,,,,,,2,0,0,0,0,0,0
spiral_out_hltd_closed_loop_sign_control_affordance01_03_l7_k16_a08,affordance_stress,7,16,affordance_stress,negative_coexact,0.8,middle,0.125,0.5333333333333333,0.2859919496715647,1.0,1.0,-2.832301990801625,-0.13540767968228,-0.2641269047981893,0.2892666206482133,0.1242215762480483,2,1,1,1,1,1,1
spiral_out_hltd_closed_loop_sign_control_affordance01_03_l7_k16_a08,affordance_stress,7,16,affordance_stress,random_tangent,0.8,all,1.0,0.28260416666666666,0.28971745670111354,1.0,0.275,-1.3416726453869956,0.044081321040892685,-0.008871477275457465,0.010930017317841864,0.045001203770975884,2,2,2,2,2,2,2
spiral_out_hltd_closed_loop_sign_control_affordance01_03_l7_k16_a08,affordance_stress,7,16,affordance_stress,random_tangent,0.8,early,0.875,0.24166666666666664,0.28294953107128107,1.0,0.19166666666666665,-1.100086851632427,0.05812002407835405,-0.00636513604018157,0.004878386125060552,0.0393518521502036,2,2,2,2,2,2,2
spiral_out_hltd_closed_loop_sign_control_affordance01_03_l7_k16_a08,affordance_stress,7,16,affordance_stress,random_tangent,0.8,late,0.025,0.6875,0.4154773825500497,1.0,1.0,-2.9658836417854104,-0.185083179060193,-0.5394245865627738,0.4203309350595505,0.1330568418251594,2,1,1,1,1,1,1
spiral_out_hltd_closed_loop_sign_control_affordance01_03_l7_k16_a08,affordance_stress,7,16,affordance_stress,random_tangent,0.8,middle,0.1,0.5333333333333333,0.2859919496715647,1.0,1.0,-2.894801990801625,-0.010846384671416284,0.1328326566645259,-0.04892981156588981,0.06857882863284295,2,1,1,1,1,1,1
spiral_out_hltd_closed_loop_sign_control_identity02_ontology05_l7_k16_a08,identity_stress,7,16,identity_stress,baseline,0.0,all,1.0,0.25806451612903225,0.3011284888063417,0.0,0.0,-1.164016214194561,,,,,1,1,0,0,0,0,0
spiral_out_hltd_closed_loop_sign_control_identity02_ontology05_l7_k16_a08,identity_stress,7,16,identity_stress,baseline,0.0,early,1.0,0.25806451612903225,0.3011284888063417,0.0,0.0,-1.164016214194561,,,,,1,1,0,0,0,0,0
spiral_out_hltd_closed_loop_sign_control_identity02_ontology05_l7_k16_a08,identity_stress,7,16,identity_stress,baseline,0.0,late,0.0,,,,,,,,,,1,0,0,0,0,0,0
spiral_out_hltd_closed_loop_sign_control_identity02_ontology05_l7_k16_a08,identity_stress,7,16,identity_stress,baseline,0.0,middle,0.0,,,,,,,,,,1,0,0,0,0,0,0
spiral_out_hltd_closed_loop_sign_control_identity02_ontology05_l7_k16_a08,identity_stress,7,16,identity_stress,negative_coexact,0.8,all,1.0,0.25806451612903225,0.3011284888063417,1.0,0.25,-1.226516214194561,-0.1694467344593531,0.07839979902952263,0.02407417484137865,0.017275014616360274,1,1,1,1,1,1,1
spiral_out_hltd_closed_loop_sign_control_identity02_ontology05_l7_k16_a08,identity_stress,7,16,identity_stress,negative_coexact,0.8,early,1.0,0.25806451612903225,0.3011284888063417,1.0,0.25,-1.226516214194561,-0.1694467344593531,0.07839979902952263,0.02407417484137865,0.017275014616360274,1,1,1,1,1,1,1
spiral_out_hltd_closed_loop_sign_control_identity02_ontology05_l7_k16_a08,identity_stress,7,16,identity_stress,negative_coexact,0.8,late,0.0,,,,,,,,,,1,0,0,0,0,0,0
spiral_out_hltd_closed_loop_sign_control_identity02_ontology05_l7_k16_a08,identity_stress,7,16,identity_stress,negative_coexact,0.8,middle,0.0,,,,,,,,,,1,0,0,0,0,0,0
spiral_out_hltd_closed_loop_sign_control_identity02_ontology05_l7_k16_a08,identity_stress,7,16,identity_stress,random_tangent,0.8,all,1.0,0.28225806451612906,0.2918135591280697,1.0,0.3,-1.2676285430542804,-0.22936412336746312,-0.02830297295849533,0.16882856747365807,0.03611528632184099,1,1,1,1,1,1,1
spiral_out_hltd_closed_loop_sign_control_identity02_ontology05_l7_k16_a08,identity_stress,7,16,identity_stress,random_tangent,0.8,early,0.85,0.25806451612903225,0.28549921386742755,1.0,0.2,-1.0107504172258985,-0.11332425550492005,-0.033978189805518616,0.14350221684650782,0.025704289509763424,1,1,1,1,1,1,1
spiral_out_hltd_closed_loop_sign_control_identity02_ontology05_l7_k16_a08,identity_stress,7,16,identity_stress,random_tangent,0.8,late,0.0,,,,,,,,,,1,0,0,0,0,0,0
spiral_out_hltd_closed_loop_sign_control_identity02_ontology05_l7_k16_a08,identity_stress,7,16,identity_stress,random_tangent,0.8,middle,0.15,0.41935483870967744,0.3171753323124327,1.0,1.0,-2.6210940581026705,-0.7102539131198684,-0.008606989496248234,0.403950154749964,0.09929526445964516,1,1,1,1,1,1,1
spiral_out_hltd_closed_loop_sign_control_identity02_ontology05_l7_k16_a08,ontology_collapse,7,16,ontology_collapse,baseline,0.0,all,1.0,0.42857142857142855,0.2710693445968982,0.0,0.0,-1.4137322171047018,,,,,1,1,0,0,0,0,0
spiral_out_hltd_closed_loop_sign_control_identity02_ontology05_l7_k16_a08,ontology_collapse,7,16,ontology_collapse,baseline,0.0,early,0.0,,,,,,,,,,1,0,0,0,0,0,0
spiral_out_hltd_closed_loop_sign_control_identity02_ontology05_l7_k16_a08,ontology_collapse,7,16,ontology_collapse,baseline,0.0,late,0.0,,,,,,,,,,1,0,0,0,0,0,0
spiral_out_hltd_closed_loop_sign_control_identity02_ontology05_l7_k16_a08,ontology_collapse,7,16,ontology_collapse,baseline,0.0,middle,1.0,0.42857142857142855,0.2710693445968982,0.0,0.0,-1.4137322171047018,,,,,1,1,0,0,0,0,0
spiral_out_hltd_closed_loop_sign_control_identity02_ontology05_l7_k16_a08,ontology_collapse,7,16,ontology_collapse,negative_coexact,0.8,all,1.0,0.4107142857142857,0.2690784221843124,1.0,0.5,-1.4507998457573308,0.1253203867474123,-0.2925616382558331,0.18687105161501266,0.0463416969698589,1,1,1,1,1,1,1
spiral_out_hltd_closed_loop_sign_control_identity02_ontology05_l7_k16_a08,ontology_collapse,7,16,ontology_collapse,negative_coexact,0.8,early,0.0,,,,,,,,,,1,0,0,0,0,0,0
spiral_out_hltd_closed_loop_sign_control_identity02_ontology05_l7_k16_a08,ontology_collapse,7,16,ontology_collapse,negative_coexact,0.8,late,0.0,,,,,,,,,,1,0,0,0,0,0,0
spiral_out_hltd_closed_loop_sign_control_identity02_ontology05_l7_k16_a08,ontology_collapse,7,16,ontology_collapse,negative_coexact,0.8,middle,1.0,0.4107142857142857,0.2690784221843124,1.0,0.5,-1.4507998457573308,0.1253203867474123,-0.2925616382558331,0.18687105161501266,0.0463416969698589,1,1,1,1,1,1,1
spiral_out_hltd_closed_loop_sign_control_identity02_ontology05_l7_k16_a08,ontology_collapse,7,16,ontology_collapse,random_tangent,0.8,all,1.0,0.44107142857142856,0.2732879111379668,1.0,0.2,-1.6035142453289204,0.02765691319588607,0.032006650883215394,0.04220399337383117,0.0472879955371978,1,1,1,1,1,1,1
spiral_out_hltd_closed_loop_sign_control_identity02_ontology05_l7_k16_a08,ontology_collapse,7,16,ontology_collapse,random_tangent,0.8,early,0.0,,,,,,,,,,1,0,0,0,0,0,0
spiral_out_hltd_closed_loop_sign_control_identity02_ontology05_l7_k16_a08,ontology_collapse,7,16,ontology_collapse,random_tangent,0.8,late,0.05,0.7857142857142857,0.4291031104416927,1.0,1.0,-3.289005631488635,-0.005370684895217,0.5327437404835251,-0.1315793611021183,0.0824098238859323,1,1,1,1,1,1,1
spiral_out_hltd_closed_loop_sign_control_identity02_ontology05_l7_k16_a08,ontology_collapse,7,16,ontology_collapse,random_tangent,0.8,middle,0.95,0.42142857142857143,0.26349184892867,1.0,0.2,-1.5417566937780645,0.0556122628419239,0.0043630467823460245,0.06240092633826766,0.047857468647514376,1,1,1,1,1,1,1
spiral_out_hltd_closed_loop_sign_control_identity5_l7_k16_a08,identity_stress,7,16,identity_stress,baseline,0.0,all,1.0,0.2846604770940634,0.28643362669916783,0.0,0.0,-1.2773048095183506,,,,,5,5,0,0,0,0,0
spiral_out_hltd_closed_loop_sign_control_identity5_l7_k16_a08,identity_stress,7,16,identity_stress,baseline,0.0,early,0.6,0.22520217764525166,0.28796081116862676,0.0,0.0,-1.309290814015576,,,,,5,3,0,0,0,0,0
spiral_out_hltd_closed_loop_sign_control_identity5_l7_k16_a08,identity_stress,7,16,identity_stress,baseline,0.0,late,0.0,,,,,,,,,,5,0,0,0,0,0,0
spiral_out_hltd_closed_loop_sign_control_identity5_l7_k16_a08,identity_stress,7,16,identity_stress,baseline,0.0,middle,0.4,0.37384792626728114,0.28414284999497946,0.0,0.0,-1.2293258027725127,,,,,5,2,0,0,0,0,0
spiral_out_hltd_closed_loop_sign_control_identity5_l7_k16_a08,identity_stress,7,16,identity_stress,negative_coexact,0.8,all,1.0,0.30787476280834913,0.28249534782138996,1.0,0.15,-1.3713551239832655,0.04914893758747797,0.08294578577960486,0.03647162883504858,0.027993397877125993,5,5,5,5,5,5,5
spiral_out_hltd_closed_loop_sign_control_identity5_l7_k16_a08,identity_stress,7,16,identity_stress,negative_coexact,0.8,early,0.6,0.22520217764525166,0.28796081116862676,1.0,0.08333333333333333,-1.3301241473489094,0.07191140662456887,0.016106991216884293,0.03930127206537032,0.02343631198900638,5,3,3,3,3,3,3
spiral_out_hltd_closed_loop_sign_control_identity5_l7_k16_a08,identity_stress,7,16,identity_stress,negative_coexact,0.8,late,0.05,0.8571428571428571,0.334151300650498,1.0,1.0,-3.560941430593587,0.8723797947295306,0.9980976983552096,-0.0915026365269309,0.0854202048208053,5,1,1,1,1,1,1
spiral_out_hltd_closed_loop_sign_control_identity5_l7_k16_a08,identity_stress,7,16,identity_stress,negative_coexact,0.8,middle,0.35,0.37384792626728114,0.2650592680001759,1.0,0.16666666666666666,-1.1237232074829397,-0.08902944643827593,0.06323897488840179,0.05603596926118644,0.02771894925923695,5,2,2,2,2,2,2
spiral_out_hltd_closed_loop_sign_control_identity5_l7_k16_a08,identity_stress,7,16,identity_stress,random_tangent,0.8,all,1.0,0.29797506099213883,0.2842790562948725,1.0,0.15,-1.3535684343149532,0.008520888323704942,-0.030173114825960117,0.12407708292496537,0.031028320152200188,5,5,5,5,5,5,5
spiral_out_hltd_closed_loop_sign_control_identity5_l7_k16_a08,identity_stress,7,16,identity_stress,random_tangent,0.8,early,0.58,0.21728873000813229,0.31438448192173946,1.0,0.32916666666666666,-1.6208278350057264,0.08219596068577156,-0.029187565792597677,0.12274535968472411,0.031219594423689476,5,4,4,4,4,4,4
spiral_out_hltd_closed_loop_sign_control_identity5_l7_k16_a08,identity_stress,7,16,identity_stress,random_tangent,0.8,late,0.02,0.8697478991596639,0.32405559162772846,1.0,1.0,-2.851619639368458,-1.0037663422286849,0.2123545982937216,0.16078683378162406,0.14289167864903365,5,2,2,2,2,2,2
spiral_out_hltd_closed_loop_sign_control_identity5_l7_k16_a08,identity_stress,7,16,identity_stress,random_tangent,0.8,middle,0.4,0.38901689708141324,0.28896253361587515,1.0,0.39999999999999997,-1.670157959366562,-0.2024660670888696,-0.048712382438918504,0.21253593577928673,0.04897517283035127,5,3,3,3,3,3,3
spiral_out_hltd_closed_loop_sign_control_ontology5_l7_k16_a08,ontology_collapse,7,16,ontology_collapse,baseline,0.0,all,1.0,0.32555220085809633,0.29077460212969247,0.0,0.0,-1.3510660915030805,,,,,5,5,0,0,0,0,0
spiral_out_hltd_closed_loop_sign_control_ontology5_l7_k16_a08,ontology_collapse,7,16,ontology_collapse,baseline,0.0,early,0.6,0.28068223952539856,0.300675457298069,0.0,0.0,-1.4196936793570352,,,,,5,3,0,0,0,0,0
spiral_out_hltd_closed_loop_sign_control_ontology5_l7_k16_a08,ontology_collapse,7,16,ontology_collapse,baseline,0.0,late,0.0,,,,,,,,,,5,0,0,0,0,0,0
spiral_out_hltd_closed_loop_sign_control_ontology5_l7_k16_a08,ontology_collapse,7,16,ontology_collapse,baseline,0.0,middle,0.4,0.39285714285714285,0.27592331937712755,0.0,0.0,-1.2481247097221484,,,,,5,2,0,0,0,0,0
spiral_out_hltd_closed_loop_sign_control_ontology5_l7_k16_a08,ontology_collapse,7,16,ontology_collapse,negative_coexact,0.8,all,1.0,0.3219807722866677,0.29037641764717526,1.0,0.1,-1.3584796172336062,0.16014103881674394,-0.021090885346206522,0.03614728495019194,0.03462370694245377,5,5,5,5,5,5,5
spiral_out_hltd_closed_loop_sign_control_ontology5_l7_k16_a08,ontology_collapse,7,16,ontology_collapse,negative_coexact,0.8,early,0.6,0.28068223952539856,0.300675457298069,1.0,0.0,-1.4196936793570352,0.15891922672644387,0.04668434140701431,0.005008981618476113,0.037868249377680435,5,3,3,3,3,3,3
spiral_out_hltd_closed_loop_sign_control_ontology5_l7_k16_a08,ontology_collapse,7,16,ontology_collapse,negative_coexact,0.8,late,0.0,,,,,,,,,,5,0,0,0,0,0,0
spiral_out_hltd_closed_loop_sign_control_ontology5_l7_k16_a08,ontology_collapse,7,16,ontology_collapse,negative_coexact,0.8,middle,0.4,0.3839285714285714,0.27492785817083465,1.0,0.25,-1.266658524048463,0.16197375695219401,-0.12275372547603777,0.08285473994776568,0.02975689328961378,5,2,2,2,2,2,2
spiral_out_hltd_closed_loop_sign_control_ontology5_l7_k16_a08,ontology_collapse,7,16,ontology_collapse,random_tangent,0.8,all,1.0,0.36391665342443985,0.29309267133926714,1.0,0.3,-1.5003284326283877,0.09098753111766855,-0.0457498712659552,0.11209897925540738,0.037076570067772,5,5,5,5,5,5,5
spiral_out_hltd_closed_loop_sign_control_ontology5_l7_k16_a08,ontology_collapse,7,16,ontology_collapse,random_tangent,0.8,early,0.52,0.28298109010011124,0.3056100169286487,1.0,0.2722222222222222,-1.4383662036370508,0.09300113581181908,-0.07383652383992913,0.11490894961934772,0.036912372790998335,5,3,3,3,3,3,3
spiral_out_hltd_closed_loop_sign_control_ontology5_l7_k16_a08,ontology_collapse,7,16,ontology_collapse,random_tangent,0.8,late,0.05,0.8325123152709359,0.40177353848191166,1.0,1.0,-2.543177237133108,0.09457774928141531,0.24254387944333544,0.056096531739372346,0.06733681151480966,5,2,2,2,2,2,2
spiral_out_hltd_closed_loop_sign_control_ontology5_l7_k16_a08,ontology_collapse,7,16,ontology_collapse,random_tangent,0.8,middle,0.43,0.44350998463901686,0.3040108128848728,1.0,0.5166666666666667,-1.992015979353564,0.028101997344630727,-0.10919756458713609,0.1294209982425686,0.0438934522126139,5,3,3,3,3,3,3
spiral_out_hltd_closed_loop_smoke_tiny,literal_stable,7,16,literal_stable,baseline,0.0,all,1.0,0.24242424242424243,0.25561294211130603,0.0,0.0,-0.3426007953697763,,,,,1,1,0,0,0,0,0
spiral_out_hltd_closed_loop_smoke_tiny,literal_stable,7,16,literal_stable,baseline,0.0,early,1.0,0.24242424242424243,0.25561294211130603,0.0,0.0,-0.3426007953697763,,,,,1,1,0,0,0,0,0
spiral_out_hltd_closed_loop_smoke_tiny,literal_stable,7,16,literal_stable,baseline,0.0,late,0.0,,,,,,,,,,1,0,0,0,0,0,0
spiral_out_hltd_closed_loop_smoke_tiny,literal_stable,7,16,literal_stable,baseline,0.0,middle,0.0,,,,,,,,,,1,0,0,0,0,0,0
spiral_out_hltd_closed_loop_smoke_tiny,literal_stable,7,16,literal_stable,coexact_minus_presence,1.0,all,1.0,0.24242424242424243,0.25561294211130603,1.0,0.0,-0.3426007953697763,-0.5542582092130574,-0.08077579708183436,0.19503066957800105,0.07615789880130751,1,1,1,1,1,1,1
spiral_out_hltd_closed_loop_smoke_tiny,literal_stable,7,16,literal_stable,coexact_minus_presence,1.0,early,1.0,0.24242424242424243,0.25561294211130603,1.0,0.0,-0.3426007953697763,-0.5542582092130574,-0.08077579708183436,0.19503066957800105,0.07615789880130751,1,1,1,1,1,1,1
spiral_out_hltd_closed_loop_smoke_tiny,literal_stable,7,16,literal_stable,coexact_minus_presence,1.0,late,0.0,,,,,,,,,,1,0,0,0,0,0,0
spiral_out_hltd_closed_loop_smoke_tiny,literal_stable,7,16,literal_stable,coexact_minus_presence,1.0,middle,0.0,,,,,,,,,,1,0,0,0,0,0,0
spiral_out_hltd_closed_loop_smoke_tiny,literal_stable,7,16,literal_stable,presence_plus_coexact,1.0,all,1.0,0.24242424242424243,0.25561294211130603,1.0,0.0,-0.3426007953697763,0.38251293863824015,-0.01224728014557285,0.04579498883058235,0.0157658045976443,1,1,1,1,1,1,1
spiral_out_hltd_closed_loop_smoke_tiny,literal_stable,7,16,literal_stable,presence_plus_coexact,1.0,early,1.0,0.24242424242424243,0.25561294211130603,1.0,0.0,-0.3426007953697763,0.38251293863824015,-0.01224728014557285,0.04579498883058235,0.0157658045976443,1,1,1,1,1,1,1
spiral_out_hltd_closed_loop_smoke_tiny,literal_stable,7,16,literal_stable,presence_plus_coexact,1.0,late,0.0,,,,,,,,,,1,0,0,0,0,0,0
spiral_out_hltd_closed_loop_smoke_tiny,literal_stable,7,16,literal_stable,presence_plus_coexact,1.0,middle,0.0,,,,,,,,,,1,0,0,0,0,0,0
spiral_out_hltd_closed_loop_target_sensitivity_identity04_l7_k16_door_object_a08_s04,identity_stress,7,16,identity_door_object,baseline,0.0,all,1.0,0.39285714285714285,0.29841538623723385,0.0,0.0,-1.296319569557852,,,,,1,1,0,0,0,0,0
spiral_out_hltd_closed_loop_target_sensitivity_identity04_l7_k16_door_object_a08_s04,identity_stress,7,16,identity_door_object,baseline,0.0,early,0.0,,,,,,,,,,1,0,0,0,0,0,0
spiral_out_hltd_closed_loop_target_sensitivity_identity04_l7_k16_door_object_a08_s04,identity_stress,7,16,identity_door_object,baseline,0.0,late,0.0,,,,,,,,,,1,0,0,0,0,0,0
spiral_out_hltd_closed_loop_target_sensitivity_identity04_l7_k16_door_object_a08_s04,identity_stress,7,16,identity_door_object,baseline,0.0,middle,1.0,0.39285714285714285,0.29841538623723385,0.0,0.0,-1.296319569557852,,,,,1,1,0,0,0,0,0
spiral_out_hltd_closed_loop_target_sensitivity_identity04_l7_k16_door_object_a08_s04,identity_stress,7,16,identity_door_object,negative_coexact,0.8,all,1.0,0.5089285714285714,0.27872399184834445,1.0,0.5,-1.7040711418824266,0.3595456335725502,0.2783076819435059,0.05135019510279197,0.0427597401203946,1,1,1,1,1,1,1
spiral_out_hltd_closed_loop_target_sensitivity_identity04_l7_k16_door_object_a08_s04,identity_stress,7,16,identity_door_object,negative_coexact,0.8,early,0.0,,,,,,,,,,1,0,0,0,0,0,0
spiral_out_hltd_closed_loop_target_sensitivity_identity04_l7_k16_door_object_a08_s04,identity_stress,7,16,identity_door_object,negative_coexact,0.8,late,0.25,0.8571428571428571,0.334151300650498,1.0,1.0,-3.560941430593587,0.1064107865309864,0.9980976983552096,-0.0915026365269309,0.0854202048208053,1,1,1,1,1,1,1
spiral_out_hltd_closed_loop_target_sensitivity_identity04_l7_k16_door_object_a08_s04,identity_stress,7,16,identity_door_object,negative_coexact,0.8,middle,0.75,0.39285714285714285,0.2602482222476266,1.0,0.3333333333333333,-1.0851143789787063,0.4439239159197381,0.038377676472938,0.09896780564603293,0.028539585220257704,1,1,1,1,1,1,1
spiral_out_hltd_closed_loop_target_sensitivity_identity04_l7_k16_door_object_a08_s04,identity_stress,7,16,identity_door_object,random_tangent,0.8,all,1.0,0.41607142857142854,0.294477107359456,1.0,0.1,-1.377869884022767,0.04966291302825088,0.027297772731639476,0.050070811757249575,0.03477412403178938,1,1,1,1,1,1,1
spiral_out_hltd_closed_loop_target_sensitivity_identity04_l7_k16_door_object_a08_s04,identity_stress,7,16,identity_door_object,random_tangent,0.8,early,0.0,,,,,,,,,,1,0,0,0,0,0,0
spiral_out_hltd_closed_loop_target_sensitivity_identity04_l7_k16_door_object_a08_s04,identity_stress,7,16,identity_door_object,random_tangent,0.8,late,0.05,0.8571428571428571,0.334151300650498,1.0,1.0,-3.560941430593587,-0.1067984335707343,1.190719182270584,-0.4584728446503661,0.1921548584246829,1,1,1,1,1,1,1
spiral_out_hltd_closed_loop_target_sensitivity_identity04_l7_k16_door_object_a08_s04,identity_stress,7,16,identity_door_object,random_tangent,0.8,middle,0.95,0.39285714285714285,0.2907819534393124,1.0,0.06666666666666667,-1.2540785314420229,0.06872761936009139,-0.03839708137081339,0.07845506903879482,0.02669208591118124,1,1,1,1,1,1,1
spiral_out_hltd_closed_loop_target_sensitivity_identity04_l7_k16_generic_control_a08_s04,identity_stress,7,16,identity_generic_control,baseline,0.0,all,1.0,0.39285714285714285,0.29841538623723385,0.0,0.0,-1.296319569557852,,,,,1,1,0,0,0,0,0
spiral_out_hltd_closed_loop_target_sensitivity_identity04_l7_k16_generic_control_a08_s04,identity_stress,7,16,identity_generic_control,baseline,0.0,early,0.0,,,,,,,,,,1,0,0,0,0,0,0
spiral_out_hltd_closed_loop_target_sensitivity_identity04_l7_k16_generic_control_a08_s04,identity_stress,7,16,identity_generic_control,baseline,0.0,late,0.0,,,,,,,,,,1,0,0,0,0,0,0
spiral_out_hltd_closed_loop_target_sensitivity_identity04_l7_k16_generic_control_a08_s04,identity_stress,7,16,identity_generic_control,baseline,0.0,middle,1.0,0.39285714285714285,0.29841538623723385,0.0,0.0,-1.296319569557852,,,,,1,1,0,0,0,0,0
spiral_out_hltd_closed_loop_target_sensitivity_identity04_l7_k16_generic_control_a08_s04,identity_stress,7,16,identity_generic_control,negative_coexact,0.8,all,1.0,0.5089285714285714,0.27872399184834445,1.0,0.5,-1.7040711418824266,-0.324708438513746,0.2783076819435059,0.05135019510279197,0.0427597401203946,1,1,1,1,1,1,1
spiral_out_hltd_closed_loop_target_sensitivity_identity04_l7_k16_generic_control_a08_s04,identity_stress,7,16,identity_generic_control,negative_coexact,0.8,early,0.0,,,,,,,,,,1,0,0,0,0,0,0
spiral_out_hltd_closed_loop_target_sensitivity_identity04_l7_k16_generic_control_a08_s04,identity_stress,7,16,identity_generic_control,negative_coexact,0.8,late,0.25,0.8571428571428571,0.334151300650498,1.0,1.0,-3.560941430593587,-0.8228147398959518,0.9980976983552096,-0.0915026365269309,0.0854202048208053,1,1,1,1,1,1,1
spiral_out_hltd_closed_loop_target_sensitivity_identity04_l7_k16_generic_control_a08_s04,identity_stress,7,16,identity_generic_control,negative_coexact,0.8,middle,0.75,0.39285714285714285,0.2602482222476266,1.0,0.3333333333333333,-1.0851143789787063,-0.15867300471967738,0.038377676472938,0.09896780564603293,0.028539585220257704,1,1,1,1,1,1,1
spiral_out_hltd_closed_loop_target_sensitivity_identity04_l7_k16_generic_control_a08_s04,identity_stress,7,16,identity_generic_control,random_tangent,0.8,all,1.0,0.41607142857142854,0.294477107359456,1.0,0.1,-1.377869884022767,0.0952150124569127,0.027297772731639476,0.050070811757249575,0.03477412403178938,1,1,1,1,1,1,1
spiral_out_hltd_closed_loop_target_sensitivity_identity04_l7_k16_generic_control_a08_s04,identity_stress,7,16,identity_generic_control,random_tangent,0.8,early,0.0,,,,,,,,,,1,0,0,0,0,0,0
spiral_out_hltd_closed_loop_target_sensitivity_identity04_l7_k16_generic_control_a08_s04,identity_stress,7,16,identity_generic_control,random_tangent,0.8,late,0.05,0.8571428571428571,0.334151300650498,1.0,1.0,-3.560941430593587,1.008684712609678,1.190719182270584,-0.4584728446503661,0.1921548584246829,1,1,1,1,1,1,1
spiral_out_hltd_closed_loop_target_sensitivity_identity04_l7_k16_generic_control_a08_s04,identity_stress,7,16,identity_generic_control,random_tangent,0.8,middle,0.95,0.39285714285714285,0.2907819534393124,1.0,0.06666666666666667,-1.2540785314420229,0.051911403328196735,-0.03839708137081339,0.07845506903879482,0.02669208591118124,1,1,1,1,1,1,1
spiral_out_hltd_closed_loop_target_sensitivity_identity04_l7_k16_mirror_mask_a08_s04,identity_stress,7,16,identity_mirror_mask,baseline,0.0,all,1.0,0.39285714285714285,0.29841538623723385,0.0,0.0,-1.296319569557852,,,,,1,1,0,0,0,0,0
spiral_out_hltd_closed_loop_target_sensitivity_identity04_l7_k16_mirror_mask_a08_s04,identity_stress,7,16,identity_mirror_mask,baseline,0.0,early,0.0,,,,,,,,,,1,0,0,0,0,0,0
spiral_out_hltd_closed_loop_target_sensitivity_identity04_l7_k16_mirror_mask_a08_s04,identity_stress,7,16,identity_mirror_mask,baseline,0.0,late,0.0,,,,,,,,,,1,0,0,0,0,0,0
spiral_out_hltd_closed_loop_target_sensitivity_identity04_l7_k16_mirror_mask_a08_s04,identity_stress,7,16,identity_mirror_mask,baseline,0.0,middle,1.0,0.39285714285714285,0.29841538623723385,0.0,0.0,-1.296319569557852,,,,,1,1,0,0,0,0,0
spiral_out_hltd_closed_loop_target_sensitivity_identity04_l7_k16_mirror_mask_a08_s04,identity_stress,7,16,identity_mirror_mask,negative_coexact,0.8,all,1.0,0.5089285714285714,0.27872399184834445,1.0,0.5,-1.7040711418824266,0.18091619243757925,0.2783076819435059,0.05135019510279197,0.0427597401203946,1,1,1,1,1,1,1
spiral_out_hltd_closed_loop_target_sensitivity_identity04_l7_k16_mirror_mask_a08_s04,identity_stress,7,16,identity_mirror_mask,negative_coexact,0.8,early,0.0,,,,,,,,,,1,0,0,0,0,0,0
spiral_out_hltd_closed_loop_target_sensitivity_identity04_l7_k16_mirror_mask_a08_s04,identity_stress,7,16,identity_mirror_mask,negative_coexact,0.8,late,0.25,0.8571428571428571,0.334151300650498,1.0,1.0,-3.560941430593587,0.9089413555273422,0.9980976983552096,-0.0915026365269309,0.0854202048208053,1,1,1,1,1,1,1
spiral_out_hltd_closed_loop_target_sensitivity_identity04_l7_k16_mirror_mask_a08_s04,identity_stress,7,16,identity_mirror_mask,negative_coexact,0.8,middle,0.75,0.39285714285714285,0.2602482222476266,1.0,0.3333333333333333,-1.0851143789787063,-0.06175886192567506,0.038377676472938,0.09896780564603293,0.028539585220257704,1,1,1,1,1,1,1
spiral_out_hltd_closed_loop_target_sensitivity_identity04_l7_k16_mirror_mask_a08_s04,identity_stress,7,16,identity_mirror_mask,random_tangent,0.8,all,1.0,0.41607142857142854,0.294477107359456,1.0,0.1,-1.377869884022767,-0.1789493073989598,0.027297772731639476,0.050070811757249575,0.03477412403178938,1,1,1,1,1,1,1
spiral_out_hltd_closed_loop_target_sensitivity_identity04_l7_k16_mirror_mask_a08_s04,identity_stress,7,16,identity_mirror_mask,random_tangent,0.8,early,0.0,,,,,,,,,,1,0,0,0,0,0,0
spiral_out_hltd_closed_loop_target_sensitivity_identity04_l7_k16_mirror_mask_a08_s04,identity_stress,7,16,identity_mirror_mask,random_tangent,0.8,late,0.05,0.8571428571428571,0.334151300650498,1.0,1.0,-3.560941430593587,-1.2134008141232815,1.190719182270584,-0.4584728446503661,0.1921548584246829,1,1,1,1,1,1,1
spiral_out_hltd_closed_loop_target_sensitivity_identity04_l7_k16_mirror_mask_a08_s04,identity_stress,7,16,identity_mirror_mask,random_tangent,0.8,middle,0.95,0.39285714285714285,0.2907819534393124,1.0,0.06666666666666667,-1.2540785314420229,-0.12414756262720647,-0.03839708137081339,0.07845506903879482,0.02669208591118124,1,1,1,1,1,1,1
spiral_out_hltd_closed_loop_target_sensitivity_ontology05_l8_k16_map_road_a08_s04,ontology_collapse,8,16,ontology_map_road,baseline,0.0,all,1.0,0.42857142857142855,0.28264202037148234,0.0,0.0,-1.4137322171047018,,,,,1,1,0,0,0,0,0
spiral_out_hltd_closed_loop_target_sensitivity_ontology05_l8_k16_map_road_a08_s04,ontology_collapse,8,16,ontology_map_road,baseline,0.0,early,0.0,,,,,,,,,,1,0,0,0,0,0,0
spiral_out_hltd_closed_loop_target_sensitivity_ontology05_l8_k16_map_road_a08_s04,ontology_collapse,8,16,ontology_map_road,baseline,0.0,late,0.0,,,,,,,,,,1,0,0,0,0,0,0
spiral_out_hltd_closed_loop_target_sensitivity_ontology05_l8_k16_map_road_a08_s04,ontology_collapse,8,16,ontology_map_road,baseline,0.0,middle,1.0,0.42857142857142855,0.28264202037148234,0.0,0.0,-1.4137322171047018,,,,,1,1,0,0,0,0,0
spiral_out_hltd_closed_loop_target_sensitivity_ontology05_l8_k16_map_road_a08_s04,ontology_collapse,8,16,ontology_map_road,negative_coexact,0.8,all,1.0,0.4107142857142857,0.27212509181825323,1.0,0.5,-1.4507998457573308,0.2399328428842986,-0.188098662010006,0.18463909114791885,0.04843133468276625,1,1,1,1,1,1,1
spiral_out_hltd_closed_loop_target_sensitivity_ontology05_l8_k16_map_road_a08_s04,ontology_collapse,8,16,ontology_map_road,negative_coexact,0.8,early,0.0,,,,,,,,,,1,0,0,0,0,0,0
spiral_out_hltd_closed_loop_target_sensitivity_ontology05_l8_k16_map_road_a08_s04,ontology_collapse,8,16,ontology_map_road,negative_coexact,0.8,late,0.0,,,,,,,,,,1,0,0,0,0,0,0
spiral_out_hltd_closed_loop_target_sensitivity_ontology05_l8_k16_map_road_a08_s04,ontology_collapse,8,16,ontology_map_road,negative_coexact,0.8,middle,1.0,0.4107142857142857,0.27212509181825323,1.0,0.5,-1.4507998457573308,0.2399328428842986,-0.188098662010006,0.18463909114791885,0.04843133468276625,1,1,1,1,1,1,1
spiral_out_hltd_closed_loop_target_sensitivity_ontology05_l8_k16_map_road_a08_s04,ontology_collapse,8,16,ontology_map_road,random_tangent,0.8,all,1.0,0.44107142857142856,0.28422160154022497,1.0,0.2,-1.6003892453289204,0.05557095707488968,0.05503624957545676,0.04041159122559508,0.04697123787205104,1,1,1,1,1,1,1
spiral_out_hltd_closed_loop_target_sensitivity_ontology05_l8_k16_map_road_a08_s04,ontology_collapse,8,16,ontology_map_road,random_tangent,0.8,early,0.0,,,,,,,,,,1,0,0,0,0,0,0
spiral_out_hltd_closed_loop_target_sensitivity_ontology05_l8_k16_map_road_a08_s04,ontology_collapse,8,16,ontology_map_road,random_tangent,0.8,late,0.05,0.7857142857142857,0.4754191639804577,1.0,1.0,-3.226505631488635,-0.1165099164530918,0.7815408195409077,-0.326471424878469,0.1081759133955411,1,1,1,1,1,1,1
spiral_out_hltd_closed_loop_target_sensitivity_ontology05_l8_k16_map_road_a08_s04,ontology_collapse,8,16,ontology_map_road,random_tangent,0.8,middle,0.95,0.42142857142857143,0.27189631902254086,1.0,0.2,-1.5417566937780645,0.07769751547249783,0.014085035711106326,0.07122189141962068,0.045478371025526265,1,1,1,1,1,1,1
spiral_out_hltd_closed_loop_target_sensitivity_ontology05_l8_k16_moon_celestial_a08_s04,ontology_collapse,8,16,ontology_moon_celestial,baseline,0.0,all,1.0,0.42857142857142855,0.28264202037148234,0.0,0.0,-1.4137322171047018,,,,,1,1,0,0,0,0,0
spiral_out_hltd_closed_loop_target_sensitivity_ontology05_l8_k16_moon_celestial_a08_s04,ontology_collapse,8,16,ontology_moon_celestial,baseline,0.0,early,0.0,,,,,,,,,,1,0,0,0,0,0,0
spiral_out_hltd_closed_loop_target_sensitivity_ontology05_l8_k16_moon_celestial_a08_s04,ontology_collapse,8,16,ontology_moon_celestial,baseline,0.0,late,0.0,,,,,,,,,,1,0,0,0,0,0,0
spiral_out_hltd_closed_loop_target_sensitivity_ontology05_l8_k16_moon_celestial_a08_s04,ontology_collapse,8,16,ontology_moon_celestial,baseline,0.0,middle,1.0,0.42857142857142855,0.28264202037148234,0.0,0.0,-1.4137322171047018,,,,,1,1,0,0,0,0,0
spiral_out_hltd_closed_loop_target_sensitivity_ontology05_l8_k16_moon_celestial_a08_s04,ontology_collapse,8,16,ontology_moon_celestial,negative_coexact,0.8,all,1.0,0.4107142857142857,0.27212509181825323,1.0,0.5,-1.4507998457573308,1.0241804703816264,-0.188098662010006,0.18463909114791885,0.04843133468276625,1,1,1,1,1,1,1
spiral_out_hltd_closed_loop_target_sensitivity_ontology05_l8_k16_moon_celestial_a08_s04,ontology_collapse,8,16,ontology_moon_celestial,negative_coexact,0.8,early,0.0,,,,,,,,,,1,0,0,0,0,0,0
spiral_out_hltd_closed_loop_target_sensitivity_ontology05_l8_k16_moon_celestial_a08_s04,ontology_collapse,8,16,ontology_moon_celestial,negative_coexact,0.8,late,0.0,,,,,,,,,,1,0,0,0,0,0,0
spiral_out_hltd_closed_loop_target_sensitivity_ontology05_l8_k16_moon_celestial_a08_s04,ontology_collapse,8,16,ontology_moon_celestial,negative_coexact,0.8,middle,1.0,0.4107142857142857,0.27212509181825323,1.0,0.5,-1.4507998457573308,1.0241804703816264,-0.188098662010006,0.18463909114791885,0.04843133468276625,1,1,1,1,1,1,1
spiral_out_hltd_closed_loop_target_sensitivity_ontology05_l8_k16_moon_celestial_a08_s04,ontology_collapse,8,16,ontology_moon_celestial,random_tangent,0.8,all,1.0,0.44107142857142856,0.28422160154022497,1.0,0.2,-1.6003892453289204,-0.05372415269342912,0.05503624957545676,0.04041159122559508,0.04697123787205104,1,1,1,1,1,1,1
spiral_out_hltd_closed_loop_target_sensitivity_ontology05_l8_k16_moon_celestial_a08_s04,ontology_collapse,8,16,ontology_moon_celestial,random_tangent,0.8,early,0.0,,,,,,,,,,1,0,0,0,0,0,0
spiral_out_hltd_closed_loop_target_sensitivity_ontology05_l8_k16_moon_celestial_a08_s04,ontology_collapse,8,16,ontology_moon_celestial,random_tangent,0.8,late,0.05,0.7857142857142857,0.4754191639804577,1.0,1.0,-3.226505631488635,-0.4622783438358828,0.7815408195409077,-0.326471424878469,0.1081759133955411,1,1,1,1,1,1,1
spiral_out_hltd_closed_loop_target_sensitivity_ontology05_l8_k16_moon_celestial_a08_s04,ontology_collapse,8,16,ontology_moon_celestial,random_tangent,0.8,middle,0.95,0.42142857142857143,0.27189631902254086,1.0,0.2,-1.5417566937780645,-0.002373712762171709,0.014085035711106326,0.07122189141962068,0.045478371025526265,1,1,1,1,1,1,1
spiral_out_hltd_closed_loop_target_sensitivity_ontology05_l8_k16_surreal_control_a08_s04,ontology_collapse,8,16,ontology_surreal_control,baseline,0.0,all,1.0,0.42857142857142855,0.28264202037148234,0.0,0.0,-1.4137322171047018,,,,,1,1,0,0,0,0,0
spiral_out_hltd_closed_loop_target_sensitivity_ontology05_l8_k16_surreal_control_a08_s04,ontology_collapse,8,16,ontology_surreal_control,baseline,0.0,early,0.0,,,,,,,,,,1,0,0,0,0,0,0
spiral_out_hltd_closed_loop_target_sensitivity_ontology05_l8_k16_surreal_control_a08_s04,ontology_collapse,8,16,ontology_surreal_control,baseline,0.0,late,0.0,,,,,,,,,,1,0,0,0,0,0,0
spiral_out_hltd_closed_loop_target_sensitivity_ontology05_l8_k16_surreal_control_a08_s04,ontology_collapse,8,16,ontology_surreal_control,baseline,0.0,middle,1.0,0.42857142857142855,0.28264202037148234,0.0,0.0,-1.4137322171047018,,,,,1,1,0,0,0,0,0
spiral_out_hltd_closed_loop_target_sensitivity_ontology05_l8_k16_surreal_control_a08_s04,ontology_collapse,8,16,ontology_surreal_control,negative_coexact,0.8,all,1.0,0.4107142857142857,0.27212509181825323,1.0,0.5,-1.4507998457573308,-0.3987391394856572,-0.188098662010006,0.18463909114791885,0.04843133468276625,1,1,1,1,1,1,1
spiral_out_hltd_closed_loop_target_sensitivity_ontology05_l8_k16_surreal_control_a08_s04,ontology_collapse,8,16,ontology_surreal_control,negative_coexact,0.8,early,0.0,,,,,,,,,,1,0,0,0,0,0,0
spiral_out_hltd_closed_loop_target_sensitivity_ontology05_l8_k16_surreal_control_a08_s04,ontology_collapse,8,16,ontology_surreal_control,negative_coexact,0.8,late,0.0,,,,,,,,,,1,0,0,0,0,0,0
spiral_out_hltd_closed_loop_target_sensitivity_ontology05_l8_k16_surreal_control_a08_s04,ontology_collapse,8,16,ontology_surreal_control,negative_coexact,0.8,middle,1.0,0.4107142857142857,0.27212509181825323,1.0,0.5,-1.4507998457573308,-0.3987391394856572,-0.188098662010006,0.18463909114791885,0.04843133468276625,1,1,1,1,1,1,1
spiral_out_hltd_closed_loop_target_sensitivity_ontology05_l8_k16_surreal_control_a08_s04,ontology_collapse,8,16,ontology_surreal_control,random_tangent,0.8,all,1.0,0.44107142857142856,0.28422160154022497,1.0,0.2,-1.6003892453289204,0.028361825138843316,0.05503624957545676,0.04041159122559508,0.04697123787205104,1,1,1,1,1,1,1
spiral_out_hltd_closed_loop_target_sensitivity_ontology05_l8_k16_surreal_control_a08_s04,ontology_collapse,8,16,ontology_surreal_control,random_tangent,0.8,early,0.0,,,,,,,,,,1,0,0,0,0,0,0
spiral_out_hltd_closed_loop_target_sensitivity_ontology05_l8_k16_surreal_control_a08_s04,ontology_collapse,8,16,ontology_surreal_control,random_tangent,0.8,late,0.05,0.7857142857142857,0.4754191639804577,1.0,1.0,-3.226505631488635,0.0106729467932327,0.7815408195409077,-0.326471424878469,0.1081759133955411,1,1,1,1,1,1,1
spiral_out_hltd_closed_loop_target_sensitivity_ontology05_l8_k16_surreal_control_a08_s04,ontology_collapse,8,16,ontology_surreal_control,random_tangent,0.8,middle,0.95,0.42142857142857143,0.27189631902254086,1.0,0.2,-1.5417566937780645,0.012763309280083669,0.014085035711106326,0.07122189141962068,0.045478371025526265,1,1,1,1,1,1,1
