source_id,family,layer,k,target_set,component,alpha,random_matched,both_active,gap_position_frac,gap_nearest_distance,gap_next_token_base_logprob,gap_baseline_token_mismatch,gap_target_margin_delta,gap_next_token_logprob_gain,gap_entropy_delta,gap_kl_base_to_steered,gap_early_occupancy,gap_middle_occupancy,gap_late_occupancy,n_prompts,n_prompts_gap_position_frac,n_prompts_gap_nearest_distance,n_prompts_gap_next_token_base_logprob,n_prompts_gap_baseline_token_mismatch,n_prompts_gap_target_margin_delta,n_prompts_gap_next_token_logprob_gain,n_prompts_gap_entropy_delta,n_prompts_gap_kl_base_to_steered,n_prompts_gap_early_occupancy,n_prompts_gap_middle_occupancy,n_prompts_gap_late_occupancy
spiral_out_hltd_branch_band_runs/07__identity_stress__coexact__l4_5_7__k16__a0p8__s0_4,identity_stress,4,16,identity_stress,coexact,0.8,1.0,1.0,-0.0027649769585253448,0.0024377468339959888,0.05053436553777828,-0.05,0.03304291497070076,0.046097390182099574,-0.026975551926143464,-0.0018945906555419012,-0.05,0.06999999999999999,-0.02,5,5,5,5,5,5,5,5,5,5,5,5
spiral_out_hltd_branch_band_runs/07__identity_stress__coexact__l4_5_7__k16__a0p8__s0_4,identity_stress,5,16,identity_stress,coexact,0.8,1.0,1.0,-0.009285714285714284,-0.001113152142129034,-0.009666267879528906,0.07999999999999999,0.03258765692783153,-0.010846283951238942,0.03277672232306479,0.002484381062834911,0.0,0.02,-0.02,5,5,5,5,5,5,5,5,5,5,5,5
spiral_out_hltd_branch_band_runs/07__identity_stress__coexact__l4_5_7__k16__a0p8__s0_4,identity_stress,7,16,identity_stress,coexact,0.8,1.0,1.0,-0.0179574410409325,0.0029828202304533137,0.017343781749281955,0.019999999999999993,0.00905214398231792,-0.008600929433497141,-0.087773579064955,-0.002073187061311102,0.019999999999999997,0.010000000000000004,-0.030000000000000006,5,5,5,5,5,5,5,5,5,5,5,5
spiral_out_hltd_closed_loop_affordance5_prompt_robust_l7_k16_a08,affordance_stress,7,16,affordance_stress,coexact,0.8,1.0,1.0,0.04606854838709677,0.003511426199823464,-0.1462176081433661,0.05,0.019326370083783424,0.002378852187998068,0.035845163718882155,-0.013053157246662488,-0.1,0.0,0.1,5,5,5,5,5,5,5,5,5,5,5,5
spiral_out_hltd_closed_loop_affordance5_prompt_robust_l7_k16_a08,affordance_stress,7,16,affordance_stress,coexact_minus_presence,0.8,1.0,1.0,0.024193548387096774,0.0021816058704989343,-0.06902951250406134,-0.05,0.048576749839073494,0.015625361170351078,0.09452707107898553,-0.009162558982764524,-0.05,0.0,0.05,5,5,5,5,5,5,5,5,5,5,5,5
spiral_out_hltd_closed_loop_affordance5_prompt_robust_l7_k16_a08,affordance_stress,7,16,affordance_stress,presence,0.8,1.0,1.0,0.021875,0.0013298203293245297,-0.07406309563930477,0.1,-0.0670636304153612,-0.04447868343434074,-0.033569892304882755,-0.010352243562400307,-0.05,0.0,0.05,5,5,5,5,5,5,5,5,5,5,5,5
spiral_out_hltd_closed_loop_affordance5_prompt_robust_l7_k16_a08,affordance_stress,7,16,affordance_stress,presence_plus_coexact,0.8,1.0,1.0,0.04606854838709677,0.003511426199823464,-0.2649676081433661,0.1,-0.13568529736980584,0.10336672043723602,0.0009915387119997288,-0.006903279053700447,-0.1,0.0,0.1,5,5,5,5,5,5,5,5,5,5,5,5
spiral_out_hltd_closed_loop_alpha_k_grid_l7,ontology_collapse,7,12,ontology_collapse,coexact,0.7,1.0,1.0,0.15517241379310345,0.022986415899765092,-0.18797558566119577,0.5,0.10789181020052745,-0.010203754279457255,0.09427195269352517,0.009238976848475362,-0.25,0.0,0.25,2,2,2,2,2,2,2,2,2,2,2,2
spiral_out_hltd_closed_loop_alpha_k_grid_l7,ontology_collapse,7,12,ontology_collapse,coexact,0.8,1.0,1.0,0.15517241379310345,0.022986415899765092,-0.18797558566119577,0.5,0.1609651904950938,-0.026023708950138467,0.13621821556360308,0.01397927679726764,-0.25,0.0,0.25,2,2,2,2,2,2,2,2,2,2,2,2
spiral_out_hltd_closed_loop_alpha_k_grid_l7,ontology_collapse,7,12,ontology_collapse,coexact,0.9,1.0,1.0,0.15517241379310345,0.022986415899765092,-0.18797558566119577,0.5,0.23834802735531826,-0.03925600900620907,0.1856616700292617,0.021904285947190523,-0.25,0.0,0.25,2,2,2,2,2,2,2,2,2,2,2,2
spiral_out_hltd_closed_loop_alpha_k_grid_l7,ontology_collapse,7,12,ontology_collapse,coexact_minus_presence,0.7,1.0,1.0,0.15517241379310345,0.022986415899765092,-0.18797558566119577,0.5,0.20899271112959028,-0.01801407093637806,0.15172213399962786,0.012547476946370314,-0.25,0.0,0.25,2,2,2,2,2,2,2,2,2,2,2,2
spiral_out_hltd_closed_loop_alpha_k_grid_l7,ontology_collapse,7,12,ontology_collapse,coexact_minus_presence,0.8,1.0,1.0,0.15517241379310345,0.022986415899765092,-0.18797558566119577,0.5,0.3055671516751086,-0.04380526801949176,0.19773792336403292,0.01692919835606454,-0.25,0.0,0.25,2,2,2,2,2,2,2,2,2,2,2,2
spiral_out_hltd_closed_loop_alpha_k_grid_l7,ontology_collapse,7,12,ontology_collapse,coexact_minus_presence,0.9,1.0,1.0,0.15517241379310345,0.022986415899765092,-0.18797558566119577,0.5,0.4069363422783268,-0.07209169945297943,0.2755018227240559,0.025692770025027727,-0.25,0.0,0.25,2,2,2,2,2,2,2,2,2,2,2,2
spiral_out_hltd_closed_loop_alpha_k_grid_l7,ontology_collapse,7,12,ontology_collapse,presence,0.7,1.0,1.0,0.0,0.014651472307947298,-0.18566246651799828,0.25,-0.1967255876263952,0.07320104041487507,0.012309954268590183,0.008099315829884213,0.0,0.0,0.0,2,2,2,2,2,2,2,2,2,2,2,2
spiral_out_hltd_closed_loop_alpha_k_grid_l7,ontology_collapse,7,12,ontology_collapse,presence,0.8,1.0,1.0,0.0,0.014651472307947298,-0.18566246651799828,0.25,-0.2587149515517892,0.059282099590024756,0.03097747431820016,0.011658384891881087,0.0,0.0,0.0,2,2,2,2,2,2,2,2,2,2,2,2
spiral_out_hltd_closed_loop_alpha_k_grid_l7,ontology_collapse,7,12,ontology_collapse,presence,0.9,1.0,1.0,0.0,0.014651472307947298,-0.18566246651799828,0.25,-0.26773240077591975,0.06432879258669114,0.04362214465262117,0.0172253265263407,0.0,0.0,0.0,2,2,2,2,2,2,2,2,2,2,2,2
spiral_out_hltd_closed_loop_alpha_k_grid_l7,ontology_collapse,7,16,ontology_collapse,coexact,0.7,1.0,1.0,0.15517241379310345,0.022986415899765092,-0.18797558566119577,0.5,0.08395057857782474,-0.048416615885889816,0.08158212816284124,0.01458761247502485,-0.25,0.0,0.25,2,2,2,2,2,2,2,2,2,2,2,2
spiral_out_hltd_closed_loop_alpha_k_grid_l7,ontology_collapse,7,16,ontology_collapse,coexact,0.8,1.0,1.0,0.15517241379310345,0.022986415899765092,-0.18797558566119577,0.5,0.11505175105595476,-0.059649835030653776,0.12377400489619739,0.020953263259737967,-0.25,0.0,0.25,2,2,2,2,2,2,2,2,2,2,2,2
spiral_out_hltd_closed_loop_alpha_k_grid_l7,ontology_collapse,7,16,ontology_collapse,coexact,0.9,1.0,1.0,0.15517241379310345,0.022986415899765092,-0.18797558566119577,0.5,0.18080641451564827,-0.10415455412949991,0.18156829385059742,0.03176905946169699,-0.25,0.0,0.25,2,2,2,2,2,2,2,2,2,2,2,2
spiral_out_hltd_closed_loop_alpha_k_grid_l7,ontology_collapse,7,16,ontology_collapse,coexact_minus_presence,0.7,1.0,1.0,0.14624384236453203,0.02199095469347219,-0.20650939998751028,0.75,0.29049266308601934,-0.023870151365768824,0.06893901536500144,0.021851904738640238,-0.25,0.0,0.25,2,2,2,2,2,2,2,2,2,2,2,2
spiral_out_hltd_closed_loop_alpha_k_grid_l7,ontology_collapse,7,16,ontology_collapse,coexact_minus_presence,0.8,1.0,1.0,0.18642241379310345,0.028532832252436545,-0.7093056562217424,1.0,0.3189846439530418,0.055750441907044056,0.0951840450466184,0.05574408962639962,-0.25,-0.125,0.375,2,2,2,2,2,2,2,2,2,2,2,2
spiral_out_hltd_closed_loop_alpha_k_grid_l7,ontology_collapse,7,16,ontology_collapse,coexact_minus_presence,0.9,1.0,1.0,0.18642241379310345,0.028532832252436545,-0.7093056562217424,1.0,0.4020143189217624,0.04503439242969874,0.14987218322317408,0.07556996923780623,-0.25,-0.125,0.375,2,2,2,2,2,2,2,2,2,2,2,2
spiral_out_hltd_closed_loop_alpha_k_grid_l7,ontology_collapse,7,16,ontology_collapse,presence,0.7,1.0,1.0,0.0,0.0,0.0,0.0,-0.31230615880485835,0.08380117040902581,-0.051432607235221084,0.029332617192996166,0.0,0.0,0.0,2,2,2,2,2,2,2,2,2,2,2,2
spiral_out_hltd_closed_loop_alpha_k_grid_l7,ontology_collapse,7,16,ontology_collapse,presence,0.8,1.0,1.0,0.0,0.0,0.0,0.0,-0.34071580929876544,0.07378081699411165,-0.04220749986990381,0.03593919822812582,0.0,0.0,0.0,2,2,2,2,2,2,2,2,2,2,2,2
spiral_out_hltd_closed_loop_alpha_k_grid_l7,ontology_collapse,7,16,ontology_collapse,presence,0.9,1.0,1.0,0.0,0.0,0.0,0.0,-0.3488751668961203,0.06461655501672856,-0.02843361595107473,0.041282461662103476,0.0,0.0,0.0,2,2,2,2,2,2,2,2,2,2,2,2
spiral_out_hltd_closed_loop_alpha_k_grid_l7,ontology_collapse,7,24,ontology_collapse,coexact,0.7,1.0,1.0,0.14624384236453203,0.02199095469347219,-0.20650939998751028,0.75,0.23472744718475036,0.026823189828598465,0.04254556923590755,0.026566535117996164,-0.25,0.0,0.25,2,2,2,2,2,2,2,2,2,2,2,2
spiral_out_hltd_closed_loop_alpha_k_grid_l7,ontology_collapse,7,24,ontology_collapse,coexact,0.8,1.0,1.0,0.14624384236453203,0.02199095469347219,-0.20650939998751028,0.75,0.2904488981564336,0.009167356752362509,0.08382887202974362,0.03610187951330983,-0.25,0.0,0.25,2,2,2,2,2,2,2,2,2,2,2,2
spiral_out_hltd_closed_loop_alpha_k_grid_l7,ontology_collapse,7,24,ontology_collapse,coexact,0.9,1.0,1.0,0.14624384236453203,0.02199095469347219,-0.20650939998751028,0.75,0.37135258925812287,-0.016902678633345918,0.130015747764276,0.050580528542324754,-0.25,0.0,0.25,2,2,2,2,2,2,2,2,2,2,2,2
spiral_out_hltd_closed_loop_alpha_k_grid_l7,ontology_collapse,7,24,ontology_collapse,coexact_minus_presence,0.7,1.0,1.0,0.14624384236453203,0.02199095469347219,-0.20650939998751028,0.75,0.3528011234379367,-0.027130592042727796,0.14314640677682647,0.03399836415432708,-0.25,0.0,0.25,2,2,2,2,2,2,2,2,2,2,2,2
spiral_out_hltd_closed_loop_alpha_k_grid_l7,ontology_collapse,7,24,ontology_collapse,coexact_minus_presence,0.8,1.0,1.0,0.18642241379310345,0.028532832252436545,-0.6624306562217424,1.0,0.3345397586185418,-0.007788220797715774,0.18461656802586923,0.07339639695799408,-0.25,-0.125,0.375,2,2,2,2,2,2,2,2,2,2,2,2
spiral_out_hltd_closed_loop_alpha_k_grid_l7,ontology_collapse,7,24,ontology_collapse,coexact_minus_presence,0.9,1.0,1.0,0.18642241379310345,0.028532832252436545,-0.6624306562217424,1.0,0.3992794548377979,-0.05704749606359272,0.2615980113579636,0.09786178238295903,-0.25,-0.125,0.375,2,2,2,2,2,2,2,2,2,2,2,2
spiral_out_hltd_closed_loop_alpha_k_grid_l7,ontology_collapse,7,24,ontology_collapse,presence,0.7,1.0,1.0,0.0,0.0,0.0,0.0,-0.3097109005880045,0.11451661347499709,-0.08072092701386964,0.029942484170639237,0.0,0.0,0.0,2,2,2,2,2,2,2,2,2,2,2,2
spiral_out_hltd_closed_loop_alpha_k_grid_l7,ontology_collapse,7,24,ontology_collapse,presence,0.8,1.0,1.0,0.0,0.0,0.0,0.0,-0.33448264921209364,0.11240080402719865,-0.08200209865330077,0.03709697443167769,0.0,0.0,0.0,2,2,2,2,2,2,2,2,2,2,2,2
spiral_out_hltd_closed_loop_alpha_k_grid_l7,ontology_collapse,7,24,ontology_collapse,presence,0.9,1.0,1.0,0.0,0.0,0.0,0.0,-0.3387817489837852,0.1060340670123585,-0.08299996260018792,0.04316443425556869,0.0,0.0,0.0,2,2,2,2,2,2,2,2,2,2,2,2
spiral_out_hltd_closed_loop_branch_panel_l7_k16_a08,ontology_collapse,7,16,ontology_collapse,coexact,0.8,1.0,1.0,0.10344827586206896,0.015324277266510061,-0.12531705710746385,0.3333333333333333,-0.09388718832191716,0.013080793201259799,0.0790510313908241,0.008132656807738494,-0.16666666666666666,0.0,0.16666666666666666,3,3,3,3,3,3,3,3,3,3,3,3
spiral_out_hltd_closed_loop_branch_panel_l7_k16_a08,ontology_collapse,7,16,ontology_collapse,coexact_minus_presence,0.8,1.0,1.0,0.1242816091954023,0.01902188816829103,-0.4728704374811616,0.6666666666666666,0.06202924399776163,0.09227027632444046,0.0511481759859719,0.030300609568458415,-0.16666666666666666,-0.08333333333333333,0.25,3,3,3,3,3,3,3,3,3,3,3,3
spiral_out_hltd_closed_loop_branch_panel_l7_k16_a08,ontology_collapse,7,16,ontology_collapse,presence,0.8,1.0,1.0,0.0,0.0,0.0,0.0,-0.33580384880070663,0.09497534686730862,-0.07139373631042352,0.017554666781188114,0.0,0.0,0.0,3,3,3,3,3,3,3,3,3,3,3,3
spiral_out_hltd_closed_loop_branch_panel_l7_k16_a08,ontology_collapse,7,16,ontology_collapse,presence_plus_coexact,0.8,1.0,1.0,0.0,0.0,0.0,0.0,-0.3267580621262319,0.04639229124528748,0.025779790248094948,0.003568518671789626,0.0,0.0,0.0,3,3,3,3,3,3,3,3,3,3,3,3
spiral_out_hltd_closed_loop_branch_panel_l7_k16_a08_steps8,ontology_collapse,7,16,ontology_collapse,coexact,0.8,1.0,1.0,0.1192528735632184,-0.012146480540295365,-0.28479199855287085,0.2916666666666667,0.0030854173384736636,-0.011124572181237774,0.047349447400908184,-0.01305202272749059,-0.20833333333333334,0.0,0.20833333333333334,3,3,3,3,3,3,3,3,3,3,3,3
spiral_out_hltd_closed_loop_branch_panel_l7_k16_a08_steps8,ontology_collapse,7,16,ontology_collapse,coexact_minus_presence,0.8,1.0,1.0,0.1210422294613062,-0.019267775821472096,-0.06292932682869867,0.5833333333333334,0.10506233359299666,0.061099053329121376,0.057569997910546296,0.007268254005919256,-0.16666666666666666,-0.08333333333333333,0.25,3,3,3,3,3,3,3,3,3,3,3,3
spiral_out_hltd_closed_loop_branch_panel_l7_k16_a08_steps8,ontology_collapse,7,16,ontology_collapse,presence,0.8,1.0,1.0,0.028735632183908042,0.00545025822642983,0.022858937023376213,0.08333333333333333,-0.27851164388976973,0.08204083699547911,-0.0504826018203128,-0.00026270601189562134,-0.041666666666666664,0.0,0.041666666666666664,3,3,3,3,3,3,3,3,3,3,3,3
spiral_out_hltd_closed_loop_branch_panel_l7_k16_a08_steps8,ontology_collapse,7,16,ontology_collapse,presence_plus_coexact,0.8,1.0,1.0,0.002873563218390801,0.004793869317540928,-0.025686213945884117,0.08333333333333333,-0.08726414568362824,0.0447502880091322,-0.027686228993677453,-0.02344254916146649,0.0,-0.041666666666666664,0.041666666666666664,3,3,3,3,3,3,3,3,3,3,3,3
spiral_out_hltd_closed_loop_identity02_branch_surface_l4_5_7_k12_16_24_a04_08_12_s0_19,identity_stress,4,12,identity_stress,coexact,0.4,1.0,1.0,-0.06169354838709677,0.013571232819795678,0.017684228805534375,-0.2375,0.09672682769284544,-0.017860018741907117,0.027931813469467277,0.00020084924829595567,0.1125,0.0,-0.1125,1,1,1,1,1,1,1,1,1,1,1,1
spiral_out_hltd_closed_loop_identity02_branch_surface_l4_5_7_k12_16_24_a04_08_12_s0_19,identity_stress,4,12,identity_stress,coexact,0.8,1.0,1.0,-0.06854838709677419,0.015079147577550755,-0.02737242602878993,-0.0375,0.1860432933970153,0.06098292638382256,-0.011795353619531932,-0.0009946283696517023,0.125,0.0,-0.125,1,1,1,1,1,1,1,1,1,1,1,1
spiral_out_hltd_closed_loop_identity02_branch_surface_l4_5_7_k12_16_24_a04_08_12_s0_19,identity_stress,4,12,identity_stress,coexact,1.2,1.0,1.0,-0.09475806451612903,0.022900474558289426,0.5742403579382142,-0.1375,0.1704094136697425,-0.37073264794980876,-0.14763116446441732,-0.18375763670867995,0.175,0.0,-0.175,1,1,1,1,1,1,1,1,1,1,1,1
spiral_out_hltd_closed_loop_identity02_branch_surface_l4_5_7_k12_16_24_a04_08_12_s0_19,identity_stress,4,12,identity_stress,coexact_minus_presence,0.4,1.0,1.0,-0.06169354838709677,0.013571232819795678,0.017684228805534375,-0.2375,0.05167587539445575,-0.008022852881865777,0.017596362312140755,0.0003930819521770363,0.1125,0.0,-0.1125,1,1,1,1,1,1,1,1,1,1,1,1
spiral_out_hltd_closed_loop_identity02_branch_surface_l4_5_7_k12_16_24_a04_08_12_s0_19,identity_stress,4,12,identity_stress,coexact_minus_presence,0.8,1.0,1.0,-0.06854838709677419,0.015079147577550755,-0.02737242602878993,-0.0375,0.10039640463580746,0.06584069472017649,-0.04605112632949781,-0.0019969793864149173,0.125,0.0,-0.125,1,1,1,1,1,1,1,1,1,1,1,1
spiral_out_hltd_closed_loop_identity02_branch_surface_l4_5_7_k12_16_24_a04_08_12_s0_19,identity_stress,4,12,identity_stress,coexact_minus_presence,1.2,1.0,1.0,-0.09475806451612903,0.022900474558289426,0.5742403579382142,-0.1375,0.2094777156029453,-0.4277832401248364,-0.09360293333109461,-0.1623083574479816,0.175,0.0,-0.175,1,1,1,1,1,1,1,1,1,1,1,1
spiral_out_hltd_closed_loop_identity02_branch_surface_l4_5_7_k12_16_24_a04_08_12_s0_19,identity_stress,4,12,identity_stress,negative_coexact,0.4,1.0,1.0,0.0754032258064516,-0.01658706233530583,-0.015844539742354512,0.2625,-0.030606578122191745,-0.003987172317729196,-0.01568910908678562,-0.0005310746088750976,-0.1375,0.0,0.1375,1,1,1,1,1,1,1,1,1,1,1,1
spiral_out_hltd_closed_loop_identity02_branch_surface_l4_5_7_k12_16_24_a04_08_12_s0_19,identity_stress,4,12,identity_stress,negative_coexact,0.8,1.0,1.0,0.06854838709677419,-0.015079147577550755,-0.008975535396991318,0.2125,-0.12253480492824238,-0.020636526899795973,-0.04085559010798688,-0.0036190314330423815,-0.125,0.0,0.125,1,1,1,1,1,1,1,1,1,1,1,1
spiral_out_hltd_closed_loop_identity02_branch_surface_l4_5_7_k12_16_24_a04_08_12_s0_19,identity_stress,4,12,identity_stress,negative_coexact,1.2,1.0,1.0,0.04233870967741935,-0.007257820596812082,0.5926372485700128,0.1125,-0.3853532193512337,-0.5366711203572523,-0.126031493953058,-0.18541364396250856,-0.075,0.0,0.075,1,1,1,1,1,1,1,1,1,1,1,1
spiral_out_hltd_closed_loop_identity02_branch_surface_l4_5_7_k12_16_24_a04_08_12_s0_19,identity_stress,4,12,identity_stress,presence,0.4,1.0,1.0,0.0754032258064516,-0.01658706233530583,-0.015844539742354512,0.2625,0.11012897210318148,0.02740113809194184,-0.03163861147694315,-0.0008543142241402053,-0.1375,0.0,0.1375,1,1,1,1,1,1,1,1,1,1,1,1
spiral_out_hltd_closed_loop_identity02_branch_surface_l4_5_7_k12_16_24_a04_08_12_s0_19,identity_stress,4,12,identity_stress,presence,0.8,1.0,1.0,0.06854838709677419,-0.015079147577550755,-0.008975535396991318,0.2125,0.20943450706545796,0.05781905763213794,-0.10172739548115906,-0.007043103285053719,-0.125,0.0,0.125,1,1,1,1,1,1,1,1,1,1,1,1
spiral_out_hltd_closed_loop_identity02_branch_surface_l4_5_7_k12_16_24_a04_08_12_s0_19,identity_stress,4,12,identity_stress,presence,1.2,1.0,1.0,0.04233870967741935,-0.007257820596812082,0.5926372485700128,0.1125,0.1662973731489328,-0.38079973765335584,-0.2581080630282878,-0.20004917277316075,-0.075,0.0,0.075,1,1,1,1,1,1,1,1,1,1,1,1
spiral_out_hltd_closed_loop_identity02_branch_surface_l4_5_7_k12_16_24_a04_08_12_s0_19,identity_stress,4,12,identity_stress,presence_plus_coexact,0.4,1.0,1.0,-0.06169354838709677,0.013571232819795678,0.017684228805534375,-0.2375,0.11061484726757272,-0.026122859230917273,0.02275922138139533,-0.0012466603311753048,0.1125,0.0,-0.1125,1,1,1,1,1,1,1,1,1,1,1,1
spiral_out_hltd_closed_loop_identity02_branch_surface_l4_5_7_k12_16_24_a04_08_12_s0_19,identity_stress,4,12,identity_stress,presence_plus_coexact,0.8,1.0,1.0,-0.06854838709677419,0.015079147577550755,0.02455323315089757,-0.2875,0.19856882070095241,-0.03863813102835638,0.004734572134843658,-0.007147087413916081,0.125,0.0,-0.125,1,1,1,1,1,1,1,1,1,1,1,1
spiral_out_hltd_closed_loop_identity02_branch_surface_l4_5_7_k12_16_24_a04_08_12_s0_19,identity_stress,4,12,identity_stress,presence_plus_coexact,1.2,1.0,1.0,-0.09475806451612903,0.022900474558289426,0.5742403579382142,-0.1375,0.16064629495455643,-0.4363301255875074,-0.12187667613739554,-0.1972393176778593,0.175,0.0,-0.175,1,1,1,1,1,1,1,1,1,1,1,1
spiral_out_hltd_closed_loop_identity02_branch_surface_l4_5_7_k12_16_24_a04_08_12_s0_19,identity_stress,4,16,identity_stress,coexact,0.4,1.0,1.0,0.0754032258064516,-0.01658706233530583,-0.015844539742354512,0.2625,0.0996174110421026,-0.018566488000854496,0.02725054021540275,-0.0006193137494043203,-0.1375,0.0,0.1375,1,1,1,1,1,1,1,1,1,1,1,1
spiral_out_hltd_closed_loop_identity02_branch_surface_l4_5_7_k12_16_24_a04_08_12_s0_19,identity_stress,4,16,identity_stress,coexact,0.8,1.0,1.0,0.06854838709677419,-0.015079147577550755,-0.008975535396991318,0.2125,0.15760971000573548,-0.0552462148462989,0.030758264208315483,-0.004731639563109545,-0.125,0.0,0.125,1,1,1,1,1,1,1,1,1,1,1,1
spiral_out_hltd_closed_loop_identity02_branch_surface_l4_5_7_k12_16_24_a04_08_12_s0_19,identity_stress,4,16,identity_stress,coexact,1.2,1.0,1.0,0.04233870967741935,-0.007257820596812082,0.5926372485700128,0.1125,0.10460162357151195,-0.577307242616329,-0.055198557538261396,-0.18724993594604064,-0.075,0.0,0.075,1,1,1,1,1,1,1,1,1,1,1,1
spiral_out_hltd_closed_loop_identity02_branch_surface_l4_5_7_k12_16_24_a04_08_12_s0_19,identity_stress,4,16,identity_stress,coexact_minus_presence,0.4,1.0,1.0,-0.06169354838709677,0.013571232819795678,0.017684228805534375,-0.2375,-0.039252476903315105,0.015029960155987985,-0.03166135254979154,0.0003305795031737758,0.1125,0.0,-0.1125,1,1,1,1,1,1,1,1,1,1,1,1
spiral_out_hltd_closed_loop_identity02_branch_surface_l4_5_7_k12_16_24_a04_08_12_s0_19,identity_stress,4,16,identity_stress,coexact_minus_presence,0.8,1.0,1.0,-0.06854838709677419,0.015079147577550755,-0.02737242602878993,-0.0375,-0.027191277752705873,0.11422770985924338,-0.12771416807115527,0.008701626782550768,0.125,0.0,-0.125,1,1,1,1,1,1,1,1,1,1,1,1
spiral_out_hltd_closed_loop_identity02_branch_surface_l4_5_7_k12_16_24_a04_08_12_s0_19,identity_stress,4,16,identity_stress,coexact_minus_presence,1.2,1.0,1.0,-0.09475806451612903,0.022900474558289426,0.5742403579382142,-0.1375,0.7198323955393833,-0.420271651621559,0.14606200832050148,-0.07510211822338302,0.175,0.0,-0.175,1,1,1,1,1,1,1,1,1,1,1,1
spiral_out_hltd_closed_loop_identity02_branch_surface_l4_5_7_k12_16_24_a04_08_12_s0_19,identity_stress,4,16,identity_stress,negative_coexact,0.4,1.0,1.0,-0.06169354838709677,0.013571232819795678,0.017684228805534375,-0.2375,-0.09128290673355292,0.03279318648994971,-0.08138097700921146,-0.0004082425992150382,0.1125,0.0,-0.1125,1,1,1,1,1,1,1,1,1,1,1,1
spiral_out_hltd_closed_loop_identity02_branch_surface_l4_5_7_k12_16_24_a04_08_12_s0_19,identity_stress,4,16,identity_stress,negative_coexact,0.8,1.0,1.0,-0.06854838709677419,0.015079147577550755,0.02455323315089757,-0.2875,-0.18515913916518512,0.06671276117371541,-0.19738104460194478,-0.004700020416682231,0.125,0.0,-0.125,1,1,1,1,1,1,1,1,1,1,1,1
spiral_out_hltd_closed_loop_identity02_branch_surface_l4_5_7_k12_16_24_a04_08_12_s0_19,identity_stress,4,16,identity_stress,negative_coexact,1.2,1.0,1.0,-0.09475806451612903,0.022900474558289426,0.6261660171179017,-0.3875,-0.4034684061126092,-0.364021088824118,-0.34119766067508783,-0.18565423166362482,0.175,0.0,-0.175,1,1,1,1,1,1,1,1,1,1,1,1
spiral_out_hltd_closed_loop_identity02_branch_surface_l4_5_7_k12_16_24_a04_08_12_s0_19,identity_stress,4,16,identity_stress,presence,0.4,1.0,1.0,0.0754032258064516,-0.01658706233530583,-0.015844539742354512,0.2625,0.152960637080485,0.0021501517428419064,0.015270611835703652,0.00031464561197051393,-0.1375,0.0,0.1375,1,1,1,1,1,1,1,1,1,1,1,1
spiral_out_hltd_closed_loop_identity02_branch_surface_l4_5_7_k12_16_24_a04_08_12_s0_19,identity_stress,4,16,identity_stress,presence,0.8,1.0,1.0,0.06854838709677419,-0.015079147577550755,-0.008975535396991318,0.2125,0.29056472428869506,0.016589906245389942,-0.006742353549863592,-0.0007738292071104572,-0.125,0.0,0.125,1,1,1,1,1,1,1,1,1,1,1,1
spiral_out_hltd_closed_loop_identity02_branch_surface_l4_5_7_k12_16_24_a04_08_12_s0_19,identity_stress,4,16,identity_stress,presence,1.2,1.0,1.0,0.04233870967741935,-0.007257820596812082,0.5926372485700128,0.1125,0.3370096094191744,-0.42759282080942373,-0.1466663695103399,-0.18384910594388484,-0.075,0.0,0.075,1,1,1,1,1,1,1,1,1,1,1,1
spiral_out_hltd_closed_loop_identity02_branch_surface_l4_5_7_k12_16_24_a04_08_12_s0_19,identity_stress,4,16,identity_stress,presence_plus_coexact,0.4,1.0,1.0,0.0754032258064516,-0.01658706233530583,-0.015844539742354512,0.2625,0.15636489127136707,-0.010628077296517083,0.031736491996800925,-0.00012138365669890829,-0.1375,0.0,0.1375,1,1,1,1,1,1,1,1,1,1,1,1
spiral_out_hltd_closed_loop_identity02_branch_surface_l4_5_7_k12_16_24_a04_08_12_s0_19,identity_stress,4,16,identity_stress,presence_plus_coexact,0.8,1.0,1.0,0.06854838709677419,-0.015079147577550755,-0.008975535396991318,0.2125,0.2759066109010275,-0.021364994171736745,0.03367100919923167,-0.00312957692411482,-0.125,0.0,0.125,1,1,1,1,1,1,1,1,1,1,1,1
spiral_out_hltd_closed_loop_identity02_branch_surface_l4_5_7_k12_16_24_a04_08_12_s0_19,identity_stress,4,16,identity_stress,presence_plus_coexact,1.2,1.0,1.0,0.04233870967741935,-0.007257820596812082,0.5926372485700128,0.1125,0.2882402014772539,-0.5023469016111131,-0.07497202486672355,-0.18817119216905362,-0.075,0.0,0.075,1,1,1,1,1,1,1,1,1,1,1,1
spiral_out_hltd_closed_loop_identity02_branch_surface_l4_5_7_k12_16_24_a04_08_12_s0_19,identity_stress,4,24,identity_stress,coexact,0.4,1.0,1.0,0.0754032258064516,-0.01658706233530583,-0.015844539742354512,0.2625,0.07464229694936872,-0.020664916590605004,0.05679777891793573,0.0002055092698579085,-0.1375,0.0,0.1375,1,1,1,1,1,1,1,1,1,1,1,1
spiral_out_hltd_closed_loop_identity02_branch_surface_l4_5_7_k12_16_24_a04_08_12_s0_19,identity_stress,4,24,identity_stress,coexact,0.8,1.0,1.0,0.06854838709677419,-0.015079147577550755,-0.008975535396991318,0.2125,0.12566888998660547,-0.058029025252686106,0.10965027183306879,0.0008645529892615933,-0.125,0.0,0.125,1,1,1,1,1,1,1,1,1,1,1,1
spiral_out_hltd_closed_loop_identity02_branch_surface_l4_5_7_k12_16_24_a04_08_12_s0_19,identity_stress,4,24,identity_stress,coexact,1.2,1.0,1.0,0.04233870967741935,-0.007257820596812082,0.5926372485700128,0.1125,0.05130904825100237,-0.5829619422889545,0.1084517565315269,-0.16658844455022062,-0.075,0.0,0.075,1,1,1,1,1,1,1,1,1,1,1,1
spiral_out_hltd_closed_loop_identity02_branch_surface_l4_5_7_k12_16_24_a04_08_12_s0_19,identity_stress,4,24,identity_stress,coexact_minus_presence,0.4,1.0,1.0,0.0754032258064516,-0.01658706233530583,-0.015844539742354512,0.2625,0.025196512284508626,0.02217792805860623,-0.0080946932750706,0.0012324762458169245,-0.1375,0.0,0.1375,1,1,1,1,1,1,1,1,1,1,1,1
spiral_out_hltd_closed_loop_identity02_branch_surface_l4_5_7_k12_16_24_a04_08_12_s0_19,identity_stress,4,24,identity_stress,coexact_minus_presence,0.8,1.0,1.0,-0.06854838709677419,0.015079147577550755,0.02455323315089757,-0.2875,-0.0793804814605287,-0.029258739832073048,0.07181489192316123,0.009998452153795445,0.125,0.0,-0.125,1,1,1,1,1,1,1,1,1,1,1,1
spiral_out_hltd_closed_loop_identity02_branch_surface_l4_5_7_k12_16_24_a04_08_12_s0_19,identity_stress,4,24,identity_stress,coexact_minus_presence,1.2,1.0,1.0,-0.09475806451612903,0.022900474558289426,0.5742403579382142,-0.1375,-0.23447924701247858,-0.5352681151467928,0.13051651286296467,-0.1387905444463205,0.175,0.0,-0.175,1,1,1,1,1,1,1,1,1,1,1,1
spiral_out_hltd_closed_loop_identity02_branch_surface_l4_5_7_k12_16_24_a04_08_12_s0_19,identity_stress,4,24,identity_stress,negative_coexact,0.4,1.0,1.0,-0.06169354838709677,0.013571232819795678,0.017684228805534375,-0.2375,-0.07119912034566608,0.012060206697284307,-0.058373248580749326,-0.0006410740462765553,0.1125,0.0,-0.1125,1,1,1,1,1,1,1,1,1,1,1,1
spiral_out_hltd_closed_loop_identity02_branch_surface_l4_5_7_k12_16_24_a04_08_12_s0_19,identity_stress,4,24,identity_stress,negative_coexact,0.8,1.0,1.0,-0.06854838709677419,0.015079147577550755,-0.02737242602878993,-0.0375,-0.12555312101174013,0.06298898762680985,-0.13686634977924733,-0.004654144296489542,0.125,0.0,-0.125,1,1,1,1,1,1,1,1,1,1,1,1
spiral_out_hltd_closed_loop_identity02_branch_surface_l4_5_7_k12_16_24_a04_08_12_s0_19,identity_stress,4,24,identity_stress,negative_coexact,1.2,1.0,1.0,-0.09475806451612903,0.022900474558289426,0.5742403579382142,-0.1375,-0.29240110409217007,-0.3214493749774592,-0.3055015318153421,-0.19087627636452695,0.175,0.0,-0.175,1,1,1,1,1,1,1,1,1,1,1,1
spiral_out_hltd_closed_loop_identity02_branch_surface_l4_5_7_k12_16_24_a04_08_12_s0_19,identity_stress,4,24,identity_stress,presence,0.4,1.0,1.0,0.0754032258064516,-0.01658706233530583,-0.015844539742354512,0.2625,0.0297422993964436,-0.050305771541002256,0.046771470549641224,-0.00018846440649802594,-0.1375,0.0,0.1375,1,1,1,1,1,1,1,1,1,1,1,1
spiral_out_hltd_closed_loop_identity02_branch_surface_l4_5_7_k12_16_24_a04_08_12_s0_19,identity_stress,4,24,identity_stress,presence,0.8,1.0,1.0,0.06854838709677419,-0.015079147577550755,-0.008975535396991318,0.2125,0.005841097088549461,-0.10260740851165868,0.06599298636314561,-0.002206061846157946,-0.125,0.0,0.125,1,1,1,1,1,1,1,1,1,1,1,1
spiral_out_hltd_closed_loop_identity02_branch_surface_l4_5_7_k12_16_24_a04_08_12_s0_19,identity_stress,4,24,identity_stress,presence,1.2,1.0,1.0,0.04233870967741935,-0.007257820596812082,0.5926372485700128,0.1125,-0.17503640781844296,-0.663484980668426,-0.005451293540223693,-0.17808352793387147,-0.075,0.0,0.075,1,1,1,1,1,1,1,1,1,1,1,1
spiral_out_hltd_closed_loop_identity02_branch_surface_l4_5_7_k12_16_24_a04_08_12_s0_19,identity_stress,4,24,identity_stress,presence_plus_coexact,0.4,1.0,1.0,0.0754032258064516,-0.01658706233530583,-0.015844539742354512,0.2625,0.08972670060298517,-0.04745239698697,0.06125020128969427,-0.00018271491797935846,-0.1375,0.0,0.1375,1,1,1,1,1,1,1,1,1,1,1,1
spiral_out_hltd_closed_loop_identity02_branch_surface_l4_5_7_k12_16_24_a04_08_12_s0_19,identity_stress,4,24,identity_stress,presence_plus_coexact,0.8,1.0,1.0,0.06854838709677419,-0.015079147577550755,-0.008975535396991318,0.2125,0.10993818443269014,-0.09594358067041106,0.07929720537580622,-0.0027237387380937184,-0.125,0.0,0.125,1,1,1,1,1,1,1,1,1,1,1,1
spiral_out_hltd_closed_loop_identity02_branch_surface_l4_5_7_k12_16_24_a04_08_12_s0_19,identity_stress,4,24,identity_stress,presence_plus_coexact,1.2,1.0,1.0,0.04233870967741935,-0.007257820596812082,0.5926372485700128,0.1125,-0.07610874136916698,-0.6476430507227499,0.004295229751261086,-0.1832499246110842,-0.075,0.0,0.075,1,1,1,1,1,1,1,1,1,1,1,1
spiral_out_hltd_closed_loop_identity02_branch_surface_l4_5_7_k12_16_24_a04_08_12_s0_19,identity_stress,5,12,identity_stress,coexact,0.4,1.0,1.0,0.026209677419354843,-0.01570713203183326,-0.016601133638159026,0.3,0.06491968454936463,0.0007216556956791499,0.0029570785864998423,-0.002646709232425395,-0.1625,0.1625,0.0,1,1,1,1,1,1,1,1,1,1,1,1
spiral_out_hltd_closed_loop_identity02_branch_surface_l4_5_7_k12_16_24_a04_08_12_s0_19,identity_stress,5,12,identity_stress,coexact,0.8,1.0,1.0,0.02217741935483871,-0.013290650180781988,-0.005207256417159206,0.2125,0.1033034495397062,0.02967243267433909,-0.024470037267102358,-0.015041621598019092,-0.1375,0.1375,0.0,1,1,1,1,1,1,1,1,1,1,1,1
spiral_out_hltd_closed_loop_identity02_branch_surface_l4_5_7_k12_16_24_a04_08_12_s0_19,identity_stress,5,12,identity_stress,coexact,1.2,1.0,1.0,0.01209677419354839,-0.007781247275100498,0.7488409980366159,0.0875,0.0416826917553131,-0.6408644328941168,-0.10670338807359177,-0.2887194152830768,-0.1,0.1125,-0.0125,1,1,1,1,1,1,1,1,1,1,1,1
spiral_out_hltd_closed_loop_identity02_branch_surface_l4_5_7_k12_16_24_a04_08_12_s0_19,identity_stress,5,12,identity_stress,coexact_minus_presence,0.4,1.0,1.0,0.026209677419354843,-0.01570713203183326,-0.016601133638159026,0.3,0.015982735328676757,-0.0055616157204013495,0.03307528654635972,-0.0013526918231988201,-0.1625,0.1625,0.0,1,1,1,1,1,1,1,1,1,1,1,1
spiral_out_hltd_closed_loop_identity02_branch_surface_l4_5_7_k12_16_24_a04_08_12_s0_19,identity_stress,5,12,identity_stress,coexact_minus_presence,0.8,1.0,1.0,0.02217741935483871,-0.013290650180781988,-0.005207256417159206,0.2125,0.028257490867534058,-0.012844792006198305,0.08066742937546559,-0.0037474725280771935,-0.1375,0.1375,0.0,1,1,1,1,1,1,1,1,1,1,1,1
spiral_out_hltd_closed_loop_identity02_branch_surface_l4_5_7_k12_16_24_a04_08_12_s0_19,identity_stress,5,12,identity_stress,coexact_minus_presence,1.2,1.0,1.0,0.01209677419354839,-0.007781247275100498,0.7488409980366159,0.0875,0.010050042699913947,-0.7477438368712878,0.07550285998904359,-0.2609552272703598,-0.1,0.1125,-0.0125,1,1,1,1,1,1,1,1,1,1,1,1
spiral_out_hltd_closed_loop_identity02_branch_surface_l4_5_7_k12_16_24_a04_08_12_s0_19,identity_stress,5,12,identity_stress,negative_coexact,0.4,1.0,1.0,-0.014112903225806453,0.008457686478679446,0.01692763490972986,-0.2,0.006420530339421105,0.005014784663357115,-0.029559722717419634,-0.0013905762609889203,0.0875,-0.0875,0.0,1,1,1,1,1,1,1,1,1,1,1,1
spiral_out_hltd_closed_loop_identity02_branch_surface_l4_5_7_k12_16_24_a04_08_12_s0_19,identity_stress,5,12,identity_stress,negative_coexact,0.8,1.0,1.0,-0.018145161290322585,0.010874168329730718,0.02832151213072968,-0.2875,0.027768501119671496,0.010321514939335344,-0.052957683391911384,-0.007836997885303667,0.1125,-0.1125,0.0,1,1,1,1,1,1,1,1,1,1,1,1
spiral_out_hltd_closed_loop_identity02_branch_surface_l4_5_7_k12_16_24_a04_08_12_s0_19,identity_stress,5,12,identity_stress,negative_coexact,1.2,1.0,1.0,0.01209677419354839,-0.007781247275100498,0.7488409980366159,0.0875,-0.10297011855015721,-0.7874042420668108,-0.04594138639889138,-0.27568890884413555,-0.1,0.1125,-0.0125,1,1,1,1,1,1,1,1,1,1,1,1
spiral_out_hltd_closed_loop_identity02_branch_surface_l4_5_7_k12_16_24_a04_08_12_s0_19,identity_stress,5,12,identity_stress,presence,0.4,1.0,1.0,-0.014112903225806453,0.008457686478679446,0.01692763490972986,-0.2,0.08273942347678129,0.0006245316278721795,-0.02112870727286598,-0.0021478758405441534,0.0875,-0.0875,0.0,1,1,1,1,1,1,1,1,1,1,1,1
spiral_out_hltd_closed_loop_identity02_branch_surface_l4_5_7_k12_16_24_a04_08_12_s0_19,identity_stress,5,12,identity_stress,presence,0.8,1.0,1.0,-0.018145161290322585,0.010874168329730718,0.02832151213072968,-0.2875,0.14365166463236706,0.02500730634536589,-0.08630946370357376,-0.015799890301340748,0.1125,-0.1125,0.0,1,1,1,1,1,1,1,1,1,1,1,1
spiral_out_hltd_closed_loop_identity02_branch_surface_l4_5_7_k12_16_24_a04_08_12_s0_19,identity_stress,5,12,identity_stress,presence,1.2,1.0,1.0,-0.028225806451612906,0.01638357123541221,0.7823697665845047,-0.4125,0.014054345672183643,-0.6719350465387006,-0.1788613407355027,-0.2994600583009906,0.15,-0.1375,-0.0125,1,1,1,1,1,1,1,1,1,1,1,1
spiral_out_hltd_closed_loop_identity02_branch_surface_l4_5_7_k12_16_24_a04_08_12_s0_19,identity_stress,5,12,identity_stress,presence_plus_coexact,0.4,1.0,1.0,-0.014112903225806453,0.008457686478679446,0.01692763490972986,-0.2,0.07788558371882186,-0.016132647170822873,0.006143352206291619,-0.0026831876469723443,0.0875,-0.0875,0.0,1,1,1,1,1,1,1,1,1,1,1,1
spiral_out_hltd_closed_loop_identity02_branch_surface_l4_5_7_k12_16_24_a04_08_12_s0_19,identity_stress,5,12,identity_stress,presence_plus_coexact,0.8,1.0,1.0,0.02217741935483871,-0.013290650180781988,-0.005207256417159206,0.2125,0.1316823733874991,0.011012188323562518,-0.07232263829632418,-0.018796624256434243,-0.1375,0.1375,0.0,1,1,1,1,1,1,1,1,1,1,1,1
spiral_out_hltd_closed_loop_identity02_branch_surface_l4_5_7_k12_16_24_a04_08_12_s0_19,identity_stress,5,12,identity_stress,presence_plus_coexact,1.2,1.0,1.0,0.01209677419354839,-0.007781247275100498,0.7488409980366159,0.0875,-0.03730649886905583,-0.685976183781315,-0.15944339229760746,-0.30560049739994455,-0.1,0.1125,-0.0125,1,1,1,1,1,1,1,1,1,1,1,1
spiral_out_hltd_closed_loop_identity02_branch_surface_l4_5_7_k12_16_24_a04_08_12_s0_19,identity_stress,5,16,identity_stress,coexact,0.4,1.0,1.0,0.026209677419354843,-0.01570713203183326,-0.016601133638159026,0.3,0.08985288255680406,-0.003208165771253848,0.012123568436936068,-0.002454149784188362,-0.1625,0.1625,0.0,1,1,1,1,1,1,1,1,1,1,1,1
spiral_out_hltd_closed_loop_identity02_branch_surface_l4_5_7_k12_16_24_a04_08_12_s0_19,identity_stress,5,16,identity_stress,coexact,0.8,1.0,1.0,0.02217741935483871,-0.013290650180781988,-0.005207256417159206,0.2125,0.16475689108162167,0.014222471035932568,0.01011044007636055,-0.014215147536238417,-0.1375,0.1375,0.0,1,1,1,1,1,1,1,1,1,1,1,1
spiral_out_hltd_closed_loop_identity02_branch_surface_l4_5_7_k12_16_24_a04_08_12_s0_19,identity_stress,5,16,identity_stress,coexact,1.2,1.0,1.0,0.01209677419354839,-0.007781247275100498,0.7488409980366159,0.0875,0.04192413632435793,-0.6779088293168033,-0.008134715004941052,-0.2856810449676431,-0.1,0.1125,-0.0125,1,1,1,1,1,1,1,1,1,1,1,1
spiral_out_hltd_closed_loop_identity02_branch_surface_l4_5_7_k12_16_24_a04_08_12_s0_19,identity_stress,5,16,identity_stress,coexact_minus_presence,0.4,1.0,1.0,-0.014112903225806453,0.008457686478679446,0.01692763490972986,-0.2,0.05981509105287893,0.018029859233317326,-0.00543986826983993,-0.0004517697848680827,0.0875,-0.0875,0.0,1,1,1,1,1,1,1,1,1,1,1,1
spiral_out_hltd_closed_loop_identity02_branch_surface_l4_5_7_k12_16_24_a04_08_12_s0_19,identity_stress,5,16,identity_stress,coexact_minus_presence,0.8,1.0,1.0,-0.018145161290322585,0.010874168329730718,-0.02864717683411396,-0.0375,0.07727330446797115,0.08252752845755075,0.0511895561453477,0.0004321595247393312,0.1125,-0.1125,0.0,1,1,1,1,1,1,1,1,1,1,1,1
spiral_out_hltd_closed_loop_identity02_branch_surface_l4_5_7_k12_16_24_a04_08_12_s0_19,identity_stress,5,16,identity_stress,coexact_minus_presence,1.2,1.0,1.0,-0.028225806451612906,0.01638357123541221,0.7254010776196611,-0.1625,0.0805209191192536,-0.6125392259721185,0.14580411996005396,-0.24875039280037275,0.15,-0.1375,-0.0125,1,1,1,1,1,1,1,1,1,1,1,1
spiral_out_hltd_closed_loop_identity02_branch_surface_l4_5_7_k12_16_24_a04_08_12_s0_19,identity_stress,5,16,identity_stress,negative_coexact,0.4,1.0,1.0,-0.014112903225806453,0.008457686478679446,0.01692763490972986,-0.2,-0.028918226548950265,0.0021391278554553383,-0.04436288187197993,-0.001706555529887421,0.0875,-0.0875,0.0,1,1,1,1,1,1,1,1,1,1,1,1
spiral_out_hltd_closed_loop_identity02_branch_surface_l4_5_7_k12_16_24_a04_08_12_s0_19,identity_stress,5,16,identity_stress,negative_coexact,0.8,1.0,1.0,0.02217741935483871,-0.013290650180781988,-0.005207256417159206,0.2125,-0.08102177005873885,-0.03856182770529735,-0.06874257030987682,-0.009423027334596913,-0.1375,0.1375,0.0,1,1,1,1,1,1,1,1,1,1,1,1
spiral_out_hltd_closed_loop_identity02_branch_surface_l4_5_7_k12_16_24_a04_08_12_s0_19,identity_stress,5,16,identity_stress,negative_coexact,1.2,1.0,1.0,0.01209677419354839,-0.007781247275100498,0.7488409980366159,0.0875,-0.20342062843281786,-0.7721042257905577,-0.11559138531065974,-0.2750550883609295,-0.1,0.1125,-0.0125,1,1,1,1,1,1,1,1,1,1,1,1
spiral_out_hltd_closed_loop_identity02_branch_surface_l4_5_7_k12_16_24_a04_08_12_s0_19,identity_stress,5,16,identity_stress,presence,0.4,1.0,1.0,0.026209677419354843,-0.01570713203183326,-0.016601133638159026,0.3,0.05936785007999368,-0.024651339540258,0.02949842656000807,-0.0009464570547429322,-0.1625,0.1625,0.0,1,1,1,1,1,1,1,1,1,1,1,1
spiral_out_hltd_closed_loop_identity02_branch_surface_l4_5_7_k12_16_24_a04_08_12_s0_19,identity_stress,5,16,identity_stress,presence,0.8,1.0,1.0,0.02217741935483871,-0.013290650180781988,-0.005207256417159206,0.2125,0.08715232011354995,-0.04679385422869194,0.033940253913293986,-0.008418523190065641,-0.1375,0.1375,0.0,1,1,1,1,1,1,1,1,1,1,1,1
spiral_out_hltd_closed_loop_identity02_branch_surface_l4_5_7_k12_16_24_a04_08_12_s0_19,identity_stress,5,16,identity_stress,presence,1.2,1.0,1.0,0.01209677419354839,-0.007781247275100498,0.7488409980366159,0.0875,-0.04370127876709977,-0.8198421723996969,0.0008342731509366694,-0.27610831826738835,-0.1,0.1125,-0.0125,1,1,1,1,1,1,1,1,1,1,1,1
spiral_out_hltd_closed_loop_identity02_branch_surface_l4_5_7_k12_16_24_a04_08_12_s0_19,identity_stress,5,16,identity_stress,presence_plus_coexact,0.4,1.0,1.0,0.026209677419354843,-0.01570713203183326,-0.016601133638159026,0.3,0.08682989677746586,-0.01901214871854005,0.028646332116579416,-0.0015842986649119675,-0.1625,0.1625,0.0,1,1,1,1,1,1,1,1,1,1,1,1
spiral_out_hltd_closed_loop_identity02_branch_surface_l4_5_7_k12_16_24_a04_08_12_s0_19,identity_stress,5,16,identity_stress,presence_plus_coexact,0.8,1.0,1.0,0.02217741935483871,-0.013290650180781988,-0.005207256417159206,0.2125,0.14201865029863595,-0.025687680562988258,0.010938838778834495,-0.01300922312411774,-0.1375,0.1375,0.0,1,1,1,1,1,1,1,1,1,1,1,1
spiral_out_hltd_closed_loop_identity02_branch_surface_l4_5_7_k12_16_24_a04_08_12_s0_19,identity_stress,5,16,identity_stress,presence_plus_coexact,1.2,1.0,1.0,0.01209677419354839,-0.007781247275100498,0.7488409980366159,0.0875,0.026914894928890487,-0.7498911749720254,-0.055703801627882285,-0.29331187282888893,-0.1,0.1125,-0.0125,1,1,1,1,1,1,1,1,1,1,1,1
spiral_out_hltd_closed_loop_identity02_branch_surface_l4_5_7_k12_16_24_a04_08_12_s0_19,identity_stress,5,24,identity_stress,coexact,0.4,1.0,1.0,0.026209677419354843,-0.01570713203183326,-0.016601133638159026,0.3,0.07353809207936926,0.018692284617377875,-0.013910944009496332,-0.002334522902001395,-0.1625,0.1625,0.0,1,1,1,1,1,1,1,1,1,1,1,1
spiral_out_hltd_closed_loop_identity02_branch_surface_l4_5_7_k12_16_24_a04_08_12_s0_19,identity_stress,5,24,identity_stress,coexact,0.8,1.0,1.0,0.02217741935483871,-0.013290650180781988,-0.005207256417159206,0.2125,0.11904632562463764,0.04729207866358854,0.0019610087383785347,-0.007882773175714617,-0.1375,0.1375,0.0,1,1,1,1,1,1,1,1,1,1,1,1
spiral_out_hltd_closed_loop_identity02_branch_surface_l4_5_7_k12_16_24_a04_08_12_s0_19,identity_stress,5,24,identity_stress,coexact,1.2,1.0,1.0,0.01209677419354839,-0.007781247275100498,0.7488409980366159,0.0875,-0.10547989255830485,-0.6590420583685106,0.023747216191919326,-0.266599292458244,-0.1,0.1125,-0.0125,1,1,1,1,1,1,1,1,1,1,1,1
spiral_out_hltd_closed_loop_identity02_branch_surface_l4_5_7_k12_16_24_a04_08_12_s0_19,identity_stress,5,24,identity_stress,coexact_minus_presence,0.4,1.0,1.0,-0.014112903225806453,0.008457686478679446,0.01692763490972986,-0.2,0.032750243156209384,0.039970183168330176,-0.0575950759546721,0.0002928796722580929,0.0875,-0.0875,0.0,1,1,1,1,1,1,1,1,1,1,1,1
spiral_out_hltd_closed_loop_identity02_branch_surface_l4_5_7_k12_16_24_a04_08_12_s0_19,identity_stress,5,24,identity_stress,coexact_minus_presence,0.8,1.0,1.0,-0.018145161290322585,0.010874168329730718,0.02832151213072968,-0.2875,0.11873208582852209,0.07001499377896929,-0.030975445011787377,0.012274647059107881,0.1125,-0.1125,0.0,1,1,1,1,1,1,1,1,1,1,1,1
spiral_out_hltd_closed_loop_identity02_branch_surface_l4_5_7_k12_16_24_a04_08_12_s0_19,identity_stress,5,24,identity_stress,coexact_minus_presence,1.2,1.0,1.0,-0.028225806451612906,0.01638357123541221,0.7254010776196611,-0.1625,0.16249609566887815,-0.5558136869162642,0.24205836539825082,-0.18296758507500024,0.15,-0.1375,-0.0125,1,1,1,1,1,1,1,1,1,1,1,1
spiral_out_hltd_closed_loop_identity02_branch_surface_l4_5_7_k12_16_24_a04_08_12_s0_19,identity_stress,5,24,identity_stress,negative_coexact,0.4,1.0,1.0,-0.014112903225806453,0.008457686478679446,0.01692763490972986,-0.2,-0.02523526479594504,-0.012356811790107999,-0.005860786379558557,-0.001909594107462942,0.0875,-0.0875,0.0,1,1,1,1,1,1,1,1,1,1,1,1
spiral_out_hltd_closed_loop_identity02_branch_surface_l4_5_7_k12_16_24_a04_08_12_s0_19,identity_stress,5,24,identity_stress,negative_coexact,0.8,1.0,1.0,-0.018145161290322585,0.010874168329730718,-0.02360414704895782,-0.0375,-0.04069239502412452,0.07298301285925424,-0.037672863093410315,-0.009740866580859618,0.1125,-0.1125,0.0,1,1,1,1,1,1,1,1,1,1,1,1
spiral_out_hltd_closed_loop_identity02_branch_surface_l4_5_7_k12_16_24_a04_08_12_s0_19,identity_stress,5,24,identity_stress,negative_coexact,1.2,1.0,1.0,-0.028225806451612906,0.01638357123541221,0.7304441074048172,-0.1625,0.087049168990927,-0.5730670439497676,-0.009936845942584848,-0.2512928598876695,0.15,-0.1375,-0.0125,1,1,1,1,1,1,1,1,1,1,1,1
spiral_out_hltd_closed_loop_identity02_branch_surface_l4_5_7_k12_16_24_a04_08_12_s0_19,identity_stress,5,24,identity_stress,presence,0.4,1.0,1.0,-0.014112903225806453,0.008457686478679446,0.01692763490972986,-0.2,0.043069693490686206,-0.059236359029624444,0.07064129720064272,-0.0004442657499889316,0.0875,-0.0875,0.0,1,1,1,1,1,1,1,1,1,1,1,1
spiral_out_hltd_closed_loop_identity02_branch_surface_l4_5_7_k12_16_24_a04_08_12_s0_19,identity_stress,5,24,identity_stress,presence,0.8,1.0,1.0,-0.018145161290322585,0.010874168329730718,-0.02360414704895782,-0.0375,0.14313471294137153,0.03108340753249942,0.07178317869541948,-0.00608356198718612,0.1125,-0.1125,0.0,1,1,1,1,1,1,1,1,1,1,1,1
spiral_out_hltd_closed_loop_identity02_branch_surface_l4_5_7_k12_16_24_a04_08_12_s0_19,identity_stress,5,24,identity_stress,presence,1.2,1.0,1.0,0.01209677419354839,-0.007781247275100498,0.5709444984028268,0.0875,0.10777200707041645,-0.6093554704762819,-0.08865149424560949,-0.2864561271154989,-0.1,0.1125,-0.0125,1,1,1,1,1,1,1,1,1,1,1,1
spiral_out_hltd_closed_loop_identity02_branch_surface_l4_5_7_k12_16_24_a04_08_12_s0_19,identity_stress,5,24,identity_stress,presence_plus_coexact,0.4,1.0,1.0,0.026209677419354843,-0.01570713203183326,-0.016601133638159026,0.3,0.09538587074987513,-0.023643162761852205,0.02893501239968599,-0.0015376247678552718,-0.1625,0.1625,0.0,1,1,1,1,1,1,1,1,1,1,1,1
spiral_out_hltd_closed_loop_identity02_branch_surface_l4_5_7_k12_16_24_a04_08_12_s0_19,identity_stress,5,24,identity_stress,presence_plus_coexact,0.8,1.0,1.0,0.02217741935483871,-0.013290650180781988,-0.005207256417159206,0.2125,0.1787826357618007,-0.02881061984892198,-0.0018530281334193511,-0.013525747172422975,-0.1375,0.1375,0.0,1,1,1,1,1,1,1,1,1,1,1,1
spiral_out_hltd_closed_loop_identity02_branch_surface_l4_5_7_k12_16_24_a04_08_12_s0_19,identity_stress,5,24,identity_stress,presence_plus_coexact,1.2,1.0,1.0,0.01209677419354839,-0.007781247275100498,0.7488409980366159,0.0875,0.09556869875255777,-0.7464099645774606,-0.09140667493305218,-0.2959899475338798,-0.1,0.1125,-0.0125,1,1,1,1,1,1,1,1,1,1,1,1
spiral_out_hltd_closed_loop_identity02_branch_surface_l4_5_7_k12_16_24_a04_08_12_s0_19,identity_stress,7,12,identity_stress,coexact,0.4,1.0,1.0,0.018145161290322585,-0.006982982191025344,-0.006193120864860546,0.225,0.0912440971888356,0.010983191967006433,-0.05593955161290073,0.0018538004507231373,-0.1125,0.1125,0.0,1,1,1,1,1,1,1,1,1,1,1,1
spiral_out_hltd_closed_loop_identity02_branch_surface_l4_5_7_k12_16_24_a04_08_12_s0_19,identity_stress,7,12,identity_stress,coexact,0.8,1.0,1.0,0.014112903225806453,-0.005431208370797491,0.007840908333678343,0.1375,0.16961057962673629,0.02059471174015426,-0.17437599737754597,0.014103998704517978,-0.0875,0.0875,0.0,1,1,1,1,1,1,1,1,1,1,1,1
spiral_out_hltd_closed_loop_identity02_branch_surface_l4_5_7_k12_16_24_a04_08_12_s0_19,identity_stress,7,12,identity_stress,coexact,1.2,1.0,1.0,6.938893903907229e-19,-0.004087132815792032,0.4025447141775702,-0.025,0.17496523059487817,-0.14921871399566275,-0.29523751460230074,-0.049758941962526046,-0.025,0.0375,-0.0125,1,1,1,1,1,1,1,1,1,1,1,1
spiral_out_hltd_closed_loop_identity02_branch_surface_l4_5_7_k12_16_24_a04_08_12_s0_19,identity_stress,7,12,identity_stress,coexact_minus_presence,0.4,1.0,1.0,0.018145161290322585,-0.006982982191025344,-0.006193120864860546,0.225,0.17764108665579587,0.015227289228426585,-0.001142647245087934,0.0006559116586842554,-0.1125,0.1125,0.0,1,1,1,1,1,1,1,1,1,1,1,1
spiral_out_hltd_closed_loop_identity02_branch_surface_l4_5_7_k12_16_24_a04_08_12_s0_19,identity_stress,7,12,identity_stress,coexact_minus_presence,0.8,1.0,1.0,0.014112903225806453,-0.005431208370797491,0.007840908333678343,0.1375,0.35336212769265074,0.018373547007320183,-0.023386174745735493,-0.003507114457546824,-0.0875,0.0875,0.0,1,1,1,1,1,1,1,1,1,1,1,1
spiral_out_hltd_closed_loop_identity02_branch_surface_l4_5_7_k12_16_24_a04_08_12_s0_19,identity_stress,7,12,identity_stress,coexact_minus_presence,1.2,1.0,1.0,6.938893903907229e-19,-0.004087132815792032,0.5804412138113593,-0.025,0.6406504731946417,-0.4961265811700713,-0.049056326757844014,-0.13754429017185904,-0.025,0.0375,-0.0125,1,1,1,1,1,1,1,1,1,1,1,1
spiral_out_hltd_closed_loop_identity02_branch_surface_l4_5_7_k12_16_24_a04_08_12_s0_19,identity_stress,7,12,identity_stress,negative_coexact,0.4,1.0,1.0,-0.02217741935483871,0.0085347560112532,0.02733564768302834,-0.275,-0.06211988832781142,-0.01755279916315617,-0.006481180189803734,-0.0031541308236924443,0.1375,-0.1375,0.0,1,1,1,1,1,1,1,1,1,1,1,1
spiral_out_hltd_closed_loop_identity02_branch_surface_l4_5_7_k12_16_24_a04_08_12_s0_19,identity_stress,7,12,identity_stress,negative_coexact,0.8,1.0,1.0,-0.026209677419354843,0.010086529831481053,-0.015599012083276409,-0.1125,-0.147682340850804,0.08449625170423965,-0.0542945405855668,-0.017112953770224797,0.1625,-0.1625,0.0,1,1,1,1,1,1,1,1,1,1,1,1
spiral_out_hltd_closed_loop_identity02_branch_surface_l4_5_7_k12_16_24_a04_08_12_s0_19,identity_stress,7,12,identity_stress,negative_coexact,1.2,1.0,1.0,-0.040322580645161296,0.011430605386486511,0.5570012933944045,-0.275,-0.18367083889612965,-0.3405114539278891,-0.1478155691375848,-0.16349725031373386,0.225,-0.2125,-0.0125,1,1,1,1,1,1,1,1,1,1,1,1
spiral_out_hltd_closed_loop_identity02_branch_surface_l4_5_7_k12_16_24_a04_08_12_s0_19,identity_stress,7,12,identity_stress,presence,0.4,1.0,1.0,0.018145161290322585,-0.006982982191025344,-0.006193120864860546,0.225,-0.045357154088381826,-0.03650508985919456,-0.07264317801033464,0.0024321890046525756,-0.1125,0.1125,0.0,1,1,1,1,1,1,1,1,1,1,1,1
spiral_out_hltd_closed_loop_identity02_branch_surface_l4_5_7_k12_16_24_a04_08_12_s0_19,identity_stress,7,12,identity_stress,presence,0.8,1.0,1.0,0.014112903225806453,-0.005431208370797491,-0.17005559130011072,0.1375,-0.05598774129740293,0.07130487704344761,-0.08610172636193196,0.011986771191965475,-0.0875,0.0875,0.0,1,1,1,1,1,1,1,1,1,1,1,1
spiral_out_hltd_closed_loop_identity02_branch_surface_l4_5_7_k12_16_24_a04_08_12_s0_19,identity_stress,7,12,identity_stress,presence,1.2,1.0,1.0,6.938893903907229e-19,-0.004087132815792032,0.4025447141775702,-0.025,0.12190814271543074,-0.2270971640680493,-0.2686661280056603,-0.09572318970033786,-0.025,0.0375,-0.0125,1,1,1,1,1,1,1,1,1,1,1,1
spiral_out_hltd_closed_loop_identity02_branch_surface_l4_5_7_k12_16_24_a04_08_12_s0_19,identity_stress,7,12,identity_stress,presence_plus_coexact,0.4,1.0,1.0,0.018145161290322585,-0.006982982191025344,-0.006193120864860546,0.225,0.022253988045750968,-0.004718137287899535,-0.07232905993866523,0.003954937453478214,-0.1125,0.1125,0.0,1,1,1,1,1,1,1,1,1,1,1,1
spiral_out_hltd_closed_loop_identity02_branch_surface_l4_5_7_k12_16_24_a04_08_12_s0_19,identity_stress,7,12,identity_stress,presence_plus_coexact,0.8,1.0,1.0,0.014112903225806453,-0.005431208370797491,0.007840908333678343,0.1375,0.15149388329478083,0.06056319729584773,-0.26510927793078964,0.024287000580447977,-0.0875,0.0875,0.0,1,1,1,1,1,1,1,1,1,1,1,1
spiral_out_hltd_closed_loop_identity02_branch_surface_l4_5_7_k12_16_24_a04_08_12_s0_19,identity_stress,7,12,identity_stress,presence_plus_coexact,1.2,1.0,1.0,6.938893903907229e-19,-0.004087132815792032,0.4025447141775702,-0.025,-0.2580422291444106,-0.2525012962784146,-0.19058990810617243,0.004441861289124675,-0.025,0.0375,-0.0125,1,1,1,1,1,1,1,1,1,1,1,1
spiral_out_hltd_closed_loop_identity02_branch_surface_l4_5_7_k12_16_24_a04_08_12_s0_19,identity_stress,7,16,identity_stress,coexact,0.4,1.0,1.0,0.018145161290322585,-0.006982982191025344,-0.006193120864860546,0.225,0.133261009991778,0.003602696129113529,-0.028734110096836636,0.0008053997945268414,-0.1125,0.1125,0.0,1,1,1,1,1,1,1,1,1,1,1,1
spiral_out_hltd_closed_loop_identity02_branch_surface_l4_5_7_k12_16_24_a04_08_12_s0_19,identity_stress,7,16,identity_stress,coexact,0.8,1.0,1.0,0.014112903225806453,-0.005431208370797491,0.007840908333678343,0.1375,0.26012694506515116,-0.000980378331861681,-0.09072226676548824,0.007177993762371162,-0.0875,0.0875,0.0,1,1,1,1,1,1,1,1,1,1,1,1
spiral_out_hltd_closed_loop_identity02_branch_surface_l4_5_7_k12_16_24_a04_08_12_s0_19,identity_stress,7,16,identity_stress,coexact,1.2,1.0,1.0,6.938893903907229e-19,-0.004087132815792032,0.4025447141775702,-0.025,0.4425186567492907,-0.16370761152066465,-0.2787554620440015,-0.07408195363716721,-0.025,0.0375,-0.0125,1,1,1,1,1,1,1,1,1,1,1,1
spiral_out_hltd_closed_loop_identity02_branch_surface_l4_5_7_k12_16_24_a04_08_12_s0_19,identity_stress,7,16,identity_stress,coexact_minus_presence,0.4,1.0,1.0,0.018145161290322585,-0.006982982191025344,-0.006193120864860546,0.225,0.22018855605838147,0.023779282559462458,0.005101450813533843,-0.0012120733432891885,-0.1125,0.1125,0.0,1,1,1,1,1,1,1,1,1,1,1,1
spiral_out_hltd_closed_loop_identity02_branch_surface_l4_5_7_k12_16_24_a04_08_12_s0_19,identity_stress,7,16,identity_stress,coexact_minus_presence,0.8,1.0,1.0,0.014112903225806453,-0.005431208370797491,0.007840908333678343,0.1375,0.44158105255425506,0.04218301257037139,-0.014961105416560136,-0.010978432228788347,-0.0875,0.0875,0.0,1,1,1,1,1,1,1,1,1,1,1,1
spiral_out_hltd_closed_loop_identity02_branch_surface_l4_5_7_k12_16_24_a04_08_12_s0_19,identity_stress,7,16,identity_stress,coexact_minus_presence,1.2,1.0,1.0,6.938893903907229e-19,-0.004087132815792032,0.5804412138113593,-0.025,0.7300174249351273,-0.4475049909114979,-0.04978772693336137,-0.1546456780160596,-0.025,0.0375,-0.0125,1,1,1,1,1,1,1,1,1,1,1,1
spiral_out_hltd_closed_loop_identity02_branch_surface_l4_5_7_k12_16_24_a04_08_12_s0_19,identity_stress,7,16,identity_stress,negative_coexact,0.4,1.0,1.0,-0.02217741935483871,0.0085347560112532,0.02733564768302834,-0.275,-0.09286516447529455,0.0019131586881961347,-0.03778823928631066,-0.003780300480877595,0.1375,-0.1375,0.0,1,1,1,1,1,1,1,1,1,1,1,1
spiral_out_hltd_closed_loop_identity02_branch_surface_l4_5_7_k12_16_24_a04_08_12_s0_19,identity_stress,7,16,identity_stress,negative_coexact,0.8,1.0,1.0,-0.026209677419354843,0.010086529831481053,-0.015599012083276409,-0.1125,-0.21642663852886543,0.11593667070990528,-0.11714874182211957,-0.019102005705357323,0.1625,-0.1625,0.0,1,1,1,1,1,1,1,1,1,1,1,1
spiral_out_hltd_closed_loop_identity02_branch_surface_l4_5_7_k12_16_24_a04_08_12_s0_19,identity_stress,7,16,identity_stress,negative_coexact,1.2,1.0,1.0,-0.040322580645161296,0.011430605386486511,0.5570012933944045,-0.275,-0.38028831927074463,-0.27882227824088873,-0.24570812054601038,-0.16865670053508777,0.225,-0.2125,-0.0125,1,1,1,1,1,1,1,1,1,1,1,1
spiral_out_hltd_closed_loop_identity02_branch_surface_l4_5_7_k12_16_24_a04_08_12_s0_19,identity_stress,7,16,identity_stress,presence,0.4,1.0,1.0,0.018145161290322585,-0.006982982191025344,-0.006193120864860546,0.225,-0.0924271285277468,-0.037205052469478486,-0.09027099214763103,0.004309336564706237,-0.1125,0.1125,0.0,1,1,1,1,1,1,1,1,1,1,1,1
spiral_out_hltd_closed_loop_identity02_branch_surface_l4_5_7_k12_16_24_a04_08_12_s0_19,identity_stress,7,16,identity_stress,presence,0.8,1.0,1.0,0.014112903225806453,-0.005431208370797491,0.007840908333678343,0.1375,-0.09039840660947794,-0.0638071199851403,-0.20439284122466111,0.017759541435970336,-0.0875,0.0875,0.0,1,1,1,1,1,1,1,1,1,1,1,1
spiral_out_hltd_closed_loop_identity02_branch_surface_l4_5_7_k12_16_24_a04_08_12_s0_19,identity_stress,7,16,identity_stress,presence,1.2,1.0,1.0,6.938893903907229e-19,-0.004087132815792032,0.4025447141775702,-0.025,-0.6752617608826155,-0.3735665449794972,-0.22787726351129836,0.012233125092886894,-0.025,0.0375,-0.0125,1,1,1,1,1,1,1,1,1,1,1,1
spiral_out_hltd_closed_loop_identity02_branch_surface_l4_5_7_k12_16_24_a04_08_12_s0_19,identity_stress,7,16,identity_stress,presence_plus_coexact,0.4,1.0,1.0,0.018145161290322585,-0.006982982191025344,-0.006193120864860546,0.225,0.04791562286552474,-0.01109620784096847,-0.05213911714283922,0.003493161894229116,-0.1125,0.1125,0.0,1,1,1,1,1,1,1,1,1,1,1,1
spiral_out_hltd_closed_loop_identity02_branch_surface_l4_5_7_k12_16_24_a04_08_12_s0_19,identity_stress,7,16,identity_stress,presence_plus_coexact,0.8,1.0,1.0,0.014112903225806453,-0.005431208370797491,0.007840908333678343,0.1375,0.20820276341265273,0.04293330908369555,-0.21685950762053138,0.022021024408728735,-0.0875,0.0875,0.0,1,1,1,1,1,1,1,1,1,1,1,1
spiral_out_hltd_closed_loop_identity02_branch_surface_l4_5_7_k12_16_24_a04_08_12_s0_19,identity_stress,7,16,identity_stress,presence_plus_coexact,1.2,1.0,1.0,6.938893903907229e-19,-0.004087132815792032,0.4025447141775702,-0.025,-0.19917937873855068,-0.2849429032292939,-0.11843962422428114,-0.0019104543482959418,-0.025,0.0375,-0.0125,1,1,1,1,1,1,1,1,1,1,1,1
spiral_out_hltd_closed_loop_identity02_branch_surface_l4_5_7_k12_16_24_a04_08_12_s0_19,identity_stress,7,24,identity_stress,coexact,0.4,1.0,1.0,0.018145161290322585,-0.006982982191025344,-0.006193120864860546,0.225,0.05211744916366277,0.028573389140421984,-0.040746607931145803,0.010651012236513708,-0.1125,0.1125,0.0,1,1,1,1,1,1,1,1,1,1,1,1
spiral_out_hltd_closed_loop_identity02_branch_surface_l4_5_7_k12_16_24_a04_08_12_s0_19,identity_stress,7,24,identity_stress,coexact,0.8,1.0,1.0,0.014112903225806453,-0.005431208370797491,0.007840908333678343,0.1375,0.2213579353408109,0.027982752403824633,-0.13834046794216442,0.08877774726960472,-0.0875,0.0875,0.0,1,1,1,1,1,1,1,1,1,1,1,1
spiral_out_hltd_closed_loop_identity02_branch_surface_l4_5_7_k12_16_24_a04_08_12_s0_19,identity_stress,7,24,identity_stress,coexact,1.2,1.0,1.0,-0.13709677419354838,0.021701791488096374,-1.161322437219158,0.475,-0.1904133487706187,0.7475910967665016,-0.44364669749377017,0.372427450828509,0.225,-0.2125,-0.0125,1,1,1,1,1,1,1,1,1,1,1,1
spiral_out_hltd_closed_loop_identity02_branch_surface_l4_5_7_k12_16_24_a04_08_12_s0_19,identity_stress,7,24,identity_stress,coexact_minus_presence,0.4,1.0,1.0,0.018145161290322585,-0.006982982191025344,-0.006193120864860546,0.225,0.15206621374654924,0.04280506023491453,-0.008891477201053953,0.004774032161368319,-0.1125,0.1125,0.0,1,1,1,1,1,1,1,1,1,1,1,1
spiral_out_hltd_closed_loop_identity02_branch_surface_l4_5_7_k12_16_24_a04_08_12_s0_19,identity_stress,7,24,identity_stress,coexact_minus_presence,0.8,1.0,1.0,0.014112903225806453,-0.005431208370797491,0.007840908333678343,0.1375,0.33723575898678904,0.037643600308820864,0.011009862055262928,0.034363085582551,-0.0875,0.0875,0.0,1,1,1,1,1,1,1,1,1,1,1,1
spiral_out_hltd_closed_loop_identity02_branch_surface_l4_5_7_k12_16_24_a04_08_12_s0_19,identity_stress,7,24,identity_stress,coexact_minus_presence,1.2,1.0,1.0,6.938893903907229e-19,-0.004087132815792032,0.5804412138113593,-0.025,0.41499982903180427,-0.5603381452802239,0.011211859456024023,0.014151150054647394,-0.025,0.0375,-0.0125,1,1,1,1,1,1,1,1,1,1,1,1
spiral_out_hltd_closed_loop_identity02_branch_surface_l4_5_7_k12_16_24_a04_08_12_s0_19,identity_stress,7,24,identity_stress,negative_coexact,0.4,1.0,1.0,-0.02217741935483871,0.0085347560112532,0.02733564768302834,-0.275,-0.015182899421562025,0.000489506210036712,-0.008233220575183057,-0.0022642518051730564,0.1375,-0.1375,0.0,1,1,1,1,1,1,1,1,1,1,1,1
spiral_out_hltd_closed_loop_identity02_branch_surface_l4_5_7_k12_16_24_a04_08_12_s0_19,identity_stress,7,24,identity_stress,negative_coexact,0.8,1.0,1.0,-0.026209677419354843,0.010086529831481053,-0.01055598229812027,-0.1125,-0.07930859093271436,0.059575364186949975,-0.07555879711406224,-0.018630085323113475,0.1625,-0.1625,0.0,1,1,1,1,1,1,1,1,1,1,1,1
spiral_out_hltd_closed_loop_identity02_branch_surface_l4_5_7_k12_16_24_a04_08_12_s0_19,identity_stress,7,24,identity_stress,negative_coexact,1.2,1.0,1.0,-0.040322580645161296,0.011430605386486511,0.5620443231795607,-0.275,-0.14839591803867552,-0.3721664537532668,-0.22765517263026908,-0.17619635401641556,0.225,-0.2125,-0.0125,1,1,1,1,1,1,1,1,1,1,1,1
spiral_out_hltd_closed_loop_identity02_branch_surface_l4_5_7_k12_16_24_a04_08_12_s0_19,identity_stress,7,24,identity_stress,presence,0.4,1.0,1.0,0.018145161290322585,-0.006982982191025344,-0.006193120864860546,0.225,-0.0683126905199983,-0.03829696063740047,-0.0766859036539685,0.007391767748684085,-0.1125,0.1125,0.0,1,1,1,1,1,1,1,1,1,1,1,1
spiral_out_hltd_closed_loop_identity02_branch_surface_l4_5_7_k12_16_24_a04_08_12_s0_19,identity_stress,7,24,identity_stress,presence,0.8,1.0,1.0,0.014112903225806453,-0.005431208370797491,-0.17005559130011072,0.1375,-0.003832629503256589,0.18672464009421785,-0.20570409261049422,0.034800640579457406,-0.0875,0.0875,0.0,1,1,1,1,1,1,1,1,1,1,1,1
spiral_out_hltd_closed_loop_identity02_branch_surface_l4_5_7_k12_16_24_a04_08_12_s0_19,identity_stress,7,24,identity_stress,presence,1.2,1.0,1.0,6.938893903907229e-19,-0.004087132815792032,-0.03483893755582823,-0.025,-0.8356016555738691,-0.07200381615029698,-0.0942684360545622,0.14237640690700348,-0.025,0.0375,-0.0125,1,1,1,1,1,1,1,1,1,1,1,1
spiral_out_hltd_closed_loop_identity02_branch_surface_l4_5_7_k12_16_24_a04_08_12_s0_19,identity_stress,7,24,identity_stress,presence_plus_coexact,0.4,1.0,1.0,0.018145161290322585,-0.006982982191025344,-0.006193120864860546,0.225,-0.022860618955500855,0.012226604029368086,-0.06165304028904036,0.011764383220424734,-0.1125,0.1125,0.0,1,1,1,1,1,1,1,1,1,1,1,1
spiral_out_hltd_closed_loop_identity02_branch_surface_l4_5_7_k12_16_24_a04_08_12_s0_19,identity_stress,7,24,identity_stress,presence_plus_coexact,0.8,1.0,1.0,0.014112903225806453,-0.005431208370797491,-0.17005559130011072,0.1375,0.08122964306708547,0.2662504756592682,-0.2512858716302031,0.08430326366503774,-0.0875,0.0875,0.0,1,1,1,1,1,1,1,1,1,1,1,1
spiral_out_hltd_closed_loop_identity02_branch_surface_l4_5_7_k12_16_24_a04_08_12_s0_19,identity_stress,7,24,identity_stress,presence_plus_coexact,1.2,1.0,1.0,6.938893903907229e-19,-0.004087132815792032,0.4025447141775702,-0.025,-0.3632876319760305,-0.6180530711836993,0.02909613046271926,0.3141713294005763,-0.025,0.0375,-0.0125,1,1,1,1,1,1,1,1,1,1,1,1
spiral_out_hltd_closed_loop_identity02_prompt_heldout_branch_surface_l4_5_7_k12_16_24_a04_08_12_s0_19,identity_stress,4,12,identity_stress__prompt_heldout,coexact,0.4,1.0,1.0,-0.06169354838709677,0.013571232819795678,0.017684228805534375,-0.2375,0.11996512639730098,-0.017860018741907117,0.027931813469467277,0.00020084924829595567,0.1125,0.0,-0.1125,1,1,1,1,1,1,1,1,1,1,1,1
spiral_out_hltd_closed_loop_identity02_prompt_heldout_branch_surface_l4_5_7_k12_16_24_a04_08_12_s0_19,identity_stress,4,12,identity_stress__prompt_heldout,coexact,0.8,1.0,1.0,-0.06854838709677419,0.015079147577550755,-0.02737242602878993,-0.0375,0.2311647720546069,0.06098292638382256,-0.011795353619531932,-0.0009946283696517023,0.125,0.0,-0.125,1,1,1,1,1,1,1,1,1,1,1,1
spiral_out_hltd_closed_loop_identity02_prompt_heldout_branch_surface_l4_5_7_k12_16_24_a04_08_12_s0_19,identity_stress,4,12,identity_stress__prompt_heldout,coexact,1.2,1.0,1.0,-0.09475806451612903,0.022900474558289426,0.5742403579382142,-0.1375,0.21651817666772666,-0.37073264794980876,-0.14763116446441732,-0.18375763670867995,0.175,0.0,-0.175,1,1,1,1,1,1,1,1,1,1,1,1
spiral_out_hltd_closed_loop_identity02_prompt_heldout_branch_surface_l4_5_7_k12_16_24_a04_08_12_s0_19,identity_stress,4,12,identity_stress__prompt_heldout,coexact_minus_presence,0.4,1.0,1.0,-0.06169354838709677,0.013571232819795678,0.017684228805534375,-0.2375,0.06031018534964687,-0.008022852881865777,0.017596362312140755,0.0003930819521770363,0.1125,0.0,-0.1125,1,1,1,1,1,1,1,1,1,1,1,1
spiral_out_hltd_closed_loop_identity02_prompt_heldout_branch_surface_l4_5_7_k12_16_24_a04_08_12_s0_19,identity_stress,4,12,identity_stress__prompt_heldout,coexact_minus_presence,0.8,1.0,1.0,-0.06854838709677419,0.015079147577550755,-0.02737242602878993,-0.0375,0.11149903790677958,0.06584069472017649,-0.04605112632949781,-0.0019969793864149173,0.125,0.0,-0.125,1,1,1,1,1,1,1,1,1,1,1,1
spiral_out_hltd_closed_loop_identity02_prompt_heldout_branch_surface_l4_5_7_k12_16_24_a04_08_12_s0_19,identity_stress,4,12,identity_stress__prompt_heldout,coexact_minus_presence,1.2,1.0,1.0,-0.09475806451612903,0.022900474558289426,0.5742403579382142,-0.1375,0.14072724709918938,-0.4277832401248364,-0.09360293333109461,-0.1623083574479816,0.175,0.0,-0.175,1,1,1,1,1,1,1,1,1,1,1,1
spiral_out_hltd_closed_loop_identity02_prompt_heldout_branch_surface_l4_5_7_k12_16_24_a04_08_12_s0_19,identity_stress,4,12,identity_stress__prompt_heldout,negative_coexact,0.4,1.0,1.0,0.0754032258064516,-0.01658706233530583,-0.015844539742354512,0.2625,-0.046890694021973454,-0.003987172317729196,-0.01568910908678562,-0.0005310746088750976,-0.1375,0.0,0.1375,1,1,1,1,1,1,1,1,1,1,1,1
spiral_out_hltd_closed_loop_identity02_prompt_heldout_branch_surface_l4_5_7_k12_16_24_a04_08_12_s0_19,identity_stress,4,12,identity_stress__prompt_heldout,negative_coexact,0.8,1.0,1.0,0.06854838709677419,-0.015079147577550755,-0.008975535396991318,0.2125,-0.13303320134010335,-0.020636526899795973,-0.04085559010798688,-0.0036190314330423815,-0.125,0.0,0.125,1,1,1,1,1,1,1,1,1,1,1,1
spiral_out_hltd_closed_loop_identity02_prompt_heldout_branch_surface_l4_5_7_k12_16_24_a04_08_12_s0_19,identity_stress,4,12,identity_stress__prompt_heldout,negative_coexact,1.2,1.0,1.0,0.04233870967741935,-0.007257820596812082,0.5926372485700128,0.1125,-0.4124114034501991,-0.5366711203572523,-0.126031493953058,-0.18541364396250856,-0.075,0.0,0.075,1,1,1,1,1,1,1,1,1,1,1,1
spiral_out_hltd_closed_loop_identity02_prompt_heldout_branch_surface_l4_5_7_k12_16_24_a04_08_12_s0_19,identity_stress,4,12,identity_stress__prompt_heldout,presence,0.4,1.0,1.0,0.0754032258064516,-0.01658706233530583,-0.015844539742354512,0.2625,0.07659785819112289,0.02740113809194184,-0.03163861147694315,-0.0008543142241402053,-0.1375,0.0,0.1375,1,1,1,1,1,1,1,1,1,1,1,1
spiral_out_hltd_closed_loop_identity02_prompt_heldout_branch_surface_l4_5_7_k12_16_24_a04_08_12_s0_19,identity_stress,4,12,identity_stress__prompt_heldout,presence,0.8,1.0,1.0,0.06854838709677419,-0.015079147577550755,-0.008975535396991318,0.2125,0.1438375237865204,0.05781905763213794,-0.10172739548115906,-0.007043103285053719,-0.125,0.0,0.125,1,1,1,1,1,1,1,1,1,1,1,1
spiral_out_hltd_closed_loop_identity02_prompt_heldout_branch_surface_l4_5_7_k12_16_24_a04_08_12_s0_19,identity_stress,4,12,identity_stress__prompt_heldout,presence,1.2,1.0,1.0,0.04233870967741935,-0.007257820596812082,0.5926372485700128,0.1125,0.07687063939300942,-0.38079973765335584,-0.2581080630282878,-0.20004917277316075,-0.075,0.0,0.075,1,1,1,1,1,1,1,1,1,1,1,1
spiral_out_hltd_closed_loop_identity02_prompt_heldout_branch_surface_l4_5_7_k12_16_24_a04_08_12_s0_19,identity_stress,4,12,identity_stress__prompt_heldout,presence_plus_coexact,0.4,1.0,1.0,-0.06169354838709677,0.013571232819795678,0.017684228805534375,-0.2375,0.12910685974180794,-0.026122859230917273,0.02275922138139533,-0.0012466603311753048,0.1125,0.0,-0.1125,1,1,1,1,1,1,1,1,1,1,1,1
spiral_out_hltd_closed_loop_identity02_prompt_heldout_branch_surface_l4_5_7_k12_16_24_a04_08_12_s0_19,identity_stress,4,12,identity_stress__prompt_heldout,presence_plus_coexact,0.8,1.0,1.0,-0.06854838709677419,0.015079147577550755,0.02455323315089757,-0.2875,0.23621170400321373,-0.03863813102835638,0.004734572134843658,-0.007147087413916081,0.125,0.0,-0.125,1,1,1,1,1,1,1,1,1,1,1,1
spiral_out_hltd_closed_loop_identity02_prompt_heldout_branch_surface_l4_5_7_k12_16_24_a04_08_12_s0_19,identity_stress,4,12,identity_stress__prompt_heldout,presence_plus_coexact,1.2,1.0,1.0,-0.09475806451612903,0.022900474558289426,0.5742403579382142,-0.1375,0.20657182383731265,-0.4363301255875074,-0.12187667613739554,-0.1972393176778593,0.175,0.0,-0.175,1,1,1,1,1,1,1,1,1,1,1,1
spiral_out_hltd_closed_loop_identity02_prompt_heldout_branch_surface_l4_5_7_k12_16_24_a04_08_12_s0_19,identity_stress,4,16,identity_stress__prompt_heldout,coexact,0.4,1.0,1.0,0.0754032258064516,-0.01658706233530583,-0.015844539742354512,0.2625,0.10334730810151307,-0.018566488000854496,0.02725054021540275,-0.0006193137494043203,-0.1375,0.0,0.1375,1,1,1,1,1,1,1,1,1,1,1,1
spiral_out_hltd_closed_loop_identity02_prompt_heldout_branch_surface_l4_5_7_k12_16_24_a04_08_12_s0_19,identity_stress,4,16,identity_stress__prompt_heldout,coexact,0.8,1.0,1.0,0.06854838709677419,-0.015079147577550755,-0.008975535396991318,0.2125,0.18352652380543516,-0.0552462148462989,0.030758264208315483,-0.004731639563109545,-0.125,0.0,0.125,1,1,1,1,1,1,1,1,1,1,1,1
spiral_out_hltd_closed_loop_identity02_prompt_heldout_branch_surface_l4_5_7_k12_16_24_a04_08_12_s0_19,identity_stress,4,16,identity_stress__prompt_heldout,coexact,1.2,1.0,1.0,0.04233870967741935,-0.007257820596812082,0.5926372485700128,0.1125,0.17648224557383663,-0.577307242616329,-0.055198557538261396,-0.18724993594604064,-0.075,0.0,0.075,1,1,1,1,1,1,1,1,1,1,1,1
spiral_out_hltd_closed_loop_identity02_prompt_heldout_branch_surface_l4_5_7_k12_16_24_a04_08_12_s0_19,identity_stress,4,16,identity_stress__prompt_heldout,coexact_minus_presence,0.4,1.0,1.0,-0.06169354838709677,0.013571232819795678,0.017684228805534375,-0.2375,-0.01987974490239013,0.015029960155987985,-0.03166135254979154,0.0003305795031737758,0.1125,0.0,-0.1125,1,1,1,1,1,1,1,1,1,1,1,1
spiral_out_hltd_closed_loop_identity02_prompt_heldout_branch_surface_l4_5_7_k12_16_24_a04_08_12_s0_19,identity_stress,4,16,identity_stress__prompt_heldout,coexact_minus_presence,0.8,1.0,1.0,-0.06854838709677419,0.015079147577550755,-0.02737242602878993,-0.0375,-0.007921431017469938,0.11422770985924338,-0.12771416807115527,0.008701626782550768,0.125,0.0,-0.125,1,1,1,1,1,1,1,1,1,1,1,1
spiral_out_hltd_closed_loop_identity02_prompt_heldout_branch_surface_l4_5_7_k12_16_24_a04_08_12_s0_19,identity_stress,4,16,identity_stress__prompt_heldout,coexact_minus_presence,1.2,1.0,1.0,-0.09475806451612903,0.022900474558289426,0.5742403579382142,-0.1375,0.5389396423685688,-0.420271651621559,0.14606200832050148,-0.07510211822338302,0.175,0.0,-0.175,1,1,1,1,1,1,1,1,1,1,1,1
spiral_out_hltd_closed_loop_identity02_prompt_heldout_branch_surface_l4_5_7_k12_16_24_a04_08_12_s0_19,identity_stress,4,16,identity_stress__prompt_heldout,negative_coexact,0.4,1.0,1.0,-0.06169354838709677,0.013571232819795678,0.017684228805534375,-0.2375,-0.12958504503824933,0.03279318648994971,-0.08138097700921146,-0.0004082425992150382,0.1125,0.0,-0.1125,1,1,1,1,1,1,1,1,1,1,1,1
spiral_out_hltd_closed_loop_identity02_prompt_heldout_branch_surface_l4_5_7_k12_16_24_a04_08_12_s0_19,identity_stress,4,16,identity_stress__prompt_heldout,negative_coexact,0.8,1.0,1.0,-0.06854838709677419,0.015079147577550755,0.02455323315089757,-0.2875,-0.27844188573583945,0.06671276117371541,-0.19738104460194478,-0.004700020416682231,0.125,0.0,-0.125,1,1,1,1,1,1,1,1,1,1,1,1
spiral_out_hltd_closed_loop_identity02_prompt_heldout_branch_surface_l4_5_7_k12_16_24_a04_08_12_s0_19,identity_stress,4,16,identity_stress__prompt_heldout,negative_coexact,1.2,1.0,1.0,-0.09475806451612903,0.022900474558289426,0.6261660171179017,-0.3875,-0.6244954341733366,-0.364021088824118,-0.34119766067508783,-0.18565423166362482,0.175,0.0,-0.175,1,1,1,1,1,1,1,1,1,1,1,1
spiral_out_hltd_closed_loop_identity02_prompt_heldout_branch_surface_l4_5_7_k12_16_24_a04_08_12_s0_19,identity_stress,4,16,identity_stress__prompt_heldout,presence,0.4,1.0,1.0,0.0754032258064516,-0.01658706233530583,-0.015844539742354512,0.2625,0.12649729593124936,0.0021501517428419064,0.015270611835703652,0.00031464561197051393,-0.1375,0.0,0.1375,1,1,1,1,1,1,1,1,1,1,1,1
spiral_out_hltd_closed_loop_identity02_prompt_heldout_branch_surface_l4_5_7_k12_16_24_a04_08_12_s0_19,identity_stress,4,16,identity_stress__prompt_heldout,presence,0.8,1.0,1.0,0.06854838709677419,-0.015079147577550755,-0.008975535396991318,0.2125,0.23873527297423186,0.016589906245389942,-0.006742353549863592,-0.0007738292071104572,-0.125,0.0,0.125,1,1,1,1,1,1,1,1,1,1,1,1
spiral_out_hltd_closed_loop_identity02_prompt_heldout_branch_surface_l4_5_7_k12_16_24_a04_08_12_s0_19,identity_stress,4,16,identity_stress__prompt_heldout,presence,1.2,1.0,1.0,0.04233870967741935,-0.007257820596812082,0.5926372485700128,0.1125,0.2625469974603041,-0.42759282080942373,-0.1466663695103399,-0.18384910594388484,-0.075,0.0,0.075,1,1,1,1,1,1,1,1,1,1,1,1
spiral_out_hltd_closed_loop_identity02_prompt_heldout_branch_surface_l4_5_7_k12_16_24_a04_08_12_s0_19,identity_stress,4,16,identity_stress__prompt_heldout,presence_plus_coexact,0.4,1.0,1.0,0.0754032258064516,-0.01658706233530583,-0.015844539742354512,0.2625,0.14383869572322389,-0.010628077296517083,0.031736491996800925,-0.00012138365669890829,-0.1375,0.0,0.1375,1,1,1,1,1,1,1,1,1,1,1,1
spiral_out_hltd_closed_loop_identity02_prompt_heldout_branch_surface_l4_5_7_k12_16_24_a04_08_12_s0_19,identity_stress,4,16,identity_stress__prompt_heldout,presence_plus_coexact,0.8,1.0,1.0,0.06854838709677419,-0.015079147577550755,-0.008975535396991318,0.2125,0.2586530179866694,-0.021364994171736745,0.03367100919923167,-0.00312957692411482,-0.125,0.0,0.125,1,1,1,1,1,1,1,1,1,1,1,1
spiral_out_hltd_closed_loop_identity02_prompt_heldout_branch_surface_l4_5_7_k12_16_24_a04_08_12_s0_19,identity_stress,4,16,identity_stress__prompt_heldout,presence_plus_coexact,1.2,1.0,1.0,0.04233870967741935,-0.007257820596812082,0.5926372485700128,0.1125,0.2853232118042943,-0.5023469016111131,-0.07497202486672355,-0.18817119216905362,-0.075,0.0,0.075,1,1,1,1,1,1,1,1,1,1,1,1
spiral_out_hltd_closed_loop_identity02_prompt_heldout_branch_surface_l4_5_7_k12_16_24_a04_08_12_s0_19,identity_stress,4,24,identity_stress__prompt_heldout,coexact,0.4,1.0,1.0,0.0754032258064516,-0.01658706233530583,-0.015844539742354512,0.2625,0.09506476702331937,-0.020664916590605004,0.05679777891793573,0.0002055092698579085,-0.1375,0.0,0.1375,1,1,1,1,1,1,1,1,1,1,1,1
spiral_out_hltd_closed_loop_identity02_prompt_heldout_branch_surface_l4_5_7_k12_16_24_a04_08_12_s0_19,identity_stress,4,24,identity_stress__prompt_heldout,coexact,0.8,1.0,1.0,0.06854838709677419,-0.015079147577550755,-0.008975535396991318,0.2125,0.18053233977487443,-0.058029025252686106,0.10965027183306879,0.0008645529892615933,-0.125,0.0,0.125,1,1,1,1,1,1,1,1,1,1,1,1
spiral_out_hltd_closed_loop_identity02_prompt_heldout_branch_surface_l4_5_7_k12_16_24_a04_08_12_s0_19,identity_stress,4,24,identity_stress__prompt_heldout,coexact,1.2,1.0,1.0,0.04233870967741935,-0.007257820596812082,0.5926372485700128,0.1125,0.1454601378643341,-0.5829619422889545,0.1084517565315269,-0.16658844455022062,-0.075,0.0,0.075,1,1,1,1,1,1,1,1,1,1,1,1
spiral_out_hltd_closed_loop_identity02_prompt_heldout_branch_surface_l4_5_7_k12_16_24_a04_08_12_s0_19,identity_stress,4,24,identity_stress__prompt_heldout,coexact_minus_presence,0.4,1.0,1.0,0.0754032258064516,-0.01658706233530583,-0.015844539742354512,0.2625,-0.0015800045948619079,0.02217792805860623,-0.0080946932750706,0.0012324762458169245,-0.1375,0.0,0.1375,1,1,1,1,1,1,1,1,1,1,1,1
spiral_out_hltd_closed_loop_identity02_prompt_heldout_branch_surface_l4_5_7_k12_16_24_a04_08_12_s0_19,identity_stress,4,24,identity_stress__prompt_heldout,coexact_minus_presence,0.8,1.0,1.0,-0.06854838709677419,0.015079147577550755,0.02455323315089757,-0.2875,-0.06839896719160359,-0.029258739832073048,0.07181489192316123,0.009998452153795445,0.125,0.0,-0.125,1,1,1,1,1,1,1,1,1,1,1,1
spiral_out_hltd_closed_loop_identity02_prompt_heldout_branch_surface_l4_5_7_k12_16_24_a04_08_12_s0_19,identity_stress,4,24,identity_stress__prompt_heldout,coexact_minus_presence,1.2,1.0,1.0,-0.09475806451612903,0.022900474558289426,0.5742403579382142,-0.1375,-0.20547159155276762,-0.5352681151467928,0.13051651286296467,-0.1387905444463205,0.175,0.0,-0.175,1,1,1,1,1,1,1,1,1,1,1,1
spiral_out_hltd_closed_loop_identity02_prompt_heldout_branch_surface_l4_5_7_k12_16_24_a04_08_12_s0_19,identity_stress,4,24,identity_stress__prompt_heldout,negative_coexact,0.4,1.0,1.0,-0.06169354838709677,0.013571232819795678,0.017684228805534375,-0.2375,-0.11924576517331043,0.012060206697284307,-0.058373248580749326,-0.0006410740462765553,0.1125,0.0,-0.1125,1,1,1,1,1,1,1,1,1,1,1,1
spiral_out_hltd_closed_loop_identity02_prompt_heldout_branch_surface_l4_5_7_k12_16_24_a04_08_12_s0_19,identity_stress,4,24,identity_stress__prompt_heldout,negative_coexact,0.8,1.0,1.0,-0.06854838709677419,0.015079147577550755,-0.02737242602878993,-0.0375,-0.22260940577344948,0.06298898762680985,-0.13686634977924733,-0.004654144296489542,0.125,0.0,-0.125,1,1,1,1,1,1,1,1,1,1,1,1
spiral_out_hltd_closed_loop_identity02_prompt_heldout_branch_surface_l4_5_7_k12_16_24_a04_08_12_s0_19,identity_stress,4,24,identity_stress__prompt_heldout,negative_coexact,1.2,1.0,1.0,-0.09475806451612903,0.022900474558289426,0.5742403579382142,-0.1375,-0.43917482881532804,-0.3214493749774592,-0.3055015318153421,-0.19087627636452695,0.175,0.0,-0.175,1,1,1,1,1,1,1,1,1,1,1,1
spiral_out_hltd_closed_loop_identity02_prompt_heldout_branch_surface_l4_5_7_k12_16_24_a04_08_12_s0_19,identity_stress,4,24,identity_stress__prompt_heldout,presence,0.4,1.0,1.0,0.0754032258064516,-0.01658706233530583,-0.015844539742354512,0.2625,0.05082681569344112,-0.050305771541002256,0.046771470549641224,-0.00018846440649802594,-0.1375,0.0,0.1375,1,1,1,1,1,1,1,1,1,1,1,1
spiral_out_hltd_closed_loop_identity02_prompt_heldout_branch_surface_l4_5_7_k12_16_24_a04_08_12_s0_19,identity_stress,4,24,identity_stress__prompt_heldout,presence,0.8,1.0,1.0,0.06854838709677419,-0.015079147577550755,-0.008975535396991318,0.2125,0.055369886541137024,-0.10260740851165868,0.06599298636314561,-0.002206061846157946,-0.125,0.0,0.125,1,1,1,1,1,1,1,1,1,1,1,1
spiral_out_hltd_closed_loop_identity02_prompt_heldout_branch_surface_l4_5_7_k12_16_24_a04_08_12_s0_19,identity_stress,4,24,identity_stress__prompt_heldout,presence,1.2,1.0,1.0,0.04233870967741935,-0.007257820596812082,0.5926372485700128,0.1125,-0.07780663995041401,-0.663484980668426,-0.005451293540223693,-0.17808352793387147,-0.075,0.0,0.075,1,1,1,1,1,1,1,1,1,1,1,1
spiral_out_hltd_closed_loop_identity02_prompt_heldout_branch_surface_l4_5_7_k12_16_24_a04_08_12_s0_19,identity_stress,4,24,identity_stress__prompt_heldout,presence_plus_coexact,0.4,1.0,1.0,0.0754032258064516,-0.01658706233530583,-0.015844539742354512,0.2625,0.1135402208165615,-0.04745239698697,0.06125020128969427,-0.00018271491797935846,-0.1375,0.0,0.1375,1,1,1,1,1,1,1,1,1,1,1,1
spiral_out_hltd_closed_loop_identity02_prompt_heldout_branch_surface_l4_5_7_k12_16_24_a04_08_12_s0_19,identity_stress,4,24,identity_stress__prompt_heldout,presence_plus_coexact,0.8,1.0,1.0,0.06854838709677419,-0.015079147577550755,-0.008975535396991318,0.2125,0.16264870519319824,-0.09594358067041106,0.07929720537580622,-0.0027237387380937184,-0.125,0.0,0.125,1,1,1,1,1,1,1,1,1,1,1,1
spiral_out_hltd_closed_loop_identity02_prompt_heldout_branch_surface_l4_5_7_k12_16_24_a04_08_12_s0_19,identity_stress,4,24,identity_stress__prompt_heldout,presence_plus_coexact,1.2,1.0,1.0,0.04233870967741935,-0.007257820596812082,0.5926372485700128,0.1125,0.028159807201525666,-0.6476430507227499,0.004295229751261086,-0.1832499246110842,-0.075,0.0,0.075,1,1,1,1,1,1,1,1,1,1,1,1
spiral_out_hltd_closed_loop_identity02_prompt_heldout_branch_surface_l4_5_7_k12_16_24_a04_08_12_s0_19,identity_stress,5,12,identity_stress__prompt_heldout,coexact,0.4,1.0,1.0,0.026209677419354843,-0.01570713203183326,-0.016601133638159026,0.3,0.08118068472286047,0.0007216556956791499,0.0029570785864998423,-0.002646709232425395,-0.1625,0.1625,0.0,1,1,1,1,1,1,1,1,1,1,1,1
spiral_out_hltd_closed_loop_identity02_prompt_heldout_branch_surface_l4_5_7_k12_16_24_a04_08_12_s0_19,identity_stress,5,12,identity_stress__prompt_heldout,coexact,0.8,1.0,1.0,0.02217741935483871,-0.013290650180781988,-0.005207256417159206,0.2125,0.13655933133901146,0.02967243267433909,-0.024470037267102358,-0.015041621598019092,-0.1375,0.1375,0.0,1,1,1,1,1,1,1,1,1,1,1,1
spiral_out_hltd_closed_loop_identity02_prompt_heldout_branch_surface_l4_5_7_k12_16_24_a04_08_12_s0_19,identity_stress,5,12,identity_stress__prompt_heldout,coexact,1.2,1.0,1.0,0.01209677419354839,-0.007781247275100498,0.7488409980366159,0.0875,0.07622110838204113,-0.6408644328941168,-0.10670338807359177,-0.2887194152830768,-0.1,0.1125,-0.0125,1,1,1,1,1,1,1,1,1,1,1,1
spiral_out_hltd_closed_loop_identity02_prompt_heldout_branch_surface_l4_5_7_k12_16_24_a04_08_12_s0_19,identity_stress,5,12,identity_stress__prompt_heldout,coexact_minus_presence,0.4,1.0,1.0,0.026209677419354843,-0.01570713203183326,-0.016601133638159026,0.3,0.041230215579134866,-0.0055616157204013495,0.03307528654635972,-0.0013526918231988201,-0.1625,0.1625,0.0,1,1,1,1,1,1,1,1,1,1,1,1
spiral_out_hltd_closed_loop_identity02_prompt_heldout_branch_surface_l4_5_7_k12_16_24_a04_08_12_s0_19,identity_stress,5,12,identity_stress__prompt_heldout,coexact_minus_presence,0.8,1.0,1.0,0.02217741935483871,-0.013290650180781988,-0.005207256417159206,0.2125,0.08579296062099043,-0.012844792006198305,0.08066742937546559,-0.0037474725280771935,-0.1375,0.1375,0.0,1,1,1,1,1,1,1,1,1,1,1,1
spiral_out_hltd_closed_loop_identity02_prompt_heldout_branch_surface_l4_5_7_k12_16_24_a04_08_12_s0_19,identity_stress,5,12,identity_stress__prompt_heldout,coexact_minus_presence,1.2,1.0,1.0,0.01209677419354839,-0.007781247275100498,0.7488409980366159,0.0875,0.07431946955612839,-0.7477438368712878,0.07550285998904359,-0.2609552272703598,-0.1,0.1125,-0.0125,1,1,1,1,1,1,1,1,1,1,1,1
spiral_out_hltd_closed_loop_identity02_prompt_heldout_branch_surface_l4_5_7_k12_16_24_a04_08_12_s0_19,identity_stress,5,12,identity_stress__prompt_heldout,negative_coexact,0.4,1.0,1.0,-0.014112903225806453,0.008457686478679446,0.01692763490972986,-0.2,-0.03944759977220941,0.005014784663357115,-0.029559722717419634,-0.0013905762609889203,0.0875,-0.0875,0.0,1,1,1,1,1,1,1,1,1,1,1,1
spiral_out_hltd_closed_loop_identity02_prompt_heldout_branch_surface_l4_5_7_k12_16_24_a04_08_12_s0_19,identity_stress,5,12,identity_stress__prompt_heldout,negative_coexact,0.8,1.0,1.0,-0.018145161290322585,0.010874168329730718,0.02832151213072968,-0.2875,-0.14695449428812465,0.010321514939335344,-0.052957683391911384,-0.007836997885303667,0.1125,-0.1125,0.0,1,1,1,1,1,1,1,1,1,1,1,1
spiral_out_hltd_closed_loop_identity02_prompt_heldout_branch_surface_l4_5_7_k12_16_24_a04_08_12_s0_19,identity_stress,5,12,identity_stress__prompt_heldout,negative_coexact,1.2,1.0,1.0,0.01209677419354839,-0.007781247275100498,0.7488409980366159,0.0875,-0.20293252275814339,-0.7874042420668108,-0.04594138639889138,-0.27568890884413555,-0.1,0.1125,-0.0125,1,1,1,1,1,1,1,1,1,1,1,1
spiral_out_hltd_closed_loop_identity02_prompt_heldout_branch_surface_l4_5_7_k12_16_24_a04_08_12_s0_19,identity_stress,5,12,identity_stress__prompt_heldout,presence,0.4,1.0,1.0,-0.014112903225806453,0.008457686478679446,0.01692763490972986,-0.2,0.08497653565984359,0.0006245316278721795,-0.02112870727286598,-0.0021478758405441534,0.0875,-0.0875,0.0,1,1,1,1,1,1,1,1,1,1,1,1
spiral_out_hltd_closed_loop_identity02_prompt_heldout_branch_surface_l4_5_7_k12_16_24_a04_08_12_s0_19,identity_stress,5,12,identity_stress__prompt_heldout,presence,0.8,1.0,1.0,-0.018145161290322585,0.010874168329730718,0.02832151213072968,-0.2875,0.10151038719160788,0.02500730634536589,-0.08630946370357376,-0.015799890301340748,0.1125,-0.1125,0.0,1,1,1,1,1,1,1,1,1,1,1,1
spiral_out_hltd_closed_loop_identity02_prompt_heldout_branch_surface_l4_5_7_k12_16_24_a04_08_12_s0_19,identity_stress,5,12,identity_stress__prompt_heldout,presence,1.2,1.0,1.0,-0.028225806451612906,0.01638357123541221,0.7823697665845047,-0.4125,-0.10095901400195588,-0.6719350465387006,-0.1788613407355027,-0.2994600583009906,0.15,-0.1375,-0.0125,1,1,1,1,1,1,1,1,1,1,1,1
spiral_out_hltd_closed_loop_identity02_prompt_heldout_branch_surface_l4_5_7_k12_16_24_a04_08_12_s0_19,identity_stress,5,12,identity_stress__prompt_heldout,presence_plus_coexact,0.4,1.0,1.0,-0.014112903225806453,0.008457686478679446,0.01692763490972986,-0.2,0.09941225101836285,-0.016132647170822873,0.006143352206291619,-0.0026831876469723443,0.0875,-0.0875,0.0,1,1,1,1,1,1,1,1,1,1,1,1
spiral_out_hltd_closed_loop_identity02_prompt_heldout_branch_surface_l4_5_7_k12_16_24_a04_08_12_s0_19,identity_stress,5,12,identity_stress__prompt_heldout,presence_plus_coexact,0.8,1.0,1.0,0.02217741935483871,-0.013290650180781988,-0.005207256417159206,0.2125,0.14334052818921128,0.011012188323562518,-0.07232263829632418,-0.018796624256434243,-0.1375,0.1375,0.0,1,1,1,1,1,1,1,1,1,1,1,1
spiral_out_hltd_closed_loop_identity02_prompt_heldout_branch_surface_l4_5_7_k12_16_24_a04_08_12_s0_19,identity_stress,5,12,identity_stress__prompt_heldout,presence_plus_coexact,1.2,1.0,1.0,0.01209677419354839,-0.007781247275100498,0.7488409980366159,0.0875,0.00044543236258812733,-0.685976183781315,-0.15944339229760746,-0.30560049739994455,-0.1,0.1125,-0.0125,1,1,1,1,1,1,1,1,1,1,1,1
spiral_out_hltd_closed_loop_identity02_prompt_heldout_branch_surface_l4_5_7_k12_16_24_a04_08_12_s0_19,identity_stress,5,16,identity_stress__prompt_heldout,coexact,0.4,1.0,1.0,0.026209677419354843,-0.01570713203183326,-0.016601133638159026,0.3,0.10330872715133624,-0.003208165771253848,0.012123568436936068,-0.002454149784188362,-0.1625,0.1625,0.0,1,1,1,1,1,1,1,1,1,1,1,1
spiral_out_hltd_closed_loop_identity02_prompt_heldout_branch_surface_l4_5_7_k12_16_24_a04_08_12_s0_19,identity_stress,5,16,identity_stress__prompt_heldout,coexact,0.8,1.0,1.0,0.02217741935483871,-0.013290650180781988,-0.005207256417159206,0.2125,0.19231409618536466,0.014222471035932568,0.01011044007636055,-0.014215147536238417,-0.1375,0.1375,0.0,1,1,1,1,1,1,1,1,1,1,1,1
spiral_out_hltd_closed_loop_identity02_prompt_heldout_branch_surface_l4_5_7_k12_16_24_a04_08_12_s0_19,identity_stress,5,16,identity_stress__prompt_heldout,coexact,1.2,1.0,1.0,0.01209677419354839,-0.007781247275100498,0.7488409980366159,0.0875,0.09166642852733511,-0.6779088293168033,-0.008134715004941052,-0.2856810449676431,-0.1,0.1125,-0.0125,1,1,1,1,1,1,1,1,1,1,1,1
spiral_out_hltd_closed_loop_identity02_prompt_heldout_branch_surface_l4_5_7_k12_16_24_a04_08_12_s0_19,identity_stress,5,16,identity_stress__prompt_heldout,coexact_minus_presence,0.4,1.0,1.0,-0.014112903225806453,0.008457686478679446,0.01692763490972986,-0.2,0.08985182917498975,0.018029859233317326,-0.00543986826983993,-0.0004517697848680827,0.0875,-0.0875,0.0,1,1,1,1,1,1,1,1,1,1,1,1
spiral_out_hltd_closed_loop_identity02_prompt_heldout_branch_surface_l4_5_7_k12_16_24_a04_08_12_s0_19,identity_stress,5,16,identity_stress__prompt_heldout,coexact_minus_presence,0.8,1.0,1.0,-0.018145161290322585,0.010874168329730718,-0.02864717683411396,-0.0375,0.11357401803142689,0.08252752845755075,0.0511895561453477,0.0004321595247393312,0.1125,-0.1125,0.0,1,1,1,1,1,1,1,1,1,1,1,1
spiral_out_hltd_closed_loop_identity02_prompt_heldout_branch_surface_l4_5_7_k12_16_24_a04_08_12_s0_19,identity_stress,5,16,identity_stress__prompt_heldout,coexact_minus_presence,1.2,1.0,1.0,-0.028225806451612906,0.01638357123541221,0.7254010776196611,-0.1625,0.16508156208612607,-0.6125392259721185,0.14580411996005396,-0.24875039280037275,0.15,-0.1375,-0.0125,1,1,1,1,1,1,1,1,1,1,1,1
spiral_out_hltd_closed_loop_identity02_prompt_heldout_branch_surface_l4_5_7_k12_16_24_a04_08_12_s0_19,identity_stress,5,16,identity_stress__prompt_heldout,negative_coexact,0.4,1.0,1.0,-0.014112903225806453,0.008457686478679446,0.01692763490972986,-0.2,-0.07892228265280701,0.0021391278554553383,-0.04436288187197993,-0.001706555529887421,0.0875,-0.0875,0.0,1,1,1,1,1,1,1,1,1,1,1,1
spiral_out_hltd_closed_loop_identity02_prompt_heldout_branch_surface_l4_5_7_k12_16_24_a04_08_12_s0_19,identity_stress,5,16,identity_stress__prompt_heldout,negative_coexact,0.8,1.0,1.0,0.02217741935483871,-0.013290650180781988,-0.005207256417159206,0.2125,-0.10739625450818542,-0.03856182770529735,-0.06874257030987682,-0.009423027334596913,-0.1375,0.1375,0.0,1,1,1,1,1,1,1,1,1,1,1,1
spiral_out_hltd_closed_loop_identity02_prompt_heldout_branch_surface_l4_5_7_k12_16_24_a04_08_12_s0_19,identity_stress,5,16,identity_stress__prompt_heldout,negative_coexact,1.2,1.0,1.0,0.01209677419354839,-0.007781247275100498,0.7488409980366159,0.0875,-0.28126247391927267,-0.7721042257905577,-0.11559138531065974,-0.2750550883609295,-0.1,0.1125,-0.0125,1,1,1,1,1,1,1,1,1,1,1,1
spiral_out_hltd_closed_loop_identity02_prompt_heldout_branch_surface_l4_5_7_k12_16_24_a04_08_12_s0_19,identity_stress,5,16,identity_stress__prompt_heldout,presence,0.4,1.0,1.0,0.026209677419354843,-0.01570713203183326,-0.016601133638159026,0.3,0.03971630167377434,-0.024651339540258,0.02949842656000807,-0.0009464570547429322,-0.1625,0.1625,0.0,1,1,1,1,1,1,1,1,1,1,1,1
spiral_out_hltd_closed_loop_identity02_prompt_heldout_branch_surface_l4_5_7_k12_16_24_a04_08_12_s0_19,identity_stress,5,16,identity_stress__prompt_heldout,presence,0.8,1.0,1.0,0.02217741935483871,-0.013290650180781988,-0.005207256417159206,0.2125,0.0689767002607993,-0.04679385422869194,0.033940253913293986,-0.008418523190065641,-0.1375,0.1375,0.0,1,1,1,1,1,1,1,1,1,1,1,1
spiral_out_hltd_closed_loop_identity02_prompt_heldout_branch_surface_l4_5_7_k12_16_24_a04_08_12_s0_19,identity_stress,5,16,identity_stress__prompt_heldout,presence,1.2,1.0,1.0,0.01209677419354839,-0.007781247275100498,0.7488409980366159,0.0875,-0.0010481925886958621,-0.8198421723996969,0.0008342731509366694,-0.27610831826738835,-0.1,0.1125,-0.0125,1,1,1,1,1,1,1,1,1,1,1,1
spiral_out_hltd_closed_loop_identity02_prompt_heldout_branch_surface_l4_5_7_k12_16_24_a04_08_12_s0_19,identity_stress,5,16,identity_stress__prompt_heldout,presence_plus_coexact,0.4,1.0,1.0,0.026209677419354843,-0.01570713203183326,-0.016601133638159026,0.3,0.08038466803126637,-0.01901214871854005,0.028646332116579416,-0.0015842986649119675,-0.1625,0.1625,0.0,1,1,1,1,1,1,1,1,1,1,1,1
spiral_out_hltd_closed_loop_identity02_prompt_heldout_branch_surface_l4_5_7_k12_16_24_a04_08_12_s0_19,identity_stress,5,16,identity_stress__prompt_heldout,presence_plus_coexact,0.8,1.0,1.0,0.02217741935483871,-0.013290650180781988,-0.005207256417159206,0.2125,0.13412849491959536,-0.025687680562988258,0.010938838778834495,-0.01300922312411774,-0.1375,0.1375,0.0,1,1,1,1,1,1,1,1,1,1,1,1
spiral_out_hltd_closed_loop_identity02_prompt_heldout_branch_surface_l4_5_7_k12_16_24_a04_08_12_s0_19,identity_stress,5,16,identity_stress__prompt_heldout,presence_plus_coexact,1.2,1.0,1.0,0.01209677419354839,-0.007781247275100498,0.7488409980366159,0.0875,0.04068124877831453,-0.7498911749720254,-0.055703801627882285,-0.29331187282888893,-0.1,0.1125,-0.0125,1,1,1,1,1,1,1,1,1,1,1,1
spiral_out_hltd_closed_loop_identity02_prompt_heldout_branch_surface_l4_5_7_k12_16_24_a04_08_12_s0_19,identity_stress,5,24,identity_stress__prompt_heldout,coexact,0.4,1.0,1.0,0.026209677419354843,-0.01570713203183326,-0.016601133638159026,0.3,0.08577112983424187,0.018692284617377875,-0.013910944009496332,-0.002334522902001395,-0.1625,0.1625,0.0,1,1,1,1,1,1,1,1,1,1,1,1
spiral_out_hltd_closed_loop_identity02_prompt_heldout_branch_surface_l4_5_7_k12_16_24_a04_08_12_s0_19,identity_stress,5,24,identity_stress__prompt_heldout,coexact,0.8,1.0,1.0,0.02217741935483871,-0.013290650180781988,-0.005207256417159206,0.2125,0.14902202651183521,0.04729207866358854,0.0019610087383785347,-0.007882773175714617,-0.1375,0.1375,0.0,1,1,1,1,1,1,1,1,1,1,1,1
spiral_out_hltd_closed_loop_identity02_prompt_heldout_branch_surface_l4_5_7_k12_16_24_a04_08_12_s0_19,identity_stress,5,24,identity_stress__prompt_heldout,coexact,1.2,1.0,1.0,0.01209677419354839,-0.007781247275100498,0.7488409980366159,0.0875,-0.03186756052757295,-0.6590420583685106,0.023747216191919326,-0.266599292458244,-0.1,0.1125,-0.0125,1,1,1,1,1,1,1,1,1,1,1,1
spiral_out_hltd_closed_loop_identity02_prompt_heldout_branch_surface_l4_5_7_k12_16_24_a04_08_12_s0_19,identity_stress,5,24,identity_stress__prompt_heldout,coexact_minus_presence,0.4,1.0,1.0,-0.014112903225806453,0.008457686478679446,0.01692763490972986,-0.2,0.06552074969437284,0.039970183168330176,-0.0575950759546721,0.0002928796722580929,0.0875,-0.0875,0.0,1,1,1,1,1,1,1,1,1,1,1,1
spiral_out_hltd_closed_loop_identity02_prompt_heldout_branch_surface_l4_5_7_k12_16_24_a04_08_12_s0_19,identity_stress,5,24,identity_stress__prompt_heldout,coexact_minus_presence,0.8,1.0,1.0,-0.018145161290322585,0.010874168329730718,0.02832151213072968,-0.2875,0.17870363980912313,0.07001499377896929,-0.030975445011787377,0.012274647059107881,0.1125,-0.1125,0.0,1,1,1,1,1,1,1,1,1,1,1,1
spiral_out_hltd_closed_loop_identity02_prompt_heldout_branch_surface_l4_5_7_k12_16_24_a04_08_12_s0_19,identity_stress,5,24,identity_stress__prompt_heldout,coexact_minus_presence,1.2,1.0,1.0,-0.028225806451612906,0.01638357123541221,0.7254010776196611,-0.1625,0.25486160682218467,-0.5558136869162642,0.24205836539825082,-0.18296758507500024,0.15,-0.1375,-0.0125,1,1,1,1,1,1,1,1,1,1,1,1
spiral_out_hltd_closed_loop_identity02_prompt_heldout_branch_surface_l4_5_7_k12_16_24_a04_08_12_s0_19,identity_stress,5,24,identity_stress__prompt_heldout,negative_coexact,0.4,1.0,1.0,-0.014112903225806453,0.008457686478679446,0.01692763490972986,-0.2,-0.08645718278717508,-0.012356811790107999,-0.005860786379558557,-0.001909594107462942,0.0875,-0.0875,0.0,1,1,1,1,1,1,1,1,1,1,1,1
spiral_out_hltd_closed_loop_identity02_prompt_heldout_branch_surface_l4_5_7_k12_16_24_a04_08_12_s0_19,identity_stress,5,24,identity_stress__prompt_heldout,negative_coexact,0.8,1.0,1.0,-0.018145161290322585,0.010874168329730718,-0.02360414704895782,-0.0375,-0.23687078184640992,0.07298301285925424,-0.037672863093410315,-0.009740866580859618,0.1125,-0.1125,0.0,1,1,1,1,1,1,1,1,1,1,1,1
spiral_out_hltd_closed_loop_identity02_prompt_heldout_branch_surface_l4_5_7_k12_16_24_a04_08_12_s0_19,identity_stress,5,24,identity_stress__prompt_heldout,negative_coexact,1.2,1.0,1.0,-0.028225806451612906,0.01638357123541221,0.7304441074048172,-0.1625,-0.21749674327327712,-0.5730670439497676,-0.009936845942584848,-0.2512928598876695,0.15,-0.1375,-0.0125,1,1,1,1,1,1,1,1,1,1,1,1
spiral_out_hltd_closed_loop_identity02_prompt_heldout_branch_surface_l4_5_7_k12_16_24_a04_08_12_s0_19,identity_stress,5,24,identity_stress__prompt_heldout,presence,0.4,1.0,1.0,-0.014112903225806453,0.008457686478679446,0.01692763490972986,-0.2,0.007622090390356845,-0.059236359029624444,0.07064129720064272,-0.0004442657499889316,0.0875,-0.0875,0.0,1,1,1,1,1,1,1,1,1,1,1,1
spiral_out_hltd_closed_loop_identity02_prompt_heldout_branch_surface_l4_5_7_k12_16_24_a04_08_12_s0_19,identity_stress,5,24,identity_stress__prompt_heldout,presence,0.8,1.0,1.0,-0.018145161290322585,0.010874168329730718,-0.02360414704895782,-0.0375,0.058215442155294284,0.03108340753249942,0.07178317869541948,-0.00608356198718612,0.1125,-0.1125,0.0,1,1,1,1,1,1,1,1,1,1,1,1
spiral_out_hltd_closed_loop_identity02_prompt_heldout_branch_surface_l4_5_7_k12_16_24_a04_08_12_s0_19,identity_stress,5,24,identity_stress__prompt_heldout,presence,1.2,1.0,1.0,0.01209677419354839,-0.007781247275100498,0.5709444984028268,0.0875,0.12598889569159746,-0.6093554704762819,-0.08865149424560949,-0.2864561271154989,-0.1,0.1125,-0.0125,1,1,1,1,1,1,1,1,1,1,1,1
spiral_out_hltd_closed_loop_identity02_prompt_heldout_branch_surface_l4_5_7_k12_16_24_a04_08_12_s0_19,identity_stress,5,24,identity_stress__prompt_heldout,presence_plus_coexact,0.4,1.0,1.0,0.026209677419354843,-0.01570713203183326,-0.016601133638159026,0.3,0.08615556712561094,-0.023643162761852205,0.02893501239968599,-0.0015376247678552718,-0.1625,0.1625,0.0,1,1,1,1,1,1,1,1,1,1,1,1
spiral_out_hltd_closed_loop_identity02_prompt_heldout_branch_surface_l4_5_7_k12_16_24_a04_08_12_s0_19,identity_stress,5,24,identity_stress__prompt_heldout,presence_plus_coexact,0.8,1.0,1.0,0.02217741935483871,-0.013290650180781988,-0.005207256417159206,0.2125,0.16617051870298563,-0.02881061984892198,-0.0018530281334193511,-0.013525747172422975,-0.1375,0.1375,0.0,1,1,1,1,1,1,1,1,1,1,1,1
spiral_out_hltd_closed_loop_identity02_prompt_heldout_branch_surface_l4_5_7_k12_16_24_a04_08_12_s0_19,identity_stress,5,24,identity_stress__prompt_heldout,presence_plus_coexact,1.2,1.0,1.0,0.01209677419354839,-0.007781247275100498,0.7488409980366159,0.0875,0.09936362461501064,-0.7464099645774606,-0.09140667493305218,-0.2959899475338798,-0.1,0.1125,-0.0125,1,1,1,1,1,1,1,1,1,1,1,1
spiral_out_hltd_closed_loop_identity02_prompt_heldout_branch_surface_l4_5_7_k12_16_24_a04_08_12_s0_19,identity_stress,7,12,identity_stress__prompt_heldout,coexact,0.4,1.0,1.0,0.018145161290322585,-0.006982982191025344,-0.006193120864860546,0.225,0.10812263873743674,0.010983191967006433,-0.05593955161290073,0.0018538004507231373,-0.1125,0.1125,0.0,1,1,1,1,1,1,1,1,1,1,1,1
spiral_out_hltd_closed_loop_identity02_prompt_heldout_branch_surface_l4_5_7_k12_16_24_a04_08_12_s0_19,identity_stress,7,12,identity_stress__prompt_heldout,coexact,0.8,1.0,1.0,0.014112903225806453,-0.005431208370797491,0.007840908333678343,0.1375,0.21923693169542702,0.02059471174015426,-0.17437599737754597,0.014103998704517978,-0.0875,0.0875,0.0,1,1,1,1,1,1,1,1,1,1,1,1
spiral_out_hltd_closed_loop_identity02_prompt_heldout_branch_surface_l4_5_7_k12_16_24_a04_08_12_s0_19,identity_stress,7,12,identity_stress__prompt_heldout,coexact,1.2,1.0,1.0,6.938893903907229e-19,-0.004087132815792032,0.4025447141775702,-0.025,0.2582184120107297,-0.14921871399566275,-0.29523751460230074,-0.049758941962526046,-0.025,0.0375,-0.0125,1,1,1,1,1,1,1,1,1,1,1,1
spiral_out_hltd_closed_loop_identity02_prompt_heldout_branch_surface_l4_5_7_k12_16_24_a04_08_12_s0_19,identity_stress,7,12,identity_stress__prompt_heldout,coexact_minus_presence,0.4,1.0,1.0,0.018145161290322585,-0.006982982191025344,-0.006193120864860546,0.225,0.1747778346954169,0.015227289228426585,-0.001142647245087934,0.0006559116586842554,-0.1125,0.1125,0.0,1,1,1,1,1,1,1,1,1,1,1,1
spiral_out_hltd_closed_loop_identity02_prompt_heldout_branch_surface_l4_5_7_k12_16_24_a04_08_12_s0_19,identity_stress,7,12,identity_stress__prompt_heldout,coexact_minus_presence,0.8,1.0,1.0,0.014112903225806453,-0.005431208370797491,0.007840908333678343,0.1375,0.3319956799787194,0.018373547007320183,-0.023386174745735493,-0.003507114457546824,-0.0875,0.0875,0.0,1,1,1,1,1,1,1,1,1,1,1,1
spiral_out_hltd_closed_loop_identity02_prompt_heldout_branch_surface_l4_5_7_k12_16_24_a04_08_12_s0_19,identity_stress,7,12,identity_stress__prompt_heldout,coexact_minus_presence,1.2,1.0,1.0,6.938893903907229e-19,-0.004087132815792032,0.5804412138113593,-0.025,0.4978058488506033,-0.4961265811700713,-0.049056326757844014,-0.13754429017185904,-0.025,0.0375,-0.0125,1,1,1,1,1,1,1,1,1,1,1,1
spiral_out_hltd_closed_loop_identity02_prompt_heldout_branch_surface_l4_5_7_k12_16_24_a04_08_12_s0_19,identity_stress,7,12,identity_stress__prompt_heldout,negative_coexact,0.4,1.0,1.0,-0.02217741935483871,0.0085347560112532,0.02733564768302834,-0.275,-0.12438664925890383,-0.01755279916315617,-0.006481180189803734,-0.0031541308236924443,0.1375,-0.1375,0.0,1,1,1,1,1,1,1,1,1,1,1,1
spiral_out_hltd_closed_loop_identity02_prompt_heldout_branch_surface_l4_5_7_k12_16_24_a04_08_12_s0_19,identity_stress,7,12,identity_stress__prompt_heldout,negative_coexact,0.8,1.0,1.0,-0.026209677419354843,0.010086529831481053,-0.015599012083276409,-0.1125,-0.296139066736827,0.08449625170423965,-0.0542945405855668,-0.017112953770224797,0.1625,-0.1625,0.0,1,1,1,1,1,1,1,1,1,1,1,1
spiral_out_hltd_closed_loop_identity02_prompt_heldout_branch_surface_l4_5_7_k12_16_24_a04_08_12_s0_19,identity_stress,7,12,identity_stress__prompt_heldout,negative_coexact,1.2,1.0,1.0,-0.040322580645161296,0.011430605386486511,0.5570012933944045,-0.275,-0.4731465401628839,-0.3405114539278891,-0.1478155691375848,-0.16349725031373386,0.225,-0.2125,-0.0125,1,1,1,1,1,1,1,1,1,1,1,1
spiral_out_hltd_closed_loop_identity02_prompt_heldout_branch_surface_l4_5_7_k12_16_24_a04_08_12_s0_19,identity_stress,7,12,identity_stress__prompt_heldout,presence,0.4,1.0,1.0,0.018145161290322585,-0.006982982191025344,-0.006193120864860546,0.225,-0.04253313167157603,-0.03650508985919456,-0.07264317801033464,0.0024321890046525756,-0.1125,0.1125,0.0,1,1,1,1,1,1,1,1,1,1,1,1
spiral_out_hltd_closed_loop_identity02_prompt_heldout_branch_surface_l4_5_7_k12_16_24_a04_08_12_s0_19,identity_stress,7,12,identity_stress__prompt_heldout,presence,0.8,1.0,1.0,0.014112903225806453,-0.005431208370797491,-0.17005559130011072,0.1375,-0.02972552239003181,0.07130487704344761,-0.08610172636193196,0.011986771191965475,-0.0875,0.0875,0.0,1,1,1,1,1,1,1,1,1,1,1,1
spiral_out_hltd_closed_loop_identity02_prompt_heldout_branch_surface_l4_5_7_k12_16_24_a04_08_12_s0_19,identity_stress,7,12,identity_stress__prompt_heldout,presence,1.2,1.0,1.0,6.938893903907229e-19,-0.004087132815792032,0.4025447141775702,-0.025,-0.12861987952175977,-0.2270971640680493,-0.2686661280056603,-0.09572318970033786,-0.025,0.0375,-0.0125,1,1,1,1,1,1,1,1,1,1,1,1
spiral_out_hltd_closed_loop_identity02_prompt_heldout_branch_surface_l4_5_7_k12_16_24_a04_08_12_s0_19,identity_stress,7,12,identity_stress__prompt_heldout,presence_plus_coexact,0.4,1.0,1.0,0.018145161290322585,-0.006982982191025344,-0.006193120864860546,0.225,0.050806203094664514,-0.004718137287899535,-0.07232905993866523,0.003954937453478214,-0.1125,0.1125,0.0,1,1,1,1,1,1,1,1,1,1,1,1
spiral_out_hltd_closed_loop_identity02_prompt_heldout_branch_surface_l4_5_7_k12_16_24_a04_08_12_s0_19,identity_stress,7,12,identity_stress__prompt_heldout,presence_plus_coexact,0.8,1.0,1.0,0.014112903225806453,-0.005431208370797491,0.007840908333678343,0.1375,0.1474653759773122,0.06056319729584773,-0.26510927793078964,0.024287000580447977,-0.0875,0.0875,0.0,1,1,1,1,1,1,1,1,1,1,1,1
spiral_out_hltd_closed_loop_identity02_prompt_heldout_branch_surface_l4_5_7_k12_16_24_a04_08_12_s0_19,identity_stress,7,12,identity_stress__prompt_heldout,presence_plus_coexact,1.2,1.0,1.0,6.938893903907229e-19,-0.004087132815792032,0.4025447141775702,-0.025,-0.1254257407514284,-0.2525012962784146,-0.19058990810617243,0.004441861289124675,-0.025,0.0375,-0.0125,1,1,1,1,1,1,1,1,1,1,1,1
spiral_out_hltd_closed_loop_identity02_prompt_heldout_branch_surface_l4_5_7_k12_16_24_a04_08_12_s0_19,identity_stress,7,16,identity_stress__prompt_heldout,coexact,0.4,1.0,1.0,0.018145161290322585,-0.006982982191025344,-0.006193120864860546,0.225,0.14915692215672655,0.003602696129113529,-0.028734110096836636,0.0008053997945268414,-0.1125,0.1125,0.0,1,1,1,1,1,1,1,1,1,1,1,1
spiral_out_hltd_closed_loop_identity02_prompt_heldout_branch_surface_l4_5_7_k12_16_24_a04_08_12_s0_19,identity_stress,7,16,identity_stress__prompt_heldout,coexact,0.8,1.0,1.0,0.014112903225806453,-0.005431208370797491,0.007840908333678343,0.1375,0.30524460298063266,-0.000980378331861681,-0.09072226676548824,0.007177993762371162,-0.0875,0.0875,0.0,1,1,1,1,1,1,1,1,1,1,1,1
spiral_out_hltd_closed_loop_identity02_prompt_heldout_branch_surface_l4_5_7_k12_16_24_a04_08_12_s0_19,identity_stress,7,16,identity_stress__prompt_heldout,coexact,1.2,1.0,1.0,6.938893903907229e-19,-0.004087132815792032,0.4025447141775702,-0.025,0.4076474012517891,-0.16370761152066465,-0.2787554620440015,-0.07408195363716721,-0.025,0.0375,-0.0125,1,1,1,1,1,1,1,1,1,1,1,1
spiral_out_hltd_closed_loop_identity02_prompt_heldout_branch_surface_l4_5_7_k12_16_24_a04_08_12_s0_19,identity_stress,7,16,identity_stress__prompt_heldout,coexact_minus_presence,0.4,1.0,1.0,0.018145161290322585,-0.006982982191025344,-0.006193120864860546,0.225,0.20170826761792643,0.023779282559462458,0.005101450813533843,-0.0012120733432891885,-0.1125,0.1125,0.0,1,1,1,1,1,1,1,1,1,1,1,1
spiral_out_hltd_closed_loop_identity02_prompt_heldout_branch_surface_l4_5_7_k12_16_24_a04_08_12_s0_19,identity_stress,7,16,identity_stress__prompt_heldout,coexact_minus_presence,0.8,1.0,1.0,0.014112903225806453,-0.005431208370797491,0.007840908333678343,0.1375,0.38632268340650533,0.04218301257037139,-0.014961105416560136,-0.010978432228788347,-0.0875,0.0875,0.0,1,1,1,1,1,1,1,1,1,1,1,1
spiral_out_hltd_closed_loop_identity02_prompt_heldout_branch_surface_l4_5_7_k12_16_24_a04_08_12_s0_19,identity_stress,7,16,identity_stress__prompt_heldout,coexact_minus_presence,1.2,1.0,1.0,6.938893903907229e-19,-0.004087132815792032,0.5804412138113593,-0.025,0.5257056279282154,-0.4475049909114979,-0.04978772693336137,-0.1546456780160596,-0.025,0.0375,-0.0125,1,1,1,1,1,1,1,1,1,1,1,1
spiral_out_hltd_closed_loop_identity02_prompt_heldout_branch_surface_l4_5_7_k12_16_24_a04_08_12_s0_19,identity_stress,7,16,identity_stress__prompt_heldout,negative_coexact,0.4,1.0,1.0,-0.02217741935483871,0.0085347560112532,0.02733564768302834,-0.275,-0.14810351433077604,0.0019131586881961347,-0.03778823928631066,-0.003780300480877595,0.1375,-0.1375,0.0,1,1,1,1,1,1,1,1,1,1,1,1
spiral_out_hltd_closed_loop_identity02_prompt_heldout_branch_surface_l4_5_7_k12_16_24_a04_08_12_s0_19,identity_stress,7,16,identity_stress__prompt_heldout,negative_coexact,0.8,1.0,1.0,-0.026209677419354843,0.010086529831481053,-0.015599012083276409,-0.1125,-0.3603563025420248,0.11593667070990528,-0.11714874182211957,-0.019102005705357323,0.1625,-0.1625,0.0,1,1,1,1,1,1,1,1,1,1,1,1
spiral_out_hltd_closed_loop_identity02_prompt_heldout_branch_surface_l4_5_7_k12_16_24_a04_08_12_s0_19,identity_stress,7,16,identity_stress__prompt_heldout,negative_coexact,1.2,1.0,1.0,-0.040322580645161296,0.011430605386486511,0.5570012933944045,-0.275,-0.6874954726851772,-0.27882227824088873,-0.24570812054601038,-0.16865670053508777,0.225,-0.2125,-0.0125,1,1,1,1,1,1,1,1,1,1,1,1
spiral_out_hltd_closed_loop_identity02_prompt_heldout_branch_surface_l4_5_7_k12_16_24_a04_08_12_s0_19,identity_stress,7,16,identity_stress__prompt_heldout,presence,0.4,1.0,1.0,0.018145161290322585,-0.006982982191025344,-0.006193120864860546,0.225,-0.06576997678313834,-0.037205052469478486,-0.09027099214763103,0.004309336564706237,-0.1125,0.1125,0.0,1,1,1,1,1,1,1,1,1,1,1,1
spiral_out_hltd_closed_loop_identity02_prompt_heldout_branch_surface_l4_5_7_k12_16_24_a04_08_12_s0_19,identity_stress,7,16,identity_stress__prompt_heldout,presence,0.8,1.0,1.0,0.014112903225806453,-0.005431208370797491,0.007840908333678343,0.1375,-0.06255932218162444,-0.0638071199851403,-0.20439284122466111,0.017759541435970336,-0.0875,0.0875,0.0,1,1,1,1,1,1,1,1,1,1,1,1
spiral_out_hltd_closed_loop_identity02_prompt_heldout_branch_surface_l4_5_7_k12_16_24_a04_08_12_s0_19,identity_stress,7,16,identity_stress__prompt_heldout,presence,1.2,1.0,1.0,6.938893903907229e-19,-0.004087132815792032,0.4025447141775702,-0.025,-0.5038599421850184,-0.3735665449794972,-0.22787726351129836,0.012233125092886894,-0.025,0.0375,-0.0125,1,1,1,1,1,1,1,1,1,1,1,1
spiral_out_hltd_closed_loop_identity02_prompt_heldout_branch_surface_l4_5_7_k12_16_24_a04_08_12_s0_19,identity_stress,7,16,identity_stress__prompt_heldout,presence_plus_coexact,0.4,1.0,1.0,0.018145161290322585,-0.006982982191025344,-0.006193120864860546,0.225,0.08036377284454718,-0.01109620784096847,-0.05213911714283922,0.003493161894229116,-0.1125,0.1125,0.0,1,1,1,1,1,1,1,1,1,1,1,1
spiral_out_hltd_closed_loop_identity02_prompt_heldout_branch_surface_l4_5_7_k12_16_24_a04_08_12_s0_19,identity_stress,7,16,identity_stress__prompt_heldout,presence_plus_coexact,0.8,1.0,1.0,0.014112903225806453,-0.005431208370797491,0.007840908333678343,0.1375,0.21532006041089985,0.04293330908369555,-0.21685950762053138,0.022021024408728735,-0.0875,0.0875,0.0,1,1,1,1,1,1,1,1,1,1,1,1
spiral_out_hltd_closed_loop_identity02_prompt_heldout_branch_surface_l4_5_7_k12_16_24_a04_08_12_s0_19,identity_stress,7,16,identity_stress__prompt_heldout,presence_plus_coexact,1.2,1.0,1.0,6.938893903907229e-19,-0.004087132815792032,0.4025447141775702,-0.025,-0.0432967081377814,-0.2849429032292939,-0.11843962422428114,-0.0019104543482959418,-0.025,0.0375,-0.0125,1,1,1,1,1,1,1,1,1,1,1,1
spiral_out_hltd_closed_loop_identity02_prompt_heldout_branch_surface_l4_5_7_k12_16_24_a04_08_12_s0_19,identity_stress,7,24,identity_stress__prompt_heldout,coexact,0.4,1.0,1.0,0.018145161290322585,-0.006982982191025344,-0.006193120864860546,0.225,0.06841128761992496,0.028573389140421984,-0.040746607931145803,0.010651012236513708,-0.1125,0.1125,0.0,1,1,1,1,1,1,1,1,1,1,1,1
spiral_out_hltd_closed_loop_identity02_prompt_heldout_branch_surface_l4_5_7_k12_16_24_a04_08_12_s0_19,identity_stress,7,24,identity_stress__prompt_heldout,coexact,0.8,1.0,1.0,0.014112903225806453,-0.005431208370797491,0.007840908333678343,0.1375,0.2153243511414372,0.027982752403824633,-0.13834046794216442,0.08877774726960472,-0.0875,0.0875,0.0,1,1,1,1,1,1,1,1,1,1,1,1
spiral_out_hltd_closed_loop_identity02_prompt_heldout_branch_surface_l4_5_7_k12_16_24_a04_08_12_s0_19,identity_stress,7,24,identity_stress__prompt_heldout,coexact,1.2,1.0,1.0,-0.13709677419354838,0.021701791488096374,-1.161322437219158,0.475,0.23446782009054737,0.7475910967665016,-0.44364669749377017,0.372427450828509,0.225,-0.2125,-0.0125,1,1,1,1,1,1,1,1,1,1,1,1
spiral_out_hltd_closed_loop_identity02_prompt_heldout_branch_surface_l4_5_7_k12_16_24_a04_08_12_s0_19,identity_stress,7,24,identity_stress__prompt_heldout,coexact_minus_presence,0.4,1.0,1.0,0.018145161290322585,-0.006982982191025344,-0.006193120864860546,0.225,0.13122339319219684,0.04280506023491453,-0.008891477201053953,0.004774032161368319,-0.1125,0.1125,0.0,1,1,1,1,1,1,1,1,1,1,1,1
spiral_out_hltd_closed_loop_identity02_prompt_heldout_branch_surface_l4_5_7_k12_16_24_a04_08_12_s0_19,identity_stress,7,24,identity_stress__prompt_heldout,coexact_minus_presence,0.8,1.0,1.0,0.014112903225806453,-0.005431208370797491,0.007840908333678343,0.1375,0.2789398536252642,0.037643600308820864,0.011009862055262928,0.034363085582551,-0.0875,0.0875,0.0,1,1,1,1,1,1,1,1,1,1,1,1
spiral_out_hltd_closed_loop_identity02_prompt_heldout_branch_surface_l4_5_7_k12_16_24_a04_08_12_s0_19,identity_stress,7,24,identity_stress__prompt_heldout,coexact_minus_presence,1.2,1.0,1.0,6.938893903907229e-19,-0.004087132815792032,0.5804412138113593,-0.025,0.2277719603282872,-0.5603381452802239,0.011211859456024023,0.014151150054647394,-0.025,0.0375,-0.0125,1,1,1,1,1,1,1,1,1,1,1,1
spiral_out_hltd_closed_loop_identity02_prompt_heldout_branch_surface_l4_5_7_k12_16_24_a04_08_12_s0_19,identity_stress,7,24,identity_stress__prompt_heldout,negative_coexact,0.4,1.0,1.0,-0.02217741935483871,0.0085347560112532,0.02733564768302834,-0.275,-0.04012006881529248,0.000489506210036712,-0.008233220575183057,-0.0022642518051730564,0.1375,-0.1375,0.0,1,1,1,1,1,1,1,1,1,1,1,1
spiral_out_hltd_closed_loop_identity02_prompt_heldout_branch_surface_l4_5_7_k12_16_24_a04_08_12_s0_19,identity_stress,7,24,identity_stress__prompt_heldout,negative_coexact,0.8,1.0,1.0,-0.026209677419354843,0.010086529831481053,-0.01055598229812027,-0.1125,-0.15336172107790452,0.059575364186949975,-0.07555879711406224,-0.018630085323113475,0.1625,-0.1625,0.0,1,1,1,1,1,1,1,1,1,1,1,1
spiral_out_hltd_closed_loop_identity02_prompt_heldout_branch_surface_l4_5_7_k12_16_24_a04_08_12_s0_19,identity_stress,7,24,identity_stress__prompt_heldout,negative_coexact,1.2,1.0,1.0,-0.040322580645161296,0.011430605386486511,0.5620443231795607,-0.275,-0.3524665697694459,-0.3721664537532668,-0.22765517263026908,-0.17619635401641556,0.225,-0.2125,-0.0125,1,1,1,1,1,1,1,1,1,1,1,1
spiral_out_hltd_closed_loop_identity02_prompt_heldout_branch_surface_l4_5_7_k12_16_24_a04_08_12_s0_19,identity_stress,7,24,identity_stress__prompt_heldout,presence,0.4,1.0,1.0,0.018145161290322585,-0.006982982191025344,-0.006193120864860546,0.225,-0.02957996531336351,-0.03829696063740047,-0.0766859036539685,0.007391767748684085,-0.1125,0.1125,0.0,1,1,1,1,1,1,1,1,1,1,1,1
spiral_out_hltd_closed_loop_identity02_prompt_heldout_branch_surface_l4_5_7_k12_16_24_a04_08_12_s0_19,identity_stress,7,24,identity_stress__prompt_heldout,presence,0.8,1.0,1.0,0.014112903225806453,-0.005431208370797491,-0.17005559130011072,0.1375,0.016666787308623338,0.18672464009421785,-0.20570409261049422,0.034800640579457406,-0.0875,0.0875,0.0,1,1,1,1,1,1,1,1,1,1,1,1
spiral_out_hltd_closed_loop_identity02_prompt_heldout_branch_surface_l4_5_7_k12_16_24_a04_08_12_s0_19,identity_stress,7,24,identity_stress__prompt_heldout,presence,1.2,1.0,1.0,6.938893903907229e-19,-0.004087132815792032,-0.03483893755582823,-0.025,-0.4762533378218198,-0.07200381615029698,-0.0942684360545622,0.14237640690700348,-0.025,0.0375,-0.0125,1,1,1,1,1,1,1,1,1,1,1,1
spiral_out_hltd_closed_loop_identity02_prompt_heldout_branch_surface_l4_5_7_k12_16_24_a04_08_12_s0_19,identity_stress,7,24,identity_stress__prompt_heldout,presence_plus_coexact,0.4,1.0,1.0,0.018145161290322585,-0.006982982191025344,-0.006193120864860546,0.225,0.009065731898385984,0.012226604029368086,-0.06165304028904036,0.011764383220424734,-0.1125,0.1125,0.0,1,1,1,1,1,1,1,1,1,1,1,1
spiral_out_hltd_closed_loop_identity02_prompt_heldout_branch_surface_l4_5_7_k12_16_24_a04_08_12_s0_19,identity_stress,7,24,identity_stress__prompt_heldout,presence_plus_coexact,0.8,1.0,1.0,0.014112903225806453,-0.005431208370797491,-0.17005559130011072,0.1375,0.060732654951928346,0.2662504756592682,-0.2512858716302031,0.08430326366503774,-0.0875,0.0875,0.0,1,1,1,1,1,1,1,1,1,1,1,1
spiral_out_hltd_closed_loop_identity02_prompt_heldout_branch_surface_l4_5_7_k12_16_24_a04_08_12_s0_19,identity_stress,7,24,identity_stress__prompt_heldout,presence_plus_coexact,1.2,1.0,1.0,6.938893903907229e-19,-0.004087132815792032,0.4025447141775702,-0.025,0.01057853247119501,-0.6180530711836993,0.02909613046271926,0.3141713294005763,-0.025,0.0375,-0.0125,1,1,1,1,1,1,1,1,1,1,1,1
spiral_out_hltd_closed_loop_identity5_prompt_robust_l7_k16_a08,identity_stress,7,16,identity_stress,coexact,0.8,1.0,1.0,-0.03529411764705882,0.0037846289524495922,-0.013526577026132003,0.05,0.15489137208621875,0.031620506420919604,-0.16340092532504014,-0.005234202798951799,0.05,0.0,-0.05,5,5,5,5,5,5,5,5,5,5,5,5
spiral_out_hltd_closed_loop_identity5_prompt_robust_l7_k16_a08,identity_stress,7,16,identity_stress,coexact_minus_presence,0.8,1.0,1.0,-0.004015315803740848,-0.0032769706074772032,-0.07836201991395697,0.1,0.27093788052104684,0.08454653993779623,-0.1205870771865186,-0.006957309041468238,0.0,0.0,0.0,5,5,5,5,5,5,5,5,5,5,5,5
spiral_out_hltd_closed_loop_identity5_prompt_robust_l7_k16_a08,identity_stress,7,16,identity_stress,presence,0.8,1.0,1.0,-0.027229601518026558,0.0006613082703006673,0.05318829455095795,-0.05,-0.059293834986945404,0.021084718978111282,-0.20137058542421257,0.0035130921308630368,0.0,0.05,-0.05,5,5,5,5,5,5,5,5,5,5,5,5
spiral_out_hltd_closed_loop_identity5_prompt_robust_l7_k16_a08,identity_stress,7,16,identity_stress,presence_plus_coexact,0.8,1.0,1.0,-0.02561669829222011,-0.011994450568207013,0.04152259742135911,0.05,0.00730383606499202,0.06453451310720515,-0.22645073741198002,0.0007517796067556967,0.0,0.05,-0.05,5,5,5,5,5,5,5,5,5,5,5,5
spiral_out_hltd_closed_loop_k_pilot_l7_a08,ontology_collapse,7,12,ontology_collapse,coexact,0.8,1.0,1.0,0.15517241379310345,0.022986415899765092,-0.18797558566119577,0.5,0.1609651904950938,-0.026023708950138467,0.13621821556360308,0.01397927679726764,-0.25,0.0,0.25,2,2,2,2,2,2,2,2,2,2,2,2
spiral_out_hltd_closed_loop_k_pilot_l7_a08,ontology_collapse,7,12,ontology_collapse,coexact_minus_presence,0.8,1.0,1.0,0.15517241379310345,0.022986415899765092,-0.18797558566119577,0.5,0.3055671516751086,-0.04380526801949176,0.19773792336403292,0.01692919835606454,-0.25,0.0,0.25,2,2,2,2,2,2,2,2,2,2,2,2
spiral_out_hltd_closed_loop_k_pilot_l7_a08,ontology_collapse,7,12,ontology_collapse,presence,0.8,1.0,1.0,0.0,0.014651472307947298,-0.18566246651799828,0.25,-0.2587149515517892,0.059282099590024756,0.03097747431820016,0.011658384891881087,0.0,0.0,0.0,2,2,2,2,2,2,2,2,2,2,2,2
spiral_out_hltd_closed_loop_k_pilot_l7_a08,ontology_collapse,7,12,ontology_collapse,presence_plus_coexact,0.8,1.0,1.0,0.0,0.0,0.0,0.0,-0.07439733276790818,-0.0015184213135106418,0.019523310811928516,0.005329296341038437,0.0,0.0,0.0,2,2,2,2,2,2,2,2,2,2,2,2
spiral_out_hltd_closed_loop_k_pilot_l7_a08,ontology_collapse,7,16,ontology_collapse,coexact,0.8,1.0,1.0,0.15517241379310345,0.022986415899765092,-0.18797558566119577,0.5,0.11505175105595476,-0.059649835030653776,0.12377400489619739,0.020953263259737967,-0.25,0.0,0.25,2,2,2,2,2,2,2,2,2,2,2,2
spiral_out_hltd_closed_loop_k_pilot_l7_a08,ontology_collapse,7,16,ontology_collapse,coexact_minus_presence,0.8,1.0,1.0,0.18642241379310345,0.028532832252436545,-0.7093056562217424,1.0,0.3189846439530418,0.055750441907044056,0.0951840450466184,0.05574408962639962,-0.25,-0.125,0.375,2,2,2,2,2,2,2,2,2,2,2,2
spiral_out_hltd_closed_loop_k_pilot_l7_a08,ontology_collapse,7,16,ontology_collapse,presence,0.8,1.0,1.0,0.0,0.0,0.0,0.0,-0.34071580929876544,0.07378081699411165,-0.04220749986990381,0.03593919822812582,0.0,0.0,0.0,2,2,2,2,2,2,2,2,2,2,2,2
spiral_out_hltd_closed_loop_k_pilot_l7_a08,ontology_collapse,7,16,ontology_collapse,presence_plus_coexact,0.8,1.0,1.0,0.0,0.0,0.0,0.0,-0.2069172791439074,-0.0024839325387450845,0.039673985787062147,0.011739724991735275,0.0,0.0,0.0,2,2,2,2,2,2,2,2,2,2,2,2
spiral_out_hltd_closed_loop_k_pilot_l7_a08,ontology_collapse,7,24,ontology_collapse,coexact,0.8,1.0,1.0,0.14624384236453203,0.02199095469347219,-0.20650939998751028,0.75,0.2904488981564336,0.009167356752362509,0.08382887202974362,0.03610187951330983,-0.25,0.0,0.25,2,2,2,2,2,2,2,2,2,2,2,2
spiral_out_hltd_closed_loop_k_pilot_l7_a08,ontology_collapse,7,24,ontology_collapse,coexact_minus_presence,0.8,1.0,1.0,0.18642241379310345,0.028532832252436545,-0.6624306562217424,1.0,0.3345397586185418,-0.007788220797715774,0.18461656802586923,0.07339639695799408,-0.25,-0.125,0.375,2,2,2,2,2,2,2,2,2,2,2,2
spiral_out_hltd_closed_loop_k_pilot_l7_a08,ontology_collapse,7,24,ontology_collapse,presence,0.8,1.0,1.0,0.0,0.0,0.0,0.0,-0.33448264921209364,0.11240080402719865,-0.08200209865330077,0.03709697443167769,0.0,0.0,0.0,2,2,2,2,2,2,2,2,2,2,2,2
spiral_out_hltd_closed_loop_k_pilot_l7_a08,ontology_collapse,7,24,ontology_collapse,presence_plus_coexact,0.8,1.0,1.0,0.0,0.0,0.0,0.0,-0.22773490969651472,-0.02160356948103234,0.04133194200927144,0.014148644238944963,0.0,0.0,0.0,2,2,2,2,2,2,2,2,2,2,2,2
spiral_out_hltd_closed_loop_layer_pilot_l5_l8_a08,ontology_collapse,5,16,ontology_collapse,coexact,0.8,1.0,1.0,0.1422413793103448,0.00540964906944209,-0.18797558566119577,0.5,0.4100246362615848,-0.08506834409724262,0.20895785466867012,0.016109264009661187,-0.375,0.25,0.125,2,2,2,2,2,2,2,2,2,2,2,2
spiral_out_hltd_closed_loop_layer_pilot_l5_l8_a08,ontology_collapse,5,16,ontology_collapse,coexact_minus_presence,0.8,1.0,1.0,0.16009852216748766,0.002312027045097663,-0.6624306562217424,1.0,0.3828493899424901,0.00667374509258243,0.05691361043963196,0.046186790694204075,-0.25,0.0,0.25,2,2,2,2,2,2,2,2,2,2,2,2
spiral_out_hltd_closed_loop_layer_pilot_l5_l8_a08,ontology_collapse,5,16,ontology_collapse,presence,0.8,1.0,1.0,0.016471674876847288,0.0015016799044161797,-0.08700878084431274,0.5,0.008589056836410092,-0.04316275585472609,0.0041094158711753315,0.003216646851716449,0.0,0.0,0.0,2,2,2,2,2,2,2,2,2,2,2,2
spiral_out_hltd_closed_loop_layer_pilot_l5_l8_a08,ontology_collapse,5,16,ontology_collapse,presence_plus_coexact,0.8,1.0,1.0,0.016471674876847288,0.0015016799044161797,-0.08700878084431274,0.5,0.11197515441328298,-0.03870209227172762,0.06854931368736919,0.003395540178927874,0.0,0.0,0.0,2,2,2,2,2,2,2,2,2,2,2,2
spiral_out_hltd_closed_loop_layer_pilot_l5_l8_a08,ontology_collapse,6,16,ontology_collapse,coexact,0.8,1.0,1.0,0.1422413793103448,0.02346305925841649,-0.18797558566119577,0.5,0.1706963355704749,0.012211923341553181,0.1375228537580863,0.022988784543789612,-0.375,0.25,0.125,2,2,2,2,2,2,2,2,2,2,2,2
spiral_out_hltd_closed_loop_layer_pilot_l5_l8_a08,ontology_collapse,6,16,ontology_collapse,coexact_minus_presence,0.8,1.0,1.0,0.1422413793103448,0.02346305925841649,-0.18797558566119577,0.5,0.3999265496903166,8.063703717982318e-06,0.11141127451708775,0.016622998774674578,-0.375,0.25,0.125,2,2,2,2,2,2,2,2,2,2,2,2
spiral_out_hltd_closed_loop_layer_pilot_l5_l8_a08,ontology_collapse,6,16,ontology_collapse,presence,0.8,1.0,1.0,-0.02232142857142857,0.0006774622025765009,-0.018533814326314513,0.25,0.16424014527821257,-0.018324211908557833,0.12129317322637537,0.018921300896580836,0.125,-0.125,0.0,2,2,2,2,2,2,2,2,2,2,2,2
spiral_out_hltd_closed_loop_layer_pilot_l5_l8_a08,ontology_collapse,6,16,ontology_collapse,presence_plus_coexact,0.8,1.0,1.0,0.016471674876847288,0.013619889085885288,-0.08700878084431274,0.5,-0.02445686255754814,-0.09605120032668493,0.15483750102832822,0.011050136003575638,0.0,0.0,0.0,2,2,2,2,2,2,2,2,2,2,2,2
spiral_out_hltd_closed_loop_layer_pilot_l5_l8_a08,ontology_collapse,7,16,ontology_collapse,coexact,0.8,1.0,1.0,0.15517241379310345,0.022986415899765092,-0.18797558566119577,0.5,0.11505175105595476,-0.059649835030653776,0.12377400489619739,0.020953263259737967,-0.25,0.0,0.25,2,2,2,2,2,2,2,2,2,2,2,2
spiral_out_hltd_closed_loop_layer_pilot_l5_l8_a08,ontology_collapse,7,16,ontology_collapse,coexact_minus_presence,0.8,1.0,1.0,0.18642241379310345,0.028532832252436545,-0.7093056562217424,1.0,0.3189846439530418,0.055750441907044056,0.0951840450466184,0.05574408962639962,-0.25,-0.125,0.375,2,2,2,2,2,2,2,2,2,2,2,2
spiral_out_hltd_closed_loop_layer_pilot_l5_l8_a08,ontology_collapse,7,16,ontology_collapse,presence,0.8,1.0,1.0,0.0,0.0,0.0,0.0,-0.34071580929876544,0.07378081699411165,-0.04220749986990381,0.03593919822812582,0.0,0.0,0.0,2,2,2,2,2,2,2,2,2,2,2,2
spiral_out_hltd_closed_loop_layer_pilot_l5_l8_a08,ontology_collapse,7,16,ontology_collapse,presence_plus_coexact,0.8,1.0,1.0,0.0,0.0,0.0,0.0,-0.2069172791439074,-0.0024839325387450845,0.039673985787062147,0.011739724991735275,0.0,0.0,0.0,2,2,2,2,2,2,2,2,2,2,2,2
spiral_out_hltd_closed_loop_layer_pilot_l5_l8_a08,ontology_collapse,8,16,ontology_collapse,coexact,0.8,1.0,1.0,0.15086206896551724,-0.0010569706363935602,-0.11950061914319754,0.25,-0.07464888950590909,-0.051790453510921486,0.17825732438538877,0.01959550533213135,-0.25,0.0,0.25,2,2,2,2,2,2,2,2,2,2,2,2
spiral_out_hltd_closed_loop_layer_pilot_l5_l8_a08,ontology_collapse,8,16,ontology_collapse,coexact_minus_presence,0.8,1.0,1.0,0.15086206896551724,-0.0010569706363935602,-0.11950061914319754,0.25,0.1430341104836207,-0.0644869049287449,0.22638593909870736,0.00999360685755966,-0.25,0.0,0.25,2,2,2,2,2,2,2,2,2,2,2,2
spiral_out_hltd_closed_loop_layer_pilot_l5_l8_a08,ontology_collapse,8,16,ontology_collapse,presence,0.8,1.0,1.0,0.0,0.0,0.0,0.0,-0.2532091416359935,-0.035362275631417805,0.06579586828889841,-0.008570886479804252,0.0,0.0,0.0,2,2,2,2,2,2,2,2,2,2,2,2
spiral_out_hltd_closed_loop_layer_pilot_l5_l8_a08,ontology_collapse,8,16,ontology_collapse,presence_plus_coexact,0.8,1.0,1.0,0.15086206896551724,-0.0010569706363935602,-0.11950061914319754,0.25,-0.25926539117357505,-0.0439923587059251,0.1013379714219795,0.015098626690380612,-0.25,0.0,0.25,2,2,2,2,2,2,2,2,2,2,2,2
spiral_out_hltd_closed_loop_ontology5_prompt_robust_l7_k16_a08,ontology_collapse,7,16,ontology_collapse,coexact,0.8,1.0,1.0,0.08971674876847291,-0.011487567973730286,-0.22767657038628072,0.35,0.003867057171093169,0.061182259718750485,0.04377638611247152,0.012477461294106882,-0.15,0.0,0.15,5,5,5,5,5,5,5,5,5,5,5,5
spiral_out_hltd_closed_loop_ontology5_prompt_robust_l7_k16_a08,ontology_collapse,7,16,ontology_collapse,coexact_minus_presence,0.8,1.0,1.0,0.1022167487684729,-0.009269001432661706,-0.4362085986104994,0.55,0.09327437140542356,0.09249172369510354,0.04807806565280208,0.02441497246032839,-0.15,-0.05,0.2,5,5,5,5,5,5,5,5,5,5,5,5
spiral_out_hltd_closed_loop_ontology5_prompt_robust_l7_k16_a08,ontology_collapse,7,16,ontology_collapse,presence,0.8,1.0,1.0,0.0,0.0,0.0125,-0.05,-0.21338428676809218,0.05496045241266465,-0.07250493993802216,0.00817304873410151,0.0,0.0,0.0,5,5,5,5,5,5,5,5,5,5,5,5
spiral_out_hltd_closed_loop_ontology5_prompt_robust_l7_k16_a08,ontology_collapse,7,16,ontology_collapse,presence_plus_coexact,0.8,1.0,1.0,0.025862068965517244,-0.005786177630600534,-0.12042377738164803,0.05,-0.1730219076874285,0.07275312010396946,0.019903505128914145,0.0042333191325488505,-0.05,0.0,0.05,5,5,5,5,5,5,5,5,5,5,5,5
spiral_out_hltd_closed_loop_ontology_alpha_narrow,ontology_collapse,7,16,ontology_collapse,coexact_minus_presence,0.6,0.0,0.0,,,,,,,,,,,,1,0,0,0,0,0,0,0,0,0,0,0
spiral_out_hltd_closed_loop_ontology_alpha_narrow,ontology_collapse,7,16,ontology_collapse,coexact_minus_presence,0.7,0.0,0.0,,,,,,,,,,,,1,0,0,0,0,0,0,0,0,0,0,0
spiral_out_hltd_closed_loop_ontology_alpha_narrow,ontology_collapse,7,16,ontology_collapse,coexact_minus_presence,0.8,0.0,0.0,,,,,,,,,,,,1,0,0,0,0,0,0,0,0,0,0,0
spiral_out_hltd_closed_loop_ontology_alpha_narrow,ontology_collapse,7,16,ontology_collapse,coexact_minus_presence,0.9,0.0,0.0,,,,,,,,,,,,1,0,0,0,0,0,0,0,0,0,0,0
spiral_out_hltd_closed_loop_ontology_alpha_sweep,ontology_collapse,7,16,ontology_collapse,coexact_minus_presence,0.25,0.0,0.0,,,,,,,,,,,,1,0,0,0,0,0,0,0,0,0,0,0
spiral_out_hltd_closed_loop_ontology_alpha_sweep,ontology_collapse,7,16,ontology_collapse,coexact_minus_presence,0.5,0.0,0.0,,,,,,,,,,,,1,0,0,0,0,0,0,0,0,0,0,0
spiral_out_hltd_closed_loop_ontology_alpha_sweep,ontology_collapse,7,16,ontology_collapse,coexact_minus_presence,1.0,0.0,0.0,,,,,,,,,,,,1,0,0,0,0,0,0,0,0,0,0,0
spiral_out_hltd_closed_loop_ontology_alpha_sweep,ontology_collapse,7,16,ontology_collapse,presence_plus_coexact,0.25,0.0,0.0,,,,,,,,,,,,1,0,0,0,0,0,0,0,0,0,0,0
spiral_out_hltd_closed_loop_ontology_alpha_sweep,ontology_collapse,7,16,ontology_collapse,presence_plus_coexact,0.5,0.0,0.0,,,,,,,,,,,,1,0,0,0,0,0,0,0,0,0,0,0
spiral_out_hltd_closed_loop_ontology_alpha_sweep,ontology_collapse,7,16,ontology_collapse,presence_plus_coexact,1.0,0.0,0.0,,,,,,,,,,,,1,0,0,0,0,0,0,0,0,0,0,0
spiral_out_hltd_closed_loop_ontology_tiny,ontology_collapse,7,16,ontology_collapse,coexact_minus_presence,1.0,0.0,0.0,,,,,,,,,,,,1,0,0,0,0,0,0,0,0,0,0,0
spiral_out_hltd_closed_loop_ontology_tiny,ontology_collapse,7,16,ontology_collapse,presence_plus_coexact,1.0,0.0,0.0,,,,,,,,,,,,1,0,0,0,0,0,0,0,0,0,0,0
spiral_out_hltd_closed_loop_reverse_exception_lk_probe_l5_l8_k12_k24_a08_s01,identity_stress,5,12,identity_stress,negative_coexact,0.8,1.0,1.0,-0.05803571428571428,0.008373172771419787,0.2038757861622873,-0.25,0.2167020895305785,-0.03172312196816306,0.06395128450672405,-0.010177708429556412,0.0,0.125,-0.125,1,1,1,1,1,1,1,1,1,1,1,1
spiral_out_hltd_closed_loop_reverse_exception_lk_probe_l5_l8_k12_k24_a08_s01,identity_stress,5,16,identity_stress,negative_coexact,0.8,1.0,1.0,0.05803571428571428,-0.008373172771419787,-0.2038757861622873,0.25,0.22855878410165636,0.1515775838849436,0.04563593168921459,-0.009708588019345363,0.0,-0.125,0.125,1,1,1,1,1,1,1,1,1,1,1,1
spiral_out_hltd_closed_loop_reverse_exception_lk_probe_l5_l8_k12_k24_a08_s01,identity_stress,5,24,identity_stress,negative_coexact,0.8,1.0,1.0,0.05803571428571428,-0.008373172771419787,-0.2038757861622873,0.25,0.2245804631567458,0.23212828729050725,-0.04396637647318392,-0.007941733027372161,0.0,-0.125,0.125,1,1,1,1,1,1,1,1,1,1,1,1
spiral_out_hltd_closed_loop_reverse_exception_lk_probe_l5_l8_k12_k24_a08_s01,identity_stress,7,12,identity_stress,negative_coexact,0.8,1.0,1.0,-0.05803571428571428,0.009845697194444676,0.2038757861622873,-0.25,0.24757617339913884,-0.011346801553084027,-0.05215685072441621,-0.021854211046741838,0.0,0.125,-0.125,1,1,1,1,1,1,1,1,1,1,1,1
spiral_out_hltd_closed_loop_reverse_exception_lk_probe_l5_l8_k12_k24_a08_s01,identity_stress,7,16,identity_stress,negative_coexact,0.8,1.0,1.0,0.05803571428571428,-0.009845697194444676,-0.2038757861622873,0.25,0.48126402096277654,0.24222343164342497,-0.025656597267534928,-0.008436056149494614,0.0,-0.125,0.125,1,1,1,1,1,1,1,1,1,1,1,1
spiral_out_hltd_closed_loop_reverse_exception_lk_probe_l5_l8_k12_k24_a08_s01,identity_stress,7,24,identity_stress,negative_coexact,0.8,1.0,1.0,0.05803571428571428,-0.009845697194444676,-0.2038757861622873,0.25,0.34475434888870704,0.1688316104172473,-0.08371051068530291,-0.02032427328106799,0.0,-0.125,0.125,1,1,1,1,1,1,1,1,1,1,1,1
spiral_out_hltd_closed_loop_reverse_exception_lk_probe_l5_l8_k12_k24_a08_s01,identity_stress,8,12,identity_stress,negative_coexact,0.8,1.0,1.0,-0.05803571428571428,0.008386554758444062,0.2038757861622873,-0.25,-0.01779639611646172,0.22874006654800033,-0.34750639587215215,-0.014166683672130337,0.0,0.125,-0.125,1,1,1,1,1,1,1,1,1,1,1,1
spiral_out_hltd_closed_loop_reverse_exception_lk_probe_l5_l8_k12_k24_a08_s01,identity_stress,8,16,identity_stress,negative_coexact,0.8,1.0,1.0,-0.05803571428571428,0.008386554758444062,0.2038757861622873,-0.25,0.004318994217387809,0.20246509497430515,-0.28660356362122175,-0.01598288239590929,0.0,0.125,-0.125,1,1,1,1,1,1,1,1,1,1,1,1
spiral_out_hltd_closed_loop_reverse_exception_lk_probe_l5_l8_k12_k24_a08_s01,identity_stress,8,24,identity_stress,negative_coexact,0.8,1.0,1.0,-0.05803571428571428,0.008386554758444062,0.2038757861622873,-0.25,-0.04827846148502801,0.18588429814068627,-0.2601718877612606,-0.014016871415661963,0.0,0.125,-0.125,1,1,1,1,1,1,1,1,1,1,1,1
spiral_out_hltd_closed_loop_reverse_exception_lk_probe_l5_l8_k12_k24_a08_s01,ontology_collapse,5,12,ontology_collapse,negative_coexact,0.8,1.0,1.0,-0.04464285714285714,-0.00490752118858119,-0.037067628652629026,0.5,-0.0865139714045712,-0.05474959508043933,0.025200443765731995,0.0028393869059137504,0.25,-0.25,0.0,1,1,1,1,1,1,1,1,1,1,1,1
spiral_out_hltd_closed_loop_reverse_exception_lk_probe_l5_l8_k12_k24_a08_s01,ontology_collapse,5,16,ontology_collapse,negative_coexact,0.8,1.0,1.0,0.0,0.0,0.0,0.0,-0.12149279151586259,-0.09458571221116863,-0.0500730603046457,-0.002387320881896249,0.0,0.0,0.0,1,1,1,1,1,1,1,1,1,1,1,1
spiral_out_hltd_closed_loop_reverse_exception_lk_probe_l5_l8_k12_k24_a08_s01,ontology_collapse,5,24,ontology_collapse,negative_coexact,0.8,1.0,1.0,0.0,0.0,0.0,0.0,-0.09319112531338727,-0.08243028349430223,-0.04694476552359898,-0.0031313888149466246,0.0,0.0,0.0,1,1,1,1,1,1,1,1,1,1,1,1
spiral_out_hltd_closed_loop_reverse_exception_lk_probe_l5_l8_k12_k24_a08_s01,ontology_collapse,7,12,ontology_collapse,negative_coexact,0.8,1.0,1.0,-0.01785714285714285,-0.001990922412585805,-0.037067628652629026,0.5,0.10100924671152298,-0.266130834774442,0.18707305457102957,0.0161520381452911,0.0,0.0,0.0,1,1,1,1,1,1,1,1,1,1,1,1
spiral_out_hltd_closed_loop_reverse_exception_lk_probe_l5_l8_k12_k24_a08_s01,ontology_collapse,7,16,ontology_collapse,negative_coexact,0.8,1.0,1.0,-0.01785714285714285,-0.001990922412585805,-0.037067628652629026,0.5,0.152884263937323,-0.2515061606505337,0.1655547244879002,0.0138537429485931,0.0,0.0,0.0,1,1,1,1,1,1,1,1,1,1,1,1
spiral_out_hltd_closed_loop_reverse_exception_lk_probe_l5_l8_k12_k24_a08_s01,ontology_collapse,7,24,ontology_collapse,negative_coexact,0.8,1.0,1.0,-0.01785714285714285,-0.001990922412585805,-0.037067628652629026,0.5,0.2952658961495178,-0.23721991491867375,0.15272550000306936,0.01186956920074565,0.0,0.0,0.0,1,1,1,1,1,1,1,1,1,1,1,1
spiral_out_hltd_closed_loop_reverse_exception_lk_probe_l5_l8_k12_k24_a08_s01,ontology_collapse,8,12,ontology_collapse,negative_coexact,0.8,1.0,1.0,-0.01785714285714285,-0.010516928553229096,-0.037067628652629026,0.5,0.3822812222507643,-0.15913029956967684,0.16473905708347072,0.02341641309212899,0.0,0.0,0.0,1,1,1,1,1,1,1,1,1,1,1,1
spiral_out_hltd_closed_loop_reverse_exception_lk_probe_l5_l8_k12_k24_a08_s01,ontology_collapse,8,16,ontology_collapse,negative_coexact,0.8,1.0,1.0,-0.01785714285714285,-0.010516928553229096,-0.037067628652629026,0.5,0.4830477246297318,-0.15306366624628248,0.11867656148106416,0.01917913911275866,0.0,0.0,0.0,1,1,1,1,1,1,1,1,1,1,1,1
spiral_out_hltd_closed_loop_reverse_exception_lk_probe_l5_l8_k12_k24_a08_s01,ontology_collapse,8,24,ontology_collapse,negative_coexact,0.8,1.0,1.0,-0.01785714285714285,-0.010516928553229096,-0.037067628652629026,0.5,0.4838359499316639,-0.15111205928907445,0.10107561560772674,0.016897346492578312,0.0,0.0,0.0,1,1,1,1,1,1,1,1,1,1,1,1
spiral_out_hltd_closed_loop_reverse_identity04_passing_band_l5_l7_k16_k24_a08_s04,identity_stress,5,16,identity_stress,negative_coexact,0.8,1.0,1.0,0.09285714285714285,-0.01339707643427166,-0.3262012578596597,0.4,0.1165885844004582,0.12097758584458093,0.10244127781370985,0.0022526911695371697,0.0,-0.2,0.2,1,1,1,1,1,1,1,1,1,1,1,1
spiral_out_hltd_closed_loop_reverse_identity04_passing_band_l5_l7_k16_k24_a08_s04,identity_stress,5,24,identity_stress,negative_coexact,0.8,1.0,1.0,0.09285714285714285,-0.01339707643427166,-0.3262012578596597,0.4,0.11261026345554766,0.20152828925014457,0.012838969651311347,0.004019546161510371,0.0,-0.2,0.2,1,1,1,1,1,1,1,1,1,1,1,1
spiral_out_hltd_closed_loop_reverse_identity04_passing_band_l5_l7_k16_k24_a08_s04,identity_stress,7,16,identity_stress,negative_coexact,0.8,1.0,1.0,0.09285714285714285,-0.01575311551111148,-0.3262012578596597,0.4,0.36303521358210566,0.2510099092118664,0.0012793833455424098,0.007985616088605225,0.0,-0.2,0.2,1,1,1,1,1,1,1,1,1,1,1,1
spiral_out_hltd_closed_loop_reverse_identity04_passing_band_l5_l7_k16_k24_a08_s04,identity_stress,7,24,identity_stress,negative_coexact,0.8,1.0,1.0,0.09285714285714285,-0.01575311551111148,-0.3262012578596597,0.4,0.2265255415080362,0.17761808798568876,-0.05677453007222557,-0.0039026010429681498,0.0,-0.2,0.2,1,1,1,1,1,1,1,1,1,1,1,1
spiral_out_hltd_closed_loop_reverse_ontology05_passing_band_l7_l8_k12_k24_a08_s04,ontology_collapse,7,12,ontology_collapse,negative_coexact,0.8,1.0,1.0,-0.03035714285714285,-0.004209488953654386,0.1527143995715896,0.3,0.04578845632572622,-0.3391929632629568,0.16618538832431085,0.0013519966293590938,0.0,0.05,-0.05,1,1,1,1,1,1,1,1,1,1,1,1
spiral_out_hltd_closed_loop_reverse_ontology05_passing_band_l7_l8_k12_k24_a08_s04,ontology_collapse,7,16,ontology_collapse,negative_coexact,0.8,1.0,1.0,-0.03035714285714285,-0.004209488953654386,0.1527143995715896,0.3,0.09766347355152624,-0.3245682891390485,0.14466705824118148,-0.000946298567338906,0.0,0.05,-0.05,1,1,1,1,1,1,1,1,1,1,1,1
spiral_out_hltd_closed_loop_reverse_ontology05_passing_band_l7_l8_k12_k24_a08_s04,ontology_collapse,7,24,ontology_collapse,negative_coexact,0.8,1.0,1.0,-0.03035714285714285,-0.004209488953654386,0.1527143995715896,0.3,0.240045105763721,-0.3102820434071885,0.13183783375635066,-0.002930472315186357,0.0,0.05,-0.05,1,1,1,1,1,1,1,1,1,1,1,1
spiral_out_hltd_closed_loop_reverse_ontology05_passing_band_l7_l8_k12_k24_a08_s04,ontology_collapse,8,12,ontology_collapse,negative_coexact,0.8,1.0,1.0,-0.03035714285714285,-0.012096509721971753,0.14958939957158962,0.3,0.341099567145791,-0.2492015449088571,0.1902899955247303,0.0056973707900855345,0.0,0.05,-0.05,1,1,1,1,1,1,1,1,1,1,1,1
spiral_out_hltd_closed_loop_reverse_ontology05_passing_band_l7_l8_k12_k24_a08_s04,ontology_collapse,8,16,ontology_collapse,negative_coexact,0.8,1.0,1.0,-0.03035714285714285,-0.012096509721971753,0.14958939957158962,0.3,0.4418660695247585,-0.24313491158546277,0.14422749992232378,0.0014600968107152112,0.0,0.05,-0.05,1,1,1,1,1,1,1,1,1,1,1,1
spiral_out_hltd_closed_loop_reverse_ontology05_passing_band_l7_l8_k12_k24_a08_s04,ontology_collapse,8,24,ontology_collapse,negative_coexact,0.8,1.0,1.0,-0.03035714285714285,-0.012096509721971753,0.14958939957158962,0.3,0.4426542948266906,-0.2411833046282547,0.12662655404898637,-0.0008216958094651409,0.0,0.05,-0.05,1,1,1,1,1,1,1,1,1,1,1,1
spiral_out_hltd_closed_loop_seed_probe_affordance01_03_l7_k16_a08,affordance_stress,7,16,affordance_stress,coexact,0.8,1.0,1.0,0.05125,0.001321071278961168,-0.28356209745602284,0.225,0.08296420703755907,0.10280037254960542,-0.004517329900632555,0.0016711855425948525,-0.125,0.025,0.1,2,2,2,2,2,2,2,2,2,2,2,2
spiral_out_hltd_closed_loop_seed_probe_affordance01_03_l7_k16_a08,affordance_stress,7,16,affordance_stress,coexact_minus_presence,0.8,1.0,1.0,-0.0034374999999999996,-0.002003479544350156,0.0031581416422390846,-0.025,0.033291514043710765,-0.013978388864257639,0.08013155955089271,0.0058746970908993,0.0,0.025,-0.025,2,2,2,2,2,2,2,2,2,2,2,2
spiral_out_hltd_closed_loop_seed_probe_affordance01_03_l7_k16_a08,affordance_stress,7,16,affordance_stress,presence,0.8,1.0,1.0,0.05125,0.001321071278961168,-0.15074959745602284,0.225,0.011779553812462679,-0.1227787401759401,0.019796081651957877,0.018895899854960704,-0.125,0.025,0.1,2,2,2,2,2,2,2,2,2,2,2,2
spiral_out_hltd_closed_loop_seed_probe_affordance01_03_l7_k16_a08,affordance_stress,7,16,affordance_stress,presence_plus_coexact,0.8,1.0,1.0,0.05125,0.001321071278961168,-0.42418709745602284,0.225,0.0015750871706129016,0.1757607644163069,-0.010002457162910212,0.018395076552237873,-0.125,0.025,0.1,2,2,2,2,2,2,2,2,2,2,2,2
spiral_out_hltd_closed_loop_seed_probe_ontology01_05_l7_k16_a08,ontology_collapse,7,16,ontology_collapse,coexact,0.8,1.0,1.0,0.0002016129032258035,0.0007549631382014017,0.08212425101387773,-0.07500000000000001,-0.317482601109781,-0.02892227655553801,0.043835639477791795,-0.014313523773496307,-0.025,0.05,-0.025,2,2,2,2,2,2,2,2,2,2,2,2
spiral_out_hltd_closed_loop_seed_probe_ontology01_05_l7_k16_a08,ontology_collapse,7,16,ontology_collapse,coexact_minus_presence,0.8,1.0,1.0,0.03145161290322581,0.0063013794908728556,-0.4392058195466689,0.42500000000000004,-0.10296857397848165,0.10613008878945618,-0.016470306435929307,0.014531011263756107,-0.025,-0.07500000000000001,0.1,2,2,2,2,2,2,2,2,2,2,2,2
spiral_out_hltd_closed_loop_seed_probe_ontology01_05_l7_k16_a08,ontology_collapse,7,16,ontology_collapse,presence,0.8,1.0,1.0,0.0002016129032258035,0.0007549631382014017,0.08212425101387773,-0.07500000000000001,-0.3960522771604371,0.00982768843998292,-0.10229807271070851,-0.01311946612609832,-0.025,0.05,-0.025,2,2,2,2,2,2,2,2,2,2,2,2
spiral_out_hltd_closed_loop_seed_probe_ontology01_05_l7_k16_a08,ontology_collapse,7,16,ontology_collapse,presence_plus_coexact,0.8,1.0,1.0,0.0002016129032258035,0.0007549631382014017,0.08212425101387773,-0.07500000000000001,-0.451808720654911,-0.013310310914400915,0.02345421488761093,-0.013022638161845745,-0.025,0.05,-0.025,2,2,2,2,2,2,2,2,2,2,2,2
spiral_out_hltd_closed_loop_seed_reuse_smoke,identity_stress,7,16,identity_stress,coexact,0.8,1.0,1.0,0.0,0.0,0.0,0.0,0.30916105846491515,0.22439998412683335,-0.3373664466822206,-0.021482762632135947,0.0,0.0,0.0,1,1,1,1,1,1,1,1,1,1,1,1
spiral_out_hltd_closed_loop_sign_control_affordance01_03_l7_k16_a08,affordance_stress,7,16,affordance_stress,negative_coexact,0.8,1.0,1.0,-0.0034374999999999996,-0.002003479544350156,0.034408141642239085,-0.025,-0.07749362330664564,0.012371195217223921,0.038550057769809486,-0.005512508431475749,0.0,0.025,-0.025,2,2,2,2,2,2,2,2,2,2,2,2
spiral_out_hltd_closed_loop_sign_control_identity02_ontology05_l7_k16_a08,identity_stress,7,16,identity_stress,negative_coexact,0.8,1.0,1.0,-0.024193548387096777,0.009314929678271949,0.041112328859719584,-0.05,0.05991738890811003,0.10670277198801796,-0.1447543926322794,-0.01884027170548071,0.15,-0.15,0.0,1,1,1,1,1,1,1,1,1,1,1,1
spiral_out_hltd_closed_loop_sign_control_identity02_ontology05_l7_k16_a08,ontology_collapse,7,16,ontology_collapse,negative_coexact,0.8,1.0,1.0,-0.03035714285714285,-0.004209488953654386,0.1527143995715896,0.3,0.09766347355152624,-0.3245682891390485,0.14466705824118148,-0.000946298567338906,0.0,0.05,-0.05,1,1,1,1,1,1,1,1,1,1,1,1
spiral_out_hltd_closed_loop_sign_control_identity5_l7_k16_a08,identity_stress,7,16,identity_stress,negative_coexact,0.8,1.0,1.0,0.009899701816210353,-0.0017837084734825467,-0.01778668966831248,-2.7755575615628915e-18,0.040628049263773024,0.11311890060556498,-0.0876054540899168,-0.0030349222750741963,0.019999999999999997,-0.05,0.030000000000000006,5,5,5,5,5,5,5,5,5,5,5,5
spiral_out_hltd_closed_loop_sign_control_ontology5_l7_k16_a08,ontology_collapse,7,16,ontology_collapse,negative_coexact,0.8,1.0,1.0,-0.04193588113777212,-0.0027162536920918674,0.1418488153947814,-0.2,0.06915350769907536,0.024658985919748667,-0.07595169430521545,-0.002452863125318233,0.08,-0.030000000000000006,-0.05,5,5,5,5,5,5,5,5,5,5,5,5
spiral_out_hltd_closed_loop_smoke_tiny,literal_stable,7,16,literal_stable,coexact_minus_presence,1.0,0.0,0.0,,,,,,,,,,,,1,0,0,0,0,0,0,0,0,0,0,0
spiral_out_hltd_closed_loop_smoke_tiny,literal_stable,7,16,literal_stable,presence_plus_coexact,1.0,0.0,0.0,,,,,,,,,,,,1,0,0,0,0,0,0,0,0,0,0,0
spiral_out_hltd_closed_loop_target_sensitivity_identity04_l7_k16_door_object_a08_s04,identity_stress,7,16,identity_door_object,negative_coexact,0.8,1.0,1.0,0.09285714285714285,-0.01575311551111148,-0.3262012578596597,0.4,0.30988272054429933,0.2510099092118664,0.0012793833455424098,0.007985616088605225,0.0,-0.2,0.2,1,1,1,1,1,1,1,1,1,1,1,1
spiral_out_hltd_closed_loop_target_sensitivity_identity04_l7_k16_generic_control_a08_s04,identity_stress,7,16,identity_generic_control,negative_coexact,0.8,1.0,1.0,0.09285714285714285,-0.01575311551111148,-0.3262012578596597,0.4,-0.4199234509706587,0.2510099092118664,0.0012793833455424098,0.007985616088605225,0.0,-0.2,0.2,1,1,1,1,1,1,1,1,1,1,1,1
spiral_out_hltd_closed_loop_target_sensitivity_identity04_l7_k16_mirror_mask_a08_s04,identity_stress,7,16,identity_mirror_mask,negative_coexact,0.8,1.0,1.0,0.09285714285714285,-0.01575311551111148,-0.3262012578596597,0.4,0.3598654998365391,0.2510099092118664,0.0012793833455424098,0.007985616088605225,0.0,-0.2,0.2,1,1,1,1,1,1,1,1,1,1,1,1
spiral_out_hltd_closed_loop_target_sensitivity_ontology05_l8_k16_map_road_a08_s04,ontology_collapse,8,16,ontology_map_road,negative_coexact,0.8,1.0,1.0,-0.03035714285714285,-0.012096509721971753,0.14958939957158962,0.3,0.1843618858094089,-0.24313491158546277,0.14422749992232378,0.0014600968107152112,0.0,0.05,-0.05,1,1,1,1,1,1,1,1,1,1,1,1
spiral_out_hltd_closed_loop_target_sensitivity_ontology05_l8_k16_moon_celestial_a08_s04,ontology_collapse,8,16,ontology_moon_celestial,negative_coexact,0.8,1.0,1.0,-0.03035714285714285,-0.012096509721971753,0.14958939957158962,0.3,1.0779046230750555,-0.24313491158546277,0.14422749992232378,0.0014600968107152112,0.0,0.05,-0.05,1,1,1,1,1,1,1,1,1,1,1,1
spiral_out_hltd_closed_loop_target_sensitivity_ontology05_l8_k16_surreal_control_a08_s04,ontology_collapse,8,16,ontology_surreal_control,negative_coexact,0.8,1.0,1.0,-0.03035714285714285,-0.012096509721971753,0.14958939957158962,0.3,-0.42710096462450053,-0.24313491158546277,0.14422749992232378,0.0014600968107152112,0.0,0.05,-0.05,1,1,1,1,1,1,1,1,1,1,1,1
