layer,k,complex_mode,betti_1_fraction_target,random_tangent_reference,token_selector,selector_component,component,baseline_component,family,prompt_id,position_bin,metric,contrast_type,position_bin_center,response_power,response_coefficient,response_rmse,relative_response_rmse,n_alpha_magnitudes,min_alpha_abs,max_alpha_abs,n_tokens,token_set,mean_position_frac,min_null_seeds,max_null_seeds
5,16,matched_betti,0.5,max_full_branch_node_speed,all_interior,coexact,coexact,random_tangent,identity_stress,identity_01,0,next_token_logprob_delta,even,0.041666666666666664,2,-0.5331718261436467,0.003964033535864765,0.012469115554557745,3,0.25,1.0,2,"1,2",0.04411764705882352,8,8
5,16,matched_betti,0.5,max_full_branch_node_speed,all_interior,coexact,coexact,random_tangent,identity_stress,identity_02,0,next_token_logprob_delta,even,0.041666666666666664,2,0.034893245425201204,0.016629013566302024,0.6243743829098327,3,0.25,1.0,2,"1,2",0.04838709677419354,8,8
5,16,matched_betti,0.5,max_full_branch_node_speed,all_interior,coexact,coexact,random_tangent,identity_stress,identity_03,0,next_token_logprob_delta,even,0.041666666666666664,2,-0.4246811100462245,0.014122827759896796,0.0556908035078469,3,0.25,1.0,1,1,0.03225806451612903,8,8
5,16,matched_betti,0.5,max_full_branch_node_speed,all_interior,coexact,coexact,random_tangent,identity_stress,identity_04,0,next_token_logprob_delta,even,0.041666666666666664,2,0.05784417645481044,0.0067918879274391835,0.193226810571047,3,0.25,1.0,2,"1,2",0.05357142857142857,8,8
5,16,matched_betti,0.5,max_full_branch_node_speed,all_interior,coexact,coexact,random_tangent,identity_stress,identity_05,0,next_token_logprob_delta,even,0.041666666666666664,2,0.03027747863415952,0.05193923158220344,0.9445759032517129,3,0.25,1.0,2,"1,2",0.05357142857142857,8,8
5,16,matched_betti,0.5,max_full_branch_node_speed,all_interior,coexact,coexact,random_tangent,literal_stable,literal_01,0,next_token_logprob_delta,even,0.041666666666666664,2,-0.07231752195176788,0.009875430600133937,0.22325906904442,3,0.25,1.0,2,"1,2",0.04545454545454545,8,8
5,16,matched_betti,0.5,max_full_branch_node_speed,all_interior,coexact,coexact,random_tangent,literal_stable,literal_02,0,next_token_logprob_delta,even,0.041666666666666664,2,0.159002578638157,0.0026260832123189315,0.02769089756127174,3,0.25,1.0,2,"1,2",0.05357142857142857,8,8
5,16,matched_betti,0.5,max_full_branch_node_speed,all_interior,coexact,coexact,random_tangent,literal_stable,literal_03,0,next_token_logprob_delta,even,0.041666666666666664,2,0.2544694809045126,0.009411207005544635,0.0619120184022362,3,0.25,1.0,2,"1,2",0.05555555555555555,8,8
5,16,matched_betti,0.5,max_full_branch_node_speed,all_interior,coexact,coexact,random_tangent,literal_stable,literal_04,0,next_token_logprob_delta,even,0.041666666666666664,2,-0.03109576859779659,0.023770288593685882,0.788520881309475,3,0.25,1.0,2,"1,2",0.06,8,8
5,16,matched_betti,0.5,max_full_branch_node_speed,all_interior,coexact,coexact,random_tangent,literal_stable,literal_05,0,next_token_logprob_delta,even,0.041666666666666664,2,0.2075789599593807,0.007296135636237891,0.05885121945993954,3,0.25,1.0,2,"1,2",0.05769230769230769,8,8
5,16,matched_betti,0.5,max_full_branch_node_speed,all_interior,coexact,coexact,random_tangent,metaphor_shift,metaphor_01,0,next_token_logprob_delta,even,0.041666666666666664,2,0.0271664862268413,0.009067603539110654,0.4884923017190307,3,0.25,1.0,2,"1,2",0.04411764705882352,8,8
5,16,matched_betti,0.5,max_full_branch_node_speed,all_interior,coexact,coexact,random_tangent,metaphor_shift,metaphor_02,0,next_token_logprob_delta,even,0.041666666666666664,2,-0.1595006657038125,0.07148355727110937,0.600867914310439,3,0.25,1.0,2,"1,2",0.05172413793103448,8,8
5,16,matched_betti,0.5,max_full_branch_node_speed,all_interior,coexact,coexact,random_tangent,metaphor_shift,metaphor_03,0,next_token_logprob_delta,even,0.041666666666666664,2,0.10244967632385972,0.0028555674648686868,0.04669894303984596,3,0.25,1.0,2,"1,2",0.05000000000000001,8,8
5,16,matched_betti,0.5,max_full_branch_node_speed,all_interior,coexact,coexact,random_tangent,metaphor_shift,metaphor_04,0,next_token_logprob_delta,even,0.041666666666666664,2,-0.09010550243480832,0.0025817448840127167,0.048002114690437296,3,0.25,1.0,2,"1,2",0.05357142857142857,8,8
5,16,matched_betti,0.5,max_full_branch_node_speed,all_interior,coexact,coexact,random_tangent,metaphor_shift,metaphor_05,0,next_token_logprob_delta,even,0.041666666666666664,2,-0.2160174375908465,0.0221911108559215,0.16979962273256208,3,0.25,1.0,2,"1,2",0.05555555555555555,8,8
5,16,matched_betti,0.5,max_full_branch_node_speed,all_interior,coexact,coexact,random_tangent,ontology_collapse,ontology_01,0,next_token_logprob_delta,even,0.041666666666666664,2,0.04453494512585234,0.003016249201640088,0.11287074677274377,3,0.25,1.0,2,"1,2",0.04838709677419354,8,8
5,16,matched_betti,0.5,max_full_branch_node_speed,all_interior,coexact,coexact,random_tangent,ontology_collapse,ontology_02,0,next_token_logprob_delta,even,0.041666666666666664,2,-0.05077108648208369,0.029522598327398005,0.6982095565839244,3,0.25,1.0,2,"1,2",0.05357142857142857,8,8
5,16,matched_betti,0.5,max_full_branch_node_speed,all_interior,coexact,coexact,random_tangent,ontology_collapse,ontology_03,0,next_token_logprob_delta,even,0.041666666666666664,2,0.8268024893764114,0.14421087964681148,0.28077851926086034,3,0.25,1.0,1,2,0.06896551724137931,8,8
5,16,matched_betti,0.5,max_full_branch_node_speed,all_interior,coexact,coexact,random_tangent,ontology_collapse,ontology_04,0,next_token_logprob_delta,even,0.041666666666666664,2,0.7016073574910838,0.05600145574886447,0.13269269669317502,3,0.25,1.0,2,"1,2",0.05172413793103448,8,8
5,16,matched_betti,0.5,max_full_branch_node_speed,all_interior,coexact,coexact,random_tangent,ontology_collapse,ontology_05,0,next_token_logprob_delta,even,0.041666666666666664,2,0.06849050240858345,0.014313145685283989,0.3307816088731176,3,0.25,1.0,2,"1,2",0.05357142857142857,8,8
5,16,matched_betti,0.5,max_full_branch_node_speed,all_interior,coexact,coexact,random_tangent,identity_stress,identity_01,1,next_token_logprob_delta,even,0.125,2,-0.1195086786208114,0.04042510129162482,0.4934622992706804,3,0.25,1.0,3,"3,4,5",0.11764705882352942,8,8
5,16,matched_betti,0.5,max_full_branch_node_speed,all_interior,coexact,coexact,random_tangent,identity_stress,identity_02,1,next_token_logprob_delta,even,0.125,2,-0.024243156434091653,0.003940613294851662,0.2630302219214709,3,0.25,1.0,3,"3,4,5",0.12903225806451613,8,8
5,16,matched_betti,0.5,max_full_branch_node_speed,all_interior,coexact,coexact,random_tangent,identity_stress,identity_03,1,next_token_logprob_delta,even,0.125,2,0.050731479476016944,0.01497737013100132,0.4437499719118475,3,0.25,1.0,3,"3,4,5",0.12903225806451613,8,8
5,16,matched_betti,0.5,max_full_branch_node_speed,all_interior,coexact,coexact,random_tangent,identity_stress,identity_04,1,next_token_logprob_delta,even,0.125,2,-0.36855640625276337,0.0427941118404185,0.1911594394869365,3,0.25,1.0,2,"3,4",0.125,8,8
5,16,matched_betti,0.5,max_full_branch_node_speed,all_interior,coexact,coexact,random_tangent,identity_stress,identity_05,1,next_token_logprob_delta,even,0.125,2,-0.11379971711517291,0.005875190336724211,0.08626962177752755,3,0.25,1.0,2,"3,4",0.125,8,8
5,16,matched_betti,0.5,max_full_branch_node_speed,all_interior,coexact,coexact,random_tangent,literal_stable,literal_01,1,next_token_logprob_delta,even,0.125,2,0.12208342798037976,0.0064285522175876065,0.0879768695778588,3,0.25,1.0,3,"3,4,5",0.12121212121212122,8,8
5,16,matched_betti,0.5,max_full_branch_node_speed,all_interior,coexact,coexact,random_tangent,literal_stable,literal_02,1,next_token_logprob_delta,even,0.125,2,0.35598090227201096,0.011708213856721427,0.055081203465420316,3,0.25,1.0,2,"3,4",0.125,8,8
5,16,matched_betti,0.5,max_full_branch_node_speed,all_interior,coexact,coexact,random_tangent,literal_stable,literal_03,1,next_token_logprob_delta,even,0.125,2,0.2565444882139278,0.007659928298899987,0.05001697072787935,3,0.25,1.0,2,"3,4",0.12962962962962962,8,8
5,16,matched_betti,0.5,max_full_branch_node_speed,all_interior,coexact,coexact,random_tangent,literal_stable,literal_04,1,next_token_logprob_delta,even,0.125,2,0.1278794364318669,0.00719043431528861,0.09389249534889908,3,0.25,1.0,2,"3,4",0.14,8,8
5,16,matched_betti,0.5,max_full_branch_node_speed,all_interior,coexact,coexact,random_tangent,literal_stable,literal_05,1,next_token_logprob_delta,even,0.125,2,-0.10619077522080726,0.007079848413546156,0.11113169355352684,3,0.25,1.0,2,"3,4",0.13461538461538464,8,8
5,16,matched_betti,0.5,max_full_branch_node_speed,all_interior,coexact,coexact,random_tangent,metaphor_shift,metaphor_01,1,next_token_logprob_delta,even,0.125,2,-0.1483019995996779,0.015678560313428184,0.17459666818046207,3,0.25,1.0,2,"3,5",0.1176470588235294,8,8
5,16,matched_betti,0.5,max_full_branch_node_speed,all_interior,coexact,coexact,random_tangent,metaphor_shift,metaphor_02,1,next_token_logprob_delta,even,0.125,2,-0.39305254656823485,0.0023723201836249198,0.01012277825690526,3,0.25,1.0,2,"3,4",0.12068965517241377,8,8
5,16,matched_betti,0.5,max_full_branch_node_speed,all_interior,coexact,coexact,random_tangent,metaphor_shift,metaphor_03,1,next_token_logprob_delta,even,0.125,2,0.03669334736377672,0.009029688153522968,0.38152661678541716,3,0.25,1.0,2,"3,4",0.11666666666666665,8,8
5,16,matched_betti,0.5,max_full_branch_node_speed,all_interior,coexact,coexact,random_tangent,metaphor_shift,metaphor_04,1,next_token_logprob_delta,even,0.125,2,-0.49038722899700354,0.03150063179150651,0.10712066589274234,3,0.25,1.0,2,"3,4",0.125,8,8
5,16,matched_betti,0.5,max_full_branch_node_speed,all_interior,coexact,coexact,random_tangent,metaphor_shift,metaphor_05,1,next_token_logprob_delta,even,0.125,2,0.09138348364099041,0.01942322069131884,0.33579470725984983,3,0.25,1.0,2,"3,4",0.12962962962962962,8,8
5,16,matched_betti,0.5,max_full_branch_node_speed,all_interior,coexact,coexact,random_tangent,ontology_collapse,ontology_01,1,next_token_logprob_delta,even,0.125,2,-0.12910505688540602,0.027438364160001026,0.3357682467965291,3,0.25,1.0,3,"3,4,5",0.12903225806451613,8,8
5,16,matched_betti,0.5,max_full_branch_node_speed,all_interior,coexact,coexact,random_tangent,ontology_collapse,ontology_02,1,next_token_logprob_delta,even,0.125,2,-0.09155005748208117,0.022523715541939392,0.3814485521067334,3,0.25,1.0,2,"3,4",0.125,8,8
5,16,matched_betti,0.5,max_full_branch_node_speed,all_interior,coexact,coexact,random_tangent,ontology_collapse,ontology_03,1,next_token_logprob_delta,even,0.125,2,0.022240818618769833,0.03485298415790496,0.9346400616612386,3,0.25,1.0,2,"3,4",0.12068965517241377,8,8
5,16,matched_betti,0.5,max_full_branch_node_speed,all_interior,coexact,coexact,random_tangent,ontology_collapse,ontology_04,1,next_token_logprob_delta,even,0.125,2,-0.2982782474135182,0.017166113738552757,0.09608061804228961,3,0.25,1.0,2,"3,4",0.12068965517241377,8,8
5,16,matched_betti,0.5,max_full_branch_node_speed,all_interior,coexact,coexact,random_tangent,ontology_collapse,ontology_05,1,next_token_logprob_delta,even,0.125,2,0.05422093224905203,0.011284350680833203,0.3295656246339972,3,0.25,1.0,1,3,0.10714285714285714,8,8
5,16,matched_betti,0.5,max_full_branch_node_speed,all_interior,coexact,coexact,random_tangent,identity_stress,identity_01,2,next_token_logprob_delta,even,0.20833333333333334,2,0.06693409793498957,0.004419537144624172,0.11007320487753561,3,0.25,1.0,3,"6,7,8",0.2058823529411765,8,8
5,16,matched_betti,0.5,max_full_branch_node_speed,all_interior,coexact,coexact,random_tangent,identity_stress,identity_02,2,next_token_logprob_delta,even,0.20833333333333334,2,-0.007856150883977458,0.006232832299607193,0.7994266359230263,3,0.25,1.0,2,"6,7",0.20967741935483866,8,8
5,16,matched_betti,0.5,max_full_branch_node_speed,all_interior,coexact,coexact,random_tangent,identity_stress,identity_03,2,next_token_logprob_delta,even,0.20833333333333334,2,-0.0237018530228708,0.009506392145630886,0.5581710972025503,3,0.25,1.0,2,"6,7",0.20967741935483866,8,8
5,16,matched_betti,0.5,max_full_branch_node_speed,all_interior,coexact,coexact,random_tangent,identity_stress,identity_04,2,next_token_logprob_delta,even,0.20833333333333334,2,-0.11476837979162337,0.02457045402243161,0.3379521392457009,3,0.25,1.0,2,"5,6",0.19642857142857142,8,8
5,16,matched_betti,0.5,max_full_branch_node_speed,all_interior,coexact,coexact,random_tangent,identity_stress,identity_05,2,next_token_logprob_delta,even,0.20833333333333334,2,0.20801413954898357,0.01181563482620293,0.09484215324342057,3,0.25,1.0,2,"5,6",0.19642857142857142,8,8
5,16,matched_betti,0.5,max_full_branch_node_speed,all_interior,coexact,coexact,random_tangent,literal_stable,literal_01,2,next_token_logprob_delta,even,0.20833333333333334,2,0.6779003520991119,0.06031764209769823,0.1476027979341839,3,0.25,1.0,2,"6,8",0.21212121212121213,8,8
5,16,matched_betti,0.5,max_full_branch_node_speed,all_interior,coexact,coexact,random_tangent,literal_stable,literal_02,2,next_token_logprob_delta,even,0.20833333333333334,2,0.25108930050472894,0.06631431079836786,0.4050155621452047,3,0.25,1.0,2,"5,6",0.19642857142857142,8,8
5,16,matched_betti,0.5,max_full_branch_node_speed,all_interior,coexact,coexact,random_tangent,literal_stable,literal_03,2,next_token_logprob_delta,even,0.20833333333333334,2,0.4123661898263216,0.005567677284603161,0.022640132188310864,3,0.25,1.0,2,"5,6",0.2037037037037037,8,8
5,16,matched_betti,0.5,max_full_branch_node_speed,all_interior,coexact,coexact,random_tangent,literal_stable,literal_04,2,next_token_logprob_delta,even,0.20833333333333334,2,-0.040703157782637944,0.014003271177038342,0.49979391225949016,3,0.25,1.0,2,"5,6",0.22,8,8
5,16,matched_betti,0.5,max_full_branch_node_speed,all_interior,coexact,coexact,random_tangent,literal_stable,literal_05,2,next_token_logprob_delta,even,0.20833333333333334,2,-0.07826819220495891,0.025042077776062356,0.47285618393755074,3,0.25,1.0,2,"5,6",0.21153846153846156,8,8
5,16,matched_betti,0.5,max_full_branch_node_speed,all_interior,coexact,coexact,random_tangent,metaphor_shift,metaphor_01,2,next_token_logprob_delta,even,0.20833333333333334,2,-0.4684734591726176,0.034463263928118944,0.1224587066615563,3,0.25,1.0,3,"6,7,8",0.2058823529411765,8,8
5,16,matched_betti,0.5,max_full_branch_node_speed,all_interior,coexact,coexact,random_tangent,metaphor_shift,metaphor_02,2,next_token_logprob_delta,even,0.20833333333333334,2,-0.11628743285457217,0.05058650342903177,0.5894151543463031,3,0.25,1.0,3,"5,6,7",0.20689655172413793,8,8
5,16,matched_betti,0.5,max_full_branch_node_speed,all_interior,coexact,coexact,random_tangent,metaphor_shift,metaphor_03,2,next_token_logprob_delta,even,0.20833333333333334,2,-0.27992731877247046,0.00600857194669561,0.03597857827535045,3,0.25,1.0,3,"5,6,7",0.19999999999999998,8,8
5,16,matched_betti,0.5,max_full_branch_node_speed,all_interior,coexact,coexact,random_tangent,metaphor_shift,metaphor_04,2,next_token_logprob_delta,even,0.20833333333333334,2,0.15641071373579427,0.00209210206743403,0.02242881834478729,3,0.25,1.0,1,6,0.21428571428571427,8,8
5,16,matched_betti,0.5,max_full_branch_node_speed,all_interior,coexact,coexact,random_tangent,metaphor_shift,metaphor_05,2,next_token_logprob_delta,even,0.20833333333333334,2,0.6156175927016573,0.02705082363638931,0.07350086759686637,3,0.25,1.0,2,"5,6",0.2037037037037037,8,8
5,16,matched_betti,0.5,max_full_branch_node_speed,all_interior,coexact,coexact,random_tangent,ontology_collapse,ontology_01,2,next_token_logprob_delta,even,0.20833333333333334,2,0.16221131622454796,0.05455856921235453,0.4913409577061449,3,0.25,1.0,2,"6,7",0.20967741935483866,8,8
5,16,matched_betti,0.5,max_full_branch_node_speed,all_interior,coexact,coexact,random_tangent,ontology_collapse,ontology_02,2,next_token_logprob_delta,even,0.20833333333333334,2,0.09091412902497993,0.02251425332557528,0.38358752971777754,3,0.25,1.0,2,"5,6",0.19642857142857142,8,8
5,16,matched_betti,0.5,max_full_branch_node_speed,all_interior,coexact,coexact,random_tangent,ontology_collapse,ontology_03,2,next_token_logprob_delta,even,0.20833333333333334,2,-0.10433261889224929,0.012884547487854097,0.2028272039944652,3,0.25,1.0,2,"5,6",0.18965517241379307,8,8
5,16,matched_betti,0.5,max_full_branch_node_speed,all_interior,coexact,coexact,random_tangent,ontology_collapse,ontology_04,2,next_token_logprob_delta,even,0.20833333333333334,2,-0.01940270025864218,0.024874151156565546,0.9067385337405932,3,0.25,1.0,3,"5,6,7",0.20689655172413793,8,8
5,16,matched_betti,0.5,max_full_branch_node_speed,all_interior,coexact,coexact,random_tangent,ontology_collapse,ontology_05,2,next_token_logprob_delta,even,0.20833333333333334,2,0.2586875575754469,0.02282243761978365,0.1463802055654028,3,0.25,1.0,2,"5,6",0.19642857142857142,8,8
5,16,matched_betti,0.5,max_full_branch_node_speed,all_interior,coexact,coexact,random_tangent,identity_stress,identity_01,3,next_token_logprob_delta,even,0.2916666666666667,2,0.15291138701553025,0.012021864582583659,0.1307337968396764,3,0.25,1.0,3,"9,10,11",0.29411764705882354,8,8
5,16,matched_betti,0.5,max_full_branch_node_speed,all_interior,coexact,coexact,random_tangent,identity_stress,identity_02,3,next_token_logprob_delta,even,0.2916666666666667,2,0.1052706002534381,0.025135594811096527,0.3717751631596416,3,0.25,1.0,3,"8,9,10",0.2903225806451613,8,8
5,16,matched_betti,0.5,max_full_branch_node_speed,all_interior,coexact,coexact,random_tangent,identity_stress,identity_03,3,next_token_logprob_delta,even,0.2916666666666667,2,0.05869900121778425,0.009248668124304856,0.2554986668173468,3,0.25,1.0,3,"8,9,10",0.2903225806451613,8,8
5,16,matched_betti,0.5,max_full_branch_node_speed,all_interior,coexact,coexact,random_tangent,identity_stress,identity_04,3,next_token_logprob_delta,even,0.2916666666666667,2,0.1913357203077061,0.0054662986750172605,0.04786285112985488,3,0.25,1.0,3,"7,8,9",0.28571428571428575,8,8
5,16,matched_betti,0.5,max_full_branch_node_speed,all_interior,coexact,coexact,random_tangent,identity_stress,identity_05,3,next_token_logprob_delta,even,0.2916666666666667,2,0.18844074539355055,0.0073940188922841975,0.06566992915664352,3,0.25,1.0,3,"7,8,9",0.28571428571428575,8,8
5,16,matched_betti,0.5,max_full_branch_node_speed,all_interior,coexact,coexact,random_tangent,literal_stable,literal_01,3,next_token_logprob_delta,even,0.2916666666666667,2,0.2611016711504074,0.007854145894865097,0.05038909380379127,3,0.25,1.0,2,"9,10",0.28787878787878785,8,8
5,16,matched_betti,0.5,max_full_branch_node_speed,all_interior,coexact,coexact,random_tangent,literal_stable,literal_02,3,next_token_logprob_delta,even,0.2916666666666667,2,0.10304323381615449,0.011788423936707896,0.188444772480822,3,0.25,1.0,3,"7,8,9",0.28571428571428575,8,8
5,16,matched_betti,0.5,max_full_branch_node_speed,all_interior,coexact,coexact,random_tangent,literal_stable,literal_03,3,next_token_logprob_delta,even,0.2916666666666667,2,-0.1376992034676566,0.010139708544742533,0.12257614358767432,3,0.25,1.0,2,"7,8",0.2777777777777778,8,8
5,16,matched_betti,0.5,max_full_branch_node_speed,all_interior,coexact,coexact,random_tangent,literal_stable,literal_04,3,next_token_logprob_delta,even,0.2916666666666667,2,-0.008341106023662581,0.052948449974305645,0.9956182215002533,3,0.25,1.0,2,"7,8",0.30000000000000004,8,8
5,16,matched_betti,0.5,max_full_branch_node_speed,all_interior,coexact,coexact,random_tangent,literal_stable,literal_05,3,next_token_logprob_delta,even,0.2916666666666667,2,0.01727223000379699,0.03786017694478724,0.9649421131932856,3,0.25,1.0,2,"7,8",0.28846153846153844,8,8
5,16,matched_betti,0.5,max_full_branch_node_speed,all_interior,coexact,coexact,random_tangent,metaphor_shift,metaphor_01,3,next_token_logprob_delta,even,0.2916666666666667,2,-0.09922085728401266,0.018199160139102912,0.2940431801207878,3,0.25,1.0,2,"10,11",0.3088235294117647,8,8
5,16,matched_betti,0.5,max_full_branch_node_speed,all_interior,coexact,coexact,random_tangent,metaphor_shift,metaphor_02,3,next_token_logprob_delta,even,0.2916666666666667,2,-0.29948061417790395,0.026389634505702156,0.14620818731791194,3,0.25,1.0,2,"8,9",0.2931034482758621,8,8
5,16,matched_betti,0.5,max_full_branch_node_speed,all_interior,coexact,coexact,random_tangent,metaphor_shift,metaphor_03,3,next_token_logprob_delta,even,0.2916666666666667,2,-0.08806444936599699,0.006529137367894166,0.12340202912498285,3,0.25,1.0,2,"8,9",0.2833333333333333,8,8
5,16,matched_betti,0.5,max_full_branch_node_speed,all_interior,coexact,coexact,random_tangent,metaphor_shift,metaphor_04,3,next_token_logprob_delta,even,0.2916666666666667,2,0.09476047898937366,0.037089802397756624,0.5487952945939042,3,0.25,1.0,3,"7,8,9",0.28571428571428575,8,8
5,16,matched_betti,0.5,max_full_branch_node_speed,all_interior,coexact,coexact,random_tangent,metaphor_shift,metaphor_05,3,next_token_logprob_delta,even,0.2916666666666667,2,-0.03198699375819573,0.013124008074536979,0.5669005536172749,3,0.25,1.0,2,"7,8",0.2777777777777778,8,8
5,16,matched_betti,0.5,max_full_branch_node_speed,all_interior,coexact,coexact,random_tangent,ontology_collapse,ontology_01,3,next_token_logprob_delta,even,0.2916666666666667,2,0.028131537414969387,0.002835540980355055,0.1666949388422867,3,0.25,1.0,3,"8,9,10",0.2903225806451613,8,8
5,16,matched_betti,0.5,max_full_branch_node_speed,all_interior,coexact,coexact,random_tangent,ontology_collapse,ontology_02,3,next_token_logprob_delta,even,0.2916666666666667,2,0.06263811282344407,0.04502121776886635,0.7696661705190541,3,0.25,1.0,2,"7,8",0.26785714285714285,8,8
5,16,matched_betti,0.5,max_full_branch_node_speed,all_interior,coexact,coexact,random_tangent,ontology_collapse,ontology_03,3,next_token_logprob_delta,even,0.2916666666666667,2,0.0563152964339348,0.010930939357015357,0.3095672385754504,3,0.25,1.0,2,"8,9",0.2931034482758621,8,8
5,16,matched_betti,0.5,max_full_branch_node_speed,all_interior,coexact,coexact,random_tangent,ontology_collapse,ontology_04,3,next_token_logprob_delta,even,0.2916666666666667,2,-1.1879945120068762,0.20303757168897618,0.2755580906746884,3,0.25,1.0,2,"8,9",0.2931034482758621,8,8
5,16,matched_betti,0.5,max_full_branch_node_speed,all_interior,coexact,coexact,random_tangent,ontology_collapse,ontology_05,3,next_token_logprob_delta,even,0.2916666666666667,2,-0.020662512540065937,0.005303251863401813,0.39540397520540255,3,0.25,1.0,3,"7,8,9",0.28571428571428575,8,8
5,16,matched_betti,0.5,max_full_branch_node_speed,all_interior,coexact,coexact,random_tangent,identity_stress,identity_01,4,next_token_logprob_delta,even,0.375,2,-0.03024457994760042,0.006982084559788604,0.36107889195226484,3,0.25,1.0,3,"12,13,14",0.38235294117647056,8,8
5,16,matched_betti,0.5,max_full_branch_node_speed,all_interior,coexact,coexact,random_tangent,identity_stress,identity_02,4,next_token_logprob_delta,even,0.375,2,-0.09666213794509547,0.0031260882933662974,0.05416342936026112,3,0.25,1.0,1,12,0.3870967741935483,8,8
5,16,matched_betti,0.5,max_full_branch_node_speed,all_interior,coexact,coexact,random_tangent,identity_stress,identity_03,4,next_token_logprob_delta,even,0.375,2,0.12961676882836493,0.010360369811964629,0.1328755789016463,3,0.25,1.0,2,"11,12",0.3709677419354838,8,8
5,16,matched_betti,0.5,max_full_branch_node_speed,all_interior,coexact,coexact,random_tangent,identity_stress,identity_04,4,next_token_logprob_delta,even,0.375,2,-0.06952610097745195,0.007550792293683914,0.1792073243895589,3,0.25,1.0,2,"10,11",0.375,8,8
5,16,matched_betti,0.5,max_full_branch_node_speed,all_interior,coexact,coexact,random_tangent,identity_stress,identity_05,4,next_token_logprob_delta,even,0.375,2,-0.3069984865357763,0.011639194508965202,0.0634614052071719,3,0.25,1.0,2,"10,11",0.375,8,8
5,16,matched_betti,0.5,max_full_branch_node_speed,all_interior,coexact,coexact,random_tangent,literal_stable,literal_01,4,next_token_logprob_delta,even,0.375,2,-0.37871549846793495,0.015154096296920175,0.06696383829034208,3,0.25,1.0,3,"11,12,13",0.3636363636363636,8,8
5,16,matched_betti,0.5,max_full_branch_node_speed,all_interior,coexact,coexact,random_tangent,literal_stable,literal_02,4,next_token_logprob_delta,even,0.375,2,-0.2069406016776073,0.008932565242444419,0.07220953708485037,3,0.25,1.0,2,"10,11",0.375,8,8
5,16,matched_betti,0.5,max_full_branch_node_speed,all_interior,coexact,coexact,random_tangent,literal_stable,literal_03,4,next_token_logprob_delta,even,0.375,2,0.07556846088950507,0.009112471691075914,0.1982389966284164,3,0.25,1.0,3,"9,10,11",0.3703703703703704,8,8
5,16,matched_betti,0.5,max_full_branch_node_speed,all_interior,coexact,coexact,random_tangent,literal_stable,literal_04,4,next_token_logprob_delta,even,0.375,2,-0.08294297773665968,0.005096104985097511,0.10250950350279242,3,0.25,1.0,2,"9,10",0.38000000000000006,8,8
5,16,matched_betti,0.5,max_full_branch_node_speed,all_interior,coexact,coexact,random_tangent,literal_stable,literal_05,4,next_token_logprob_delta,even,0.375,2,-0.45897321962983095,0.014480565628342976,0.052843339151035736,3,0.25,1.0,2,"9,10",0.3653846153846154,8,8
5,16,matched_betti,0.5,max_full_branch_node_speed,all_interior,coexact,coexact,random_tangent,metaphor_shift,metaphor_01,4,next_token_logprob_delta,even,0.375,2,-0.311063544086898,0.0006560867925568249,0.0035376001885602374,3,0.25,1.0,3,"12,13,14",0.38235294117647056,8,8
5,16,matched_betti,0.5,max_full_branch_node_speed,all_interior,coexact,coexact,random_tangent,metaphor_shift,metaphor_02,4,next_token_logprob_delta,even,0.375,2,0.148367824795501,0.022055766507624867,0.2419274831412487,3,0.25,1.0,3,"10,11,12",0.37931034482758624,8,8
5,16,matched_betti,0.5,max_full_branch_node_speed,all_interior,coexact,coexact,random_tangent,metaphor_shift,metaphor_03,4,next_token_logprob_delta,even,0.375,2,0.05802205711734748,0.0027352074396826322,0.07882121700457419,3,0.25,1.0,3,"10,11,12",0.3666666666666667,8,8
5,16,matched_betti,0.5,max_full_branch_node_speed,all_interior,coexact,coexact,random_tangent,metaphor_shift,metaphor_04,4,next_token_logprob_delta,even,0.375,2,-0.1151368312939659,0.024698015831716817,0.33854314621091547,3,0.25,1.0,2,"10,11",0.375,8,8
5,16,matched_betti,0.5,max_full_branch_node_speed,all_interior,coexact,coexact,random_tangent,metaphor_shift,metaphor_05,4,next_token_logprob_delta,even,0.375,2,-0.1098018169854842,0.01125342607402127,0.16941463391490938,3,0.25,1.0,3,"9,10,11",0.3703703703703704,8,8
5,16,matched_betti,0.5,max_full_branch_node_speed,all_interior,coexact,coexact,random_tangent,ontology_collapse,ontology_01,4,next_token_logprob_delta,even,0.375,2,0.08274828260491589,0.009783577149754983,0.19451905369447214,3,0.25,1.0,1,12,0.3870967741935483,8,8
5,16,matched_betti,0.5,max_full_branch_node_speed,all_interior,coexact,coexact,random_tangent,ontology_collapse,ontology_02,4,next_token_logprob_delta,even,0.375,2,-0.026701503904994844,0.012861365965157235,0.6284287909931818,3,0.25,1.0,2,"10,11",0.375,8,8
5,16,matched_betti,0.5,max_full_branch_node_speed,all_interior,coexact,coexact,random_tangent,ontology_collapse,ontology_03,4,next_token_logprob_delta,even,0.375,2,0.12731674852531202,0.00972827897206438,0.12711948999093037,3,0.25,1.0,3,"10,11,12",0.37931034482758624,8,8
5,16,matched_betti,0.5,max_full_branch_node_speed,all_interior,coexact,coexact,random_tangent,ontology_collapse,ontology_04,4,next_token_logprob_delta,even,0.375,2,-0.19708412214368962,0.012331653039494161,0.10437353689550086,3,0.25,1.0,3,"10,11,12",0.37931034482758624,8,8
5,16,matched_betti,0.5,max_full_branch_node_speed,all_interior,coexact,coexact,random_tangent,ontology_collapse,ontology_05,4,next_token_logprob_delta,even,0.375,2,0.44607353422094886,0.042582826046004246,0.15809954760635725,3,0.25,1.0,1,10,0.35714285714285715,8,8
5,16,matched_betti,0.5,max_full_branch_node_speed,all_interior,coexact,coexact,random_tangent,identity_stress,identity_01,5,next_token_logprob_delta,even,0.4583333333333333,2,-0.3667958511323456,0.024233356416905782,0.11013826828644617,3,0.25,1.0,2,"15,16",0.45588235294117646,8,8
5,16,matched_betti,0.5,max_full_branch_node_speed,all_interior,coexact,coexact,random_tangent,identity_stress,identity_02,5,next_token_logprob_delta,even,0.4583333333333333,2,0.08342322741966962,0.012255026024861147,0.23923703432613977,3,0.25,1.0,3,"13,14,15",0.4516129032258065,8,8
5,16,matched_betti,0.5,max_full_branch_node_speed,all_interior,coexact,coexact,random_tangent,identity_stress,identity_03,5,next_token_logprob_delta,even,0.4583333333333333,2,-0.0482459194393506,0.008884813989726082,0.2951206179088625,3,0.25,1.0,3,"13,14,15",0.4516129032258065,8,8
5,16,matched_betti,0.5,max_full_branch_node_speed,all_interior,coexact,coexact,random_tangent,identity_stress,identity_04,5,next_token_logprob_delta,even,0.4583333333333333,2,-0.9924914025336267,0.22409875283721453,0.3541670778839365,3,0.25,1.0,1,12,0.42857142857142855,8,8
5,16,matched_betti,0.5,max_full_branch_node_speed,all_interior,coexact,coexact,random_tangent,identity_stress,identity_05,5,next_token_logprob_delta,even,0.4583333333333333,2,-0.01216206772283588,0.011261400527049567,0.8407809391032827,3,0.25,1.0,2,"12,13",0.4464285714285714,8,8
5,16,matched_betti,0.5,max_full_branch_node_speed,all_interior,coexact,coexact,random_tangent,literal_stable,literal_01,5,next_token_logprob_delta,even,0.4583333333333333,2,-0.13039995925102646,0.002734243715741672,0.035147192512785363,3,0.25,1.0,3,"14,15,16",0.4545454545454546,8,8
5,16,matched_betti,0.5,max_full_branch_node_speed,all_interior,coexact,coexact,random_tangent,literal_stable,literal_02,5,next_token_logprob_delta,even,0.4583333333333333,2,-0.014055337520027043,0.020070823952887437,0.9227972653904476,3,0.25,1.0,2,"12,13",0.4464285714285714,8,8
5,16,matched_betti,0.5,max_full_branch_node_speed,all_interior,coexact,coexact,random_tangent,literal_stable,literal_03,5,next_token_logprob_delta,even,0.4583333333333333,2,-0.08865766711224388,0.035519833091409776,0.5577474566171634,3,0.25,1.0,2,"12,13",0.46296296296296297,8,8
5,16,matched_betti,0.5,max_full_branch_node_speed,all_interior,coexact,coexact,random_tangent,literal_stable,literal_04,5,next_token_logprob_delta,even,0.4583333333333333,2,-0.562121250798169,0.02162283952175234,0.06438430143808559,3,0.25,1.0,2,"11,12",0.45999999999999996,8,8
5,16,matched_betti,0.5,max_full_branch_node_speed,all_interior,coexact,coexact,random_tangent,literal_stable,literal_05,5,next_token_logprob_delta,even,0.4583333333333333,2,0.17137062477877404,0.02894081028319207,0.2725304853310381,3,0.25,1.0,2,"11,12",0.4423076923076923,8,8
5,16,matched_betti,0.5,max_full_branch_node_speed,all_interior,coexact,coexact,random_tangent,metaphor_shift,metaphor_01,5,next_token_logprob_delta,even,0.4583333333333333,2,-0.33412626581015503,0.020354612155326596,0.1016473879536729,3,0.25,1.0,1,16,0.4705882352941176,8,8
5,16,matched_betti,0.5,max_full_branch_node_speed,all_interior,coexact,coexact,random_tangent,metaphor_shift,metaphor_02,5,next_token_logprob_delta,even,0.4583333333333333,2,0.1565992741787304,0.008886493021095777,0.09475053423167865,3,0.25,1.0,2,"13,14",0.46551724137931033,8,8
5,16,matched_betti,0.5,max_full_branch_node_speed,all_interior,coexact,coexact,random_tangent,metaphor_shift,metaphor_03,5,next_token_logprob_delta,even,0.4583333333333333,2,0.13346557680748708,0.009366482450048065,0.11690109362327558,3,0.25,1.0,2,"13,14",0.45,8,8
5,16,matched_betti,0.5,max_full_branch_node_speed,all_interior,coexact,coexact,random_tangent,metaphor_shift,metaphor_04,5,next_token_logprob_delta,even,0.4583333333333333,2,-0.1516545427676033,0.03394043520940124,0.3514283280671224,3,0.25,1.0,1,12,0.42857142857142855,8,8
5,16,matched_betti,0.5,max_full_branch_node_speed,all_interior,coexact,coexact,random_tangent,metaphor_shift,metaphor_05,5,next_token_logprob_delta,even,0.4583333333333333,2,0.28727690769448505,0.02277154683695565,0.1317911813730109,3,0.25,1.0,2,"12,13",0.46296296296296297,8,8
5,16,matched_betti,0.5,max_full_branch_node_speed,all_interior,coexact,coexact,random_tangent,ontology_collapse,ontology_01,5,next_token_logprob_delta,even,0.4583333333333333,2,0.15231785455625427,0.028738237284229876,0.3017061644432584,3,0.25,1.0,3,"13,14,15",0.4516129032258065,8,8
5,16,matched_betti,0.5,max_full_branch_node_speed,all_interior,coexact,coexact,random_tangent,ontology_collapse,ontology_02,5,next_token_logprob_delta,even,0.4583333333333333,2,0.5396675019282523,0.05918313652831529,0.18090300386611557,3,0.25,1.0,2,"12,13",0.4464285714285714,8,8
5,16,matched_betti,0.5,max_full_branch_node_speed,all_interior,coexact,coexact,random_tangent,ontology_collapse,ontology_03,5,next_token_logprob_delta,even,0.4583333333333333,2,-0.12524750917960295,0.04205766354028448,0.49073537430700065,3,0.25,1.0,2,"13,14",0.46551724137931033,8,8
5,16,matched_betti,0.5,max_full_branch_node_speed,all_interior,coexact,coexact,random_tangent,ontology_collapse,ontology_04,5,next_token_logprob_delta,even,0.4583333333333333,2,0.05712548251697852,0.022077936677026982,0.5439427272469303,3,0.25,1.0,2,"13,14",0.46551724137931033,8,8
5,16,matched_betti,0.5,max_full_branch_node_speed,all_interior,coexact,coexact,random_tangent,ontology_collapse,ontology_05,5,next_token_logprob_delta,even,0.4583333333333333,2,-0.08885481097816748,0.011591331556485045,0.21374553560680254,3,0.25,1.0,2,"12,13",0.4464285714285714,8,8
5,16,matched_betti,0.5,max_full_branch_node_speed,all_interior,coexact,coexact,random_tangent,identity_stress,identity_01,6,next_token_logprob_delta,even,0.5416666666666666,2,-0.1717959676643138,0.009818951576555842,0.09542562806402229,3,0.25,1.0,3,"17,18,19",0.5294117647058824,8,8
5,16,matched_betti,0.5,max_full_branch_node_speed,all_interior,coexact,coexact,random_tangent,identity_stress,identity_02,6,next_token_logprob_delta,even,0.5416666666666666,2,0.27792301373170325,0.001833766988672252,0.011066042489639084,3,0.25,1.0,2,"16,17",0.532258064516129,8,8
5,16,matched_betti,0.5,max_full_branch_node_speed,all_interior,coexact,coexact,random_tangent,identity_stress,identity_03,6,next_token_logprob_delta,even,0.5416666666666666,2,0.08355838831919978,0.009346480635465918,0.18439353334363495,3,0.25,1.0,3,"16,17,18",0.5483870967741935,8,8
5,16,matched_betti,0.5,max_full_branch_node_speed,all_interior,coexact,coexact,random_tangent,identity_stress,identity_04,6,next_token_logprob_delta,even,0.5416666666666666,2,-0.13483767802885144,0.007657208579117549,0.09481943390645822,3,0.25,1.0,3,"14,15,16",0.5357142857142857,8,8
5,16,matched_betti,0.5,max_full_branch_node_speed,all_interior,coexact,coexact,random_tangent,identity_stress,identity_05,6,next_token_logprob_delta,even,0.5416666666666666,2,-0.12121452777312547,0.012895025994802573,0.17565530173539137,3,0.25,1.0,3,"14,15,16",0.5357142857142857,8,8
5,16,matched_betti,0.5,max_full_branch_node_speed,all_interior,coexact,coexact,random_tangent,literal_stable,literal_01,6,next_token_logprob_delta,even,0.5416666666666666,2,0.1311936902296107,0.017655770686346186,0.22018206774394355,3,0.25,1.0,3,"17,18,19",0.5454545454545454,8,8
5,16,matched_betti,0.5,max_full_branch_node_speed,all_interior,coexact,coexact,random_tangent,literal_stable,literal_02,6,next_token_logprob_delta,even,0.5416666666666666,2,-0.14583019630942157,0.02024094502354078,0.2267367833119552,3,0.25,1.0,3,"14,15,16",0.5357142857142857,8,8
5,16,matched_betti,0.5,max_full_branch_node_speed,all_interior,coexact,coexact,random_tangent,literal_stable,literal_03,6,next_token_logprob_delta,even,0.5416666666666666,2,0.018811200207393124,0.011444686372838445,0.7142231131603276,3,0.25,1.0,2,"14,15",0.537037037037037,8,8
5,16,matched_betti,0.5,max_full_branch_node_speed,all_interior,coexact,coexact,random_tangent,literal_stable,literal_04,6,next_token_logprob_delta,even,0.5416666666666666,2,0.06790725157258196,0.02338989334649554,0.5002348836531672,3,0.25,1.0,2,"13,14",0.54,8,8
5,16,matched_betti,0.5,max_full_branch_node_speed,all_interior,coexact,coexact,random_tangent,literal_stable,literal_05,6,next_token_logprob_delta,even,0.5416666666666666,2,0.1334521609098147,0.014634996083967965,0.18090110558573855,3,0.25,1.0,3,"13,14,15",0.5384615384615384,8,8
5,16,matched_betti,0.5,max_full_branch_node_speed,all_interior,coexact,coexact,random_tangent,metaphor_shift,metaphor_01,6,next_token_logprob_delta,even,0.5416666666666666,2,0.058476967751693226,0.022816974702880414,0.5475997544372082,3,0.25,1.0,3,"17,18,19",0.5294117647058824,8,8
5,16,matched_betti,0.5,max_full_branch_node_speed,all_interior,coexact,coexact,random_tangent,metaphor_shift,metaphor_02,6,next_token_logprob_delta,even,0.5416666666666666,2,-0.23646492377644954,0.04883297688228434,0.3272966447242742,3,0.25,1.0,2,"15,16",0.5344827586206897,8,8
5,16,matched_betti,0.5,max_full_branch_node_speed,all_interior,coexact,coexact,random_tangent,metaphor_shift,metaphor_03,6,next_token_logprob_delta,even,0.5416666666666666,2,0.026152805964913716,0.004017016726218954,0.24947713896573645,3,0.25,1.0,2,"16,17",0.55,8,8
5,16,matched_betti,0.5,max_full_branch_node_speed,all_interior,coexact,coexact,random_tangent,metaphor_shift,metaphor_04,6,next_token_logprob_delta,even,0.5416666666666666,2,-0.23818703642016445,0.02455493041581798,0.17038164255188148,3,0.25,1.0,3,"14,15,16",0.5357142857142857,8,8
5,16,matched_betti,0.5,max_full_branch_node_speed,all_interior,coexact,coexact,random_tangent,metaphor_shift,metaphor_05,6,next_token_logprob_delta,even,0.5416666666666666,2,0.27444097810023954,0.03345859492882322,0.20033786727133174,3,0.25,1.0,2,"14,15",0.537037037037037,8,8
5,16,matched_betti,0.5,max_full_branch_node_speed,all_interior,coexact,coexact,random_tangent,ontology_collapse,ontology_01,6,next_token_logprob_delta,even,0.5416666666666666,2,0.20099395512668886,0.017768628834390163,0.14667219623564973,3,0.25,1.0,3,"16,17,18",0.5483870967741935,8,8
5,16,matched_betti,0.5,max_full_branch_node_speed,all_interior,coexact,coexact,random_tangent,ontology_collapse,ontology_02,6,next_token_logprob_delta,even,0.5416666666666666,2,0.49892542818890157,0.008749669271581042,0.029401364974038054,3,0.25,1.0,3,"14,15,16",0.5357142857142857,8,8
5,16,matched_betti,0.5,max_full_branch_node_speed,all_interior,coexact,coexact,random_tangent,ontology_collapse,ontology_03,6,next_token_logprob_delta,even,0.5416666666666666,2,-0.14229524743697708,0.007602978633224976,0.08925974764465061,3,0.25,1.0,2,"15,16",0.5344827586206897,8,8
5,16,matched_betti,0.5,max_full_branch_node_speed,all_interior,coexact,coexact,random_tangent,ontology_collapse,ontology_04,6,next_token_logprob_delta,even,0.5416666666666666,2,0.31192437901127545,0.05037614208513643,0.26145628067424137,3,0.25,1.0,1,16,0.5517241379310345,8,8
5,16,matched_betti,0.5,max_full_branch_node_speed,all_interior,coexact,coexact,random_tangent,ontology_collapse,ontology_05,6,next_token_logprob_delta,even,0.5416666666666666,2,0.21915436473676866,0.009611657797173313,0.07336274943594293,3,0.25,1.0,2,"15,16",0.5535714285714286,8,8
5,16,matched_betti,0.5,max_full_branch_node_speed,all_interior,coexact,coexact,random_tangent,identity_stress,identity_01,7,next_token_logprob_delta,even,0.625,2,-0.11375918712974413,0.0059721145496715545,0.08771297456319624,3,0.25,1.0,3,"20,21,22",0.6176470588235294,8,8
5,16,matched_betti,0.5,max_full_branch_node_speed,all_interior,coexact,coexact,random_tangent,identity_stress,identity_02,7,next_token_logprob_delta,even,0.625,2,0.19376722708227748,0.015246056653290025,0.1308359736858582,3,0.25,1.0,2,"19,20",0.6290322580645161,8,8
5,16,matched_betti,0.5,max_full_branch_node_speed,all_interior,coexact,coexact,random_tangent,identity_stress,identity_03,7,next_token_logprob_delta,even,0.625,2,0.21537171161871366,0.006028078793971753,0.04689337785210252,3,0.25,1.0,2,"19,20",0.6290322580645161,8,8
5,16,matched_betti,0.5,max_full_branch_node_speed,all_interior,coexact,coexact,random_tangent,identity_stress,identity_04,7,next_token_logprob_delta,even,0.625,2,-0.06037624845068716,0.05084261445676754,0.8161492012256747,3,0.25,1.0,1,17,0.6071428571428571,8,8
5,16,matched_betti,0.5,max_full_branch_node_speed,all_interior,coexact,coexact,random_tangent,identity_stress,identity_05,7,next_token_logprob_delta,even,0.625,2,-0.34664071963970694,0.008750721194248332,0.042303335060668676,3,0.25,1.0,2,"17,18",0.625,8,8
5,16,matched_betti,0.5,max_full_branch_node_speed,all_interior,coexact,coexact,random_tangent,literal_stable,literal_01,7,next_token_logprob_delta,even,0.625,2,-0.354416466119457,0.041347501276154615,0.1920328931122772,3,0.25,1.0,2,"20,21",0.6212121212121212,8,8
5,16,matched_betti,0.5,max_full_branch_node_speed,all_interior,coexact,coexact,random_tangent,literal_stable,literal_02,7,next_token_logprob_delta,even,0.625,2,0.06227022633934864,0.03795061105997793,0.714827825713999,3,0.25,1.0,2,"17,18",0.625,8,8
5,16,matched_betti,0.5,max_full_branch_node_speed,all_interior,coexact,coexact,random_tangent,literal_stable,literal_03,7,next_token_logprob_delta,even,0.625,2,0.00031732900269209875,0.004177867582590535,0.9989762019929169,3,0.25,1.0,2,"16,17",0.6111111111111112,8,8
5,16,matched_betti,0.5,max_full_branch_node_speed,all_interior,coexact,coexact,random_tangent,literal_stable,literal_04,7,next_token_logprob_delta,even,0.625,2,-0.2163670104318961,0.025170444052516734,0.19150738126704472,3,0.25,1.0,2,"15,16",0.62,8,8
5,16,matched_betti,0.5,max_full_branch_node_speed,all_interior,coexact,coexact,random_tangent,literal_stable,literal_05,7,next_token_logprob_delta,even,0.625,2,-0.12627634026683757,0.03589493178191226,0.43036117108002264,3,0.25,1.0,2,"16,17",0.6346153846153846,8,8
5,16,matched_betti,0.5,max_full_branch_node_speed,all_interior,coexact,coexact,random_tangent,metaphor_shift,metaphor_01,7,next_token_logprob_delta,even,0.625,2,-0.14629355860468868,0.007548663474522586,0.08622312333885791,3,0.25,1.0,2,"20,21",0.6029411764705883,8,8
5,16,matched_betti,0.5,max_full_branch_node_speed,all_interior,coexact,coexact,random_tangent,metaphor_shift,metaphor_02,7,next_token_logprob_delta,even,0.625,2,0.5844951148984131,0.010859898066405221,0.031148229681238298,3,0.25,1.0,3,"17,18,19",0.6206896551724138,8,8
5,16,matched_betti,0.5,max_full_branch_node_speed,all_interior,coexact,coexact,random_tangent,metaphor_shift,metaphor_03,7,next_token_logprob_delta,even,0.625,2,-0.03128673017986623,0.011677064043278867,0.530606954960627,3,0.25,1.0,2,"18,19",0.6166666666666667,8,8
5,16,matched_betti,0.5,max_full_branch_node_speed,all_interior,coexact,coexact,random_tangent,metaphor_shift,metaphor_04,7,next_token_logprob_delta,even,0.625,2,-0.2133412237696452,0.025413959420507972,0.1959281379172649,3,0.25,1.0,2,"17,18",0.625,8,8
5,16,matched_betti,0.5,max_full_branch_node_speed,all_interior,coexact,coexact,random_tangent,metaphor_shift,metaphor_05,7,next_token_logprob_delta,even,0.625,2,0.14373456599003573,0.00511175501958389,0.05954384011539145,3,0.25,1.0,2,"16,17",0.6111111111111112,8,8
5,16,matched_betti,0.5,max_full_branch_node_speed,all_interior,coexact,coexact,random_tangent,ontology_collapse,ontology_01,7,next_token_logprob_delta,even,0.625,2,0.1446130328179188,0.014781882749192175,0.1689783286003104,3,0.25,1.0,2,"19,20",0.6290322580645161,8,8
5,16,matched_betti,0.5,max_full_branch_node_speed,all_interior,coexact,coexact,random_tangent,ontology_collapse,ontology_02,7,next_token_logprob_delta,even,0.625,2,0.09773776853025204,0.0255720888717367,0.4018460632992966,3,0.25,1.0,2,"17,18",0.625,8,8
5,16,matched_betti,0.5,max_full_branch_node_speed,all_interior,coexact,coexact,random_tangent,ontology_collapse,ontology_03,7,next_token_logprob_delta,even,0.625,2,-0.38361149368000713,0.02060925521365834,0.08974575640897399,3,0.25,1.0,3,"17,18,19",0.6206896551724138,8,8
5,16,matched_betti,0.5,max_full_branch_node_speed,all_interior,coexact,coexact,random_tangent,ontology_collapse,ontology_04,7,next_token_logprob_delta,even,0.625,2,0.07737085264054827,0.010740195371968323,0.2267622765217585,3,0.25,1.0,3,"17,18,19",0.6206896551724138,8,8
5,16,matched_betti,0.5,max_full_branch_node_speed,all_interior,coexact,coexact,random_tangent,ontology_collapse,ontology_05,7,next_token_logprob_delta,even,0.625,2,0.02348084157476954,0.029776628394378144,0.9049705287533344,3,0.25,1.0,2,"17,18",0.625,8,8
5,16,matched_betti,0.5,max_full_branch_node_speed,all_interior,coexact,coexact,random_tangent,identity_stress,identity_01,8,next_token_logprob_delta,even,0.7083333333333334,2,-0.1125269272785765,0.03625409947755626,0.47540830642289494,3,0.25,1.0,3,"23,24,25",0.7058823529411765,8,8
5,16,matched_betti,0.5,max_full_branch_node_speed,all_interior,coexact,coexact,random_tangent,identity_stress,identity_02,8,next_token_logprob_delta,even,0.7083333333333334,2,-0.0507398877394933,0.010473861073462352,0.32716937528569945,3,0.25,1.0,3,"21,22,23",0.7096774193548386,8,8
5,16,matched_betti,0.5,max_full_branch_node_speed,all_interior,coexact,coexact,random_tangent,identity_stress,identity_03,8,next_token_logprob_delta,even,0.7083333333333334,2,-0.1765381895500336,0.006361969925991946,0.06033375238597702,3,0.25,1.0,3,"21,22,23",0.7096774193548386,8,8
5,16,matched_betti,0.5,max_full_branch_node_speed,all_interior,coexact,coexact,random_tangent,identity_stress,identity_04,8,next_token_logprob_delta,even,0.7083333333333334,2,0.0210643178410162,0.008570263696730814,0.5636710980516445,3,0.25,1.0,2,"19,20",0.6964285714285715,8,8
5,16,matched_betti,0.5,max_full_branch_node_speed,all_interior,coexact,coexact,random_tangent,identity_stress,identity_05,8,next_token_logprob_delta,even,0.7083333333333334,2,-0.20790653364007677,0.016566563133709484,0.13247049040991582,3,0.25,1.0,2,"19,20",0.6964285714285715,8,8
5,16,matched_betti,0.5,max_full_branch_node_speed,all_interior,coexact,coexact,random_tangent,literal_stable,literal_01,8,next_token_logprob_delta,even,0.7083333333333334,2,-0.0018517543422711322,0.010853535953910726,0.9948661729407129,3,0.25,1.0,3,"22,23,24",0.6969696969696969,8,8
5,16,matched_betti,0.5,max_full_branch_node_speed,all_interior,coexact,coexact,random_tangent,literal_stable,literal_02,8,next_token_logprob_delta,even,0.7083333333333334,2,-0.024761985291856418,0.009073658593944812,0.523615734511964,3,0.25,1.0,2,"19,20",0.6964285714285715,8,8
5,16,matched_betti,0.5,max_full_branch_node_speed,all_interior,coexact,coexact,random_tangent,literal_stable,literal_03,8,next_token_logprob_delta,even,0.7083333333333334,2,0.07295048336991257,0.006727366754627327,0.15285595820717474,3,0.25,1.0,3,"18,19,20",0.7037037037037037,8,8
5,16,matched_betti,0.5,max_full_branch_node_speed,all_interior,coexact,coexact,random_tangent,literal_stable,literal_04,8,next_token_logprob_delta,even,0.7083333333333334,2,0.23237760177215555,0.009154820278078728,0.0659339032438376,3,0.25,1.0,2,"17,18",0.6999999999999998,8,8
5,16,matched_betti,0.5,max_full_branch_node_speed,all_interior,coexact,coexact,random_tangent,literal_stable,literal_05,8,next_token_logprob_delta,even,0.7083333333333334,2,0.016812855029557146,0.019012564429810634,0.8845840870627966,3,0.25,1.0,2,"18,19",0.7115384615384613,8,8
5,16,matched_betti,0.5,max_full_branch_node_speed,all_interior,coexact,coexact,random_tangent,metaphor_shift,metaphor_01,8,next_token_logprob_delta,even,0.7083333333333334,2,0.08017416675397311,0.007115914390493033,0.14724341243446853,3,0.25,1.0,3,"23,24,25",0.7058823529411765,8,8
5,16,matched_betti,0.5,max_full_branch_node_speed,all_interior,coexact,coexact,random_tangent,metaphor_shift,metaphor_02,8,next_token_logprob_delta,even,0.7083333333333334,2,-0.2364208746734196,0.023862547910643878,0.16691469438620535,3,0.25,1.0,2,"20,21",0.7068965517241379,8,8
5,16,matched_betti,0.5,max_full_branch_node_speed,all_interior,coexact,coexact,random_tangent,metaphor_shift,metaphor_03,8,next_token_logprob_delta,even,0.7083333333333334,2,0.040599347803211124,0.01254112682951508,0.460026944157698,3,0.25,1.0,3,"20,21,22",0.6999999999999998,8,8
5,16,matched_betti,0.5,max_full_branch_node_speed,all_interior,coexact,coexact,random_tangent,metaphor_shift,metaphor_04,8,next_token_logprob_delta,even,0.7083333333333334,2,-0.01117955200125045,0.007565501394759667,0.7503325970235457,3,0.25,1.0,2,"19,20",0.6964285714285715,8,8
5,16,matched_betti,0.5,max_full_branch_node_speed,all_interior,coexact,coexact,random_tangent,metaphor_shift,metaphor_05,8,next_token_logprob_delta,even,0.7083333333333334,2,0.008540899424178273,0.009856846828606245,0.8884449265948043,3,0.25,1.0,3,"18,19,20",0.7037037037037037,8,8
5,16,matched_betti,0.5,max_full_branch_node_speed,all_interior,coexact,coexact,random_tangent,ontology_collapse,ontology_01,8,next_token_logprob_delta,even,0.7083333333333334,2,-0.049648766704958956,0.025804271968961668,0.6571077944615346,3,0.25,1.0,2,"21,23",0.7096774193548386,8,8
5,16,matched_betti,0.5,max_full_branch_node_speed,all_interior,coexact,coexact,random_tangent,ontology_collapse,ontology_02,8,next_token_logprob_delta,even,0.7083333333333334,2,-0.06792635827425737,0.04521024022765068,0.7448544154938134,3,0.25,1.0,2,"19,20",0.6964285714285715,8,8
5,16,matched_betti,0.5,max_full_branch_node_speed,all_interior,coexact,coexact,random_tangent,ontology_collapse,ontology_03,8,next_token_logprob_delta,even,0.7083333333333334,2,0.12424499698086387,0.007573029655898017,0.10170265492289808,3,0.25,1.0,2,"20,21",0.7068965517241379,8,8
5,16,matched_betti,0.5,max_full_branch_node_speed,all_interior,coexact,coexact,random_tangent,ontology_collapse,ontology_04,8,next_token_logprob_delta,even,0.7083333333333334,2,0.07956537775719777,0.011563552792899816,0.23682762211474703,3,0.25,1.0,2,"20,21",0.7068965517241379,8,8
5,16,matched_betti,0.5,max_full_branch_node_speed,all_interior,coexact,coexact,random_tangent,ontology_collapse,ontology_05,8,next_token_logprob_delta,even,0.7083333333333334,2,-0.15139101631525204,0.014379659485269581,0.1573277435561267,3,0.25,1.0,2,"19,20",0.6964285714285715,8,8
5,16,matched_betti,0.5,max_full_branch_node_speed,all_interior,coexact,coexact,random_tangent,identity_stress,identity_01,9,next_token_logprob_delta,even,0.7916666666666666,2,0.09031228688295706,0.019918457375107168,0.34694312034969915,3,0.25,1.0,3,"26,27,28",0.7941176470588235,8,8
5,16,matched_betti,0.5,max_full_branch_node_speed,all_interior,coexact,coexact,random_tangent,identity_stress,identity_02,9,next_token_logprob_delta,even,0.7916666666666666,2,0.03456776898153281,0.019747243610252985,0.6918371168718036,3,0.25,1.0,2,"24,25",0.7903225806451614,8,8
5,16,matched_betti,0.5,max_full_branch_node_speed,all_interior,coexact,coexact,random_tangent,identity_stress,identity_03,9,next_token_logprob_delta,even,0.7916666666666666,2,-0.040037207191460804,0.008298989542895164,0.3283847249392706,3,0.25,1.0,2,"24,25",0.7903225806451614,8,8
5,16,matched_betti,0.5,max_full_branch_node_speed,all_interior,coexact,coexact,random_tangent,identity_stress,identity_04,9,next_token_logprob_delta,even,0.7916666666666666,2,0.025385798939659,0.006395705703966162,0.38924257882367924,3,0.25,1.0,3,"21,22,23",0.7857142857142857,8,8
5,16,matched_betti,0.5,max_full_branch_node_speed,all_interior,coexact,coexact,random_tangent,identity_stress,identity_05,9,next_token_logprob_delta,even,0.7916666666666666,2,-0.2600907731056091,0.00462109112562279,0.02978695582954326,3,0.25,1.0,3,"21,22,23",0.7857142857142857,8,8
5,16,matched_betti,0.5,max_full_branch_node_speed,all_interior,coexact,coexact,random_tangent,literal_stable,literal_01,9,next_token_logprob_delta,even,0.7916666666666666,2,0.01813262419107072,0.024707903468043836,0.9161412622488697,3,0.25,1.0,3,"25,26,27",0.787878787878788,8,8
5,16,matched_betti,0.5,max_full_branch_node_speed,all_interior,coexact,coexact,random_tangent,literal_stable,literal_02,9,next_token_logprob_delta,even,0.7916666666666666,2,-0.4423891763249226,0.15566538900478966,0.5082659006035357,3,0.25,1.0,1,21,0.75,8,8
5,16,matched_betti,0.5,max_full_branch_node_speed,all_interior,coexact,coexact,random_tangent,literal_stable,literal_03,9,next_token_logprob_delta,even,0.7916666666666666,2,0.37409721469497736,0.04996153863338387,0.21858454288645726,3,0.25,1.0,1,21,0.7777777777777778,8,8
5,16,matched_betti,0.5,max_full_branch_node_speed,all_interior,coexact,coexact,random_tangent,literal_stable,literal_04,9,next_token_logprob_delta,even,0.7916666666666666,2,-0.1381150800154449,0.01584509770984177,0.18895496005505305,3,0.25,1.0,2,"19,20",0.7799999999999999,8,8
5,16,matched_betti,0.5,max_full_branch_node_speed,all_interior,coexact,coexact,random_tangent,literal_stable,literal_05,9,next_token_logprob_delta,even,0.7916666666666666,2,0.04968415733867961,0.022882308007512432,0.6113196267633101,3,0.25,1.0,1,20,0.7692307692307693,8,8
5,16,matched_betti,0.5,max_full_branch_node_speed,all_interior,coexact,coexact,random_tangent,metaphor_shift,metaphor_01,9,next_token_logprob_delta,even,0.7916666666666666,2,0.22545168698241302,0.03322343277361863,0.23994620648075732,3,0.25,1.0,3,"26,27,28",0.7941176470588235,8,8
5,16,matched_betti,0.5,max_full_branch_node_speed,all_interior,coexact,coexact,random_tangent,metaphor_shift,metaphor_02,9,next_token_logprob_delta,even,0.7916666666666666,2,0.002081524628902667,0.012551971367766108,0.9951477771260356,3,0.25,1.0,3,"22,23,24",0.7931034482758621,8,8
5,16,matched_betti,0.5,max_full_branch_node_speed,all_interior,coexact,coexact,random_tangent,metaphor_shift,metaphor_03,9,next_token_logprob_delta,even,0.7916666666666666,2,-0.10098228278584373,0.005689141987046663,0.09407420943945548,3,0.25,1.0,2,"23,24",0.7833333333333335,8,8
5,16,matched_betti,0.5,max_full_branch_node_speed,all_interior,coexact,coexact,random_tangent,metaphor_shift,metaphor_04,9,next_token_logprob_delta,even,0.7916666666666666,2,0.250174563317482,0.006434511542181716,0.04309907879742382,3,0.25,1.0,3,"21,22,23",0.7857142857142857,8,8
5,16,matched_betti,0.5,max_full_branch_node_speed,all_interior,coexact,coexact,random_tangent,metaphor_shift,metaphor_05,9,next_token_logprob_delta,even,0.7916666666666666,2,0.10303993886839621,0.016054674392647225,0.2528421943873569,3,0.25,1.0,2,"21,22",0.7962962962962963,8,8
5,16,matched_betti,0.5,max_full_branch_node_speed,all_interior,coexact,coexact,random_tangent,ontology_collapse,ontology_01,9,next_token_logprob_delta,even,0.7916666666666666,2,0.13192249623756752,0.007995345616934489,0.10113124486659968,3,0.25,1.0,2,"24,25",0.7903225806451614,8,8
5,16,matched_betti,0.5,max_full_branch_node_speed,all_interior,coexact,coexact,random_tangent,ontology_collapse,ontology_02,9,next_token_logprob_delta,even,0.7916666666666666,2,0.027031950093114692,0.010629629256789685,0.5505737116870344,3,0.25,1.0,3,"21,22,23",0.7857142857142857,8,8
5,16,matched_betti,0.5,max_full_branch_node_speed,all_interior,coexact,coexact,random_tangent,ontology_collapse,ontology_03,9,next_token_logprob_delta,even,0.7916666666666666,2,-0.06092567006953982,0.01089372629314493,0.2872593803321816,3,0.25,1.0,2,"22,23",0.7758620689655172,8,8
5,16,matched_betti,0.5,max_full_branch_node_speed,all_interior,coexact,coexact,random_tangent,ontology_collapse,ontology_04,9,next_token_logprob_delta,even,0.7916666666666666,2,0.061931959062156476,0.028174228465752092,0.606604549547931,3,0.25,1.0,3,"22,23,24",0.7931034482758621,8,8
5,16,matched_betti,0.5,max_full_branch_node_speed,all_interior,coexact,coexact,random_tangent,ontology_collapse,ontology_05,9,next_token_logprob_delta,even,0.7916666666666666,2,-0.10176866125714784,0.00782212516294571,0.1278588375033496,3,0.25,1.0,3,"21,22,23",0.7857142857142857,8,8
5,16,matched_betti,0.5,max_full_branch_node_speed,all_interior,coexact,coexact,random_tangent,identity_stress,identity_01,10,next_token_logprob_delta,even,0.875,2,-0.19287922058192855,0.005949303269122071,0.051665369961349815,3,0.25,1.0,3,"29,30,31",0.8823529411764706,8,8
5,16,matched_betti,0.5,max_full_branch_node_speed,all_interior,coexact,coexact,random_tangent,identity_stress,identity_02,10,next_token_logprob_delta,even,0.875,2,-0.06504612239931254,0.004308923465388786,0.11042880439620006,3,0.25,1.0,2,"26,28",0.8709677419354839,8,8
5,16,matched_betti,0.5,max_full_branch_node_speed,all_interior,coexact,coexact,random_tangent,identity_stress,identity_03,10,next_token_logprob_delta,even,0.875,2,0.05037979256852969,0.005368282388967674,0.17593437662366562,3,0.25,1.0,3,"26,27,28",0.8709677419354839,8,8
5,16,matched_betti,0.5,max_full_branch_node_speed,all_interior,coexact,coexact,random_tangent,identity_stress,identity_04,10,next_token_logprob_delta,even,0.875,2,-0.05129921832931691,0.021786120743510502,0.5801716108738447,3,0.25,1.0,1,24,0.8571428571428571,8,8
5,16,matched_betti,0.5,max_full_branch_node_speed,all_interior,coexact,coexact,random_tangent,identity_stress,identity_05,10,next_token_logprob_delta,even,0.875,2,0.14770529699014415,0.02226017120988405,0.24506564663696234,3,0.25,1.0,2,"24,25",0.875,8,8
5,16,matched_betti,0.5,max_full_branch_node_speed,all_interior,coexact,coexact,random_tangent,literal_stable,literal_01,10,next_token_logprob_delta,even,0.875,2,0.06899627930029527,0.006364855867314662,0.15290614218773915,3,0.25,1.0,2,"29,30",0.8939393939393939,8,8
5,16,matched_betti,0.5,max_full_branch_node_speed,all_interior,coexact,coexact,random_tangent,literal_stable,literal_02,10,next_token_logprob_delta,even,0.875,2,0.7372415794661923,0.04162703560047279,0.09428141704547635,3,0.25,1.0,1,24,0.8571428571428571,8,8
5,16,matched_betti,0.5,max_full_branch_node_speed,all_interior,coexact,coexact,random_tangent,literal_stable,literal_03,10,next_token_logprob_delta,even,0.875,2,0.06555077424147612,0.013798442639629286,0.3329218060716848,3,0.25,1.0,2,"23,24",0.8703703703703703,8,8
5,16,matched_betti,0.5,max_full_branch_node_speed,all_interior,coexact,coexact,random_tangent,literal_stable,literal_04,10,next_token_logprob_delta,even,0.875,2,0.21798635161519478,0.002502782425806978,0.01925362764858065,3,0.25,1.0,2,"21,22",0.86,8,8
5,16,matched_betti,0.5,max_full_branch_node_speed,all_interior,coexact,coexact,random_tangent,literal_stable,literal_05,10,next_token_logprob_delta,even,0.875,2,0.0626423154216377,0.03434920893013403,0.676938651813236,3,0.25,1.0,2,"22,23",0.8653846153846154,8,8
5,16,matched_betti,0.5,max_full_branch_node_speed,all_interior,coexact,coexact,random_tangent,metaphor_shift,metaphor_01,10,next_token_logprob_delta,even,0.875,2,0.48398446434576164,0.013211551318652613,0.04573692499319762,3,0.25,1.0,3,"29,30,31",0.8823529411764706,8,8
5,16,matched_betti,0.5,max_full_branch_node_speed,all_interior,coexact,coexact,random_tangent,metaphor_shift,metaphor_02,10,next_token_logprob_delta,even,0.875,2,0.8737592015718447,0.04740832462803092,0.09062983098159125,3,0.25,1.0,1,26,0.896551724137931,8,8
5,16,matched_betti,0.5,max_full_branch_node_speed,all_interior,coexact,coexact,random_tangent,metaphor_shift,metaphor_03,10,next_token_logprob_delta,even,0.875,2,0.08119630400821054,0.011399674586250066,0.22921149852176342,3,0.25,1.0,2,"25,27",0.8666666666666667,8,8
5,16,matched_betti,0.5,max_full_branch_node_speed,all_interior,coexact,coexact,random_tangent,metaphor_shift,metaphor_04,10,next_token_logprob_delta,even,0.875,2,-0.23155029110207578,0.014331246054036226,0.10325482376253378,3,0.25,1.0,2,"24,25",0.875,8,8
5,16,matched_betti,0.5,max_full_branch_node_speed,all_interior,coexact,coexact,random_tangent,metaphor_shift,metaphor_05,10,next_token_logprob_delta,even,0.875,2,0.048655687743099585,0.018813878010631994,0.5441333165868026,3,0.25,1.0,1,23,0.8518518518518517,8,8
5,16,matched_betti,0.5,max_full_branch_node_speed,all_interior,coexact,coexact,random_tangent,ontology_collapse,ontology_01,10,next_token_logprob_delta,even,0.875,2,0.2146394323932631,0.043083168691071705,0.31906775386474084,3,0.25,1.0,3,"26,27,28",0.8709677419354839,8,8
5,16,matched_betti,0.5,max_full_branch_node_speed,all_interior,coexact,coexact,random_tangent,ontology_collapse,ontology_02,10,next_token_logprob_delta,even,0.875,2,0.5363247756999624,0.0013174142067786158,0.0041199323350824745,3,0.25,1.0,2,"24,25",0.875,8,8
5,16,matched_betti,0.5,max_full_branch_node_speed,all_interior,coexact,coexact,random_tangent,ontology_collapse,ontology_03,10,next_token_logprob_delta,even,0.875,2,-0.09895223161416267,0.0038363828298205636,0.06489023551543542,3,0.25,1.0,2,"25,26",0.8793103448275862,8,8
5,16,matched_betti,0.5,max_full_branch_node_speed,all_interior,coexact,coexact,random_tangent,ontology_collapse,ontology_04,10,next_token_logprob_delta,even,0.875,2,-0.4964305094216003,0.013499846669223966,0.04556363686443931,3,0.25,1.0,2,"25,26",0.8793103448275862,8,8
5,16,matched_betti,0.5,max_full_branch_node_speed,all_interior,coexact,coexact,random_tangent,ontology_collapse,ontology_05,10,next_token_logprob_delta,even,0.875,2,0.23764568521380988,0.008759539245236874,0.061705267714378245,3,0.25,1.0,2,"24,25",0.875,8,8
5,16,matched_betti,0.5,max_full_branch_node_speed,all_interior,coexact,coexact,random_tangent,identity_stress,identity_01,11,next_token_logprob_delta,even,0.9583333333333334,2,-0.2298797102708407,0.007542587560649319,0.05494932394559111,3,0.25,1.0,2,"32,33",0.9558823529411763,8,8
5,16,matched_betti,0.5,max_full_branch_node_speed,all_interior,coexact,coexact,random_tangent,identity_stress,identity_02,11,next_token_logprob_delta,even,0.9583333333333334,2,-0.0962928980803275,0.003967692313090797,0.06894588280763961,3,0.25,1.0,2,"29,30",0.9516129032258065,8,8
5,16,matched_betti,0.5,max_full_branch_node_speed,all_interior,coexact,coexact,random_tangent,identity_stress,identity_03,11,next_token_logprob_delta,even,0.9583333333333334,2,-0.0707769872126885,0.07277303310154119,0.8650841692488485,3,0.25,1.0,1,29,0.9354838709677419,8,8
5,16,matched_betti,0.5,max_full_branch_node_speed,all_interior,coexact,coexact,random_tangent,identity_stress,identity_04,11,next_token_logprob_delta,even,0.9583333333333334,2,0.4229058959763765,0.016993104282266407,0.06724255365422505,3,0.25,1.0,2,"26,27",0.9464285714285715,8,8
5,16,matched_betti,0.5,max_full_branch_node_speed,all_interior,coexact,coexact,random_tangent,identity_stress,identity_05,11,next_token_logprob_delta,even,0.9583333333333334,2,0.29829732418321897,0.0165175440370486,0.09247629089439534,3,0.25,1.0,1,26,0.9285714285714285,8,8
5,16,matched_betti,0.5,max_full_branch_node_speed,all_interior,coexact,coexact,random_tangent,literal_stable,literal_01,11,next_token_logprob_delta,even,0.9583333333333334,2,0.17314124060631478,0.006218193457698896,0.0601279642626527,3,0.25,1.0,1,32,0.9696969696969697,8,8
5,16,matched_betti,0.5,max_full_branch_node_speed,all_interior,coexact,coexact,random_tangent,literal_stable,literal_02,11,next_token_logprob_delta,even,0.9583333333333334,2,0.4216075705658865,0.04303558136173608,0.1687505358952852,3,0.25,1.0,2,"26,27",0.9464285714285715,8,8
5,16,matched_betti,0.5,max_full_branch_node_speed,all_interior,coexact,coexact,random_tangent,literal_stable,literal_03,11,next_token_logprob_delta,even,0.9583333333333334,2,0.19247237275241982,0.000766010770677532,0.006675074034248085,3,0.25,1.0,2,"25,26",0.9444444444444443,8,8
5,16,matched_betti,0.5,max_full_branch_node_speed,all_interior,coexact,coexact,random_tangent,literal_stable,literal_04,11,next_token_logprob_delta,even,0.9583333333333334,2,-0.14709293272360927,0.006848344235074587,0.07785256447051896,3,0.25,1.0,2,"23,24",0.94,8,8
5,16,matched_betti,0.5,max_full_branch_node_speed,all_interior,coexact,coexact,random_tangent,literal_stable,literal_05,11,next_token_logprob_delta,even,0.9583333333333334,2,-0.08187633384968286,0.006779774115064793,0.1375648345531349,3,0.25,1.0,2,"24,25",0.9423076923076922,8,8
5,16,matched_betti,0.5,max_full_branch_node_speed,all_interior,coexact,coexact,random_tangent,metaphor_shift,metaphor_01,11,next_token_logprob_delta,even,0.9583333333333334,2,0.3736208932333661,0.02227344483860229,0.0994936300011285,3,0.25,1.0,1,32,0.9411764705882352,8,8
5,16,matched_betti,0.5,max_full_branch_node_speed,all_interior,coexact,coexact,random_tangent,metaphor_shift,metaphor_02,11,next_token_logprob_delta,even,0.9583333333333334,2,0.09584108568913519,0.004974266045607192,0.08672358820640994,3,0.25,1.0,2,"27,28",0.9482758620689656,8,8
5,16,matched_betti,0.5,max_full_branch_node_speed,all_interior,coexact,coexact,random_tangent,metaphor_shift,metaphor_03,11,next_token_logprob_delta,even,0.9583333333333334,2,0.014836116212193246,0.011814143802432899,0.8004920478676202,3,0.25,1.0,2,"28,29",0.9499999999999998,8,8
5,16,matched_betti,0.5,max_full_branch_node_speed,all_interior,coexact,coexact,random_tangent,metaphor_shift,metaphor_04,11,next_token_logprob_delta,even,0.9583333333333334,2,0.3708535711320355,0.06686659332764316,0.2894695655652601,3,0.25,1.0,1,26,0.9285714285714285,8,8
5,16,matched_betti,0.5,max_full_branch_node_speed,all_interior,coexact,coexact,random_tangent,metaphor_shift,metaphor_05,11,next_token_logprob_delta,even,0.9583333333333334,2,-0.008045391108054236,0.012432399788202493,0.9329662645963317,3,0.25,1.0,2,"25,26",0.9444444444444443,8,8
5,16,matched_betti,0.5,max_full_branch_node_speed,all_interior,coexact,coexact,random_tangent,ontology_collapse,ontology_01,11,next_token_logprob_delta,even,0.9583333333333334,2,0.28653844050425076,0.04335482055735493,0.24598050968040983,3,0.25,1.0,1,29,0.9354838709677419,8,8
5,16,matched_betti,0.5,max_full_branch_node_speed,all_interior,coexact,coexact,random_tangent,ontology_collapse,ontology_02,11,next_token_logprob_delta,even,0.9583333333333334,2,-0.08573585051430452,0.023254509646762133,0.4140925676797471,3,0.25,1.0,2,"26,27",0.9464285714285715,8,8
5,16,matched_betti,0.5,max_full_branch_node_speed,all_interior,coexact,coexact,random_tangent,ontology_collapse,ontology_03,11,next_token_logprob_delta,even,0.9583333333333334,2,0.1943992827267572,0.005552276660653505,0.047849563494308724,3,0.25,1.0,2,"27,28",0.9482758620689656,8,8
5,16,matched_betti,0.5,max_full_branch_node_speed,all_interior,coexact,coexact,random_tangent,ontology_collapse,ontology_04,11,next_token_logprob_delta,even,0.9583333333333334,2,0.12194112494765749,0.01829589105364147,0.24404434339350928,3,0.25,1.0,2,"27,28",0.9482758620689656,8,8
5,16,matched_betti,0.5,max_full_branch_node_speed,all_interior,coexact,coexact,random_tangent,ontology_collapse,ontology_05,11,next_token_logprob_delta,even,0.9583333333333334,2,-0.01939691086112871,0.03803337971266069,0.9567488612282911,3,0.25,1.0,1,26,0.9285714285714285,8,8
5,16,matched_betti,0.5,max_full_branch_node_speed,all_interior,coexact,coexact,random_tangent,identity_stress,identity_01,0,next_token_logprob_delta,odd,0.041666666666666664,1,1.5597752075854645,0.017924145263925814,0.017370882382724884,3,0.25,1.0,2,"1,2",0.04411764705882352,8,8
5,16,matched_betti,0.5,max_full_branch_node_speed,all_interior,coexact,coexact,random_tangent,identity_stress,identity_02,0,next_token_logprob_delta,odd,0.041666666666666664,1,0.4723849761856341,0.07304152948651012,0.2276308447244304,3,0.25,1.0,2,"1,2",0.04838709677419354,8,8
5,16,matched_betti,0.5,max_full_branch_node_speed,all_interior,coexact,coexact,random_tangent,identity_stress,identity_03,0,next_token_logprob_delta,odd,0.041666666666666664,1,-0.8431443714231154,0.012569949740076927,0.0225336881215495,3,0.25,1.0,1,1,0.03225806451612903,8,8
5,16,matched_betti,0.5,max_full_branch_node_speed,all_interior,coexact,coexact,random_tangent,identity_stress,identity_04,0,next_token_logprob_delta,odd,0.041666666666666664,1,0.04615050894990769,0.005111739992131069,0.16515732394797789,3,0.25,1.0,2,"1,2",0.05357142857142857,8,8
5,16,matched_betti,0.5,max_full_branch_node_speed,all_interior,coexact,coexact,random_tangent,identity_stress,identity_05,0,next_token_logprob_delta,odd,0.041666666666666664,1,0.025458330268215545,0.011409483403293157,0.5609273126817196,3,0.25,1.0,2,"1,2",0.05357142857142857,8,8
5,16,matched_betti,0.5,max_full_branch_node_speed,all_interior,coexact,coexact,random_tangent,literal_stable,literal_01,0,next_token_logprob_delta,odd,0.041666666666666664,1,0.05992303223291558,0.02265890440190057,0.4963061454868053,3,0.25,1.0,2,"1,2",0.04545454545454545,8,8
5,16,matched_betti,0.5,max_full_branch_node_speed,all_interior,coexact,coexact,random_tangent,literal_stable,literal_02,0,next_token_logprob_delta,odd,0.041666666666666664,1,0.6339536559930747,0.031614966898274754,0.0751822490526423,3,0.25,1.0,2,"1,2",0.05357142857142857,8,8
5,16,matched_betti,0.5,max_full_branch_node_speed,all_interior,coexact,coexact,random_tangent,literal_stable,literal_03,0,next_token_logprob_delta,odd,0.041666666666666664,1,0.9923017903241764,0.02395848114493179,0.03647853026985632,3,0.25,1.0,2,"1,2",0.05555555555555555,8,8
5,16,matched_betti,0.5,max_full_branch_node_speed,all_interior,coexact,coexact,random_tangent,literal_stable,literal_04,0,next_token_logprob_delta,odd,0.041666666666666664,1,1.4263390886523515,0.07514639806413556,0.07940046246532885,3,0.25,1.0,2,"1,2",0.06,8,8
5,16,matched_betti,0.5,max_full_branch_node_speed,all_interior,coexact,coexact,random_tangent,literal_stable,literal_05,0,next_token_logprob_delta,odd,0.041666666666666664,1,0.8398969068463954,0.03742719086193421,0.06721850602192722,3,0.25,1.0,2,"1,2",0.05769230769230769,8,8
5,16,matched_betti,0.5,max_full_branch_node_speed,all_interior,coexact,coexact,random_tangent,metaphor_shift,metaphor_01,0,next_token_logprob_delta,odd,0.041666666666666664,1,-0.10857211362378887,0.022975469394115627,0.3047165886330089,3,0.25,1.0,2,"1,2",0.04411764705882352,8,8
5,16,matched_betti,0.5,max_full_branch_node_speed,all_interior,coexact,coexact,random_tangent,metaphor_shift,metaphor_02,0,next_token_logprob_delta,odd,0.041666666666666664,1,0.2571117918716271,0.09678264545277857,0.49461071966241593,3,0.25,1.0,2,"1,2",0.05172413793103448,8,8
5,16,matched_betti,0.5,max_full_branch_node_speed,all_interior,coexact,coexact,random_tangent,metaphor_shift,metaphor_03,0,next_token_logprob_delta,odd,0.041666666666666664,1,0.21471505435190505,0.01556874980000128,0.1089703289013295,3,0.25,1.0,2,"1,2",0.05000000000000001,8,8
5,16,matched_betti,0.5,max_full_branch_node_speed,all_interior,coexact,coexact,random_tangent,metaphor_shift,metaphor_04,0,next_token_logprob_delta,odd,0.041666666666666664,1,0.8400774801158962,0.005713831182101172,0.01028243738329823,3,0.25,1.0,2,"1,2",0.05357142857142857,8,8
5,16,matched_betti,0.5,max_full_branch_node_speed,all_interior,coexact,coexact,random_tangent,metaphor_shift,metaphor_05,0,next_token_logprob_delta,odd,0.041666666666666664,1,0.40924045830883526,0.005145309323611928,0.019004894052859798,3,0.25,1.0,2,"1,2",0.05555555555555555,8,8
5,16,matched_betti,0.5,max_full_branch_node_speed,all_interior,coexact,coexact,random_tangent,ontology_collapse,ontology_01,0,next_token_logprob_delta,odd,0.041666666666666664,1,0.1770974279922007,0.06360091667619262,0.4771568052852505,3,0.25,1.0,2,"1,2",0.04838709677419354,8,8
5,16,matched_betti,0.5,max_full_branch_node_speed,all_interior,coexact,coexact,random_tangent,ontology_collapse,ontology_02,0,next_token_logprob_delta,odd,0.041666666666666664,1,-0.22729963469956277,0.0029067027937196388,0.019329993574625857,3,0.25,1.0,2,"1,2",0.05357142857142857,8,8
5,16,matched_betti,0.5,max_full_branch_node_speed,all_interior,coexact,coexact,random_tangent,ontology_collapse,ontology_03,0,next_token_logprob_delta,odd,0.041666666666666664,1,-0.3923271864110447,0.4976896187470245,0.8867047225269538,3,0.25,1.0,1,2,0.06896551724137931,8,8
5,16,matched_betti,0.5,max_full_branch_node_speed,all_interior,coexact,coexact,random_tangent,ontology_collapse,ontology_04,0,next_token_logprob_delta,odd,0.041666666666666664,1,1.0493152107476957,0.015408334283585973,0.022194925854651507,3,0.25,1.0,2,"1,2",0.05172413793103448,8,8
5,16,matched_betti,0.5,max_full_branch_node_speed,all_interior,coexact,coexact,random_tangent,ontology_collapse,ontology_05,0,next_token_logprob_delta,odd,0.041666666666666664,1,-0.010223854237037993,0.0183158870969859,0.9381022180238774,3,0.25,1.0,2,"1,2",0.05357142857142857,8,8
5,16,matched_betti,0.5,max_full_branch_node_speed,all_interior,coexact,coexact,random_tangent,identity_stress,identity_01,1,next_token_logprob_delta,odd,0.125,1,-0.4328241679943557,0.0396326231408792,0.1371292420999144,3,0.25,1.0,3,"3,4,5",0.11764705882352942,8,8
5,16,matched_betti,0.5,max_full_branch_node_speed,all_interior,coexact,coexact,random_tangent,identity_stress,identity_02,1,next_token_logprob_delta,odd,0.125,1,0.09046717986098225,0.022043066258011973,0.3456685541835422,3,0.25,1.0,3,"3,4,5",0.12903225806451613,8,8
5,16,matched_betti,0.5,max_full_branch_node_speed,all_interior,coexact,coexact,random_tangent,identity_stress,identity_03,1,next_token_logprob_delta,odd,0.125,1,-0.19143069430204376,0.004060869372467993,0.03205495551708519,3,0.25,1.0,3,"3,4,5",0.12903225806451613,8,8
5,16,matched_betti,0.5,max_full_branch_node_speed,all_interior,coexact,coexact,random_tangent,identity_stress,identity_04,1,next_token_logprob_delta,odd,0.125,1,0.060806298807009336,0.05407297643834733,0.802380796393623,3,0.25,1.0,2,"3,4",0.125,8,8
5,16,matched_betti,0.5,max_full_branch_node_speed,all_interior,coexact,coexact,random_tangent,identity_stress,identity_05,1,next_token_logprob_delta,odd,0.125,1,-0.17194745582732646,0.015467659851633928,0.13475973534687982,3,0.25,1.0,2,"3,4",0.125,8,8
5,16,matched_betti,0.5,max_full_branch_node_speed,all_interior,coexact,coexact,random_tangent,literal_stable,literal_01,1,next_token_logprob_delta,odd,0.125,1,0.10146923430383377,0.024517909364630597,0.34313005000044294,3,0.25,1.0,3,"3,4,5",0.12121212121212122,8,8
5,16,matched_betti,0.5,max_full_branch_node_speed,all_interior,coexact,coexact,random_tangent,literal_stable,literal_02,1,next_token_logprob_delta,odd,0.125,1,0.5432067137916565,0.027440323486508735,0.07615040061509287,3,0.25,1.0,2,"3,4",0.125,8,8
5,16,matched_betti,0.5,max_full_branch_node_speed,all_interior,coexact,coexact,random_tangent,literal_stable,literal_03,1,next_token_logprob_delta,odd,0.125,1,1.1180300775325902,0.015288405618480133,0.020669353395178357,3,0.25,1.0,2,"3,4",0.12962962962962962,8,8
5,16,matched_betti,0.5,max_full_branch_node_speed,all_interior,coexact,coexact,random_tangent,literal_stable,literal_04,1,next_token_logprob_delta,odd,0.125,1,1.2743707667991613,0.02384376226111399,0.028275889090234898,3,0.25,1.0,2,"3,4",0.14,8,8
5,16,matched_betti,0.5,max_full_branch_node_speed,all_interior,coexact,coexact,random_tangent,literal_stable,literal_05,1,next_token_logprob_delta,odd,0.125,1,-0.37141674262169755,0.024169860754959513,0.0979110934188987,3,0.25,1.0,2,"3,4",0.13461538461538464,8,8
5,16,matched_betti,0.5,max_full_branch_node_speed,all_interior,coexact,coexact,random_tangent,metaphor_shift,metaphor_01,1,next_token_logprob_delta,odd,0.125,1,0.45965815472065946,0.06419971742245953,0.20660298747327205,3,0.25,1.0,2,"3,5",0.1176470588235294,8,8
5,16,matched_betti,0.5,max_full_branch_node_speed,all_interior,coexact,coexact,random_tangent,metaphor_shift,metaphor_02,1,next_token_logprob_delta,odd,0.125,1,0.6443710942605492,0.03793887217751756,0.08866363769042822,3,0.25,1.0,2,"3,4",0.12068965517241377,8,8
5,16,matched_betti,0.5,max_full_branch_node_speed,all_interior,coexact,coexact,random_tangent,metaphor_shift,metaphor_03,1,next_token_logprob_delta,odd,0.125,1,-0.13471349880106168,0.0024470321419051704,0.027452115752515823,3,0.25,1.0,2,"3,4",0.11666666666666665,8,8
5,16,matched_betti,0.5,max_full_branch_node_speed,all_interior,coexact,coexact,random_tangent,metaphor_shift,metaphor_04,1,next_token_logprob_delta,odd,0.125,1,0.3258745346065159,0.052765591424528045,0.23777893361114955,3,0.25,1.0,2,"3,4",0.125,8,8
5,16,matched_betti,0.5,max_full_branch_node_speed,all_interior,coexact,coexact,random_tangent,metaphor_shift,metaphor_05,1,next_token_logprob_delta,odd,0.125,1,1.3068031780089362,0.025323355107456844,0.0292843598447729,3,0.25,1.0,2,"3,4",0.12962962962962962,8,8
5,16,matched_betti,0.5,max_full_branch_node_speed,all_interior,coexact,coexact,random_tangent,ontology_collapse,ontology_01,1,next_token_logprob_delta,odd,0.125,1,0.8239179177186484,0.017041760630851905,0.03125570114994349,3,0.25,1.0,3,"3,4,5",0.12903225806451613,8,8
5,16,matched_betti,0.5,max_full_branch_node_speed,all_interior,coexact,coexact,random_tangent,ontology_collapse,ontology_02,1,next_token_logprob_delta,odd,0.125,1,0.899519880660662,0.024005148636836712,0.04031358427103882,3,0.25,1.0,2,"3,4",0.125,8,8
5,16,matched_betti,0.5,max_full_branch_node_speed,all_interior,coexact,coexact,random_tangent,ontology_collapse,ontology_03,1,next_token_logprob_delta,odd,0.125,1,0.8547071516905762,0.017178476323890957,0.030372313097529278,3,0.25,1.0,2,"3,4",0.12068965517241377,8,8
5,16,matched_betti,0.5,max_full_branch_node_speed,all_interior,coexact,coexact,random_tangent,ontology_collapse,ontology_04,1,next_token_logprob_delta,odd,0.125,1,-0.03606893264911361,0.03267867745180051,0.8076643692761468,3,0.25,1.0,2,"3,4",0.12068965517241377,8,8
5,16,matched_betti,0.5,max_full_branch_node_speed,all_interior,coexact,coexact,random_tangent,ontology_collapse,ontology_05,1,next_token_logprob_delta,odd,0.125,1,0.12553902228807523,0.006059573662917956,0.07278149641682714,3,0.25,1.0,1,3,0.10714285714285714,8,8
5,16,matched_betti,0.5,max_full_branch_node_speed,all_interior,coexact,coexact,random_tangent,identity_stress,identity_01,2,next_token_logprob_delta,odd,0.20833333333333334,1,-0.12733275541084685,0.007074758700432167,0.08370581576571756,3,0.25,1.0,3,"6,7,8",0.2058823529411765,8,8
5,16,matched_betti,0.5,max_full_branch_node_speed,all_interior,coexact,coexact,random_tangent,identity_stress,identity_02,2,next_token_logprob_delta,odd,0.20833333333333334,1,-0.3711226396141715,0.11577044097984762,0.426560076937896,3,0.25,1.0,2,"6,7",0.20967741935483866,8,8
5,16,matched_betti,0.5,max_full_branch_node_speed,all_interior,coexact,coexact,random_tangent,identity_stress,identity_03,2,next_token_logprob_delta,odd,0.20833333333333334,1,0.32257474032743094,0.007530709111700919,0.03527330416299685,3,0.25,1.0,2,"6,7",0.20967741935483866,8,8
5,16,matched_betti,0.5,max_full_branch_node_speed,all_interior,coexact,coexact,random_tangent,identity_stress,identity_04,2,next_token_logprob_delta,odd,0.20833333333333334,1,0.9445320073491442,0.0044853661502818306,0.007179281801390782,3,0.25,1.0,2,"5,6",0.19642857142857142,8,8
5,16,matched_betti,0.5,max_full_branch_node_speed,all_interior,coexact,coexact,random_tangent,identity_stress,identity_05,2,next_token_logprob_delta,odd,0.20833333333333334,1,0.5954882188880359,0.011705270744143799,0.029704864123904298,3,0.25,1.0,2,"5,6",0.19642857142857142,8,8
5,16,matched_betti,0.5,max_full_branch_node_speed,all_interior,coexact,coexact,random_tangent,literal_stable,literal_01,2,next_token_logprob_delta,odd,0.20833333333333334,1,0.4205081368877367,0.14367786756432266,0.4589499764625379,3,0.25,1.0,2,"6,8",0.21212121212121213,8,8
5,16,matched_betti,0.5,max_full_branch_node_speed,all_interior,coexact,coexact,random_tangent,literal_stable,literal_02,2,next_token_logprob_delta,odd,0.20833333333333334,1,0.2306470696681486,0.02225099022489319,0.14432497446780373,3,0.25,1.0,2,"5,6",0.19642857142857142,8,8
5,16,matched_betti,0.5,max_full_branch_node_speed,all_interior,coexact,coexact,random_tangent,literal_stable,literal_03,2,next_token_logprob_delta,odd,0.20833333333333334,1,-0.0013642199888449396,0.023083905192432263,0.9992368657312753,3,0.25,1.0,2,"5,6",0.2037037037037037,8,8
5,16,matched_betti,0.5,max_full_branch_node_speed,all_interior,coexact,coexact,random_tangent,literal_stable,literal_04,2,next_token_logprob_delta,odd,0.20833333333333334,1,0.6931145820138128,0.034364388817629946,0.07474771279164069,3,0.25,1.0,2,"5,6",0.22,8,8
5,16,matched_betti,0.5,max_full_branch_node_speed,all_interior,coexact,coexact,random_tangent,literal_stable,literal_05,2,next_token_logprob_delta,odd,0.20833333333333334,1,-0.12657996584928824,0.10381754692443264,0.7784095607061758,3,0.25,1.0,2,"5,6",0.21153846153846156,8,8
5,16,matched_betti,0.5,max_full_branch_node_speed,all_interior,coexact,coexact,random_tangent,metaphor_shift,metaphor_01,2,next_token_logprob_delta,odd,0.20833333333333334,1,-0.789809995705911,0.07897530103199273,0.14947647394293725,3,0.25,1.0,3,"6,7,8",0.2058823529411765,8,8
5,16,matched_betti,0.5,max_full_branch_node_speed,all_interior,coexact,coexact,random_tangent,metaphor_shift,metaphor_02,2,next_token_logprob_delta,odd,0.20833333333333334,1,0.9725991577318905,0.12160402402561347,0.18573829596739688,3,0.25,1.0,3,"5,6,7",0.20689655172413793,8,8
5,16,matched_betti,0.5,max_full_branch_node_speed,all_interior,coexact,coexact,random_tangent,metaphor_shift,metaphor_03,2,next_token_logprob_delta,odd,0.20833333333333334,1,-0.2476013936021666,0.004922259851495473,0.030041828122650948,3,0.25,1.0,3,"5,6,7",0.19999999999999998,8,8
5,16,matched_betti,0.5,max_full_branch_node_speed,all_interior,coexact,coexact,random_tangent,metaphor_shift,metaphor_04,2,next_token_logprob_delta,odd,0.20833333333333334,1,0.36156416158354004,0.007027060135270334,0.0293705356261627,3,0.25,1.0,1,6,0.21428571428571427,8,8
5,16,matched_betti,0.5,max_full_branch_node_speed,all_interior,coexact,coexact,random_tangent,metaphor_shift,metaphor_05,2,next_token_logprob_delta,odd,0.20833333333333334,1,1.4136187303345107,0.018662700334484483,0.019955686445870733,3,0.25,1.0,2,"5,6",0.2037037037037037,8,8
5,16,matched_betti,0.5,max_full_branch_node_speed,all_interior,coexact,coexact,random_tangent,ontology_collapse,ontology_01,2,next_token_logprob_delta,odd,0.20833333333333334,1,0.12378842408444649,0.06541347161778151,0.6241758857225198,3,0.25,1.0,2,"6,7",0.20967741935483866,8,8
5,16,matched_betti,0.5,max_full_branch_node_speed,all_interior,coexact,coexact,random_tangent,ontology_collapse,ontology_02,2,next_token_logprob_delta,odd,0.20833333333333334,1,0.9307444750437173,0.051300656739590576,0.08304256974633467,3,0.25,1.0,2,"5,6",0.19642857142857142,8,8
5,16,matched_betti,0.5,max_full_branch_node_speed,all_interior,coexact,coexact,random_tangent,ontology_collapse,ontology_03,2,next_token_logprob_delta,odd,0.20833333333333334,1,-0.2310751439510581,0.035583640675453616,0.22674941611409768,3,0.25,1.0,2,"5,6",0.18965517241379307,8,8
5,16,matched_betti,0.5,max_full_branch_node_speed,all_interior,coexact,coexact,random_tangent,ontology_collapse,ontology_04,2,next_token_logprob_delta,odd,0.20833333333333334,1,0.064811816765307,0.0059715157590179875,0.1379647928672641,3,0.25,1.0,3,"5,6,7",0.20689655172413793,8,8
5,16,matched_betti,0.5,max_full_branch_node_speed,all_interior,coexact,coexact,random_tangent,ontology_collapse,ontology_05,2,next_token_logprob_delta,odd,0.20833333333333334,1,-0.4408296121750943,0.0391234894339163,0.13298515701534225,3,0.25,1.0,2,"5,6",0.19642857142857142,8,8
5,16,matched_betti,0.5,max_full_branch_node_speed,all_interior,coexact,coexact,random_tangent,identity_stress,identity_01,3,next_token_logprob_delta,odd,0.2916666666666667,1,0.21984689957312994,0.0576489644638047,0.36853939537231967,3,0.25,1.0,3,"9,10,11",0.29411764705882354,8,8
5,16,matched_betti,0.5,max_full_branch_node_speed,all_interior,coexact,coexact,random_tangent,identity_stress,identity_02,3,next_token_logprob_delta,odd,0.2916666666666667,1,0.2570601090103643,0.021332504223983004,0.12448774563833274,3,0.25,1.0,3,"8,9,10",0.2903225806451613,8,8
5,16,matched_betti,0.5,max_full_branch_node_speed,all_interior,coexact,coexact,random_tangent,identity_stress,identity_03,3,next_token_logprob_delta,odd,0.2916666666666667,1,0.17430351337517566,0.0016240988765223244,0.01408556295947923,3,0.25,1.0,3,"8,9,10",0.2903225806451613,8,8
5,16,matched_betti,0.5,max_full_branch_node_speed,all_interior,coexact,coexact,random_tangent,identity_stress,identity_04,3,next_token_logprob_delta,odd,0.2916666666666667,1,-0.2533199147257476,0.007168293832694167,0.04274254352597181,3,0.25,1.0,3,"7,8,9",0.28571428571428575,8,8
5,16,matched_betti,0.5,max_full_branch_node_speed,all_interior,coexact,coexact,random_tangent,identity_stress,identity_05,3,next_token_logprob_delta,odd,0.2916666666666667,1,0.30342134438095264,0.03208219989858472,0.1578518690870459,3,0.25,1.0,3,"7,8,9",0.28571428571428575,8,8
5,16,matched_betti,0.5,max_full_branch_node_speed,all_interior,coexact,coexact,random_tangent,literal_stable,literal_01,3,next_token_logprob_delta,odd,0.2916666666666667,1,0.5897176549913536,0.011163119092478026,0.02860715177035075,3,0.25,1.0,2,"9,10",0.28787878787878785,8,8
5,16,matched_betti,0.5,max_full_branch_node_speed,all_interior,coexact,coexact,random_tangent,literal_stable,literal_02,3,next_token_logprob_delta,odd,0.2916666666666667,1,0.3140954776394039,0.02625965227225646,0.1253996914102971,3,0.25,1.0,3,"7,8,9",0.28571428571428575,8,8
5,16,matched_betti,0.5,max_full_branch_node_speed,all_interior,coexact,coexact,random_tangent,literal_stable,literal_03,3,next_token_logprob_delta,odd,0.2916666666666667,1,0.47475273200805596,0.032229958080314425,0.10210046162469635,3,0.25,1.0,2,"7,8",0.2777777777777778,8,8
5,16,matched_betti,0.5,max_full_branch_node_speed,all_interior,coexact,coexact,random_tangent,literal_stable,literal_04,3,next_token_logprob_delta,odd,0.2916666666666667,1,0.6860997451313777,0.03678855191692322,0.08080050306886809,3,0.25,1.0,2,"7,8",0.30000000000000004,8,8
5,16,matched_betti,0.5,max_full_branch_node_speed,all_interior,coexact,coexact,random_tangent,literal_stable,literal_05,3,next_token_logprob_delta,odd,0.2916666666666667,1,-0.32359466834275674,0.08661797158568554,0.37513188658976965,3,0.25,1.0,2,"7,8",0.28846153846153844,8,8
5,16,matched_betti,0.5,max_full_branch_node_speed,all_interior,coexact,coexact,random_tangent,metaphor_shift,metaphor_01,3,next_token_logprob_delta,odd,0.2916666666666667,1,0.903030165154419,0.10056450222473949,0.16602885871695408,3,0.25,1.0,2,"10,11",0.3088235294117647,8,8
5,16,matched_betti,0.5,max_full_branch_node_speed,all_interior,coexact,coexact,random_tangent,metaphor_shift,metaphor_02,3,next_token_logprob_delta,odd,0.2916666666666667,1,0.018056747878906907,0.05106768783540235,0.9737245343264074,3,0.25,1.0,2,"8,9",0.2931034482758621,8,8
5,16,matched_betti,0.5,max_full_branch_node_speed,all_interior,coexact,coexact,random_tangent,metaphor_shift,metaphor_03,3,next_token_logprob_delta,odd,0.2916666666666667,1,-0.2940404272890406,0.01915161707895321,0.09799725988720151,3,0.25,1.0,2,"8,9",0.2833333333333333,8,8
5,16,matched_betti,0.5,max_full_branch_node_speed,all_interior,coexact,coexact,random_tangent,metaphor_shift,metaphor_04,3,next_token_logprob_delta,odd,0.2916666666666667,1,0.45397760811456067,0.0684451620118488,0.22223908284832303,3,0.25,1.0,3,"7,8,9",0.28571428571428575,8,8
5,16,matched_betti,0.5,max_full_branch_node_speed,all_interior,coexact,coexact,random_tangent,metaphor_shift,metaphor_05,3,next_token_logprob_delta,odd,0.2916666666666667,1,-0.26131155189273936,0.005176064615693176,0.029933492910702887,3,0.25,1.0,2,"7,8",0.2777777777777778,8,8
5,16,matched_betti,0.5,max_full_branch_node_speed,all_interior,coexact,coexact,random_tangent,ontology_collapse,ontology_01,3,next_token_logprob_delta,odd,0.2916666666666667,1,-0.08448852656796035,0.042375989166149076,0.6042172374732466,3,0.25,1.0,3,"8,9,10",0.2903225806451613,8,8
5,16,matched_betti,0.5,max_full_branch_node_speed,all_interior,coexact,coexact,random_tangent,ontology_collapse,ontology_02,3,next_token_logprob_delta,odd,0.2916666666666667,1,0.5984623153465793,0.03142734033141192,0.07914388350075313,3,0.25,1.0,2,"7,8",0.26785714285714285,8,8
5,16,matched_betti,0.5,max_full_branch_node_speed,all_interior,coexact,coexact,random_tangent,ontology_collapse,ontology_03,3,next_token_logprob_delta,odd,0.2916666666666667,1,0.0027722394022204836,0.008129912388305438,0.975495693503398,3,0.25,1.0,2,"8,9",0.2931034482758621,8,8
5,16,matched_betti,0.5,max_full_branch_node_speed,all_interior,coexact,coexact,random_tangent,ontology_collapse,ontology_04,3,next_token_logprob_delta,odd,0.2916666666666667,1,1.032126687478544,0.40779066682139326,0.5128101183311572,3,0.25,1.0,2,"8,9",0.2931034482758621,8,8
5,16,matched_betti,0.5,max_full_branch_node_speed,all_interior,coexact,coexact,random_tangent,ontology_collapse,ontology_05,3,next_token_logprob_delta,odd,0.2916666666666667,1,-0.22096324373524728,0.022306509772413625,0.15087675394836333,3,0.25,1.0,3,"7,8,9",0.28571428571428575,8,8
5,16,matched_betti,0.5,max_full_branch_node_speed,all_interior,coexact,coexact,random_tangent,identity_stress,identity_01,4,next_token_logprob_delta,odd,0.375,1,-0.3226292999171865,0.03233665053733549,0.1498209366389754,3,0.25,1.0,3,"12,13,14",0.38235294117647056,8,8
5,16,matched_betti,0.5,max_full_branch_node_speed,all_interior,coexact,coexact,random_tangent,identity_stress,identity_02,4,next_token_logprob_delta,odd,0.375,1,0.395255031814529,0.024817137836828342,0.09450119869611226,3,0.25,1.0,1,12,0.3870967741935483,8,8
5,16,matched_betti,0.5,max_full_branch_node_speed,all_interior,coexact,coexact,random_tangent,identity_stress,identity_03,4,next_token_logprob_delta,odd,0.375,1,-0.041435549054970454,0.025572852748317106,0.6822177163551735,3,0.25,1.0,2,"11,12",0.3709677419354838,8,8
5,16,matched_betti,0.5,max_full_branch_node_speed,all_interior,coexact,coexact,random_tangent,identity_stress,identity_04,4,next_token_logprob_delta,odd,0.375,1,-0.2381764527017912,0.0186282280220548,0.11742716724012531,3,0.25,1.0,2,"10,11",0.375,8,8
5,16,matched_betti,0.5,max_full_branch_node_speed,all_interior,coexact,coexact,random_tangent,identity_stress,identity_05,4,next_token_logprob_delta,odd,0.375,1,0.12312380269240997,0.021972506927228297,0.26048957129446076,3,0.25,1.0,2,"10,11",0.375,8,8
5,16,matched_betti,0.5,max_full_branch_node_speed,all_interior,coexact,coexact,random_tangent,literal_stable,literal_01,4,next_token_logprob_delta,odd,0.375,1,0.8559043546297334,0.04852051364614874,0.08539292630132066,3,0.25,1.0,3,"11,12,13",0.3636363636363636,8,8
5,16,matched_betti,0.5,max_full_branch_node_speed,all_interior,coexact,coexact,random_tangent,literal_stable,literal_02,4,next_token_logprob_delta,odd,0.375,1,-0.08663705739917417,0.04151422941346219,0.586671902635726,3,0.25,1.0,2,"10,11",0.375,8,8
5,16,matched_betti,0.5,max_full_branch_node_speed,all_interior,coexact,coexact,random_tangent,literal_stable,literal_03,4,next_token_logprob_delta,odd,0.375,1,0.03880728551121535,0.03237391589413545,0.7835831968781536,3,0.25,1.0,3,"9,10,11",0.3703703703703704,8,8
5,16,matched_betti,0.5,max_full_branch_node_speed,all_interior,coexact,coexact,random_tangent,literal_stable,literal_04,4,next_token_logprob_delta,odd,0.375,1,-0.15778557067302984,0.010953288167053907,0.10437811380794187,3,0.25,1.0,2,"9,10",0.38000000000000006,8,8
5,16,matched_betti,0.5,max_full_branch_node_speed,all_interior,coexact,coexact,random_tangent,literal_stable,literal_05,4,next_token_logprob_delta,odd,0.375,1,0.5598949121899371,0.07624428394575222,0.2016496321633847,3,0.25,1.0,2,"9,10",0.3653846153846154,8,8
5,16,matched_betti,0.5,max_full_branch_node_speed,all_interior,coexact,coexact,random_tangent,metaphor_shift,metaphor_01,4,next_token_logprob_delta,odd,0.375,1,0.4745316064088351,0.0401378113823484,0.1268461281732595,3,0.25,1.0,3,"12,13,14",0.38235294117647056,8,8
5,16,matched_betti,0.5,max_full_branch_node_speed,all_interior,coexact,coexact,random_tangent,metaphor_shift,metaphor_02,4,next_token_logprob_delta,odd,0.375,1,0.07960047181235963,0.02806365563597251,0.47036963078175736,3,0.25,1.0,3,"10,11,12",0.37931034482758624,8,8
5,16,matched_betti,0.5,max_full_branch_node_speed,all_interior,coexact,coexact,random_tangent,metaphor_shift,metaphor_03,4,next_token_logprob_delta,odd,0.375,1,0.13157838227697277,0.04059384783724509,0.4227094688543131,3,0.25,1.0,3,"10,11,12",0.3666666666666667,8,8
5,16,matched_betti,0.5,max_full_branch_node_speed,all_interior,coexact,coexact,random_tangent,metaphor_shift,metaphor_04,4,next_token_logprob_delta,odd,0.375,1,0.5034986486156033,0.062165452090965634,0.1834950659980792,3,0.25,1.0,2,"10,11",0.375,8,8
5,16,matched_betti,0.5,max_full_branch_node_speed,all_interior,coexact,coexact,random_tangent,metaphor_shift,metaphor_05,4,next_token_logprob_delta,odd,0.375,1,0.6470800263181707,0.045432130203241654,0.10555602480595246,3,0.25,1.0,3,"9,10,11",0.3703703703703704,8,8
5,16,matched_betti,0.5,max_full_branch_node_speed,all_interior,coexact,coexact,random_tangent,ontology_collapse,ontology_01,4,next_token_logprob_delta,odd,0.375,1,-0.45776552910518814,0.007406789337088736,0.02445501731231906,3,0.25,1.0,1,12,0.3870967741935483,8,8
5,16,matched_betti,0.5,max_full_branch_node_speed,all_interior,coexact,coexact,random_tangent,ontology_collapse,ontology_02,4,next_token_logprob_delta,odd,0.375,1,-0.24793805148149958,0.04392561563702063,0.25872630886304443,3,0.25,1.0,2,"10,11",0.375,8,8
5,16,matched_betti,0.5,max_full_branch_node_speed,all_interior,coexact,coexact,random_tangent,ontology_collapse,ontology_03,4,next_token_logprob_delta,odd,0.375,1,0.6592981329360298,0.007441416840595875,0.017061669984170073,3,0.25,1.0,3,"10,11,12",0.37931034482758624,8,8
5,16,matched_betti,0.5,max_full_branch_node_speed,all_interior,coexact,coexact,random_tangent,ontology_collapse,ontology_04,4,next_token_logprob_delta,odd,0.375,1,0.07315387469788423,0.014457103268880786,0.2862773396259888,3,0.25,1.0,3,"10,11,12",0.37931034482758624,8,8
5,16,matched_betti,0.5,max_full_branch_node_speed,all_interior,coexact,coexact,random_tangent,ontology_collapse,ontology_05,4,next_token_logprob_delta,odd,0.375,1,-0.11671345950181636,0.044635329754175224,0.5005435694299721,3,0.25,1.0,1,10,0.35714285714285715,8,8
5,16,matched_betti,0.5,max_full_branch_node_speed,all_interior,coexact,coexact,random_tangent,identity_stress,identity_01,5,next_token_logprob_delta,odd,0.4583333333333333,1,0.3012838799759425,0.010698709912252337,0.05360946997769071,3,0.25,1.0,2,"15,16",0.45588235294117646,8,8
5,16,matched_betti,0.5,max_full_branch_node_speed,all_interior,coexact,coexact,random_tangent,identity_stress,identity_02,5,next_token_logprob_delta,odd,0.4583333333333333,1,0.11287592242063284,0.011494300350958938,0.15216172784298865,3,0.25,1.0,3,"13,14,15",0.4516129032258065,8,8
5,16,matched_betti,0.5,max_full_branch_node_speed,all_interior,coexact,coexact,random_tangent,identity_stress,identity_03,5,next_token_logprob_delta,odd,0.4583333333333333,1,0.3540829421778355,0.00249741523316955,0.010662818881074863,3,0.25,1.0,3,"13,14,15",0.4516129032258065,8,8
5,16,matched_betti,0.5,max_full_branch_node_speed,all_interior,coexact,coexact,random_tangent,identity_stress,identity_04,5,next_token_logprob_delta,odd,0.4583333333333333,1,0.9148341305209557,0.45238799878728697,0.5987782682542128,3,0.25,1.0,1,12,0.42857142857142855,8,8
5,16,matched_betti,0.5,max_full_branch_node_speed,all_interior,coexact,coexact,random_tangent,identity_stress,identity_05,5,next_token_logprob_delta,odd,0.4583333333333333,1,0.08406719579119719,0.011998806606252922,0.2109306481184,3,0.25,1.0,2,"12,13",0.4464285714285714,8,8
5,16,matched_betti,0.5,max_full_branch_node_speed,all_interior,coexact,coexact,random_tangent,literal_stable,literal_01,5,next_token_logprob_delta,odd,0.4583333333333333,1,0.18177289143071682,0.007337203895091598,0.06091233685317683,3,0.25,1.0,3,"14,15,16",0.4545454545454546,8,8
5,16,matched_betti,0.5,max_full_branch_node_speed,all_interior,coexact,coexact,random_tangent,literal_stable,literal_02,5,next_token_logprob_delta,odd,0.4583333333333333,1,-0.14841031607378602,0.03180654930103086,0.3082373505408779,3,0.25,1.0,2,"12,13",0.4464285714285714,8,8
5,16,matched_betti,0.5,max_full_branch_node_speed,all_interior,coexact,coexact,random_tangent,literal_stable,literal_03,5,next_token_logprob_delta,odd,0.4583333333333333,1,0.9553226234055403,0.18964325263154527,0.2874553731691929,3,0.25,1.0,2,"12,13",0.46296296296296297,8,8
5,16,matched_betti,0.5,max_full_branch_node_speed,all_interior,coexact,coexact,random_tangent,literal_stable,literal_04,5,next_token_logprob_delta,odd,0.4583333333333333,1,-0.7488719727402682,0.028089203946423304,0.05661684304231373,3,0.25,1.0,2,"11,12",0.45999999999999996,8,8
5,16,matched_betti,0.5,max_full_branch_node_speed,all_interior,coexact,coexact,random_tangent,literal_stable,literal_05,5,next_token_logprob_delta,odd,0.4583333333333333,1,0.2877156137822359,0.044930508347792934,0.2297788755717335,3,0.25,1.0,2,"11,12",0.4423076923076923,8,8
5,16,matched_betti,0.5,max_full_branch_node_speed,all_interior,coexact,coexact,random_tangent,metaphor_shift,metaphor_01,5,next_token_logprob_delta,odd,0.4583333333333333,1,-0.20659092486658448,0.02324768224487435,0.16771948474972534,3,0.25,1.0,1,16,0.4705882352941176,8,8
5,16,matched_betti,0.5,max_full_branch_node_speed,all_interior,coexact,coexact,random_tangent,metaphor_shift,metaphor_02,5,next_token_logprob_delta,odd,0.4583333333333333,1,1.0189121420975373,0.06208173216160555,0.09172827699324046,3,0.25,1.0,2,"13,14",0.46551724137931033,8,8
5,16,matched_betti,0.5,max_full_branch_node_speed,all_interior,coexact,coexact,random_tangent,metaphor_shift,metaphor_03,5,next_token_logprob_delta,odd,0.4583333333333333,1,-0.09766750835887798,0.008543612298860847,0.13111041487321193,3,0.25,1.0,2,"13,14",0.45,8,8
5,16,matched_betti,0.5,max_full_branch_node_speed,all_interior,coexact,coexact,random_tangent,metaphor_shift,metaphor_04,5,next_token_logprob_delta,odd,0.4583333333333333,1,0.6021482934688039,0.002644342189041479,0.006639197585051739,3,0.25,1.0,1,12,0.42857142857142855,8,8
5,16,matched_betti,0.5,max_full_branch_node_speed,all_interior,coexact,coexact,random_tangent,metaphor_shift,metaphor_05,5,next_token_logprob_delta,odd,0.4583333333333333,1,-0.2603688880595965,0.03251736923408578,0.18553699646875377,3,0.25,1.0,2,"12,13",0.46296296296296297,8,8
5,16,matched_betti,0.5,max_full_branch_node_speed,all_interior,coexact,coexact,random_tangent,ontology_collapse,ontology_01,5,next_token_logprob_delta,odd,0.4583333333333333,1,0.7611027741331317,0.030856089537359296,0.06117786321099331,3,0.25,1.0,3,"13,14,15",0.4516129032258065,8,8
5,16,matched_betti,0.5,max_full_branch_node_speed,all_interior,coexact,coexact,random_tangent,ontology_collapse,ontology_02,5,next_token_logprob_delta,odd,0.4583333333333333,1,0.3044845810138576,0.023426089437792213,0.11553862775043873,3,0.25,1.0,2,"12,13",0.4464285714285714,8,8
5,16,matched_betti,0.5,max_full_branch_node_speed,all_interior,coexact,coexact,random_tangent,ontology_collapse,ontology_03,5,next_token_logprob_delta,odd,0.4583333333333333,1,0.31272530151520916,0.020417080937029063,0.09822820820128324,3,0.25,1.0,2,"13,14",0.46551724137931033,8,8
5,16,matched_betti,0.5,max_full_branch_node_speed,all_interior,coexact,coexact,random_tangent,ontology_collapse,ontology_04,5,next_token_logprob_delta,odd,0.4583333333333333,1,0.2952690631412563,0.04526240499760014,0.22577192916305575,3,0.25,1.0,2,"13,14",0.46551724137931033,8,8
5,16,matched_betti,0.5,max_full_branch_node_speed,all_interior,coexact,coexact,random_tangent,ontology_collapse,ontology_05,5,next_token_logprob_delta,odd,0.4583333333333333,1,0.07592394079532075,0.015534037744160425,0.295511369254886,3,0.25,1.0,2,"12,13",0.4464285714285714,8,8
5,16,matched_betti,0.5,max_full_branch_node_speed,all_interior,coexact,coexact,random_tangent,identity_stress,identity_01,6,next_token_logprob_delta,odd,0.5416666666666666,1,0.32605007795442215,0.0069851414790248175,0.03237234699841673,3,0.25,1.0,3,"17,18,19",0.5294117647058824,8,8
5,16,matched_betti,0.5,max_full_branch_node_speed,all_interior,coexact,coexact,random_tangent,identity_stress,identity_02,6,next_token_logprob_delta,odd,0.5416666666666666,1,0.2507620975841099,0.008222464667780855,0.049512869677493604,3,0.25,1.0,2,"16,17",0.532258064516129,8,8
5,16,matched_betti,0.5,max_full_branch_node_speed,all_interior,coexact,coexact,random_tangent,identity_stress,identity_03,6,next_token_logprob_delta,odd,0.5416666666666666,1,0.34940024684429194,0.03844190078769343,0.16408394918547697,3,0.25,1.0,3,"16,17,18",0.5483870967741935,8,8
5,16,matched_betti,0.5,max_full_branch_node_speed,all_interior,coexact,coexact,random_tangent,identity_stress,identity_04,6,next_token_logprob_delta,odd,0.5416666666666666,1,0.24535203944907316,0.004176709022414831,0.025728337955450282,3,0.25,1.0,3,"14,15,16",0.5357142857142857,8,8
5,16,matched_betti,0.5,max_full_branch_node_speed,all_interior,coexact,coexact,random_tangent,identity_stress,identity_05,6,next_token_logprob_delta,odd,0.5416666666666666,1,-0.10170472948656373,0.02604683294105091,0.3610701531606233,3,0.25,1.0,3,"14,15,16",0.5357142857142857,8,8
5,16,matched_betti,0.5,max_full_branch_node_speed,all_interior,coexact,coexact,random_tangent,literal_stable,literal_01,6,next_token_logprob_delta,odd,0.5416666666666666,1,0.08643017178346388,0.06290572785719364,0.7400503844209517,3,0.25,1.0,3,"17,18,19",0.5454545454545454,8,8
5,16,matched_betti,0.5,max_full_branch_node_speed,all_interior,coexact,coexact,random_tangent,literal_stable,literal_02,6,next_token_logprob_delta,odd,0.5416666666666666,1,0.06014967655695358,0.05687382317175377,0.819410605236341,3,0.25,1.0,3,"14,15,16",0.5357142857142857,8,8
5,16,matched_betti,0.5,max_full_branch_node_speed,all_interior,coexact,coexact,random_tangent,literal_stable,literal_03,6,next_token_logprob_delta,odd,0.5416666666666666,1,-0.06531104073045998,0.022059227461138673,0.454778221480794,3,0.25,1.0,2,"14,15",0.537037037037037,8,8
5,16,matched_betti,0.5,max_full_branch_node_speed,all_interior,coexact,coexact,random_tangent,literal_stable,literal_04,6,next_token_logprob_delta,odd,0.5416666666666666,1,0.4356589168222764,0.06106351259940761,0.2073040538875727,3,0.25,1.0,2,"13,14",0.54,8,8
5,16,matched_betti,0.5,max_full_branch_node_speed,all_interior,coexact,coexact,random_tangent,literal_stable,literal_05,6,next_token_logprob_delta,odd,0.5416666666666666,1,0.5121508514114501,0.04346251118712077,0.12725724920091247,3,0.25,1.0,3,"13,14,15",0.5384615384615384,8,8
5,16,matched_betti,0.5,max_full_branch_node_speed,all_interior,coexact,coexact,random_tangent,metaphor_shift,metaphor_01,6,next_token_logprob_delta,odd,0.5416666666666666,1,0.17766067128155563,0.018803712238227903,0.15800585572576945,3,0.25,1.0,3,"17,18,19",0.5294117647058824,8,8
5,16,matched_betti,0.5,max_full_branch_node_speed,all_interior,coexact,coexact,random_tangent,metaphor_shift,metaphor_02,6,next_token_logprob_delta,odd,0.5416666666666666,1,-0.5180220934015812,0.10186009051026187,0.2849556698256834,3,0.25,1.0,2,"15,16",0.5344827586206897,8,8
5,16,matched_betti,0.5,max_full_branch_node_speed,all_interior,coexact,coexact,random_tangent,metaphor_shift,metaphor_03,6,next_token_logprob_delta,odd,0.5416666666666666,1,0.10078026598585527,0.025499429653411454,0.35728205539652136,3,0.25,1.0,2,"16,17",0.55,8,8
5,16,matched_betti,0.5,max_full_branch_node_speed,all_interior,coexact,coexact,random_tangent,metaphor_shift,metaphor_04,6,next_token_logprob_delta,odd,0.5416666666666666,1,0.3760564856422082,0.014755664279761289,0.059218012785951915,3,0.25,1.0,3,"14,15,16",0.5357142857142857,8,8
5,16,matched_betti,0.5,max_full_branch_node_speed,all_interior,coexact,coexact,random_tangent,metaphor_shift,metaphor_05,6,next_token_logprob_delta,odd,0.5416666666666666,1,0.23284643566564595,0.04388012042427706,0.27400679795390626,3,0.25,1.0,2,"14,15",0.537037037037037,8,8
5,16,matched_betti,0.5,max_full_branch_node_speed,all_interior,coexact,coexact,random_tangent,ontology_collapse,ontology_01,6,next_token_logprob_delta,odd,0.5416666666666666,1,-0.1821197938743047,0.05799183607530315,0.43376785133183854,3,0.25,1.0,3,"16,17,18",0.5483870967741935,8,8
5,16,matched_betti,0.5,max_full_branch_node_speed,all_interior,coexact,coexact,random_tangent,ontology_collapse,ontology_02,6,next_token_logprob_delta,odd,0.5416666666666666,1,0.5756890147729914,0.007142427234376183,0.018753937623247775,3,0.25,1.0,3,"14,15,16",0.5357142857142857,8,8
5,16,matched_betti,0.5,max_full_branch_node_speed,all_interior,coexact,coexact,random_tangent,ontology_collapse,ontology_03,6,next_token_logprob_delta,odd,0.5416666666666666,1,0.15208183383612747,0.004319369757083377,0.04289967594864782,3,0.25,1.0,2,"15,16",0.5344827586206897,8,8
5,16,matched_betti,0.5,max_full_branch_node_speed,all_interior,coexact,coexact,random_tangent,ontology_collapse,ontology_04,6,next_token_logprob_delta,odd,0.5416666666666666,1,0.2777588504230415,0.050527323016484126,0.26517729317869854,3,0.25,1.0,1,16,0.5517241379310345,8,8
5,16,matched_betti,0.5,max_full_branch_node_speed,all_interior,coexact,coexact,random_tangent,ontology_collapse,ontology_05,6,next_token_logprob_delta,odd,0.5416666666666666,1,0.091884283846719,0.08404308875373567,0.8103223249762752,3,0.25,1.0,2,"15,16",0.5535714285714286,8,8
5,16,matched_betti,0.5,max_full_branch_node_speed,all_interior,coexact,coexact,random_tangent,identity_stress,identity_01,7,next_token_logprob_delta,odd,0.625,1,0.47708405560631995,0.004831069539827994,0.015307648067577386,3,0.25,1.0,3,"20,21,22",0.6176470588235294,8,8
5,16,matched_betti,0.5,max_full_branch_node_speed,all_interior,coexact,coexact,random_tangent,identity_stress,identity_02,7,next_token_logprob_delta,odd,0.625,1,0.24240275464379374,0.012109733658680781,0.07531349806683485,3,0.25,1.0,2,"19,20",0.6290322580645161,8,8
5,16,matched_betti,0.5,max_full_branch_node_speed,all_interior,coexact,coexact,random_tangent,identity_stress,identity_03,7,next_token_logprob_delta,odd,0.625,1,0.2956183737379484,0.05658026700565958,0.27796088379334993,3,0.25,1.0,2,"19,20",0.6290322580645161,8,8
5,16,matched_betti,0.5,max_full_branch_node_speed,all_interior,coexact,coexact,random_tangent,identity_stress,identity_04,7,next_token_logprob_delta,odd,0.625,1,0.44630283873893883,0.13242677890925206,0.4093004742306391,3,0.25,1.0,1,17,0.6071428571428571,8,8
5,16,matched_betti,0.5,max_full_branch_node_speed,all_interior,coexact,coexact,random_tangent,identity_stress,identity_05,7,next_token_logprob_delta,odd,0.625,1,0.1449991373120477,0.013361164341274268,0.13797990772883323,3,0.25,1.0,2,"17,18",0.625,8,8
5,16,matched_betti,0.5,max_full_branch_node_speed,all_interior,coexact,coexact,random_tangent,literal_stable,literal_01,7,next_token_logprob_delta,odd,0.625,1,0.15015141289403094,0.011270538767103606,0.11275806917869785,3,0.25,1.0,2,"20,21",0.6212121212121212,8,8
5,16,matched_betti,0.5,max_full_branch_node_speed,all_interior,coexact,coexact,random_tangent,literal_stable,literal_02,7,next_token_logprob_delta,odd,0.625,1,0.34800833728257186,0.01361692983874686,0.05905299803129427,3,0.25,1.0,2,"17,18",0.625,8,8
5,16,matched_betti,0.5,max_full_branch_node_speed,all_interior,coexact,coexact,random_tangent,literal_stable,literal_03,7,next_token_logprob_delta,odd,0.625,1,0.23000005929898418,0.03486380306700972,0.22337925226717972,3,0.25,1.0,2,"16,17",0.6111111111111112,8,8
5,16,matched_betti,0.5,max_full_branch_node_speed,all_interior,coexact,coexact,random_tangent,literal_stable,literal_04,7,next_token_logprob_delta,odd,0.625,1,-0.17296258757836575,0.004465358387678257,0.03900179143942964,3,0.25,1.0,2,"15,16",0.62,8,8
5,16,matched_betti,0.5,max_full_branch_node_speed,all_interior,coexact,coexact,random_tangent,literal_stable,literal_05,7,next_token_logprob_delta,odd,0.625,1,-0.21561505269172151,0.08141977149372971,0.49579434872701156,3,0.25,1.0,2,"16,17",0.6346153846153846,8,8
5,16,matched_betti,0.5,max_full_branch_node_speed,all_interior,coexact,coexact,random_tangent,metaphor_shift,metaphor_01,7,next_token_logprob_delta,odd,0.625,1,-0.037035000637152926,0.029847281443905263,0.7729936946496969,3,0.25,1.0,2,"20,21",0.6029411764705883,8,8
5,16,matched_betti,0.5,max_full_branch_node_speed,all_interior,coexact,coexact,random_tangent,metaphor_shift,metaphor_02,7,next_token_logprob_delta,odd,0.625,1,0.4184237135268084,0.028874661996459983,0.10376735409033216,3,0.25,1.0,3,"17,18,19",0.6206896551724138,8,8
5,16,matched_betti,0.5,max_full_branch_node_speed,all_interior,coexact,coexact,random_tangent,metaphor_shift,metaphor_03,7,next_token_logprob_delta,odd,0.625,1,0.15508002455334413,0.025035937394929923,0.2371121726014871,3,0.25,1.0,2,"18,19",0.6166666666666667,8,8
5,16,matched_betti,0.5,max_full_branch_node_speed,all_interior,coexact,coexact,random_tangent,metaphor_shift,metaphor_04,7,next_token_logprob_delta,odd,0.625,1,0.27184727184192947,0.006841658364997504,0.03802184858865549,3,0.25,1.0,2,"17,18",0.625,8,8
5,16,matched_betti,0.5,max_full_branch_node_speed,all_interior,coexact,coexact,random_tangent,metaphor_shift,metaphor_05,7,next_token_logprob_delta,odd,0.625,1,-0.30338408325404886,0.042942941735391656,0.20926020631530418,3,0.25,1.0,2,"16,17",0.6111111111111112,8,8
5,16,matched_betti,0.5,max_full_branch_node_speed,all_interior,coexact,coexact,random_tangent,ontology_collapse,ontology_01,7,next_token_logprob_delta,odd,0.625,1,0.10469940295805058,0.08019891437971119,0.7568722724489636,3,0.25,1.0,2,"19,20",0.6290322580645161,8,8
5,16,matched_betti,0.5,max_full_branch_node_speed,all_interior,coexact,coexact,random_tangent,ontology_collapse,ontology_02,7,next_token_logprob_delta,odd,0.625,1,-0.04930683303761587,0.01583740292628622,0.43682822682815786,3,0.25,1.0,2,"17,18",0.625,8,8
5,16,matched_betti,0.5,max_full_branch_node_speed,all_interior,coexact,coexact,random_tangent,ontology_collapse,ontology_03,7,next_token_logprob_delta,odd,0.625,1,-0.07921981357033771,0.06850477716121005,0.7942852332327841,3,0.25,1.0,3,"17,18,19",0.6206896551724138,8,8
5,16,matched_betti,0.5,max_full_branch_node_speed,all_interior,coexact,coexact,random_tangent,ontology_collapse,ontology_04,7,next_token_logprob_delta,odd,0.625,1,0.4387228805238396,0.004873987008474876,0.016793599989335533,3,0.25,1.0,3,"17,18,19",0.6206896551724138,8,8
5,16,matched_betti,0.5,max_full_branch_node_speed,all_interior,coexact,coexact,random_tangent,ontology_collapse,ontology_05,7,next_token_logprob_delta,odd,0.625,1,0.45226179350437384,0.01103719659076907,0.03687095982351251,3,0.25,1.0,2,"17,18",0.625,8,8
5,16,matched_betti,0.5,max_full_branch_node_speed,all_interior,coexact,coexact,random_tangent,identity_stress,identity_01,8,next_token_logprob_delta,odd,0.7083333333333334,1,0.4773530602065788,0.022265757895742054,0.07034472694111468,3,0.25,1.0,3,"23,24,25",0.7058823529411765,8,8
5,16,matched_betti,0.5,max_full_branch_node_speed,all_interior,coexact,coexact,random_tangent,identity_stress,identity_02,8,next_token_logprob_delta,odd,0.7083333333333334,1,0.057468025511942813,0.028326968791307066,0.597544466191435,3,0.25,1.0,3,"21,22,23",0.7096774193548386,8,8
5,16,matched_betti,0.5,max_full_branch_node_speed,all_interior,coexact,coexact,random_tangent,identity_stress,identity_03,8,next_token_logprob_delta,odd,0.7083333333333334,1,-0.25249602713583524,0.05917528786469656,0.3339763348976448,3,0.25,1.0,3,"21,22,23",0.7096774193548386,8,8
5,16,matched_betti,0.5,max_full_branch_node_speed,all_interior,coexact,coexact,random_tangent,identity_stress,identity_04,8,next_token_logprob_delta,odd,0.7083333333333334,1,0.2688152690478183,0.02406731009292883,0.13413498388455047,3,0.25,1.0,2,"19,20",0.6964285714285715,8,8
5,16,matched_betti,0.5,max_full_branch_node_speed,all_interior,coexact,coexact,random_tangent,identity_stress,identity_05,8,next_token_logprob_delta,odd,0.7083333333333334,1,-0.5206568939215481,0.0699040106592738,0.19892705544487194,3,0.25,1.0,2,"19,20",0.6964285714285715,8,8
5,16,matched_betti,0.5,max_full_branch_node_speed,all_interior,coexact,coexact,random_tangent,literal_stable,literal_01,8,next_token_logprob_delta,odd,0.7083333333333334,1,0.35150333052828514,0.023633146106724755,0.10112787964885411,3,0.25,1.0,3,"22,23,24",0.6969696969696969,8,8
5,16,matched_betti,0.5,max_full_branch_node_speed,all_interior,coexact,coexact,random_tangent,literal_stable,literal_02,8,next_token_logprob_delta,odd,0.7083333333333334,1,-0.028950994926088054,0.04449543605970436,0.9185474382454865,3,0.25,1.0,2,"19,20",0.6964285714285715,8,8
5,16,matched_betti,0.5,max_full_branch_node_speed,all_interior,coexact,coexact,random_tangent,literal_stable,literal_03,8,next_token_logprob_delta,odd,0.7083333333333334,1,0.18464329213698977,0.010026508213260026,0.08182170156510184,3,0.25,1.0,3,"18,19,20",0.7037037037037037,8,8
5,16,matched_betti,0.5,max_full_branch_node_speed,all_interior,coexact,coexact,random_tangent,literal_stable,literal_04,8,next_token_logprob_delta,odd,0.7083333333333334,1,0.4571577583956114,0.017864747533488753,0.058977333651276526,3,0.25,1.0,2,"17,18",0.6999999999999998,8,8
5,16,matched_betti,0.5,max_full_branch_node_speed,all_interior,coexact,coexact,random_tangent,literal_stable,literal_05,8,next_token_logprob_delta,odd,0.7083333333333334,1,0.1979372132931182,0.014980574989896923,0.11368088431660335,3,0.25,1.0,2,"18,19",0.7115384615384613,8,8
5,16,matched_betti,0.5,max_full_branch_node_speed,all_interior,coexact,coexact,random_tangent,metaphor_shift,metaphor_01,8,next_token_logprob_delta,odd,0.7083333333333334,1,0.14578325102356754,0.0319657804202631,0.3146644903821112,3,0.25,1.0,3,"23,24,25",0.7058823529411765,8,8
5,16,matched_betti,0.5,max_full_branch_node_speed,all_interior,coexact,coexact,random_tangent,metaphor_shift,metaphor_02,8,next_token_logprob_delta,odd,0.7083333333333334,1,-0.3724788203981082,0.02653926100763152,0.10710087266669073,3,0.25,1.0,2,"20,21",0.7068965517241379,8,8
5,16,matched_betti,0.5,max_full_branch_node_speed,all_interior,coexact,coexact,random_tangent,metaphor_shift,metaphor_03,8,next_token_logprob_delta,odd,0.7083333333333334,1,0.005397189090769768,0.030415149462518363,0.9931821997994972,3,0.25,1.0,3,"20,21,22",0.6999999999999998,8,8
5,16,matched_betti,0.5,max_full_branch_node_speed,all_interior,coexact,coexact,random_tangent,metaphor_shift,metaphor_04,8,next_token_logprob_delta,odd,0.7083333333333334,1,0.2949959253313218,0.009026953839539739,0.04621382490605369,3,0.25,1.0,2,"19,20",0.6964285714285715,8,8
5,16,matched_betti,0.5,max_full_branch_node_speed,all_interior,coexact,coexact,random_tangent,metaphor_shift,metaphor_05,8,next_token_logprob_delta,odd,0.7083333333333334,1,-0.31637510065934343,0.026362368535457825,0.1249896240892964,3,0.25,1.0,3,"18,19,20",0.7037037037037037,8,8
5,16,matched_betti,0.5,max_full_branch_node_speed,all_interior,coexact,coexact,random_tangent,ontology_collapse,ontology_01,8,next_token_logprob_delta,odd,0.7083333333333334,1,0.24971287441850815,0.02782934040169318,0.16614768600672605,3,0.25,1.0,2,"21,23",0.7096774193548386,8,8
5,16,matched_betti,0.5,max_full_branch_node_speed,all_interior,coexact,coexact,random_tangent,ontology_collapse,ontology_02,8,next_token_logprob_delta,odd,0.7083333333333334,1,0.14624617520394428,0.012225153500538467,0.12538335551460258,3,0.25,1.0,2,"19,20",0.6964285714285715,8,8
5,16,matched_betti,0.5,max_full_branch_node_speed,all_interior,coexact,coexact,random_tangent,ontology_collapse,ontology_03,8,next_token_logprob_delta,odd,0.7083333333333334,1,0.15753960854417143,0.023462156506188457,0.2196597509456588,3,0.25,1.0,2,"20,21",0.7068965517241379,8,8
5,16,matched_betti,0.5,max_full_branch_node_speed,all_interior,coexact,coexact,random_tangent,ontology_collapse,ontology_04,8,next_token_logprob_delta,odd,0.7083333333333334,1,-0.2629385066803097,0.04584842759933853,0.2549127492846245,3,0.25,1.0,2,"20,21",0.7068965517241379,8,8
5,16,matched_betti,0.5,max_full_branch_node_speed,all_interior,coexact,coexact,random_tangent,ontology_collapse,ontology_05,8,next_token_logprob_delta,odd,0.7083333333333334,1,0.30954286569235234,0.02207796279330035,0.10721086186334773,3,0.25,1.0,2,"19,20",0.6964285714285715,8,8
5,16,matched_betti,0.5,max_full_branch_node_speed,all_interior,coexact,coexact,random_tangent,identity_stress,identity_01,9,next_token_logprob_delta,odd,0.7916666666666666,1,-0.21120040250603994,0.010749078924201365,0.07671947163956427,3,0.25,1.0,3,"26,27,28",0.7941176470588235,8,8
5,16,matched_betti,0.5,max_full_branch_node_speed,all_interior,coexact,coexact,random_tangent,identity_stress,identity_02,9,next_token_logprob_delta,odd,0.7916666666666666,1,-0.3062850975535148,0.023100408795274096,0.11329209890444868,3,0.25,1.0,2,"24,25",0.7903225806451614,8,8
5,16,matched_betti,0.5,max_full_branch_node_speed,all_interior,coexact,coexact,random_tangent,identity_stress,identity_03,9,next_token_logprob_delta,odd,0.7916666666666666,1,0.3269685418592166,0.05287468264711276,0.23749055105997527,3,0.25,1.0,2,"24,25",0.7903225806451614,8,8
5,16,matched_betti,0.5,max_full_branch_node_speed,all_interior,coexact,coexact,random_tangent,identity_stress,identity_04,9,next_token_logprob_delta,odd,0.7916666666666666,1,0.7464265437207972,0.06415948749092294,0.12886895093690506,3,0.25,1.0,3,"21,22,23",0.7857142857142857,8,8
5,16,matched_betti,0.5,max_full_branch_node_speed,all_interior,coexact,coexact,random_tangent,identity_stress,identity_05,9,next_token_logprob_delta,odd,0.7916666666666666,1,1.0383060451862522,0.04533790332285741,0.06587228587721695,3,0.25,1.0,3,"21,22,23",0.7857142857142857,8,8
5,16,matched_betti,0.5,max_full_branch_node_speed,all_interior,coexact,coexact,random_tangent,literal_stable,literal_01,9,next_token_logprob_delta,odd,0.7916666666666666,1,-0.4335340011546707,0.032137065064705476,0.11137395593477674,3,0.25,1.0,3,"25,26,27",0.787878787878788,8,8
5,16,matched_betti,0.5,max_full_branch_node_speed,all_interior,coexact,coexact,random_tangent,literal_stable,literal_02,9,next_token_logprob_delta,odd,0.7916666666666666,1,-0.07481746463072442,0.13718438404140987,0.9406671041741355,3,0.25,1.0,1,21,0.75,8,8
5,16,matched_betti,0.5,max_full_branch_node_speed,all_interior,coexact,coexact,random_tangent,literal_stable,literal_03,9,next_token_logprob_delta,odd,0.7916666666666666,1,0.23750625616021467,0.03883409310831167,0.2399768164732738,3,0.25,1.0,1,21,0.7777777777777778,8,8
5,16,matched_betti,0.5,max_full_branch_node_speed,all_interior,coexact,coexact,random_tangent,literal_stable,literal_04,9,next_token_logprob_delta,odd,0.7916666666666666,1,-0.19108998874480473,0.016958341594816087,0.13297872665516852,3,0.25,1.0,2,"19,20",0.7799999999999999,8,8
5,16,matched_betti,0.5,max_full_branch_node_speed,all_interior,coexact,coexact,random_tangent,literal_stable,literal_05,9,next_token_logprob_delta,odd,0.7916666666666666,1,0.44429437388166126,0.08367825420543086,0.27385719750064513,3,0.25,1.0,1,20,0.7692307692307693,8,8
5,16,matched_betti,0.5,max_full_branch_node_speed,all_interior,coexact,coexact,random_tangent,metaphor_shift,metaphor_01,9,next_token_logprob_delta,odd,0.7916666666666666,1,0.7291126613005063,0.0029974915824299594,0.006215354652450006,3,0.25,1.0,3,"26,27,28",0.7941176470588235,8,8
5,16,matched_betti,0.5,max_full_branch_node_speed,all_interior,coexact,coexact,random_tangent,metaphor_shift,metaphor_02,9,next_token_logprob_delta,odd,0.7916666666666666,1,-0.07584633326033535,0.010711031192997184,0.20879886704172632,3,0.25,1.0,3,"22,23,24",0.7931034482758621,8,8
5,16,matched_betti,0.5,max_full_branch_node_speed,all_interior,coexact,coexact,random_tangent,metaphor_shift,metaphor_03,9,next_token_logprob_delta,odd,0.7916666666666666,1,-0.11136460445729211,0.008829458501871256,0.1190145602580759,3,0.25,1.0,2,"23,24",0.7833333333333335,8,8
5,16,matched_betti,0.5,max_full_branch_node_speed,all_interior,coexact,coexact,random_tangent,metaphor_shift,metaphor_04,9,next_token_logprob_delta,odd,0.7916666666666666,1,0.031033308660741974,0.004416052776210428,0.21032566851675982,3,0.25,1.0,3,"21,22,23",0.7857142857142857,8,8
5,16,matched_betti,0.5,max_full_branch_node_speed,all_interior,coexact,coexact,random_tangent,metaphor_shift,metaphor_05,9,next_token_logprob_delta,odd,0.7916666666666666,1,0.17157484649342714,0.010061338274729367,0.08831063024344772,3,0.25,1.0,2,"21,22",0.7962962962962963,8,8
5,16,matched_betti,0.5,max_full_branch_node_speed,all_interior,coexact,coexact,random_tangent,ontology_collapse,ontology_01,9,next_token_logprob_delta,odd,0.7916666666666666,1,0.11735087681848032,0.020027366132262497,0.2498349623764006,3,0.25,1.0,2,"24,25",0.7903225806451614,8,8
5,16,matched_betti,0.5,max_full_branch_node_speed,all_interior,coexact,coexact,random_tangent,ontology_collapse,ontology_02,9,next_token_logprob_delta,odd,0.7916666666666666,1,0.7970728212258972,0.048542194120888255,0.09168520904462028,3,0.25,1.0,3,"21,22,23",0.7857142857142857,8,8
5,16,matched_betti,0.5,max_full_branch_node_speed,all_interior,coexact,coexact,random_tangent,ontology_collapse,ontology_03,9,next_token_logprob_delta,odd,0.7916666666666666,1,0.4358406636791204,0.010270099000998333,0.03560265900925883,3,0.25,1.0,2,"22,23",0.7758620689655172,8,8
5,16,matched_betti,0.5,max_full_branch_node_speed,all_interior,coexact,coexact,random_tangent,ontology_collapse,ontology_04,9,next_token_logprob_delta,odd,0.7916666666666666,1,0.30403169336680574,0.015795320052281056,0.07830418904236129,3,0.25,1.0,3,"22,23,24",0.7931034482758621,8,8
5,16,matched_betti,0.5,max_full_branch_node_speed,all_interior,coexact,coexact,random_tangent,ontology_collapse,ontology_05,9,next_token_logprob_delta,odd,0.7916666666666666,1,-0.10825860965202583,0.007360867489673834,0.10225744849723876,3,0.25,1.0,3,"21,22,23",0.7857142857142857,8,8
5,16,matched_betti,0.5,max_full_branch_node_speed,all_interior,coexact,coexact,random_tangent,identity_stress,identity_01,10,next_token_logprob_delta,odd,0.875,1,-0.14408891278816838,0.02448553930942784,0.24883436453153246,3,0.25,1.0,3,"29,30,31",0.8823529411764706,8,8
5,16,matched_betti,0.5,max_full_branch_node_speed,all_interior,coexact,coexact,random_tangent,identity_stress,identity_02,10,next_token_logprob_delta,odd,0.875,1,0.018319835434269367,0.06169249506061182,0.9812510360701471,3,0.25,1.0,2,"26,28",0.8709677419354839,8,8
5,16,matched_betti,0.5,max_full_branch_node_speed,all_interior,coexact,coexact,random_tangent,identity_stress,identity_03,10,next_token_logprob_delta,odd,0.875,1,0.41900576771601294,0.003351252450257597,0.01209111540864157,3,0.25,1.0,3,"26,27,28",0.8709677419354839,8,8
5,16,matched_betti,0.5,max_full_branch_node_speed,all_interior,coexact,coexact,random_tangent,identity_stress,identity_04,10,next_token_logprob_delta,odd,0.875,1,-0.15339681354853357,0.0961280541829289,0.6877662464319221,3,0.25,1.0,1,24,0.8571428571428571,8,8
5,16,matched_betti,0.5,max_full_branch_node_speed,all_interior,coexact,coexact,random_tangent,identity_stress,identity_05,10,next_token_logprob_delta,odd,0.875,1,-0.29582631347585125,0.014596904745170636,0.0743926203732368,3,0.25,1.0,2,"24,25",0.875,8,8
5,16,matched_betti,0.5,max_full_branch_node_speed,all_interior,coexact,coexact,random_tangent,literal_stable,literal_01,10,next_token_logprob_delta,odd,0.875,1,-0.23053572407845582,0.02917901757751541,0.18794646790358066,3,0.25,1.0,2,"29,30",0.8939393939393939,8,8
5,16,matched_betti,0.5,max_full_branch_node_speed,all_interior,coexact,coexact,random_tangent,literal_stable,literal_02,10,next_token_logprob_delta,odd,0.875,1,-0.5674268490032717,0.016875690602336624,0.044918378691896646,3,0.25,1.0,1,24,0.8571428571428571,8,8
5,16,matched_betti,0.5,max_full_branch_node_speed,all_interior,coexact,coexact,random_tangent,literal_stable,literal_03,10,next_token_logprob_delta,odd,0.875,1,0.11784925681772346,0.021635356111672846,0.26744406680967997,3,0.25,1.0,2,"23,24",0.8703703703703703,8,8
5,16,matched_betti,0.5,max_full_branch_node_speed,all_interior,coexact,coexact,random_tangent,literal_stable,literal_04,10,next_token_logprob_delta,odd,0.875,1,-0.43426285699135536,0.009431518737120621,0.03281753268265947,3,0.25,1.0,2,"21,22",0.86,8,8
5,16,matched_betti,0.5,max_full_branch_node_speed,all_interior,coexact,coexact,random_tangent,literal_stable,literal_05,10,next_token_logprob_delta,odd,0.875,1,0.4635079184343957,0.019905152940543125,0.06478968879915417,3,0.25,1.0,2,"22,23",0.8653846153846154,8,8
5,16,matched_betti,0.5,max_full_branch_node_speed,all_interior,coexact,coexact,random_tangent,metaphor_shift,metaphor_01,10,next_token_logprob_delta,odd,0.875,1,0.2256808887325186,0.07118707097452502,0.4304474716748893,3,0.25,1.0,3,"29,30,31",0.8823529411764706,8,8
5,16,matched_betti,0.5,max_full_branch_node_speed,all_interior,coexact,coexact,random_tangent,metaphor_shift,metaphor_02,10,next_token_logprob_delta,odd,0.875,1,0.509814804714546,0.3232529701188516,0.6920087150957006,3,0.25,1.0,1,26,0.896551724137931,8,8
5,16,matched_betti,0.5,max_full_branch_node_speed,all_interior,coexact,coexact,random_tangent,metaphor_shift,metaphor_03,10,next_token_logprob_delta,odd,0.875,1,0.41169265975024977,0.02764684024924427,0.10100816790703447,3,0.25,1.0,2,"25,27",0.8666666666666667,8,8
5,16,matched_betti,0.5,max_full_branch_node_speed,all_interior,coexact,coexact,random_tangent,metaphor_shift,metaphor_04,10,next_token_logprob_delta,odd,0.875,1,0.18331772062189772,0.03562210762185088,0.2818704812265963,3,0.25,1.0,2,"24,25",0.875,8,8
5,16,matched_betti,0.5,max_full_branch_node_speed,all_interior,coexact,coexact,random_tangent,metaphor_shift,metaphor_05,10,next_token_logprob_delta,odd,0.875,1,0.6533784965814601,0.010021363703354212,0.023182284321361407,3,0.25,1.0,1,23,0.8518518518518517,8,8
5,16,matched_betti,0.5,max_full_branch_node_speed,all_interior,coexact,coexact,random_tangent,ontology_collapse,ontology_01,10,next_token_logprob_delta,odd,0.875,1,0.2659596759816568,0.006833110291180799,0.038813805502107626,3,0.25,1.0,3,"26,27,28",0.8709677419354839,8,8
5,16,matched_betti,0.5,max_full_branch_node_speed,all_interior,coexact,coexact,random_tangent,ontology_collapse,ontology_02,10,next_token_logprob_delta,odd,0.875,1,-0.022209053879686323,0.013509675795436188,0.6769197501453172,3,0.25,1.0,2,"24,25",0.875,8,8
5,16,matched_betti,0.5,max_full_branch_node_speed,all_interior,coexact,coexact,random_tangent,ontology_collapse,ontology_03,10,next_token_logprob_delta,odd,0.875,1,-0.33913541445136675,0.05964523274445736,0.2569682158334281,3,0.25,1.0,2,"25,26",0.8793103448275862,8,8
5,16,matched_betti,0.5,max_full_branch_node_speed,all_interior,coexact,coexact,random_tangent,ontology_collapse,ontology_04,10,next_token_logprob_delta,odd,0.875,1,0.9936534643263192,0.009789644997994387,0.014893432170788621,3,0.25,1.0,2,"25,26",0.8793103448275862,8,8
5,16,matched_betti,0.5,max_full_branch_node_speed,all_interior,coexact,coexact,random_tangent,ontology_collapse,ontology_05,10,next_token_logprob_delta,odd,0.875,1,0.09507008486270403,0.007732444328700282,0.12204643000868777,3,0.25,1.0,2,"24,25",0.875,8,8
5,16,matched_betti,0.5,max_full_branch_node_speed,all_interior,coexact,coexact,random_tangent,identity_stress,identity_01,11,next_token_logprob_delta,odd,0.9583333333333334,1,-0.15334565403300274,0.04822119573362344,0.4293662977898204,3,0.25,1.0,2,"32,33",0.9558823529411763,8,8
5,16,matched_betti,0.5,max_full_branch_node_speed,all_interior,coexact,coexact,random_tangent,identity_stress,identity_02,11,next_token_logprob_delta,odd,0.9583333333333334,1,-0.26974559440165624,0.041787729026921475,0.22803900630226484,3,0.25,1.0,2,"29,30",0.9516129032258065,8,8
5,16,matched_betti,0.5,max_full_branch_node_speed,all_interior,coexact,coexact,random_tangent,identity_stress,identity_03,11,next_token_logprob_delta,odd,0.9583333333333334,1,0.01677153322988311,0.03214132014351194,0.9452812860508218,3,0.25,1.0,1,29,0.9354838709677419,8,8
5,16,matched_betti,0.5,max_full_branch_node_speed,all_interior,coexact,coexact,random_tangent,identity_stress,identity_04,11,next_token_logprob_delta,odd,0.9583333333333334,1,0.008581391847099759,0.05911963905244377,0.9954226919276549,3,0.25,1.0,2,"26,27",0.9464285714285715,8,8
5,16,matched_betti,0.5,max_full_branch_node_speed,all_interior,coexact,coexact,random_tangent,identity_stress,identity_05,11,next_token_logprob_delta,odd,0.9583333333333334,1,-0.41489225947201447,0.019627793211010096,0.07134098674717348,3,0.25,1.0,1,26,0.9285714285714285,8,8
5,16,matched_betti,0.5,max_full_branch_node_speed,all_interior,coexact,coexact,random_tangent,literal_stable,literal_01,11,next_token_logprob_delta,odd,0.9583333333333334,1,-0.5856235904880501,0.04801270624650152,0.12300924906542582,3,0.25,1.0,1,32,0.9696969696969697,8,8
5,16,matched_betti,0.5,max_full_branch_node_speed,all_interior,coexact,coexact,random_tangent,literal_stable,literal_02,11,next_token_logprob_delta,odd,0.9583333333333334,1,-0.05984906313637578,0.05015748502656918,0.784970899076127,3,0.25,1.0,2,"26,27",0.9464285714285715,8,8
5,16,matched_betti,0.5,max_full_branch_node_speed,all_interior,coexact,coexact,random_tangent,literal_stable,literal_03,11,next_token_logprob_delta,odd,0.9583333333333334,1,0.13893395662571995,0.01598416654800523,0.17136430922570592,3,0.25,1.0,2,"25,26",0.9444444444444443,8,8
5,16,matched_betti,0.5,max_full_branch_node_speed,all_interior,coexact,coexact,random_tangent,literal_stable,literal_04,11,next_token_logprob_delta,odd,0.9583333333333334,1,0.6823056876468505,0.03257902317899389,0.07200147162250282,3,0.25,1.0,2,"23,24",0.94,8,8
5,16,matched_betti,0.5,max_full_branch_node_speed,all_interior,coexact,coexact,random_tangent,literal_stable,literal_05,11,next_token_logprob_delta,odd,0.9583333333333334,1,1.0231955025382142,0.023971296751148983,0.03539742138213022,3,0.25,1.0,2,"24,25",0.9423076923076922,8,8
5,16,matched_betti,0.5,max_full_branch_node_speed,all_interior,coexact,coexact,random_tangent,metaphor_shift,metaphor_01,11,next_token_logprob_delta,odd,0.9583333333333334,1,-0.41485407314117345,0.05119344300397971,0.18340044510625647,3,0.25,1.0,1,32,0.9411764705882352,8,8
5,16,matched_betti,0.5,max_full_branch_node_speed,all_interior,coexact,coexact,random_tangent,metaphor_shift,metaphor_02,11,next_token_logprob_delta,odd,0.9583333333333334,1,0.18474351132967162,0.00440104473848753,0.035992836011344016,3,0.25,1.0,2,"27,28",0.9482758620689656,8,8
5,16,matched_betti,0.5,max_full_branch_node_speed,all_interior,coexact,coexact,random_tangent,metaphor_shift,metaphor_03,11,next_token_logprob_delta,odd,0.9583333333333334,1,-0.14549063638538112,0.015135909256424279,0.155373865517364,3,0.25,1.0,2,"28,29",0.9499999999999998,8,8
5,16,matched_betti,0.5,max_full_branch_node_speed,all_interior,coexact,coexact,random_tangent,metaphor_shift,metaphor_04,11,next_token_logprob_delta,odd,0.9583333333333334,1,0.2564814024219724,0.056956944503958724,0.3182795223408575,3,0.25,1.0,1,26,0.9285714285714285,8,8
5,16,matched_betti,0.5,max_full_branch_node_speed,all_interior,coexact,coexact,random_tangent,metaphor_shift,metaphor_05,11,next_token_logprob_delta,odd,0.9583333333333334,1,0.2816117816773991,0.019446141041267663,0.1038340266575204,3,0.25,1.0,2,"25,26",0.9444444444444443,8,8
5,16,matched_betti,0.5,max_full_branch_node_speed,all_interior,coexact,coexact,random_tangent,ontology_collapse,ontology_01,11,next_token_logprob_delta,odd,0.9583333333333334,1,0.032976431967812365,0.08883882061344939,0.9711571869821011,3,0.25,1.0,1,29,0.9354838709677419,8,8
5,16,matched_betti,0.5,max_full_branch_node_speed,all_interior,coexact,coexact,random_tangent,ontology_collapse,ontology_02,11,next_token_logprob_delta,odd,0.9583333333333334,1,0.0016187643005529093,0.01556969147044867,0.9976437670614356,3,0.25,1.0,2,"26,27",0.9464285714285715,8,8
5,16,matched_betti,0.5,max_full_branch_node_speed,all_interior,coexact,coexact,random_tangent,ontology_collapse,ontology_03,11,next_token_logprob_delta,odd,0.9583333333333334,1,-0.23605947063050614,0.006273967867617724,0.04014962658098903,3,0.25,1.0,2,"27,28",0.9482758620689656,8,8
5,16,matched_betti,0.5,max_full_branch_node_speed,all_interior,coexact,coexact,random_tangent,ontology_collapse,ontology_04,11,next_token_logprob_delta,odd,0.9583333333333334,1,0.076223459063341,0.009599493852847498,0.187041423292439,3,0.25,1.0,2,"27,28",0.9482758620689656,8,8
5,16,matched_betti,0.5,max_full_branch_node_speed,all_interior,coexact,coexact,random_tangent,ontology_collapse,ontology_05,11,next_token_logprob_delta,odd,0.9583333333333334,1,0.2640395970680651,0.02889049297931515,0.16320539182841964,3,0.25,1.0,1,26,0.9285714285714285,8,8
5,16,matched_betti,0.5,max_full_branch_node_speed,all_interior,coexact,coexact,random_tangent,identity_stress,identity_01,0,semantic_margin_delta,even,0.041666666666666664,2,0.006447365765943287,0.006136605958984924,0.8474629691846104,3,0.25,1.0,2,"1,2",0.04411764705882352,8,8
5,16,matched_betti,0.5,max_full_branch_node_speed,all_interior,coexact,coexact,random_tangent,identity_stress,identity_02,0,semantic_margin_delta,even,0.041666666666666664,2,0.5037034742833181,0.02466913556195332,0.08186870974848173,3,0.25,1.0,2,"1,2",0.04838709677419354,8,8
5,16,matched_betti,0.5,max_full_branch_node_speed,all_interior,coexact,coexact,random_tangent,identity_stress,identity_03,0,semantic_margin_delta,even,0.041666666666666664,2,0.09651669647238426,0.020911928437504165,0.3415510177467944,3,0.25,1.0,1,1,0.03225806451612903,8,8
5,16,matched_betti,0.5,max_full_branch_node_speed,all_interior,coexact,coexact,random_tangent,identity_stress,identity_04,0,semantic_margin_delta,even,0.041666666666666664,2,-0.19677938184629754,0.007767827411299728,0.06606469574617863,3,0.25,1.0,2,"1,2",0.05357142857142857,8,8
5,16,matched_betti,0.5,max_full_branch_node_speed,all_interior,coexact,coexact,random_tangent,identity_stress,identity_05,0,semantic_margin_delta,even,0.041666666666666664,2,-0.3856237693874559,0.046186880155763096,0.19695323924379937,3,0.25,1.0,2,"1,2",0.05357142857142857,8,8
5,16,matched_betti,0.5,max_full_branch_node_speed,all_interior,coexact,coexact,random_tangent,literal_stable,literal_01,0,semantic_margin_delta,even,0.041666666666666664,2,-0.08646288985639868,0.02654035053662163,0.45774095746136817,3,0.25,1.0,2,"1,2",0.04545454545454545,8,8
5,16,matched_betti,0.5,max_full_branch_node_speed,all_interior,coexact,coexact,random_tangent,literal_stable,literal_02,0,semantic_margin_delta,even,0.041666666666666664,2,0.138491583374725,0.008596362531825554,0.10354989823963574,3,0.25,1.0,2,"1,2",0.05357142857142857,8,8
5,16,matched_betti,0.5,max_full_branch_node_speed,all_interior,coexact,coexact,random_tangent,literal_stable,literal_03,0,semantic_margin_delta,even,0.041666666666666664,2,-0.2808931304581439,0.02292505423172435,0.13562419068810466,3,0.25,1.0,2,"1,2",0.05555555555555555,8,8
5,16,matched_betti,0.5,max_full_branch_node_speed,all_interior,coexact,coexact,random_tangent,literal_stable,literal_04,0,semantic_margin_delta,even,0.041666666666666664,2,-0.164986081442831,0.011772485247625,0.1188316021679146,3,0.25,1.0,2,"1,2",0.06,8,8
5,16,matched_betti,0.5,max_full_branch_node_speed,all_interior,coexact,coexact,random_tangent,literal_stable,literal_05,0,semantic_margin_delta,even,0.041666666666666664,2,-0.12167233535004376,0.022967382796403896,0.301839018635263,3,0.25,1.0,2,"1,2",0.05769230769230769,8,8
5,16,matched_betti,0.5,max_full_branch_node_speed,all_interior,coexact,coexact,random_tangent,metaphor_shift,metaphor_01,0,semantic_margin_delta,even,0.041666666666666664,2,-0.06311603293345162,0.0052208858900676045,0.137424337532433,3,0.25,1.0,2,"1,2",0.04411764705882352,8,8
5,16,matched_betti,0.5,max_full_branch_node_speed,all_interior,coexact,coexact,random_tangent,metaphor_shift,metaphor_02,0,semantic_margin_delta,even,0.041666666666666664,2,0.15909002890636023,0.010104373488006593,0.1059291136830356,3,0.25,1.0,2,"1,2",0.05172413793103448,8,8
5,16,matched_betti,0.5,max_full_branch_node_speed,all_interior,coexact,coexact,random_tangent,metaphor_shift,metaphor_03,0,semantic_margin_delta,even,0.041666666666666664,2,-0.07677916514526562,0.012172584463282623,0.25698210483440315,3,0.25,1.0,2,"1,2",0.05000000000000001,8,8
5,16,matched_betti,0.5,max_full_branch_node_speed,all_interior,coexact,coexact,random_tangent,metaphor_shift,metaphor_04,0,semantic_margin_delta,even,0.041666666666666664,2,0.14514536615041226,0.01564287243580832,0.17788143768567585,3,0.25,1.0,2,"1,2",0.05357142857142857,8,8
5,16,matched_betti,0.5,max_full_branch_node_speed,all_interior,coexact,coexact,random_tangent,metaphor_shift,metaphor_05,0,semantic_margin_delta,even,0.041666666666666664,2,-0.2808578716717037,0.04457707579083657,0.25725057018003095,3,0.25,1.0,2,"1,2",0.05555555555555555,8,8
5,16,matched_betti,0.5,max_full_branch_node_speed,all_interior,coexact,coexact,random_tangent,ontology_collapse,ontology_01,0,semantic_margin_delta,even,0.041666666666666664,2,-0.19341879251995958,0.11373467260723959,0.7022002583719081,3,0.25,1.0,2,"1,2",0.04838709677419354,8,8
5,16,matched_betti,0.5,max_full_branch_node_speed,all_interior,coexact,coexact,random_tangent,ontology_collapse,ontology_02,0,semantic_margin_delta,even,0.041666666666666664,2,-0.06064921102660181,0.0016286063021576423,0.04499354367419611,3,0.25,1.0,2,"1,2",0.05357142857142857,8,8
5,16,matched_betti,0.5,max_full_branch_node_speed,all_interior,coexact,coexact,random_tangent,ontology_collapse,ontology_03,0,semantic_margin_delta,even,0.041666666666666664,2,0.44996181673797303,0.05148910665751492,0.18848806241651161,3,0.25,1.0,1,2,0.06896551724137931,8,8
5,16,matched_betti,0.5,max_full_branch_node_speed,all_interior,coexact,coexact,random_tangent,ontology_collapse,ontology_04,0,semantic_margin_delta,even,0.041666666666666664,2,-0.04567633713097648,0.011864758410072247,0.3994173563941196,3,0.25,1.0,2,"1,2",0.05172413793103448,8,8
5,16,matched_betti,0.5,max_full_branch_node_speed,all_interior,coexact,coexact,random_tangent,ontology_collapse,ontology_05,0,semantic_margin_delta,even,0.041666666666666664,2,0.22930844426107524,0.006667952781848972,0.04871422919022704,3,0.25,1.0,2,"1,2",0.05357142857142857,8,8
5,16,matched_betti,0.5,max_full_branch_node_speed,all_interior,coexact,coexact,random_tangent,identity_stress,identity_01,1,semantic_margin_delta,even,0.125,2,-0.3387065693452048,0.046846512996547754,0.225980353549871,3,0.25,1.0,3,"3,4,5",0.11764705882352942,8,8
5,16,matched_betti,0.5,max_full_branch_node_speed,all_interior,coexact,coexact,random_tangent,identity_stress,identity_02,1,semantic_margin_delta,even,0.125,2,-0.03321031207152213,0.003720072721312256,0.18464815802972082,3,0.25,1.0,3,"3,4,5",0.12903225806451613,8,8
5,16,matched_betti,0.5,max_full_branch_node_speed,all_interior,coexact,coexact,random_tangent,identity_stress,identity_03,1,semantic_margin_delta,even,0.125,2,-0.06831017450606125,0.011716544963227014,0.2764694240723456,3,0.25,1.0,3,"3,4,5",0.12903225806451613,8,8
5,16,matched_betti,0.5,max_full_branch_node_speed,all_interior,coexact,coexact,random_tangent,identity_stress,identity_04,1,semantic_margin_delta,even,0.125,2,-0.29772426460728046,0.08863364925078258,0.4467307181148116,3,0.25,1.0,2,"3,4",0.125,8,8
5,16,matched_betti,0.5,max_full_branch_node_speed,all_interior,coexact,coexact,random_tangent,identity_stress,identity_05,1,semantic_margin_delta,even,0.125,2,-0.07755461400547223,0.08358244535265309,0.875025642873719,3,0.25,1.0,2,"3,4",0.125,8,8
5,16,matched_betti,0.5,max_full_branch_node_speed,all_interior,coexact,coexact,random_tangent,literal_stable,literal_01,1,semantic_margin_delta,even,0.125,2,0.28112424209007125,0.011033435138860972,0.0656859966431205,3,0.25,1.0,3,"3,4,5",0.12121212121212122,8,8
5,16,matched_betti,0.5,max_full_branch_node_speed,all_interior,coexact,coexact,random_tangent,literal_stable,literal_02,1,semantic_margin_delta,even,0.125,2,0.19707453521964338,0.012916635856291171,0.10927221810786492,3,0.25,1.0,2,"3,4",0.125,8,8
5,16,matched_betti,0.5,max_full_branch_node_speed,all_interior,coexact,coexact,random_tangent,literal_stable,literal_03,1,semantic_margin_delta,even,0.125,2,-0.253893553443625,0.018942485737277703,0.1241682559819516,3,0.25,1.0,2,"3,4",0.12962962962962962,8,8
5,16,matched_betti,0.5,max_full_branch_node_speed,all_interior,coexact,coexact,random_tangent,literal_stable,literal_04,1,semantic_margin_delta,even,0.125,2,-0.16929921252369967,0.008218860779247751,0.08115607651822242,3,0.25,1.0,2,"3,4",0.14,8,8
5,16,matched_betti,0.5,max_full_branch_node_speed,all_interior,coexact,coexact,random_tangent,literal_stable,literal_05,1,semantic_margin_delta,even,0.125,2,0.20467472904552503,0.02633456366515245,0.21094862040745418,3,0.25,1.0,2,"3,4",0.13461538461538464,8,8
5,16,matched_betti,0.5,max_full_branch_node_speed,all_interior,coexact,coexact,random_tangent,metaphor_shift,metaphor_01,1,semantic_margin_delta,even,0.125,2,0.4323577162925592,0.017047338982464584,0.06598801354094955,3,0.25,1.0,2,"3,5",0.1176470588235294,8,8
5,16,matched_betti,0.5,max_full_branch_node_speed,all_interior,coexact,coexact,random_tangent,metaphor_shift,metaphor_02,1,semantic_margin_delta,even,0.125,2,-0.07073796523946622,0.0054415981037883214,0.12796405966812596,3,0.25,1.0,2,"3,4",0.12068965517241377,8,8
5,16,matched_betti,0.5,max_full_branch_node_speed,all_interior,coexact,coexact,random_tangent,metaphor_shift,metaphor_03,1,semantic_margin_delta,even,0.125,2,-0.06459889700783858,0.018256257712449264,0.4283255130647316,3,0.25,1.0,2,"3,4",0.11666666666666665,8,8
5,16,matched_betti,0.5,max_full_branch_node_speed,all_interior,coexact,coexact,random_tangent,metaphor_shift,metaphor_04,1,semantic_margin_delta,even,0.125,2,-0.6263775907850658,0.0124913399394925,0.0334294551217142,3,0.25,1.0,2,"3,4",0.125,8,8
5,16,matched_betti,0.5,max_full_branch_node_speed,all_interior,coexact,coexact,random_tangent,metaphor_shift,metaphor_05,1,semantic_margin_delta,even,0.125,2,-0.17794995917046877,0.020167055646811285,0.18673959848623606,3,0.25,1.0,2,"3,4",0.12962962962962962,8,8
5,16,matched_betti,0.5,max_full_branch_node_speed,all_interior,coexact,coexact,random_tangent,ontology_collapse,ontology_01,1,semantic_margin_delta,even,0.125,2,-0.09260386209389783,0.01861783405597092,0.31953120790125494,3,0.25,1.0,3,"3,4,5",0.12903225806451613,8,8
5,16,matched_betti,0.5,max_full_branch_node_speed,all_interior,coexact,coexact,random_tangent,ontology_collapse,ontology_02,1,semantic_margin_delta,even,0.125,2,-0.17849842069826477,0.056245886789170904,0.46726695048968425,3,0.25,1.0,2,"3,4",0.125,8,8
5,16,matched_betti,0.5,max_full_branch_node_speed,all_interior,coexact,coexact,random_tangent,ontology_collapse,ontology_03,1,semantic_margin_delta,even,0.125,2,-0.009801752186822046,0.025916444548420715,0.975507095279244,3,0.25,1.0,2,"3,4",0.12068965517241377,8,8
5,16,matched_betti,0.5,max_full_branch_node_speed,all_interior,coexact,coexact,random_tangent,ontology_collapse,ontology_04,1,semantic_margin_delta,even,0.125,2,0.2424397113466057,0.014180857384227372,0.09763780154389118,3,0.25,1.0,2,"3,4",0.12068965517241377,8,8
5,16,matched_betti,0.5,max_full_branch_node_speed,all_interior,coexact,coexact,random_tangent,ontology_collapse,ontology_05,1,semantic_margin_delta,even,0.125,2,0.3659616012831353,0.029561324930340437,0.13425728908583126,3,0.25,1.0,1,3,0.10714285714285714,8,8
5,16,matched_betti,0.5,max_full_branch_node_speed,all_interior,coexact,coexact,random_tangent,identity_stress,identity_01,2,semantic_margin_delta,even,0.20833333333333334,2,-0.3579445833753491,0.03309133171943613,0.15322815071754178,3,0.25,1.0,3,"6,7,8",0.2058823529411765,8,8
5,16,matched_betti,0.5,max_full_branch_node_speed,all_interior,coexact,coexact,random_tangent,identity_stress,identity_02,2,semantic_margin_delta,even,0.20833333333333334,2,-0.06066428570198761,0.03788517740526637,0.723301653362153,3,0.25,1.0,2,"6,7",0.20967741935483866,8,8
5,16,matched_betti,0.5,max_full_branch_node_speed,all_interior,coexact,coexact,random_tangent,identity_stress,identity_03,2,semantic_margin_delta,even,0.20833333333333334,2,0.29631991607910524,0.009495354448846733,0.05366897007534798,3,0.25,1.0,2,"6,7",0.20967741935483866,8,8
5,16,matched_betti,0.5,max_full_branch_node_speed,all_interior,coexact,coexact,random_tangent,identity_stress,identity_04,2,semantic_margin_delta,even,0.20833333333333334,2,-0.06642142307007583,0.028058392599864847,0.578120340932134,3,0.25,1.0,2,"5,6",0.19642857142857142,8,8
5,16,matched_betti,0.5,max_full_branch_node_speed,all_interior,coexact,coexact,random_tangent,identity_stress,identity_05,2,semantic_margin_delta,even,0.20833333333333334,2,-0.2025526811178499,0.016134438852986197,0.13242602242001583,3,0.25,1.0,2,"5,6",0.19642857142857142,8,8
5,16,matched_betti,0.5,max_full_branch_node_speed,all_interior,coexact,coexact,random_tangent,literal_stable,literal_01,2,semantic_margin_delta,even,0.20833333333333334,2,-0.21087169378050152,0.05292726534618177,0.387999373133816,3,0.25,1.0,2,"6,8",0.21212121212121213,8,8
5,16,matched_betti,0.5,max_full_branch_node_speed,all_interior,coexact,coexact,random_tangent,literal_stable,literal_02,2,semantic_margin_delta,even,0.20833333333333334,2,-0.14515225855684757,0.04361920946771878,0.4500876881248769,3,0.25,1.0,2,"5,6",0.19642857142857142,8,8
5,16,matched_betti,0.5,max_full_branch_node_speed,all_interior,coexact,coexact,random_tangent,literal_stable,literal_03,2,semantic_margin_delta,even,0.20833333333333334,2,-0.08584459494541234,0.010795282844231174,0.20638050707860017,3,0.25,1.0,2,"5,6",0.2037037037037037,8,8
5,16,matched_betti,0.5,max_full_branch_node_speed,all_interior,coexact,coexact,random_tangent,literal_stable,literal_04,2,semantic_margin_delta,even,0.20833333333333334,2,-0.03348044734514251,0.005438931498435876,0.2628880112922922,3,0.25,1.0,2,"5,6",0.22,8,8
5,16,matched_betti,0.5,max_full_branch_node_speed,all_interior,coexact,coexact,random_tangent,literal_stable,literal_05,2,semantic_margin_delta,even,0.20833333333333334,2,-0.4518774922506783,0.02044763412107341,0.07567882889110417,3,0.25,1.0,2,"5,6",0.21153846153846156,8,8
5,16,matched_betti,0.5,max_full_branch_node_speed,all_interior,coexact,coexact,random_tangent,metaphor_shift,metaphor_01,2,semantic_margin_delta,even,0.20833333333333334,2,0.17015851275933608,0.007327259614075998,0.07203729440497353,3,0.25,1.0,3,"6,7,8",0.2058823529411765,8,8
5,16,matched_betti,0.5,max_full_branch_node_speed,all_interior,coexact,coexact,random_tangent,metaphor_shift,metaphor_02,2,semantic_margin_delta,even,0.20833333333333334,2,0.16039095127280376,0.025381632764027773,0.2565404701098279,3,0.25,1.0,3,"5,6,7",0.20689655172413793,8,8
5,16,matched_betti,0.5,max_full_branch_node_speed,all_interior,coexact,coexact,random_tangent,metaphor_shift,metaphor_03,2,semantic_margin_delta,even,0.20833333333333334,2,0.3966956668778791,0.0025656237031560685,0.010846989971919374,3,0.25,1.0,3,"5,6,7",0.19999999999999998,8,8
5,16,matched_betti,0.5,max_full_branch_node_speed,all_interior,coexact,coexact,random_tangent,metaphor_shift,metaphor_04,2,semantic_margin_delta,even,0.20833333333333334,2,-0.06953821642521829,0.01016130785926583,0.23804456657053877,3,0.25,1.0,1,6,0.21428571428571427,8,8
5,16,matched_betti,0.5,max_full_branch_node_speed,all_interior,coexact,coexact,random_tangent,metaphor_shift,metaphor_05,2,semantic_margin_delta,even,0.20833333333333334,2,0.056643128511559365,0.0382275062097144,0.749437389568438,3,0.25,1.0,2,"5,6",0.2037037037037037,8,8
5,16,matched_betti,0.5,max_full_branch_node_speed,all_interior,coexact,coexact,random_tangent,ontology_collapse,ontology_01,2,semantic_margin_delta,even,0.20833333333333334,2,0.10255749859761118,0.04177047924467725,0.5640742455347124,3,0.25,1.0,2,"6,7",0.20967741935483866,8,8
5,16,matched_betti,0.5,max_full_branch_node_speed,all_interior,coexact,coexact,random_tangent,ontology_collapse,ontology_02,2,semantic_margin_delta,even,0.20833333333333334,2,0.048481495304432985,0.01449024126498742,0.44814405743063773,3,0.25,1.0,2,"5,6",0.19642857142857142,8,8
5,16,matched_betti,0.5,max_full_branch_node_speed,all_interior,coexact,coexact,random_tangent,ontology_collapse,ontology_03,2,semantic_margin_delta,even,0.20833333333333334,2,0.14945747850278115,0.019518200091314535,0.21396626385026157,3,0.25,1.0,2,"5,6",0.18965517241379307,8,8
5,16,matched_betti,0.5,max_full_branch_node_speed,all_interior,coexact,coexact,random_tangent,ontology_collapse,ontology_04,2,semantic_margin_delta,even,0.20833333333333334,2,0.06898009599707461,0.019137945409263696,0.42189783588874435,3,0.25,1.0,3,"5,6,7",0.20689655172413793,8,8
5,16,matched_betti,0.5,max_full_branch_node_speed,all_interior,coexact,coexact,random_tangent,ontology_collapse,ontology_05,2,semantic_margin_delta,even,0.20833333333333334,2,-0.0828721865018367,0.010375432924109914,0.20550700115076492,3,0.25,1.0,2,"5,6",0.19642857142857142,8,8
5,16,matched_betti,0.5,max_full_branch_node_speed,all_interior,coexact,coexact,random_tangent,identity_stress,identity_01,3,semantic_margin_delta,even,0.2916666666666667,2,0.004035992616178591,0.030352867736466758,0.9968722543510682,3,0.25,1.0,3,"9,10,11",0.29411764705882354,8,8
5,16,matched_betti,0.5,max_full_branch_node_speed,all_interior,coexact,coexact,random_tangent,identity_stress,identity_02,3,semantic_margin_delta,even,0.2916666666666667,2,0.13184086012636737,0.017064219507987817,0.21214654991139476,3,0.25,1.0,3,"8,9,10",0.2903225806451613,8,8
5,16,matched_betti,0.5,max_full_branch_node_speed,all_interior,coexact,coexact,random_tangent,identity_stress,identity_03,3,semantic_margin_delta,even,0.2916666666666667,2,-0.1821440791810764,0.012903303379743955,0.11798883445277374,3,0.25,1.0,3,"8,9,10",0.2903225806451613,8,8
5,16,matched_betti,0.5,max_full_branch_node_speed,all_interior,coexact,coexact,random_tangent,identity_stress,identity_04,3,semantic_margin_delta,even,0.2916666666666667,2,-0.09615777974723584,0.044708678532781376,0.6149543949104828,3,0.25,1.0,3,"7,8,9",0.28571428571428575,8,8
5,16,matched_betti,0.5,max_full_branch_node_speed,all_interior,coexact,coexact,random_tangent,identity_stress,identity_05,3,semantic_margin_delta,even,0.2916666666666667,2,-0.12336746383769748,0.01661911352535061,0.22039127471470785,3,0.25,1.0,3,"7,8,9",0.28571428571428575,8,8
5,16,matched_betti,0.5,max_full_branch_node_speed,all_interior,coexact,coexact,random_tangent,literal_stable,literal_01,3,semantic_margin_delta,even,0.2916666666666667,2,0.25394934259894403,0.012742279161008481,0.08386229477389011,3,0.25,1.0,2,"9,10",0.28787878787878785,8,8
5,16,matched_betti,0.5,max_full_branch_node_speed,all_interior,coexact,coexact,random_tangent,literal_stable,literal_02,3,semantic_margin_delta,even,0.2916666666666667,2,0.11740017302455097,0.0021706179392700802,0.030995968649919246,3,0.25,1.0,3,"7,8,9",0.28571428571428575,8,8
5,16,matched_betti,0.5,max_full_branch_node_speed,all_interior,coexact,coexact,random_tangent,literal_stable,literal_03,3,semantic_margin_delta,even,0.2916666666666667,2,-0.032995289581572176,0.001745514737784863,0.08838283966795137,3,0.25,1.0,2,"7,8",0.2777777777777778,8,8
5,16,matched_betti,0.5,max_full_branch_node_speed,all_interior,coexact,coexact,random_tangent,literal_stable,literal_04,3,semantic_margin_delta,even,0.2916666666666667,2,-0.7915867629769321,0.04567914613301972,0.0963371996380461,3,0.25,1.0,2,"7,8",0.30000000000000004,8,8
5,16,matched_betti,0.5,max_full_branch_node_speed,all_interior,coexact,coexact,random_tangent,literal_stable,literal_05,3,semantic_margin_delta,even,0.2916666666666667,2,-0.295380223595136,0.03051767338384513,0.17074366506344302,3,0.25,1.0,2,"7,8",0.28846153846153844,8,8
5,16,matched_betti,0.5,max_full_branch_node_speed,all_interior,coexact,coexact,random_tangent,metaphor_shift,metaphor_01,3,semantic_margin_delta,even,0.2916666666666667,2,0.29831822606896935,0.044775246895808106,0.24412617933160188,3,0.25,1.0,2,"10,11",0.3088235294117647,8,8
5,16,matched_betti,0.5,max_full_branch_node_speed,all_interior,coexact,coexact,random_tangent,metaphor_shift,metaphor_02,3,semantic_margin_delta,even,0.2916666666666667,2,0.024394116968330402,0.010934313769930853,0.6009234079873794,3,0.25,1.0,2,"8,9",0.2931034482758621,8,8
5,16,matched_betti,0.5,max_full_branch_node_speed,all_interior,coexact,coexact,random_tangent,metaphor_shift,metaphor_03,3,semantic_margin_delta,even,0.2916666666666667,2,0.30145810862042854,0.010716823678381414,0.05952066112458084,3,0.25,1.0,2,"8,9",0.2833333333333333,8,8
5,16,matched_betti,0.5,max_full_branch_node_speed,all_interior,coexact,coexact,random_tangent,metaphor_shift,metaphor_04,3,semantic_margin_delta,even,0.2916666666666667,2,-0.05761152031626734,0.004370998672535644,0.1262357645098047,3,0.25,1.0,3,"7,8,9",0.28571428571428575,8,8
5,16,matched_betti,0.5,max_full_branch_node_speed,all_interior,coexact,coexact,random_tangent,metaphor_shift,metaphor_05,3,semantic_margin_delta,even,0.2916666666666667,2,-0.4881867212952729,0.03915599541688971,0.13332661918968625,3,0.25,1.0,2,"7,8",0.2777777777777778,8,8
5,16,matched_betti,0.5,max_full_branch_node_speed,all_interior,coexact,coexact,random_tangent,ontology_collapse,ontology_01,3,semantic_margin_delta,even,0.2916666666666667,2,0.265438762446438,0.006456669934269205,0.0407645248525727,3,0.25,1.0,3,"8,9,10",0.2903225806451613,8,8
5,16,matched_betti,0.5,max_full_branch_node_speed,all_interior,coexact,coexact,random_tangent,ontology_collapse,ontology_02,3,semantic_margin_delta,even,0.2916666666666667,2,0.07189984201378638,0.05323445305582401,0.7788665495156233,3,0.25,1.0,2,"7,8",0.26785714285714285,8,8
5,16,matched_betti,0.5,max_full_branch_node_speed,all_interior,coexact,coexact,random_tangent,ontology_collapse,ontology_03,3,semantic_margin_delta,even,0.2916666666666667,2,-0.289706037057944,0.01845787511287416,0.1062570572708647,3,0.25,1.0,2,"8,9",0.2931034482758621,8,8
5,16,matched_betti,0.5,max_full_branch_node_speed,all_interior,coexact,coexact,random_tangent,ontology_collapse,ontology_04,3,semantic_margin_delta,even,0.2916666666666667,2,-0.511844036146962,0.05252885774731296,0.16963645238307268,3,0.25,1.0,2,"8,9",0.2931034482758621,8,8
5,16,matched_betti,0.5,max_full_branch_node_speed,all_interior,coexact,coexact,random_tangent,ontology_collapse,ontology_05,3,semantic_margin_delta,even,0.2916666666666667,2,-0.280082252054245,0.002599764321272175,0.015566646039708075,3,0.25,1.0,3,"7,8,9",0.28571428571428575,8,8
5,16,matched_betti,0.5,max_full_branch_node_speed,all_interior,coexact,coexact,random_tangent,identity_stress,identity_01,4,semantic_margin_delta,even,0.375,2,0.24490933453936886,0.019787230889526154,0.13428500967258775,3,0.25,1.0,3,"12,13,14",0.38235294117647056,8,8
5,16,matched_betti,0.5,max_full_branch_node_speed,all_interior,coexact,coexact,random_tangent,identity_stress,identity_02,4,semantic_margin_delta,even,0.375,2,-0.08663589916438583,0.04928185373994756,0.690302545995606,3,0.25,1.0,1,12,0.3870967741935483,8,8
5,16,matched_betti,0.5,max_full_branch_node_speed,all_interior,coexact,coexact,random_tangent,identity_stress,identity_03,4,semantic_margin_delta,even,0.375,2,-0.10844535200010763,0.012143383594042937,0.18458668919436685,3,0.25,1.0,2,"11,12",0.3709677419354838,8,8
5,16,matched_betti,0.5,max_full_branch_node_speed,all_interior,coexact,coexact,random_tangent,identity_stress,identity_04,4,semantic_margin_delta,even,0.375,2,0.08152019472575531,0.051663816185786644,0.7283508958425063,3,0.25,1.0,2,"10,11",0.375,8,8
5,16,matched_betti,0.5,max_full_branch_node_speed,all_interior,coexact,coexact,random_tangent,identity_stress,identity_05,4,semantic_margin_delta,even,0.375,2,-0.051524988134855176,0.009483510946508691,0.29497393145311723,3,0.25,1.0,2,"10,11",0.375,8,8
5,16,matched_betti,0.5,max_full_branch_node_speed,all_interior,coexact,coexact,random_tangent,literal_stable,literal_01,4,semantic_margin_delta,even,0.375,2,0.3743835235003495,0.023269756349136295,0.10368768428554646,3,0.25,1.0,3,"11,12,13",0.3636363636363636,8,8
5,16,matched_betti,0.5,max_full_branch_node_speed,all_interior,coexact,coexact,random_tangent,literal_stable,literal_02,4,semantic_margin_delta,even,0.375,2,0.09883389130004618,0.015230563687378596,0.2502456526754274,3,0.25,1.0,2,"10,11",0.375,8,8
5,16,matched_betti,0.5,max_full_branch_node_speed,all_interior,coexact,coexact,random_tangent,literal_stable,literal_03,4,semantic_margin_delta,even,0.375,2,-0.007288416867938251,0.003000139394622968,0.568154223910381,3,0.25,1.0,3,"9,10,11",0.3703703703703704,8,8
5,16,matched_betti,0.5,max_full_branch_node_speed,all_interior,coexact,coexact,random_tangent,literal_stable,literal_04,4,semantic_margin_delta,even,0.375,2,0.05101844337851792,0.06215554997981621,0.8982095189436318,3,0.25,1.0,2,"9,10",0.38000000000000006,8,8
5,16,matched_betti,0.5,max_full_branch_node_speed,all_interior,coexact,coexact,random_tangent,literal_stable,literal_05,4,semantic_margin_delta,even,0.375,2,-0.12459550922228732,0.018918763371999568,0.24679895374353727,3,0.25,1.0,2,"9,10",0.3653846153846154,8,8
5,16,matched_betti,0.5,max_full_branch_node_speed,all_interior,coexact,coexact,random_tangent,metaphor_shift,metaphor_01,4,semantic_margin_delta,even,0.375,2,-0.011880892820889727,0.007516723073942322,0.7277665049877634,3,0.25,1.0,3,"12,13,14",0.38235294117647056,8,8
5,16,matched_betti,0.5,max_full_branch_node_speed,all_interior,coexact,coexact,random_tangent,metaphor_shift,metaphor_02,4,semantic_margin_delta,even,0.375,2,0.0938851923849603,0.009154390229953516,0.16139870307165466,3,0.25,1.0,3,"10,11,12",0.37931034482758624,8,8
5,16,matched_betti,0.5,max_full_branch_node_speed,all_interior,coexact,coexact,random_tangent,metaphor_shift,metaphor_03,4,semantic_margin_delta,even,0.375,2,0.03686545598479285,0.0024238655264045227,0.10961332607830253,3,0.25,1.0,3,"10,11,12",0.3666666666666667,8,8
5,16,matched_betti,0.5,max_full_branch_node_speed,all_interior,coexact,coexact,random_tangent,metaphor_shift,metaphor_04,4,semantic_margin_delta,even,0.375,2,-0.0478933622751142,0.0057567203164511594,0.19762776697826892,3,0.25,1.0,2,"10,11",0.375,8,8
5,16,matched_betti,0.5,max_full_branch_node_speed,all_interior,coexact,coexact,random_tangent,metaphor_shift,metaphor_05,4,semantic_margin_delta,even,0.375,2,0.04098587378542543,0.010213179182614641,0.38562536355209437,3,0.25,1.0,3,"9,10,11",0.3703703703703704,8,8
5,16,matched_betti,0.5,max_full_branch_node_speed,all_interior,coexact,coexact,random_tangent,ontology_collapse,ontology_01,4,semantic_margin_delta,even,0.375,2,-0.00018416264374467267,0.05893043052895439,0.9999982642221008,3,0.25,1.0,1,12,0.3870967741935483,8,8
5,16,matched_betti,0.5,max_full_branch_node_speed,all_interior,coexact,coexact,random_tangent,ontology_collapse,ontology_02,4,semantic_margin_delta,even,0.375,2,-0.030433588913703423,0.00401241744753289,0.2159162290363184,3,0.25,1.0,2,"10,11",0.375,8,8
5,16,matched_betti,0.5,max_full_branch_node_speed,all_interior,coexact,coexact,random_tangent,ontology_collapse,ontology_03,4,semantic_margin_delta,even,0.375,2,-0.1285595938239487,0.011856323374892265,0.1528657941227738,3,0.25,1.0,3,"10,11,12",0.37931034482758624,8,8
5,16,matched_betti,0.5,max_full_branch_node_speed,all_interior,coexact,coexact,random_tangent,ontology_collapse,ontology_04,4,semantic_margin_delta,even,0.375,2,-0.2158861534948087,0.010205080406414926,0.07903695320381222,3,0.25,1.0,3,"10,11,12",0.37931034482758624,8,8
5,16,matched_betti,0.5,max_full_branch_node_speed,all_interior,coexact,coexact,random_tangent,ontology_collapse,ontology_05,4,semantic_margin_delta,even,0.375,2,0.14851263361380893,0.03059942838788139,0.3266265860766938,3,0.25,1.0,1,10,0.35714285714285715,8,8
5,16,matched_betti,0.5,max_full_branch_node_speed,all_interior,coexact,coexact,random_tangent,identity_stress,identity_01,5,semantic_margin_delta,even,0.4583333333333333,2,-0.09175990653392174,0.016346654243365406,0.2862896125222218,3,0.25,1.0,2,"15,16",0.45588235294117646,8,8
5,16,matched_betti,0.5,max_full_branch_node_speed,all_interior,coexact,coexact,random_tangent,identity_stress,identity_02,5,semantic_margin_delta,even,0.4583333333333333,2,-0.22675793671139494,0.009953237189321734,0.07342219693873821,3,0.25,1.0,3,"13,14,15",0.4516129032258065,8,8
5,16,matched_betti,0.5,max_full_branch_node_speed,all_interior,coexact,coexact,random_tangent,identity_stress,identity_03,5,semantic_margin_delta,even,0.4583333333333333,2,-0.011374561174547403,0.007956989590023016,0.7610791974789277,3,0.25,1.0,3,"13,14,15",0.4516129032258065,8,8
5,16,matched_betti,0.5,max_full_branch_node_speed,all_interior,coexact,coexact,random_tangent,identity_stress,identity_04,5,semantic_margin_delta,even,0.4583333333333333,2,-1.379474703720508,0.14292170433546486,0.17120779654056106,3,0.25,1.0,1,12,0.42857142857142855,8,8
5,16,matched_betti,0.5,max_full_branch_node_speed,all_interior,coexact,coexact,random_tangent,identity_stress,identity_05,5,semantic_margin_delta,even,0.4583333333333333,2,-0.03494240436041761,0.007974115290262734,0.35747088781360514,3,0.25,1.0,2,"12,13",0.4464285714285714,8,8
5,16,matched_betti,0.5,max_full_branch_node_speed,all_interior,coexact,coexact,random_tangent,literal_stable,literal_01,5,semantic_margin_delta,even,0.4583333333333333,2,-0.1874745591905649,0.021654089468942393,0.1901937608250658,3,0.25,1.0,3,"14,15,16",0.4545454545454546,8,8
5,16,matched_betti,0.5,max_full_branch_node_speed,all_interior,coexact,coexact,random_tangent,literal_stable,literal_02,5,semantic_margin_delta,even,0.4583333333333333,2,-0.0815981460566799,0.012829850211758117,0.2550002195104955,3,0.25,1.0,2,"12,13",0.4464285714285714,8,8
5,16,matched_betti,0.5,max_full_branch_node_speed,all_interior,coexact,coexact,random_tangent,literal_stable,literal_03,5,semantic_margin_delta,even,0.4583333333333333,2,-0.029712307136013767,0.05008467752631967,0.9427662842741242,3,0.25,1.0,2,"12,13",0.46296296296296297,8,8
5,16,matched_betti,0.5,max_full_branch_node_speed,all_interior,coexact,coexact,random_tangent,literal_stable,literal_04,5,semantic_margin_delta,even,0.4583333333333333,2,0.0719045140702737,0.03703771715718064,0.6537547057799751,3,0.25,1.0,2,"11,12",0.45999999999999996,8,8
5,16,matched_betti,0.5,max_full_branch_node_speed,all_interior,coexact,coexact,random_tangent,literal_stable,literal_05,5,semantic_margin_delta,even,0.4583333333333333,2,-0.21801960869633624,0.01968653229288746,0.14974364705148036,3,0.25,1.0,2,"11,12",0.4423076923076923,8,8
5,16,matched_betti,0.5,max_full_branch_node_speed,all_interior,coexact,coexact,random_tangent,metaphor_shift,metaphor_01,5,semantic_margin_delta,even,0.4583333333333333,2,0.14051947472969845,0.015306632792396468,0.17972662958887223,3,0.25,1.0,1,16,0.4705882352941176,8,8
5,16,matched_betti,0.5,max_full_branch_node_speed,all_interior,coexact,coexact,random_tangent,metaphor_shift,metaphor_02,5,semantic_margin_delta,even,0.4583333333333333,2,-0.20206091359719433,0.019332516868396637,0.15844706121497046,3,0.25,1.0,2,"13,14",0.46551724137931033,8,8
5,16,matched_betti,0.5,max_full_branch_node_speed,all_interior,coexact,coexact,random_tangent,metaphor_shift,metaphor_03,5,semantic_margin_delta,even,0.4583333333333333,2,0.15599150816575125,0.016199251119979056,0.17159452022720426,3,0.25,1.0,2,"13,14",0.45,8,8
5,16,matched_betti,0.5,max_full_branch_node_speed,all_interior,coexact,coexact,random_tangent,metaphor_shift,metaphor_04,5,semantic_margin_delta,even,0.4583333333333333,2,-0.06444720333360776,0.02289627396195505,0.5118920247514795,3,0.25,1.0,1,12,0.42857142857142855,8,8
5,16,matched_betti,0.5,max_full_branch_node_speed,all_interior,coexact,coexact,random_tangent,metaphor_shift,metaphor_05,5,semantic_margin_delta,even,0.4583333333333333,2,0.2571387807303909,0.011968312932046409,0.07782968656496139,3,0.25,1.0,2,"12,13",0.46296296296296297,8,8
5,16,matched_betti,0.5,max_full_branch_node_speed,all_interior,coexact,coexact,random_tangent,ontology_collapse,ontology_01,5,semantic_margin_delta,even,0.4583333333333333,2,-0.08310871071254267,0.015297845207330922,0.2949940654281472,3,0.25,1.0,3,"13,14,15",0.4516129032258065,8,8
5,16,matched_betti,0.5,max_full_branch_node_speed,all_interior,coexact,coexact,random_tangent,ontology_collapse,ontology_02,5,semantic_margin_delta,even,0.4583333333333333,2,0.004586450793539356,0.011451923531494034,0.9726558089882886,3,0.25,1.0,2,"12,13",0.4464285714285714,8,8
5,16,matched_betti,0.5,max_full_branch_node_speed,all_interior,coexact,coexact,random_tangent,ontology_collapse,ontology_03,5,semantic_margin_delta,even,0.4583333333333333,2,-0.16900527339871,0.026245824462952875,0.25206068978353474,3,0.25,1.0,2,"13,14",0.46551724137931033,8,8
5,16,matched_betti,0.5,max_full_branch_node_speed,all_interior,coexact,coexact,random_tangent,ontology_collapse,ontology_04,5,semantic_margin_delta,even,0.4583333333333333,2,0.13995321980208938,0.02228120824476891,0.2579876327011285,3,0.25,1.0,2,"13,14",0.46551724137931033,8,8
5,16,matched_betti,0.5,max_full_branch_node_speed,all_interior,coexact,coexact,random_tangent,ontology_collapse,ontology_05,5,semantic_margin_delta,even,0.4583333333333333,2,-0.34634179518553554,0.0045506489177656265,0.022032423909994724,3,0.25,1.0,2,"12,13",0.4464285714285714,8,8
5,16,matched_betti,0.5,max_full_branch_node_speed,all_interior,coexact,coexact,random_tangent,identity_stress,identity_01,6,semantic_margin_delta,even,0.5416666666666666,2,0.09065444664629177,0.0019859918137357596,0.03671932170508583,3,0.25,1.0,3,"17,18,19",0.5294117647058824,8,8
5,16,matched_betti,0.5,max_full_branch_node_speed,all_interior,coexact,coexact,random_tangent,identity_stress,identity_02,6,semantic_margin_delta,even,0.5416666666666666,2,-0.22698575129939738,0.023038750806242243,0.1678246914917566,3,0.25,1.0,2,"16,17",0.532258064516129,8,8
5,16,matched_betti,0.5,max_full_branch_node_speed,all_interior,coexact,coexact,random_tangent,identity_stress,identity_03,6,semantic_margin_delta,even,0.5416666666666666,2,-0.09319908349443348,0.006790166483442738,0.12129683280402949,3,0.25,1.0,3,"16,17,18",0.5483870967741935,8,8
5,16,matched_betti,0.5,max_full_branch_node_speed,all_interior,coexact,coexact,random_tangent,identity_stress,identity_04,6,semantic_margin_delta,even,0.5416666666666666,2,-0.25137211107070795,0.004323198847059268,0.02883412605774499,3,0.25,1.0,3,"14,15,16",0.5357142857142857,8,8
5,16,matched_betti,0.5,max_full_branch_node_speed,all_interior,coexact,coexact,random_tangent,identity_stress,identity_05,6,semantic_margin_delta,even,0.5416666666666666,2,0.008524219451224729,0.005090679904613425,0.7076930502139626,3,0.25,1.0,3,"14,15,16",0.5357142857142857,8,8
5,16,matched_betti,0.5,max_full_branch_node_speed,all_interior,coexact,coexact,random_tangent,literal_stable,literal_01,6,semantic_margin_delta,even,0.5416666666666666,2,-0.10916760097348052,0.021960437814228413,0.3196945289366572,3,0.25,1.0,3,"17,18,19",0.5454545454545454,8,8
5,16,matched_betti,0.5,max_full_branch_node_speed,all_interior,coexact,coexact,random_tangent,literal_stable,literal_02,6,semantic_margin_delta,even,0.5416666666666666,2,-0.0487254203349628,0.01571899893220106,0.47589018294141716,3,0.25,1.0,3,"14,15,16",0.5357142857142857,8,8
5,16,matched_betti,0.5,max_full_branch_node_speed,all_interior,coexact,coexact,random_tangent,literal_stable,literal_03,6,semantic_margin_delta,even,0.5416666666666666,2,-0.13012217914362365,0.024752443985950313,0.3039592651027877,3,0.25,1.0,2,"14,15",0.537037037037037,8,8
5,16,matched_betti,0.5,max_full_branch_node_speed,all_interior,coexact,coexact,random_tangent,literal_stable,literal_04,6,semantic_margin_delta,even,0.5416666666666666,2,0.2504889288609786,0.010599074169965425,0.0707925723731683,3,0.25,1.0,2,"13,14",0.54,8,8
5,16,matched_betti,0.5,max_full_branch_node_speed,all_interior,coexact,coexact,random_tangent,literal_stable,literal_05,6,semantic_margin_delta,even,0.5416666666666666,2,0.22105276669726412,0.012013303502220175,0.09077557943848974,3,0.25,1.0,3,"13,14,15",0.5384615384615384,8,8
5,16,matched_betti,0.5,max_full_branch_node_speed,all_interior,coexact,coexact,random_tangent,metaphor_shift,metaphor_01,6,semantic_margin_delta,even,0.5416666666666666,2,-0.22705891964662556,0.004488943527391017,0.03314104748684296,3,0.25,1.0,3,"17,18,19",0.5294117647058824,8,8
5,16,matched_betti,0.5,max_full_branch_node_speed,all_interior,coexact,coexact,random_tangent,metaphor_shift,metaphor_02,6,semantic_margin_delta,even,0.5416666666666666,2,0.16743176770500443,0.007187692875151361,0.07181713191137001,3,0.25,1.0,2,"15,16",0.5344827586206897,8,8
5,16,matched_betti,0.5,max_full_branch_node_speed,all_interior,coexact,coexact,random_tangent,metaphor_shift,metaphor_03,6,semantic_margin_delta,even,0.5416666666666666,2,0.47111737408347565,0.03506208810031648,0.12386554024047515,3,0.25,1.0,2,"16,17",0.55,8,8
5,16,matched_betti,0.5,max_full_branch_node_speed,all_interior,coexact,coexact,random_tangent,metaphor_shift,metaphor_04,6,semantic_margin_delta,even,0.5416666666666666,2,-0.07918143885882767,0.024239312970979414,0.4567583464992921,3,0.25,1.0,3,"14,15,16",0.5357142857142857,8,8
5,16,matched_betti,0.5,max_full_branch_node_speed,all_interior,coexact,coexact,random_tangent,metaphor_shift,metaphor_05,6,semantic_margin_delta,even,0.5416666666666666,2,-0.06257915441732287,0.009742219816785674,0.2526418900578931,3,0.25,1.0,2,"14,15",0.537037037037037,8,8
5,16,matched_betti,0.5,max_full_branch_node_speed,all_interior,coexact,coexact,random_tangent,ontology_collapse,ontology_01,6,semantic_margin_delta,even,0.5416666666666666,2,0.5082714764413806,0.01945591504420611,0.06407106798148109,3,0.25,1.0,3,"16,17,18",0.5483870967741935,8,8
5,16,matched_betti,0.5,max_full_branch_node_speed,all_interior,coexact,coexact,random_tangent,ontology_collapse,ontology_02,6,semantic_margin_delta,even,0.5416666666666666,2,0.07929540878174303,0.02181544042288025,0.418984466176997,3,0.25,1.0,3,"14,15,16",0.5357142857142857,8,8
5,16,matched_betti,0.5,max_full_branch_node_speed,all_interior,coexact,coexact,random_tangent,ontology_collapse,ontology_03,6,semantic_margin_delta,even,0.5416666666666666,2,-0.08092587600787125,0.0128114306437475,0.2566345871707261,3,0.25,1.0,2,"15,16",0.5344827586206897,8,8
5,16,matched_betti,0.5,max_full_branch_node_speed,all_interior,coexact,coexact,random_tangent,ontology_collapse,ontology_04,6,semantic_margin_delta,even,0.5416666666666666,2,0.18737615304936953,0.025867779236227354,0.2255812987762946,3,0.25,1.0,1,16,0.5517241379310345,8,8
5,16,matched_betti,0.5,max_full_branch_node_speed,all_interior,coexact,coexact,random_tangent,ontology_collapse,ontology_05,6,semantic_margin_delta,even,0.5416666666666666,2,-0.15236944966364352,0.03165430431652806,0.3290418953258011,3,0.25,1.0,2,"15,16",0.5535714285714286,8,8
5,16,matched_betti,0.5,max_full_branch_node_speed,all_interior,coexact,coexact,random_tangent,identity_stress,identity_01,7,semantic_margin_delta,even,0.625,2,-0.08712101156670293,0.02477691878441228,0.4305333637928848,3,0.25,1.0,3,"20,21,22",0.6176470588235294,8,8
5,16,matched_betti,0.5,max_full_branch_node_speed,all_interior,coexact,coexact,random_tangent,identity_stress,identity_02,7,semantic_margin_delta,even,0.625,2,-0.022246444780740178,0.0039531540427217215,0.2856289076460462,3,0.25,1.0,2,"19,20",0.6290322580645161,8,8
5,16,matched_betti,0.5,max_full_branch_node_speed,all_interior,coexact,coexact,random_tangent,identity_stress,identity_03,7,semantic_margin_delta,even,0.625,2,0.4766361137769422,0.0023153447160000843,0.008147297717967324,3,0.25,1.0,2,"19,20",0.6290322580645161,8,8
5,16,matched_betti,0.5,max_full_branch_node_speed,all_interior,coexact,coexact,random_tangent,identity_stress,identity_04,7,semantic_margin_delta,even,0.625,2,0.09385617954634698,0.0657931920781341,0.7617452173241348,3,0.25,1.0,1,17,0.6071428571428571,8,8
5,16,matched_betti,0.5,max_full_branch_node_speed,all_interior,coexact,coexact,random_tangent,identity_stress,identity_05,7,semantic_margin_delta,even,0.625,2,-0.01303704747189746,0.006488135970761643,0.6408117110628379,3,0.25,1.0,2,"17,18",0.625,8,8
5,16,matched_betti,0.5,max_full_branch_node_speed,all_interior,coexact,coexact,random_tangent,literal_stable,literal_01,7,semantic_margin_delta,even,0.625,2,0.09024266439344718,0.03920541608133249,0.588912321499619,3,0.25,1.0,2,"20,21",0.6212121212121212,8,8
5,16,matched_betti,0.5,max_full_branch_node_speed,all_interior,coexact,coexact,random_tangent,literal_stable,literal_02,7,semantic_margin_delta,even,0.625,2,-0.0030354342753607685,0.03469738910021634,0.998642516736022,3,0.25,1.0,2,"17,18",0.625,8,8
5,16,matched_betti,0.5,max_full_branch_node_speed,all_interior,coexact,coexact,random_tangent,literal_stable,literal_03,7,semantic_margin_delta,even,0.625,2,0.027906578659737783,0.018895336190302668,0.7505097741916839,3,0.25,1.0,2,"16,17",0.6111111111111112,8,8
5,16,matched_betti,0.5,max_full_branch_node_speed,all_interior,coexact,coexact,random_tangent,literal_stable,literal_04,7,semantic_margin_delta,even,0.625,2,0.32315103473606294,0.03711335708116014,0.18915260823346772,3,0.25,1.0,2,"15,16",0.62,8,8
5,16,matched_betti,0.5,max_full_branch_node_speed,all_interior,coexact,coexact,random_tangent,literal_stable,literal_05,7,semantic_margin_delta,even,0.625,2,-0.3209701096096349,0.002246047735919287,0.011736099074489402,3,0.25,1.0,2,"16,17",0.6346153846153846,8,8
5,16,matched_betti,0.5,max_full_branch_node_speed,all_interior,coexact,coexact,random_tangent,metaphor_shift,metaphor_01,7,semantic_margin_delta,even,0.625,2,-0.7624811084391623,0.031654278638693245,0.0694628072037592,3,0.25,1.0,2,"20,21",0.6029411764705883,8,8
5,16,matched_betti,0.5,max_full_branch_node_speed,all_interior,coexact,coexact,random_tangent,metaphor_shift,metaphor_02,7,semantic_margin_delta,even,0.625,2,0.3089930812796611,0.020350216935969213,0.1097958512128281,3,0.25,1.0,3,"17,18,19",0.6206896551724138,8,8
5,16,matched_betti,0.5,max_full_branch_node_speed,all_interior,coexact,coexact,random_tangent,metaphor_shift,metaphor_03,7,semantic_margin_delta,even,0.625,2,0.1146019402383154,0.010416242574056725,0.15070568630917927,3,0.25,1.0,2,"18,19",0.6166666666666667,8,8
5,16,matched_betti,0.5,max_full_branch_node_speed,all_interior,coexact,coexact,random_tangent,metaphor_shift,metaphor_04,7,semantic_margin_delta,even,0.625,2,0.15779289890707926,0.053216150676998586,0.49234904386361156,3,0.25,1.0,2,"17,18",0.625,8,8
5,16,matched_betti,0.5,max_full_branch_node_speed,all_interior,coexact,coexact,random_tangent,metaphor_shift,metaphor_05,7,semantic_margin_delta,even,0.625,2,0.16363474663826658,0.005908663612276555,0.06045301854853134,3,0.25,1.0,2,"16,17",0.6111111111111112,8,8
5,16,matched_betti,0.5,max_full_branch_node_speed,all_interior,coexact,coexact,random_tangent,ontology_collapse,ontology_01,7,semantic_margin_delta,even,0.625,2,0.27261131493808255,0.030476462005653505,0.18429619489426183,3,0.25,1.0,2,"19,20",0.6290322580645161,8,8
5,16,matched_betti,0.5,max_full_branch_node_speed,all_interior,coexact,coexact,random_tangent,ontology_collapse,ontology_02,7,semantic_margin_delta,even,0.625,2,0.29664925643023854,0.014824754658623644,0.08352630484382648,3,0.25,1.0,2,"17,18",0.625,8,8
5,16,matched_betti,0.5,max_full_branch_node_speed,all_interior,coexact,coexact,random_tangent,ontology_collapse,ontology_03,7,semantic_margin_delta,even,0.625,2,-0.04451909274880812,0.003995983445520411,0.14887096097201669,3,0.25,1.0,3,"17,18,19",0.6206896551724138,8,8
5,16,matched_betti,0.5,max_full_branch_node_speed,all_interior,coexact,coexact,random_tangent,ontology_collapse,ontology_04,7,semantic_margin_delta,even,0.625,2,-0.009887432544237622,0.008272071732550589,0.8143670244810886,3,0.25,1.0,3,"17,18,19",0.6206896551724138,8,8
5,16,matched_betti,0.5,max_full_branch_node_speed,all_interior,coexact,coexact,random_tangent,ontology_collapse,ontology_05,7,semantic_margin_delta,even,0.625,2,-0.15245950977828843,0.007383590785686242,0.08096257534682237,3,0.25,1.0,2,"17,18",0.625,8,8
5,16,matched_betti,0.5,max_full_branch_node_speed,all_interior,coexact,coexact,random_tangent,identity_stress,identity_01,8,semantic_margin_delta,even,0.7083333333333334,2,0.03677023870593811,0.027948681531703178,0.7868216583701368,3,0.25,1.0,3,"23,24,25",0.7058823529411765,8,8
5,16,matched_betti,0.5,max_full_branch_node_speed,all_interior,coexact,coexact,random_tangent,identity_stress,identity_02,8,semantic_margin_delta,even,0.7083333333333334,2,0.10549448375556202,0.011026160962613349,0.17267164638199117,3,0.25,1.0,3,"21,22,23",0.7096774193548386,8,8
5,16,matched_betti,0.5,max_full_branch_node_speed,all_interior,coexact,coexact,random_tangent,identity_stress,identity_03,8,semantic_margin_delta,even,0.7083333333333334,2,0.03444800793939103,0.0020783740284034246,0.1006807658277918,3,0.25,1.0,3,"21,22,23",0.7096774193548386,8,8
5,16,matched_betti,0.5,max_full_branch_node_speed,all_interior,coexact,coexact,random_tangent,identity_stress,identity_04,8,semantic_margin_delta,even,0.7083333333333334,2,0.0825185058717908,0.021216726435854965,0.3959940799620865,3,0.25,1.0,2,"19,20",0.6964285714285715,8,8
5,16,matched_betti,0.5,max_full_branch_node_speed,all_interior,coexact,coexact,random_tangent,identity_stress,identity_05,8,semantic_margin_delta,even,0.7083333333333334,2,-0.4429544156205945,0.01885169513340697,0.07120115006864902,3,0.25,1.0,2,"19,20",0.6964285714285715,8,8
5,16,matched_betti,0.5,max_full_branch_node_speed,all_interior,coexact,coexact,random_tangent,literal_stable,literal_01,8,semantic_margin_delta,even,0.7083333333333334,2,-0.03998379212675155,0.0052534985086767,0.2152118284477358,3,0.25,1.0,3,"22,23,24",0.6969696969696969,8,8
5,16,matched_betti,0.5,max_full_branch_node_speed,all_interior,coexact,coexact,random_tangent,literal_stable,literal_02,8,semantic_margin_delta,even,0.7083333333333334,2,-0.08562753943997244,0.027772685781371226,0.4778711681824369,3,0.25,1.0,2,"19,20",0.6964285714285715,8,8
5,16,matched_betti,0.5,max_full_branch_node_speed,all_interior,coexact,coexact,random_tangent,literal_stable,literal_03,8,semantic_margin_delta,even,0.7083333333333334,2,0.03365759044772824,0.010246667327379461,0.4547651277608685,3,0.25,1.0,3,"18,19,20",0.7037037037037037,8,8
5,16,matched_betti,0.5,max_full_branch_node_speed,all_interior,coexact,coexact,random_tangent,literal_stable,literal_04,8,semantic_margin_delta,even,0.7083333333333334,2,-0.04198380644868466,0.005783866910787157,0.22513389056722746,3,0.25,1.0,2,"17,18",0.6999999999999998,8,8
5,16,matched_betti,0.5,max_full_branch_node_speed,all_interior,coexact,coexact,random_tangent,literal_stable,literal_05,8,semantic_margin_delta,even,0.7083333333333334,2,-0.014767450439122124,0.01606604461372686,0.8769476968526728,3,0.25,1.0,2,"18,19",0.7115384615384613,8,8
5,16,matched_betti,0.5,max_full_branch_node_speed,all_interior,coexact,coexact,random_tangent,metaphor_shift,metaphor_01,8,semantic_margin_delta,even,0.7083333333333334,2,-0.0740530801303425,0.010513015236631994,0.2316370540115558,3,0.25,1.0,3,"23,24,25",0.7058823529411765,8,8
5,16,matched_betti,0.5,max_full_branch_node_speed,all_interior,coexact,coexact,random_tangent,metaphor_shift,metaphor_02,8,semantic_margin_delta,even,0.7083333333333334,2,-0.3134953494698346,0.021839757012404305,0.11605699054720718,3,0.25,1.0,2,"20,21",0.7068965517241379,8,8
5,16,matched_betti,0.5,max_full_branch_node_speed,all_interior,coexact,coexact,random_tangent,metaphor_shift,metaphor_03,8,semantic_margin_delta,even,0.7083333333333334,2,0.20976146181182398,0.007458523015097812,0.059532682564183814,3,0.25,1.0,3,"20,21,22",0.6999999999999998,8,8
5,16,matched_betti,0.5,max_full_branch_node_speed,all_interior,coexact,coexact,random_tangent,metaphor_shift,metaphor_04,8,semantic_margin_delta,even,0.7083333333333334,2,0.04665692243066948,0.013834141667736223,0.44529244215407043,3,0.25,1.0,2,"19,20",0.6964285714285715,8,8
5,16,matched_betti,0.5,max_full_branch_node_speed,all_interior,coexact,coexact,random_tangent,metaphor_shift,metaphor_05,8,semantic_margin_delta,even,0.7083333333333334,2,-0.08085676682045871,0.01850328076355954,0.35833503269568684,3,0.25,1.0,3,"18,19,20",0.7037037037037037,8,8
5,16,matched_betti,0.5,max_full_branch_node_speed,all_interior,coexact,coexact,random_tangent,ontology_collapse,ontology_01,8,semantic_margin_delta,even,0.7083333333333334,2,0.12593456517672857,0.022960162158014483,0.2924272826248829,3,0.25,1.0,2,"21,23",0.7096774193548386,8,8
5,16,matched_betti,0.5,max_full_branch_node_speed,all_interior,coexact,coexact,random_tangent,ontology_collapse,ontology_02,8,semantic_margin_delta,even,0.7083333333333334,2,0.40120735188083606,0.04607859227837519,0.18915497296544034,3,0.25,1.0,2,"19,20",0.6964285714285715,8,8
5,16,matched_betti,0.5,max_full_branch_node_speed,all_interior,coexact,coexact,random_tangent,ontology_collapse,ontology_03,8,semantic_margin_delta,even,0.7083333333333334,2,0.08687193457575754,0.0047075275749009675,0.09051617877820163,3,0.25,1.0,2,"20,21",0.7068965517241379,8,8
5,16,matched_betti,0.5,max_full_branch_node_speed,all_interior,coexact,coexact,random_tangent,ontology_collapse,ontology_04,8,semantic_margin_delta,even,0.7083333333333334,2,-0.05505743793052544,0.018203805384344428,0.48497486957253283,3,0.25,1.0,2,"20,21",0.7068965517241379,8,8
5,16,matched_betti,0.5,max_full_branch_node_speed,all_interior,coexact,coexact,random_tangent,ontology_collapse,ontology_05,8,semantic_margin_delta,even,0.7083333333333334,2,0.1905622101618268,0.008739628419317687,0.076696292753305,3,0.25,1.0,2,"19,20",0.6964285714285715,8,8
5,16,matched_betti,0.5,max_full_branch_node_speed,all_interior,coexact,coexact,random_tangent,identity_stress,identity_01,9,semantic_margin_delta,even,0.7916666666666666,2,-0.0030308816232156163,0.0079462932638538,0.9751044123471432,3,0.25,1.0,3,"26,27,28",0.7941176470588235,8,8
5,16,matched_betti,0.5,max_full_branch_node_speed,all_interior,coexact,coexact,random_tangent,identity_stress,identity_02,9,semantic_margin_delta,even,0.7916666666666666,2,-0.03169764425447711,0.020945322430549907,0.7424523611650523,3,0.25,1.0,2,"24,25",0.7903225806451614,8,8
5,16,matched_betti,0.5,max_full_branch_node_speed,all_interior,coexact,coexact,random_tangent,identity_stress,identity_03,9,semantic_margin_delta,even,0.7916666666666666,2,0.054337140674964556,0.004488671904615888,0.13724332452919324,3,0.25,1.0,2,"24,25",0.7903225806451614,8,8
5,16,matched_betti,0.5,max_full_branch_node_speed,all_interior,coexact,coexact,random_tangent,identity_stress,identity_04,9,semantic_margin_delta,even,0.7916666666666666,2,-0.08450030320839587,0.0014085161073251076,0.02794686987204382,3,0.25,1.0,3,"21,22,23",0.7857142857142857,8,8
5,16,matched_betti,0.5,max_full_branch_node_speed,all_interior,coexact,coexact,random_tangent,identity_stress,identity_05,9,semantic_margin_delta,even,0.7916666666666666,2,-0.1389630683959057,0.010259625706748168,0.12289292702225214,3,0.25,1.0,3,"21,22,23",0.7857142857142857,8,8
5,16,matched_betti,0.5,max_full_branch_node_speed,all_interior,coexact,coexact,random_tangent,literal_stable,literal_01,9,semantic_margin_delta,even,0.7916666666666666,2,0.03010358140364077,0.01515735706753786,0.6452098849756832,3,0.25,1.0,3,"25,26,27",0.787878787878788,8,8
5,16,matched_betti,0.5,max_full_branch_node_speed,all_interior,coexact,coexact,random_tangent,literal_stable,literal_02,9,semantic_margin_delta,even,0.7916666666666666,2,-0.1028408928125798,0.1261063148557384,0.8993305742224598,3,0.25,1.0,1,21,0.75,8,8
5,16,matched_betti,0.5,max_full_branch_node_speed,all_interior,coexact,coexact,random_tangent,literal_stable,literal_03,9,semantic_margin_delta,even,0.7916666666666666,2,-0.5981913126235321,0.051930309775275234,0.14408688168124353,3,0.25,1.0,1,21,0.7777777777777778,8,8
5,16,matched_betti,0.5,max_full_branch_node_speed,all_interior,coexact,coexact,random_tangent,literal_stable,literal_04,9,semantic_margin_delta,even,0.7916666666666666,2,-0.08133583661971475,0.004928647475451294,0.1011145216613998,3,0.25,1.0,2,"19,20",0.7799999999999999,8,8
5,16,matched_betti,0.5,max_full_branch_node_speed,all_interior,coexact,coexact,random_tangent,literal_stable,literal_05,9,semantic_margin_delta,even,0.7916666666666666,2,-0.03126642052572085,0.014818374191738733,0.6222657179649272,3,0.25,1.0,1,20,0.7692307692307693,8,8
5,16,matched_betti,0.5,max_full_branch_node_speed,all_interior,coexact,coexact,random_tangent,metaphor_shift,metaphor_01,9,semantic_margin_delta,even,0.7916666666666666,2,0.12725655371252378,0.004595831570387757,0.06046275658058861,3,0.25,1.0,3,"26,27,28",0.7941176470588235,8,8
5,16,matched_betti,0.5,max_full_branch_node_speed,all_interior,coexact,coexact,random_tangent,metaphor_shift,metaphor_02,9,semantic_margin_delta,even,0.7916666666666666,2,0.05862451452368672,0.0134117252711256,0.35824372456425885,3,0.25,1.0,3,"22,23,24",0.7931034482758621,8,8
5,16,matched_betti,0.5,max_full_branch_node_speed,all_interior,coexact,coexact,random_tangent,metaphor_shift,metaphor_03,9,semantic_margin_delta,even,0.7916666666666666,2,0.22455179779365633,0.006507332547271111,0.04854822391898302,3,0.25,1.0,2,"23,24",0.7833333333333335,8,8
5,16,matched_betti,0.5,max_full_branch_node_speed,all_interior,coexact,coexact,random_tangent,metaphor_shift,metaphor_04,9,semantic_margin_delta,even,0.7916666666666666,2,-0.14400052509082356,0.005687576648499538,0.0661015416103108,3,0.25,1.0,3,"21,22,23",0.7857142857142857,8,8
5,16,matched_betti,0.5,max_full_branch_node_speed,all_interior,coexact,coexact,random_tangent,metaphor_shift,metaphor_05,9,semantic_margin_delta,even,0.7916666666666666,2,0.3298707674369749,0.011794556522926429,0.05986286708882293,3,0.25,1.0,2,"21,22",0.7962962962962963,8,8
5,16,matched_betti,0.5,max_full_branch_node_speed,all_interior,coexact,coexact,random_tangent,ontology_collapse,ontology_01,9,semantic_margin_delta,even,0.7916666666666666,2,0.0858438817252559,0.007204255594276048,0.1393858549053498,3,0.25,1.0,2,"24,25",0.7903225806451614,8,8
5,16,matched_betti,0.5,max_full_branch_node_speed,all_interior,coexact,coexact,random_tangent,ontology_collapse,ontology_02,9,semantic_margin_delta,even,0.7916666666666666,2,0.01193876958357863,0.006240059333216845,0.6592089253341735,3,0.25,1.0,3,"21,22,23",0.7857142857142857,8,8
5,16,matched_betti,0.5,max_full_branch_node_speed,all_interior,coexact,coexact,random_tangent,ontology_collapse,ontology_03,9,semantic_margin_delta,even,0.7916666666666666,2,0.07802514541872238,0.005181581196222094,0.11070048314411612,3,0.25,1.0,2,"22,23",0.7758620689655172,8,8
5,16,matched_betti,0.5,max_full_branch_node_speed,all_interior,coexact,coexact,random_tangent,ontology_collapse,ontology_04,9,semantic_margin_delta,even,0.7916666666666666,2,0.10636023456218192,0.0043198303211783445,0.06796437504096645,3,0.25,1.0,3,"22,23,24",0.7931034482758621,8,8
5,16,matched_betti,0.5,max_full_branch_node_speed,all_interior,coexact,coexact,random_tangent,ontology_collapse,ontology_05,9,semantic_margin_delta,even,0.7916666666666666,2,0.05494613262697591,0.04855640728083015,0.8289755688062598,3,0.25,1.0,3,"21,22,23",0.7857142857142857,8,8
5,16,matched_betti,0.5,max_full_branch_node_speed,all_interior,coexact,coexact,random_tangent,identity_stress,identity_01,10,semantic_margin_delta,even,0.875,2,0.032562851108659176,0.022206193076211782,0.7528463980892337,3,0.25,1.0,3,"29,30,31",0.8823529411764706,8,8
5,16,matched_betti,0.5,max_full_branch_node_speed,all_interior,coexact,coexact,random_tangent,identity_stress,identity_02,10,semantic_margin_delta,even,0.875,2,0.1347072076870931,0.008604747247478705,0.10652908514284154,3,0.25,1.0,2,"26,28",0.8709677419354839,8,8
5,16,matched_betti,0.5,max_full_branch_node_speed,all_interior,coexact,coexact,random_tangent,identity_stress,identity_03,10,semantic_margin_delta,even,0.875,2,0.0902454361039817,0.022242667276853284,0.3820344076045193,3,0.25,1.0,3,"26,27,28",0.8709677419354839,8,8
5,16,matched_betti,0.5,max_full_branch_node_speed,all_interior,coexact,coexact,random_tangent,identity_stress,identity_04,10,semantic_margin_delta,even,0.875,2,-0.2632440011654282,0.018913533204172616,0.11964174296040941,3,0.25,1.0,1,24,0.8571428571428571,8,8
5,16,matched_betti,0.5,max_full_branch_node_speed,all_interior,coexact,coexact,random_tangent,identity_stress,identity_05,10,semantic_margin_delta,even,0.875,2,-0.36207540063234067,0.033653038142086256,0.1540318211111942,3,0.25,1.0,2,"24,25",0.875,8,8
5,16,matched_betti,0.5,max_full_branch_node_speed,all_interior,coexact,coexact,random_tangent,literal_stable,literal_01,10,semantic_margin_delta,even,0.875,2,0.1252624398789965,0.030887140048744592,0.38218108571320863,3,0.25,1.0,2,"29,30",0.8939393939393939,8,8
5,16,matched_betti,0.5,max_full_branch_node_speed,all_interior,coexact,coexact,random_tangent,literal_stable,literal_02,10,semantic_margin_delta,even,0.875,2,-0.2794193000862818,0.0028303268221401196,0.01698700460087793,3,0.25,1.0,1,24,0.8571428571428571,8,8
5,16,matched_betti,0.5,max_full_branch_node_speed,all_interior,coexact,coexact,random_tangent,literal_stable,literal_03,10,semantic_margin_delta,even,0.875,2,0.36448803851950695,0.009913168829579721,0.045569798722252586,3,0.25,1.0,2,"23,24",0.8703703703703703,8,8
5,16,matched_betti,0.5,max_full_branch_node_speed,all_interior,coexact,coexact,random_tangent,literal_stable,literal_04,10,semantic_margin_delta,even,0.875,2,-0.22280881942796338,0.026332445341283296,0.19444155257206147,3,0.25,1.0,2,"21,22",0.86,8,8
5,16,matched_betti,0.5,max_full_branch_node_speed,all_interior,coexact,coexact,random_tangent,literal_stable,literal_05,10,semantic_margin_delta,even,0.875,2,-0.09543963628751169,0.028978276121825065,0.4538055972225015,3,0.25,1.0,2,"22,23",0.8653846153846154,8,8
5,16,matched_betti,0.5,max_full_branch_node_speed,all_interior,coexact,coexact,random_tangent,metaphor_shift,metaphor_01,10,semantic_margin_delta,even,0.875,2,0.04268252574644558,0.01951825546556748,0.6085935312605558,3,0.25,1.0,3,"29,30,31",0.8823529411764706,8,8
5,16,matched_betti,0.5,max_full_branch_node_speed,all_interior,coexact,coexact,random_tangent,metaphor_shift,metaphor_02,10,semantic_margin_delta,even,0.875,2,-0.18392277734711854,0.04004509681657432,0.34302765894591264,3,0.25,1.0,1,26,0.896551724137931,8,8
5,16,matched_betti,0.5,max_full_branch_node_speed,all_interior,coexact,coexact,random_tangent,metaphor_shift,metaphor_03,10,semantic_margin_delta,even,0.875,2,-0.19626345461710293,0.005005610377567588,0.04273856040002563,3,0.25,1.0,2,"25,27",0.8666666666666667,8,8
5,16,matched_betti,0.5,max_full_branch_node_speed,all_interior,coexact,coexact,random_tangent,metaphor_shift,metaphor_04,10,semantic_margin_delta,even,0.875,2,-0.13874537348783803,0.06192388951063426,0.5992729091199113,3,0.25,1.0,2,"24,25",0.875,8,8
5,16,matched_betti,0.5,max_full_branch_node_speed,all_interior,coexact,coexact,random_tangent,metaphor_shift,metaphor_05,10,semantic_margin_delta,even,0.875,2,0.4437039465666008,0.03616661894017331,0.1354542743355419,3,0.25,1.0,1,23,0.8518518518518517,8,8
5,16,matched_betti,0.5,max_full_branch_node_speed,all_interior,coexact,coexact,random_tangent,ontology_collapse,ontology_01,10,semantic_margin_delta,even,0.875,2,0.0017416053004050576,0.004916991082849977,0.9784208286102452,3,0.25,1.0,3,"26,27,28",0.8709677419354839,8,8
5,16,matched_betti,0.5,max_full_branch_node_speed,all_interior,coexact,coexact,random_tangent,ontology_collapse,ontology_02,10,semantic_margin_delta,even,0.875,2,-0.16486169247497978,0.037238345293402024,0.35427973075566177,3,0.25,1.0,2,"24,25",0.875,8,8
5,16,matched_betti,0.5,max_full_branch_node_speed,all_interior,coexact,coexact,random_tangent,ontology_collapse,ontology_03,10,semantic_margin_delta,even,0.875,2,0.12404404906891532,0.005713221923488915,0.07702157985164437,3,0.25,1.0,2,"25,26",0.8793103448275862,8,8
5,16,matched_betti,0.5,max_full_branch_node_speed,all_interior,coexact,coexact,random_tangent,ontology_collapse,ontology_04,10,semantic_margin_delta,even,0.875,2,0.15950517494856983,0.008586451040059926,0.08992390313631385,3,0.25,1.0,2,"25,26",0.8793103448275862,8,8
5,16,matched_betti,0.5,max_full_branch_node_speed,all_interior,coexact,coexact,random_tangent,ontology_collapse,ontology_05,10,semantic_margin_delta,even,0.875,2,0.10666870195249445,0.01459618757474565,0.2236941288636598,3,0.25,1.0,2,"24,25",0.875,8,8
5,16,matched_betti,0.5,max_full_branch_node_speed,all_interior,coexact,coexact,random_tangent,identity_stress,identity_01,11,semantic_margin_delta,even,0.9583333333333334,2,0.09431074454813701,0.017726355482190457,0.30066503208957773,3,0.25,1.0,2,"32,33",0.9558823529411763,8,8
5,16,matched_betti,0.5,max_full_branch_node_speed,all_interior,coexact,coexact,random_tangent,identity_stress,identity_02,11,semantic_margin_delta,even,0.9583333333333334,2,-0.03645147780843698,0.04730974313756569,0.9087067212513766,3,0.25,1.0,2,"29,30",0.9516129032258065,8,8
5,16,matched_betti,0.5,max_full_branch_node_speed,all_interior,coexact,coexact,random_tangent,identity_stress,identity_03,11,semantic_margin_delta,even,0.9583333333333334,2,0.0618590131798739,0.0130539020763331,0.33366205447884395,3,0.25,1.0,1,29,0.9354838709677419,8,8
5,16,matched_betti,0.5,max_full_branch_node_speed,all_interior,coexact,coexact,random_tangent,identity_stress,identity_04,11,semantic_margin_delta,even,0.9583333333333334,2,-0.17071691689933,0.004711909935271763,0.04624394129031905,3,0.25,1.0,2,"26,27",0.9464285714285715,8,8
5,16,matched_betti,0.5,max_full_branch_node_speed,all_interior,coexact,coexact,random_tangent,identity_stress,identity_05,11,semantic_margin_delta,even,0.9583333333333334,2,-0.13823448993900145,0.048798832603044934,0.5094862592450772,3,0.25,1.0,1,26,0.9285714285714285,8,8
5,16,matched_betti,0.5,max_full_branch_node_speed,all_interior,coexact,coexact,random_tangent,literal_stable,literal_01,11,semantic_margin_delta,even,0.9583333333333334,2,0.11838356193840421,0.047495874911508223,0.5582870662222559,3,0.25,1.0,1,32,0.9696969696969697,8,8
5,16,matched_betti,0.5,max_full_branch_node_speed,all_interior,coexact,coexact,random_tangent,literal_stable,literal_02,11,semantic_margin_delta,even,0.9583333333333334,2,0.06118436375009252,0.014185722958620849,0.3624352259480592,3,0.25,1.0,2,"26,27",0.9464285714285715,8,8
5,16,matched_betti,0.5,max_full_branch_node_speed,all_interior,coexact,coexact,random_tangent,literal_stable,literal_03,11,semantic_margin_delta,even,0.9583333333333334,2,-0.19363308404245994,0.01149959247409241,0.09911930134663803,3,0.25,1.0,2,"25,26",0.9444444444444443,8,8
5,16,matched_betti,0.5,max_full_branch_node_speed,all_interior,coexact,coexact,random_tangent,literal_stable,literal_04,11,semantic_margin_delta,even,0.9583333333333334,2,-0.029747382927301967,0.0089810154425698,0.45176079763578575,3,0.25,1.0,2,"23,24",0.94,8,8
5,16,matched_betti,0.5,max_full_branch_node_speed,all_interior,coexact,coexact,random_tangent,literal_stable,literal_05,11,semantic_margin_delta,even,0.9583333333333334,2,0.28657568152854906,0.021915442061293974,0.1272233236095491,3,0.25,1.0,2,"24,25",0.9423076923076922,8,8
5,16,matched_betti,0.5,max_full_branch_node_speed,all_interior,coexact,coexact,random_tangent,metaphor_shift,metaphor_01,11,semantic_margin_delta,even,0.9583333333333334,2,0.39281795302090655,0.0584378848884021,0.24209574504350137,3,0.25,1.0,1,32,0.9411764705882352,8,8
5,16,matched_betti,0.5,max_full_branch_node_speed,all_interior,coexact,coexact,random_tangent,metaphor_shift,metaphor_02,11,semantic_margin_delta,even,0.9583333333333334,2,0.2883999767287964,0.010031166760325496,0.05823951302882933,3,0.25,1.0,2,"27,28",0.9482758620689656,8,8
5,16,matched_betti,0.5,max_full_branch_node_speed,all_interior,coexact,coexact,random_tangent,metaphor_shift,metaphor_03,11,semantic_margin_delta,even,0.9583333333333334,2,-0.04623101868816777,0.0070134255206513105,0.2465889663253373,3,0.25,1.0,2,"28,29",0.9499999999999998,8,8
5,16,matched_betti,0.5,max_full_branch_node_speed,all_interior,coexact,coexact,random_tangent,metaphor_shift,metaphor_04,11,semantic_margin_delta,even,0.9583333333333334,2,-0.07385543577356776,0.03149448230491528,0.5817515950572172,3,0.25,1.0,1,26,0.9285714285714285,8,8
5,16,matched_betti,0.5,max_full_branch_node_speed,all_interior,coexact,coexact,random_tangent,metaphor_shift,metaphor_05,11,semantic_margin_delta,even,0.9583333333333334,2,0.18134124046785513,0.018312531733421917,0.1669972159596729,3,0.25,1.0,2,"25,26",0.9444444444444443,8,8
5,16,matched_betti,0.5,max_full_branch_node_speed,all_interior,coexact,coexact,random_tangent,ontology_collapse,ontology_01,11,semantic_margin_delta,even,0.9583333333333334,2,0.22371608014641528,0.029182230637502662,0.21373093044109243,3,0.25,1.0,1,29,0.9354838709677419,8,8
5,16,matched_betti,0.5,max_full_branch_node_speed,all_interior,coexact,coexact,random_tangent,ontology_collapse,ontology_02,11,semantic_margin_delta,even,0.9583333333333334,2,0.10759998033585846,0.03542079934054404,0.4833532105661534,3,0.25,1.0,2,"26,27",0.9464285714285715,8,8
5,16,matched_betti,0.5,max_full_branch_node_speed,all_interior,coexact,coexact,random_tangent,ontology_collapse,ontology_03,11,semantic_margin_delta,even,0.9583333333333334,2,0.08598985921556111,0.01023963098957435,0.1958585285213281,3,0.25,1.0,2,"27,28",0.9482758620689656,8,8
5,16,matched_betti,0.5,max_full_branch_node_speed,all_interior,coexact,coexact,random_tangent,ontology_collapse,ontology_04,11,semantic_margin_delta,even,0.9583333333333334,2,0.1612203002111374,0.019309765354045123,0.19695430240347903,3,0.25,1.0,2,"27,28",0.9482758620689656,8,8
5,16,matched_betti,0.5,max_full_branch_node_speed,all_interior,coexact,coexact,random_tangent,ontology_collapse,ontology_05,11,semantic_margin_delta,even,0.9583333333333334,2,0.4540378575053228,0.03056260681268151,0.11218820842894668,3,0.25,1.0,1,26,0.9285714285714285,8,8
5,16,matched_betti,0.5,max_full_branch_node_speed,all_interior,coexact,coexact,random_tangent,identity_stress,identity_01,0,semantic_margin_delta,odd,0.041666666666666664,1,0.9094154950299628,0.0416510766045657,0.0690774366872935,3,0.25,1.0,2,"1,2",0.04411764705882352,8,8
5,16,matched_betti,0.5,max_full_branch_node_speed,all_interior,coexact,coexact,random_tangent,identity_stress,identity_02,0,semantic_margin_delta,odd,0.041666666666666664,1,-0.21383783689705654,0.036234661515731265,0.2481689502401666,3,0.25,1.0,2,"1,2",0.04838709677419354,8,8
5,16,matched_betti,0.5,max_full_branch_node_speed,all_interior,coexact,coexact,random_tangent,identity_stress,identity_03,0,semantic_margin_delta,odd,0.041666666666666664,1,0.2566336851629944,0.024241361680340263,0.14137424932602582,3,0.25,1.0,1,1,0.03225806451612903,8,8
5,16,matched_betti,0.5,max_full_branch_node_speed,all_interior,coexact,coexact,random_tangent,identity_stress,identity_04,0,semantic_margin_delta,odd,0.041666666666666664,1,0.4047752871671261,0.009776927580674371,0.03649303665080377,3,0.25,1.0,2,"1,2",0.05357142857142857,8,8
5,16,matched_betti,0.5,max_full_branch_node_speed,all_interior,coexact,coexact,random_tangent,identity_stress,identity_05,0,semantic_margin_delta,odd,0.041666666666666664,1,0.3623573848801791,0.09033195887454562,0.3526739543798086,3,0.25,1.0,2,"1,2",0.05357142857142857,8,8
5,16,matched_betti,0.5,max_full_branch_node_speed,all_interior,coexact,coexact,random_tangent,literal_stable,literal_01,0,semantic_margin_delta,odd,0.041666666666666664,1,-0.7442769090865597,0.012035244741977539,0.02444002288415807,3,0.25,1.0,2,"1,2",0.04545454545454545,8,8
5,16,matched_betti,0.5,max_full_branch_node_speed,all_interior,coexact,coexact,random_tangent,literal_stable,literal_02,0,semantic_margin_delta,odd,0.041666666666666664,1,0.3618593215253016,0.02499051636436786,0.10384652787309934,3,0.25,1.0,2,"1,2",0.05357142857142857,8,8
5,16,matched_betti,0.5,max_full_branch_node_speed,all_interior,coexact,coexact,random_tangent,literal_stable,literal_03,0,semantic_margin_delta,odd,0.041666666666666664,1,0.18939542930176542,0.028866178149434665,0.2245415882952287,3,0.25,1.0,2,"1,2",0.05555555555555555,8,8
5,16,matched_betti,0.5,max_full_branch_node_speed,all_interior,coexact,coexact,random_tangent,literal_stable,literal_04,0,semantic_margin_delta,odd,0.041666666666666664,1,-0.13579014268861958,0.11384440544243046,0.7850853846526549,3,0.25,1.0,2,"1,2",0.06,8,8
5,16,matched_betti,0.5,max_full_branch_node_speed,all_interior,coexact,coexact,random_tangent,literal_stable,literal_05,0,semantic_margin_delta,odd,0.041666666666666664,1,-0.8515010781412373,0.06631643247031827,0.11693837020795686,3,0.25,1.0,2,"1,2",0.05769230769230769,8,8
5,16,matched_betti,0.5,max_full_branch_node_speed,all_interior,coexact,coexact,random_tangent,metaphor_shift,metaphor_01,0,semantic_margin_delta,odd,0.041666666666666664,1,0.12318705607547602,0.0296791359677232,0.34225057472589293,3,0.25,1.0,2,"1,2",0.04411764705882352,8,8
5,16,matched_betti,0.5,max_full_branch_node_speed,all_interior,coexact,coexact,random_tangent,metaphor_shift,metaphor_02,0,semantic_margin_delta,odd,0.041666666666666664,1,-0.32185644652430706,0.03660708628395419,0.1694674597260812,3,0.25,1.0,2,"1,2",0.05172413793103448,8,8
5,16,matched_betti,0.5,max_full_branch_node_speed,all_interior,coexact,coexact,random_tangent,metaphor_shift,metaphor_03,0,semantic_margin_delta,odd,0.041666666666666664,1,-0.008756485421326551,0.013877860551909846,0.9228541652266632,3,0.25,1.0,2,"1,2",0.05000000000000001,8,8
5,16,matched_betti,0.5,max_full_branch_node_speed,all_interior,coexact,coexact,random_tangent,metaphor_shift,metaphor_04,0,semantic_margin_delta,odd,0.041666666666666664,1,0.3423504938556393,0.047102977797251075,0.20365272566843803,3,0.25,1.0,2,"1,2",0.05357142857142857,8,8
5,16,matched_betti,0.5,max_full_branch_node_speed,all_interior,coexact,coexact,random_tangent,metaphor_shift,metaphor_05,0,semantic_margin_delta,odd,0.041666666666666664,1,0.0038228878598683797,0.026451445110763767,0.9954619607029542,3,0.25,1.0,2,"1,2",0.05555555555555555,8,8
5,16,matched_betti,0.5,max_full_branch_node_speed,all_interior,coexact,coexact,random_tangent,ontology_collapse,ontology_01,0,semantic_margin_delta,odd,0.041666666666666664,1,0.6802189146921979,0.10174117267874248,0.22056152896924203,3,0.25,1.0,2,"1,2",0.04838709677419354,8,8
5,16,matched_betti,0.5,max_full_branch_node_speed,all_interior,coexact,coexact,random_tangent,ontology_collapse,ontology_02,0,semantic_margin_delta,odd,0.041666666666666664,1,-0.22278765183855498,0.017643926696977938,0.11888420686361292,3,0.25,1.0,2,"1,2",0.05357142857142857,8,8
5,16,matched_betti,0.5,max_full_branch_node_speed,all_interior,coexact,coexact,random_tangent,ontology_collapse,ontology_03,0,semantic_margin_delta,odd,0.041666666666666664,1,1.1130381283997228,0.044017925593135485,0.059683682472331384,3,0.25,1.0,1,2,0.06896551724137931,8,8
5,16,matched_betti,0.5,max_full_branch_node_speed,all_interior,coexact,coexact,random_tangent,ontology_collapse,ontology_04,0,semantic_margin_delta,odd,0.041666666666666664,1,-0.07266366624047897,0.028217587549569004,0.5062938622922101,3,0.25,1.0,2,"1,2",0.05172413793103448,8,8
5,16,matched_betti,0.5,max_full_branch_node_speed,all_interior,coexact,coexact,random_tangent,ontology_collapse,ontology_05,0,semantic_margin_delta,odd,0.041666666666666664,1,-0.4513167138710547,0.017401517147926697,0.0581942446429709,3,0.25,1.0,2,"1,2",0.05357142857142857,8,8
5,16,matched_betti,0.5,max_full_branch_node_speed,all_interior,coexact,coexact,random_tangent,identity_stress,identity_01,1,semantic_margin_delta,odd,0.125,1,-0.5904353600366241,0.01954664231571606,0.04998819871694291,3,0.25,1.0,3,"3,4,5",0.11764705882352942,8,8
5,16,matched_betti,0.5,max_full_branch_node_speed,all_interior,coexact,coexact,random_tangent,identity_stress,identity_02,1,semantic_margin_delta,odd,0.125,1,0.5491032548754894,0.004163480826390416,0.011462648865718805,3,0.25,1.0,3,"3,4,5",0.12903225806451613,8,8
5,16,matched_betti,0.5,max_full_branch_node_speed,all_interior,coexact,coexact,random_tangent,identity_stress,identity_03,1,semantic_margin_delta,odd,0.125,1,-0.1703926385588137,0.021009638886623997,0.183257167213438,3,0.25,1.0,3,"3,4,5",0.12903225806451613,8,8
5,16,matched_betti,0.5,max_full_branch_node_speed,all_interior,coexact,coexact,random_tangent,identity_stress,identity_04,1,semantic_margin_delta,odd,0.125,1,0.08512489953499651,0.011282083174309118,0.19646972413979857,3,0.25,1.0,2,"3,4",0.125,8,8
5,16,matched_betti,0.5,max_full_branch_node_speed,all_interior,coexact,coexact,random_tangent,identity_stress,identity_05,1,semantic_margin_delta,odd,0.125,1,-0.8649528213136124,0.091897065994218,0.1585946708859046,3,0.25,1.0,2,"3,4",0.125,8,8
5,16,matched_betti,0.5,max_full_branch_node_speed,all_interior,coexact,coexact,random_tangent,literal_stable,literal_01,1,semantic_margin_delta,odd,0.125,1,-0.3397730453521196,0.0005185690678510321,0.0023074245041562265,3,0.25,1.0,3,"3,4,5",0.12121212121212122,8,8
5,16,matched_betti,0.5,max_full_branch_node_speed,all_interior,coexact,coexact,random_tangent,literal_stable,literal_02,1,semantic_margin_delta,odd,0.125,1,0.1632717024930925,0.022471810697034224,0.20372004150840872,3,0.25,1.0,2,"3,4",0.125,8,8
5,16,matched_betti,0.5,max_full_branch_node_speed,all_interior,coexact,coexact,random_tangent,literal_stable,literal_03,1,semantic_margin_delta,odd,0.125,1,-0.17824571886820056,0.033725954427774055,0.2750278124498379,3,0.25,1.0,2,"3,4",0.12962962962962962,8,8
5,16,matched_betti,0.5,max_full_branch_node_speed,all_interior,coexact,coexact,random_tangent,literal_stable,literal_04,1,semantic_margin_delta,odd,0.125,1,0.41915490766758107,0.01881500513273912,0.06770846535467435,3,0.25,1.0,2,"3,4",0.14,8,8
5,16,matched_betti,0.5,max_full_branch_node_speed,all_interior,coexact,coexact,random_tangent,literal_stable,literal_05,1,semantic_margin_delta,odd,0.125,1,0.6685788855263136,0.0933942778856746,0.20663462477050215,3,0.25,1.0,2,"3,4",0.13461538461538464,8,8
5,16,matched_betti,0.5,max_full_branch_node_speed,all_interior,coexact,coexact,random_tangent,metaphor_shift,metaphor_01,1,semantic_margin_delta,odd,0.125,1,0.01842261523323032,0.06265781976636704,0.9816096665692179,3,0.25,1.0,2,"3,5",0.1176470588235294,8,8
5,16,matched_betti,0.5,max_full_branch_node_speed,all_interior,coexact,coexact,random_tangent,metaphor_shift,metaphor_02,1,semantic_margin_delta,odd,0.125,1,0.14333601728525341,0.009250848948903274,0.0971134957349457,3,0.25,1.0,2,"3,4",0.12068965517241377,8,8
5,16,matched_betti,0.5,max_full_branch_node_speed,all_interior,coexact,coexact,random_tangent,metaphor_shift,metaphor_03,1,semantic_margin_delta,odd,0.125,1,0.2619224086398432,0.02505051654993698,0.1431072785969767,3,0.25,1.0,2,"3,4",0.11666666666666665,8,8
5,16,matched_betti,0.5,max_full_branch_node_speed,all_interior,coexact,coexact,random_tangent,metaphor_shift,metaphor_04,1,semantic_margin_delta,odd,0.125,1,0.42082113986087827,0.05092222280919827,0.17995837708364548,3,0.25,1.0,2,"3,4",0.125,8,8
5,16,matched_betti,0.5,max_full_branch_node_speed,all_interior,coexact,coexact,random_tangent,metaphor_shift,metaphor_05,1,semantic_margin_delta,odd,0.125,1,0.06535278183552568,0.015046936327456547,0.3287452755535235,3,0.25,1.0,2,"3,4",0.12962962962962962,8,8
5,16,matched_betti,0.5,max_full_branch_node_speed,all_interior,coexact,coexact,random_tangent,ontology_collapse,ontology_01,1,semantic_margin_delta,odd,0.125,1,0.4211685121358427,0.04694685358235759,0.16618065537894228,3,0.25,1.0,3,"3,4,5",0.12903225806451613,8,8
5,16,matched_betti,0.5,max_full_branch_node_speed,all_interior,coexact,coexact,random_tangent,ontology_collapse,ontology_02,1,semantic_margin_delta,odd,0.125,1,-0.4640654622890719,0.08670059464300593,0.2718226606313609,3,0.25,1.0,2,"3,4",0.125,8,8
5,16,matched_betti,0.5,max_full_branch_node_speed,all_interior,coexact,coexact,random_tangent,ontology_collapse,ontology_03,1,semantic_margin_delta,odd,0.125,1,0.1454948068007201,0.020685416167947265,0.21014549579680955,3,0.25,1.0,2,"3,4",0.12068965517241377,8,8
5,16,matched_betti,0.5,max_full_branch_node_speed,all_interior,coexact,coexact,random_tangent,ontology_collapse,ontology_04,1,semantic_margin_delta,odd,0.125,1,-0.043609026296701166,0.11014174208550075,0.9673765008067782,3,0.25,1.0,2,"3,4",0.12068965517241377,8,8
5,16,matched_betti,0.5,max_full_branch_node_speed,all_interior,coexact,coexact,random_tangent,ontology_collapse,ontology_05,1,semantic_margin_delta,odd,0.125,1,0.01586154624048838,0.020387337254153762,0.889172290071094,3,0.25,1.0,1,3,0.10714285714285714,8,8
5,16,matched_betti,0.5,max_full_branch_node_speed,all_interior,coexact,coexact,random_tangent,identity_stress,identity_01,2,semantic_margin_delta,odd,0.20833333333333334,1,0.28625531778297253,0.0347297117661879,0.1804151224888654,3,0.25,1.0,3,"6,7,8",0.2058823529411765,8,8
5,16,matched_betti,0.5,max_full_branch_node_speed,all_interior,coexact,coexact,random_tangent,identity_stress,identity_02,2,semantic_margin_delta,odd,0.20833333333333334,1,0.7360525112966014,0.04678624582109028,0.09565863989194377,3,0.25,1.0,2,"6,7",0.20967741935483866,8,8
5,16,matched_betti,0.5,max_full_branch_node_speed,all_interior,coexact,coexact,random_tangent,identity_stress,identity_03,2,semantic_margin_delta,odd,0.20833333333333334,1,-0.13805171733916005,0.042156840443158365,0.4191610496930368,3,0.25,1.0,2,"6,7",0.20967741935483866,8,8
5,16,matched_betti,0.5,max_full_branch_node_speed,all_interior,coexact,coexact,random_tangent,identity_stress,identity_04,2,semantic_margin_delta,odd,0.20833333333333334,1,-0.7611784914153388,0.03439780315670379,0.06816225239515065,3,0.25,1.0,2,"5,6",0.19642857142857142,8,8
5,16,matched_betti,0.5,max_full_branch_node_speed,all_interior,coexact,coexact,random_tangent,identity_stress,identity_05,2,semantic_margin_delta,odd,0.20833333333333334,1,-0.14174334750719342,0.06600446410435573,0.5756633528971675,3,0.25,1.0,2,"5,6",0.19642857142857142,8,8
5,16,matched_betti,0.5,max_full_branch_node_speed,all_interior,coexact,coexact,random_tangent,literal_stable,literal_01,2,semantic_margin_delta,odd,0.20833333333333334,1,-0.7912500916864351,0.18972918723827809,0.3408155074250827,3,0.25,1.0,2,"6,8",0.21212121212121213,8,8
5,16,matched_betti,0.5,max_full_branch_node_speed,all_interior,coexact,coexact,random_tangent,literal_stable,literal_02,2,semantic_margin_delta,odd,0.20833333333333334,1,-0.22565416045066242,0.06958090930887127,0.4225264891579389,3,0.25,1.0,2,"5,6",0.19642857142857142,8,8
5,16,matched_betti,0.5,max_full_branch_node_speed,all_interior,coexact,coexact,random_tangent,literal_stable,literal_03,2,semantic_margin_delta,odd,0.20833333333333334,1,-0.2609467888873045,0.04772215302424997,0.2664911563437462,3,0.25,1.0,2,"5,6",0.2037037037037037,8,8
5,16,matched_betti,0.5,max_full_branch_node_speed,all_interior,coexact,coexact,random_tangent,literal_stable,literal_04,2,semantic_margin_delta,odd,0.20833333333333334,1,0.11525412932984808,0.011224532209615367,0.14566842625124188,3,0.25,1.0,2,"5,6",0.22,8,8
5,16,matched_betti,0.5,max_full_branch_node_speed,all_interior,coexact,coexact,random_tangent,literal_stable,literal_05,2,semantic_margin_delta,odd,0.20833333333333334,1,0.22278860317118923,0.021539883510345612,0.14463408689438537,3,0.25,1.0,2,"5,6",0.21153846153846156,8,8
5,16,matched_betti,0.5,max_full_branch_node_speed,all_interior,coexact,coexact,random_tangent,metaphor_shift,metaphor_01,2,semantic_margin_delta,odd,0.20833333333333334,1,-0.7342307326656897,0.036592970821722574,0.07513576785367483,3,0.25,1.0,3,"6,7,8",0.2058823529411765,8,8
5,16,matched_betti,0.5,max_full_branch_node_speed,all_interior,coexact,coexact,random_tangent,metaphor_shift,metaphor_02,2,semantic_margin_delta,odd,0.20833333333333334,1,-0.02020196122202077,0.01291627649456903,0.6950039196214014,3,0.25,1.0,3,"5,6,7",0.20689655172413793,8,8
5,16,matched_betti,0.5,max_full_branch_node_speed,all_interior,coexact,coexact,random_tangent,metaphor_shift,metaphor_03,2,semantic_margin_delta,odd,0.20833333333333334,1,0.25291653498825406,0.07295175240419438,0.3997285987730708,3,0.25,1.0,3,"5,6,7",0.19999999999999998,8,8
5,16,matched_betti,0.5,max_full_branch_node_speed,all_interior,coexact,coexact,random_tangent,metaphor_shift,metaphor_04,2,semantic_margin_delta,odd,0.20833333333333334,1,0.057097461431864206,0.012254996552052259,0.30865117148305177,3,0.25,1.0,1,6,0.21428571428571427,8,8
5,16,matched_betti,0.5,max_full_branch_node_speed,all_interior,coexact,coexact,random_tangent,metaphor_shift,metaphor_05,2,semantic_margin_delta,odd,0.20833333333333334,1,0.5784294650000886,0.040399066145707756,0.10500842820288804,3,0.25,1.0,2,"5,6",0.2037037037037037,8,8
5,16,matched_betti,0.5,max_full_branch_node_speed,all_interior,coexact,coexact,random_tangent,ontology_collapse,ontology_01,2,semantic_margin_delta,odd,0.20833333333333334,1,-0.5899670052764312,0.16098988150445426,0.3813743523554445,3,0.25,1.0,2,"6,7",0.20967741935483866,8,8
5,16,matched_betti,0.5,max_full_branch_node_speed,all_interior,coexact,coexact,random_tangent,ontology_collapse,ontology_02,2,semantic_margin_delta,odd,0.20833333333333334,1,0.0037161975705810486,0.043037499198706565,0.9983729882619781,3,0.25,1.0,2,"5,6",0.19642857142857142,8,8
5,16,matched_betti,0.5,max_full_branch_node_speed,all_interior,coexact,coexact,random_tangent,ontology_collapse,ontology_03,2,semantic_margin_delta,odd,0.20833333333333334,1,0.755680959633038,0.006880917424359915,0.013765046709222848,3,0.25,1.0,2,"5,6",0.18965517241379307,8,8
5,16,matched_betti,0.5,max_full_branch_node_speed,all_interior,coexact,coexact,random_tangent,ontology_collapse,ontology_04,2,semantic_margin_delta,odd,0.20833333333333334,1,-0.3154603697294555,0.011559053404052966,0.05531247093610599,3,0.25,1.0,3,"5,6,7",0.20689655172413793,8,8
5,16,matched_betti,0.5,max_full_branch_node_speed,all_interior,coexact,coexact,random_tangent,ontology_collapse,ontology_05,2,semantic_margin_delta,odd,0.20833333333333334,1,0.06066286780683433,0.00797634894634748,0.19497385267695144,3,0.25,1.0,2,"5,6",0.19642857142857142,8,8
5,16,matched_betti,0.5,max_full_branch_node_speed,all_interior,coexact,coexact,random_tangent,identity_stress,identity_01,3,semantic_margin_delta,odd,0.2916666666666667,1,-0.6596461014294922,0.11398191093857378,0.2527553981076874,3,0.25,1.0,3,"9,10,11",0.29411764705882354,8,8
5,16,matched_betti,0.5,max_full_branch_node_speed,all_interior,coexact,coexact,random_tangent,identity_stress,identity_02,3,semantic_margin_delta,odd,0.2916666666666667,1,0.48356532477063763,0.03413637580886294,0.10612404021724878,3,0.25,1.0,3,"8,9,10",0.2903225806451613,8,8
5,16,matched_betti,0.5,max_full_branch_node_speed,all_interior,coexact,coexact,random_tangent,identity_stress,identity_03,3,semantic_margin_delta,odd,0.2916666666666667,1,-0.09317813894204421,0.037046355143763976,0.5151850615596402,3,0.25,1.0,3,"8,9,10",0.2903225806451613,8,8
5,16,matched_betti,0.5,max_full_branch_node_speed,all_interior,coexact,coexact,random_tangent,identity_stress,identity_04,3,semantic_margin_delta,odd,0.2916666666666667,1,0.3071112955944628,0.01941602249637476,0.09514820978859959,3,0.25,1.0,3,"7,8,9",0.28571428571428575,8,8
5,16,matched_betti,0.5,max_full_branch_node_speed,all_interior,coexact,coexact,random_tangent,identity_stress,identity_05,3,semantic_margin_delta,odd,0.2916666666666667,1,0.267695095542591,0.017252298685197797,0.0969763247085596,3,0.25,1.0,3,"7,8,9",0.28571428571428575,8,8
5,16,matched_betti,0.5,max_full_branch_node_speed,all_interior,coexact,coexact,random_tangent,literal_stable,literal_01,3,semantic_margin_delta,odd,0.2916666666666667,1,0.028090960413687627,0.01395372105034618,0.6005067541955202,3,0.25,1.0,2,"9,10",0.28787878787878785,8,8
5,16,matched_betti,0.5,max_full_branch_node_speed,all_interior,coexact,coexact,random_tangent,literal_stable,literal_02,3,semantic_margin_delta,odd,0.2916666666666667,1,-0.03110792356507431,0.09358800207028316,0.9766738090179399,3,0.25,1.0,3,"7,8,9",0.28571428571428575,8,8
5,16,matched_betti,0.5,max_full_branch_node_speed,all_interior,coexact,coexact,random_tangent,literal_stable,literal_03,3,semantic_margin_delta,odd,0.2916666666666667,1,0.25558537311476914,0.006650188396853494,0.039307295031969405,3,0.25,1.0,2,"7,8",0.2777777777777778,8,8
5,16,matched_betti,0.5,max_full_branch_node_speed,all_interior,coexact,coexact,random_tangent,literal_stable,literal_04,3,semantic_margin_delta,odd,0.2916666666666667,1,-0.04314384869269024,0.045102012655609945,0.845053039376166,3,0.25,1.0,2,"7,8",0.30000000000000004,8,8
5,16,matched_betti,0.5,max_full_branch_node_speed,all_interior,coexact,coexact,random_tangent,literal_stable,literal_05,3,semantic_margin_delta,odd,0.2916666666666667,1,0.02882826291651845,0.07343360381622313,0.9679015314753279,3,0.25,1.0,2,"7,8",0.28846153846153844,8,8
5,16,matched_betti,0.5,max_full_branch_node_speed,all_interior,coexact,coexact,random_tangent,metaphor_shift,metaphor_01,3,semantic_margin_delta,odd,0.2916666666666667,1,1.1207768047920468,0.015450751049088919,0.020837572562660975,3,0.25,1.0,2,"10,11",0.3088235294117647,8,8
5,16,matched_betti,0.5,max_full_branch_node_speed,all_interior,coexact,coexact,random_tangent,metaphor_shift,metaphor_02,3,semantic_margin_delta,odd,0.2916666666666667,1,-0.6368390182238746,0.08690064035018691,0.20204756128277046,3,0.25,1.0,2,"8,9",0.2931034482758621,8,8
5,16,matched_betti,0.5,max_full_branch_node_speed,all_interior,coexact,coexact,random_tangent,metaphor_shift,metaphor_03,3,semantic_margin_delta,odd,0.2916666666666667,1,0.05310132417031023,0.01231022817133436,0.3307596975797528,3,0.25,1.0,2,"8,9",0.2833333333333333,8,8
5,16,matched_betti,0.5,max_full_branch_node_speed,all_interior,coexact,coexact,random_tangent,metaphor_shift,metaphor_04,3,semantic_margin_delta,odd,0.2916666666666667,1,0.34652306132733834,0.003519798583720583,0.015354845039898184,3,0.25,1.0,3,"7,8,9",0.28571428571428575,8,8
5,16,matched_betti,0.5,max_full_branch_node_speed,all_interior,coexact,coexact,random_tangent,metaphor_shift,metaphor_05,3,semantic_margin_delta,odd,0.2916666666666667,1,-0.03787899142193239,0.02794353621143311,0.744545969959723,3,0.25,1.0,2,"7,8",0.2777777777777778,8,8
5,16,matched_betti,0.5,max_full_branch_node_speed,all_interior,coexact,coexact,random_tangent,ontology_collapse,ontology_01,3,semantic_margin_delta,odd,0.2916666666666667,1,-0.6665208789842547,0.05880596767639293,0.13221751439753276,3,0.25,1.0,3,"8,9,10",0.2903225806451613,8,8
5,16,matched_betti,0.5,max_full_branch_node_speed,all_interior,coexact,coexact,random_tangent,ontology_collapse,ontology_02,3,semantic_margin_delta,odd,0.2916666666666667,1,-0.3801834753647473,0.03994348200103114,0.15687468949331773,3,0.25,1.0,2,"7,8",0.26785714285714285,8,8
5,16,matched_betti,0.5,max_full_branch_node_speed,all_interior,coexact,coexact,random_tangent,ontology_collapse,ontology_03,3,semantic_margin_delta,odd,0.2916666666666667,1,0.06921036723257537,0.058928311657425805,0.7897078247451865,3,0.25,1.0,2,"8,9",0.2931034482758621,8,8
5,16,matched_betti,0.5,max_full_branch_node_speed,all_interior,coexact,coexact,random_tangent,ontology_collapse,ontology_04,3,semantic_margin_delta,odd,0.2916666666666667,1,0.1855997265143319,0.09216066652345765,0.6003695631830489,3,0.25,1.0,2,"8,9",0.2931034482758621,8,8
5,16,matched_betti,0.5,max_full_branch_node_speed,all_interior,coexact,coexact,random_tangent,ontology_collapse,ontology_05,3,semantic_margin_delta,odd,0.2916666666666667,1,0.22627832357510919,0.017562516598707112,0.11654273737444643,3,0.25,1.0,3,"7,8,9",0.28571428571428575,8,8
5,16,matched_betti,0.5,max_full_branch_node_speed,all_interior,coexact,coexact,random_tangent,identity_stress,identity_01,4,semantic_margin_delta,odd,0.375,1,0.11954700551832007,0.04465126503061766,0.4917056899905015,3,0.25,1.0,3,"12,13,14",0.38235294117647056,8,8
5,16,matched_betti,0.5,max_full_branch_node_speed,all_interior,coexact,coexact,random_tangent,identity_stress,identity_02,4,semantic_margin_delta,odd,0.375,1,-0.47863145311733646,0.029704262991429174,0.09341685034495101,3,0.25,1.0,1,12,0.3870967741935483,8,8
5,16,matched_betti,0.5,max_full_branch_node_speed,all_interior,coexact,coexact,random_tangent,identity_stress,identity_03,4,semantic_margin_delta,odd,0.375,1,-0.09970201098101794,0.03156517271609802,0.4317388343289057,3,0.25,1.0,2,"11,12",0.3709677419354838,8,8
5,16,matched_betti,0.5,max_full_branch_node_speed,all_interior,coexact,coexact,random_tangent,identity_stress,identity_04,4,semantic_margin_delta,odd,0.375,1,-0.543578877321102,0.02795197532612207,0.07750905171959152,3,0.25,1.0,2,"10,11",0.375,8,8
5,16,matched_betti,0.5,max_full_branch_node_speed,all_interior,coexact,coexact,random_tangent,identity_stress,identity_05,4,semantic_margin_delta,odd,0.375,1,-0.22266588667961865,0.010176589056702937,0.0689326923103765,3,0.25,1.0,2,"10,11",0.375,8,8
5,16,matched_betti,0.5,max_full_branch_node_speed,all_interior,coexact,coexact,random_tangent,literal_stable,literal_01,4,semantic_margin_delta,odd,0.375,1,-0.10761788125271823,0.08121812014059537,0.7520410145325974,3,0.25,1.0,3,"11,12,13",0.3636363636363636,8,8
5,16,matched_betti,0.5,max_full_branch_node_speed,all_interior,coexact,coexact,random_tangent,literal_stable,literal_02,4,semantic_margin_delta,odd,0.375,1,0.6597283171568775,0.035159981451325775,0.08031363559816099,3,0.25,1.0,2,"10,11",0.375,8,8
5,16,matched_betti,0.5,max_full_branch_node_speed,all_interior,coexact,coexact,random_tangent,literal_stable,literal_03,4,semantic_margin_delta,odd,0.375,1,-0.12492957452976058,0.03272502753751079,0.36820480088581575,3,0.25,1.0,3,"9,10,11",0.3703703703703704,8,8
5,16,matched_betti,0.5,max_full_branch_node_speed,all_interior,coexact,coexact,random_tangent,literal_stable,literal_04,4,semantic_margin_delta,odd,0.375,1,-0.8708416778578263,0.06756517065472026,0.11650035953456916,3,0.25,1.0,2,"9,10",0.38000000000000006,8,8
5,16,matched_betti,0.5,max_full_branch_node_speed,all_interior,coexact,coexact,random_tangent,literal_stable,literal_05,4,semantic_margin_delta,odd,0.375,1,-0.027250607811893996,0.07998290400570626,0.975535441306178,3,0.25,1.0,2,"9,10",0.3653846153846154,8,8
5,16,matched_betti,0.5,max_full_branch_node_speed,all_interior,coexact,coexact,random_tangent,metaphor_shift,metaphor_01,4,semantic_margin_delta,odd,0.375,1,-0.4749552526268034,0.07983037646547514,0.24628540216041864,3,0.25,1.0,3,"12,13,14",0.38235294117647056,8,8
5,16,matched_betti,0.5,max_full_branch_node_speed,all_interior,coexact,coexact,random_tangent,metaphor_shift,metaphor_02,4,semantic_margin_delta,odd,0.375,1,0.2996131667212286,0.048603028719354145,0.2381935521161655,3,0.25,1.0,3,"10,11,12",0.37931034482758624,8,8
5,16,matched_betti,0.5,max_full_branch_node_speed,all_interior,coexact,coexact,random_tangent,metaphor_shift,metaphor_03,4,semantic_margin_delta,odd,0.375,1,0.23228619820533347,0.012054457622869193,0.07821727206043953,3,0.25,1.0,3,"10,11,12",0.3666666666666667,8,8
5,16,matched_betti,0.5,max_full_branch_node_speed,all_interior,coexact,coexact,random_tangent,metaphor_shift,metaphor_04,4,semantic_margin_delta,odd,0.375,1,0.3547161833209387,0.0065990470913479165,0.028115090271395356,3,0.25,1.0,2,"10,11",0.375,8,8
5,16,matched_betti,0.5,max_full_branch_node_speed,all_interior,coexact,coexact,random_tangent,metaphor_shift,metaphor_05,4,semantic_margin_delta,odd,0.375,1,0.19712695950836076,0.04074271771887605,0.29825304500178385,3,0.25,1.0,3,"9,10,11",0.3703703703703704,8,8
5,16,matched_betti,0.5,max_full_branch_node_speed,all_interior,coexact,coexact,random_tangent,ontology_collapse,ontology_01,4,semantic_margin_delta,odd,0.375,1,0.4665870194662523,0.14280826141803932,0.41995263368177094,3,0.25,1.0,1,12,0.3870967741935483,8,8
5,16,matched_betti,0.5,max_full_branch_node_speed,all_interior,coexact,coexact,random_tangent,ontology_collapse,ontology_02,4,semantic_margin_delta,odd,0.375,1,0.2282639410886057,0.020888009823615623,0.13704203654276312,3,0.25,1.0,2,"10,11",0.375,8,8
5,16,matched_betti,0.5,max_full_branch_node_speed,all_interior,coexact,coexact,random_tangent,ontology_collapse,ontology_03,4,semantic_margin_delta,odd,0.375,1,-0.5842233962978589,0.03524315869610894,0.09082556604305445,3,0.25,1.0,3,"10,11,12",0.37931034482758624,8,8
5,16,matched_betti,0.5,max_full_branch_node_speed,all_interior,coexact,coexact,random_tangent,ontology_collapse,ontology_04,4,semantic_margin_delta,odd,0.375,1,-0.23461360026186476,0.021698721812137566,0.13848008419725533,3,0.25,1.0,3,"10,11,12",0.37931034482758624,8,8
5,16,matched_betti,0.5,max_full_branch_node_speed,all_interior,coexact,coexact,random_tangent,ontology_collapse,ontology_05,4,semantic_margin_delta,odd,0.375,1,-0.23998377307531019,0.01621946877011237,0.10165068160618981,3,0.25,1.0,1,10,0.35714285714285715,8,8
5,16,matched_betti,0.5,max_full_branch_node_speed,all_interior,coexact,coexact,random_tangent,identity_stress,identity_01,5,semantic_margin_delta,odd,0.4583333333333333,1,-0.17907912181197932,0.07258655460195589,0.522501086152003,3,0.25,1.0,2,"15,16",0.45588235294117646,8,8
5,16,matched_betti,0.5,max_full_branch_node_speed,all_interior,coexact,coexact,random_tangent,identity_stress,identity_02,5,semantic_margin_delta,odd,0.4583333333333333,1,0.1034347940780812,0.029564786347487645,0.3966808279795525,3,0.25,1.0,3,"13,14,15",0.4516129032258065,8,8
5,16,matched_betti,0.5,max_full_branch_node_speed,all_interior,coexact,coexact,random_tangent,identity_stress,identity_03,5,semantic_margin_delta,odd,0.4583333333333333,1,0.21923243535052084,0.04028668163875544,0.2676840070144337,3,0.25,1.0,3,"13,14,15",0.4516129032258065,8,8
5,16,matched_betti,0.5,max_full_branch_node_speed,all_interior,coexact,coexact,random_tangent,identity_stress,identity_04,5,semantic_margin_delta,odd,0.4583333333333333,1,-0.03369807111003255,0.2516597746815722,0.9961007184838347,3,0.25,1.0,1,12,0.42857142857142855,8,8
5,16,matched_betti,0.5,max_full_branch_node_speed,all_interior,coexact,coexact,random_tangent,identity_stress,identity_05,5,semantic_margin_delta,odd,0.4583333333333333,1,-0.09428328545953188,0.012005893285874219,0.18904628876538895,3,0.25,1.0,2,"12,13",0.4464285714285714,8,8
5,16,matched_betti,0.5,max_full_branch_node_speed,all_interior,coexact,coexact,random_tangent,literal_stable,literal_01,5,semantic_margin_delta,odd,0.4583333333333333,1,-0.5489528415485919,0.019362670176950737,0.0532506064749539,3,0.25,1.0,3,"14,15,16",0.4545454545454546,8,8
5,16,matched_betti,0.5,max_full_branch_node_speed,all_interior,coexact,coexact,random_tangent,literal_stable,literal_02,5,semantic_margin_delta,odd,0.4583333333333333,1,-0.5072744781054299,0.021928738031851195,0.06521628644259948,3,0.25,1.0,2,"12,13",0.4464285714285714,8,8
5,16,matched_betti,0.5,max_full_branch_node_speed,all_interior,coexact,coexact,random_tangent,literal_stable,literal_03,5,semantic_margin_delta,odd,0.4583333333333333,1,-0.5046736431838644,0.025399547451185667,0.0758704646676497,3,0.25,1.0,2,"12,13",0.46296296296296297,8,8
5,16,matched_betti,0.5,max_full_branch_node_speed,all_interior,coexact,coexact,random_tangent,literal_stable,literal_04,5,semantic_margin_delta,odd,0.4583333333333333,1,0.04683107399892537,0.01708987041162927,0.48307191804488253,3,0.25,1.0,2,"11,12",0.45999999999999996,8,8
5,16,matched_betti,0.5,max_full_branch_node_speed,all_interior,coexact,coexact,random_tangent,literal_stable,literal_05,5,semantic_margin_delta,odd,0.4583333333333333,1,0.11641337820798171,0.057072627429137164,0.595466236824483,3,0.25,1.0,2,"11,12",0.4423076923076923,8,8
5,16,matched_betti,0.5,max_full_branch_node_speed,all_interior,coexact,coexact,random_tangent,metaphor_shift,metaphor_01,5,semantic_margin_delta,odd,0.4583333333333333,1,-0.2378604241125347,0.008759127180755466,0.05558755804825478,3,0.25,1.0,1,16,0.4705882352941176,8,8
5,16,matched_betti,0.5,max_full_branch_node_speed,all_interior,coexact,coexact,random_tangent,metaphor_shift,metaphor_02,5,semantic_margin_delta,odd,0.4583333333333333,1,-1.1515545770815019,0.07119756640928471,0.0930684602926541,3,0.25,1.0,2,"13,14",0.46551724137931033,8,8
5,16,matched_betti,0.5,max_full_branch_node_speed,all_interior,coexact,coexact,random_tangent,metaphor_shift,metaphor_03,5,semantic_margin_delta,odd,0.4583333333333333,1,0.5943334466257191,0.01681686829915103,0.04273944774206965,3,0.25,1.0,2,"13,14",0.45,8,8
5,16,matched_betti,0.5,max_full_branch_node_speed,all_interior,coexact,coexact,random_tangent,metaphor_shift,metaphor_04,5,semantic_margin_delta,odd,0.4583333333333333,1,-0.12999336190173447,0.057491028215702955,0.5558331575157905,3,0.25,1.0,1,12,0.42857142857142855,8,8
5,16,matched_betti,0.5,max_full_branch_node_speed,all_interior,coexact,coexact,random_tangent,metaphor_shift,metaphor_05,5,semantic_margin_delta,odd,0.4583333333333333,1,-0.10962742014666708,0.06202425497324486,0.6500138043991728,3,0.25,1.0,2,"12,13",0.46296296296296297,8,8
5,16,matched_betti,0.5,max_full_branch_node_speed,all_interior,coexact,coexact,random_tangent,ontology_collapse,ontology_01,5,semantic_margin_delta,odd,0.4583333333333333,1,-0.24162237363507508,0.10751717460910086,0.5581878707224248,3,0.25,1.0,3,"13,14,15",0.4516129032258065,8,8
5,16,matched_betti,0.5,max_full_branch_node_speed,all_interior,coexact,coexact,random_tangent,ontology_collapse,ontology_02,5,semantic_margin_delta,odd,0.4583333333333333,1,0.06867453848296415,0.05798938879472566,0.7872351951327012,3,0.25,1.0,2,"12,13",0.4464285714285714,8,8
5,16,matched_betti,0.5,max_full_branch_node_speed,all_interior,coexact,coexact,random_tangent,ontology_collapse,ontology_03,5,semantic_margin_delta,odd,0.4583333333333333,1,0.08426867467723487,0.04526905724227069,0.6304377147649628,3,0.25,1.0,2,"13,14",0.46551724137931033,8,8
5,16,matched_betti,0.5,max_full_branch_node_speed,all_interior,coexact,coexact,random_tangent,ontology_collapse,ontology_04,5,semantic_margin_delta,odd,0.4583333333333333,1,-0.7112399890610871,0.04918389185097227,0.10398173769679214,3,0.25,1.0,2,"13,14",0.46551724137931033,8,8
5,16,matched_betti,0.5,max_full_branch_node_speed,all_interior,coexact,coexact,random_tangent,ontology_collapse,ontology_05,5,semantic_margin_delta,odd,0.4583333333333333,1,-0.14777831506064548,0.012580833369402694,0.12765618670477696,3,0.25,1.0,2,"12,13",0.4464285714285714,8,8
5,16,matched_betti,0.5,max_full_branch_node_speed,all_interior,coexact,coexact,random_tangent,identity_stress,identity_01,6,semantic_margin_delta,odd,0.5416666666666666,1,-0.4517330547843902,0.06796690941768371,0.22180522249290854,3,0.25,1.0,3,"17,18,19",0.5294117647058824,8,8
5,16,matched_betti,0.5,max_full_branch_node_speed,all_interior,coexact,coexact,random_tangent,identity_stress,identity_02,6,semantic_margin_delta,odd,0.5416666666666666,1,0.896993941373117,0.020377311480245193,0.034325142475071874,3,0.25,1.0,2,"16,17",0.532258064516129,8,8
5,16,matched_betti,0.5,max_full_branch_node_speed,all_interior,coexact,coexact,random_tangent,identity_stress,identity_03,6,semantic_margin_delta,odd,0.5416666666666666,1,0.08415381889817249,0.04945153293468059,0.664166782151857,3,0.25,1.0,3,"16,17,18",0.5483870967741935,8,8
5,16,matched_betti,0.5,max_full_branch_node_speed,all_interior,coexact,coexact,random_tangent,identity_stress,identity_04,6,semantic_margin_delta,odd,0.5416666666666666,1,0.10724131976589585,0.01829387450392081,0.24973037090474245,3,0.25,1.0,3,"14,15,16",0.5357142857142857,8,8
5,16,matched_betti,0.5,max_full_branch_node_speed,all_interior,coexact,coexact,random_tangent,identity_stress,identity_05,6,semantic_margin_delta,odd,0.5416666666666666,1,-0.3973527750282172,0.037563754154087275,0.14148575331539676,3,0.25,1.0,3,"14,15,16",0.5357142857142857,8,8
5,16,matched_betti,0.5,max_full_branch_node_speed,all_interior,coexact,coexact,random_tangent,literal_stable,literal_01,6,semantic_margin_delta,odd,0.5416666666666666,1,-0.7157298814098035,0.01794605548710345,0.03788078831044109,3,0.25,1.0,3,"17,18,19",0.5454545454545454,8,8
5,16,matched_betti,0.5,max_full_branch_node_speed,all_interior,coexact,coexact,random_tangent,literal_stable,literal_02,6,semantic_margin_delta,odd,0.5416666666666666,1,-0.0037569200807001206,0.0144755719799489,0.9855831959433068,3,0.25,1.0,3,"14,15,16",0.5357142857142857,8,8
5,16,matched_betti,0.5,max_full_branch_node_speed,all_interior,coexact,coexact,random_tangent,literal_stable,literal_03,6,semantic_margin_delta,odd,0.5416666666666666,1,-0.09607261994770563,0.013601132247674425,0.20929542315666014,3,0.25,1.0,2,"14,15",0.537037037037037,8,8
5,16,matched_betti,0.5,max_full_branch_node_speed,all_interior,coexact,coexact,random_tangent,literal_stable,literal_04,6,semantic_margin_delta,odd,0.5416666666666666,1,-0.2854310360988602,0.01510216632838873,0.0797377492707255,3,0.25,1.0,2,"13,14",0.54,8,8
5,16,matched_betti,0.5,max_full_branch_node_speed,all_interior,coexact,coexact,random_tangent,literal_stable,literal_05,6,semantic_margin_delta,odd,0.5416666666666666,1,-0.21496858310668504,0.021626904327864523,0.15037095761620142,3,0.25,1.0,3,"13,14,15",0.5384615384615384,8,8
5,16,matched_betti,0.5,max_full_branch_node_speed,all_interior,coexact,coexact,random_tangent,metaphor_shift,metaphor_01,6,semantic_margin_delta,odd,0.5416666666666666,1,0.7675340809155576,0.010029370878629583,0.019751599139244305,3,0.25,1.0,3,"17,18,19",0.5294117647058824,8,8
5,16,matched_betti,0.5,max_full_branch_node_speed,all_interior,coexact,coexact,random_tangent,metaphor_shift,metaphor_02,6,semantic_margin_delta,odd,0.5416666666666666,1,-0.9257474277872904,0.0473258336327881,0.07705901371708263,3,0.25,1.0,2,"15,16",0.5344827586206897,8,8
5,16,matched_betti,0.5,max_full_branch_node_speed,all_interior,coexact,coexact,random_tangent,metaphor_shift,metaphor_03,6,semantic_margin_delta,odd,0.5416666666666666,1,0.10453102822462162,0.032102912401394665,0.4211311387297919,3,0.25,1.0,2,"16,17",0.55,8,8
5,16,matched_betti,0.5,max_full_branch_node_speed,all_interior,coexact,coexact,random_tangent,metaphor_shift,metaphor_04,6,semantic_margin_delta,odd,0.5416666666666666,1,-0.14582036071036256,0.010486288414459515,0.10808437191758137,3,0.25,1.0,3,"14,15,16",0.5357142857142857,8,8
5,16,matched_betti,0.5,max_full_branch_node_speed,all_interior,coexact,coexact,random_tangent,metaphor_shift,metaphor_05,6,semantic_margin_delta,odd,0.5416666666666666,1,-0.08240492184960166,0.04420291517017986,0.6298800040387761,3,0.25,1.0,2,"14,15",0.537037037037037,8,8
5,16,matched_betti,0.5,max_full_branch_node_speed,all_interior,coexact,coexact,random_tangent,ontology_collapse,ontology_01,6,semantic_margin_delta,odd,0.5416666666666666,1,-0.15144263351201348,0.07375809908800622,0.5929317735670993,3,0.25,1.0,3,"16,17,18",0.5483870967741935,8,8
5,16,matched_betti,0.5,max_full_branch_node_speed,all_interior,coexact,coexact,random_tangent,ontology_collapse,ontology_02,6,semantic_margin_delta,odd,0.5416666666666666,1,0.3287409605717463,0.014650035899278505,0.06722214527186779,3,0.25,1.0,3,"14,15,16",0.5357142857142857,8,8
5,16,matched_betti,0.5,max_full_branch_node_speed,all_interior,coexact,coexact,random_tangent,ontology_collapse,ontology_03,6,semantic_margin_delta,odd,0.5416666666666666,1,-0.2898010390112993,0.035467212540914894,0.18194007876902718,3,0.25,1.0,2,"15,16",0.5344827586206897,8,8
5,16,matched_betti,0.5,max_full_branch_node_speed,all_interior,coexact,coexact,random_tangent,ontology_collapse,ontology_04,6,semantic_margin_delta,odd,0.5416666666666666,1,0.18703330095088488,0.008719240789240997,0.07030637179176082,3,0.25,1.0,1,16,0.5517241379310345,8,8
5,16,matched_betti,0.5,max_full_branch_node_speed,all_interior,coexact,coexact,random_tangent,ontology_collapse,ontology_05,6,semantic_margin_delta,odd,0.5416666666666666,1,0.7159253440030274,0.02105594850994628,0.044421082639821204,3,0.25,1.0,2,"15,16",0.5535714285714286,8,8
5,16,matched_betti,0.5,max_full_branch_node_speed,all_interior,coexact,coexact,random_tangent,identity_stress,identity_01,7,semantic_margin_delta,odd,0.625,1,0.06272665974132229,0.020047077980497267,0.4350575038412934,3,0.25,1.0,3,"20,21,22",0.6176470588235294,8,8
5,16,matched_betti,0.5,max_full_branch_node_speed,all_interior,coexact,coexact,random_tangent,identity_stress,identity_02,7,semantic_margin_delta,odd,0.625,1,0.26279243161072413,0.07108379175987119,0.37851999000572795,3,0.25,1.0,2,"19,20",0.6290322580645161,8,8
5,16,matched_betti,0.5,max_full_branch_node_speed,all_interior,coexact,coexact,random_tangent,identity_stress,identity_03,7,semantic_margin_delta,odd,0.625,1,0.569806246004592,0.01804997104485549,0.047836874158693296,3,0.25,1.0,2,"19,20",0.6290322580645161,8,8
5,16,matched_betti,0.5,max_full_branch_node_speed,all_interior,coexact,coexact,random_tangent,identity_stress,identity_04,7,semantic_margin_delta,odd,0.625,1,-0.31388715066629314,0.15658434127809076,0.6021432309853932,3,0.25,1.0,1,17,0.6071428571428571,8,8
5,16,matched_betti,0.5,max_full_branch_node_speed,all_interior,coexact,coexact,random_tangent,identity_stress,identity_05,7,semantic_margin_delta,odd,0.625,1,0.3069767407821247,0.006778748328242064,0.03336668937586832,3,0.25,1.0,2,"17,18",0.625,8,8
5,16,matched_betti,0.5,max_full_branch_node_speed,all_interior,coexact,coexact,random_tangent,literal_stable,literal_01,7,semantic_margin_delta,odd,0.625,1,0.532457523159478,0.07897494564437037,0.2188073689601305,3,0.25,1.0,2,"20,21",0.6212121212121212,8,8
5,16,matched_betti,0.5,max_full_branch_node_speed,all_interior,coexact,coexact,random_tangent,literal_stable,literal_02,7,semantic_margin_delta,odd,0.625,1,0.18222796397546498,0.04685432901102012,0.3623158891711002,3,0.25,1.0,2,"17,18",0.625,8,8
5,16,matched_betti,0.5,max_full_branch_node_speed,all_interior,coexact,coexact,random_tangent,literal_stable,literal_03,7,semantic_margin_delta,odd,0.625,1,0.8194791301905741,0.013393551613483448,0.02470223706845162,3,0.25,1.0,2,"16,17",0.6111111111111112,8,8
5,16,matched_betti,0.5,max_full_branch_node_speed,all_interior,coexact,coexact,random_tangent,literal_stable,literal_04,7,semantic_margin_delta,odd,0.625,1,-0.4442679251090573,0.018121153007960817,0.06154994049912082,3,0.25,1.0,2,"15,16",0.62,8,8
5,16,matched_betti,0.5,max_full_branch_node_speed,all_interior,coexact,coexact,random_tangent,literal_stable,literal_05,7,semantic_margin_delta,odd,0.625,1,-0.5328933029791555,0.10056841922728321,0.27437063903396275,3,0.25,1.0,2,"16,17",0.6346153846153846,8,8
5,16,matched_betti,0.5,max_full_branch_node_speed,all_interior,coexact,coexact,random_tangent,metaphor_shift,metaphor_01,7,semantic_margin_delta,odd,0.625,1,-0.3859946302139197,0.12443502063054306,0.4381188615114199,3,0.25,1.0,2,"20,21",0.6029411764705883,8,8
5,16,matched_betti,0.5,max_full_branch_node_speed,all_interior,coexact,coexact,random_tangent,metaphor_shift,metaphor_02,7,semantic_margin_delta,odd,0.625,1,0.21099985116510153,0.029203643663741233,0.20481426610590767,3,0.25,1.0,3,"17,18,19",0.6206896551724138,8,8
5,16,matched_betti,0.5,max_full_branch_node_speed,all_interior,coexact,coexact,random_tangent,metaphor_shift,metaphor_03,7,semantic_margin_delta,odd,0.625,1,0.39251376159847584,0.022098341834291716,0.08481022889899147,3,0.25,1.0,2,"18,19",0.6166666666666667,8,8
5,16,matched_betti,0.5,max_full_branch_node_speed,all_interior,coexact,coexact,random_tangent,metaphor_shift,metaphor_04,7,semantic_margin_delta,odd,0.625,1,-0.11103651219678434,0.004622332805397723,0.06281276830088244,3,0.25,1.0,2,"17,18",0.625,8,8
5,16,matched_betti,0.5,max_full_branch_node_speed,all_interior,coexact,coexact,random_tangent,metaphor_shift,metaphor_05,7,semantic_margin_delta,odd,0.625,1,0.5329866717134232,0.02785364942827482,0.07876357412043485,3,0.25,1.0,2,"16,17",0.6111111111111112,8,8
5,16,matched_betti,0.5,max_full_branch_node_speed,all_interior,coexact,coexact,random_tangent,ontology_collapse,ontology_01,7,semantic_margin_delta,odd,0.625,1,0.1522990985990432,0.05245407935654613,0.4618458485318928,3,0.25,1.0,2,"19,20",0.6290322580645161,8,8
5,16,matched_betti,0.5,max_full_branch_node_speed,all_interior,coexact,coexact,random_tangent,ontology_collapse,ontology_02,7,semantic_margin_delta,odd,0.625,1,-0.5722738385524119,0.04079707858794062,0.1071588906322477,3,0.25,1.0,2,"17,18",0.625,8,8
5,16,matched_betti,0.5,max_full_branch_node_speed,all_interior,coexact,coexact,random_tangent,ontology_collapse,ontology_03,7,semantic_margin_delta,odd,0.625,1,0.27746703109853027,0.0024181110707071924,0.01317462115968688,3,0.25,1.0,3,"17,18,19",0.6206896551724138,8,8
5,16,matched_betti,0.5,max_full_branch_node_speed,all_interior,coexact,coexact,random_tangent,ontology_collapse,ontology_04,7,semantic_margin_delta,odd,0.625,1,0.25430945138210903,0.017507355281001846,0.1035212165411885,3,0.25,1.0,3,"17,18,19",0.6206896551724138,8,8
5,16,matched_betti,0.5,max_full_branch_node_speed,all_interior,coexact,coexact,random_tangent,ontology_collapse,ontology_05,7,semantic_margin_delta,odd,0.625,1,-0.14732928341224033,0.014376872338877857,0.14595220197797004,3,0.25,1.0,2,"17,18",0.625,8,8
5,16,matched_betti,0.5,max_full_branch_node_speed,all_interior,coexact,coexact,random_tangent,identity_stress,identity_01,8,semantic_margin_delta,odd,0.7083333333333334,1,-0.046599025619831765,0.021114581145516037,0.5651505263421639,3,0.25,1.0,3,"23,24,25",0.7058823529411765,8,8
5,16,matched_betti,0.5,max_full_branch_node_speed,all_interior,coexact,coexact,random_tangent,identity_stress,identity_02,8,semantic_margin_delta,odd,0.7083333333333334,1,-0.04387730781687643,0.026778788676034695,0.6781317034039936,3,0.25,1.0,3,"21,22,23",0.7096774193548386,8,8
5,16,matched_betti,0.5,max_full_branch_node_speed,all_interior,coexact,coexact,random_tangent,identity_stress,identity_03,8,semantic_margin_delta,odd,0.7083333333333334,1,0.04626118352111415,0.006691617018453581,0.2136392430261642,3,0.25,1.0,3,"21,22,23",0.7096774193548386,8,8
5,16,matched_betti,0.5,max_full_branch_node_speed,all_interior,coexact,coexact,random_tangent,identity_stress,identity_04,8,semantic_margin_delta,odd,0.7083333333333334,1,0.4830757864580356,0.06059638284595709,0.18632442029821703,3,0.25,1.0,2,"19,20",0.6964285714285715,8,8
5,16,matched_betti,0.5,max_full_branch_node_speed,all_interior,coexact,coexact,random_tangent,identity_stress,identity_05,8,semantic_margin_delta,odd,0.7083333333333334,1,0.5749591379089474,0.03997919537093463,0.10454937213737578,3,0.25,1.0,2,"19,20",0.6964285714285715,8,8
5,16,matched_betti,0.5,max_full_branch_node_speed,all_interior,coexact,coexact,random_tangent,literal_stable,literal_01,8,semantic_margin_delta,odd,0.7083333333333334,1,-0.04061762738768704,0.0697420181024004,0.9331563730726733,3,0.25,1.0,3,"22,23,24",0.6969696969696969,8,8
5,16,matched_betti,0.5,max_full_branch_node_speed,all_interior,coexact,coexact,random_tangent,literal_stable,literal_02,8,semantic_margin_delta,odd,0.7083333333333334,1,-0.28380252648923576,0.10040733870902999,0.47165291727702663,3,0.25,1.0,2,"19,20",0.6964285714285715,8,8
5,16,matched_betti,0.5,max_full_branch_node_speed,all_interior,coexact,coexact,random_tangent,literal_stable,literal_03,8,semantic_margin_delta,odd,0.7083333333333334,1,-0.6871072358067275,0.07381572607188204,0.1603176386863405,3,0.25,1.0,3,"18,19,20",0.7037037037037037,8,8
5,16,matched_betti,0.5,max_full_branch_node_speed,all_interior,coexact,coexact,random_tangent,literal_stable,literal_04,8,semantic_margin_delta,odd,0.7083333333333334,1,-0.2510937856122897,0.02997609105675565,0.17761881053446166,3,0.25,1.0,2,"17,18",0.6999999999999998,8,8
5,16,matched_betti,0.5,max_full_branch_node_speed,all_interior,coexact,coexact,random_tangent,literal_stable,literal_05,8,semantic_margin_delta,odd,0.7083333333333334,1,-0.497938130535563,0.02851593454601178,0.08625841390843265,3,0.25,1.0,2,"18,19",0.7115384615384613,8,8
5,16,matched_betti,0.5,max_full_branch_node_speed,all_interior,coexact,coexact,random_tangent,metaphor_shift,metaphor_01,8,semantic_margin_delta,odd,0.7083333333333334,1,-0.23130147912522914,0.013850211075750471,0.09016055285002068,3,0.25,1.0,3,"23,24,25",0.7058823529411765,8,8
5,16,matched_betti,0.5,max_full_branch_node_speed,all_interior,coexact,coexact,random_tangent,metaphor_shift,metaphor_02,8,semantic_margin_delta,odd,0.7083333333333334,1,0.15642892368469843,0.028295103636025155,0.26378162974170855,3,0.25,1.0,2,"20,21",0.7068965517241379,8,8
5,16,matched_betti,0.5,max_full_branch_node_speed,all_interior,coexact,coexact,random_tangent,metaphor_shift,metaphor_03,8,semantic_margin_delta,odd,0.7083333333333334,1,0.0680159897398928,0.006515939063707326,0.14334048701580684,3,0.25,1.0,3,"20,21,22",0.6999999999999998,8,8
5,16,matched_betti,0.5,max_full_branch_node_speed,all_interior,coexact,coexact,random_tangent,metaphor_shift,metaphor_04,8,semantic_margin_delta,odd,0.7083333333333334,1,-0.08309402856925392,0.016823654210854574,0.29269351166681085,3,0.25,1.0,2,"19,20",0.6964285714285715,8,8
5,16,matched_betti,0.5,max_full_branch_node_speed,all_interior,coexact,coexact,random_tangent,metaphor_shift,metaphor_05,8,semantic_margin_delta,odd,0.7083333333333334,1,-0.2502343753826108,0.04595873863144365,0.2675492498646007,3,0.25,1.0,3,"18,19,20",0.7037037037037037,8,8
5,16,matched_betti,0.5,max_full_branch_node_speed,all_interior,coexact,coexact,random_tangent,ontology_collapse,ontology_01,8,semantic_margin_delta,odd,0.7083333333333334,1,-0.14669522841099406,0.023216767093958,0.23270590025201354,3,0.25,1.0,2,"21,23",0.7096774193548386,8,8
5,16,matched_betti,0.5,max_full_branch_node_speed,all_interior,coexact,coexact,random_tangent,ontology_collapse,ontology_02,8,semantic_margin_delta,odd,0.7083333333333334,1,0.5604492449212559,0.02546891106157892,0.06854289918560123,3,0.25,1.0,2,"19,20",0.6964285714285715,8,8
5,16,matched_betti,0.5,max_full_branch_node_speed,all_interior,coexact,coexact,random_tangent,ontology_collapse,ontology_03,8,semantic_margin_delta,odd,0.7083333333333334,1,-0.41581453846229655,0.008232577524697431,0.029919384836304904,3,0.25,1.0,2,"20,21",0.7068965517241379,8,8
5,16,matched_betti,0.5,max_full_branch_node_speed,all_interior,coexact,coexact,random_tangent,ontology_collapse,ontology_04,8,semantic_margin_delta,odd,0.7083333333333334,1,-0.30574356930319063,0.002119370117506719,0.010479404365668151,3,0.25,1.0,2,"20,21",0.7068965517241379,8,8
5,16,matched_betti,0.5,max_full_branch_node_speed,all_interior,coexact,coexact,random_tangent,ontology_collapse,ontology_05,8,semantic_margin_delta,odd,0.7083333333333334,1,-0.060184696393619876,0.03465619755669059,0.65661195790459,3,0.25,1.0,2,"19,20",0.6964285714285715,8,8
5,16,matched_betti,0.5,max_full_branch_node_speed,all_interior,coexact,coexact,random_tangent,identity_stress,identity_01,9,semantic_margin_delta,odd,0.7916666666666666,1,-0.038514523734378615,0.020368760536073147,0.6244854634948493,3,0.25,1.0,3,"26,27,28",0.7941176470588235,8,8
5,16,matched_betti,0.5,max_full_branch_node_speed,all_interior,coexact,coexact,random_tangent,identity_stress,identity_02,9,semantic_margin_delta,odd,0.7916666666666666,1,-0.1436649739268861,0.01811840338041535,0.18729483310141268,3,0.25,1.0,2,"24,25",0.7903225806451614,8,8
5,16,matched_betti,0.5,max_full_branch_node_speed,all_interior,coexact,coexact,random_tangent,identity_stress,identity_03,9,semantic_margin_delta,odd,0.7916666666666666,1,0.20298987909210672,0.032596919264163304,0.23592665861398665,3,0.25,1.0,2,"24,25",0.7903225806451614,8,8
5,16,matched_betti,0.5,max_full_branch_node_speed,all_interior,coexact,coexact,random_tangent,identity_stress,identity_04,9,semantic_margin_delta,odd,0.7916666666666666,1,0.025653424768382817,0.022436710281301488,0.797594278596279,3,0.25,1.0,3,"21,22,23",0.7857142857142857,8,8
5,16,matched_betti,0.5,max_full_branch_node_speed,all_interior,coexact,coexact,random_tangent,identity_stress,identity_05,9,semantic_margin_delta,odd,0.7916666666666666,1,0.545826397961754,0.013288702723319034,0.03678282049557841,3,0.25,1.0,3,"21,22,23",0.7857142857142857,8,8
5,16,matched_betti,0.5,max_full_branch_node_speed,all_interior,coexact,coexact,random_tangent,literal_stable,literal_01,9,semantic_margin_delta,odd,0.7916666666666666,1,-0.17397656114283044,0.024345848720164556,0.2069840474781335,3,0.25,1.0,3,"25,26,27",0.787878787878788,8,8
5,16,matched_betti,0.5,max_full_branch_node_speed,all_interior,coexact,coexact,random_tangent,literal_stable,literal_02,9,semantic_margin_delta,odd,0.7916666666666666,1,0.6496920776633268,0.17958791344718708,0.38559094525489623,3,0.25,1.0,1,21,0.75,8,8
5,16,matched_betti,0.5,max_full_branch_node_speed,all_interior,coexact,coexact,random_tangent,literal_stable,literal_03,9,semantic_margin_delta,odd,0.7916666666666666,1,-0.0064692688841403575,0.026083967313038837,0.9868097880719323,3,0.25,1.0,1,21,0.7777777777777778,8,8
5,16,matched_betti,0.5,max_full_branch_node_speed,all_interior,coexact,coexact,random_tangent,literal_stable,literal_04,9,semantic_margin_delta,odd,0.7916666666666666,1,0.9112318166855761,0.0028134274666174056,0.00466780911546886,3,0.25,1.0,2,"19,20",0.7799999999999999,8,8
5,16,matched_betti,0.5,max_full_branch_node_speed,all_interior,coexact,coexact,random_tangent,literal_stable,literal_05,9,semantic_margin_delta,odd,0.7916666666666666,1,-0.7847042064139798,0.008232069317914292,0.015858400892982582,3,0.25,1.0,1,20,0.7692307692307693,8,8
5,16,matched_betti,0.5,max_full_branch_node_speed,all_interior,coexact,coexact,random_tangent,metaphor_shift,metaphor_01,9,semantic_margin_delta,odd,0.7916666666666666,1,-0.014533400139539462,0.023797111814306136,0.9272070842423377,3,0.25,1.0,3,"26,27,28",0.7941176470588235,8,8
5,16,matched_betti,0.5,max_full_branch_node_speed,all_interior,coexact,coexact,random_tangent,metaphor_shift,metaphor_02,9,semantic_margin_delta,odd,0.7916666666666666,1,0.2771265169180351,0.024476735131418074,0.1323575029112045,3,0.25,1.0,3,"22,23,24",0.7931034482758621,8,8
5,16,matched_betti,0.5,max_full_branch_node_speed,all_interior,coexact,coexact,random_tangent,metaphor_shift,metaphor_03,9,semantic_margin_delta,odd,0.7916666666666666,1,0.025128307344241166,0.012491921567888137,0.6008096050808087,3,0.25,1.0,2,"23,24",0.7833333333333335,8,8
5,16,matched_betti,0.5,max_full_branch_node_speed,all_interior,coexact,coexact,random_tangent,metaphor_shift,metaphor_04,9,semantic_margin_delta,odd,0.7916666666666666,1,-0.2967403093992482,0.013914041871279852,0.07071298998984127,3,0.25,1.0,3,"21,22,23",0.7857142857142857,8,8
5,16,matched_betti,0.5,max_full_branch_node_speed,all_interior,coexact,coexact,random_tangent,metaphor_shift,metaphor_05,9,semantic_margin_delta,odd,0.7916666666666666,1,-0.43376698811427566,0.019411953160419528,0.06750437836532185,3,0.25,1.0,2,"21,22",0.7962962962962963,8,8
5,16,matched_betti,0.5,max_full_branch_node_speed,all_interior,coexact,coexact,random_tangent,ontology_collapse,ontology_01,9,semantic_margin_delta,odd,0.7916666666666666,1,0.2833731242818142,0.038434082673782136,0.20087464654037004,3,0.25,1.0,2,"24,25",0.7903225806451614,8,8
5,16,matched_betti,0.5,max_full_branch_node_speed,all_interior,coexact,coexact,random_tangent,ontology_collapse,ontology_02,9,semantic_margin_delta,odd,0.7916666666666666,1,-0.1048691372241629,0.018509882086013008,0.25782786733655394,3,0.25,1.0,3,"21,22,23",0.7857142857142857,8,8
5,16,matched_betti,0.5,max_full_branch_node_speed,all_interior,coexact,coexact,random_tangent,ontology_collapse,ontology_03,9,semantic_margin_delta,odd,0.7916666666666666,1,0.22282323792205233,0.058517439144031715,0.36901896610263807,3,0.25,1.0,2,"22,23",0.7758620689655172,8,8
5,16,matched_betti,0.5,max_full_branch_node_speed,all_interior,coexact,coexact,random_tangent,ontology_collapse,ontology_04,9,semantic_margin_delta,odd,0.7916666666666666,1,0.053030439755598575,0.006724575604430669,0.18828374300932632,3,0.25,1.0,3,"22,23,24",0.7931034482758621,8,8
5,16,matched_betti,0.5,max_full_branch_node_speed,all_interior,coexact,coexact,random_tangent,ontology_collapse,ontology_05,9,semantic_margin_delta,odd,0.7916666666666666,1,-0.21706262436973192,0.015480970443785253,0.10720474525684319,3,0.25,1.0,3,"21,22,23",0.7857142857142857,8,8
5,16,matched_betti,0.5,max_full_branch_node_speed,all_interior,coexact,coexact,random_tangent,identity_stress,identity_01,10,semantic_margin_delta,odd,0.875,1,0.08081422821775792,0.026454247800956825,0.44355407257999524,3,0.25,1.0,3,"29,30,31",0.8823529411764706,8,8
5,16,matched_betti,0.5,max_full_branch_node_speed,all_interior,coexact,coexact,random_tangent,identity_stress,identity_02,10,semantic_margin_delta,odd,0.875,1,0.16942707038623853,0.032406620018969844,0.2777940081847126,3,0.25,1.0,2,"26,28",0.8709677419354839,8,8
5,16,matched_betti,0.5,max_full_branch_node_speed,all_interior,coexact,coexact,random_tangent,identity_stress,identity_03,10,semantic_margin_delta,odd,0.875,1,0.25316489935176245,0.012587333694171097,0.07495795001120768,3,0.25,1.0,3,"26,27,28",0.8709677419354839,8,8
5,16,matched_betti,0.5,max_full_branch_node_speed,all_interior,coexact,coexact,random_tangent,identity_stress,identity_04,10,semantic_margin_delta,odd,0.875,1,0.9908120359313641,0.0638530470122418,0.09697274113684953,3,0.25,1.0,1,24,0.8571428571428571,8,8
5,16,matched_betti,0.5,max_full_branch_node_speed,all_interior,coexact,coexact,random_tangent,identity_stress,identity_05,10,semantic_margin_delta,odd,0.875,1,0.37083222505909724,0.02732420361982993,0.11071408215244107,3,0.25,1.0,2,"24,25",0.875,8,8
5,16,matched_betti,0.5,max_full_branch_node_speed,all_interior,coexact,coexact,random_tangent,literal_stable,literal_01,10,semantic_margin_delta,odd,0.875,1,0.3551212526411085,0.021401384075522535,0.09073628190659008,3,0.25,1.0,2,"29,30",0.8939393939393939,8,8
5,16,matched_betti,0.5,max_full_branch_node_speed,all_interior,coexact,coexact,random_tangent,literal_stable,literal_02,10,semantic_margin_delta,odd,0.875,1,0.16224346343240925,0.00939522737681996,0.08721536623394728,3,0.25,1.0,1,24,0.8571428571428571,8,8
5,16,matched_betti,0.5,max_full_branch_node_speed,all_interior,coexact,coexact,random_tangent,literal_stable,literal_03,10,semantic_margin_delta,odd,0.875,1,-0.32671021309265036,0.041619657911167125,0.18912018631121155,3,0.25,1.0,2,"23,24",0.8703703703703703,8,8
5,16,matched_betti,0.5,max_full_branch_node_speed,all_interior,coexact,coexact,random_tangent,literal_stable,literal_04,10,semantic_margin_delta,odd,0.875,1,-0.19091993228002074,0.016580587737394643,0.130181136546084,3,0.25,1.0,2,"21,22",0.86,8,8
5,16,matched_betti,0.5,max_full_branch_node_speed,all_interior,coexact,coexact,random_tangent,literal_stable,literal_05,10,semantic_margin_delta,odd,0.875,1,-0.17233282439726608,0.006374914176927967,0.05583919922371087,3,0.25,1.0,2,"22,23",0.8653846153846154,8,8
5,16,matched_betti,0.5,max_full_branch_node_speed,all_interior,coexact,coexact,random_tangent,metaphor_shift,metaphor_01,10,semantic_margin_delta,odd,0.875,1,-0.003869793439246772,0.020901968555846032,0.9925852254209505,3,0.25,1.0,3,"29,30,31",0.8823529411764706,8,8
5,16,matched_betti,0.5,max_full_branch_node_speed,all_interior,coexact,coexact,random_tangent,metaphor_shift,metaphor_02,10,semantic_margin_delta,odd,0.875,1,-0.4556850234798424,0.013454215884908678,0.04459358232492588,3,0.25,1.0,1,26,0.896551724137931,8,8
5,16,matched_betti,0.5,max_full_branch_node_speed,all_interior,coexact,coexact,random_tangent,metaphor_shift,metaphor_03,10,semantic_margin_delta,odd,0.875,1,-0.34808573968927853,0.024945319235129715,0.10771584197781962,3,0.25,1.0,2,"25,27",0.8666666666666667,8,8
5,16,matched_betti,0.5,max_full_branch_node_speed,all_interior,coexact,coexact,random_tangent,metaphor_shift,metaphor_04,10,semantic_margin_delta,odd,0.875,1,-0.5142455266191936,0.08382172345699113,0.2392736489413237,3,0.25,1.0,2,"24,25",0.875,8,8
5,16,matched_betti,0.5,max_full_branch_node_speed,all_interior,coexact,coexact,random_tangent,metaphor_shift,metaphor_05,10,semantic_margin_delta,odd,0.875,1,0.259218769425165,0.0039098006436106185,0.022797449093260955,3,0.25,1.0,1,23,0.8518518518518517,8,8
5,16,matched_betti,0.5,max_full_branch_node_speed,all_interior,coexact,coexact,random_tangent,ontology_collapse,ontology_01,10,semantic_margin_delta,odd,0.875,1,-0.022686104716468324,0.020753114058445654,0.8103624099789366,3,0.25,1.0,3,"26,27,28",0.8709677419354839,8,8
5,16,matched_betti,0.5,max_full_branch_node_speed,all_interior,coexact,coexact,random_tangent,ontology_collapse,ontology_02,10,semantic_margin_delta,odd,0.875,1,-0.09605709917363699,0.049456628912003475,0.6142493079801364,3,0.25,1.0,2,"24,25",0.875,8,8
5,16,matched_betti,0.5,max_full_branch_node_speed,all_interior,coexact,coexact,random_tangent,ontology_collapse,ontology_03,10,semantic_margin_delta,odd,0.875,1,0.09658917517247242,0.008149070406921456,0.1265278365680399,3,0.25,1.0,2,"25,26",0.8793103448275862,8,8
5,16,matched_betti,0.5,max_full_branch_node_speed,all_interior,coexact,coexact,random_tangent,ontology_collapse,ontology_04,10,semantic_margin_delta,odd,0.875,1,0.20120201364097334,0.004641498724783544,0.03485562769977139,3,0.25,1.0,2,"25,26",0.8793103448275862,8,8
5,16,matched_betti,0.5,max_full_branch_node_speed,all_interior,coexact,coexact,random_tangent,ontology_collapse,ontology_05,10,semantic_margin_delta,odd,0.875,1,-0.15007724118365395,0.002029585777699163,0.020441501335152677,3,0.25,1.0,2,"24,25",0.875,8,8
5,16,matched_betti,0.5,max_full_branch_node_speed,all_interior,coexact,coexact,random_tangent,identity_stress,identity_01,11,semantic_margin_delta,odd,0.9583333333333334,1,0.06147436669630589,0.050659046533638695,0.7798597725121211,3,0.25,1.0,2,"32,33",0.9558823529411763,8,8
5,16,matched_betti,0.5,max_full_branch_node_speed,all_interior,coexact,coexact,random_tangent,identity_stress,identity_02,11,semantic_margin_delta,odd,0.9583333333333334,1,-0.4343188064745166,0.14383586767944634,0.44770762273402587,3,0.25,1.0,2,"29,30",0.9516129032258065,8,8
5,16,matched_betti,0.5,max_full_branch_node_speed,all_interior,coexact,coexact,random_tangent,identity_stress,identity_03,11,semantic_margin_delta,odd,0.9583333333333334,1,-0.20592827631848884,0.0648082233583379,0.429646671675536,3,0.25,1.0,1,29,0.9354838709677419,8,8
5,16,matched_betti,0.5,max_full_branch_node_speed,all_interior,coexact,coexact,random_tangent,identity_stress,identity_04,11,semantic_margin_delta,odd,0.9583333333333334,1,-0.1391180667363164,0.06747291173924655,0.591324227595943,3,0.25,1.0,2,"26,27",0.9464285714285715,8,8
5,16,matched_betti,0.5,max_full_branch_node_speed,all_interior,coexact,coexact,random_tangent,identity_stress,identity_05,11,semantic_margin_delta,odd,0.9583333333333334,1,0.14029493281679317,0.07481627515370752,0.6276532630543518,3,0.25,1.0,1,26,0.9285714285714285,8,8
5,16,matched_betti,0.5,max_full_branch_node_speed,all_interior,coexact,coexact,random_tangent,literal_stable,literal_01,11,semantic_margin_delta,odd,0.9583333333333334,1,0.06882856679108422,0.008489468240227645,0.18331589908908086,3,0.25,1.0,1,32,0.9696969696969697,8,8
5,16,matched_betti,0.5,max_full_branch_node_speed,all_interior,coexact,coexact,random_tangent,literal_stable,literal_02,11,semantic_margin_delta,odd,0.9583333333333334,1,-0.10637243479118785,0.0241916449077129,0.32514977145305035,3,0.25,1.0,2,"26,27",0.9464285714285715,8,8
5,16,matched_betti,0.5,max_full_branch_node_speed,all_interior,coexact,coexact,random_tangent,literal_stable,literal_03,11,semantic_margin_delta,odd,0.9583333333333334,1,0.3973295052183996,0.012319112736224687,0.04682340381815393,3,0.25,1.0,2,"25,26",0.9444444444444443,8,8
5,16,matched_betti,0.5,max_full_branch_node_speed,all_interior,coexact,coexact,random_tangent,literal_stable,literal_04,11,semantic_margin_delta,odd,0.9583333333333334,1,0.05943251114890743,0.005169422723390567,0.13037851082005522,3,0.25,1.0,2,"23,24",0.94,8,8
5,16,matched_betti,0.5,max_full_branch_node_speed,all_interior,coexact,coexact,random_tangent,literal_stable,literal_05,11,semantic_margin_delta,odd,0.9583333333333334,1,0.3397020050403353,0.08757339882364791,0.36314231892501625,3,0.25,1.0,2,"24,25",0.9423076923076922,8,8
5,16,matched_betti,0.5,max_full_branch_node_speed,all_interior,coexact,coexact,random_tangent,metaphor_shift,metaphor_01,11,semantic_margin_delta,odd,0.9583333333333334,1,-0.050103958425896516,0.025497855783232538,0.6097865650333789,3,0.25,1.0,1,32,0.9411764705882352,8,8
5,16,matched_betti,0.5,max_full_branch_node_speed,all_interior,coexact,coexact,random_tangent,metaphor_shift,metaphor_02,11,semantic_margin_delta,odd,0.9583333333333334,1,0.08130737097398814,0.023374050196112932,0.3986047898218633,3,0.25,1.0,2,"27,28",0.9482758620689656,8,8
5,16,matched_betti,0.5,max_full_branch_node_speed,all_interior,coexact,coexact,random_tangent,metaphor_shift,metaphor_03,11,semantic_margin_delta,odd,0.9583333333333334,1,-0.08378431963510088,0.007839989077753264,0.14007501556259624,3,0.25,1.0,2,"28,29",0.9499999999999998,8,8
5,16,matched_betti,0.5,max_full_branch_node_speed,all_interior,coexact,coexact,random_tangent,metaphor_shift,metaphor_04,11,semantic_margin_delta,odd,0.9583333333333334,1,-0.9670150524233596,0.14084973927276412,0.21505586062817575,3,0.25,1.0,1,26,0.9285714285714285,8,8
5,16,matched_betti,0.5,max_full_branch_node_speed,all_interior,coexact,coexact,random_tangent,metaphor_shift,metaphor_05,11,semantic_margin_delta,odd,0.9583333333333334,1,0.0022364561588262164,0.01110166840570765,0.9912389596894697,3,0.25,1.0,2,"25,26",0.9444444444444443,8,8
5,16,matched_betti,0.5,max_full_branch_node_speed,all_interior,coexact,coexact,random_tangent,ontology_collapse,ontology_01,11,semantic_margin_delta,odd,0.9583333333333334,1,0.09308515114140352,0.036409501167003165,0.509011180767375,3,0.25,1.0,1,29,0.9354838709677419,8,8
5,16,matched_betti,0.5,max_full_branch_node_speed,all_interior,coexact,coexact,random_tangent,ontology_collapse,ontology_02,11,semantic_margin_delta,odd,0.9583333333333334,1,-0.030697706568126544,0.009709955495926067,0.43142107999359286,3,0.25,1.0,2,"26,27",0.9464285714285715,8,8
5,16,matched_betti,0.5,max_full_branch_node_speed,all_interior,coexact,coexact,random_tangent,ontology_collapse,ontology_03,11,semantic_margin_delta,odd,0.9583333333333334,1,-0.11027725609872185,0.011989741322009168,0.16219803512207231,3,0.25,1.0,2,"27,28",0.9482758620689656,8,8
5,16,matched_betti,0.5,max_full_branch_node_speed,all_interior,coexact,coexact,random_tangent,ontology_collapse,ontology_04,11,semantic_margin_delta,odd,0.9583333333333334,1,0.20442377214314386,0.004782835637963714,0.03535033250976952,3,0.25,1.0,2,"27,28",0.9482758620689656,8,8
5,16,matched_betti,0.5,max_full_branch_node_speed,all_interior,coexact,coexact,random_tangent,ontology_collapse,ontology_05,11,semantic_margin_delta,odd,0.9583333333333334,1,-0.8380665255113826,0.02851191688060659,0.05136711513670434,3,0.25,1.0,1,26,0.9285714285714285,8,8
