scope,comparator,draw,matching,paired_nodes,paired_prompts,actual_cosine,control_cosine,paired_gap
all,actual,0,common,1117,40,0.12207935188171129,0.12207935188171129,0.0
all,actual,0,per_draw,1117,40,0.12207935188171129,0.12207935188171129,0.0
all,v2_random,0,common,1117,40,0.12207935188171129,0.004895562562508712,0.11718378931920258
all,v2_random,0,per_draw,1117,40,0.12207935188171129,0.004895562562508712,0.11718378931920258
all,v2_random,1,common,1117,40,0.12207935188171129,0.0031871976595837805,0.11889215422212751
all,v2_random,1,per_draw,1117,40,0.12207935188171129,0.0031871976595837805,0.11889215422212751
all,v2_random,2,common,1117,40,0.12207935188171129,-0.004420733029326397,0.12650008491103767
all,v2_random,2,per_draw,1117,40,0.12207935188171129,-0.004420733029326397,0.12650008491103767
all,v2_random,3,common,1117,40,0.12207935188171129,-0.00047189677614236996,0.12255124865785366
all,v2_random,3,per_draw,1117,40,0.12207935188171129,-0.00047189677614236996,0.12255124865785366
all,v2_random,4,common,1117,40,0.12207935188171129,0.0004825302806722595,0.12159682160103903
all,v2_random,4,per_draw,1117,40,0.12207935188171129,0.0004825302806722595,0.12159682160103903
all,v2_random,5,common,1117,40,0.12207935188171129,0.010011021248974395,0.1120683306327369
all,v2_random,5,per_draw,1117,40,0.12207935188171129,0.010011021248974395,0.1120683306327369
all,v2_random,6,common,1117,40,0.12207935188171129,0.008669866943636551,0.11340948493807473
all,v2_random,6,per_draw,1117,40,0.12207935188171129,0.008669866943636551,0.11340948493807473
all,v2_random,7,common,1117,40,0.12207935188171129,-0.0068771699696550375,0.12895652185136633
all,v2_random,7,per_draw,1117,40,0.12207935188171129,-0.0068771699696550375,0.12895652185136633
all,within_prompt_shuffle,0,common,1117,40,0.12207935188171129,0.007344852686857401,0.11473449919485389
all,within_prompt_shuffle,0,per_draw,1117,40,0.12207935188171129,0.007344852686857401,0.11473449919485389
all,within_prompt_shuffle,1,common,1117,40,0.12207935188171129,-0.0009686978004937545,0.12304804968220505
all,within_prompt_shuffle,1,per_draw,1117,40,0.12207935188171129,-0.0009686978004937545,0.12304804968220505
all,within_prompt_shuffle,2,common,1117,40,0.12207935188171129,-0.0032193361390022005,0.12529868802071348
all,within_prompt_shuffle,2,per_draw,1117,40,0.12207935188171129,-0.0032193361390022005,0.12529868802071348
all,within_prompt_shuffle,3,common,1117,40,0.12207935188171129,-0.0050333816475422195,0.1271127335292535
all,within_prompt_shuffle,3,per_draw,1117,40,0.12207935188171129,-0.0050333816475422195,0.1271127335292535
all,within_prompt_shuffle,4,common,1117,40,0.12207935188171129,0.004627075277101946,0.11745227660460934
all,within_prompt_shuffle,4,per_draw,1117,40,0.12207935188171129,0.004627075277101946,0.11745227660460934
all,within_prompt_shuffle,5,common,1117,40,0.12207935188171129,0.01331659661045279,0.1087627552712585
all,within_prompt_shuffle,5,per_draw,1117,40,0.12207935188171129,0.01331659661045279,0.1087627552712585
all,within_prompt_shuffle,6,common,1117,40,0.12207935188171129,0.0019819662984223363,0.12009738558328896
all,within_prompt_shuffle,6,per_draw,1117,40,0.12207935188171129,0.0019819662984223363,0.12009738558328896
all,within_prompt_shuffle,7,common,1117,40,0.12207935188171129,0.005681514376324983,0.1163978375053863
all,within_prompt_shuffle,7,per_draw,1117,40,0.12207935188171129,0.005681514376324983,0.1163978375053863
all,within_prompt_shuffle,8,common,1117,40,0.12207935188171129,0.0007487613709528274,0.12133059051075847
all,within_prompt_shuffle,8,per_draw,1117,40,0.12207935188171129,0.0007487613709528274,0.12133059051075847
all,within_prompt_shuffle,9,common,1117,40,0.12207935188171129,-0.005834111287394103,0.1279134631691054
all,within_prompt_shuffle,9,per_draw,1117,40,0.12207935188171129,-0.005834111287394103,0.1279134631691054
all,within_prompt_shuffle,10,common,1117,40,0.12207935188171129,0.0017989331737497747,0.12028041870796151
all,within_prompt_shuffle,10,per_draw,1117,40,0.12207935188171129,0.0017989331737497747,0.12028041870796151
all,within_prompt_shuffle,11,common,1117,40,0.12207935188171129,0.007656737049386247,0.11442261483232505
all,within_prompt_shuffle,11,per_draw,1117,40,0.12207935188171129,0.007656737049386247,0.11442261483232505
all,within_prompt_shuffle,12,common,1117,40,0.12207935188171129,-0.00999646144160086,0.13207581332331214
all,within_prompt_shuffle,12,per_draw,1117,40,0.12207935188171129,-0.00999646144160086,0.13207581332331214
all,within_prompt_shuffle,13,common,1117,40,0.12207935188171129,0.007768266090733994,0.11431108579097729
all,within_prompt_shuffle,13,per_draw,1117,40,0.12207935188171129,0.007768266090733994,0.11431108579097729
all,within_prompt_shuffle,14,common,1117,40,0.12207935188171129,-0.0019062706576902504,0.12398562253940154
all,within_prompt_shuffle,14,per_draw,1117,40,0.12207935188171129,-0.0019062706576902504,0.12398562253940154
all,within_prompt_shuffle,15,common,1117,40,0.12207935188171129,0.005079495272101974,0.11699985660960932
all,within_prompt_shuffle,15,per_draw,1117,40,0.12207935188171129,0.005079495272101974,0.11699985660960932
all,within_prompt_shuffle,16,common,1117,40,0.12207935188171129,0.0002935304314147895,0.1217858214502965
all,within_prompt_shuffle,16,per_draw,1117,40,0.12207935188171129,0.0002935304314147895,0.1217858214502965
all,within_prompt_shuffle,17,common,1117,40,0.12207935188171129,0.006472213754188225,0.11560713812752306
all,within_prompt_shuffle,17,per_draw,1117,40,0.12207935188171129,0.006472213754188225,0.11560713812752306
all,within_prompt_shuffle,18,common,1117,40,0.12207935188171129,-0.006203161266917283,0.12828251314862857
all,within_prompt_shuffle,18,per_draw,1117,40,0.12207935188171129,-0.006203161266917283,0.12828251314862857
all,within_prompt_shuffle,19,common,1117,40,0.12207935188171129,-0.002252772462946356,0.12433212434465765
all,within_prompt_shuffle,19,per_draw,1117,40,0.12207935188171129,-0.002252772462946356,0.12433212434465765
all,within_prompt_shuffle,20,common,1117,40,0.12207935188171129,0.005206928419821571,0.11687242346188972
all,within_prompt_shuffle,20,per_draw,1117,40,0.12207935188171129,0.005206928419821571,0.11687242346188972
all,within_prompt_shuffle,21,common,1117,40,0.12207935188171129,0.0023268740731710582,0.11975247780854023
all,within_prompt_shuffle,21,per_draw,1117,40,0.12207935188171129,0.0023268740731710582,0.11975247780854023
all,within_prompt_shuffle,22,common,1117,40,0.12207935188171129,0.008776286175144633,0.11330306570656666
all,within_prompt_shuffle,22,per_draw,1117,40,0.12207935188171129,0.008776286175144633,0.11330306570656666
all,within_prompt_shuffle,23,common,1117,40,0.12207935188171129,-0.00054906087720802,0.12262841275891931
all,within_prompt_shuffle,23,per_draw,1117,40,0.12207935188171129,-0.00054906087720802,0.12262841275891931
all,within_prompt_shuffle,24,common,1117,40,0.12207935188171129,0.0049602206564319335,0.11711913122527935
all,within_prompt_shuffle,24,per_draw,1117,40,0.12207935188171129,0.0049602206564319335,0.11711913122527935
all,within_prompt_shuffle,25,common,1117,40,0.12207935188171129,0.00890728707907125,0.11317206480264004
all,within_prompt_shuffle,25,per_draw,1117,40,0.12207935188171129,0.00890728707907125,0.11317206480264004
all,within_prompt_shuffle,26,common,1117,40,0.12207935188171129,0.0002199024984213347,0.12185944938328995
all,within_prompt_shuffle,26,per_draw,1117,40,0.12207935188171129,0.0002199024984213347,0.12185944938328995
all,within_prompt_shuffle,27,common,1117,40,0.12207935188171129,-0.004315411883819168,0.12639476376553047
all,within_prompt_shuffle,27,per_draw,1117,40,0.12207935188171129,-0.004315411883819168,0.12639476376553047
all,within_prompt_shuffle,28,common,1117,40,0.12207935188171129,0.0032943412201901804,0.11878501066152111
all,within_prompt_shuffle,28,per_draw,1117,40,0.12207935188171129,0.0032943412201901804,0.11878501066152111
all,within_prompt_shuffle,29,common,1117,40,0.12207935188171129,0.00467399448890125,0.11740535739281004
all,within_prompt_shuffle,29,per_draw,1117,40,0.12207935188171129,0.00467399448890125,0.11740535739281004
all,within_prompt_shuffle,30,common,1117,40,0.12207935188171129,0.0026693306319432552,0.11941002124976803
all,within_prompt_shuffle,30,per_draw,1117,40,0.12207935188171129,0.0026693306319432552,0.11941002124976803
all,within_prompt_shuffle,31,common,1117,40,0.12207935188171129,0.000294492986476197,0.12178485889523509
all,within_prompt_shuffle,31,per_draw,1117,40,0.12207935188171129,0.000294492986476197,0.12178485889523509
all,within_prompt_shuffle,32,common,1117,40,0.12207935188171129,0.0203501584115794,0.10172919347013189
all,within_prompt_shuffle,32,per_draw,1117,40,0.12207935188171129,0.0203501584115794,0.10172919347013189
all,within_prompt_shuffle,33,common,1117,40,0.12207935188171129,-0.0002652912597008366,0.12234464314141212
all,within_prompt_shuffle,33,per_draw,1117,40,0.12207935188171129,-0.0002652912597008366,0.12234464314141212
all,within_prompt_shuffle,34,common,1117,40,0.12207935188171129,0.00033672011116079844,0.12174263177055049
all,within_prompt_shuffle,34,per_draw,1117,40,0.12207935188171129,0.00033672011116079844,0.12174263177055049
all,within_prompt_shuffle,35,common,1117,40,0.12207935188171129,0.005336238549476324,0.11674311333223497
all,within_prompt_shuffle,35,per_draw,1117,40,0.12207935188171129,0.005336238549476324,0.11674311333223497
all,within_prompt_shuffle,36,common,1117,40,0.12207935188171129,0.005868028774236889,0.1162113231074744
all,within_prompt_shuffle,36,per_draw,1117,40,0.12207935188171129,0.005868028774236889,0.1162113231074744
all,within_prompt_shuffle,37,common,1117,40,0.12207935188171129,0.014174340525173256,0.10790501135653803
all,within_prompt_shuffle,37,per_draw,1117,40,0.12207935188171129,0.014174340525173256,0.10790501135653803
all,within_prompt_shuffle,38,common,1117,40,0.12207935188171129,-0.0006541487661873747,0.12273350064789866
all,within_prompt_shuffle,38,per_draw,1117,40,0.12207935188171129,-0.0006541487661873747,0.12273350064789866
all,within_prompt_shuffle,39,common,1117,40,0.12207935188171129,0.0031746185862738794,0.11890473329543741
all,within_prompt_shuffle,39,per_draw,1117,40,0.12207935188171129,0.0031746185862738794,0.11890473329543741
all,within_prompt_shuffle,40,common,1117,40,0.12207935188171129,0.0014305389979218206,0.12064881288378947
all,within_prompt_shuffle,40,per_draw,1117,40,0.12207935188171129,0.0014305389979218206,0.12064881288378947
all,within_prompt_shuffle,41,common,1117,40,0.12207935188171129,-0.0005770355779617008,0.12265638745967299
all,within_prompt_shuffle,41,per_draw,1117,40,0.12207935188171129,-0.0005770355779617008,0.12265638745967299
all,within_prompt_shuffle,42,common,1117,40,0.12207935188171129,0.009553229036636133,0.11252612284507515
all,within_prompt_shuffle,42,per_draw,1117,40,0.12207935188171129,0.009553229036636133,0.11252612284507515
all,within_prompt_shuffle,43,common,1117,40,0.12207935188171129,0.0020581597382113015,0.12002119214349999
all,within_prompt_shuffle,43,per_draw,1117,40,0.12207935188171129,0.0020581597382113015,0.12002119214349999
all,within_prompt_shuffle,44,common,1117,40,0.12207935188171129,0.001612300413370941,0.12046705146834034
all,within_prompt_shuffle,44,per_draw,1117,40,0.12207935188171129,0.001612300413370941,0.12046705146834034
all,within_prompt_shuffle,45,common,1117,40,0.12207935188171129,0.003742335052709452,0.11833701682900184
all,within_prompt_shuffle,45,per_draw,1117,40,0.12207935188171129,0.003742335052709452,0.11833701682900184
all,within_prompt_shuffle,46,common,1117,40,0.12207935188171129,0.006215829437754247,0.11586352244395705
all,within_prompt_shuffle,46,per_draw,1117,40,0.12207935188171129,0.006215829437754247,0.11586352244395705
all,within_prompt_shuffle,47,common,1117,40,0.12207935188171129,0.003953640312797432,0.11812571156891385
all,within_prompt_shuffle,47,per_draw,1117,40,0.12207935188171129,0.003953640312797432,0.11812571156891385
all,within_prompt_shuffle,48,common,1117,40,0.12207935188171129,0.004482921724497251,0.11759643015721404
all,within_prompt_shuffle,48,per_draw,1117,40,0.12207935188171129,0.004482921724497251,0.11759643015721404
all,within_prompt_shuffle,49,common,1117,40,0.12207935188171129,0.001357843487195836,0.12072150839451545
all,within_prompt_shuffle,49,per_draw,1117,40,0.12207935188171129,0.001357843487195836,0.12072150839451545
all,within_prompt_shuffle,50,common,1117,40,0.12207935188171129,0.009943038151612961,0.11213631373009833
all,within_prompt_shuffle,50,per_draw,1117,40,0.12207935188171129,0.009943038151612961,0.11213631373009833
all,within_prompt_shuffle,51,common,1117,40,0.12207935188171129,0.006018735053817116,0.11606061682789418
all,within_prompt_shuffle,51,per_draw,1117,40,0.12207935188171129,0.006018735053817116,0.11606061682789418
all,within_prompt_shuffle,52,common,1117,40,0.12207935188171129,0.0012125380282716966,0.12086681385343959
all,within_prompt_shuffle,52,per_draw,1117,40,0.12207935188171129,0.0012125380282716966,0.12086681385343959
all,within_prompt_shuffle,53,common,1117,40,0.12207935188171129,0.00014354371836555052,0.12193580816334573
all,within_prompt_shuffle,53,per_draw,1117,40,0.12207935188171129,0.00014354371836555052,0.12193580816334573
all,within_prompt_shuffle,54,common,1117,40,0.12207935188171129,0.0020923523461112837,0.1199869995356
all,within_prompt_shuffle,54,per_draw,1117,40,0.12207935188171129,0.0020923523461112837,0.1199869995356
all,within_prompt_shuffle,55,common,1117,40,0.12207935188171129,0.0036234953111963647,0.11845585657051493
all,within_prompt_shuffle,55,per_draw,1117,40,0.12207935188171129,0.0036234953111963647,0.11845585657051493
all,within_prompt_shuffle,56,common,1117,40,0.12207935188171129,-0.001601460062017744,0.12368081194372904
all,within_prompt_shuffle,56,per_draw,1117,40,0.12207935188171129,-0.001601460062017744,0.12368081194372904
all,within_prompt_shuffle,57,common,1117,40,0.12207935188171129,0.0012397786232856318,0.12083957325842566
all,within_prompt_shuffle,57,per_draw,1117,40,0.12207935188171129,0.0012397786232856318,0.12083957325842566
all,within_prompt_shuffle,58,common,1117,40,0.12207935188171129,-0.00245295920574336,0.12453231108745465
all,within_prompt_shuffle,58,per_draw,1117,40,0.12207935188171129,-0.00245295920574336,0.12453231108745465
all,within_prompt_shuffle,59,common,1117,40,0.12207935188171129,0.0010035854376467279,0.12107576644406456
all,within_prompt_shuffle,59,per_draw,1117,40,0.12207935188171129,0.0010035854376467279,0.12107576644406456
all,within_prompt_shuffle,60,common,1117,40,0.12207935188171129,0.007123325802036408,0.11495602607967488
all,within_prompt_shuffle,60,per_draw,1117,40,0.12207935188171129,0.007123325802036408,0.11495602607967488
all,within_prompt_shuffle,61,common,1117,40,0.12207935188171129,0.021922130561920453,0.10015722131979084
all,within_prompt_shuffle,61,per_draw,1117,40,0.12207935188171129,0.021922130561920453,0.10015722131979084
all,within_prompt_shuffle,62,common,1117,40,0.12207935188171129,0.007814498034584038,0.11426485384712726
all,within_prompt_shuffle,62,per_draw,1117,40,0.12207935188171129,0.007814498034584038,0.11426485384712726
all,within_prompt_shuffle,63,common,1117,40,0.12207935188171129,-0.007942541461654937,0.13002189334336622
all,within_prompt_shuffle,63,per_draw,1117,40,0.12207935188171129,-0.007942541461654937,0.13002189334336622
all,within_prompt_shuffle,64,common,1117,40,0.12207935188171129,0.001319270701231378,0.12076008118047991
all,within_prompt_shuffle,64,per_draw,1117,40,0.12207935188171129,0.001319270701231378,0.12076008118047991
all,within_prompt_shuffle,65,common,1117,40,0.12207935188171129,-0.002278150575355751,0.12435750245706705
all,within_prompt_shuffle,65,per_draw,1117,40,0.12207935188171129,-0.002278150575355751,0.12435750245706705
all,within_prompt_shuffle,66,common,1117,40,0.12207935188171129,-0.002797351399147263,0.12487670328085855
all,within_prompt_shuffle,66,per_draw,1117,40,0.12207935188171129,-0.002797351399147263,0.12487670328085855
all,within_prompt_shuffle,67,common,1117,40,0.12207935188171129,0.00041174022115157797,0.12166761166055971
all,within_prompt_shuffle,67,per_draw,1117,40,0.12207935188171129,0.00041174022115157797,0.12166761166055971
all,within_prompt_shuffle,68,common,1117,40,0.12207935188171129,0.004385117386280867,0.11769423449543043
all,within_prompt_shuffle,68,per_draw,1117,40,0.12207935188171129,0.004385117386280867,0.11769423449543043
all,within_prompt_shuffle,69,common,1117,40,0.12207935188171129,0.0014641200652845588,0.12061523181642674
all,within_prompt_shuffle,69,per_draw,1117,40,0.12207935188171129,0.0014641200652845588,0.12061523181642674
all,within_prompt_shuffle,70,common,1117,40,0.12207935188171129,0.0071755200415504665,0.11490383184016083
all,within_prompt_shuffle,70,per_draw,1117,40,0.12207935188171129,0.0071755200415504665,0.11490383184016083
all,within_prompt_shuffle,71,common,1117,40,0.12207935188171129,0.009476786199873466,0.11260256568183782
all,within_prompt_shuffle,71,per_draw,1117,40,0.12207935188171129,0.009476786199873466,0.11260256568183782
all,within_prompt_shuffle,72,common,1117,40,0.12207935188171129,0.015086064121626993,0.1069932877600843
all,within_prompt_shuffle,72,per_draw,1117,40,0.12207935188171129,0.015086064121626993,0.1069932877600843
all,within_prompt_shuffle,73,common,1117,40,0.12207935188171129,-0.0012452570694625295,0.12332460895117382
all,within_prompt_shuffle,73,per_draw,1117,40,0.12207935188171129,-0.0012452570694625295,0.12332460895117382
all,within_prompt_shuffle,74,common,1117,40,0.12207935188171129,-0.0018143051996428589,0.12389365708135415
all,within_prompt_shuffle,74,per_draw,1117,40,0.12207935188171129,-0.0018143051996428589,0.12389365708135415
all,within_prompt_shuffle,75,common,1117,40,0.12207935188171129,-0.005536384424941419,0.1276157363066527
all,within_prompt_shuffle,75,per_draw,1117,40,0.12207935188171129,-0.005536384424941419,0.1276157363066527
all,within_prompt_shuffle,76,common,1117,40,0.12207935188171129,0.0069231402632027915,0.1151562116185085
all,within_prompt_shuffle,76,per_draw,1117,40,0.12207935188171129,0.0069231402632027915,0.1151562116185085
all,within_prompt_shuffle,77,common,1117,40,0.12207935188171129,0.011202051011344617,0.11087730087036668
all,within_prompt_shuffle,77,per_draw,1117,40,0.12207935188171129,0.011202051011344617,0.11087730087036668
all,within_prompt_shuffle,78,common,1117,40,0.12207935188171129,0.009580808203764116,0.11249854367794718
all,within_prompt_shuffle,78,per_draw,1117,40,0.12207935188171129,0.009580808203764116,0.11249854367794718
all,within_prompt_shuffle,79,common,1117,40,0.12207935188171129,-0.0015924530733710568,0.12367180495508234
all,within_prompt_shuffle,79,per_draw,1117,40,0.12207935188171129,-0.0015924530733710568,0.12367180495508234
all,within_prompt_shuffle,80,common,1117,40,0.12207935188171129,0.013228125743144636,0.10885122613856665
all,within_prompt_shuffle,80,per_draw,1117,40,0.12207935188171129,0.013228125743144636,0.10885122613856665
all,within_prompt_shuffle,81,common,1117,40,0.12207935188171129,0.0062952414894258055,0.11578411039228548
all,within_prompt_shuffle,81,per_draw,1117,40,0.12207935188171129,0.0062952414894258055,0.11578411039228548
all,within_prompt_shuffle,82,common,1117,40,0.12207935188171129,0.0068604038733574525,0.11521894800835383
all,within_prompt_shuffle,82,per_draw,1117,40,0.12207935188171129,0.0068604038733574525,0.11521894800835383
all,within_prompt_shuffle,83,common,1117,40,0.12207935188171129,-0.003931207222258316,0.1260105591039696
all,within_prompt_shuffle,83,per_draw,1117,40,0.12207935188171129,-0.003931207222258316,0.1260105591039696
all,within_prompt_shuffle,84,common,1117,40,0.12207935188171129,0.00464409408180008,0.11743525779991121
all,within_prompt_shuffle,84,per_draw,1117,40,0.12207935188171129,0.00464409408180008,0.11743525779991121
all,within_prompt_shuffle,85,common,1117,40,0.12207935188171129,0.007552153413194804,0.11452719846851649
all,within_prompt_shuffle,85,per_draw,1117,40,0.12207935188171129,0.007552153413194804,0.11452719846851649
all,within_prompt_shuffle,86,common,1117,40,0.12207935188171129,0.002764665272658152,0.11931468660905314
all,within_prompt_shuffle,86,per_draw,1117,40,0.12207935188171129,0.002764665272658152,0.11931468660905314
all,within_prompt_shuffle,87,common,1117,40,0.12207935188171129,0.009893654071666896,0.1121856978100444
all,within_prompt_shuffle,87,per_draw,1117,40,0.12207935188171129,0.009893654071666896,0.1121856978100444
all,within_prompt_shuffle,88,common,1117,40,0.12207935188171129,0.005303273221653596,0.1167760786600577
all,within_prompt_shuffle,88,per_draw,1117,40,0.12207935188171129,0.005303273221653596,0.1167760786600577
all,within_prompt_shuffle,89,common,1117,40,0.12207935188171129,0.00047144126908494813,0.12160791061262634
all,within_prompt_shuffle,89,per_draw,1117,40,0.12207935188171129,0.00047144126908494813,0.12160791061262634
all,within_prompt_shuffle,90,common,1117,40,0.12207935188171129,-0.00063880086585319,0.12271815274756448
all,within_prompt_shuffle,90,per_draw,1117,40,0.12207935188171129,-0.00063880086585319,0.12271815274756448
all,within_prompt_shuffle,91,common,1117,40,0.12207935188171129,-0.0020229449500155858,0.12410229683172688
all,within_prompt_shuffle,91,per_draw,1117,40,0.12207935188171129,-0.0020229449500155858,0.12410229683172688
all,within_prompt_shuffle,92,common,1117,40,0.12207935188171129,0.004256423855651093,0.1178229280260602
all,within_prompt_shuffle,92,per_draw,1117,40,0.12207935188171129,0.004256423855651093,0.1178229280260602
all,within_prompt_shuffle,93,common,1117,40,0.12207935188171129,-0.008274867447423881,0.13035421932913516
all,within_prompt_shuffle,93,per_draw,1117,40,0.12207935188171129,-0.008274867447423881,0.13035421932913516
all,within_prompt_shuffle,94,common,1117,40,0.12207935188171129,0.00370398320198242,0.11837536867972887
all,within_prompt_shuffle,94,per_draw,1117,40,0.12207935188171129,0.00370398320198242,0.11837536867972887
all,within_prompt_shuffle,95,common,1117,40,0.12207935188171129,0.001481135379219338,0.12059821650249195
all,within_prompt_shuffle,95,per_draw,1117,40,0.12207935188171129,0.001481135379219338,0.12059821650249195
all,within_prompt_shuffle,96,common,1117,40,0.12207935188171129,0.005835892147598636,0.11624345973411265
all,within_prompt_shuffle,96,per_draw,1117,40,0.12207935188171129,0.005835892147598636,0.11624345973411265
all,within_prompt_shuffle,97,common,1117,40,0.12207935188171129,0.004042506087688849,0.11803684579402245
all,within_prompt_shuffle,97,per_draw,1117,40,0.12207935188171129,0.004042506087688849,0.11803684579402245
all,within_prompt_shuffle,98,common,1117,40,0.12207935188171129,-0.003267146731423286,0.12534649861313457
all,within_prompt_shuffle,98,per_draw,1117,40,0.12207935188171129,-0.003267146731423286,0.12534649861313457
all,within_prompt_shuffle,99,common,1117,40,0.12207935188171129,-0.0039156586987144915,0.12599501058042578
all,within_prompt_shuffle,99,per_draw,1117,40,0.12207935188171129,-0.0039156586987144915,0.12599501058042578
all,within_prompt_shuffle,100,common,1117,40,0.12207935188171129,0.0037667448332206663,0.11831260704849063
all,within_prompt_shuffle,100,per_draw,1117,40,0.12207935188171129,0.0037667448332206663,0.11831260704849063
all,within_prompt_shuffle,101,common,1117,40,0.12207935188171129,0.006313056164390446,0.11576629571732085
all,within_prompt_shuffle,101,per_draw,1117,40,0.12207935188171129,0.006313056164390446,0.11576629571732085
all,within_prompt_shuffle,102,common,1117,40,0.12207935188171129,0.003906419659122246,0.11817293222258904
all,within_prompt_shuffle,102,per_draw,1117,40,0.12207935188171129,0.003906419659122246,0.11817293222258904
all,within_prompt_shuffle,103,common,1117,40,0.12207935188171129,0.01465670701851042,0.10742264486320087
all,within_prompt_shuffle,103,per_draw,1117,40,0.12207935188171129,0.01465670701851042,0.10742264486320087
all,within_prompt_shuffle,104,common,1117,40,0.12207935188171129,-0.002752908082668806,0.12483225996438009
all,within_prompt_shuffle,104,per_draw,1117,40,0.12207935188171129,-0.002752908082668806,0.12483225996438009
all,within_prompt_shuffle,105,common,1117,40,0.12207935188171129,-0.00018928989627701662,0.12226864177798831
all,within_prompt_shuffle,105,per_draw,1117,40,0.12207935188171129,-0.00018928989627701662,0.12226864177798831
all,within_prompt_shuffle,106,common,1117,40,0.12207935188171129,-0.015656455738028815,0.1377358076197401
all,within_prompt_shuffle,106,per_draw,1117,40,0.12207935188171129,-0.015656455738028815,0.1377358076197401
all,within_prompt_shuffle,107,common,1117,40,0.12207935188171129,0.007477045863041501,0.11460230601866979
all,within_prompt_shuffle,107,per_draw,1117,40,0.12207935188171129,0.007477045863041501,0.11460230601866979
all,within_prompt_shuffle,108,common,1117,40,0.12207935188171129,0.0031304676330865073,0.11894888424862478
all,within_prompt_shuffle,108,per_draw,1117,40,0.12207935188171129,0.0031304676330865073,0.11894888424862478
all,within_prompt_shuffle,109,common,1117,40,0.12207935188171129,0.0008200280090589806,0.12125932387265231
all,within_prompt_shuffle,109,per_draw,1117,40,0.12207935188171129,0.0008200280090589806,0.12125932387265231
all,within_prompt_shuffle,110,common,1117,40,0.12207935188171129,0.00114522340777104,0.12093412847394025
all,within_prompt_shuffle,110,per_draw,1117,40,0.12207935188171129,0.00114522340777104,0.12093412847394025
all,within_prompt_shuffle,111,common,1117,40,0.12207935188171129,-0.009669435153964082,0.13174878703567539
all,within_prompt_shuffle,111,per_draw,1117,40,0.12207935188171129,-0.009669435153964082,0.13174878703567539
all,within_prompt_shuffle,112,common,1117,40,0.12207935188171129,0.0067741419139817115,0.11530520996772958
all,within_prompt_shuffle,112,per_draw,1117,40,0.12207935188171129,0.0067741419139817115,0.11530520996772958
all,within_prompt_shuffle,113,common,1117,40,0.12207935188171129,0.002733147856819453,0.11934620402489184
all,within_prompt_shuffle,113,per_draw,1117,40,0.12207935188171129,0.002733147856819453,0.11934620402489184
all,within_prompt_shuffle,114,common,1117,40,0.12207935188171129,0.0037161607794716062,0.11836319110223968
all,within_prompt_shuffle,114,per_draw,1117,40,0.12207935188171129,0.0037161607794716062,0.11836319110223968
all,within_prompt_shuffle,115,common,1117,40,0.12207935188171129,0.0036527194363023645,0.11842663244540892
all,within_prompt_shuffle,115,per_draw,1117,40,0.12207935188171129,0.0036527194363023645,0.11842663244540892
all,within_prompt_shuffle,116,common,1117,40,0.12207935188171129,0.008328395312163731,0.11375095656954756
all,within_prompt_shuffle,116,per_draw,1117,40,0.12207935188171129,0.008328395312163731,0.11375095656954756
all,within_prompt_shuffle,117,common,1117,40,0.12207935188171129,-0.0031958005031899094,0.1252751523849012
all,within_prompt_shuffle,117,per_draw,1117,40,0.12207935188171129,-0.0031958005031899094,0.1252751523849012
all,within_prompt_shuffle,118,common,1117,40,0.12207935188171129,-0.0009292479206823403,0.12300859980239363
all,within_prompt_shuffle,118,per_draw,1117,40,0.12207935188171129,-0.0009292479206823403,0.12300859980239363
all,within_prompt_shuffle,119,common,1117,40,0.12207935188171129,0.0016059939343810712,0.12047335794733022
all,within_prompt_shuffle,119,per_draw,1117,40,0.12207935188171129,0.0016059939343810712,0.12047335794733022
all,within_prompt_shuffle,120,common,1117,40,0.12207935188171129,0.0026284777790034548,0.11945087410270784
all,within_prompt_shuffle,120,per_draw,1117,40,0.12207935188171129,0.0026284777790034548,0.11945087410270784
all,within_prompt_shuffle,121,common,1117,40,0.12207935188171129,0.009679997253031637,0.11239935462867966
all,within_prompt_shuffle,121,per_draw,1117,40,0.12207935188171129,0.009679997253031637,0.11239935462867966
all,within_prompt_shuffle,122,common,1117,40,0.12207935188171129,-0.004868734788517641,0.12694808667022894
all,within_prompt_shuffle,122,per_draw,1117,40,0.12207935188171129,-0.004868734788517641,0.12694808667022894
all,within_prompt_shuffle,123,common,1117,40,0.12207935188171129,0.0019673661198501427,0.12011198576186115
all,within_prompt_shuffle,123,per_draw,1117,40,0.12207935188171129,0.0019673661198501427,0.12011198576186115
all,within_prompt_shuffle,124,common,1117,40,0.12207935188171129,0.003003931992246181,0.11907541988946511
all,within_prompt_shuffle,124,per_draw,1117,40,0.12207935188171129,0.003003931992246181,0.11907541988946511
all,within_prompt_shuffle,125,common,1117,40,0.12207935188171129,-0.00034630831718091974,0.12242566019889221
all,within_prompt_shuffle,125,per_draw,1117,40,0.12207935188171129,-0.00034630831718091974,0.12242566019889221
all,within_prompt_shuffle,126,common,1117,40,0.12207935188171129,-0.0067914438441303345,0.12887079572584162
all,within_prompt_shuffle,126,per_draw,1117,40,0.12207935188171129,-0.0067914438441303345,0.12887079572584162
all,within_prompt_shuffle,127,common,1117,40,0.12207935188171129,0.0006944359081840164,0.12138491597352727
all,within_prompt_shuffle,127,per_draw,1117,40,0.12207935188171129,0.0006944359081840164,0.12138491597352727
all,within_prompt_position_shuffle,0,common,1117,40,0.12207935188171129,-0.0007848025695451493,0.12286415445125644
all,within_prompt_position_shuffle,0,per_draw,1117,40,0.12207935188171129,-0.0007848025695451493,0.12286415445125644
all,within_prompt_position_shuffle,1,common,1117,40,0.12207935188171129,0.0035354244120697834,0.11854392746964151
all,within_prompt_position_shuffle,1,per_draw,1117,40,0.12207935188171129,0.0035354244120697834,0.11854392746964151
all,within_prompt_position_shuffle,2,common,1117,40,0.12207935188171129,0.014634605988272797,0.1074447458934385
all,within_prompt_position_shuffle,2,per_draw,1117,40,0.12207935188171129,0.014634605988272797,0.1074447458934385
all,within_prompt_position_shuffle,3,common,1117,40,0.12207935188171129,0.012696995684236897,0.1093823561974744
all,within_prompt_position_shuffle,3,per_draw,1117,40,0.12207935188171129,0.012696995684236897,0.1093823561974744
all,within_prompt_position_shuffle,4,common,1117,40,0.12207935188171129,0.02434075460056819,0.09773859728114309
all,within_prompt_position_shuffle,4,per_draw,1117,40,0.12207935188171129,0.02434075460056819,0.09773859728114309
all,within_prompt_position_shuffle,5,common,1117,40,0.12207935188171129,0.013578710685065814,0.10850064119664547
all,within_prompt_position_shuffle,5,per_draw,1117,40,0.12207935188171129,0.013578710685065814,0.10850064119664547
all,within_prompt_position_shuffle,6,common,1117,40,0.12207935188171129,0.010721468702069147,0.11135788317964214
all,within_prompt_position_shuffle,6,per_draw,1117,40,0.12207935188171129,0.010721468702069147,0.11135788317964214
all,within_prompt_position_shuffle,7,common,1117,40,0.12207935188171129,0.00709320594659902,0.11498614593511228
all,within_prompt_position_shuffle,7,per_draw,1117,40,0.12207935188171129,0.00709320594659902,0.11498614593511228
all,within_prompt_position_shuffle,8,common,1117,40,0.12207935188171129,0.019029668528441613,0.10304968335326968
all,within_prompt_position_shuffle,8,per_draw,1117,40,0.12207935188171129,0.019029668528441613,0.10304968335326968
all,within_prompt_position_shuffle,9,common,1117,40,0.12207935188171129,0.00872157156852343,0.11335778031318786
all,within_prompt_position_shuffle,9,per_draw,1117,40,0.12207935188171129,0.00872157156852343,0.11335778031318786
all,within_prompt_position_shuffle,10,common,1117,40,0.12207935188171129,0.0030375043491450886,0.1190418475325662
all,within_prompt_position_shuffle,10,per_draw,1117,40,0.12207935188171129,0.0030375043491450886,0.1190418475325662
all,within_prompt_position_shuffle,11,common,1117,40,0.12207935188171129,0.011266899258306833,0.11081245262340446
all,within_prompt_position_shuffle,11,per_draw,1117,40,0.12207935188171129,0.011266899258306833,0.11081245262340446
all,within_prompt_position_shuffle,12,common,1117,40,0.12207935188171129,0.008283396271643276,0.11379595561006801
all,within_prompt_position_shuffle,12,per_draw,1117,40,0.12207935188171129,0.008283396271643276,0.11379595561006801
all,within_prompt_position_shuffle,13,common,1117,40,0.12207935188171129,0.014286114395923038,0.10779323748578826
all,within_prompt_position_shuffle,13,per_draw,1117,40,0.12207935188171129,0.014286114395923038,0.10779323748578826
all,within_prompt_position_shuffle,14,common,1117,40,0.12207935188171129,0.0005242402284693418,0.12155511165324195
all,within_prompt_position_shuffle,14,per_draw,1117,40,0.12207935188171129,0.0005242402284693418,0.12155511165324195
all,within_prompt_position_shuffle,15,common,1117,40,0.12207935188171129,0.008582269610609636,0.11349708227110165
all,within_prompt_position_shuffle,15,per_draw,1117,40,0.12207935188171129,0.008582269610609636,0.11349708227110165
all,within_prompt_position_shuffle,16,common,1117,40,0.12207935188171129,0.018686857508741102,0.10339249437297018
all,within_prompt_position_shuffle,16,per_draw,1117,40,0.12207935188171129,0.018686857508741102,0.10339249437297018
all,within_prompt_position_shuffle,17,common,1117,40,0.12207935188171129,0.017186108929477473,0.10489324295223382
all,within_prompt_position_shuffle,17,per_draw,1117,40,0.12207935188171129,0.017186108929477473,0.10489324295223382
all,within_prompt_position_shuffle,18,common,1117,40,0.12207935188171129,-0.00035538824201809436,0.12243474012372939
all,within_prompt_position_shuffle,18,per_draw,1117,40,0.12207935188171129,-0.00035538824201809436,0.12243474012372939
all,within_prompt_position_shuffle,19,common,1117,40,0.12207935188171129,0.004802249940323906,0.11727710194138738
all,within_prompt_position_shuffle,19,per_draw,1117,40,0.12207935188171129,0.004802249940323906,0.11727710194138738
all,within_prompt_position_shuffle,20,common,1117,40,0.12207935188171129,0.007488727091034752,0.11459062479067654
all,within_prompt_position_shuffle,20,per_draw,1117,40,0.12207935188171129,0.007488727091034752,0.11459062479067654
all,within_prompt_position_shuffle,21,common,1117,40,0.12207935188171129,0.003670478790092184,0.1184088730916191
all,within_prompt_position_shuffle,21,per_draw,1117,40,0.12207935188171129,0.003670478790092184,0.1184088730916191
all,within_prompt_position_shuffle,22,common,1117,40,0.12207935188171129,0.0017949122721341835,0.1202844396095771
all,within_prompt_position_shuffle,22,per_draw,1117,40,0.12207935188171129,0.0017949122721341835,0.1202844396095771
all,within_prompt_position_shuffle,23,common,1117,40,0.12207935188171129,0.008150211348977528,0.11392914053273376
all,within_prompt_position_shuffle,23,per_draw,1117,40,0.12207935188171129,0.008150211348977528,0.11392914053273376
all,within_prompt_position_shuffle,24,common,1117,40,0.12207935188171129,0.005877526058161333,0.11620182582354996
all,within_prompt_position_shuffle,24,per_draw,1117,40,0.12207935188171129,0.005877526058161333,0.11620182582354996
all,within_prompt_position_shuffle,25,common,1117,40,0.12207935188171129,0.004786514872562502,0.11729283700914879
all,within_prompt_position_shuffle,25,per_draw,1117,40,0.12207935188171129,0.004786514872562502,0.11729283700914879
all,within_prompt_position_shuffle,26,common,1117,40,0.12207935188171129,0.015379918890138167,0.10669943299157313
all,within_prompt_position_shuffle,26,per_draw,1117,40,0.12207935188171129,0.015379918890138167,0.10669943299157313
all,within_prompt_position_shuffle,27,common,1117,40,0.12207935188171129,0.00483403179086935,0.11724532009084195
all,within_prompt_position_shuffle,27,per_draw,1117,40,0.12207935188171129,0.00483403179086935,0.11724532009084195
all,within_prompt_position_shuffle,28,common,1117,40,0.12207935188171129,0.016107814395354907,0.10597153748635638
all,within_prompt_position_shuffle,28,per_draw,1117,40,0.12207935188171129,0.016107814395354907,0.10597153748635638
all,within_prompt_position_shuffle,29,common,1117,40,0.12207935188171129,0.014323263220305651,0.10775608866140564
all,within_prompt_position_shuffle,29,per_draw,1117,40,0.12207935188171129,0.014323263220305651,0.10775608866140564
all,within_prompt_position_shuffle,30,common,1117,40,0.12207935188171129,-0.0003218491292496281,0.12240120101096091
all,within_prompt_position_shuffle,30,per_draw,1117,40,0.12207935188171129,-0.0003218491292496281,0.12240120101096091
all,within_prompt_position_shuffle,31,common,1117,40,0.12207935188171129,0.004561462098733744,0.11751788978297754
all,within_prompt_position_shuffle,31,per_draw,1117,40,0.12207935188171129,0.004561462098733744,0.11751788978297754
all,within_prompt_position_shuffle,32,common,1117,40,0.12207935188171129,0.005799574678920915,0.11627977720279037
all,within_prompt_position_shuffle,32,per_draw,1117,40,0.12207935188171129,0.005799574678920915,0.11627977720279037
all,within_prompt_position_shuffle,33,common,1117,40,0.12207935188171129,0.014866328403986833,0.10721302347772446
all,within_prompt_position_shuffle,33,per_draw,1117,40,0.12207935188171129,0.014866328403986833,0.10721302347772446
all,within_prompt_position_shuffle,34,common,1117,40,0.12207935188171129,-0.0035065910362053728,0.12558594291791667
all,within_prompt_position_shuffle,34,per_draw,1117,40,0.12207935188171129,-0.0035065910362053728,0.12558594291791667
all,within_prompt_position_shuffle,35,common,1117,40,0.12207935188171129,-0.003926436511525466,0.12600578839323676
all,within_prompt_position_shuffle,35,per_draw,1117,40,0.12207935188171129,-0.003926436511525466,0.12600578839323676
all,within_prompt_position_shuffle,36,common,1117,40,0.12207935188171129,0.012407055256863836,0.10967229662484745
all,within_prompt_position_shuffle,36,per_draw,1117,40,0.12207935188171129,0.012407055256863836,0.10967229662484745
all,within_prompt_position_shuffle,37,common,1117,40,0.12207935188171129,0.003529350287131755,0.11855000159457954
all,within_prompt_position_shuffle,37,per_draw,1117,40,0.12207935188171129,0.003529350287131755,0.11855000159457954
all,within_prompt_position_shuffle,38,common,1117,40,0.12207935188171129,0.014212597689084092,0.1078667541926272
all,within_prompt_position_shuffle,38,per_draw,1117,40,0.12207935188171129,0.014212597689084092,0.1078667541926272
all,within_prompt_position_shuffle,39,common,1117,40,0.12207935188171129,0.002136051897210233,0.11994329998450105
all,within_prompt_position_shuffle,39,per_draw,1117,40,0.12207935188171129,0.002136051897210233,0.11994329998450105
all,within_prompt_position_shuffle,40,common,1117,40,0.12207935188171129,0.008699329979677716,0.11338002190203357
all,within_prompt_position_shuffle,40,per_draw,1117,40,0.12207935188171129,0.008699329979677716,0.11338002190203357
all,within_prompt_position_shuffle,41,common,1117,40,0.12207935188171129,0.00786758907203976,0.11421176280967153
all,within_prompt_position_shuffle,41,per_draw,1117,40,0.12207935188171129,0.00786758907203976,0.11421176280967153
all,within_prompt_position_shuffle,42,common,1117,40,0.12207935188171129,0.01536985191032115,0.10670949997139013
all,within_prompt_position_shuffle,42,per_draw,1117,40,0.12207935188171129,0.01536985191032115,0.10670949997139013
all,within_prompt_position_shuffle,43,common,1117,40,0.12207935188171129,0.015034093951816586,0.10704525792989471
all,within_prompt_position_shuffle,43,per_draw,1117,40,0.12207935188171129,0.015034093951816586,0.10704525792989471
all,within_prompt_position_shuffle,44,common,1117,40,0.12207935188171129,6.313576064232431e-05,0.12201621612106897
all,within_prompt_position_shuffle,44,per_draw,1117,40,0.12207935188171129,6.313576064232431e-05,0.12201621612106897
all,within_prompt_position_shuffle,45,common,1117,40,0.12207935188171129,0.0050834632920496335,0.11699588858966166
all,within_prompt_position_shuffle,45,per_draw,1117,40,0.12207935188171129,0.0050834632920496335,0.11699588858966166
all,within_prompt_position_shuffle,46,common,1117,40,0.12207935188171129,0.008096130206939415,0.11398322167477187
all,within_prompt_position_shuffle,46,per_draw,1117,40,0.12207935188171129,0.008096130206939415,0.11398322167477187
all,within_prompt_position_shuffle,47,common,1117,40,0.12207935188171129,0.006990277259428556,0.11508907462228274
all,within_prompt_position_shuffle,47,per_draw,1117,40,0.12207935188171129,0.006990277259428556,0.11508907462228274
all,within_prompt_position_shuffle,48,common,1117,40,0.12207935188171129,0.01027912958135288,0.11180022230035841
all,within_prompt_position_shuffle,48,per_draw,1117,40,0.12207935188171129,0.01027912958135288,0.11180022230035841
all,within_prompt_position_shuffle,49,common,1117,40,0.12207935188171129,0.0163057741610707,0.10577357772064058
all,within_prompt_position_shuffle,49,per_draw,1117,40,0.12207935188171129,0.0163057741610707,0.10577357772064058
all,within_prompt_position_shuffle,50,common,1117,40,0.12207935188171129,0.023691237772310435,0.09838811410940085
all,within_prompt_position_shuffle,50,per_draw,1117,40,0.12207935188171129,0.023691237772310435,0.09838811410940085
all,within_prompt_position_shuffle,51,common,1117,40,0.12207935188171129,0.009176489863277388,0.1129028620184339
all,within_prompt_position_shuffle,51,per_draw,1117,40,0.12207935188171129,0.009176489863277388,0.1129028620184339
all,within_prompt_position_shuffle,52,common,1117,40,0.12207935188171129,0.0033337632927846576,0.11874558858892663
all,within_prompt_position_shuffle,52,per_draw,1117,40,0.12207935188171129,0.0033337632927846576,0.11874558858892663
all,within_prompt_position_shuffle,53,common,1117,40,0.12207935188171129,0.02300543878419145,0.09907391309751984
all,within_prompt_position_shuffle,53,per_draw,1117,40,0.12207935188171129,0.02300543878419145,0.09907391309751984
all,within_prompt_position_shuffle,54,common,1117,40,0.12207935188171129,0.018195293267421125,0.10388405861429016
all,within_prompt_position_shuffle,54,per_draw,1117,40,0.12207935188171129,0.018195293267421125,0.10388405861429016
all,within_prompt_position_shuffle,55,common,1117,40,0.12207935188171129,-0.0021591461392244907,0.12423849802093578
all,within_prompt_position_shuffle,55,per_draw,1117,40,0.12207935188171129,-0.0021591461392244907,0.12423849802093578
all,within_prompt_position_shuffle,56,common,1117,40,0.12207935188171129,0.006563803968951866,0.11551554791275942
all,within_prompt_position_shuffle,56,per_draw,1117,40,0.12207935188171129,0.006563803968951866,0.11551554791275942
all,within_prompt_position_shuffle,57,common,1117,40,0.12207935188171129,-0.00165066460194241,0.1237300164836537
all,within_prompt_position_shuffle,57,per_draw,1117,40,0.12207935188171129,-0.00165066460194241,0.1237300164836537
all,within_prompt_position_shuffle,58,common,1117,40,0.12207935188171129,0.019262860676488126,0.10281649120522317
all,within_prompt_position_shuffle,58,per_draw,1117,40,0.12207935188171129,0.019262860676488126,0.10281649120522317
all,within_prompt_position_shuffle,59,common,1117,40,0.12207935188171129,-9.051196176374648e-05,0.12216986384347503
all,within_prompt_position_shuffle,59,per_draw,1117,40,0.12207935188171129,-9.051196176374648e-05,0.12216986384347503
all,within_prompt_position_shuffle,60,common,1117,40,0.12207935188171129,-0.0044641217970358,0.12654347367874708
all,within_prompt_position_shuffle,60,per_draw,1117,40,0.12207935188171129,-0.0044641217970358,0.12654347367874708
all,within_prompt_position_shuffle,61,common,1117,40,0.12207935188171129,0.007968347710397531,0.11411100417131376
all,within_prompt_position_shuffle,61,per_draw,1117,40,0.12207935188171129,0.007968347710397531,0.11411100417131376
all,within_prompt_position_shuffle,62,common,1117,40,0.12207935188171129,0.0164811255181591,0.10559822636355219
all,within_prompt_position_shuffle,62,per_draw,1117,40,0.12207935188171129,0.0164811255181591,0.10559822636355219
all,within_prompt_position_shuffle,63,common,1117,40,0.12207935188171129,0.013048937720167611,0.10903041416154367
all,within_prompt_position_shuffle,63,per_draw,1117,40,0.12207935188171129,0.013048937720167611,0.10903041416154367
all,within_prompt_position_shuffle,64,common,1117,40,0.12207935188171129,0.006797435474105473,0.11528191640760582
all,within_prompt_position_shuffle,64,per_draw,1117,40,0.12207935188171129,0.006797435474105473,0.11528191640760582
all,within_prompt_position_shuffle,65,common,1117,40,0.12207935188171129,0.010522216263923391,0.1115571356177879
all,within_prompt_position_shuffle,65,per_draw,1117,40,0.12207935188171129,0.010522216263923391,0.1115571356177879
all,within_prompt_position_shuffle,66,common,1117,40,0.12207935188171129,0.011405951543051799,0.1106734003386595
all,within_prompt_position_shuffle,66,per_draw,1117,40,0.12207935188171129,0.011405951543051799,0.1106734003386595
all,within_prompt_position_shuffle,67,common,1117,40,0.12207935188171129,0.0008715735951714953,0.1212077782865398
all,within_prompt_position_shuffle,67,per_draw,1117,40,0.12207935188171129,0.0008715735951714953,0.1212077782865398
all,within_prompt_position_shuffle,68,common,1117,40,0.12207935188171129,0.006136141447558027,0.11594321043415326
all,within_prompt_position_shuffle,68,per_draw,1117,40,0.12207935188171129,0.006136141447558027,0.11594321043415326
all,within_prompt_position_shuffle,69,common,1117,40,0.12207935188171129,0.004508299242008299,0.117571052639703
all,within_prompt_position_shuffle,69,per_draw,1117,40,0.12207935188171129,0.004508299242008299,0.117571052639703
all,within_prompt_position_shuffle,70,common,1117,40,0.12207935188171129,0.013075549025125555,0.10900380285658573
all,within_prompt_position_shuffle,70,per_draw,1117,40,0.12207935188171129,0.013075549025125555,0.10900380285658573
all,within_prompt_position_shuffle,71,common,1117,40,0.12207935188171129,0.005025644262289417,0.11705370761942187
all,within_prompt_position_shuffle,71,per_draw,1117,40,0.12207935188171129,0.005025644262289417,0.11705370761942187
all,within_prompt_position_shuffle,72,common,1117,40,0.12207935188171129,0.008857887084112859,0.11322146479759843
all,within_prompt_position_shuffle,72,per_draw,1117,40,0.12207935188171129,0.008857887084112859,0.11322146479759843
all,within_prompt_position_shuffle,73,common,1117,40,0.12207935188171129,0.014144927548321352,0.10793442433338994
all,within_prompt_position_shuffle,73,per_draw,1117,40,0.12207935188171129,0.014144927548321352,0.10793442433338994
all,within_prompt_position_shuffle,74,common,1117,40,0.12207935188171129,0.002840612361641769,0.11923873952006953
all,within_prompt_position_shuffle,74,per_draw,1117,40,0.12207935188171129,0.002840612361641769,0.11923873952006953
all,within_prompt_position_shuffle,75,common,1117,40,0.12207935188171129,0.010313364078607714,0.11176598780310358
all,within_prompt_position_shuffle,75,per_draw,1117,40,0.12207935188171129,0.010313364078607714,0.11176598780310358
all,within_prompt_position_shuffle,76,common,1117,40,0.12207935188171129,0.0013613054351616603,0.12071804644654963
all,within_prompt_position_shuffle,76,per_draw,1117,40,0.12207935188171129,0.0013613054351616603,0.12071804644654963
all,within_prompt_position_shuffle,77,common,1117,40,0.12207935188171129,0.008168955780772808,0.11391039610093848
all,within_prompt_position_shuffle,77,per_draw,1117,40,0.12207935188171129,0.008168955780772808,0.11391039610093848
all,within_prompt_position_shuffle,78,common,1117,40,0.12207935188171129,0.02201682254439988,0.10006252933731141
all,within_prompt_position_shuffle,78,per_draw,1117,40,0.12207935188171129,0.02201682254439988,0.10006252933731141
all,within_prompt_position_shuffle,79,common,1117,40,0.12207935188171129,0.01401955166282095,0.10805980021889033
all,within_prompt_position_shuffle,79,per_draw,1117,40,0.12207935188171129,0.01401955166282095,0.10805980021889033
all,within_prompt_position_shuffle,80,common,1117,40,0.12207935188171129,0.00662296062344416,0.11545639125826714
all,within_prompt_position_shuffle,80,per_draw,1117,40,0.12207935188171129,0.00662296062344416,0.11545639125826714
all,within_prompt_position_shuffle,81,common,1117,40,0.12207935188171129,0.008814849112033073,0.11326450276967821
all,within_prompt_position_shuffle,81,per_draw,1117,40,0.12207935188171129,0.008814849112033073,0.11326450276967821
all,within_prompt_position_shuffle,82,common,1117,40,0.12207935188171129,0.006075776441740814,0.11600357543997047
all,within_prompt_position_shuffle,82,per_draw,1117,40,0.12207935188171129,0.006075776441740814,0.11600357543997047
all,within_prompt_position_shuffle,83,common,1117,40,0.12207935188171129,0.0026769450501095754,0.11940240683160172
all,within_prompt_position_shuffle,83,per_draw,1117,40,0.12207935188171129,0.0026769450501095754,0.11940240683160172
all,within_prompt_position_shuffle,84,common,1117,40,0.12207935188171129,0.012271881337721637,0.10980747054398965
all,within_prompt_position_shuffle,84,per_draw,1117,40,0.12207935188171129,0.012271881337721637,0.10980747054398965
all,within_prompt_position_shuffle,85,common,1117,40,0.12207935188171129,0.012497049522689235,0.10958230235902205
all,within_prompt_position_shuffle,85,per_draw,1117,40,0.12207935188171129,0.012497049522689235,0.10958230235902205
all,within_prompt_position_shuffle,86,common,1117,40,0.12207935188171129,0.012159180168207278,0.10992017171350402
all,within_prompt_position_shuffle,86,per_draw,1117,40,0.12207935188171129,0.012159180168207278,0.10992017171350402
all,within_prompt_position_shuffle,87,common,1117,40,0.12207935188171129,0.010172388933495457,0.11190696294821584
all,within_prompt_position_shuffle,87,per_draw,1117,40,0.12207935188171129,0.010172388933495457,0.11190696294821584
all,within_prompt_position_shuffle,88,common,1117,40,0.12207935188171129,0.011490870630640564,0.11058848125107072
all,within_prompt_position_shuffle,88,per_draw,1117,40,0.12207935188171129,0.011490870630640564,0.11058848125107072
all,within_prompt_position_shuffle,89,common,1117,40,0.12207935188171129,0.009421677043049694,0.1126576748386616
all,within_prompt_position_shuffle,89,per_draw,1117,40,0.12207935188171129,0.009421677043049694,0.1126576748386616
all,within_prompt_position_shuffle,90,common,1117,40,0.12207935188171129,0.0103060298901029,0.11177332199160839
all,within_prompt_position_shuffle,90,per_draw,1117,40,0.12207935188171129,0.0103060298901029,0.11177332199160839
all,within_prompt_position_shuffle,91,common,1117,40,0.12207935188171129,0.009167149994772288,0.112912201886939
all,within_prompt_position_shuffle,91,per_draw,1117,40,0.12207935188171129,0.009167149994772288,0.112912201886939
all,within_prompt_position_shuffle,92,common,1117,40,0.12207935188171129,0.006769100778286452,0.11531025110342484
all,within_prompt_position_shuffle,92,per_draw,1117,40,0.12207935188171129,0.006769100778286452,0.11531025110342484
all,within_prompt_position_shuffle,93,common,1117,40,0.12207935188171129,0.004182955335521589,0.1178963965461897
all,within_prompt_position_shuffle,93,per_draw,1117,40,0.12207935188171129,0.004182955335521589,0.1178963965461897
all,within_prompt_position_shuffle,94,common,1117,40,0.12207935188171129,0.020711243914728884,0.10136810796698241
all,within_prompt_position_shuffle,94,per_draw,1117,40,0.12207935188171129,0.020711243914728884,0.10136810796698241
all,within_prompt_position_shuffle,95,common,1117,40,0.12207935188171129,0.015048592337034372,0.10703075954467692
all,within_prompt_position_shuffle,95,per_draw,1117,40,0.12207935188171129,0.015048592337034372,0.10703075954467692
all,within_prompt_position_shuffle,96,common,1117,40,0.12207935188171129,0.013514956721303017,0.10856439516040828
all,within_prompt_position_shuffle,96,per_draw,1117,40,0.12207935188171129,0.013514956721303017,0.10856439516040828
all,within_prompt_position_shuffle,97,common,1117,40,0.12207935188171129,0.012690085575448498,0.10938926630626279
all,within_prompt_position_shuffle,97,per_draw,1117,40,0.12207935188171129,0.012690085575448498,0.10938926630626279
all,within_prompt_position_shuffle,98,common,1117,40,0.12207935188171129,0.01516889811715862,0.10691045376455267
all,within_prompt_position_shuffle,98,per_draw,1117,40,0.12207935188171129,0.01516889811715862,0.10691045376455267
all,within_prompt_position_shuffle,99,common,1117,40,0.12207935188171129,0.010693709977255498,0.1113856419044558
all,within_prompt_position_shuffle,99,per_draw,1117,40,0.12207935188171129,0.010693709977255498,0.1113856419044558
all,within_prompt_position_shuffle,100,common,1117,40,0.12207935188171129,0.001600887591812259,0.12047846428989903
all,within_prompt_position_shuffle,100,per_draw,1117,40,0.12207935188171129,0.001600887591812259,0.12047846428989903
all,within_prompt_position_shuffle,101,common,1117,40,0.12207935188171129,0.0007221884184244736,0.12135716346328682
all,within_prompt_position_shuffle,101,per_draw,1117,40,0.12207935188171129,0.0007221884184244736,0.12135716346328682
all,within_prompt_position_shuffle,102,common,1117,40,0.12207935188171129,0.011376967210507514,0.11070238467120377
all,within_prompt_position_shuffle,102,per_draw,1117,40,0.12207935188171129,0.011376967210507514,0.11070238467120377
all,within_prompt_position_shuffle,103,common,1117,40,0.12207935188171129,0.018342353647123073,0.10373699823458822
all,within_prompt_position_shuffle,103,per_draw,1117,40,0.12207935188171129,0.018342353647123073,0.10373699823458822
all,within_prompt_position_shuffle,104,common,1117,40,0.12207935188171129,0.022848483259607894,0.0992308686221034
all,within_prompt_position_shuffle,104,per_draw,1117,40,0.12207935188171129,0.022848483259607894,0.0992308686221034
all,within_prompt_position_shuffle,105,common,1117,40,0.12207935188171129,0.012426408944056036,0.10965294293765525
all,within_prompt_position_shuffle,105,per_draw,1117,40,0.12207935188171129,0.012426408944056036,0.10965294293765525
all,within_prompt_position_shuffle,106,common,1117,40,0.12207935188171129,0.01392602461931918,0.10815332726239212
all,within_prompt_position_shuffle,106,per_draw,1117,40,0.12207935188171129,0.01392602461931918,0.10815332726239212
all,within_prompt_position_shuffle,107,common,1117,40,0.12207935188171129,0.004831813532579793,0.1172475383491315
all,within_prompt_position_shuffle,107,per_draw,1117,40,0.12207935188171129,0.004831813532579793,0.1172475383491315
all,within_prompt_position_shuffle,108,common,1117,40,0.12207935188171129,0.009458583080820841,0.11262076880089045
all,within_prompt_position_shuffle,108,per_draw,1117,40,0.12207935188171129,0.009458583080820841,0.11262076880089045
all,within_prompt_position_shuffle,109,common,1117,40,0.12207935188171129,0.01194336470677191,0.11013598717493939
all,within_prompt_position_shuffle,109,per_draw,1117,40,0.12207935188171129,0.01194336470677191,0.11013598717493939
all,within_prompt_position_shuffle,110,common,1117,40,0.12207935188171129,0.008652674329983788,0.1134266775517275
all,within_prompt_position_shuffle,110,per_draw,1117,40,0.12207935188171129,0.008652674329983788,0.1134266775517275
all,within_prompt_position_shuffle,111,common,1117,40,0.12207935188171129,0.00929798702813582,0.11278136485357547
all,within_prompt_position_shuffle,111,per_draw,1117,40,0.12207935188171129,0.00929798702813582,0.11278136485357547
all,within_prompt_position_shuffle,112,common,1117,40,0.12207935188171129,0.004212791196117768,0.11786656068559352
all,within_prompt_position_shuffle,112,per_draw,1117,40,0.12207935188171129,0.004212791196117768,0.11786656068559352
all,within_prompt_position_shuffle,113,common,1117,40,0.12207935188171129,0.008593225423371247,0.11348612645834004
all,within_prompt_position_shuffle,113,per_draw,1117,40,0.12207935188171129,0.008593225423371247,0.11348612645834004
all,within_prompt_position_shuffle,114,common,1117,40,0.12207935188171129,-0.0003991094378448043,0.1224784613195561
all,within_prompt_position_shuffle,114,per_draw,1117,40,0.12207935188171129,-0.0003991094378448043,0.1224784613195561
all,within_prompt_position_shuffle,115,common,1117,40,0.12207935188171129,0.006817826138097246,0.11526152574361405
all,within_prompt_position_shuffle,115,per_draw,1117,40,0.12207935188171129,0.006817826138097246,0.11526152574361405
all,within_prompt_position_shuffle,116,common,1117,40,0.12207935188171129,0.0008040322509260109,0.12127531963078528
all,within_prompt_position_shuffle,116,per_draw,1117,40,0.12207935188171129,0.0008040322509260109,0.12127531963078528
all,within_prompt_position_shuffle,117,common,1117,40,0.12207935188171129,0.018534413233531215,0.10354493864818007
all,within_prompt_position_shuffle,117,per_draw,1117,40,0.12207935188171129,0.018534413233531215,0.10354493864818007
all,within_prompt_position_shuffle,118,common,1117,40,0.12207935188171129,0.006392005186478417,0.11568734669523287
all,within_prompt_position_shuffle,118,per_draw,1117,40,0.12207935188171129,0.006392005186478417,0.11568734669523287
all,within_prompt_position_shuffle,119,common,1117,40,0.12207935188171129,0.0152966662579482,0.10678268562376309
all,within_prompt_position_shuffle,119,per_draw,1117,40,0.12207935188171129,0.0152966662579482,0.10678268562376309
all,within_prompt_position_shuffle,120,common,1117,40,0.12207935188171129,0.004499336651161455,0.11758001523054984
all,within_prompt_position_shuffle,120,per_draw,1117,40,0.12207935188171129,0.004499336651161455,0.11758001523054984
all,within_prompt_position_shuffle,121,common,1117,40,0.12207935188171129,0.002755283514209549,0.11932406836750174
all,within_prompt_position_shuffle,121,per_draw,1117,40,0.12207935188171129,0.002755283514209549,0.11932406836750174
all,within_prompt_position_shuffle,122,common,1117,40,0.12207935188171129,0.0015990281015754392,0.12048032378013585
all,within_prompt_position_shuffle,122,per_draw,1117,40,0.12207935188171129,0.0015990281015754392,0.12048032378013585
all,within_prompt_position_shuffle,123,common,1117,40,0.12207935188171129,0.005851934405963107,0.11622741747574818
all,within_prompt_position_shuffle,123,per_draw,1117,40,0.12207935188171129,0.005851934405963107,0.11622741747574818
all,within_prompt_position_shuffle,124,common,1117,40,0.12207935188171129,0.0027051303985204493,0.11937422148319084
all,within_prompt_position_shuffle,124,per_draw,1117,40,0.12207935188171129,0.0027051303985204493,0.11937422148319084
all,within_prompt_position_shuffle,125,common,1117,40,0.12207935188171129,0.015292275556455733,0.10678707632525555
all,within_prompt_position_shuffle,125,per_draw,1117,40,0.12207935188171129,0.015292275556455733,0.10678707632525555
all,within_prompt_position_shuffle,126,common,1117,40,0.12207935188171129,0.018113584962691685,0.1039657669190196
all,within_prompt_position_shuffle,126,per_draw,1117,40,0.12207935188171129,0.018113584962691685,0.1039657669190196
all,within_prompt_position_shuffle,127,common,1117,40,0.12207935188171129,0.007833575197901108,0.11424577668381018
all,within_prompt_position_shuffle,127,per_draw,1117,40,0.12207935188171129,0.007833575197901108,0.11424577668381018
supported,actual,0,common,1098,40,0.12115151065675259,0.12115151065675259,0.0
supported,actual,0,per_draw,1098,40,0.12115151065675259,0.12115151065675259,0.0
supported,v2_random,0,common,1098,40,0.12115151065675259,0.004917381295516004,0.11623412936123659
supported,v2_random,0,per_draw,1098,40,0.12115151065675259,0.004917381295516004,0.11623412936123659
supported,v2_random,1,common,1098,40,0.12115151065675259,0.0032532173903656947,0.11789829326638689
supported,v2_random,1,per_draw,1098,40,0.12115151065675259,0.0032532173903656947,0.11789829326638689
supported,v2_random,2,common,1098,40,0.12115151065675259,-0.005297136460297477,0.12644864711705006
supported,v2_random,2,per_draw,1098,40,0.12115151065675259,-0.005297136460297477,0.12644864711705006
supported,v2_random,3,common,1098,40,0.12115151065675259,-0.0005756308348125177,0.1217271414915651
supported,v2_random,3,per_draw,1098,40,0.12115151065675259,-0.0005756308348125177,0.1217271414915651
supported,v2_random,4,common,1098,40,0.12115151065675259,0.0006419197298351172,0.12050959092691747
supported,v2_random,4,per_draw,1098,40,0.12115151065675259,0.0006419197298351172,0.12050959092691747
supported,v2_random,5,common,1098,40,0.12115151065675259,0.010431196413064137,0.11072031424368844
supported,v2_random,5,per_draw,1098,40,0.12115151065675259,0.010431196413064137,0.11072031424368844
supported,v2_random,6,common,1098,40,0.12115151065675259,0.010218104941007838,0.11093340571574475
supported,v2_random,6,per_draw,1098,40,0.12115151065675259,0.010218104941007838,0.11093340571574475
supported,v2_random,7,common,1098,40,0.12115151065675259,-0.006383440918265525,0.12753495157501812
supported,v2_random,7,per_draw,1098,40,0.12115151065675259,-0.006383440918265525,0.12753495157501812
supported,within_prompt_shuffle,0,common,1098,40,0.12115151065675259,0.006496335428270284,0.1146551752284823
supported,within_prompt_shuffle,0,per_draw,1098,40,0.12115151065675259,0.006496335428270284,0.1146551752284823
supported,within_prompt_shuffle,1,common,1098,40,0.12115151065675259,-2.0774347765642463e-05,0.12117228500451822
supported,within_prompt_shuffle,1,per_draw,1098,40,0.12115151065675259,-2.0774347765642463e-05,0.12117228500451822
supported,within_prompt_shuffle,2,common,1098,40,0.12115151065675259,-0.003025793511449258,0.12417730416820184
supported,within_prompt_shuffle,2,per_draw,1098,40,0.12115151065675259,-0.003025793511449258,0.12417730416820184
supported,within_prompt_shuffle,3,common,1098,40,0.12115151065675259,-0.005467946370332671,0.12661945702708527
supported,within_prompt_shuffle,3,per_draw,1098,40,0.12115151065675259,-0.005467946370332671,0.12661945702708527
supported,within_prompt_shuffle,4,common,1098,40,0.12115151065675259,0.0051062366704897775,0.11604527398626281
supported,within_prompt_shuffle,4,per_draw,1098,40,0.12115151065675259,0.0051062366704897775,0.11604527398626281
supported,within_prompt_shuffle,5,common,1098,40,0.12115151065675259,0.012858322680468357,0.10829318797628423
supported,within_prompt_shuffle,5,per_draw,1098,40,0.12115151065675259,0.012858322680468357,0.10829318797628423
supported,within_prompt_shuffle,6,common,1098,40,0.12115151065675259,0.0024588676186086205,0.11869264303814396
supported,within_prompt_shuffle,6,per_draw,1098,40,0.12115151065675259,0.0024588676186086205,0.11869264303814396
supported,within_prompt_shuffle,7,common,1098,40,0.12115151065675259,0.005087061938153901,0.11606444871859868
supported,within_prompt_shuffle,7,per_draw,1098,40,0.12115151065675259,0.005087061938153901,0.11606444871859868
supported,within_prompt_shuffle,8,common,1098,40,0.12115151065675259,0.0007317928160272067,0.12041971784072537
supported,within_prompt_shuffle,8,per_draw,1098,40,0.12115151065675259,0.0007317928160272067,0.12041971784072537
supported,within_prompt_shuffle,9,common,1098,40,0.12115151065675259,-0.005161704671316823,0.1263132153280694
supported,within_prompt_shuffle,9,per_draw,1098,40,0.12115151065675259,-0.005161704671316823,0.1263132153280694
supported,within_prompt_shuffle,10,common,1098,40,0.12115151065675259,0.0019442738722479987,0.1192072367845046
supported,within_prompt_shuffle,10,per_draw,1098,40,0.12115151065675259,0.0019442738722479987,0.1192072367845046
supported,within_prompt_shuffle,11,common,1098,40,0.12115151065675259,0.007672207620886271,0.11347930303586631
supported,within_prompt_shuffle,11,per_draw,1098,40,0.12115151065675259,0.007672207620886271,0.11347930303586631
supported,within_prompt_shuffle,12,common,1098,40,0.12115151065675259,-0.009849673921709202,0.1310011845784618
supported,within_prompt_shuffle,12,per_draw,1098,40,0.12115151065675259,-0.009849673921709202,0.1310011845784618
supported,within_prompt_shuffle,13,common,1098,40,0.12115151065675259,0.008010216174850437,0.11314129448190215
supported,within_prompt_shuffle,13,per_draw,1098,40,0.12115151065675259,0.008010216174850437,0.11314129448190215
supported,within_prompt_shuffle,14,common,1098,40,0.12115151065675259,-0.0021174885795854476,0.12326899923633804
supported,within_prompt_shuffle,14,per_draw,1098,40,0.12115151065675259,-0.0021174885795854476,0.12326899923633804
supported,within_prompt_shuffle,15,common,1098,40,0.12115151065675259,0.00626671245175133,0.11488479820500126
supported,within_prompt_shuffle,15,per_draw,1098,40,0.12115151065675259,0.00626671245175133,0.11488479820500126
supported,within_prompt_shuffle,16,common,1098,40,0.12115151065675259,-0.0003585882568107986,0.12151009891356339
supported,within_prompt_shuffle,16,per_draw,1098,40,0.12115151065675259,-0.0003585882568107986,0.12151009891356339
supported,within_prompt_shuffle,17,common,1098,40,0.12115151065675259,0.005921587625895184,0.1152299230308574
supported,within_prompt_shuffle,17,per_draw,1098,40,0.12115151065675259,0.005921587625895184,0.1152299230308574
supported,within_prompt_shuffle,18,common,1098,40,0.12115151065675259,-0.005693483792716463,0.12684499444946906
supported,within_prompt_shuffle,18,per_draw,1098,40,0.12115151065675259,-0.005693483792716463,0.12684499444946906
supported,within_prompt_shuffle,19,common,1098,40,0.12115151065675259,-0.0013885972887474791,0.12254010794550006
supported,within_prompt_shuffle,19,per_draw,1098,40,0.12115151065675259,-0.0013885972887474791,0.12254010794550006
supported,within_prompt_shuffle,20,common,1098,40,0.12115151065675259,0.006545529506888459,0.11460598114986413
supported,within_prompt_shuffle,20,per_draw,1098,40,0.12115151065675259,0.006545529506888459,0.11460598114986413
supported,within_prompt_shuffle,21,common,1098,40,0.12115151065675259,0.0019252668387498082,0.11922624381800277
supported,within_prompt_shuffle,21,per_draw,1098,40,0.12115151065675259,0.0019252668387498082,0.11922624381800277
supported,within_prompt_shuffle,22,common,1098,40,0.12115151065675259,0.00839206901133351,0.11275944164541908
supported,within_prompt_shuffle,22,per_draw,1098,40,0.12115151065675259,0.00839206901133351,0.11275944164541908
supported,within_prompt_shuffle,23,common,1098,40,0.12115151065675259,-0.00034157923281414974,0.12149308988956674
supported,within_prompt_shuffle,23,per_draw,1098,40,0.12115151065675259,-0.00034157923281414974,0.12149308988956674
supported,within_prompt_shuffle,24,common,1098,40,0.12115151065675259,0.004564994836361672,0.11658651582039091
supported,within_prompt_shuffle,24,per_draw,1098,40,0.12115151065675259,0.004564994836361672,0.11658651582039091
supported,within_prompt_shuffle,25,common,1098,40,0.12115151065675259,0.007690597969001867,0.11346091268775071
supported,within_prompt_shuffle,25,per_draw,1098,40,0.12115151065675259,0.007690597969001867,0.11346091268775071
supported,within_prompt_shuffle,26,common,1098,40,0.12115151065675259,0.0010372439617575028,0.12011426669499509
supported,within_prompt_shuffle,26,per_draw,1098,40,0.12115151065675259,0.0010372439617575028,0.12011426669499509
supported,within_prompt_shuffle,27,common,1098,40,0.12115151065675259,-0.005033493871252856,0.12618500452800543
supported,within_prompt_shuffle,27,per_draw,1098,40,0.12115151065675259,-0.005033493871252856,0.12618500452800543
supported,within_prompt_shuffle,28,common,1098,40,0.12115151065675259,0.004189822830433482,0.1169616878263191
supported,within_prompt_shuffle,28,per_draw,1098,40,0.12115151065675259,0.004189822830433482,0.1169616878263191
supported,within_prompt_shuffle,29,common,1098,40,0.12115151065675259,0.0047825333067028335,0.11636897735004975
supported,within_prompt_shuffle,29,per_draw,1098,40,0.12115151065675259,0.0047825333067028335,0.11636897735004975
supported,within_prompt_shuffle,30,common,1098,40,0.12115151065675259,0.002446013392055044,0.11870549726469755
supported,within_prompt_shuffle,30,per_draw,1098,40,0.12115151065675259,0.002446013392055044,0.11870549726469755
supported,within_prompt_shuffle,31,common,1098,40,0.12115151065675259,-2.5922645343737054e-05,0.12117743330209632
supported,within_prompt_shuffle,31,per_draw,1098,40,0.12115151065675259,-2.5922645343737054e-05,0.12117743330209632
supported,within_prompt_shuffle,32,common,1098,40,0.12115151065675259,0.019515321069176354,0.10163618958757623
supported,within_prompt_shuffle,32,per_draw,1098,40,0.12115151065675259,0.019515321069176354,0.10163618958757623
supported,within_prompt_shuffle,33,common,1098,40,0.12115151065675259,-0.0007340138994019555,0.12188552455615455
supported,within_prompt_shuffle,33,per_draw,1098,40,0.12115151065675259,-0.0007340138994019555,0.12188552455615455
supported,within_prompt_shuffle,34,common,1098,40,0.12115151065675259,-3.138706478841872e-05,0.121182897721541
supported,within_prompt_shuffle,34,per_draw,1098,40,0.12115151065675259,-3.138706478841872e-05,0.121182897721541
supported,within_prompt_shuffle,35,common,1098,40,0.12115151065675259,0.005871871775385868,0.11527963888136672
supported,within_prompt_shuffle,35,per_draw,1098,40,0.12115151065675259,0.005871871775385868,0.11527963888136672
supported,within_prompt_shuffle,36,common,1098,40,0.12115151065675259,0.004854391175447037,0.11629711948130556
supported,within_prompt_shuffle,36,per_draw,1098,40,0.12115151065675259,0.004854391175447037,0.11629711948130556
supported,within_prompt_shuffle,37,common,1098,40,0.12115151065675259,0.014622621980930197,0.10652888867582239
supported,within_prompt_shuffle,37,per_draw,1098,40,0.12115151065675259,0.014622621980930197,0.10652888867582239
supported,within_prompt_shuffle,38,common,1098,40,0.12115151065675259,-6.619083776077862e-05,0.12121770149451337
supported,within_prompt_shuffle,38,per_draw,1098,40,0.12115151065675259,-6.619083776077862e-05,0.12121770149451337
supported,within_prompt_shuffle,39,common,1098,40,0.12115151065675259,0.003343160615149654,0.11780835004160294
supported,within_prompt_shuffle,39,per_draw,1098,40,0.12115151065675259,0.003343160615149654,0.11780835004160294
supported,within_prompt_shuffle,40,common,1098,40,0.12115151065675259,-0.00013917321022045292,0.12129068386697305
supported,within_prompt_shuffle,40,per_draw,1098,40,0.12115151065675259,-0.00013917321022045292,0.12129068386697305
supported,within_prompt_shuffle,41,common,1098,40,0.12115151065675259,0.0006907316085081716,0.12046077904824441
supported,within_prompt_shuffle,41,per_draw,1098,40,0.12115151065675259,0.0006907316085081716,0.12046077904824441
supported,within_prompt_shuffle,42,common,1098,40,0.12115151065675259,0.009562882949999107,0.11158862770675348
supported,within_prompt_shuffle,42,per_draw,1098,40,0.12115151065675259,0.009562882949999107,0.11158862770675348
supported,within_prompt_shuffle,43,common,1098,40,0.12115151065675259,0.002280287142688436,0.11887122351406415
supported,within_prompt_shuffle,43,per_draw,1098,40,0.12115151065675259,0.002280287142688436,0.11887122351406415
supported,within_prompt_shuffle,44,common,1098,40,0.12115151065675259,0.001874409656394562,0.11927710100035803
supported,within_prompt_shuffle,44,per_draw,1098,40,0.12115151065675259,0.001874409656394562,0.11927710100035803
supported,within_prompt_shuffle,45,common,1098,40,0.12115151065675259,0.002342376491643888,0.1188091341651087
supported,within_prompt_shuffle,45,per_draw,1098,40,0.12115151065675259,0.002342376491643888,0.1188091341651087
supported,within_prompt_shuffle,46,common,1098,40,0.12115151065675259,0.007084377891224997,0.11406713276552759
supported,within_prompt_shuffle,46,per_draw,1098,40,0.12115151065675259,0.007084377891224997,0.11406713276552759
supported,within_prompt_shuffle,47,common,1098,40,0.12115151065675259,0.003307592608340495,0.11784391804841209
supported,within_prompt_shuffle,47,per_draw,1098,40,0.12115151065675259,0.003307592608340495,0.11784391804841209
supported,within_prompt_shuffle,48,common,1098,40,0.12115151065675259,0.005927253592666779,0.1152242570640858
supported,within_prompt_shuffle,48,per_draw,1098,40,0.12115151065675259,0.005927253592666779,0.1152242570640858
supported,within_prompt_shuffle,49,common,1098,40,0.12115151065675259,0.0007067064163941171,0.12044480424035847
supported,within_prompt_shuffle,49,per_draw,1098,40,0.12115151065675259,0.0007067064163941171,0.12044480424035847
supported,within_prompt_shuffle,50,common,1098,40,0.12115151065675259,0.009609050105222781,0.1115424605515298
supported,within_prompt_shuffle,50,per_draw,1098,40,0.12115151065675259,0.009609050105222781,0.1115424605515298
supported,within_prompt_shuffle,51,common,1098,40,0.12115151065675259,0.006332764044824325,0.11481874661192826
supported,within_prompt_shuffle,51,per_draw,1098,40,0.12115151065675259,0.006332764044824325,0.11481874661192826
supported,within_prompt_shuffle,52,common,1098,40,0.12115151065675259,0.001635555425276724,0.11951595523147586
supported,within_prompt_shuffle,52,per_draw,1098,40,0.12115151065675259,0.001635555425276724,0.11951595523147586
supported,within_prompt_shuffle,53,common,1098,40,0.12115151065675259,-0.0009880870737289742,0.12213959773048157
supported,within_prompt_shuffle,53,per_draw,1098,40,0.12115151065675259,-0.0009880870737289742,0.12213959773048157
supported,within_prompt_shuffle,54,common,1098,40,0.12115151065675259,0.0022843816886262353,0.11886712896812635
supported,within_prompt_shuffle,54,per_draw,1098,40,0.12115151065675259,0.0022843816886262353,0.11886712896812635
supported,within_prompt_shuffle,55,common,1098,40,0.12115151065675259,0.003755169769506843,0.11739634088724574
supported,within_prompt_shuffle,55,per_draw,1098,40,0.12115151065675259,0.003755169769506843,0.11739634088724574
supported,within_prompt_shuffle,56,common,1098,40,0.12115151065675259,-0.0012141154149922565,0.12236562607174484
supported,within_prompt_shuffle,56,per_draw,1098,40,0.12115151065675259,-0.0012141154149922565,0.12236562607174484
supported,within_prompt_shuffle,57,common,1098,40,0.12115151065675259,0.0006254777058288023,0.12052603295092379
supported,within_prompt_shuffle,57,per_draw,1098,40,0.12115151065675259,0.0006254777058288023,0.12052603295092379
supported,within_prompt_shuffle,58,common,1098,40,0.12115151065675259,-0.0028219691341994746,0.12397347979095207
supported,within_prompt_shuffle,58,per_draw,1098,40,0.12115151065675259,-0.0028219691341994746,0.12397347979095207
supported,within_prompt_shuffle,59,common,1098,40,0.12115151065675259,0.0011649489655017127,0.11998656169125087
supported,within_prompt_shuffle,59,per_draw,1098,40,0.12115151065675259,0.0011649489655017127,0.11998656169125087
supported,within_prompt_shuffle,60,common,1098,40,0.12115151065675259,0.006634654091758528,0.11451685656499405
supported,within_prompt_shuffle,60,per_draw,1098,40,0.12115151065675259,0.006634654091758528,0.11451685656499405
supported,within_prompt_shuffle,61,common,1098,40,0.12115151065675259,0.022034375711858768,0.09911713494489383
supported,within_prompt_shuffle,61,per_draw,1098,40,0.12115151065675259,0.022034375711858768,0.09911713494489383
supported,within_prompt_shuffle,62,common,1098,40,0.12115151065675259,0.007170855226047932,0.11398065543070465
supported,within_prompt_shuffle,62,per_draw,1098,40,0.12115151065675259,0.007170855226047932,0.11398065543070465
supported,within_prompt_shuffle,63,common,1098,40,0.12115151065675259,-0.007249417329648342,0.12840092798640093
supported,within_prompt_shuffle,63,per_draw,1098,40,0.12115151065675259,-0.007249417329648342,0.12840092798640093
supported,within_prompt_shuffle,64,common,1098,40,0.12115151065675259,0.001509081684889247,0.11964242897186333
supported,within_prompt_shuffle,64,per_draw,1098,40,0.12115151065675259,0.001509081684889247,0.11964242897186333
supported,within_prompt_shuffle,65,common,1098,40,0.12115151065675259,-0.002253559300089459,0.12340506995684204
supported,within_prompt_shuffle,65,per_draw,1098,40,0.12115151065675259,-0.002253559300089459,0.12340506995684204
supported,within_prompt_shuffle,66,common,1098,40,0.12115151065675259,-0.003953248827343289,0.12510475948409588
supported,within_prompt_shuffle,66,per_draw,1098,40,0.12115151065675259,-0.003953248827343289,0.12510475948409588
supported,within_prompt_shuffle,67,common,1098,40,0.12115151065675259,-0.00042012336031657107,0.12157163401706916
supported,within_prompt_shuffle,67,per_draw,1098,40,0.12115151065675259,-0.00042012336031657107,0.12157163401706916
supported,within_prompt_shuffle,68,common,1098,40,0.12115151065675259,0.003938604638591489,0.1172129060181611
supported,within_prompt_shuffle,68,per_draw,1098,40,0.12115151065675259,0.003938604638591489,0.1172129060181611
supported,within_prompt_shuffle,69,common,1098,40,0.12115151065675259,0.0020205551972855276,0.11913095545946706
supported,within_prompt_shuffle,69,per_draw,1098,40,0.12115151065675259,0.0020205551972855276,0.11913095545946706
supported,within_prompt_shuffle,70,common,1098,40,0.12115151065675259,0.007654246806879548,0.11349726384987303
supported,within_prompt_shuffle,70,per_draw,1098,40,0.12115151065675259,0.007654246806879548,0.11349726384987303
supported,within_prompt_shuffle,71,common,1098,40,0.12115151065675259,0.01005949712238317,0.11109201353436941
supported,within_prompt_shuffle,71,per_draw,1098,40,0.12115151065675259,0.01005949712238317,0.11109201353436941
supported,within_prompt_shuffle,72,common,1098,40,0.12115151065675259,0.01490672676313728,0.1062447838936153
supported,within_prompt_shuffle,72,per_draw,1098,40,0.12115151065675259,0.01490672676313728,0.1062447838936153
supported,within_prompt_shuffle,73,common,1098,40,0.12115151065675259,0.0007112628360410572,0.12044024782071153
supported,within_prompt_shuffle,73,per_draw,1098,40,0.12115151065675259,0.0007112628360410572,0.12044024782071153
supported,within_prompt_shuffle,74,common,1098,40,0.12115151065675259,-0.002128845407964866,0.12328035606471745
supported,within_prompt_shuffle,74,per_draw,1098,40,0.12115151065675259,-0.002128845407964866,0.12328035606471745
supported,within_prompt_shuffle,75,common,1098,40,0.12115151065675259,-0.006110322193482882,0.12726183285023546
supported,within_prompt_shuffle,75,per_draw,1098,40,0.12115151065675259,-0.006110322193482882,0.12726183285023546
supported,within_prompt_shuffle,76,common,1098,40,0.12115151065675259,0.007382136459461719,0.11376937419729087
supported,within_prompt_shuffle,76,per_draw,1098,40,0.12115151065675259,0.007382136459461719,0.11376937419729087
supported,within_prompt_shuffle,77,common,1098,40,0.12115151065675259,0.011059137151881353,0.11009237350487124
supported,within_prompt_shuffle,77,per_draw,1098,40,0.12115151065675259,0.011059137151881353,0.11009237350487124
supported,within_prompt_shuffle,78,common,1098,40,0.12115151065675259,0.00917536855771012,0.11197614209904247
supported,within_prompt_shuffle,78,per_draw,1098,40,0.12115151065675259,0.00917536855771012,0.11197614209904247
supported,within_prompt_shuffle,79,common,1098,40,0.12115151065675259,-0.0012977466962659653,0.12244925735301855
supported,within_prompt_shuffle,79,per_draw,1098,40,0.12115151065675259,-0.0012977466962659653,0.12244925735301855
supported,within_prompt_shuffle,80,common,1098,40,0.12115151065675259,0.012927753734652575,0.10822375692210001
supported,within_prompt_shuffle,80,per_draw,1098,40,0.12115151065675259,0.012927753734652575,0.10822375692210001
supported,within_prompt_shuffle,81,common,1098,40,0.12115151065675259,0.006841539770099841,0.11430997088665275
supported,within_prompt_shuffle,81,per_draw,1098,40,0.12115151065675259,0.006841539770099841,0.11430997088665275
supported,within_prompt_shuffle,82,common,1098,40,0.12115151065675259,0.00617692650390745,0.11497458415284514
supported,within_prompt_shuffle,82,per_draw,1098,40,0.12115151065675259,0.00617692650390745,0.11497458415284514
supported,within_prompt_shuffle,83,common,1098,40,0.12115151065675259,-0.003885198576048643,0.12503670923280122
supported,within_prompt_shuffle,83,per_draw,1098,40,0.12115151065675259,-0.003885198576048643,0.12503670923280122
supported,within_prompt_shuffle,84,common,1098,40,0.12115151065675259,0.004873945494424923,0.11627756516232766
supported,within_prompt_shuffle,84,per_draw,1098,40,0.12115151065675259,0.004873945494424923,0.11627756516232766
supported,within_prompt_shuffle,85,common,1098,40,0.12115151065675259,0.0071560640497188716,0.11399544660703372
supported,within_prompt_shuffle,85,per_draw,1098,40,0.12115151065675259,0.0071560640497188716,0.11399544660703372
supported,within_prompt_shuffle,86,common,1098,40,0.12115151065675259,0.0025545558907713755,0.11859695476598121
supported,within_prompt_shuffle,86,per_draw,1098,40,0.12115151065675259,0.0025545558907713755,0.11859695476598121
supported,within_prompt_shuffle,87,common,1098,40,0.12115151065675259,0.01019204325773857,0.11095946739901402
supported,within_prompt_shuffle,87,per_draw,1098,40,0.12115151065675259,0.01019204325773857,0.11095946739901402
supported,within_prompt_shuffle,88,common,1098,40,0.12115151065675259,0.0044473526365577335,0.11670415802019485
supported,within_prompt_shuffle,88,per_draw,1098,40,0.12115151065675259,0.0044473526365577335,0.11670415802019485
supported,within_prompt_shuffle,89,common,1098,40,0.12115151065675259,0.0013202204432103148,0.11983129021354227
supported,within_prompt_shuffle,89,per_draw,1098,40,0.12115151065675259,0.0013202204432103148,0.11983129021354227
supported,within_prompt_shuffle,90,common,1098,40,0.12115151065675259,-0.00096992918258302,0.12212143983933561
supported,within_prompt_shuffle,90,per_draw,1098,40,0.12115151065675259,-0.00096992918258302,0.12212143983933561
supported,within_prompt_shuffle,91,common,1098,40,0.12115151065675259,-0.0011234089560095335,0.12227491961276211
supported,within_prompt_shuffle,91,per_draw,1098,40,0.12115151065675259,-0.0011234089560095335,0.12227491961276211
supported,within_prompt_shuffle,92,common,1098,40,0.12115151065675259,0.004626938431624176,0.11652457222512841
supported,within_prompt_shuffle,92,per_draw,1098,40,0.12115151065675259,0.004626938431624176,0.11652457222512841
supported,within_prompt_shuffle,93,common,1098,40,0.12115151065675259,-0.007513823409774897,0.12866533406652747
supported,within_prompt_shuffle,93,per_draw,1098,40,0.12115151065675259,-0.007513823409774897,0.12866533406652747
supported,within_prompt_shuffle,94,common,1098,40,0.12115151065675259,0.0027610653048720283,0.11839044535188056
supported,within_prompt_shuffle,94,per_draw,1098,40,0.12115151065675259,0.0027610653048720283,0.11839044535188056
supported,within_prompt_shuffle,95,common,1098,40,0.12115151065675259,0.0018863796413783967,0.11926513101537418
supported,within_prompt_shuffle,95,per_draw,1098,40,0.12115151065675259,0.0018863796413783967,0.11926513101537418
supported,within_prompt_shuffle,96,common,1098,40,0.12115151065675259,0.006922029283048986,0.1142294813737036
supported,within_prompt_shuffle,96,per_draw,1098,40,0.12115151065675259,0.006922029283048986,0.1142294813737036
supported,within_prompt_shuffle,97,common,1098,40,0.12115151065675259,0.0031116592133049303,0.11803985144344765
supported,within_prompt_shuffle,97,per_draw,1098,40,0.12115151065675259,0.0031116592133049303,0.11803985144344765
supported,within_prompt_shuffle,98,common,1098,40,0.12115151065675259,-0.0032414823788373195,0.1243929930355899
supported,within_prompt_shuffle,98,per_draw,1098,40,0.12115151065675259,-0.0032414823788373195,0.1243929930355899
supported,within_prompt_shuffle,99,common,1098,40,0.12115151065675259,-0.00426825100656966,0.12541976166332225
supported,within_prompt_shuffle,99,per_draw,1098,40,0.12115151065675259,-0.00426825100656966,0.12541976166332225
supported,within_prompt_shuffle,100,common,1098,40,0.12115151065675259,0.0026785134184253425,0.11847299723832724
supported,within_prompt_shuffle,100,per_draw,1098,40,0.12115151065675259,0.0026785134184253425,0.11847299723832724
supported,within_prompt_shuffle,101,common,1098,40,0.12115151065675259,0.007176874055026225,0.11397463660172637
supported,within_prompt_shuffle,101,per_draw,1098,40,0.12115151065675259,0.007176874055026225,0.11397463660172637
supported,within_prompt_shuffle,102,common,1098,40,0.12115151065675259,0.0036904384862761095,0.11746107217047648
supported,within_prompt_shuffle,102,per_draw,1098,40,0.12115151065675259,0.0036904384862761095,0.11746107217047648
supported,within_prompt_shuffle,103,common,1098,40,0.12115151065675259,0.014438633518405705,0.10671287713834689
supported,within_prompt_shuffle,103,per_draw,1098,40,0.12115151065675259,0.014438633518405705,0.10671287713834689
supported,within_prompt_shuffle,104,common,1098,40,0.12115151065675259,-0.0022944148226262256,0.12344592547937881
supported,within_prompt_shuffle,104,per_draw,1098,40,0.12115151065675259,-0.0022944148226262256,0.12344592547937881
supported,within_prompt_shuffle,105,common,1098,40,0.12115151065675259,0.00028989056067131835,0.12086162009608127
supported,within_prompt_shuffle,105,per_draw,1098,40,0.12115151065675259,0.00028989056067131835,0.12086162009608127
supported,within_prompt_shuffle,106,common,1098,40,0.12115151065675259,-0.016403263091451042,0.13755477374820363
supported,within_prompt_shuffle,106,per_draw,1098,40,0.12115151065675259,-0.016403263091451042,0.13755477374820363
supported,within_prompt_shuffle,107,common,1098,40,0.12115151065675259,0.00816286331437575,0.11298864734237683
supported,within_prompt_shuffle,107,per_draw,1098,40,0.12115151065675259,0.00816286331437575,0.11298864734237683
supported,within_prompt_shuffle,108,common,1098,40,0.12115151065675259,0.002836524905626022,0.11831498575112656
supported,within_prompt_shuffle,108,per_draw,1098,40,0.12115151065675259,0.002836524905626022,0.11831498575112656
supported,within_prompt_shuffle,109,common,1098,40,0.12115151065675259,0.00025082611709443105,0.12090068453965816
supported,within_prompt_shuffle,109,per_draw,1098,40,0.12115151065675259,0.00025082611709443105,0.12090068453965816
supported,within_prompt_shuffle,110,common,1098,40,0.12115151065675259,0.0012641571364615206,0.11988735352029106
supported,within_prompt_shuffle,110,per_draw,1098,40,0.12115151065675259,0.0012641571364615206,0.11988735352029106
supported,within_prompt_shuffle,111,common,1098,40,0.12115151065675259,-0.009148869187208303,0.1303003798439609
supported,within_prompt_shuffle,111,per_draw,1098,40,0.12115151065675259,-0.009148869187208303,0.1303003798439609
supported,within_prompt_shuffle,112,common,1098,40,0.12115151065675259,0.005410591859523953,0.11574091879722863
supported,within_prompt_shuffle,112,per_draw,1098,40,0.12115151065675259,0.005410591859523953,0.11574091879722863
supported,within_prompt_shuffle,113,common,1098,40,0.12115151065675259,0.002173281046442198,0.11897822961031039
supported,within_prompt_shuffle,113,per_draw,1098,40,0.12115151065675259,0.002173281046442198,0.11897822961031039
supported,within_prompt_shuffle,114,common,1098,40,0.12115151065675259,0.004505049061013271,0.11664646159573931
supported,within_prompt_shuffle,114,per_draw,1098,40,0.12115151065675259,0.004505049061013271,0.11664646159573931
supported,within_prompt_shuffle,115,common,1098,40,0.12115151065675259,0.004624047903712863,0.11652746275303973
supported,within_prompt_shuffle,115,per_draw,1098,40,0.12115151065675259,0.004624047903712863,0.11652746275303973
supported,within_prompt_shuffle,116,common,1098,40,0.12115151065675259,0.007722871527234612,0.11342863912951798
supported,within_prompt_shuffle,116,per_draw,1098,40,0.12115151065675259,0.007722871527234612,0.11342863912951798
supported,within_prompt_shuffle,117,common,1098,40,0.12115151065675259,-0.003208808965483844,0.12436031962223643
supported,within_prompt_shuffle,117,per_draw,1098,40,0.12115151065675259,-0.003208808965483844,0.12436031962223643
supported,within_prompt_shuffle,118,common,1098,40,0.12115151065675259,-0.0023159018625346635,0.12346741251928725
supported,within_prompt_shuffle,118,per_draw,1098,40,0.12115151065675259,-0.0023159018625346635,0.12346741251928725
supported,within_prompt_shuffle,119,common,1098,40,0.12115151065675259,0.0010685591541416916,0.12008295150261089
supported,within_prompt_shuffle,119,per_draw,1098,40,0.12115151065675259,0.0010685591541416916,0.12008295150261089
supported,within_prompt_shuffle,120,common,1098,40,0.12115151065675259,0.00201965386515556,0.11913185679159703
supported,within_prompt_shuffle,120,per_draw,1098,40,0.12115151065675259,0.00201965386515556,0.11913185679159703
supported,within_prompt_shuffle,121,common,1098,40,0.12115151065675259,0.009761896290933247,0.11138961436581934
supported,within_prompt_shuffle,121,per_draw,1098,40,0.12115151065675259,0.009761896290933247,0.11138961436581934
supported,within_prompt_shuffle,122,common,1098,40,0.12115151065675259,-0.004356835865385336,0.12550834652213794
supported,within_prompt_shuffle,122,per_draw,1098,40,0.12115151065675259,-0.004356835865385336,0.12550834652213794
supported,within_prompt_shuffle,123,common,1098,40,0.12115151065675259,0.003065619976811071,0.11808589067994152
supported,within_prompt_shuffle,123,per_draw,1098,40,0.12115151065675259,0.003065619976811071,0.11808589067994152
supported,within_prompt_shuffle,124,common,1098,40,0.12115151065675259,0.002722269291811607,0.11842924136494098
supported,within_prompt_shuffle,124,per_draw,1098,40,0.12115151065675259,0.002722269291811607,0.11842924136494098
supported,within_prompt_shuffle,125,common,1098,40,0.12115151065675259,-0.0002503569090247796,0.12140186756577737
supported,within_prompt_shuffle,125,per_draw,1098,40,0.12115151065675259,-0.0002503569090247796,0.12140186756577737
supported,within_prompt_shuffle,126,common,1098,40,0.12115151065675259,-0.005853705171891094,0.12700521582864369
supported,within_prompt_shuffle,126,per_draw,1098,40,0.12115151065675259,-0.005853705171891094,0.12700521582864369
supported,within_prompt_shuffle,127,common,1098,40,0.12115151065675259,0.0004233673815296379,0.12072814327522295
supported,within_prompt_shuffle,127,per_draw,1098,40,0.12115151065675259,0.0004233673815296379,0.12072814327522295
supported,within_prompt_position_shuffle,0,common,1098,40,0.12115151065675259,-0.0007700525434059708,0.12192156320015855
supported,within_prompt_position_shuffle,0,per_draw,1098,40,0.12115151065675259,-0.0007700525434059708,0.12192156320015855
supported,within_prompt_position_shuffle,1,common,1098,40,0.12115151065675259,0.0024701397968002635,0.11868137085995233
supported,within_prompt_position_shuffle,1,per_draw,1098,40,0.12115151065675259,0.0024701397968002635,0.11868137085995233
supported,within_prompt_position_shuffle,2,common,1098,40,0.12115151065675259,0.01491030607934334,0.10624120457740925
supported,within_prompt_position_shuffle,2,per_draw,1098,40,0.12115151065675259,0.01491030607934334,0.10624120457740925
supported,within_prompt_position_shuffle,3,common,1098,40,0.12115151065675259,0.012978341592844361,0.10817316906390823
supported,within_prompt_position_shuffle,3,per_draw,1098,40,0.12115151065675259,0.012978341592844361,0.10817316906390823
supported,within_prompt_position_shuffle,4,common,1098,40,0.12115151065675259,0.02297810414181098,0.09817340651494161
supported,within_prompt_position_shuffle,4,per_draw,1098,40,0.12115151065675259,0.02297810414181098,0.09817340651494161
supported,within_prompt_position_shuffle,5,common,1098,40,0.12115151065675259,0.013534166393535479,0.1076173442632171
supported,within_prompt_position_shuffle,5,per_draw,1098,40,0.12115151065675259,0.013534166393535479,0.1076173442632171
supported,within_prompt_position_shuffle,6,common,1098,40,0.12115151065675259,0.009808470744999312,0.11134303991175327
supported,within_prompt_position_shuffle,6,per_draw,1098,40,0.12115151065675259,0.009808470744999312,0.11134303991175327
supported,within_prompt_position_shuffle,7,common,1098,40,0.12115151065675259,0.007279075699123729,0.11387243495762886
supported,within_prompt_position_shuffle,7,per_draw,1098,40,0.12115151065675259,0.007279075699123729,0.11387243495762886
supported,within_prompt_position_shuffle,8,common,1098,40,0.12115151065675259,0.018142684084838222,0.10300882657191436
supported,within_prompt_position_shuffle,8,per_draw,1098,40,0.12115151065675259,0.018142684084838222,0.10300882657191436
supported,within_prompt_position_shuffle,9,common,1098,40,0.12115151065675259,0.007403466144172985,0.1137480445125796
supported,within_prompt_position_shuffle,9,per_draw,1098,40,0.12115151065675259,0.007403466144172985,0.1137480445125796
supported,within_prompt_position_shuffle,10,common,1098,40,0.12115151065675259,0.002967775565440727,0.11818373509131186
supported,within_prompt_position_shuffle,10,per_draw,1098,40,0.12115151065675259,0.002967775565440727,0.11818373509131186
supported,within_prompt_position_shuffle,11,common,1098,40,0.12115151065675259,0.01034905525133597,0.11080245540541661
supported,within_prompt_position_shuffle,11,per_draw,1098,40,0.12115151065675259,0.01034905525133597,0.11080245540541661
supported,within_prompt_position_shuffle,12,common,1098,40,0.12115151065675259,0.008522350872674962,0.11262915978407763
supported,within_prompt_position_shuffle,12,per_draw,1098,40,0.12115151065675259,0.008522350872674962,0.11262915978407763
supported,within_prompt_position_shuffle,13,common,1098,40,0.12115151065675259,0.01369090342791528,0.10746060722883731
supported,within_prompt_position_shuffle,13,per_draw,1098,40,0.12115151065675259,0.01369090342791528,0.10746060722883731
supported,within_prompt_position_shuffle,14,common,1098,40,0.12115151065675259,-0.00018770559647354884,0.12133921625322613
supported,within_prompt_position_shuffle,14,per_draw,1098,40,0.12115151065675259,-0.00018770559647354884,0.12133921625322613
supported,within_prompt_position_shuffle,15,common,1098,40,0.12115151065675259,0.007676411360365345,0.11347509929638724
supported,within_prompt_position_shuffle,15,per_draw,1098,40,0.12115151065675259,0.007676411360365345,0.11347509929638724
supported,within_prompt_position_shuffle,16,common,1098,40,0.12115151065675259,0.018377916010413838,0.10277359464633876
supported,within_prompt_position_shuffle,16,per_draw,1098,40,0.12115151065675259,0.018377916010413838,0.10277359464633876
supported,within_prompt_position_shuffle,17,common,1098,40,0.12115151065675259,0.01612318888070275,0.10502832177604984
supported,within_prompt_position_shuffle,17,per_draw,1098,40,0.12115151065675259,0.01612318888070275,0.10502832177604984
supported,within_prompt_position_shuffle,18,common,1098,40,0.12115151065675259,-0.0016322025656546808,0.12278371322240726
supported,within_prompt_position_shuffle,18,per_draw,1098,40,0.12115151065675259,-0.0016322025656546808,0.12278371322240726
supported,within_prompt_position_shuffle,19,common,1098,40,0.12115151065675259,0.00393531239906088,0.11721619825769171
supported,within_prompt_position_shuffle,19,per_draw,1098,40,0.12115151065675259,0.00393531239906088,0.11721619825769171
supported,within_prompt_position_shuffle,20,common,1098,40,0.12115151065675259,0.00666049173100153,0.11449101892575106
supported,within_prompt_position_shuffle,20,per_draw,1098,40,0.12115151065675259,0.00666049173100153,0.11449101892575106
supported,within_prompt_position_shuffle,21,common,1098,40,0.12115151065675259,0.004624094910436743,0.11652741574631584
supported,within_prompt_position_shuffle,21,per_draw,1098,40,0.12115151065675259,0.004624094910436743,0.11652741574631584
supported,within_prompt_position_shuffle,22,common,1098,40,0.12115151065675259,0.0009946396488451138,0.12015687100790748
supported,within_prompt_position_shuffle,22,per_draw,1098,40,0.12115151065675259,0.0009946396488451138,0.12015687100790748
supported,within_prompt_position_shuffle,23,common,1098,40,0.12115151065675259,0.007556363468857625,0.11359514718789496
supported,within_prompt_position_shuffle,23,per_draw,1098,40,0.12115151065675259,0.007556363468857625,0.11359514718789496
supported,within_prompt_position_shuffle,24,common,1098,40,0.12115151065675259,0.006341759100978117,0.11480975155577447
supported,within_prompt_position_shuffle,24,per_draw,1098,40,0.12115151065675259,0.006341759100978117,0.11480975155577447
supported,within_prompt_position_shuffle,25,common,1098,40,0.12115151065675259,0.005320595779765572,0.11583091487698702
supported,within_prompt_position_shuffle,25,per_draw,1098,40,0.12115151065675259,0.005320595779765572,0.11583091487698702
supported,within_prompt_position_shuffle,26,common,1098,40,0.12115151065675259,0.014337092179574,0.10681441847717858
supported,within_prompt_position_shuffle,26,per_draw,1098,40,0.12115151065675259,0.014337092179574,0.10681441847717858
supported,within_prompt_position_shuffle,27,common,1098,40,0.12115151065675259,0.005176053983684552,0.11597545667306804
supported,within_prompt_position_shuffle,27,per_draw,1098,40,0.12115151065675259,0.005176053983684552,0.11597545667306804
supported,within_prompt_position_shuffle,28,common,1098,40,0.12115151065675259,0.016224662281756203,0.10492684837499638
supported,within_prompt_position_shuffle,28,per_draw,1098,40,0.12115151065675259,0.016224662281756203,0.10492684837499638
supported,within_prompt_position_shuffle,29,common,1098,40,0.12115151065675259,0.01495328853786107,0.10619822211889152
supported,within_prompt_position_shuffle,29,per_draw,1098,40,0.12115151065675259,0.01495328853786107,0.10619822211889152
supported,within_prompt_position_shuffle,30,common,1098,40,0.12115151065675259,-0.00034829370247146837,0.12149980435922406
supported,within_prompt_position_shuffle,30,per_draw,1098,40,0.12115151065675259,-0.00034829370247146837,0.12149980435922406
supported,within_prompt_position_shuffle,31,common,1098,40,0.12115151065675259,0.005131212848761954,0.11602029780799063
supported,within_prompt_position_shuffle,31,per_draw,1098,40,0.12115151065675259,0.005131212848761954,0.11602029780799063
supported,within_prompt_position_shuffle,32,common,1098,40,0.12115151065675259,0.0061961895274789,0.11495532112927369
supported,within_prompt_position_shuffle,32,per_draw,1098,40,0.12115151065675259,0.0061961895274789,0.11495532112927369
supported,within_prompt_position_shuffle,33,common,1098,40,0.12115151065675259,0.014913832254799883,0.10623767840195271
supported,within_prompt_position_shuffle,33,per_draw,1098,40,0.12115151065675259,0.014913832254799883,0.10623767840195271
supported,within_prompt_position_shuffle,34,common,1098,40,0.12115151065675259,-0.005046552343195511,0.1261980629999481
supported,within_prompt_position_shuffle,34,per_draw,1098,40,0.12115151065675259,-0.005046552343195511,0.1261980629999481
supported,within_prompt_position_shuffle,35,common,1098,40,0.12115151065675259,-0.004295335673846938,0.12544684633059952
supported,within_prompt_position_shuffle,35,per_draw,1098,40,0.12115151065675259,-0.004295335673846938,0.12544684633059952
supported,within_prompt_position_shuffle,36,common,1098,40,0.12115151065675259,0.012288356393110223,0.10886315426364236
supported,within_prompt_position_shuffle,36,per_draw,1098,40,0.12115151065675259,0.012288356393110223,0.10886315426364236
supported,within_prompt_position_shuffle,37,common,1098,40,0.12115151065675259,0.003589077290879797,0.11756243336587278
supported,within_prompt_position_shuffle,37,per_draw,1098,40,0.12115151065675259,0.003589077290879797,0.11756243336587278
supported,within_prompt_position_shuffle,38,common,1098,40,0.12115151065675259,0.013488345644318897,0.10766316501243368
supported,within_prompt_position_shuffle,38,per_draw,1098,40,0.12115151065675259,0.013488345644318897,0.10766316501243368
supported,within_prompt_position_shuffle,39,common,1098,40,0.12115151065675259,0.002277410321243915,0.11887410033550867
supported,within_prompt_position_shuffle,39,per_draw,1098,40,0.12115151065675259,0.002277410321243915,0.11887410033550867
supported,within_prompt_position_shuffle,40,common,1098,40,0.12115151065675259,0.008043993249511225,0.11310751740724136
supported,within_prompt_position_shuffle,40,per_draw,1098,40,0.12115151065675259,0.008043993249511225,0.11310751740724136
supported,within_prompt_position_shuffle,41,common,1098,40,0.12115151065675259,0.006618263602872864,0.11453324705387972
supported,within_prompt_position_shuffle,41,per_draw,1098,40,0.12115151065675259,0.006618263602872864,0.11453324705387972
supported,within_prompt_position_shuffle,42,common,1098,40,0.12115151065675259,0.014908901926318743,0.10624260873043384
supported,within_prompt_position_shuffle,42,per_draw,1098,40,0.12115151065675259,0.014908901926318743,0.10624260873043384
supported,within_prompt_position_shuffle,43,common,1098,40,0.12115151065675259,0.016065918499717367,0.10508559215703522
supported,within_prompt_position_shuffle,43,per_draw,1098,40,0.12115151065675259,0.016065918499717367,0.10508559215703522
supported,within_prompt_position_shuffle,44,common,1098,40,0.12115151065675259,0.000531811497017336,0.12061969915973525
supported,within_prompt_position_shuffle,44,per_draw,1098,40,0.12115151065675259,0.000531811497017336,0.12061969915973525
supported,within_prompt_position_shuffle,45,common,1098,40,0.12115151065675259,0.005422903562203852,0.11572860709454874
supported,within_prompt_position_shuffle,45,per_draw,1098,40,0.12115151065675259,0.005422903562203852,0.11572860709454874
supported,within_prompt_position_shuffle,46,common,1098,40,0.12115151065675259,0.008871923195221343,0.11227958746153124
supported,within_prompt_position_shuffle,46,per_draw,1098,40,0.12115151065675259,0.008871923195221343,0.11227958746153124
supported,within_prompt_position_shuffle,47,common,1098,40,0.12115151065675259,0.006170752014848992,0.1149807586419036
supported,within_prompt_position_shuffle,47,per_draw,1098,40,0.12115151065675259,0.006170752014848992,0.1149807586419036
supported,within_prompt_position_shuffle,48,common,1098,40,0.12115151065675259,0.009865699583630257,0.11128581107312233
supported,within_prompt_position_shuffle,48,per_draw,1098,40,0.12115151065675259,0.009865699583630257,0.11128581107312233
supported,within_prompt_position_shuffle,49,common,1098,40,0.12115151065675259,0.01619005138340255,0.10496145927335004
supported,within_prompt_position_shuffle,49,per_draw,1098,40,0.12115151065675259,0.01619005138340255,0.10496145927335004
supported,within_prompt_position_shuffle,50,common,1098,40,0.12115151065675259,0.02473572478708099,0.09641578586967159
supported,within_prompt_position_shuffle,50,per_draw,1098,40,0.12115151065675259,0.02473572478708099,0.09641578586967159
supported,within_prompt_position_shuffle,51,common,1098,40,0.12115151065675259,0.008521911317046044,0.11262959933970654
supported,within_prompt_position_shuffle,51,per_draw,1098,40,0.12115151065675259,0.008521911317046044,0.11262959933970654
supported,within_prompt_position_shuffle,52,common,1098,40,0.12115151065675259,0.0024494543020362864,0.1187020563547163
supported,within_prompt_position_shuffle,52,per_draw,1098,40,0.12115151065675259,0.0024494543020362864,0.1187020563547163
supported,within_prompt_position_shuffle,53,common,1098,40,0.12115151065675259,0.023778199576265376,0.09737331108048722
supported,within_prompt_position_shuffle,53,per_draw,1098,40,0.12115151065675259,0.023778199576265376,0.09737331108048722
supported,within_prompt_position_shuffle,54,common,1098,40,0.12115151065675259,0.018126246432245436,0.10302526422450715
supported,within_prompt_position_shuffle,54,per_draw,1098,40,0.12115151065675259,0.018126246432245436,0.10302526422450715
supported,within_prompt_position_shuffle,55,common,1098,40,0.12115151065675259,-0.002021198525853032,0.12317270918260562
supported,within_prompt_position_shuffle,55,per_draw,1098,40,0.12115151065675259,-0.002021198525853032,0.12317270918260562
supported,within_prompt_position_shuffle,56,common,1098,40,0.12115151065675259,0.006940675291916533,0.11421083536483606
supported,within_prompt_position_shuffle,56,per_draw,1098,40,0.12115151065675259,0.006940675291916533,0.11421083536483606
supported,within_prompt_position_shuffle,57,common,1098,40,0.12115151065675259,-0.0005835183888210242,0.12173502904557361
supported,within_prompt_position_shuffle,57,per_draw,1098,40,0.12115151065675259,-0.0005835183888210242,0.12173502904557361
supported,within_prompt_position_shuffle,58,common,1098,40,0.12115151065675259,0.019468338900294875,0.10168317175645772
supported,within_prompt_position_shuffle,58,per_draw,1098,40,0.12115151065675259,0.019468338900294875,0.10168317175645772
supported,within_prompt_position_shuffle,59,common,1098,40,0.12115151065675259,0.0014262217743053521,0.11972528888244724
supported,within_prompt_position_shuffle,59,per_draw,1098,40,0.12115151065675259,0.0014262217743053521,0.11972528888244724
supported,within_prompt_position_shuffle,60,common,1098,40,0.12115151065675259,-0.004697635945740848,0.12584914660249344
supported,within_prompt_position_shuffle,60,per_draw,1098,40,0.12115151065675259,-0.004697635945740848,0.12584914660249344
supported,within_prompt_position_shuffle,61,common,1098,40,0.12115151065675259,0.007203040000402006,0.11394847065635058
supported,within_prompt_position_shuffle,61,per_draw,1098,40,0.12115151065675259,0.007203040000402006,0.11394847065635058
supported,within_prompt_position_shuffle,62,common,1098,40,0.12115151065675259,0.016303831651052807,0.10484767900569977
supported,within_prompt_position_shuffle,62,per_draw,1098,40,0.12115151065675259,0.016303831651052807,0.10484767900569977
supported,within_prompt_position_shuffle,63,common,1098,40,0.12115151065675259,0.012694442120510994,0.1084570685362416
supported,within_prompt_position_shuffle,63,per_draw,1098,40,0.12115151065675259,0.012694442120510994,0.1084570685362416
supported,within_prompt_position_shuffle,64,common,1098,40,0.12115151065675259,0.006686330099599097,0.11446518055715349
supported,within_prompt_position_shuffle,64,per_draw,1098,40,0.12115151065675259,0.006686330099599097,0.11446518055715349
supported,within_prompt_position_shuffle,65,common,1098,40,0.12115151065675259,0.010752629441354569,0.11039888121539802
supported,within_prompt_position_shuffle,65,per_draw,1098,40,0.12115151065675259,0.010752629441354569,0.11039888121539802
supported,within_prompt_position_shuffle,66,common,1098,40,0.12115151065675259,0.01124731078962137,0.10990419986713122
supported,within_prompt_position_shuffle,66,per_draw,1098,40,0.12115151065675259,0.01124731078962137,0.10990419986713122
supported,within_prompt_position_shuffle,67,common,1098,40,0.12115151065675259,0.0016123218888096213,0.11953918876794296
supported,within_prompt_position_shuffle,67,per_draw,1098,40,0.12115151065675259,0.0016123218888096213,0.11953918876794296
supported,within_prompt_position_shuffle,68,common,1098,40,0.12115151065675259,0.006272436718731175,0.11487907393802141
supported,within_prompt_position_shuffle,68,per_draw,1098,40,0.12115151065675259,0.006272436718731175,0.11487907393802141
supported,within_prompt_position_shuffle,69,common,1098,40,0.12115151065675259,0.005226784447148596,0.11592472620960399
supported,within_prompt_position_shuffle,69,per_draw,1098,40,0.12115151065675259,0.005226784447148596,0.11592472620960399
supported,within_prompt_position_shuffle,70,common,1098,40,0.12115151065675259,0.01423899114084955,0.10691251951590304
supported,within_prompt_position_shuffle,70,per_draw,1098,40,0.12115151065675259,0.01423899114084955,0.10691251951590304
supported,within_prompt_position_shuffle,71,common,1098,40,0.12115151065675259,0.0028504118743961663,0.11830109878235642
supported,within_prompt_position_shuffle,71,per_draw,1098,40,0.12115151065675259,0.0028504118743961663,0.11830109878235642
supported,within_prompt_position_shuffle,72,common,1098,40,0.12115151065675259,0.009008300961889152,0.11214320969486344
supported,within_prompt_position_shuffle,72,per_draw,1098,40,0.12115151065675259,0.009008300961889152,0.11214320969486344
supported,within_prompt_position_shuffle,73,common,1098,40,0.12115151065675259,0.014507953206333801,0.10664355745041879
supported,within_prompt_position_shuffle,73,per_draw,1098,40,0.12115151065675259,0.014507953206333801,0.10664355745041879
supported,within_prompt_position_shuffle,74,common,1098,40,0.12115151065675259,0.0025134412430462666,0.11863806941370632
supported,within_prompt_position_shuffle,74,per_draw,1098,40,0.12115151065675259,0.0025134412430462666,0.11863806941370632
supported,within_prompt_position_shuffle,75,common,1098,40,0.12115151065675259,0.011516053093777928,0.10963545756297466
supported,within_prompt_position_shuffle,75,per_draw,1098,40,0.12115151065675259,0.011516053093777928,0.10963545756297466
supported,within_prompt_position_shuffle,76,common,1098,40,0.12115151065675259,0.0026298758499176816,0.1185216348068349
supported,within_prompt_position_shuffle,76,per_draw,1098,40,0.12115151065675259,0.0026298758499176816,0.1185216348068349
supported,within_prompt_position_shuffle,77,common,1098,40,0.12115151065675259,0.007996246542243627,0.11315526411450896
supported,within_prompt_position_shuffle,77,per_draw,1098,40,0.12115151065675259,0.007996246542243627,0.11315526411450896
supported,within_prompt_position_shuffle,78,common,1098,40,0.12115151065675259,0.0196228608488589,0.1015286498078937
supported,within_prompt_position_shuffle,78,per_draw,1098,40,0.12115151065675259,0.0196228608488589,0.1015286498078937
supported,within_prompt_position_shuffle,79,common,1098,40,0.12115151065675259,0.013241268110897852,0.10791024254585474
supported,within_prompt_position_shuffle,79,per_draw,1098,40,0.12115151065675259,0.013241268110897852,0.10791024254585474
supported,within_prompt_position_shuffle,80,common,1098,40,0.12115151065675259,0.004050968898143922,0.11710054175860866
supported,within_prompt_position_shuffle,80,per_draw,1098,40,0.12115151065675259,0.004050968898143922,0.11710054175860866
supported,within_prompt_position_shuffle,81,common,1098,40,0.12115151065675259,0.008417040233291564,0.11273447042346102
supported,within_prompt_position_shuffle,81,per_draw,1098,40,0.12115151065675259,0.008417040233291564,0.11273447042346102
supported,within_prompt_position_shuffle,82,common,1098,40,0.12115151065675259,0.005512654266701273,0.11563885639005131
supported,within_prompt_position_shuffle,82,per_draw,1098,40,0.12115151065675259,0.005512654266701273,0.11563885639005131
supported,within_prompt_position_shuffle,83,common,1098,40,0.12115151065675259,0.003897044055924579,0.11725446660082801
supported,within_prompt_position_shuffle,83,per_draw,1098,40,0.12115151065675259,0.003897044055924579,0.11725446660082801
supported,within_prompt_position_shuffle,84,common,1098,40,0.12115151065675259,0.013060521437255538,0.10809098921949704
supported,within_prompt_position_shuffle,84,per_draw,1098,40,0.12115151065675259,0.013060521437255538,0.10809098921949704
supported,within_prompt_position_shuffle,85,common,1098,40,0.12115151065675259,0.012734443867108498,0.10841706678964409
supported,within_prompt_position_shuffle,85,per_draw,1098,40,0.12115151065675259,0.012734443867108498,0.10841706678964409
supported,within_prompt_position_shuffle,86,common,1098,40,0.12115151065675259,0.012153004223124046,0.10899850643362854
supported,within_prompt_position_shuffle,86,per_draw,1098,40,0.12115151065675259,0.012153004223124046,0.10899850643362854
supported,within_prompt_position_shuffle,87,common,1098,40,0.12115151065675259,0.009665146357782007,0.11148636429897057
supported,within_prompt_position_shuffle,87,per_draw,1098,40,0.12115151065675259,0.009665146357782007,0.11148636429897057
supported,within_prompt_position_shuffle,88,common,1098,40,0.12115151065675259,0.01154064593924347,0.10961086471750911
supported,within_prompt_position_shuffle,88,per_draw,1098,40,0.12115151065675259,0.01154064593924347,0.10961086471750911
supported,within_prompt_position_shuffle,89,common,1098,40,0.12115151065675259,0.009708001798001204,0.11144350885875139
supported,within_prompt_position_shuffle,89,per_draw,1098,40,0.12115151065675259,0.009708001798001204,0.11144350885875139
supported,within_prompt_position_shuffle,90,common,1098,40,0.12115151065675259,0.009107112391189314,0.11204439826556327
supported,within_prompt_position_shuffle,90,per_draw,1098,40,0.12115151065675259,0.009107112391189314,0.11204439826556327
supported,within_prompt_position_shuffle,91,common,1098,40,0.12115151065675259,0.009741453371054334,0.11141005728569825
supported,within_prompt_position_shuffle,91,per_draw,1098,40,0.12115151065675259,0.009741453371054334,0.11141005728569825
supported,within_prompt_position_shuffle,92,common,1098,40,0.12115151065675259,0.00681162721628593,0.11433988344046665
supported,within_prompt_position_shuffle,92,per_draw,1098,40,0.12115151065675259,0.00681162721628593,0.11433988344046665
supported,within_prompt_position_shuffle,93,common,1098,40,0.12115151065675259,0.003883204492714063,0.11726830616403852
supported,within_prompt_position_shuffle,93,per_draw,1098,40,0.12115151065675259,0.003883204492714063,0.11726830616403852
supported,within_prompt_position_shuffle,94,common,1098,40,0.12115151065675259,0.021187861389075198,0.0999636492676774
supported,within_prompt_position_shuffle,94,per_draw,1098,40,0.12115151065675259,0.021187861389075198,0.0999636492676774
supported,within_prompt_position_shuffle,95,common,1098,40,0.12115151065675259,0.014889896802287667,0.10626161385446492
supported,within_prompt_position_shuffle,95,per_draw,1098,40,0.12115151065675259,0.014889896802287667,0.10626161385446492
supported,within_prompt_position_shuffle,96,common,1098,40,0.12115151065675259,0.014829170019852612,0.10632234063689998
supported,within_prompt_position_shuffle,96,per_draw,1098,40,0.12115151065675259,0.014829170019852612,0.10632234063689998
supported,within_prompt_position_shuffle,97,common,1098,40,0.12115151065675259,0.011491728645679976,0.10965978201107261
supported,within_prompt_position_shuffle,97,per_draw,1098,40,0.12115151065675259,0.011491728645679976,0.10965978201107261
supported,within_prompt_position_shuffle,98,common,1098,40,0.12115151065675259,0.01427831125641385,0.10687319940033874
supported,within_prompt_position_shuffle,98,per_draw,1098,40,0.12115151065675259,0.01427831125641385,0.10687319940033874
supported,within_prompt_position_shuffle,99,common,1098,40,0.12115151065675259,0.010250231386481118,0.11090127927027146
supported,within_prompt_position_shuffle,99,per_draw,1098,40,0.12115151065675259,0.010250231386481118,0.11090127927027146
supported,within_prompt_position_shuffle,100,common,1098,40,0.12115151065675259,0.0019948047550259473,0.11915670590172664
supported,within_prompt_position_shuffle,100,per_draw,1098,40,0.12115151065675259,0.0019948047550259473,0.11915670590172664
supported,within_prompt_position_shuffle,101,common,1098,40,0.12115151065675259,0.00025168787026964986,0.12089982278648294
supported,within_prompt_position_shuffle,101,per_draw,1098,40,0.12115151065675259,0.00025168787026964986,0.12089982278648294
supported,within_prompt_position_shuffle,102,common,1098,40,0.12115151065675259,0.012057319175036735,0.10909419148171585
supported,within_prompt_position_shuffle,102,per_draw,1098,40,0.12115151065675259,0.012057319175036735,0.10909419148171585
supported,within_prompt_position_shuffle,103,common,1098,40,0.12115151065675259,0.01825428507429706,0.10289722558245552
supported,within_prompt_position_shuffle,103,per_draw,1098,40,0.12115151065675259,0.01825428507429706,0.10289722558245552
supported,within_prompt_position_shuffle,104,common,1098,40,0.12115151065675259,0.0239181429746444,0.09723336768210819
supported,within_prompt_position_shuffle,104,per_draw,1098,40,0.12115151065675259,0.0239181429746444,0.09723336768210819
supported,within_prompt_position_shuffle,105,common,1098,40,0.12115151065675259,0.012561188012718615,0.10859032264403397
supported,within_prompt_position_shuffle,105,per_draw,1098,40,0.12115151065675259,0.012561188012718615,0.10859032264403397
supported,within_prompt_position_shuffle,106,common,1098,40,0.12115151065675259,0.015431733969766067,0.10571977668698652
supported,within_prompt_position_shuffle,106,per_draw,1098,40,0.12115151065675259,0.015431733969766067,0.10571977668698652
supported,within_prompt_position_shuffle,107,common,1098,40,0.12115151065675259,0.0064078139704793185,0.11474369668627327
supported,within_prompt_position_shuffle,107,per_draw,1098,40,0.12115151065675259,0.0064078139704793185,0.11474369668627327
supported,within_prompt_position_shuffle,108,common,1098,40,0.12115151065675259,0.009908686276062778,0.1112428243806898
supported,within_prompt_position_shuffle,108,per_draw,1098,40,0.12115151065675259,0.009908686276062778,0.1112428243806898
supported,within_prompt_position_shuffle,109,common,1098,40,0.12115151065675259,0.01165791726514179,0.1094935933916108
supported,within_prompt_position_shuffle,109,per_draw,1098,40,0.12115151065675259,0.01165791726514179,0.1094935933916108
supported,within_prompt_position_shuffle,110,common,1098,40,0.12115151065675259,0.008352276498495357,0.11279923415825722
supported,within_prompt_position_shuffle,110,per_draw,1098,40,0.12115151065675259,0.008352276498495357,0.11279923415825722
supported,within_prompt_position_shuffle,111,common,1098,40,0.12115151065675259,0.00894544657733968,0.1122060640794129
supported,within_prompt_position_shuffle,111,per_draw,1098,40,0.12115151065675259,0.00894544657733968,0.1122060640794129
supported,within_prompt_position_shuffle,112,common,1098,40,0.12115151065675259,0.004602331046708842,0.11654917961004374
supported,within_prompt_position_shuffle,112,per_draw,1098,40,0.12115151065675259,0.004602331046708842,0.11654917961004374
supported,within_prompt_position_shuffle,113,common,1098,40,0.12115151065675259,0.009105302563197946,0.11204620809355464
supported,within_prompt_position_shuffle,113,per_draw,1098,40,0.12115151065675259,0.009105302563197946,0.11204620809355464
supported,within_prompt_position_shuffle,114,common,1098,40,0.12115151065675259,-6.6146927196491024e-06,0.12115812534947223
supported,within_prompt_position_shuffle,114,per_draw,1098,40,0.12115151065675259,-6.6146927196491024e-06,0.12115812534947223
supported,within_prompt_position_shuffle,115,common,1098,40,0.12115151065675259,0.007860054199890245,0.11329145645686234
supported,within_prompt_position_shuffle,115,per_draw,1098,40,0.12115151065675259,0.007860054199890245,0.11329145645686234
supported,within_prompt_position_shuffle,116,common,1098,40,0.12115151065675259,0.0008232160891990415,0.12032829456755355
supported,within_prompt_position_shuffle,116,per_draw,1098,40,0.12115151065675259,0.0008232160891990415,0.12032829456755355
supported,within_prompt_position_shuffle,117,common,1098,40,0.12115151065675259,0.018362810896166242,0.10278869976058634
supported,within_prompt_position_shuffle,117,per_draw,1098,40,0.12115151065675259,0.018362810896166242,0.10278869976058634
supported,within_prompt_position_shuffle,118,common,1098,40,0.12115151065675259,0.006073928220342137,0.11507758243641045
supported,within_prompt_position_shuffle,118,per_draw,1098,40,0.12115151065675259,0.006073928220342137,0.11507758243641045
supported,within_prompt_position_shuffle,119,common,1098,40,0.12115151065675259,0.012858401134571023,0.10829310952218156
supported,within_prompt_position_shuffle,119,per_draw,1098,40,0.12115151065675259,0.012858401134571023,0.10829310952218156
supported,within_prompt_position_shuffle,120,common,1098,40,0.12115151065675259,0.0041019406705669025,0.11704956998618568
supported,within_prompt_position_shuffle,120,per_draw,1098,40,0.12115151065675259,0.0041019406705669025,0.11704956998618568
supported,within_prompt_position_shuffle,121,common,1098,40,0.12115151065675259,0.0018036524285137648,0.11934785822823882
supported,within_prompt_position_shuffle,121,per_draw,1098,40,0.12115151065675259,0.0018036524285137648,0.11934785822823882
supported,within_prompt_position_shuffle,122,common,1098,40,0.12115151065675259,0.0009863187307371998,0.12016519192601538
supported,within_prompt_position_shuffle,122,per_draw,1098,40,0.12115151065675259,0.0009863187307371998,0.12016519192601538
supported,within_prompt_position_shuffle,123,common,1098,40,0.12115151065675259,0.004026143369453917,0.11712536728729867
supported,within_prompt_position_shuffle,123,per_draw,1098,40,0.12115151065675259,0.004026143369453917,0.11712536728729867
supported,within_prompt_position_shuffle,124,common,1098,40,0.12115151065675259,0.0012723163861562566,0.11987919427059633
supported,within_prompt_position_shuffle,124,per_draw,1098,40,0.12115151065675259,0.0012723163861562566,0.11987919427059633
supported,within_prompt_position_shuffle,125,common,1098,40,0.12115151065675259,0.015911269645781857,0.10524024101097074
supported,within_prompt_position_shuffle,125,per_draw,1098,40,0.12115151065675259,0.015911269645781857,0.10524024101097074
supported,within_prompt_position_shuffle,126,common,1098,40,0.12115151065675259,0.01809859122726386,0.10305291942948873
supported,within_prompt_position_shuffle,126,per_draw,1098,40,0.12115151065675259,0.01809859122726386,0.10305291942948873
supported,within_prompt_position_shuffle,127,common,1098,40,0.12115151065675259,0.006829983271773313,0.11432152738497928
supported,within_prompt_position_shuffle,127,per_draw,1098,40,0.12115151065675259,0.006829983271773313,0.11432152738497928
